ISO-10303-21;
HEADER;
/* Generated by software containing ST-Developer
 * from STEP Tools, Inc. (www.steptools.com) 
 */
/* OPTION: using custom renumber hook */

FILE_DESCRIPTION(
/* description */ ('STEP AP242 Edition 2',
'CAx-IF Rec.Pracs.---Representation and Presentation of Product Manufa
cturing Information (PMI)---4.0---2014-10-13',
'CAx-IF Rec.Pracs.---3D Tessellated Geometry---0.4---2014-09-14','2;1',
'CAx-IF Rec.Pracs.---User Defined Attributes---1.5---2016-08-15'),
/* implementation_level */ '2;1');

FILE_NAME(
/* name */ 'SMA-Edge',
/* time_stamp */ '2026-09-29T08:33:36Z',
/* author */ (''),
/* organization */ (''),
/* preprocessor_version */ 'ST-DEVELOPER v20',
/* originating_system */ 'ONSHAPE BY PTC INC, 1.221',
/* authorisation */ '  ');

FILE_SCHEMA (('AP242_MANAGED_MODEL_BASED_3D_ENGINEERING_MIM_LF { 1 0 10303 442 3 1 4 }'));
ENDSEC;

DATA;
#10=DRAUGHTING_PRE_DEFINED_COLOUR('white');
#11=OVER_RIDING_STYLED_ITEM('',(#1173),#1109,#1166);
#12=OVER_RIDING_STYLED_ITEM('',(#1174),#1110,#1166);
#13=OVER_RIDING_STYLED_ITEM('',(#1175),#1111,#1166);
#14=OVER_RIDING_STYLED_ITEM('',(#1176),#1112,#1166);
#15=OVER_RIDING_STYLED_ITEM('',(#1177),#1113,#1166);
#16=OVER_RIDING_STYLED_ITEM('',(#1178),#1114,#1166);
#17=OVER_RIDING_STYLED_ITEM('',(#1179),#1115,#1166);
#18=OVER_RIDING_STYLED_ITEM('',(#1180),#1116,#1166);
#19=OVER_RIDING_STYLED_ITEM('',(#1181),#1117,#1166);
#20=OVER_RIDING_STYLED_ITEM('',(#1182),#1118,#1166);
#21=OVER_RIDING_STYLED_ITEM('',(#1183),#1119,#1166);
#22=OVER_RIDING_STYLED_ITEM('',(#1184),#1120,#1166);
#23=OVER_RIDING_STYLED_ITEM('',(#1185),#1121,#1166);
#24=OVER_RIDING_STYLED_ITEM('',(#1186),#1146,#1166);
#25=OVER_RIDING_STYLED_ITEM('',(#1187),#1151,#1166);
#26=(
BOUNDED_CURVE()
B_SPLINE_CURVE(3,(#2710,#2711,#2712,#2713,#2714,#2715,#2716,#2717,#2718,
#2719,#2720,#2721,#2722,#2723,#2724,#2725,#2726,#2727,#2728,#2729,#2730,
#2731,#2732,#2733,#2734,#2735,#2736,#2737,#2738,#2739,#2740,#2741,#2742,
#2743,#2744,#2745,#2746,#2747,#2748,#2749,#2750,#2751,#2752,#2753,#2754,
#2755,#2756,#2757,#2758,#2759,#2760,#2761,#2762,#2763,#2764,#2765,#2766,
#2767,#2768,#2769,#2770,#2771,#2772,#2773,#2774,#2775,#2776,#2777,#2778,
#2779,#2780,#2781,#2782,#2783,#2784,#2785,#2786,#2787,#2788,#2789,#2790,
#2791,#2792,#2793,#2794,#2795,#2796,#2797,#2798,#2799,#2800,#2801,#2802,
#2803,#2804,#2805,#2806,#2807,#2808,#2809,#2810,#2811,#2812,#2813,#2814,
#2815,#2816,#2817,#2818,#2819,#2820,#2821,#2822,#2823,#2824,#2825,#2826,
#2827,#2828,#2829,#2830,#2831,#2832,#2833,#2834,#2835,#2836,#2837,#2838,
#2839,#2840,#2841,#2842,#2843,#2844,#2845,#2846,#2847,#2848,#2849,#2850,
#2851,#2852,#2853,#2854,#2855,#2856,#2857,#2858,#2859,#2860,#2861,#2862,
#2863,#2864,#2865,#2866,#2867,#2868,#2869,#2870,#2871,#2872,#2873,#2874,
#2875,#2876,#2877,#2878,#2879,#2880,#2881,#2882,#2883,#2884,#2885,#2886,
#2887,#2888,#2889,#2890,#2891,#2892,#2893,#2894,#2895,#2896,#2897,#2898,
#2899,#2900,#2901,#2902,#2903,#2904,#2905,#2906,#2907,#2908,#2909,#2910,
#2911,#2912,#2913,#2914,#2915,#2916,#2917,#2918,#2919,#2920,#2921,#2922,
#2923,#2924,#2925,#2926,#2927,#2928,#2929,#2930,#2931,#2932,#2933,#2934,
#2935,#2936,#2937,#2938,#2939,#2940,#2941,#2942,#2943,#2944,#2945,#2946,
#2947,#2948,#2949,#2950,#2951,#2952,#2953,#2954,#2955,#2956,#2957,#2958,
#2959,#2960,#2961,#2962,#2963,#2964,#2965,#2966,#2967,#2968,#2969,#2970,
#2971,#2972,#2973,#2974,#2975,#2976,#2977,#2978,#2979,#2980,#2981,#2982,
#2983,#2984,#2985,#2986,#2987,#2988,#2989,#2990,#2991,#2992,#2993,#2994,
#2995,#2996,#2997,#2998,#2999,#3000,#3001),.UNSPECIFIED.,.F.,.F.)
B_SPLINE_CURVE_WITH_KNOTS((4,3,3,3,3,3,3,3,3,3,3,3,3,3,3,3,3,3,3,3,3,3,
3,3,3,3,3,3,3,3,3,3,3,3,3,3,3,3,3,3,3,3,3,3,3,3,3,3,3,3,3,3,3,3,3,3,3,3,
3,3,3,3,3,3,3,3,3,3,3,3,3,3,3,3,3,3,3,3,3,3,3,3,3,3,3,3,3,3,3,3,3,3,3,3,
3,3,3,4),(0.0180833379993601,0.0238095238095238,0.0238098986627093,0.0357142857142857,
0.0357146605674673,0.0476190476190476,0.0476194224722304,0.0595238095238095,
0.0595241843769949,0.0714285714285714,0.071428946281753,0.0833333333333333,
0.0833337081865161,0.0952380952380952,0.0952384700912806,0.107142857142857,
0.107143231996039,0.119047619047619,0.119047993900802,0.130952380952381,
0.130952755805566,0.142857142857143,0.142857517710325,0.154761904761905,
0.154762279615088,0.166666666666667,0.166667041519853,0.178571428571429,
0.178571803424611,0.19047619047619,0.190476565329373,0.202380952380952,
0.202381327234137,0.214285714285714,0.214286089138895,0.226190476190476,
0.226190851043659,0.238095238095238,0.238095612948424,0.25,0.250000374853182,
0.261904761904762,0.261905136757945,0.273809523809524,0.273809898662709,
0.285714285714286,0.285714660567468,0.297619047619048,0.297619422472231,
0.30952380952381,0.309524184376995,0.321428571428571,0.321428946281753,
0.333333333333333,0.333333708186516,0.345238095238095,0.345238470091281,
0.357142857142857,0.357143231996038,0.369047619047619,0.369047993900802,
0.380952380952381,0.380952755805566,0.392857142857143,0.392857517710325,
0.404761904761905,0.404762279615088,0.416666666666667,0.416667041519853,
0.428571428571429,0.42857180342461,0.44047619047619,0.440476565329373,0.452380952380952,
0.452381327234137,0.464285714285714,0.464286089138896,0.476190476190476,
0.476190851043659,0.488095238095238,0.488095612948424,0.5,0.500000374853182,
0.511904761904762,0.511905136757945,0.523809523809524,0.523809898662709,
0.535714285714286,0.535714660567468,0.547619047619048,0.547619422472231,
0.55952380952381,0.559524184376996,0.571428571428571,0.571428946281753,
0.583333333333333,0.583333708186517,0.589511909001194),
 .PIECEWISE_BEZIER_KNOTS.)
CURVE()
GEOMETRIC_REPRESENTATION_ITEM()
RATIONAL_B_SPLINE_CURVE((0.933109435541552,0.934741993001287,0.95703884782077,
1.,0.999997187634967,0.999994375358489,0.999991563170566,0.910683602611514,
0.910686414887992,1.,0.999997187634996,0.999994375358547,0.999991563170652,
0.910683602611514,0.910686414887963,1.,0.999997187634987,0.999994375358528,
0.999991563170624,0.910683602611514,0.910686414887973,1.,0.999997187634967,
0.999994375358489,0.999991563170566,0.910683602611514,0.910686414887992,
1.,0.999997187634996,0.999994375358547,0.999991563170652,0.910683602611514,
0.910686414887963,1.,0.999997187634987,0.999994375358528,0.999991563170624,
0.910683602611514,0.910686414887973,1.,0.999997187634967,0.999994375358489,
0.999991563170566,0.910683602611514,0.910686414887992,1.,0.999997187634996,
0.999994375358547,0.999991563170652,0.910683602611514,0.910686414887963,
1.,0.999997187634987,0.999994375358528,0.999991563170624,0.910683602611514,
0.910686414887973,1.,0.999997187634967,0.999994375358489,0.999991563170566,
0.910683602611514,0.910686414887992,1.,0.999997187634996,0.999994375358547,
0.999991563170653,0.910683602611514,0.910686414887963,1.,0.999997187634987,
0.999994375358528,0.999991563170625,0.910683602611514,0.910686414887973,
1.,0.999997187634967,0.999994375358489,0.999991563170566,0.910683602611514,
0.910686414887992,1.,0.999997187634996,0.999994375358547,0.999991563170653,
0.910683602611514,0.910686414887963,1.,0.999997187634987,0.999994375358528,
0.999991563170625,0.910683602611514,0.910686414887973,1.,0.999997187634967,
0.999994375358489,0.999991563170566,0.910683602611514,0.910686414887992,
1.,0.999997187634996,0.999994375358547,0.999991563170653,0.910683602611514,
0.910686414887963,1.,0.999997187634987,0.999994375358528,0.999991563170625,
0.910683602611514,0.910686414887973,1.,0.999997187634967,0.999994375358489,
0.999991563170566,0.910683602611514,0.910686414887992,1.,0.999997187634996,
0.999994375358546,0.999991563170652,0.910683602611514,0.910686414887964,
1.,0.999997187634987,0.999994375358528,0.999991563170625,0.910683602611514,
0.910686414887973,1.,0.999997187634967,0.999994375358489,0.999991563170566,
0.910683602611514,0.910686414887992,1.,0.999997187634996,0.999994375358546,
0.999991563170652,0.910683602611514,0.910686414887964,1.,0.999997187634987,
0.999994375358528,0.999991563170625,0.910683602611514,0.910686414887973,
1.,0.999997187634967,0.999994375358489,0.999991563170566,0.910683602611514,
0.910686414887992,1.,0.999997187634996,0.999994375358546,0.999991563170652,
0.910683602611514,0.910686414887964,1.,0.999997187634987,0.999994375358528,
0.999991563170625,0.910683602611514,0.910686414887973,1.,0.999997187634967,
0.999994375358489,0.999991563170566,0.910683602611514,0.910686414887992,
1.,0.999997187634996,0.999994375358546,0.999991563170652,0.910683602611514,
0.910686414887964,1.,0.999997187634987,0.999994375358528,0.999991563170625,
0.910683602611514,0.910686414887973,1.,0.999997187634967,0.999994375358489,
0.999991563170566,0.910683602611514,0.910686414887992,1.,0.999997187634996,
0.999994375358546,0.999991563170652,0.910683602611514,0.910686414887964,
1.,0.999997187634987,0.999994375358528,0.999991563170625,0.910683602611514,
0.910686414887973,1.,0.999997187634967,0.999994375358489,0.999991563170566,
0.910683602611514,0.910686414887992,1.,0.999997187634996,0.999994375358546,
0.999991563170652,0.910683602611514,0.910686414887964,1.,0.999997187634987,
0.999994375358528,0.999991563170625,0.910683602611514,0.910686414887973,
1.,0.999997187634967,0.999994375358489,0.999991563170566,0.910683602611514,
0.910686414887992,1.,0.999997187634996,0.999994375358546,0.999991563170652,
0.910683602611514,0.910686414887964,1.,0.999997187634987,0.999994375358528,
0.999991563170625,0.910683602611514,0.910686414887973,1.,0.999997187634967,
0.999994375358489,0.999991563170566,0.910683602611514,0.910686414887992,
1.,0.999997187634996,0.999994375358546,0.999991563170652,0.910683602611514,
0.910686414887964,1.,0.999997187634987,0.999994375358528,0.999991563170625,
0.910683602611514,0.910686414887973,1.,0.999997187634967,0.99999437535849,
0.999991563170567,0.910683602611514,0.910686414887992,1.,0.999997187634996,
0.999994375358546,0.999991563170652,0.910683602611514,0.910686414887964,
1.,0.999997187634987,0.999994375358528,0.999991563170625,0.910683602611514,
0.910686414887973,1.,0.999997187634967,0.99999437535849,0.999991563170567,
0.910683602611514,0.910686414887992,1.,0.999997187634996,0.999994375358546,
0.999991563170652,0.910683602611514,0.910686414887964,1.,0.999997187634979,
0.999994375358513,0.999991563170602,0.953642052499224,0.931348009834543,
0.933109435176559))
REPRESENTATION_ITEM('')
);
#27=B_SPLINE_SURFACE_WITH_KNOTS('',3,3,((#1816,#1817,#1818,#1819,#1820,
#1821,#1822,#1823,#1824,#1825,#1826,#1827,#1828,#1829,#1830,#1831,#1832,
#1833,#1834,#1835,#1836,#1837,#1838,#1839,#1840,#1841,#1842,#1843,#1844,
#1845,#1846,#1847,#1848,#1849,#1850,#1851,#1852,#1853,#1854,#1855,#1856,
#1857,#1858,#1859,#1860,#1861,#1862,#1863,#1864,#1865,#1866,#1867,#1868,
#1869,#1870,#1871,#1872,#1873,#1874,#1875,#1876,#1877,#1878,#1879,#1880,
#1881,#1882,#1883,#1884,#1885,#1886,#1887,#1888,#1889,#1890,#1891,#1892,
#1893,#1894,#1895,#1896,#1897,#1898,#1899,#1900,#1901,#1902,#1903,#1904,
#1905,#1906,#1907,#1908,#1909,#1910,#1911,#1912,#1913,#1914,#1915,#1916,
#1917,#1918,#1919,#1920,#1921,#1922,#1923,#1924,#1925,#1926,#1927,#1928,
#1929,#1930,#1931,#1932,#1933,#1934,#1935,#1936,#1937,#1938,#1939,#1940,
#1941,#1942,#1943,#1944,#1945,#1946,#1947,#1948,#1949,#1950,#1951,#1952,
#1953,#1954,#1955,#1956,#1957,#1958,#1959,#1960,#1961,#1962,#1963,#1964,
#1965,#1966,#1967,#1968,#1969,#1970,#1971,#1972,#1973,#1974,#1975,#1976,
#1977,#1978,#1979,#1980,#1981,#1982,#1983,#1984,#1985,#1986,#1987,#1988,
#1989,#1990,#1991,#1992,#1993,#1994,#1995,#1996,#1997,#1998,#1999,#2000,
#2001,#2002,#2003,#2004,#2005,#2006,#2007,#2008,#2009),(#2010,#2011,#2012,
#2013,#2014,#2015,#2016,#2017,#2018,#2019,#2020,#2021,#2022,#2023,#2024,
#2025,#2026,#2027,#2028,#2029,#2030,#2031,#2032,#2033,#2034,#2035,#2036,
#2037,#2038,#2039,#2040,#2041,#2042,#2043,#2044,#2045,#2046,#2047,#2048,
#2049,#2050,#2051,#2052,#2053,#2054,#2055,#2056,#2057,#2058,#2059,#2060,
#2061,#2062,#2063,#2064,#2065,#2066,#2067,#2068,#2069,#2070,#2071,#2072,
#2073,#2074,#2075,#2076,#2077,#2078,#2079,#2080,#2081,#2082,#2083,#2084,
#2085,#2086,#2087,#2088,#2089,#2090,#2091,#2092,#2093,#2094,#2095,#2096,
#2097,#2098,#2099,#2100,#2101,#2102,#2103,#2104,#2105,#2106,#2107,#2108,
#2109,#2110,#2111,#2112,#2113,#2114,#2115,#2116,#2117,#2118,#2119,#2120,
#2121,#2122,#2123,#2124,#2125,#2126,#2127,#2128,#2129,#2130,#2131,#2132,
#2133,#2134,#2135,#2136,#2137,#2138,#2139,#2140,#2141,#2142,#2143,#2144,
#2145,#2146,#2147,#2148,#2149,#2150,#2151,#2152,#2153,#2154,#2155,#2156,
#2157,#2158,#2159,#2160,#2161,#2162,#2163,#2164,#2165,#2166,#2167,#2168,
#2169,#2170,#2171,#2172,#2173,#2174,#2175,#2176,#2177,#2178,#2179,#2180,
#2181,#2182,#2183,#2184,#2185,#2186,#2187,#2188,#2189,#2190,#2191,#2192,
#2193,#2194,#2195,#2196,#2197,#2198,#2199,#2200,#2201,#2202,#2203),(#2204,
#2205,#2206,#2207,#2208,#2209,#2210,#2211,#2212,#2213,#2214,#2215,#2216,
#2217,#2218,#2219,#2220,#2221,#2222,#2223,#2224,#2225,#2226,#2227,#2228,
#2229,#2230,#2231,#2232,#2233,#2234,#2235,#2236,#2237,#2238,#2239,#2240,
#2241,#2242,#2243,#2244,#2245,#2246,#2247,#2248,#2249,#2250,#2251,#2252,
#2253,#2254,#2255,#2256,#2257,#2258,#2259,#2260,#2261,#2262,#2263,#2264,
#2265,#2266,#2267,#2268,#2269,#2270,#2271,#2272,#2273,#2274,#2275,#2276,
#2277,#2278,#2279,#2280,#2281,#2282,#2283,#2284,#2285,#2286,#2287,#2288,
#2289,#2290,#2291,#2292,#2293,#2294,#2295,#2296,#2297,#2298,#2299,#2300,
#2301,#2302,#2303,#2304,#2305,#2306,#2307,#2308,#2309,#2310,#2311,#2312,
#2313,#2314,#2315,#2316,#2317,#2318,#2319,#2320,#2321,#2322,#2323,#2324,
#2325,#2326,#2327,#2328,#2329,#2330,#2331,#2332,#2333,#2334,#2335,#2336,
#2337,#2338,#2339,#2340,#2341,#2342,#2343,#2344,#2345,#2346,#2347,#2348,
#2349,#2350,#2351,#2352,#2353,#2354,#2355,#2356,#2357,#2358,#2359,#2360,
#2361,#2362,#2363,#2364,#2365,#2366,#2367,#2368,#2369,#2370,#2371,#2372,
#2373,#2374,#2375,#2376,#2377,#2378,#2379,#2380,#2381,#2382,#2383,#2384,
#2385,#2386,#2387,#2388,#2389,#2390,#2391,#2392,#2393,#2394,#2395,#2396,
#2397),(#2398,#2399,#2400,#2401,#2402,#2403,#2404,#2405,#2406,#2407,#2408,
#2409,#2410,#2411,#2412,#2413,#2414,#2415,#2416,#2417,#2418,#2419,#2420,
#2421,#2422,#2423,#2424,#2425,#2426,#2427,#2428,#2429,#2430,#2431,#2432,
#2433,#2434,#2435,#2436,#2437,#2438,#2439,#2440,#2441,#2442,#2443,#2444,
#2445,#2446,#2447,#2448,#2449,#2450,#2451,#2452,#2453,#2454,#2455,#2456,
#2457,#2458,#2459,#2460,#2461,#2462,#2463,#2464,#2465,#2466,#2467,#2468,
#2469,#2470,#2471,#2472,#2473,#2474,#2475,#2476,#2477,#2478,#2479,#2480,
#2481,#2482,#2483,#2484,#2485,#2486,#2487,#2488,#2489,#2490,#2491,#2492,
#2493,#2494,#2495,#2496,#2497,#2498,#2499,#2500,#2501,#2502,#2503,#2504,
#2505,#2506,#2507,#2508,#2509,#2510,#2511,#2512,#2513,#2514,#2515,#2516,
#2517,#2518,#2519,#2520,#2521,#2522,#2523,#2524,#2525,#2526,#2527,#2528,
#2529,#2530,#2531,#2532,#2533,#2534,#2535,#2536,#2537,#2538,#2539,#2540,
#2541,#2542,#2543,#2544,#2545,#2546,#2547,#2548,#2549,#2550,#2551,#2552,
#2553,#2554,#2555,#2556,#2557,#2558,#2559,#2560,#2561,#2562,#2563,#2564,
#2565,#2566,#2567,#2568,#2569,#2570,#2571,#2572,#2573,#2574,#2575,#2576,
#2577,#2578,#2579,#2580,#2581,#2582,#2583,#2584,#2585,#2586,#2587,#2588,
#2589,#2590,#2591)),.UNSPECIFIED.,.F.,.F.,.F.,(4,4),(4,2,2,2,2,2,2,2,2,
2,2,2,2,2,2,2,2,2,2,2,2,2,2,2,2,2,2,2,2,2,2,2,2,2,2,2,2,2,2,2,2,2,2,2,2,
2,2,2,2,2,2,2,2,2,2,2,2,2,2,2,2,2,2,2,2,2,2,2,2,2,2,2,2,2,2,2,2,2,2,2,2,
2,2,2,2,2,2,2,2,2,2,2,2,2,2,2,4),(-0.00600002685084291,1.),(0.0180833379993601,
0.0225476237103119,0.0270119094212637,0.0359404808431674,0.044869052265071,
0.0493333379760229,0.0537976236869747,0.0582619093979265,0.0627261951088783,
0.071654766530782,0.0805833379526856,0.0850476236636375,0.0895119093745893,
0.0939761950855411,0.098440480796493,0.107369052218397,0.1162976236403,
0.120761909351252,0.125226195062204,0.129690480773156,0.134154766484108,
0.143083337906011,0.152011909327915,0.156476195038867,0.160940480749819,
0.16540476646077,0.169869052171722,0.178797623593626,0.18772619501553,0.192190480726481,
0.196654766437433,0.201119052148385,0.205583337859337,0.21451190928124,
0.223440480703144,0.227904766414096,0.232369052125048,0.236833337836,0.241297623546951,
0.250226194968855,0.259154766390759,0.263619052101711,0.268083337812662,
0.272547623523614,0.277011909234566,0.28594048065647,0.294869052078373,
0.299333337789325,0.303797623500277,0.308261909211229,0.312726194922181,
0.321654766344084,0.330583337765988,0.33504762347694,0.339511909187892,
0.343976194898843,0.348440480609795,0.357369052031699,0.366297623453603,
0.370761909164554,0.375226194875506,0.379690480586458,0.38415476629741,
0.393083337719314,0.402011909141217,0.406476194852169,0.410940480563121,
0.415404766274073,0.419869051985025,0.428797623406928,0.437726194828832,
0.442190480539784,0.446654766250736,0.451119051961687,0.455583337672639,
0.464511909094543,0.473440480516446,0.477904766227398,0.48236905193835,
0.486833337649302,0.491297623360254,0.500226194782157,0.509154766204061,
0.513619051915013,0.518083337625965,0.522547623336917,0.527011909047868,
0.535940480469772,0.544869051891676,0.549333337602627,0.553797623313579,
0.558261909024531,0.562726194735483,0.571654766157387,0.58058333757929,
0.585047623290242,0.589511909001194),.UNSPECIFIED.);
#28=B_SPLINE_SURFACE_WITH_KNOTS('',3,3,((#3023,#3024,#3025,#3026,#3027,
#3028,#3029,#3030,#3031,#3032,#3033,#3034,#3035,#3036,#3037,#3038,#3039,
#3040,#3041,#3042,#3043,#3044,#3045,#3046,#3047,#3048,#3049,#3050,#3051,
#3052,#3053,#3054,#3055,#3056,#3057,#3058,#3059,#3060,#3061,#3062,#3063,
#3064,#3065,#3066,#3067,#3068,#3069,#3070,#3071,#3072,#3073,#3074,#3075,
#3076,#3077,#3078,#3079,#3080,#3081,#3082,#3083,#3084,#3085,#3086,#3087,
#3088,#3089,#3090,#3091,#3092,#3093,#3094,#3095,#3096,#3097,#3098,#3099,
#3100,#3101,#3102,#3103,#3104,#3105,#3106,#3107,#3108,#3109,#3110,#3111,
#3112,#3113,#3114,#3115,#3116,#3117,#3118,#3119,#3120,#3121,#3122,#3123,
#3124,#3125,#3126,#3127,#3128,#3129,#3130,#3131,#3132,#3133,#3134,#3135,
#3136,#3137,#3138,#3139,#3140,#3141,#3142,#3143,#3144,#3145,#3146,#3147,
#3148,#3149,#3150,#3151,#3152,#3153,#3154,#3155,#3156,#3157,#3158,#3159,
#3160,#3161,#3162,#3163,#3164,#3165,#3166,#3167,#3168,#3169,#3170,#3171,
#3172,#3173,#3174,#3175,#3176,#3177,#3178,#3179,#3180,#3181,#3182,#3183,
#3184,#3185,#3186,#3187,#3188,#3189,#3190,#3191,#3192,#3193,#3194,#3195,
#3196,#3197,#3198,#3199,#3200,#3201,#3202,#3203,#3204,#3205,#3206,#3207,
#3208,#3209,#3210,#3211,#3212,#3213,#3214,#3215,#3216),(#3217,#3218,#3219,
#3220,#3221,#3222,#3223,#3224,#3225,#3226,#3227,#3228,#3229,#3230,#3231,
#3232,#3233,#3234,#3235,#3236,#3237,#3238,#3239,#3240,#3241,#3242,#3243,
#3244,#3245,#3246,#3247,#3248,#3249,#3250,#3251,#3252,#3253,#3254,#3255,
#3256,#3257,#3258,#3259,#3260,#3261,#3262,#3263,#3264,#3265,#3266,#3267,
#3268,#3269,#3270,#3271,#3272,#3273,#3274,#3275,#3276,#3277,#3278,#3279,
#3280,#3281,#3282,#3283,#3284,#3285,#3286,#3287,#3288,#3289,#3290,#3291,
#3292,#3293,#3294,#3295,#3296,#3297,#3298,#3299,#3300,#3301,#3302,#3303,
#3304,#3305,#3306,#3307,#3308,#3309,#3310,#3311,#3312,#3313,#3314,#3315,
#3316,#3317,#3318,#3319,#3320,#3321,#3322,#3323,#3324,#3325,#3326,#3327,
#3328,#3329,#3330,#3331,#3332,#3333,#3334,#3335,#3336,#3337,#3338,#3339,
#3340,#3341,#3342,#3343,#3344,#3345,#3346,#3347,#3348,#3349,#3350,#3351,
#3352,#3353,#3354,#3355,#3356,#3357,#3358,#3359,#3360,#3361,#3362,#3363,
#3364,#3365,#3366,#3367,#3368,#3369,#3370,#3371,#3372,#3373,#3374,#3375,
#3376,#3377,#3378,#3379,#3380,#3381,#3382,#3383,#3384,#3385,#3386,#3387,
#3388,#3389,#3390,#3391,#3392,#3393,#3394,#3395,#3396,#3397,#3398,#3399,
#3400,#3401,#3402,#3403,#3404,#3405,#3406,#3407,#3408,#3409,#3410),(#3411,
#3412,#3413,#3414,#3415,#3416,#3417,#3418,#3419,#3420,#3421,#3422,#3423,
#3424,#3425,#3426,#3427,#3428,#3429,#3430,#3431,#3432,#3433,#3434,#3435,
#3436,#3437,#3438,#3439,#3440,#3441,#3442,#3443,#3444,#3445,#3446,#3447,
#3448,#3449,#3450,#3451,#3452,#3453,#3454,#3455,#3456,#3457,#3458,#3459,
#3460,#3461,#3462,#3463,#3464,#3465,#3466,#3467,#3468,#3469,#3470,#3471,
#3472,#3473,#3474,#3475,#3476,#3477,#3478,#3479,#3480,#3481,#3482,#3483,
#3484,#3485,#3486,#3487,#3488,#3489,#3490,#3491,#3492,#3493,#3494,#3495,
#3496,#3497,#3498,#3499,#3500,#3501,#3502,#3503,#3504,#3505,#3506,#3507,
#3508,#3509,#3510,#3511,#3512,#3513,#3514,#3515,#3516,#3517,#3518,#3519,
#3520,#3521,#3522,#3523,#3524,#3525,#3526,#3527,#3528,#3529,#3530,#3531,
#3532,#3533,#3534,#3535,#3536,#3537,#3538,#3539,#3540,#3541,#3542,#3543,
#3544,#3545,#3546,#3547,#3548,#3549,#3550,#3551,#3552,#3553,#3554,#3555,
#3556,#3557,#3558,#3559,#3560,#3561,#3562,#3563,#3564,#3565,#3566,#3567,
#3568,#3569,#3570,#3571,#3572,#3573,#3574,#3575,#3576,#3577,#3578,#3579,
#3580,#3581,#3582,#3583,#3584,#3585,#3586,#3587,#3588,#3589,#3590,#3591,
#3592,#3593,#3594,#3595,#3596,#3597,#3598,#3599,#3600,#3601,#3602,#3603,
#3604),(#3605,#3606,#3607,#3608,#3609,#3610,#3611,#3612,#3613,#3614,#3615,
#3616,#3617,#3618,#3619,#3620,#3621,#3622,#3623,#3624,#3625,#3626,#3627,
#3628,#3629,#3630,#3631,#3632,#3633,#3634,#3635,#3636,#3637,#3638,#3639,
#3640,#3641,#3642,#3643,#3644,#3645,#3646,#3647,#3648,#3649,#3650,#3651,
#3652,#3653,#3654,#3655,#3656,#3657,#3658,#3659,#3660,#3661,#3662,#3663,
#3664,#3665,#3666,#3667,#3668,#3669,#3670,#3671,#3672,#3673,#3674,#3675,
#3676,#3677,#3678,#3679,#3680,#3681,#3682,#3683,#3684,#3685,#3686,#3687,
#3688,#3689,#3690,#3691,#3692,#3693,#3694,#3695,#3696,#3697,#3698,#3699,
#3700,#3701,#3702,#3703,#3704,#3705,#3706,#3707,#3708,#3709,#3710,#3711,
#3712,#3713,#3714,#3715,#3716,#3717,#3718,#3719,#3720,#3721,#3722,#3723,
#3724,#3725,#3726,#3727,#3728,#3729,#3730,#3731,#3732,#3733,#3734,#3735,
#3736,#3737,#3738,#3739,#3740,#3741,#3742,#3743,#3744,#3745,#3746,#3747,
#3748,#3749,#3750,#3751,#3752,#3753,#3754,#3755,#3756,#3757,#3758,#3759,
#3760,#3761,#3762,#3763,#3764,#3765,#3766,#3767,#3768,#3769,#3770,#3771,
#3772,#3773,#3774,#3775,#3776,#3777,#3778,#3779,#3780,#3781,#3782,#3783,
#3784,#3785,#3786,#3787,#3788,#3789,#3790,#3791,#3792,#3793,#3794,#3795,
#3796,#3797,#3798)),.UNSPECIFIED.,.F.,.F.,.F.,(4,4),(4,2,2,2,2,2,2,2,2,
2,2,2,2,2,2,2,2,2,2,2,2,2,2,2,2,2,2,2,2,2,2,2,2,2,2,2,2,2,2,2,2,2,2,2,2,
2,2,2,2,2,2,2,2,2,2,2,2,2,2,2,2,2,2,2,2,2,2,2,2,2,2,2,2,2,2,2,2,2,2,2,2,
2,2,2,2,2,2,2,2,2,2,2,2,2,2,2,4),(0.,1.00600002685179),(0.0180833379992089,
0.0225476237102145,0.02701190942122,0.0359404808432311,0.0448690522652422,
0.0493333379762478,0.0537976236872533,0.0582619093982589,0.0627261951092644,
0.0716547665312755,0.0805833379532866,0.0850476236642921,0.0895119093752977,
0.0939761950863033,0.0984404807973088,0.10736905221932,0.116297623641331,
0.120761909352337,0.125226195063342,0.129690480774348,0.134154766485353,
0.143083337907364,0.152011909329375,0.156476195040381,0.160940480751386,
0.165404766462392,0.169869052173398,0.178797623595409,0.18772619501742,
0.192190480728425,0.196654766439431,0.201119052150436,0.205583337861442,
0.214511909283453,0.223440480705464,0.22790476641647,0.232369052127475,
0.236833337838481,0.241297623549486,0.250226194971497,0.259154766393508,
0.263619052104514,0.26808333781552,0.272547623526525,0.277011909237531,
0.285940480659542,0.294869052081553,0.299333337792558,0.303797623503564,
0.30826190921457,0.312726194925575,0.321654766347586,0.330583337769597,
0.335047623480603,0.339511909191608,0.343976194902614,0.348440480613619,
0.357369052035631,0.366297623457642,0.370761909168647,0.375226194879653,
0.379690480590658,0.384154766301664,0.393083337723675,0.402011909145686,
0.406476194856692,0.410940480567697,0.415404766278703,0.419869051989708,
0.428797623411719,0.43772619483373,0.442190480544736,0.446654766255741,
0.451119051966747,0.455583337677752,0.464511909099764,0.473440480521775,
0.47790476623278,0.482369051943786,0.486833337654791,0.491297623365797,
0.500226194787808,0.509154766209819,0.513619051920825,0.51808333763183,
0.522547623342836,0.527011909053841,0.535940480475852,0.544869051897863,
0.549333337608869,0.553797623319874,0.55826190903088,0.562726194741886,
0.571654766163897,0.580583337585908,0.585047623296913,0.589511909007919),
 .UNSPECIFIED.);
#29=CONICAL_SURFACE('',#1333,0.00267500000965418,0.785398113469753);
#30=CONICAL_SURFACE('',#1337,0.0026750000096539,0.785398163397424);
#31=CONICAL_SURFACE('',#1338,0.00267500000965412,0.785398163397136);
#32=CONICAL_SURFACE('',#1346,0.00293099271585395,0.785398215445075);
#33=CONICAL_SURFACE('',#1348,0.002675000009654,0.78539816339745);
#34=CONICAL_SURFACE('',#1350,0.00292405526465405,0.785398214006234);
#35=CONICAL_SURFACE('',#1376,0.00267500000965434,0.785398016289104);
#36=CONICAL_SURFACE('',#1378,0.00267500000965406,0.78539816339746);
#37=B_SPLINE_CURVE_WITH_KNOTS('',3,(#1732,#1733,#1734,#1735,#1736,#1737,
#1738),.UNSPECIFIED.,.F.,.F.,(4,1,1,1,4),(0.,0.25,0.5,0.75,1.),
 .QUASI_UNIFORM_KNOTS.);
#38=B_SPLINE_CURVE_WITH_KNOTS('',3,(#1741,#1742,#1743,#1744,#1745,#1746,
#1747),.UNSPECIFIED.,.F.,.F.,(4,1,1,1,4),(0.,0.25,0.5,0.75,1.),
 .QUASI_UNIFORM_KNOTS.);
#39=B_SPLINE_CURVE_WITH_KNOTS('',3,(#1769,#1770,#1771,#1772),
 .UNSPECIFIED.,.F.,.F.,(4,4),(0.,0.000118111326100673),.UNSPECIFIED.);
#40=B_SPLINE_CURVE_WITH_KNOTS('',3,(#1774,#1775,#1776,#1777,#1778,#1779,
#1780),.UNSPECIFIED.,.F.,.F.,(4,1,1,1,4),(0.,0.00222264105810959,0.00444528211621917,
0.00666792317432876,0.00889056423243834),.UNSPECIFIED.);
#41=B_SPLINE_CURVE_WITH_KNOTS('',3,(#1782,#1783,#1784,#1785),
 .UNSPECIFIED.,.F.,.F.,(4,4),(0.,0.000357584818601754),.UNSPECIFIED.);
#42=B_SPLINE_CURVE_WITH_KNOTS('',3,(#1792,#1793,#1794,#1795),
 .UNSPECIFIED.,.F.,.F.,(4,4),(0.,0.000242724336897184),.UNSPECIFIED.);
#43=B_SPLINE_CURVE_WITH_KNOTS('',3,(#1798,#1799,#1800,#1801,#1802),
 .UNSPECIFIED.,.F.,.F.,(4,1,4),(4.29721241278962E-12,0.00216663190713811,
0.00433326380997901),.UNSPECIFIED.);
#44=B_SPLINE_CURVE_WITH_KNOTS('',3,(#1803,#1804,#1805,#1806,#1807,#1808,
#1809),.UNSPECIFIED.,.F.,.F.,(4,1,1,1,4),(1.32129927130233E-12,0.00235492160837868,
0.00470984321543606,0.00706476482249344,0.00941968642955082),
 .UNSPECIFIED.);
#45=B_SPLINE_CURVE_WITH_KNOTS('',3,(#1811,#1812,#1813,#1814,#1815),
 .UNSPECIFIED.,.F.,.F.,(4,1,4),(9.50110890480005E-14,0.002095559949074,
0.00419111989805298),.UNSPECIFIED.);
#46=B_SPLINE_CURVE_WITH_KNOTS('',3,(#2592,#2593,#2594,#2595,#2596),
 .UNSPECIFIED.,.F.,.F.,(4,1,4),(6.91964903247811E-13,0.00222711701838214,
0.00445423403607232),.UNSPECIFIED.);
#47=B_SPLINE_CURVE_WITH_KNOTS('',3,(#2599,#2600,#2601,#2602,#2603),
 .UNSPECIFIED.,.F.,.F.,(4,1,4),(0.,0.00228833195983001,0.00457666391966002),
 .UNSPECIFIED.);
#48=B_SPLINE_CURVE_WITH_KNOTS('',3,(#2605,#2606,#2607,#2608,#2609),
 .UNSPECIFIED.,.F.,.F.,(4,1,4),(0.,0.00258839775293762,0.00517679550587524),
 .UNSPECIFIED.);
#49=B_SPLINE_CURVE_WITH_KNOTS('',3,(#2611,#2612,#2613,#2614,#2615,#2616,
#2617),.UNSPECIFIED.,.F.,.F.,(4,1,1,1,4),(0.,0.00248192776997021,0.00496385553994043,
0.00744578330991064,0.00992771107988085),.UNSPECIFIED.);
#50=B_SPLINE_CURVE_WITH_KNOTS('',3,(#2619,#2620,#2621,#2622,#2623,#2624,
#2625),.UNSPECIFIED.,.F.,.F.,(4,1,1,1,4),(1.78958874501915E-13,0.00248192776994054,
0.00496385553970211,0.00744578330946369,0.00992771107922527),
 .UNSPECIFIED.);
#51=B_SPLINE_CURVE_WITH_KNOTS('',3,(#2627,#2628,#2629,#2630,#2631,#2632,
#2633),.UNSPECIFIED.,.F.,.F.,(4,1,1,1,4),(7.59529243945609E-14,0.00248192774604519,
0.00496385549201443,0.00744578323798367,0.00992771098395291),
 .UNSPECIFIED.);
#52=B_SPLINE_CURVE_WITH_KNOTS('',3,(#2635,#2636,#2637,#2638,#2639,#2640,
#2641),.UNSPECIFIED.,.F.,.F.,(4,1,1,1,4),(0.,0.0024819277807844,0.00496385556156881,
0.00744578334235321,0.00992771112313761),.UNSPECIFIED.);
#53=B_SPLINE_CURVE_WITH_KNOTS('',3,(#2643,#2644,#2645,#2646,#2647,#2648,
#2649),.UNSPECIFIED.,.F.,.F.,(4,1,1,1,4),(0.,0.00248192777533488,0.00496385555066975,
0.00744578332600463,0.00992771110133951),.UNSPECIFIED.);
#54=B_SPLINE_CURVE_WITH_KNOTS('',3,(#2651,#2652,#2653,#2654,#2655,#2656,
#2657),.UNSPECIFIED.,.F.,.F.,(4,1,1,1,4),(0.,0.00248192776372858,0.00496385552745716,
0.00744578329118574,0.00992771105491433),.UNSPECIFIED.);
#55=B_SPLINE_CURVE_WITH_KNOTS('',3,(#2659,#2660,#2661,#2662,#2663,#2664,
#2665),.UNSPECIFIED.,.F.,.F.,(4,1,1,1,4),(7.7778515661021E-14,0.0024819277503602,
0.00496385550064261,0.00744578325092503,0.00992771100120745),
 .UNSPECIFIED.);
#56=B_SPLINE_CURVE_WITH_KNOTS('',3,(#2667,#2668,#2669,#2670,#2671,#2672,
#2673),.UNSPECIFIED.,.F.,.F.,(4,1,1,1,4),(0.,0.00248192777764523,0.00496385555529046,
0.00744578333293569,0.00992771111058093),.UNSPECIFIED.);
#57=B_SPLINE_CURVE_WITH_KNOTS('',3,(#2675,#2676,#2677,#2678,#2679,#2680,
#2681),.UNSPECIFIED.,.F.,.F.,(4,1,1,1,4),(7.67206213572747E-15,0.00248192778083603,
0.00496385556166439,0.00744578334249275,0.00992771112332111),
 .UNSPECIFIED.);
#58=B_SPLINE_CURVE_WITH_KNOTS('',3,(#2683,#2684,#2685,#2686,#2687,#2688,
#2689),.UNSPECIFIED.,.F.,.F.,(4,1,1,1,4),(0.,0.00248192774410027,0.00496385548820054,
0.00744578323230081,0.00992771097640108),.UNSPECIFIED.);
#59=B_SPLINE_CURVE_WITH_KNOTS('',3,(#2691,#2692,#2693,#2694,#2695,#2696,
#2697),.UNSPECIFIED.,.F.,.F.,(4,1,1,1,4),(0.,0.00248192776564666,0.00496385553129331,
0.00744578329693996,0.00992771106258662),.UNSPECIFIED.);
#60=B_SPLINE_CURVE_WITH_KNOTS('',3,(#2699,#2700,#2701,#2702,#2703),
 .UNSPECIFIED.,.F.,.F.,(4,1,4),(0.,0.00267510363492244,0.00535020726984488),
 .UNSPECIFIED.);
#61=B_SPLINE_CURVE_WITH_KNOTS('',3,(#2705,#2706,#2707,#2708,#2709),
 .UNSPECIFIED.,.F.,.F.,(4,1,4),(1.39892984450263E-12,0.00226092823186389,
0.00452185646232884),.UNSPECIFIED.);
#62=B_SPLINE_CURVE_WITH_KNOTS('',3,(#3799,#3800,#3801,#3802,#3803,#3804,
#3805),.UNSPECIFIED.,.F.,.F.,(4,1,1,1,4),(2.68291934412128E-13,0.00222440922337599,
0.00444881844648369,0.0066732276695914,0.0088976368926991),
 .UNSPECIFIED.);
#63=B_SPLINE_CURVE_WITH_KNOTS('',3,(#3808,#3809,#3810,#3811,#3812),
 .UNSPECIFIED.,.F.,.F.,(4,1,4),(0.,0.00215161206951223,0.00430322413902445),
 .UNSPECIFIED.);
#64=B_SPLINE_CURVE_WITH_KNOTS('',3,(#3813,#3814,#3815,#3816,#3817),
 .UNSPECIFIED.,.F.,.F.,(4,1,4),(0.,0.00234768531861982,0.00469537063723963),
 .UNSPECIFIED.);
#65=B_SPLINE_CURVE_WITH_KNOTS('',3,(#3819,#3820,#3821,#3822,#3823),
 .UNSPECIFIED.,.F.,.F.,(4,1,4),(2.45356161893048E-12,0.0025234023788844,
0.00504680475531525),.UNSPECIFIED.);
#66=B_SPLINE_CURVE_WITH_KNOTS('',3,(#3825,#3826,#3827,#3828,#3829,#3830,
#3831),.UNSPECIFIED.,.F.,.F.,(4,1,1,1,4),(1.48186586838471E-12,0.00248192778591638,
0.0049638555703509,0.00744578335478541,0.00992771113921993),
 .UNSPECIFIED.);
#67=B_SPLINE_CURVE_WITH_KNOTS('',3,(#3833,#3834,#3835,#3836,#3837,#3838,
#3839),.UNSPECIFIED.,.F.,.F.,(4,1,1,1,4),(9.44486607402353E-12,0.0024819277723747,
0.00496385553530454,0.00744578329823438,0.00992771106116421),
 .UNSPECIFIED.);
#68=B_SPLINE_CURVE_WITH_KNOTS('',3,(#3841,#3842,#3843,#3844,#3845,#3846,
#3847),.UNSPECIFIED.,.F.,.F.,(4,1,1,1,4),(0.,0.00248192776154747,0.00496385552309494,
0.0074457832846424,0.00992771104618987),.UNSPECIFIED.);
#69=B_SPLINE_CURVE_WITH_KNOTS('',3,(#3849,#3850,#3851,#3852,#3853,#3854,
#3855),.UNSPECIFIED.,.F.,.F.,(4,1,1,1,4),(6.86019796512356E-14,0.0024819277588009,
0.00496385551753321,0.00744578327626551,0.00992771103499781),
 .UNSPECIFIED.);
#70=B_SPLINE_CURVE_WITH_KNOTS('',3,(#3857,#3858,#3859,#3860,#3861,#3862,
#3863),.UNSPECIFIED.,.F.,.F.,(4,1,1,1,4),(3.03539134585709E-12,0.00248192777219295,
0.0049638555413505,0.00744578331050806,0.00992771107966561),
 .UNSPECIFIED.);
#71=B_SPLINE_CURVE_WITH_KNOTS('',3,(#3865,#3866,#3867,#3868,#3869,#3870,
#3871),.UNSPECIFIED.,.F.,.F.,(4,1,1,1,4),(1.68562651532057E-14,0.00248192778176303,
0.00496385556350921,0.00744578334525539,0.00992771112700157),
 .UNSPECIFIED.);
#72=B_SPLINE_CURVE_WITH_KNOTS('',3,(#3873,#3874,#3875,#3876,#3877,#3878,
#3879),.UNSPECIFIED.,.F.,.F.,(4,1,1,1,4),(0.,0.00248192775523715,0.00496385551047429,
0.00744578326571144,0.00992771102094859),.UNSPECIFIED.);
#73=B_SPLINE_CURVE_WITH_KNOTS('',3,(#3881,#3882,#3883,#3884,#3885,#3886,
#3887),.UNSPECIFIED.,.F.,.F.,(4,1,1,1,4),(3.18066946821133E-12,0.00248192776507339,
0.00496385552696612,0.00744578328885884,0.00992771105075157),
 .UNSPECIFIED.);
#74=B_SPLINE_CURVE_WITH_KNOTS('',3,(#3889,#3890,#3891,#3892,#3893,#3894,
#3895),.UNSPECIFIED.,.F.,.F.,(4,1,1,1,4),(4.60088865546071E-12,0.00248192776944556,
0.00496385553429023,0.00744578329913491,0.00992771106397958),
 .UNSPECIFIED.);
#75=B_SPLINE_CURVE_WITH_KNOTS('',3,(#3897,#3898,#3899,#3900,#3901,#3902,
#3903),.UNSPECIFIED.,.F.,.F.,(4,1,1,1,4),(1.30301338456004E-14,0.00248192778725546,
0.0049638555744979,0.00744578336174033,0.00992771114898276),
 .UNSPECIFIED.);
#76=B_SPLINE_CURVE_WITH_KNOTS('',3,(#3905,#3906,#3907,#3908,#3909,#3910,
#3911),.UNSPECIFIED.,.F.,.F.,(4,1,1,1,4),(0.,0.00248192774896159,0.00496385549792317,
0.00744578324688475,0.00992771099584634),.UNSPECIFIED.);
#77=B_SPLINE_CURVE_WITH_KNOTS('',3,(#3913,#3914,#3915,#3916,#3917),
 .UNSPECIFIED.,.F.,.F.,(4,1,4),(6.31642897379472E-12,0.00273928780608261,
0.00547857560584879),.UNSPECIFIED.);
#78=B_SPLINE_CURVE_WITH_KNOTS('',3,(#3919,#3920,#3921,#3922,#3923),
 .UNSPECIFIED.,.F.,.F.,(4,1,4),(4.05099969928627E-12,0.00219821146036628,
0.00439642291668155),.UNSPECIFIED.);
#79=B_SPLINE_CURVE_WITH_KNOTS('',3,(#3925,#3926,#3927,#3928,#3929,#3930,
#3931),.UNSPECIFIED.,.F.,.F.,(4,1,1,1,4),(0.,0.00235669005818327,0.00471338011636654,
0.00707007017454981,0.00942676023273308),.UNSPECIFIED.);
#80=B_SPLINE_CURVE_WITH_KNOTS('',3,(#3933,#3934,#3935,#3936),
 .UNSPECIFIED.,.F.,.F.,(4,4),(0.,0.000236222652778895),.UNSPECIFIED.);
#81=B_SPLINE_CURVE_WITH_KNOTS('',3,(#4029,#4030,#4031,#4032),
 .UNSPECIFIED.,.F.,.F.,(4,4),(0.,0.000121362166994385),.UNSPECIFIED.);
#82=B_SPLINE_CURVE_WITH_KNOTS('',3,(#4116,#4117,#4118,#4119,#4120,#4121,
#4122),.UNSPECIFIED.,.F.,.F.,(4,1,1,1,4),(0.,0.25,0.5,0.75,1.),
 .QUASI_UNIFORM_KNOTS.);
#83=B_SPLINE_CURVE_WITH_KNOTS('',3,(#4125,#4126,#4127,#4128,#4129,#4130,
#4131),.UNSPECIFIED.,.F.,.F.,(4,1,1,1,4),(0.,0.25,0.5,0.75,1.),
 .QUASI_UNIFORM_KNOTS.);
#84=B_SPLINE_CURVE_WITH_KNOTS('',3,(#4154,#4155,#4156,#4157,#4158,#4159,
#4160),.UNSPECIFIED.,.F.,.F.,(4,1,1,1,4),(0.,0.25,0.5,0.75,1.),
 .QUASI_UNIFORM_KNOTS.);
#85=B_SPLINE_CURVE_WITH_KNOTS('',3,(#4163,#4164,#4165,#4166,#4167,#4168,
#4169),.UNSPECIFIED.,.F.,.F.,(4,1,1,1,4),(0.,0.25,0.5,0.75,1.),
 .QUASI_UNIFORM_KNOTS.);
#86=B_SPLINE_CURVE_WITH_KNOTS('',3,(#4171,#4172,#4173,#4174,#4175,#4176,
#4177),.UNSPECIFIED.,.F.,.F.,(4,1,1,1,4),(0.,0.25,0.5,0.75,1.),
 .QUASI_UNIFORM_KNOTS.);
#87=B_SPLINE_CURVE_WITH_KNOTS('',3,(#4180,#4181,#4182,#4183,#4184,#4185,
#4186),.UNSPECIFIED.,.F.,.F.,(4,1,1,1,4),(0.,0.25,0.5,0.75,1.),
 .QUASI_UNIFORM_KNOTS.);
#88=PLANE('',#1320);
#89=PLANE('',#1334);
#90=PLANE('',#1365);
#91=PLANE('',#1370);
#92=PLANE('',#1371);
#93=PLANE('',#1372);
#94=PLANE('',#1373);
#95=PLANE('',#1374);
#96=PLANE('',#1375);
#97=PLANE('',#1383);
#98=PLANE('',#1384);
#99=PLANE('',#1390);
#100=PLANE('',#1391);
#101=PLANE('',#1392);
#102=PLANE('',#1393);
#103=PLANE('',#1394);
#104=PLANE('',#1395);
#105=PLANE('',#1396);
#106=PLANE('',#1397);
#107=PLANE('',#1398);
#108=PLANE('',#1401);
#109=PLANE('',#1402);
#110=PLANE('',#1403);
#111=PLANE('',#1406);
#112=PLANE('',#1407);
#113=PLANE('',#1413);
#114=PLANE('',#1414);
#115=PLANE('',#1425);
#116=PLANE('',#1426);
#117=SHAPE_REPRESENTATION_RELATIONSHIP('','',#1309,#123);
#118=SHAPE_REPRESENTATION_RELATIONSHIP('','',#1310,#124);
#119=SHAPE_REPRESENTATION_RELATIONSHIP('','',#1311,#125);
#120=SHAPE_REPRESENTATION_RELATIONSHIP('','',#1312,#126);
#121=SHAPE_REPRESENTATION_RELATIONSHIP('','',#1313,#127);
#122=SHAPE_REPRESENTATION_RELATIONSHIP('','',#1314,#128);
#123=MANIFOLD_SURFACE_SHAPE_REPRESENTATION('',(#1297),#4193);
#124=MANIFOLD_SURFACE_SHAPE_REPRESENTATION('',(#1298),#4194);
#125=MANIFOLD_SURFACE_SHAPE_REPRESENTATION('',(#1299),#4195);
#126=MANIFOLD_SURFACE_SHAPE_REPRESENTATION('',(#1300),#4196);
#127=MANIFOLD_SURFACE_SHAPE_REPRESENTATION('',(#1301),#4197);
#128=MANIFOLD_SURFACE_SHAPE_REPRESENTATION('',(#1302),#4198);
#129=LINE('',#1725,#198);
#130=LINE('',#1729,#199);
#131=LINE('',#3008,#200);
#132=LINE('',#3012,#201);
#133=LINE('',#3018,#202);
#134=LINE('',#3022,#203);
#135=LINE('',#3941,#204);
#136=LINE('',#3945,#205);
#137=LINE('',#3947,#206);
#138=LINE('',#3949,#207);
#139=LINE('',#3951,#208);
#140=LINE('',#3953,#209);
#141=LINE('',#3955,#210);
#142=LINE('',#3957,#211);
#143=LINE('',#3959,#212);
#144=LINE('',#3961,#213);
#145=LINE('',#3963,#214);
#146=LINE('',#3965,#215);
#147=LINE('',#3967,#216);
#148=LINE('',#3970,#217);
#149=LINE('',#3973,#218);
#150=LINE('',#3979,#219);
#151=LINE('',#3981,#220);
#152=LINE('',#3983,#221);
#153=LINE('',#3985,#222);
#154=LINE('',#3987,#223);
#155=LINE('',#3993,#224);
#156=LINE('',#3995,#225);
#157=LINE('',#3997,#226);
#158=LINE('',#3998,#227);
#159=LINE('',#4001,#228);
#160=LINE('',#4002,#229);
#161=LINE('',#4004,#230);
#162=LINE('',#4006,#231);
#163=LINE('',#4007,#232);
#164=LINE('',#4009,#233);
#165=LINE('',#4011,#234);
#166=LINE('',#4013,#235);
#167=LINE('',#4015,#236);
#168=LINE('',#4017,#237);
#169=LINE('',#4019,#238);
#170=LINE('',#4021,#239);
#171=LINE('',#4023,#240);
#172=LINE('',#4025,#241);
#173=LINE('',#4027,#242);
#174=LINE('',#4043,#243);
#175=LINE('',#4045,#244);
#176=LINE('',#4047,#245);
#177=LINE('',#4049,#246);
#178=LINE('',#4051,#247);
#179=LINE('',#4057,#248);
#180=LINE('',#4061,#249);
#181=LINE('',#4062,#250);
#182=LINE('',#4066,#251);
#183=LINE('',#4068,#252);
#184=LINE('',#4070,#253);
#185=LINE('',#4072,#254);
#186=LINE('',#4074,#255);
#187=LINE('',#4076,#256);
#188=LINE('',#4078,#257);
#189=LINE('',#4080,#258);
#190=LINE('',#4082,#259);
#191=LINE('',#4084,#260);
#192=LINE('',#4086,#261);
#193=LINE('',#4088,#262);
#194=LINE('',#4097,#263);
#195=LINE('',#4105,#264);
#196=LINE('',#4135,#265);
#197=LINE('',#4140,#266);
#198=VECTOR('',#1433,1.);
#199=VECTOR('',#1436,1.);
#200=VECTOR('',#1483,1.);
#201=VECTOR('',#1486,1.);
#202=VECTOR('',#1491,1.);
#203=VECTOR('',#1494,1.);
#204=VECTOR('',#1503,1.);
#205=VECTOR('',#1510,1.);
#206=VECTOR('',#1513,1.);
#207=VECTOR('',#1516,1.);
#208=VECTOR('',#1519,1.);
#209=VECTOR('',#1522,1.);
#210=VECTOR('',#1525,1.);
#211=VECTOR('',#1528,1.);
#212=VECTOR('',#1531,1.);
#213=VECTOR('',#1534,1.);
#214=VECTOR('',#1537,1.);
#215=VECTOR('',#1540,1.);
#216=VECTOR('',#1543,1.);
#217=VECTOR('',#1548,1.);
#218=VECTOR('',#1549,1.);
#219=VECTOR('',#1554,1.);
#220=VECTOR('',#1555,1.);
#221=VECTOR('',#1556,1.);
#222=VECTOR('',#1557,1.);
#223=VECTOR('',#1558,1.);
#224=VECTOR('',#1563,1.);
#225=VECTOR('',#1564,1.);
#226=VECTOR('',#1565,1.);
#227=VECTOR('',#1566,1.);
#228=VECTOR('',#1567,1.);
#229=VECTOR('',#1568,1.);
#230=VECTOR('',#1569,1.);
#231=VECTOR('',#1570,1.);
#232=VECTOR('',#1571,1.);
#233=VECTOR('',#1574,1.);
#234=VECTOR('',#1575,1.);
#235=VECTOR('',#1578,1.);
#236=VECTOR('',#1579,1.);
#237=VECTOR('',#1582,1.);
#238=VECTOR('',#1585,1.);
#239=VECTOR('',#1586,1.);
#240=VECTOR('',#1589,1.);
#241=VECTOR('',#1590,1.);
#242=VECTOR('',#1593,1.);
#243=VECTOR('',#1610,1.);
#244=VECTOR('',#1611,1.);
#245=VECTOR('',#1612,1.);
#246=VECTOR('',#1615,1.);
#247=VECTOR('',#1616,1.);
#248=VECTOR('',#1623,1.);
#249=VECTOR('',#1626,1.);
#250=VECTOR('',#1627,1.);
#251=VECTOR('',#1630,1.);
#252=VECTOR('',#1633,1.);
#253=VECTOR('',#1634,1.);
#254=VECTOR('',#1635,1.);
#255=VECTOR('',#1638,1.);
#256=VECTOR('',#1639,1.);
#257=VECTOR('',#1642,1.);
#258=VECTOR('',#1643,1.);
#259=VECTOR('',#1646,1.);
#260=VECTOR('',#1649,1.);
#261=VECTOR('',#1650,1.);
#262=VECTOR('',#1653,1.);
#263=VECTOR('',#1666,1.);
#264=VECTOR('',#1677,1.);
#265=VECTOR('',#1698,1.);
#266=VECTOR('',#1701,1.);
#267=ORIENTED_EDGE('',*,*,#581,.F.);
#268=ORIENTED_EDGE('',*,*,#582,.F.);
#269=ORIENTED_EDGE('',*,*,#583,.F.);
#270=ORIENTED_EDGE('',*,*,#584,.F.);
#271=ORIENTED_EDGE('',*,*,#585,.T.);
#272=ORIENTED_EDGE('',*,*,#586,.T.);
#273=ORIENTED_EDGE('',*,*,#587,.F.);
#274=ORIENTED_EDGE('',*,*,#588,.F.);
#275=ORIENTED_EDGE('',*,*,#589,.F.);
#276=ORIENTED_EDGE('',*,*,#590,.F.);
#277=ORIENTED_EDGE('',*,*,#591,.T.);
#278=ORIENTED_EDGE('',*,*,#592,.T.);
#279=ORIENTED_EDGE('',*,*,#593,.T.);
#280=ORIENTED_EDGE('',*,*,#594,.T.);
#281=ORIENTED_EDGE('',*,*,#593,.F.);
#282=ORIENTED_EDGE('',*,*,#595,.T.);
#283=ORIENTED_EDGE('',*,*,#596,.T.);
#284=ORIENTED_EDGE('',*,*,#597,.T.);
#285=ORIENTED_EDGE('',*,*,#591,.F.);
#286=ORIENTED_EDGE('',*,*,#598,.F.);
#287=ORIENTED_EDGE('',*,*,#599,.F.);
#288=ORIENTED_EDGE('',*,*,#600,.F.);
#289=ORIENTED_EDGE('',*,*,#601,.T.);
#290=ORIENTED_EDGE('',*,*,#594,.F.);
#291=ORIENTED_EDGE('',*,*,#597,.F.);
#292=ORIENTED_EDGE('',*,*,#602,.T.);
#293=ORIENTED_EDGE('',*,*,#595,.F.);
#294=ORIENTED_EDGE('',*,*,#592,.F.);
#295=ORIENTED_EDGE('',*,*,#603,.T.);
#296=ORIENTED_EDGE('',*,*,#604,.T.);
#297=ORIENTED_EDGE('',*,*,#605,.T.);
#298=ORIENTED_EDGE('',*,*,#606,.T.);
#299=ORIENTED_EDGE('',*,*,#607,.T.);
#300=ORIENTED_EDGE('',*,*,#608,.T.);
#301=ORIENTED_EDGE('',*,*,#609,.T.);
#302=ORIENTED_EDGE('',*,*,#610,.T.);
#303=ORIENTED_EDGE('',*,*,#611,.T.);
#304=ORIENTED_EDGE('',*,*,#612,.T.);
#305=ORIENTED_EDGE('',*,*,#613,.T.);
#306=ORIENTED_EDGE('',*,*,#614,.T.);
#307=ORIENTED_EDGE('',*,*,#615,.T.);
#308=ORIENTED_EDGE('',*,*,#616,.T.);
#309=ORIENTED_EDGE('',*,*,#617,.T.);
#310=ORIENTED_EDGE('',*,*,#618,.T.);
#311=ORIENTED_EDGE('',*,*,#619,.T.);
#312=ORIENTED_EDGE('',*,*,#602,.F.);
#313=ORIENTED_EDGE('',*,*,#596,.F.);
#314=ORIENTED_EDGE('',*,*,#603,.F.);
#315=ORIENTED_EDGE('',*,*,#620,.T.);
#316=ORIENTED_EDGE('',*,*,#598,.T.);
#317=ORIENTED_EDGE('',*,*,#599,.T.);
#318=ORIENTED_EDGE('',*,*,#621,.T.);
#319=ORIENTED_EDGE('',*,*,#622,.T.);
#320=ORIENTED_EDGE('',*,*,#623,.T.);
#321=ORIENTED_EDGE('',*,*,#624,.T.);
#322=ORIENTED_EDGE('',*,*,#625,.T.);
#323=ORIENTED_EDGE('',*,*,#626,.T.);
#324=ORIENTED_EDGE('',*,*,#627,.T.);
#325=ORIENTED_EDGE('',*,*,#628,.T.);
#326=ORIENTED_EDGE('',*,*,#629,.T.);
#327=ORIENTED_EDGE('',*,*,#630,.T.);
#328=ORIENTED_EDGE('',*,*,#631,.T.);
#329=ORIENTED_EDGE('',*,*,#632,.T.);
#330=ORIENTED_EDGE('',*,*,#620,.F.);
#331=ORIENTED_EDGE('',*,*,#601,.F.);
#332=ORIENTED_EDGE('',*,*,#633,.T.);
#333=ORIENTED_EDGE('',*,*,#634,.T.);
#334=ORIENTED_EDGE('',*,*,#635,.T.);
#335=ORIENTED_EDGE('',*,*,#636,.T.);
#336=ORIENTED_EDGE('',*,*,#637,.T.);
#337=ORIENTED_EDGE('',*,*,#638,.T.);
#338=ORIENTED_EDGE('',*,*,#639,.T.);
#339=ORIENTED_EDGE('',*,*,#640,.T.);
#340=ORIENTED_EDGE('',*,*,#641,.T.);
#341=ORIENTED_EDGE('',*,*,#642,.T.);
#342=ORIENTED_EDGE('',*,*,#643,.T.);
#343=ORIENTED_EDGE('',*,*,#644,.T.);
#344=ORIENTED_EDGE('',*,*,#645,.T.);
#345=ORIENTED_EDGE('',*,*,#646,.T.);
#346=ORIENTED_EDGE('',*,*,#647,.T.);
#347=ORIENTED_EDGE('',*,*,#648,.T.);
#348=ORIENTED_EDGE('',*,*,#605,.F.);
#349=ORIENTED_EDGE('',*,*,#649,.T.);
#350=ORIENTED_EDGE('',*,*,#647,.F.);
#351=ORIENTED_EDGE('',*,*,#650,.T.);
#352=ORIENTED_EDGE('',*,*,#649,.F.);
#353=ORIENTED_EDGE('',*,*,#604,.F.);
#354=ORIENTED_EDGE('',*,*,#651,.T.);
#355=ORIENTED_EDGE('',*,*,#652,.T.);
#356=ORIENTED_EDGE('',*,*,#648,.F.);
#357=ORIENTED_EDGE('',*,*,#633,.F.);
#358=ORIENTED_EDGE('',*,*,#600,.T.);
#359=ORIENTED_EDGE('',*,*,#619,.F.);
#360=ORIENTED_EDGE('',*,*,#653,.T.);
#361=ORIENTED_EDGE('',*,*,#618,.F.);
#362=ORIENTED_EDGE('',*,*,#654,.T.);
#363=ORIENTED_EDGE('',*,*,#634,.F.);
#364=ORIENTED_EDGE('',*,*,#653,.F.);
#365=ORIENTED_EDGE('',*,*,#654,.F.);
#366=ORIENTED_EDGE('',*,*,#617,.F.);
#367=ORIENTED_EDGE('',*,*,#655,.T.);
#368=ORIENTED_EDGE('',*,*,#635,.F.);
#369=ORIENTED_EDGE('',*,*,#616,.F.);
#370=ORIENTED_EDGE('',*,*,#656,.T.);
#371=ORIENTED_EDGE('',*,*,#636,.F.);
#372=ORIENTED_EDGE('',*,*,#655,.F.);
#373=ORIENTED_EDGE('',*,*,#656,.F.);
#374=ORIENTED_EDGE('',*,*,#615,.F.);
#375=ORIENTED_EDGE('',*,*,#657,.T.);
#376=ORIENTED_EDGE('',*,*,#637,.F.);
#377=ORIENTED_EDGE('',*,*,#614,.F.);
#378=ORIENTED_EDGE('',*,*,#658,.T.);
#379=ORIENTED_EDGE('',*,*,#638,.F.);
#380=ORIENTED_EDGE('',*,*,#657,.F.);
#381=ORIENTED_EDGE('',*,*,#658,.F.);
#382=ORIENTED_EDGE('',*,*,#613,.F.);
#383=ORIENTED_EDGE('',*,*,#659,.T.);
#384=ORIENTED_EDGE('',*,*,#639,.F.);
#385=ORIENTED_EDGE('',*,*,#612,.F.);
#386=ORIENTED_EDGE('',*,*,#660,.T.);
#387=ORIENTED_EDGE('',*,*,#640,.F.);
#388=ORIENTED_EDGE('',*,*,#659,.F.);
#389=ORIENTED_EDGE('',*,*,#660,.F.);
#390=ORIENTED_EDGE('',*,*,#611,.F.);
#391=ORIENTED_EDGE('',*,*,#661,.T.);
#392=ORIENTED_EDGE('',*,*,#641,.F.);
#393=ORIENTED_EDGE('',*,*,#610,.F.);
#394=ORIENTED_EDGE('',*,*,#662,.T.);
#395=ORIENTED_EDGE('',*,*,#642,.F.);
#396=ORIENTED_EDGE('',*,*,#661,.F.);
#397=ORIENTED_EDGE('',*,*,#662,.F.);
#398=ORIENTED_EDGE('',*,*,#609,.F.);
#399=ORIENTED_EDGE('',*,*,#663,.T.);
#400=ORIENTED_EDGE('',*,*,#643,.F.);
#401=ORIENTED_EDGE('',*,*,#608,.F.);
#402=ORIENTED_EDGE('',*,*,#664,.T.);
#403=ORIENTED_EDGE('',*,*,#644,.F.);
#404=ORIENTED_EDGE('',*,*,#663,.F.);
#405=ORIENTED_EDGE('',*,*,#664,.F.);
#406=ORIENTED_EDGE('',*,*,#607,.F.);
#407=ORIENTED_EDGE('',*,*,#665,.T.);
#408=ORIENTED_EDGE('',*,*,#645,.F.);
#409=ORIENTED_EDGE('',*,*,#665,.F.);
#410=ORIENTED_EDGE('',*,*,#606,.F.);
#411=ORIENTED_EDGE('',*,*,#650,.F.);
#412=ORIENTED_EDGE('',*,*,#646,.F.);
#413=ORIENTED_EDGE('',*,*,#666,.F.);
#414=ORIENTED_EDGE('',*,*,#667,.F.);
#415=ORIENTED_EDGE('',*,*,#668,.F.);
#416=ORIENTED_EDGE('',*,*,#669,.F.);
#417=ORIENTED_EDGE('',*,*,#670,.F.);
#418=ORIENTED_EDGE('',*,*,#671,.F.);
#419=ORIENTED_EDGE('',*,*,#672,.F.);
#420=ORIENTED_EDGE('',*,*,#673,.F.);
#421=ORIENTED_EDGE('',*,*,#674,.F.);
#422=ORIENTED_EDGE('',*,*,#675,.F.);
#423=ORIENTED_EDGE('',*,*,#676,.F.);
#424=ORIENTED_EDGE('',*,*,#677,.F.);
#425=ORIENTED_EDGE('',*,*,#678,.F.);
#426=ORIENTED_EDGE('',*,*,#679,.F.);
#427=ORIENTED_EDGE('',*,*,#680,.F.);
#428=ORIENTED_EDGE('',*,*,#681,.F.);
#429=ORIENTED_EDGE('',*,*,#622,.F.);
#430=ORIENTED_EDGE('',*,*,#621,.F.);
#431=ORIENTED_EDGE('',*,*,#682,.F.);
#432=ORIENTED_EDGE('',*,*,#683,.F.);
#433=ORIENTED_EDGE('',*,*,#684,.F.);
#434=ORIENTED_EDGE('',*,*,#627,.F.);
#435=ORIENTED_EDGE('',*,*,#626,.F.);
#436=ORIENTED_EDGE('',*,*,#685,.F.);
#437=ORIENTED_EDGE('',*,*,#630,.F.);
#438=ORIENTED_EDGE('',*,*,#686,.T.);
#439=ORIENTED_EDGE('',*,*,#687,.T.);
#440=ORIENTED_EDGE('',*,*,#682,.T.);
#441=ORIENTED_EDGE('',*,*,#688,.F.);
#442=ORIENTED_EDGE('',*,*,#686,.F.);
#443=ORIENTED_EDGE('',*,*,#629,.F.);
#444=ORIENTED_EDGE('',*,*,#689,.F.);
#445=ORIENTED_EDGE('',*,*,#628,.F.);
#446=ORIENTED_EDGE('',*,*,#684,.T.);
#447=ORIENTED_EDGE('',*,*,#690,.T.);
#448=ORIENTED_EDGE('',*,*,#689,.T.);
#449=ORIENTED_EDGE('',*,*,#625,.F.);
#450=ORIENTED_EDGE('',*,*,#691,.T.);
#451=ORIENTED_EDGE('',*,*,#692,.T.);
#452=ORIENTED_EDGE('',*,*,#685,.T.);
#453=ORIENTED_EDGE('',*,*,#693,.F.);
#454=ORIENTED_EDGE('',*,*,#691,.F.);
#455=ORIENTED_EDGE('',*,*,#624,.F.);
#456=ORIENTED_EDGE('',*,*,#694,.F.);
#457=ORIENTED_EDGE('',*,*,#623,.F.);
#458=ORIENTED_EDGE('',*,*,#681,.T.);
#459=ORIENTED_EDGE('',*,*,#695,.T.);
#460=ORIENTED_EDGE('',*,*,#694,.T.);
#461=ORIENTED_EDGE('',*,*,#696,.T.);
#462=ORIENTED_EDGE('',*,*,#697,.T.);
#463=ORIENTED_EDGE('',*,*,#632,.F.);
#464=ORIENTED_EDGE('',*,*,#698,.T.);
#465=ORIENTED_EDGE('',*,*,#696,.F.);
#466=ORIENTED_EDGE('',*,*,#631,.F.);
#467=ORIENTED_EDGE('',*,*,#652,.F.);
#468=ORIENTED_EDGE('',*,*,#698,.F.);
#469=ORIENTED_EDGE('',*,*,#651,.F.);
#470=ORIENTED_EDGE('',*,*,#697,.F.);
#471=ORIENTED_EDGE('',*,*,#699,.T.);
#472=ORIENTED_EDGE('',*,*,#700,.T.);
#473=ORIENTED_EDGE('',*,*,#701,.T.);
#474=ORIENTED_EDGE('',*,*,#679,.T.);
#475=ORIENTED_EDGE('',*,*,#702,.T.);
#476=ORIENTED_EDGE('',*,*,#703,.T.);
#477=ORIENTED_EDGE('',*,*,#704,.T.);
#478=ORIENTED_EDGE('',*,*,#666,.T.);
#479=ORIENTED_EDGE('',*,*,#701,.F.);
#480=ORIENTED_EDGE('',*,*,#705,.T.);
#481=ORIENTED_EDGE('',*,*,#706,.F.);
#482=ORIENTED_EDGE('',*,*,#707,.F.);
#483=ORIENTED_EDGE('',*,*,#708,.F.);
#484=ORIENTED_EDGE('',*,*,#709,.F.);
#485=ORIENTED_EDGE('',*,*,#710,.F.);
#486=ORIENTED_EDGE('',*,*,#676,.T.);
#487=ORIENTED_EDGE('',*,*,#675,.T.);
#488=ORIENTED_EDGE('',*,*,#711,.F.);
#489=ORIENTED_EDGE('',*,*,#712,.F.);
#490=ORIENTED_EDGE('',*,*,#713,.F.);
#491=ORIENTED_EDGE('',*,*,#669,.T.);
#492=ORIENTED_EDGE('',*,*,#668,.T.);
#493=ORIENTED_EDGE('',*,*,#714,.T.);
#494=ORIENTED_EDGE('',*,*,#671,.T.);
#495=ORIENTED_EDGE('',*,*,#715,.T.);
#496=ORIENTED_EDGE('',*,*,#716,.T.);
#497=ORIENTED_EDGE('',*,*,#717,.T.);
#498=ORIENTED_EDGE('',*,*,#672,.T.);
#499=ORIENTED_EDGE('',*,*,#714,.F.);
#500=ORIENTED_EDGE('',*,*,#718,.T.);
#501=ORIENTED_EDGE('',*,*,#719,.T.);
#502=ORIENTED_EDGE('',*,*,#673,.T.);
#503=ORIENTED_EDGE('',*,*,#717,.F.);
#504=ORIENTED_EDGE('',*,*,#720,.T.);
#505=ORIENTED_EDGE('',*,*,#721,.T.);
#506=ORIENTED_EDGE('',*,*,#711,.T.);
#507=ORIENTED_EDGE('',*,*,#674,.T.);
#508=ORIENTED_EDGE('',*,*,#719,.F.);
#509=ORIENTED_EDGE('',*,*,#677,.T.);
#510=ORIENTED_EDGE('',*,*,#710,.T.);
#511=ORIENTED_EDGE('',*,*,#722,.T.);
#512=ORIENTED_EDGE('',*,*,#723,.T.);
#513=ORIENTED_EDGE('',*,*,#702,.F.);
#514=ORIENTED_EDGE('',*,*,#678,.T.);
#515=ORIENTED_EDGE('',*,*,#723,.F.);
#516=ORIENTED_EDGE('',*,*,#724,.T.);
#517=ORIENTED_EDGE('',*,*,#695,.F.);
#518=ORIENTED_EDGE('',*,*,#680,.T.);
#519=ORIENTED_EDGE('',*,*,#692,.F.);
#520=ORIENTED_EDGE('',*,*,#693,.T.);
#521=ORIENTED_EDGE('',*,*,#690,.F.);
#522=ORIENTED_EDGE('',*,*,#683,.T.);
#523=ORIENTED_EDGE('',*,*,#687,.F.);
#524=ORIENTED_EDGE('',*,*,#688,.T.);
#525=ORIENTED_EDGE('',*,*,#725,.F.);
#526=ORIENTED_EDGE('',*,*,#726,.F.);
#527=ORIENTED_EDGE('',*,*,#699,.F.);
#528=ORIENTED_EDGE('',*,*,#700,.F.);
#529=ORIENTED_EDGE('',*,*,#703,.F.);
#530=ORIENTED_EDGE('',*,*,#724,.F.);
#531=ORIENTED_EDGE('',*,*,#722,.F.);
#532=ORIENTED_EDGE('',*,*,#709,.T.);
#533=ORIENTED_EDGE('',*,*,#727,.F.);
#534=ORIENTED_EDGE('',*,*,#705,.F.);
#535=ORIENTED_EDGE('',*,*,#727,.T.);
#536=ORIENTED_EDGE('',*,*,#708,.T.);
#537=ORIENTED_EDGE('',*,*,#667,.T.);
#538=ORIENTED_EDGE('',*,*,#704,.F.);
#539=ORIENTED_EDGE('',*,*,#728,.F.);
#540=ORIENTED_EDGE('',*,*,#729,.F.);
#541=ORIENTED_EDGE('',*,*,#706,.T.);
#542=ORIENTED_EDGE('',*,*,#707,.T.);
#543=ORIENTED_EDGE('',*,*,#718,.F.);
#544=ORIENTED_EDGE('',*,*,#716,.F.);
#545=ORIENTED_EDGE('',*,*,#730,.F.);
#546=ORIENTED_EDGE('',*,*,#712,.T.);
#547=ORIENTED_EDGE('',*,*,#721,.F.);
#548=ORIENTED_EDGE('',*,*,#720,.F.);
#549=ORIENTED_EDGE('',*,*,#670,.T.);
#550=ORIENTED_EDGE('',*,*,#713,.T.);
#551=ORIENTED_EDGE('',*,*,#730,.T.);
#552=ORIENTED_EDGE('',*,*,#715,.F.);
#553=ORIENTED_EDGE('',*,*,#731,.F.);
#554=ORIENTED_EDGE('',*,*,#732,.F.);
#555=ORIENTED_EDGE('',*,*,#725,.T.);
#556=ORIENTED_EDGE('',*,*,#726,.T.);
#557=ORIENTED_EDGE('',*,*,#733,.F.);
#558=ORIENTED_EDGE('',*,*,#728,.T.);
#559=ORIENTED_EDGE('',*,*,#729,.T.);
#560=ORIENTED_EDGE('',*,*,#734,.F.);
#561=ORIENTED_EDGE('',*,*,#735,.F.);
#562=ORIENTED_EDGE('',*,*,#731,.T.);
#563=ORIENTED_EDGE('',*,*,#732,.T.);
#564=ORIENTED_EDGE('',*,*,#733,.T.);
#565=ORIENTED_EDGE('',*,*,#736,.F.);
#566=ORIENTED_EDGE('',*,*,#737,.F.);
#567=ORIENTED_EDGE('',*,*,#738,.F.);
#568=ORIENTED_EDGE('',*,*,#739,.F.);
#569=ORIENTED_EDGE('',*,*,#740,.F.);
#570=ORIENTED_EDGE('',*,*,#741,.F.);
#571=ORIENTED_EDGE('',*,*,#742,.F.);
#572=ORIENTED_EDGE('',*,*,#743,.F.);
#573=ORIENTED_EDGE('',*,*,#741,.T.);
#574=ORIENTED_EDGE('',*,*,#740,.T.);
#575=ORIENTED_EDGE('',*,*,#744,.T.);
#576=ORIENTED_EDGE('',*,*,#745,.T.);
#577=ORIENTED_EDGE('',*,*,#743,.T.);
#578=ORIENTED_EDGE('',*,*,#742,.T.);
#579=ORIENTED_EDGE('',*,*,#746,.F.);
#580=ORIENTED_EDGE('',*,*,#747,.F.);
#581=EDGE_CURVE('',#748,#749,#872,.T.);
#582=EDGE_CURVE('',#750,#748,#129,.T.);
#583=EDGE_CURVE('',#751,#750,#873,.F.);
#584=EDGE_CURVE('',#749,#751,#130,.F.);
#585=EDGE_CURVE('',#752,#753,#37,.T.);
#586=EDGE_CURVE('',#753,#752,#38,.T.);
#587=EDGE_CURVE('',#754,#755,#874,.T.);
#588=EDGE_CURVE('',#755,#754,#875,.T.);
#589=EDGE_CURVE('',#756,#757,#876,.F.);
#590=EDGE_CURVE('',#757,#756,#877,.F.);
#591=EDGE_CURVE('',#758,#758,#878,.F.);
#592=EDGE_CURVE('',#759,#760,#879,.F.);
#593=EDGE_CURVE('',#760,#761,#880,.F.);
#594=EDGE_CURVE('',#761,#759,#881,.F.);
#595=EDGE_CURVE('',#760,#762,#39,.T.);
#596=EDGE_CURVE('',#762,#763,#40,.T.);
#597=EDGE_CURVE('',#763,#761,#41,.T.);
#598=EDGE_CURVE('',#764,#765,#882,.T.);
#599=EDGE_CURVE('',#765,#764,#883,.T.);
#600=EDGE_CURVE('',#766,#767,#42,.T.);
#601=EDGE_CURVE('',#766,#759,#43,.T.);
#602=EDGE_CURVE('',#763,#767,#44,.T.);
#603=EDGE_CURVE('',#759,#762,#45,.T.);
#604=EDGE_CURVE('',#768,#769,#46,.T.);
#605=EDGE_CURVE('',#769,#770,#47,.T.);
#606=EDGE_CURVE('',#770,#771,#48,.T.);
#607=EDGE_CURVE('',#771,#772,#49,.T.);
#608=EDGE_CURVE('',#772,#773,#50,.T.);
#609=EDGE_CURVE('',#773,#774,#51,.T.);
#610=EDGE_CURVE('',#774,#775,#52,.T.);
#611=EDGE_CURVE('',#775,#776,#53,.T.);
#612=EDGE_CURVE('',#776,#777,#54,.T.);
#613=EDGE_CURVE('',#777,#778,#55,.T.);
#614=EDGE_CURVE('',#778,#779,#56,.T.);
#615=EDGE_CURVE('',#779,#780,#57,.T.);
#616=EDGE_CURVE('',#780,#781,#58,.T.);
#617=EDGE_CURVE('',#781,#782,#59,.T.);
#618=EDGE_CURVE('',#782,#783,#60,.T.);
#619=EDGE_CURVE('',#783,#767,#61,.T.);
#620=EDGE_CURVE('',#759,#768,#26,.T.);
#621=EDGE_CURVE('',#784,#785,#884,.T.);
#622=EDGE_CURVE('',#785,#786,#885,.T.);
#623=EDGE_CURVE('',#786,#787,#131,.T.);
#624=EDGE_CURVE('',#787,#788,#886,.T.);
#625=EDGE_CURVE('',#788,#789,#132,.F.);
#626=EDGE_CURVE('',#789,#790,#887,.T.);
#627=EDGE_CURVE('',#790,#791,#888,.T.);
#628=EDGE_CURVE('',#791,#792,#133,.T.);
#629=EDGE_CURVE('',#792,#793,#889,.T.);
#630=EDGE_CURVE('',#793,#784,#134,.F.);
#631=EDGE_CURVE('',#794,#795,#62,.T.);
#632=EDGE_CURVE('',#795,#768,#63,.T.);
#633=EDGE_CURVE('',#766,#796,#64,.T.);
#634=EDGE_CURVE('',#796,#797,#65,.T.);
#635=EDGE_CURVE('',#797,#798,#66,.T.);
#636=EDGE_CURVE('',#798,#799,#67,.T.);
#637=EDGE_CURVE('',#799,#800,#68,.T.);
#638=EDGE_CURVE('',#800,#801,#69,.T.);
#639=EDGE_CURVE('',#801,#802,#70,.T.);
#640=EDGE_CURVE('',#802,#803,#71,.T.);
#641=EDGE_CURVE('',#803,#804,#72,.T.);
#642=EDGE_CURVE('',#804,#805,#73,.T.);
#643=EDGE_CURVE('',#805,#806,#74,.T.);
#644=EDGE_CURVE('',#806,#807,#75,.T.);
#645=EDGE_CURVE('',#807,#808,#76,.T.);
#646=EDGE_CURVE('',#808,#809,#77,.T.);
#647=EDGE_CURVE('',#809,#810,#78,.T.);
#648=EDGE_CURVE('',#810,#794,#79,.T.);
#649=EDGE_CURVE('',#769,#810,#80,.T.);
#650=EDGE_CURVE('',#809,#770,#890,.T.);
#651=EDGE_CURVE('',#768,#811,#891,.F.);
#652=EDGE_CURVE('',#811,#794,#135,.T.);
#653=EDGE_CURVE('',#783,#796,#892,.T.);
#654=EDGE_CURVE('',#782,#797,#136,.T.);
#655=EDGE_CURVE('',#781,#798,#137,.T.);
#656=EDGE_CURVE('',#780,#799,#138,.T.);
#657=EDGE_CURVE('',#779,#800,#139,.T.);
#658=EDGE_CURVE('',#778,#801,#140,.T.);
#659=EDGE_CURVE('',#777,#802,#141,.T.);
#660=EDGE_CURVE('',#776,#803,#142,.T.);
#661=EDGE_CURVE('',#775,#804,#143,.T.);
#662=EDGE_CURVE('',#774,#805,#144,.T.);
#663=EDGE_CURVE('',#773,#806,#145,.T.);
#664=EDGE_CURVE('',#772,#807,#146,.T.);
#665=EDGE_CURVE('',#771,#808,#147,.T.);
#666=EDGE_CURVE('',#812,#813,#148,.T.);
#667=EDGE_CURVE('',#814,#812,#149,.T.);
#668=EDGE_CURVE('',#815,#814,#893,.F.);
#669=EDGE_CURVE('',#816,#815,#894,.F.);
#670=EDGE_CURVE('',#817,#816,#150,.T.);
#671=EDGE_CURVE('',#818,#817,#151,.T.);
#672=EDGE_CURVE('',#819,#818,#152,.T.);
#673=EDGE_CURVE('',#820,#819,#153,.T.);
#674=EDGE_CURVE('',#821,#820,#154,.T.);
#675=EDGE_CURVE('',#822,#821,#895,.F.);
#676=EDGE_CURVE('',#823,#822,#896,.F.);
#677=EDGE_CURVE('',#824,#823,#155,.T.);
#678=EDGE_CURVE('',#825,#824,#156,.T.);
#679=EDGE_CURVE('',#813,#825,#157,.T.);
#680=EDGE_CURVE('',#826,#827,#158,.T.);
#681=EDGE_CURVE('',#786,#826,#159,.T.);
#682=EDGE_CURVE('',#828,#784,#160,.T.);
#683=EDGE_CURVE('',#829,#828,#161,.T.);
#684=EDGE_CURVE('',#791,#829,#162,.T.);
#685=EDGE_CURVE('',#827,#789,#163,.T.);
#686=EDGE_CURVE('',#793,#830,#164,.T.);
#687=EDGE_CURVE('',#830,#828,#165,.T.);
#688=EDGE_CURVE('',#830,#831,#166,.T.);
#689=EDGE_CURVE('',#831,#792,#167,.T.);
#690=EDGE_CURVE('',#829,#831,#168,.F.);
#691=EDGE_CURVE('',#788,#832,#169,.T.);
#692=EDGE_CURVE('',#832,#827,#170,.T.);
#693=EDGE_CURVE('',#832,#833,#171,.T.);
#694=EDGE_CURVE('',#833,#787,#172,.T.);
#695=EDGE_CURVE('',#826,#833,#173,.F.);
#696=EDGE_CURVE('',#795,#834,#81,.T.);
#697=EDGE_CURVE('',#834,#768,#897,.F.);
#698=EDGE_CURVE('',#811,#834,#898,.F.);
#699=EDGE_CURVE('',#835,#836,#899,.F.);
#700=EDGE_CURVE('',#836,#835,#900,.F.);
#701=EDGE_CURVE('',#837,#813,#174,.T.);
#702=EDGE_CURVE('',#825,#838,#175,.F.);
#703=EDGE_CURVE('',#838,#837,#176,.T.);
#704=EDGE_CURVE('',#839,#812,#177,.T.);
#705=EDGE_CURVE('',#837,#839,#178,.T.);
#706=EDGE_CURVE('',#840,#841,#901,.F.);
#707=EDGE_CURVE('',#841,#840,#902,.F.);
#708=EDGE_CURVE('',#842,#814,#179,.T.);
#709=EDGE_CURVE('',#843,#842,#903,.T.);
#710=EDGE_CURVE('',#823,#843,#180,.F.);
#711=EDGE_CURVE('',#844,#821,#181,.T.);
#712=EDGE_CURVE('',#845,#844,#904,.T.);
#713=EDGE_CURVE('',#816,#845,#182,.F.);
#714=EDGE_CURVE('',#846,#818,#183,.T.);
#715=EDGE_CURVE('',#817,#847,#184,.F.);
#716=EDGE_CURVE('',#847,#846,#185,.T.);
#717=EDGE_CURVE('',#848,#819,#186,.T.);
#718=EDGE_CURVE('',#846,#848,#187,.T.);
#719=EDGE_CURVE('',#849,#820,#188,.T.);
#720=EDGE_CURVE('',#848,#849,#189,.T.);
#721=EDGE_CURVE('',#849,#844,#190,.T.);
#722=EDGE_CURVE('',#843,#850,#191,.T.);
#723=EDGE_CURVE('',#850,#824,#192,.T.);
#724=EDGE_CURVE('',#850,#838,#193,.T.);
#725=EDGE_CURVE('',#851,#852,#905,.T.);
#726=EDGE_CURVE('',#852,#851,#906,.T.);
#727=EDGE_CURVE('',#839,#842,#194,.T.);
#728=EDGE_CURVE('',#853,#854,#907,.F.);
#729=EDGE_CURVE('',#854,#853,#908,.F.);
#730=EDGE_CURVE('',#845,#847,#195,.T.);
#731=EDGE_CURVE('',#855,#856,#909,.T.);
#732=EDGE_CURVE('',#856,#855,#910,.T.);
#733=EDGE_CURVE('',#857,#857,#911,.F.);
#734=EDGE_CURVE('',#858,#859,#82,.F.);
#735=EDGE_CURVE('',#859,#858,#83,.F.);
#736=EDGE_CURVE('',#860,#861,#196,.T.);
#737=EDGE_CURVE('',#862,#860,#912,.F.);
#738=EDGE_CURVE('',#863,#862,#197,.F.);
#739=EDGE_CURVE('',#861,#863,#913,.T.);
#740=EDGE_CURVE('',#864,#865,#914,.T.);
#741=EDGE_CURVE('',#865,#864,#915,.T.);
#742=EDGE_CURVE('',#866,#867,#916,.F.);
#743=EDGE_CURVE('',#867,#866,#917,.F.);
#744=EDGE_CURVE('',#868,#869,#84,.T.);
#745=EDGE_CURVE('',#869,#868,#85,.T.);
#746=EDGE_CURVE('',#870,#871,#86,.F.);
#747=EDGE_CURVE('',#871,#870,#87,.F.);
#748=VERTEX_POINT('',#1723);
#749=VERTEX_POINT('',#1724);
#750=VERTEX_POINT('',#1726);
#751=VERTEX_POINT('',#1728);
#752=VERTEX_POINT('',#1739);
#753=VERTEX_POINT('',#1740);
#754=VERTEX_POINT('',#1751);
#755=VERTEX_POINT('',#1752);
#756=VERTEX_POINT('',#1755);
#757=VERTEX_POINT('',#1756);
#758=VERTEX_POINT('',#1761);
#759=VERTEX_POINT('',#1763);
#760=VERTEX_POINT('',#1764);
#761=VERTEX_POINT('',#1766);
#762=VERTEX_POINT('',#1773);
#763=VERTEX_POINT('',#1781);
#764=VERTEX_POINT('',#1788);
#765=VERTEX_POINT('',#1789);
#766=VERTEX_POINT('',#1796);
#767=VERTEX_POINT('',#1797);
#768=VERTEX_POINT('',#2597);
#769=VERTEX_POINT('',#2598);
#770=VERTEX_POINT('',#2604);
#771=VERTEX_POINT('',#2610);
#772=VERTEX_POINT('',#2618);
#773=VERTEX_POINT('',#2626);
#774=VERTEX_POINT('',#2634);
#775=VERTEX_POINT('',#2642);
#776=VERTEX_POINT('',#2650);
#777=VERTEX_POINT('',#2658);
#778=VERTEX_POINT('',#2666);
#779=VERTEX_POINT('',#2674);
#780=VERTEX_POINT('',#2682);
#781=VERTEX_POINT('',#2690);
#782=VERTEX_POINT('',#2698);
#783=VERTEX_POINT('',#2704);
#784=VERTEX_POINT('',#3004);
#785=VERTEX_POINT('',#3005);
#786=VERTEX_POINT('',#3007);
#787=VERTEX_POINT('',#3009);
#788=VERTEX_POINT('',#3011);
#789=VERTEX_POINT('',#3013);
#790=VERTEX_POINT('',#3015);
#791=VERTEX_POINT('',#3017);
#792=VERTEX_POINT('',#3019);
#793=VERTEX_POINT('',#3021);
#794=VERTEX_POINT('',#3806);
#795=VERTEX_POINT('',#3807);
#796=VERTEX_POINT('',#3818);
#797=VERTEX_POINT('',#3824);
#798=VERTEX_POINT('',#3832);
#799=VERTEX_POINT('',#3840);
#800=VERTEX_POINT('',#3848);
#801=VERTEX_POINT('',#3856);
#802=VERTEX_POINT('',#3864);
#803=VERTEX_POINT('',#3872);
#804=VERTEX_POINT('',#3880);
#805=VERTEX_POINT('',#3888);
#806=VERTEX_POINT('',#3896);
#807=VERTEX_POINT('',#3904);
#808=VERTEX_POINT('',#3912);
#809=VERTEX_POINT('',#3918);
#810=VERTEX_POINT('',#3924);
#811=VERTEX_POINT('',#3940);
#812=VERTEX_POINT('',#3971);
#813=VERTEX_POINT('',#3972);
#814=VERTEX_POINT('',#3974);
#815=VERTEX_POINT('',#3976);
#816=VERTEX_POINT('',#3978);
#817=VERTEX_POINT('',#3980);
#818=VERTEX_POINT('',#3982);
#819=VERTEX_POINT('',#3984);
#820=VERTEX_POINT('',#3986);
#821=VERTEX_POINT('',#3988);
#822=VERTEX_POINT('',#3990);
#823=VERTEX_POINT('',#3992);
#824=VERTEX_POINT('',#3994);
#825=VERTEX_POINT('',#3996);
#826=VERTEX_POINT('',#3999);
#827=VERTEX_POINT('',#4000);
#828=VERTEX_POINT('',#4003);
#829=VERTEX_POINT('',#4005);
#830=VERTEX_POINT('',#4010);
#831=VERTEX_POINT('',#4014);
#832=VERTEX_POINT('',#4020);
#833=VERTEX_POINT('',#4024);
#834=VERTEX_POINT('',#4033);
#835=VERTEX_POINT('',#4039);
#836=VERTEX_POINT('',#4040);
#837=VERTEX_POINT('',#4044);
#838=VERTEX_POINT('',#4046);
#839=VERTEX_POINT('',#4050);
#840=VERTEX_POINT('',#4054);
#841=VERTEX_POINT('',#4055);
#842=VERTEX_POINT('',#4058);
#843=VERTEX_POINT('',#4060);
#844=VERTEX_POINT('',#4063);
#845=VERTEX_POINT('',#4065);
#846=VERTEX_POINT('',#4069);
#847=VERTEX_POINT('',#4071);
#848=VERTEX_POINT('',#4075);
#849=VERTEX_POINT('',#4079);
#850=VERTEX_POINT('',#4085);
#851=VERTEX_POINT('',#4093);
#852=VERTEX_POINT('',#4094);
#853=VERTEX_POINT('',#4101);
#854=VERTEX_POINT('',#4102);
#855=VERTEX_POINT('',#4109);
#856=VERTEX_POINT('',#4110);
#857=VERTEX_POINT('',#4114);
#858=VERTEX_POINT('',#4123);
#859=VERTEX_POINT('',#4124);
#860=VERTEX_POINT('',#4136);
#861=VERTEX_POINT('',#4137);
#862=VERTEX_POINT('',#4139);
#863=VERTEX_POINT('',#4141);
#864=VERTEX_POINT('',#4146);
#865=VERTEX_POINT('',#4147);
#866=VERTEX_POINT('',#4150);
#867=VERTEX_POINT('',#4151);
#868=VERTEX_POINT('',#4161);
#869=VERTEX_POINT('',#4162);
#870=VERTEX_POINT('',#4178);
#871=VERTEX_POINT('',#4179);
#872=CIRCLE('',#1317,0.000635000000254);
#873=CIRCLE('',#1318,0.000635000000254);
#874=CIRCLE('',#1323,0.000635000000254);
#875=CIRCLE('',#1324,0.000635000000254);
#876=CIRCLE('',#1325,0.000635000000254);
#877=CIRCLE('',#1326,0.000635000000254);
#878=CIRCLE('',#1329,0.002675000009654);
#879=CIRCLE('',#1330,0.002675000009654);
#880=CIRCLE('',#1331,0.002675000009654);
#881=CIRCLE('',#1332,0.002675000009654);
#882=CIRCLE('',#1335,0.003964999995054);
#883=CIRCLE('',#1336,0.003964999995054);
#884=CIRCLE('',#1340,0.003964999995054);
#885=CIRCLE('',#1341,0.003964999995054);
#886=CIRCLE('',#1342,0.003964999995054);
#887=CIRCLE('',#1343,0.003964999995054);
#888=CIRCLE('',#1344,0.003964999995054);
#889=CIRCLE('',#1345,0.003964999995054);
#890=CIRCLE('',#1347,0.00317499999931021);
#891=CIRCLE('',#1349,0.00267500000484593);
#892=CIRCLE('',#1351,0.00317500000154827);
#893=CIRCLE('',#1366,0.002035999992254);
#894=CIRCLE('',#1367,0.002035999992254);
#895=CIRCLE('',#1368,0.002035999992254);
#896=CIRCLE('',#1369,0.002035999992254);
#897=CIRCLE('',#1377,0.0026750000096542);
#898=CIRCLE('',#1379,0.00267500000965402);
#899=CIRCLE('',#1381,0.002675000009654);
#900=CIRCLE('',#1382,0.002675000009654);
#901=CIRCLE('',#1386,0.002035999992254);
#902=CIRCLE('',#1387,0.002035999992254);
#903=CIRCLE('',#1388,0.002035999992254);
#904=CIRCLE('',#1389,0.002035999992254);
#905=CIRCLE('',#1399,0.002286000000254);
#906=CIRCLE('',#1400,0.002286000000254);
#907=CIRCLE('',#1404,0.000649999995654);
#908=CIRCLE('',#1405,0.000649999995654);
#909=CIRCLE('',#1409,0.002286000000254);
#910=CIRCLE('',#1410,0.002286000000254);
#911=CIRCLE('',#1412,0.000649999995654);
#912=CIRCLE('',#1417,0.000635000000254);
#913=CIRCLE('',#1418,0.000635000000254);
#914=CIRCLE('',#1421,0.000508000000254);
#915=CIRCLE('',#1422,0.000508000000254);
#916=CIRCLE('',#1423,0.000508000000254);
#917=CIRCLE('',#1424,0.000508000000254);
#918=EDGE_LOOP('',(#267,#268,#269,#270));
#919=EDGE_LOOP('',(#271,#272));
#920=EDGE_LOOP('',(#273,#274));
#921=EDGE_LOOP('',(#275,#276));
#922=EDGE_LOOP('',(#277));
#923=EDGE_LOOP('',(#278,#279,#280));
#924=EDGE_LOOP('',(#281,#282,#283,#284));
#925=EDGE_LOOP('',(#285));
#926=EDGE_LOOP('',(#286,#287));
#927=EDGE_LOOP('',(#288,#289,#290,#291,#292));
#928=EDGE_LOOP('',(#293,#294,#295));
#929=EDGE_LOOP('',(#296,#297,#298,#299,#300,#301,#302,#303,#304,#305,#306,
#307,#308,#309,#310,#311,#312,#313,#314,#315));
#930=EDGE_LOOP('',(#316,#317));
#931=EDGE_LOOP('',(#318,#319,#320,#321,#322,#323,#324,#325,#326,#327));
#932=EDGE_LOOP('',(#328,#329,#330,#331,#332,#333,#334,#335,#336,#337,#338,
#339,#340,#341,#342,#343,#344,#345,#346,#347));
#933=EDGE_LOOP('',(#348,#349,#350,#351));
#934=EDGE_LOOP('',(#352,#353,#354,#355,#356));
#935=EDGE_LOOP('',(#357,#358,#359,#360));
#936=EDGE_LOOP('',(#361,#362,#363,#364));
#937=EDGE_LOOP('',(#365,#366,#367,#368));
#938=EDGE_LOOP('',(#369,#370,#371,#372));
#939=EDGE_LOOP('',(#373,#374,#375,#376));
#940=EDGE_LOOP('',(#377,#378,#379,#380));
#941=EDGE_LOOP('',(#381,#382,#383,#384));
#942=EDGE_LOOP('',(#385,#386,#387,#388));
#943=EDGE_LOOP('',(#389,#390,#391,#392));
#944=EDGE_LOOP('',(#393,#394,#395,#396));
#945=EDGE_LOOP('',(#397,#398,#399,#400));
#946=EDGE_LOOP('',(#401,#402,#403,#404));
#947=EDGE_LOOP('',(#405,#406,#407,#408));
#948=EDGE_LOOP('',(#409,#410,#411,#412));
#949=EDGE_LOOP('',(#413,#414,#415,#416,#417,#418,#419,#420,#421,#422,#423,
#424,#425,#426));
#950=EDGE_LOOP('',(#427,#428,#429,#430,#431,#432,#433,#434,#435,#436));
#951=EDGE_LOOP('',(#437,#438,#439,#440));
#952=EDGE_LOOP('',(#441,#442,#443,#444));
#953=EDGE_LOOP('',(#445,#446,#447,#448));
#954=EDGE_LOOP('',(#449,#450,#451,#452));
#955=EDGE_LOOP('',(#453,#454,#455,#456));
#956=EDGE_LOOP('',(#457,#458,#459,#460));
#957=EDGE_LOOP('',(#461,#462,#463));
#958=EDGE_LOOP('',(#464,#465,#466,#467));
#959=EDGE_LOOP('',(#468,#469,#470));
#960=EDGE_LOOP('',(#471,#472));
#961=EDGE_LOOP('',(#473,#474,#475,#476));
#962=EDGE_LOOP('',(#477,#478,#479,#480));
#963=EDGE_LOOP('',(#481,#482));
#964=EDGE_LOOP('',(#483,#484,#485,#486,#487,#488,#489,#490,#491,#492));
#965=EDGE_LOOP('',(#493,#494,#495,#496));
#966=EDGE_LOOP('',(#497,#498,#499,#500));
#967=EDGE_LOOP('',(#501,#502,#503,#504));
#968=EDGE_LOOP('',(#505,#506,#507,#508));
#969=EDGE_LOOP('',(#509,#510,#511,#512));
#970=EDGE_LOOP('',(#513,#514,#515,#516));
#971=EDGE_LOOP('',(#517,#518,#519,#520));
#972=EDGE_LOOP('',(#521,#522,#523,#524));
#973=EDGE_LOOP('',(#525,#526));
#974=EDGE_LOOP('',(#527,#528));
#975=EDGE_LOOP('',(#529,#530,#531,#532,#533,#534));
#976=EDGE_LOOP('',(#535,#536,#537,#538));
#977=EDGE_LOOP('',(#539,#540));
#978=EDGE_LOOP('',(#541,#542));
#979=EDGE_LOOP('',(#543,#544,#545,#546,#547,#548));
#980=EDGE_LOOP('',(#549,#550,#551,#552));
#981=EDGE_LOOP('',(#553,#554));
#982=EDGE_LOOP('',(#555,#556));
#983=EDGE_LOOP('',(#557));
#984=EDGE_LOOP('',(#558,#559));
#985=EDGE_LOOP('',(#560,#561));
#986=EDGE_LOOP('',(#562,#563));
#987=EDGE_LOOP('',(#564));
#988=EDGE_LOOP('',(#565,#566,#567,#568));
#989=EDGE_LOOP('',(#569,#570));
#990=EDGE_LOOP('',(#571,#572));
#991=EDGE_LOOP('',(#573,#574));
#992=EDGE_LOOP('',(#575,#576));
#993=EDGE_LOOP('',(#577,#578));
#994=EDGE_LOOP('',(#579,#580));
#995=FACE_BOUND('',#918,.T.);
#996=FACE_BOUND('',#919,.T.);
#997=FACE_BOUND('',#920,.T.);
#998=FACE_BOUND('',#921,.T.);
#999=FACE_BOUND('',#922,.T.);
#1000=FACE_BOUND('',#923,.T.);
#1001=FACE_BOUND('',#924,.T.);
#1002=FACE_BOUND('',#925,.T.);
#1003=FACE_BOUND('',#926,.T.);
#1004=FACE_BOUND('',#927,.T.);
#1005=FACE_BOUND('',#928,.T.);
#1006=FACE_BOUND('',#929,.T.);
#1007=FACE_BOUND('',#930,.T.);
#1008=FACE_BOUND('',#931,.T.);
#1009=FACE_BOUND('',#932,.T.);
#1010=FACE_BOUND('',#933,.T.);
#1011=FACE_BOUND('',#934,.T.);
#1012=FACE_BOUND('',#935,.T.);
#1013=FACE_BOUND('',#936,.T.);
#1014=FACE_BOUND('',#937,.T.);
#1015=FACE_BOUND('',#938,.T.);
#1016=FACE_BOUND('',#939,.T.);
#1017=FACE_BOUND('',#940,.T.);
#1018=FACE_BOUND('',#941,.T.);
#1019=FACE_BOUND('',#942,.T.);
#1020=FACE_BOUND('',#943,.T.);
#1021=FACE_BOUND('',#944,.T.);
#1022=FACE_BOUND('',#945,.T.);
#1023=FACE_BOUND('',#946,.T.);
#1024=FACE_BOUND('',#947,.T.);
#1025=FACE_BOUND('',#948,.T.);
#1026=FACE_BOUND('',#949,.T.);
#1027=FACE_BOUND('',#950,.T.);
#1028=FACE_BOUND('',#951,.T.);
#1029=FACE_BOUND('',#952,.T.);
#1030=FACE_BOUND('',#953,.T.);
#1031=FACE_BOUND('',#954,.T.);
#1032=FACE_BOUND('',#955,.T.);
#1033=FACE_BOUND('',#956,.T.);
#1034=FACE_BOUND('',#957,.T.);
#1035=FACE_BOUND('',#958,.T.);
#1036=FACE_BOUND('',#959,.T.);
#1037=FACE_BOUND('',#960,.T.);
#1038=FACE_BOUND('',#961,.T.);
#1039=FACE_BOUND('',#962,.T.);
#1040=FACE_BOUND('',#963,.T.);
#1041=FACE_BOUND('',#964,.T.);
#1042=FACE_BOUND('',#965,.T.);
#1043=FACE_BOUND('',#966,.T.);
#1044=FACE_BOUND('',#967,.T.);
#1045=FACE_BOUND('',#968,.T.);
#1046=FACE_BOUND('',#969,.T.);
#1047=FACE_BOUND('',#970,.T.);
#1048=FACE_BOUND('',#971,.T.);
#1049=FACE_BOUND('',#972,.T.);
#1050=FACE_BOUND('',#973,.T.);
#1051=FACE_BOUND('',#974,.T.);
#1052=FACE_BOUND('',#975,.T.);
#1053=FACE_BOUND('',#976,.T.);
#1054=FACE_BOUND('',#977,.T.);
#1055=FACE_BOUND('',#978,.T.);
#1056=FACE_BOUND('',#979,.T.);
#1057=FACE_BOUND('',#980,.T.);
#1058=FACE_BOUND('',#981,.T.);
#1059=FACE_BOUND('',#982,.T.);
#1060=FACE_BOUND('',#983,.T.);
#1061=FACE_BOUND('',#984,.T.);
#1062=FACE_BOUND('',#985,.T.);
#1063=FACE_BOUND('',#986,.T.);
#1064=FACE_BOUND('',#987,.T.);
#1065=FACE_BOUND('',#988,.T.);
#1066=FACE_BOUND('',#989,.T.);
#1067=FACE_BOUND('',#990,.T.);
#1068=FACE_BOUND('',#991,.T.);
#1069=FACE_BOUND('',#992,.T.);
#1070=FACE_BOUND('',#993,.T.);
#1071=FACE_BOUND('',#994,.T.);
#1072=CYLINDRICAL_SURFACE('',#1316,0.000635000000254);
#1073=CYLINDRICAL_SURFACE('',#1322,0.000635000000254);
#1074=CYLINDRICAL_SURFACE('',#1328,0.002675000009654);
#1075=CYLINDRICAL_SURFACE('',#1339,0.003964999995054);
#1076=CYLINDRICAL_SURFACE('',#1352,0.003175000000254);
#1077=CYLINDRICAL_SURFACE('',#1353,0.003175000000254);
#1078=CYLINDRICAL_SURFACE('',#1354,0.003175000000254);
#1079=CYLINDRICAL_SURFACE('',#1355,0.003175000000254);
#1080=CYLINDRICAL_SURFACE('',#1356,0.003175000000254);
#1081=CYLINDRICAL_SURFACE('',#1357,0.003175000000254);
#1082=CYLINDRICAL_SURFACE('',#1358,0.003175000000254);
#1083=CYLINDRICAL_SURFACE('',#1359,0.003175000000254);
#1084=CYLINDRICAL_SURFACE('',#1360,0.003175000000254);
#1085=CYLINDRICAL_SURFACE('',#1361,0.003175000000254);
#1086=CYLINDRICAL_SURFACE('',#1362,0.003175000000254);
#1087=CYLINDRICAL_SURFACE('',#1363,0.003175000000254);
#1088=CYLINDRICAL_SURFACE('',#1364,0.003175000000254);
#1089=CYLINDRICAL_SURFACE('',#1380,0.002675000009654);
#1090=CYLINDRICAL_SURFACE('',#1385,0.002035999992254);
#1091=CYLINDRICAL_SURFACE('',#1408,0.002286000000254);
#1092=CYLINDRICAL_SURFACE('',#1411,0.000649999995654);
#1093=CYLINDRICAL_SURFACE('',#1416,0.000635000000254);
#1094=CYLINDRICAL_SURFACE('',#1420,0.000508000000254);
#1095=ADVANCED_FACE('',(#995),#1072,.T.);
#1096=ADVANCED_FACE('',(#996),#88,.T.);
#1097=ADVANCED_FACE('',(#997,#998),#1073,.T.);
#1098=ADVANCED_FACE('',(#999,#1000),#1074,.F.);
#1099=ADVANCED_FACE('',(#1001),#29,.F.);
#1100=ADVANCED_FACE('',(#1002,#1003),#89,.F.);
#1101=ADVANCED_FACE('',(#1004),#30,.F.);
#1102=ADVANCED_FACE('',(#1005),#31,.F.);
#1103=ADVANCED_FACE('',(#1006),#27,.T.);
#1104=ADVANCED_FACE('',(#1007,#1008),#1075,.F.);
#1105=ADVANCED_FACE('',(#1009),#28,.T.);
#1106=ADVANCED_FACE('',(#1010),#32,.F.);
#1107=ADVANCED_FACE('',(#1011),#33,.F.);
#1108=ADVANCED_FACE('',(#1012),#34,.F.);
#1109=ADVANCED_FACE('',(#1013),#1076,.F.);
#1110=ADVANCED_FACE('',(#1014),#1077,.F.);
#1111=ADVANCED_FACE('',(#1015),#1078,.F.);
#1112=ADVANCED_FACE('',(#1016),#1079,.F.);
#1113=ADVANCED_FACE('',(#1017),#1080,.F.);
#1114=ADVANCED_FACE('',(#1018),#1081,.F.);
#1115=ADVANCED_FACE('',(#1019),#1082,.F.);
#1116=ADVANCED_FACE('',(#1020),#1083,.F.);
#1117=ADVANCED_FACE('',(#1021),#1084,.F.);
#1118=ADVANCED_FACE('',(#1022),#1085,.F.);
#1119=ADVANCED_FACE('',(#1023),#1086,.F.);
#1120=ADVANCED_FACE('',(#1024),#1087,.F.);
#1121=ADVANCED_FACE('',(#1025),#1088,.F.);
#1122=ADVANCED_FACE('',(#1026,#1027),#90,.F.);
#1123=ADVANCED_FACE('',(#1028),#91,.T.);
#1124=ADVANCED_FACE('',(#1029),#92,.F.);
#1125=ADVANCED_FACE('',(#1030),#93,.T.);
#1126=ADVANCED_FACE('',(#1031),#94,.T.);
#1127=ADVANCED_FACE('',(#1032),#95,.F.);
#1128=ADVANCED_FACE('',(#1033),#96,.T.);
#1129=ADVANCED_FACE('',(#1034),#35,.F.);
#1130=ADVANCED_FACE('',(#1035),#36,.F.);
#1131=ADVANCED_FACE('',(#1036,#1037),#1089,.F.);
#1132=ADVANCED_FACE('',(#1038),#97,.T.);
#1133=ADVANCED_FACE('',(#1039),#98,.T.);
#1134=ADVANCED_FACE('',(#1040,#1041),#1090,.T.);
#1135=ADVANCED_FACE('',(#1042),#99,.T.);
#1136=ADVANCED_FACE('',(#1043),#100,.T.);
#1137=ADVANCED_FACE('',(#1044),#101,.T.);
#1138=ADVANCED_FACE('',(#1045),#102,.T.);
#1139=ADVANCED_FACE('',(#1046),#103,.T.);
#1140=ADVANCED_FACE('',(#1047),#104,.T.);
#1141=ADVANCED_FACE('',(#1048),#105,.T.);
#1142=ADVANCED_FACE('',(#1049),#106,.T.);
#1143=ADVANCED_FACE('',(#1050,#1051),#107,.F.);
#1144=ADVANCED_FACE('',(#1052),#108,.F.);
#1145=ADVANCED_FACE('',(#1053),#109,.T.);
#1146=ADVANCED_FACE('',(#1054,#1055),#110,.F.);
#1147=ADVANCED_FACE('',(#1056),#111,.F.);
#1148=ADVANCED_FACE('',(#1057),#112,.T.);
#1149=ADVANCED_FACE('',(#1058,#1059),#1091,.T.);
#1150=ADVANCED_FACE('',(#1060,#1061),#1092,.F.);
#1151=ADVANCED_FACE('',(#1062,#1063),#113,.F.);
#1152=ADVANCED_FACE('',(#1064),#114,.F.);
#1153=ADVANCED_FACE('',(#1065),#1093,.T.);
#1154=ADVANCED_FACE('',(#1066,#1067),#1094,.T.);
#1155=ADVANCED_FACE('',(#1068,#1069),#115,.T.);
#1156=ADVANCED_FACE('',(#1070,#1071),#116,.F.);
#1157=OPEN_SHELL('',(#1095));
#1158=OPEN_SHELL('',(#1096));
#1159=OPEN_SHELL('',(#1097));
#1160=OPEN_SHELL('',(#1098,#1099,#1100,#1101,#1102,#1103,#1104,#1105,#1106,
#1107,#1108,#1109,#1110,#1111,#1112,#1113,#1114,#1115,#1116,#1117,#1118,
#1119,#1120,#1121,#1122,#1123,#1124,#1125,#1126,#1127,#1128,#1129,#1130,
#1131,#1132,#1133,#1134,#1135,#1136,#1137,#1138,#1139,#1140,#1141,#1142,
#1143,#1144,#1145,#1146,#1147,#1148,#1149,#1150,#1151,#1152));
#1161=OPEN_SHELL('',(#1153));
#1162=OPEN_SHELL('',(#1154,#1155,#1156));
#1163=STYLED_ITEM('',(#1169),#1297);
#1164=STYLED_ITEM('',(#1170),#1298);
#1165=STYLED_ITEM('',(#1171),#1299);
#1166=STYLED_ITEM('',(#1172),#1300);
#1167=STYLED_ITEM('',(#1188),#1301);
#1168=STYLED_ITEM('',(#1189),#1302);
#1169=PRESENTATION_STYLE_ASSIGNMENT((#1190));
#1170=PRESENTATION_STYLE_ASSIGNMENT((#1191));
#1171=PRESENTATION_STYLE_ASSIGNMENT((#1192));
#1172=PRESENTATION_STYLE_ASSIGNMENT((#1193));
#1173=PRESENTATION_STYLE_ASSIGNMENT((#1194));
#1174=PRESENTATION_STYLE_ASSIGNMENT((#1195));
#1175=PRESENTATION_STYLE_ASSIGNMENT((#1196));
#1176=PRESENTATION_STYLE_ASSIGNMENT((#1197));
#1177=PRESENTATION_STYLE_ASSIGNMENT((#1198));
#1178=PRESENTATION_STYLE_ASSIGNMENT((#1199));
#1179=PRESENTATION_STYLE_ASSIGNMENT((#1200));
#1180=PRESENTATION_STYLE_ASSIGNMENT((#1201));
#1181=PRESENTATION_STYLE_ASSIGNMENT((#1202));
#1182=PRESENTATION_STYLE_ASSIGNMENT((#1203));
#1183=PRESENTATION_STYLE_ASSIGNMENT((#1204));
#1184=PRESENTATION_STYLE_ASSIGNMENT((#1205));
#1185=PRESENTATION_STYLE_ASSIGNMENT((#1206));
#1186=PRESENTATION_STYLE_ASSIGNMENT((#1207));
#1187=PRESENTATION_STYLE_ASSIGNMENT((#1208));
#1188=PRESENTATION_STYLE_ASSIGNMENT((#1209));
#1189=PRESENTATION_STYLE_ASSIGNMENT((#1210));
#1190=SURFACE_STYLE_USAGE(.BOTH.,#1211);
#1191=SURFACE_STYLE_USAGE(.BOTH.,#1212);
#1192=SURFACE_STYLE_USAGE(.BOTH.,#1213);
#1193=SURFACE_STYLE_USAGE(.BOTH.,#1214);
#1194=SURFACE_STYLE_USAGE(.BOTH.,#1215);
#1195=SURFACE_STYLE_USAGE(.BOTH.,#1216);
#1196=SURFACE_STYLE_USAGE(.BOTH.,#1217);
#1197=SURFACE_STYLE_USAGE(.BOTH.,#1218);
#1198=SURFACE_STYLE_USAGE(.BOTH.,#1219);
#1199=SURFACE_STYLE_USAGE(.BOTH.,#1220);
#1200=SURFACE_STYLE_USAGE(.BOTH.,#1221);
#1201=SURFACE_STYLE_USAGE(.BOTH.,#1222);
#1202=SURFACE_STYLE_USAGE(.BOTH.,#1223);
#1203=SURFACE_STYLE_USAGE(.BOTH.,#1224);
#1204=SURFACE_STYLE_USAGE(.BOTH.,#1225);
#1205=SURFACE_STYLE_USAGE(.BOTH.,#1226);
#1206=SURFACE_STYLE_USAGE(.BOTH.,#1227);
#1207=SURFACE_STYLE_USAGE(.BOTH.,#1228);
#1208=SURFACE_STYLE_USAGE(.BOTH.,#1229);
#1209=SURFACE_STYLE_USAGE(.BOTH.,#1230);
#1210=SURFACE_STYLE_USAGE(.BOTH.,#1231);
#1211=SURFACE_SIDE_STYLE('',(#1232));
#1212=SURFACE_SIDE_STYLE('',(#1233));
#1213=SURFACE_SIDE_STYLE('',(#1234));
#1214=SURFACE_SIDE_STYLE('',(#1235));
#1215=SURFACE_SIDE_STYLE('',(#1236));
#1216=SURFACE_SIDE_STYLE('',(#1237));
#1217=SURFACE_SIDE_STYLE('',(#1238));
#1218=SURFACE_SIDE_STYLE('',(#1239));
#1219=SURFACE_SIDE_STYLE('',(#1240));
#1220=SURFACE_SIDE_STYLE('',(#1241));
#1221=SURFACE_SIDE_STYLE('',(#1242));
#1222=SURFACE_SIDE_STYLE('',(#1243));
#1223=SURFACE_SIDE_STYLE('',(#1244));
#1224=SURFACE_SIDE_STYLE('',(#1245));
#1225=SURFACE_SIDE_STYLE('',(#1246));
#1226=SURFACE_SIDE_STYLE('',(#1247));
#1227=SURFACE_SIDE_STYLE('',(#1248));
#1228=SURFACE_SIDE_STYLE('',(#1249));
#1229=SURFACE_SIDE_STYLE('',(#1250));
#1230=SURFACE_SIDE_STYLE('',(#1251));
#1231=SURFACE_SIDE_STYLE('',(#1252));
#1232=SURFACE_STYLE_FILL_AREA(#1253);
#1233=SURFACE_STYLE_FILL_AREA(#1254);
#1234=SURFACE_STYLE_FILL_AREA(#1255);
#1235=SURFACE_STYLE_FILL_AREA(#1256);
#1236=SURFACE_STYLE_FILL_AREA(#1257);
#1237=SURFACE_STYLE_FILL_AREA(#1258);
#1238=SURFACE_STYLE_FILL_AREA(#1259);
#1239=SURFACE_STYLE_FILL_AREA(#1260);
#1240=SURFACE_STYLE_FILL_AREA(#1261);
#1241=SURFACE_STYLE_FILL_AREA(#1262);
#1242=SURFACE_STYLE_FILL_AREA(#1263);
#1243=SURFACE_STYLE_FILL_AREA(#1264);
#1244=SURFACE_STYLE_FILL_AREA(#1265);
#1245=SURFACE_STYLE_FILL_AREA(#1266);
#1246=SURFACE_STYLE_FILL_AREA(#1267);
#1247=SURFACE_STYLE_FILL_AREA(#1268);
#1248=SURFACE_STYLE_FILL_AREA(#1269);
#1249=SURFACE_STYLE_FILL_AREA(#1270);
#1250=SURFACE_STYLE_FILL_AREA(#1271);
#1251=SURFACE_STYLE_FILL_AREA(#1272);
#1252=SURFACE_STYLE_FILL_AREA(#1273);
#1253=FILL_AREA_STYLE('',(#1274));
#1254=FILL_AREA_STYLE('',(#1275));
#1255=FILL_AREA_STYLE('',(#1276));
#1256=FILL_AREA_STYLE('',(#1277));
#1257=FILL_AREA_STYLE('',(#1278));
#1258=FILL_AREA_STYLE('',(#1279));
#1259=FILL_AREA_STYLE('',(#1280));
#1260=FILL_AREA_STYLE('',(#1281));
#1261=FILL_AREA_STYLE('',(#1282));
#1262=FILL_AREA_STYLE('',(#1283));
#1263=FILL_AREA_STYLE('',(#1284));
#1264=FILL_AREA_STYLE('',(#1285));
#1265=FILL_AREA_STYLE('',(#1286));
#1266=FILL_AREA_STYLE('',(#1287));
#1267=FILL_AREA_STYLE('',(#1288));
#1268=FILL_AREA_STYLE('',(#1289));
#1269=FILL_AREA_STYLE('',(#1290));
#1270=FILL_AREA_STYLE('',(#1291));
#1271=FILL_AREA_STYLE('',(#1292));
#1272=FILL_AREA_STYLE('',(#1293));
#1273=FILL_AREA_STYLE('',(#1294));
#1274=FILL_AREA_STYLE_COLOUR('',#1295);
#1275=FILL_AREA_STYLE_COLOUR('',#1296);
#1276=FILL_AREA_STYLE_COLOUR('',#1296);
#1277=FILL_AREA_STYLE_COLOUR('',#1296);
#1278=FILL_AREA_STYLE_COLOUR('',#1295);
#1279=FILL_AREA_STYLE_COLOUR('',#1295);
#1280=FILL_AREA_STYLE_COLOUR('',#1295);
#1281=FILL_AREA_STYLE_COLOUR('',#1295);
#1282=FILL_AREA_STYLE_COLOUR('',#1295);
#1283=FILL_AREA_STYLE_COLOUR('',#1295);
#1284=FILL_AREA_STYLE_COLOUR('',#1295);
#1285=FILL_AREA_STYLE_COLOUR('',#1295);
#1286=FILL_AREA_STYLE_COLOUR('',#1295);
#1287=FILL_AREA_STYLE_COLOUR('',#1295);
#1288=FILL_AREA_STYLE_COLOUR('',#1295);
#1289=FILL_AREA_STYLE_COLOUR('',#1295);
#1290=FILL_AREA_STYLE_COLOUR('',#1295);
#1291=FILL_AREA_STYLE_COLOUR('',#10);
#1292=FILL_AREA_STYLE_COLOUR('',#10);
#1293=FILL_AREA_STYLE_COLOUR('',#1295);
#1294=FILL_AREA_STYLE_COLOUR('',#1296);
#1295=COLOUR_RGB('',0.686274509803922,0.607843137254902,0.529411764705882);
#1296=COLOUR_RGB('',1.,0.807843137254902,0.498039215686275);
#1297=SHELL_BASED_SURFACE_MODEL('Surface 4__Surface 4',(#1157));
#1298=SHELL_BASED_SURFACE_MODEL('Surface 6__Surface 6',(#1158));
#1299=SHELL_BASED_SURFACE_MODEL('Surface 2__Surface 2',(#1159));
#1300=SHELL_BASED_SURFACE_MODEL('Surface 3__Surface 3',(#1160));
#1301=SHELL_BASED_SURFACE_MODEL('Surface 5__Surface 5',(#1161));
#1302=SHELL_BASED_SURFACE_MODEL('Surface 1__Surface 1',(#1162));
#1303=SHAPE_DEFINITION_REPRESENTATION(#4223,#1309);
#1304=SHAPE_DEFINITION_REPRESENTATION(#4224,#1310);
#1305=SHAPE_DEFINITION_REPRESENTATION(#4225,#1311);
#1306=SHAPE_DEFINITION_REPRESENTATION(#4226,#1312);
#1307=SHAPE_DEFINITION_REPRESENTATION(#4227,#1313);
#1308=SHAPE_DEFINITION_REPRESENTATION(#4228,#1314);
#1309=SHAPE_REPRESENTATION('Surface 4__Surface 4',(#1315),#4193);
#1310=SHAPE_REPRESENTATION('Surface 6__Surface 6',(#1319),#4194);
#1311=SHAPE_REPRESENTATION('Surface 2__Surface 2',(#1321),#4195);
#1312=SHAPE_REPRESENTATION('Surface 3__Surface 3',(#1327),#4196);
#1313=SHAPE_REPRESENTATION('Surface 5__Surface 5',(#1415),#4197);
#1314=SHAPE_REPRESENTATION('Surface 1__Surface 1',(#1419),#4198);
#1315=AXIS2_PLACEMENT_3D('',#1720,#1427,#1428);
#1316=AXIS2_PLACEMENT_3D('',#1721,#1429,#1430);
#1317=AXIS2_PLACEMENT_3D('',#1722,#1431,#1432);
#1318=AXIS2_PLACEMENT_3D('',#1727,#1434,#1435);
#1319=AXIS2_PLACEMENT_3D('',#1730,#1437,#1438);
#1320=AXIS2_PLACEMENT_3D('',#1731,#1439,#1440);
#1321=AXIS2_PLACEMENT_3D('',#1748,#1441,#1442);
#1322=AXIS2_PLACEMENT_3D('',#1749,#1443,#1444);
#1323=AXIS2_PLACEMENT_3D('',#1750,#1445,#1446);
#1324=AXIS2_PLACEMENT_3D('',#1753,#1447,#1448);
#1325=AXIS2_PLACEMENT_3D('',#1754,#1449,#1450);
#1326=AXIS2_PLACEMENT_3D('',#1757,#1451,#1452);
#1327=AXIS2_PLACEMENT_3D('',#1758,#1453,#1454);
#1328=AXIS2_PLACEMENT_3D('',#1759,#1455,#1456);
#1329=AXIS2_PLACEMENT_3D('',#1760,#1457,#1458);
#1330=AXIS2_PLACEMENT_3D('',#1762,#1459,#1460);
#1331=AXIS2_PLACEMENT_3D('',#1765,#1461,#1462);
#1332=AXIS2_PLACEMENT_3D('',#1767,#1463,#1464);
#1333=AXIS2_PLACEMENT_3D('',#1768,#1465,#1466);
#1334=AXIS2_PLACEMENT_3D('',#1786,#1467,#1468);
#1335=AXIS2_PLACEMENT_3D('',#1787,#1469,#1470);
#1336=AXIS2_PLACEMENT_3D('',#1790,#1471,#1472);
#1337=AXIS2_PLACEMENT_3D('',#1791,#1473,#1474);
#1338=AXIS2_PLACEMENT_3D('',#1810,#1475,#1476);
#1339=AXIS2_PLACEMENT_3D('',#3002,#1477,#1478);
#1340=AXIS2_PLACEMENT_3D('',#3003,#1479,#1480);
#1341=AXIS2_PLACEMENT_3D('',#3006,#1481,#1482);
#1342=AXIS2_PLACEMENT_3D('',#3010,#1484,#1485);
#1343=AXIS2_PLACEMENT_3D('',#3014,#1487,#1488);
#1344=AXIS2_PLACEMENT_3D('',#3016,#1489,#1490);
#1345=AXIS2_PLACEMENT_3D('',#3020,#1492,#1493);
#1346=AXIS2_PLACEMENT_3D('',#3932,#1495,#1496);
#1347=AXIS2_PLACEMENT_3D('',#3937,#1497,#1498);
#1348=AXIS2_PLACEMENT_3D('',#3938,#1499,#1500);
#1349=AXIS2_PLACEMENT_3D('',#3939,#1501,#1502);
#1350=AXIS2_PLACEMENT_3D('',#3942,#1504,#1505);
#1351=AXIS2_PLACEMENT_3D('',#3943,#1506,#1507);
#1352=AXIS2_PLACEMENT_3D('',#3944,#1508,#1509);
#1353=AXIS2_PLACEMENT_3D('',#3946,#1511,#1512);
#1354=AXIS2_PLACEMENT_3D('',#3948,#1514,#1515);
#1355=AXIS2_PLACEMENT_3D('',#3950,#1517,#1518);
#1356=AXIS2_PLACEMENT_3D('',#3952,#1520,#1521);
#1357=AXIS2_PLACEMENT_3D('',#3954,#1523,#1524);
#1358=AXIS2_PLACEMENT_3D('',#3956,#1526,#1527);
#1359=AXIS2_PLACEMENT_3D('',#3958,#1529,#1530);
#1360=AXIS2_PLACEMENT_3D('',#3960,#1532,#1533);
#1361=AXIS2_PLACEMENT_3D('',#3962,#1535,#1536);
#1362=AXIS2_PLACEMENT_3D('',#3964,#1538,#1539);
#1363=AXIS2_PLACEMENT_3D('',#3966,#1541,#1542);
#1364=AXIS2_PLACEMENT_3D('',#3968,#1544,#1545);
#1365=AXIS2_PLACEMENT_3D('',#3969,#1546,#1547);
#1366=AXIS2_PLACEMENT_3D('',#3975,#1550,#1551);
#1367=AXIS2_PLACEMENT_3D('',#3977,#1552,#1553);
#1368=AXIS2_PLACEMENT_3D('',#3989,#1559,#1560);
#1369=AXIS2_PLACEMENT_3D('',#3991,#1561,#1562);
#1370=AXIS2_PLACEMENT_3D('',#4008,#1572,#1573);
#1371=AXIS2_PLACEMENT_3D('',#4012,#1576,#1577);
#1372=AXIS2_PLACEMENT_3D('',#4016,#1580,#1581);
#1373=AXIS2_PLACEMENT_3D('',#4018,#1583,#1584);
#1374=AXIS2_PLACEMENT_3D('',#4022,#1587,#1588);
#1375=AXIS2_PLACEMENT_3D('',#4026,#1591,#1592);
#1376=AXIS2_PLACEMENT_3D('',#4028,#1594,#1595);
#1377=AXIS2_PLACEMENT_3D('',#4034,#1596,#1597);
#1378=AXIS2_PLACEMENT_3D('',#4035,#1598,#1599);
#1379=AXIS2_PLACEMENT_3D('',#4036,#1600,#1601);
#1380=AXIS2_PLACEMENT_3D('',#4037,#1602,#1603);
#1381=AXIS2_PLACEMENT_3D('',#4038,#1604,#1605);
#1382=AXIS2_PLACEMENT_3D('',#4041,#1606,#1607);
#1383=AXIS2_PLACEMENT_3D('',#4042,#1608,#1609);
#1384=AXIS2_PLACEMENT_3D('',#4048,#1613,#1614);
#1385=AXIS2_PLACEMENT_3D('',#4052,#1617,#1618);
#1386=AXIS2_PLACEMENT_3D('',#4053,#1619,#1620);
#1387=AXIS2_PLACEMENT_3D('',#4056,#1621,#1622);
#1388=AXIS2_PLACEMENT_3D('',#4059,#1624,#1625);
#1389=AXIS2_PLACEMENT_3D('',#4064,#1628,#1629);
#1390=AXIS2_PLACEMENT_3D('',#4067,#1631,#1632);
#1391=AXIS2_PLACEMENT_3D('',#4073,#1636,#1637);
#1392=AXIS2_PLACEMENT_3D('',#4077,#1640,#1641);
#1393=AXIS2_PLACEMENT_3D('',#4081,#1644,#1645);
#1394=AXIS2_PLACEMENT_3D('',#4083,#1647,#1648);
#1395=AXIS2_PLACEMENT_3D('',#4087,#1651,#1652);
#1396=AXIS2_PLACEMENT_3D('',#4089,#1654,#1655);
#1397=AXIS2_PLACEMENT_3D('',#4090,#1656,#1657);
#1398=AXIS2_PLACEMENT_3D('',#4091,#1658,#1659);
#1399=AXIS2_PLACEMENT_3D('',#4092,#1660,#1661);
#1400=AXIS2_PLACEMENT_3D('',#4095,#1662,#1663);
#1401=AXIS2_PLACEMENT_3D('',#4096,#1664,#1665);
#1402=AXIS2_PLACEMENT_3D('',#4098,#1667,#1668);
#1403=AXIS2_PLACEMENT_3D('',#4099,#1669,#1670);
#1404=AXIS2_PLACEMENT_3D('',#4100,#1671,#1672);
#1405=AXIS2_PLACEMENT_3D('',#4103,#1673,#1674);
#1406=AXIS2_PLACEMENT_3D('',#4104,#1675,#1676);
#1407=AXIS2_PLACEMENT_3D('',#4106,#1678,#1679);
#1408=AXIS2_PLACEMENT_3D('',#4107,#1680,#1681);
#1409=AXIS2_PLACEMENT_3D('',#4108,#1682,#1683);
#1410=AXIS2_PLACEMENT_3D('',#4111,#1684,#1685);
#1411=AXIS2_PLACEMENT_3D('',#4112,#1686,#1687);
#1412=AXIS2_PLACEMENT_3D('',#4113,#1688,#1689);
#1413=AXIS2_PLACEMENT_3D('',#4115,#1690,#1691);
#1414=AXIS2_PLACEMENT_3D('',#4132,#1692,#1693);
#1415=AXIS2_PLACEMENT_3D('',#4133,#1694,#1695);
#1416=AXIS2_PLACEMENT_3D('',#4134,#1696,#1697);
#1417=AXIS2_PLACEMENT_3D('',#4138,#1699,#1700);
#1418=AXIS2_PLACEMENT_3D('',#4142,#1702,#1703);
#1419=AXIS2_PLACEMENT_3D('',#4143,#1704,#1705);
#1420=AXIS2_PLACEMENT_3D('',#4144,#1706,#1707);
#1421=AXIS2_PLACEMENT_3D('',#4145,#1708,#1709);
#1422=AXIS2_PLACEMENT_3D('',#4148,#1710,#1711);
#1423=AXIS2_PLACEMENT_3D('',#4149,#1712,#1713);
#1424=AXIS2_PLACEMENT_3D('',#4152,#1714,#1715);
#1425=AXIS2_PLACEMENT_3D('',#4153,#1716,#1717);
#1426=AXIS2_PLACEMENT_3D('',#4170,#1718,#1719);
#1427=DIRECTION('',(0.,0.,1.));
#1428=DIRECTION('',(1.,0.,0.));
#1429=DIRECTION('',(0.,1.,0.));
#1430=DIRECTION('',(0.,0.,1.));
#1431=DIRECTION('',(0.,1.,0.));
#1432=DIRECTION('',(0.,0.,1.));
#1433=DIRECTION('',(0.,1.,0.));
#1434=DIRECTION('',(0.,1.,0.));
#1435=DIRECTION('',(0.,0.,1.));
#1436=DIRECTION('',(0.,1.,0.));
#1437=DIRECTION('',(0.,0.,1.));
#1438=DIRECTION('',(1.,0.,0.));
#1439=DIRECTION('',(0.,1.,0.));
#1440=DIRECTION('',(0.,0.,1.));
#1441=DIRECTION('',(0.,0.,1.));
#1442=DIRECTION('',(1.,0.,0.));
#1443=DIRECTION('',(0.,-1.,0.));
#1444=DIRECTION('',(0.,0.,-1.));
#1445=DIRECTION('',(0.,-1.,0.));
#1446=DIRECTION('',(0.,0.,-1.));
#1447=DIRECTION('',(0.,-1.,0.));
#1448=DIRECTION('',(0.,0.,-1.));
#1449=DIRECTION('',(0.,-1.,0.));
#1450=DIRECTION('',(0.,0.,-1.));
#1451=DIRECTION('',(0.,-1.,0.));
#1452=DIRECTION('',(0.,0.,-1.));
#1453=DIRECTION('',(0.,0.,1.));
#1454=DIRECTION('',(1.,0.,0.));
#1455=DIRECTION('',(0.,-1.,0.));
#1456=DIRECTION('',(0.,0.,-1.));
#1457=DIRECTION('',(0.,1.,0.));
#1458=DIRECTION('',(0.,0.,1.));
#1459=DIRECTION('',(0.,-1.,0.));
#1460=DIRECTION('',(0.,0.,-1.));
#1461=DIRECTION('',(0.,-1.,0.));
#1462=DIRECTION('',(0.,0.,-1.));
#1463=DIRECTION('',(0.,-1.,0.));
#1464=DIRECTION('',(0.,0.,-1.));
#1465=DIRECTION('',(0.,1.,0.));
#1466=DIRECTION('',(0.,0.,1.));
#1467=DIRECTION('',(0.,1.,0.));
#1468=DIRECTION('',(0.,0.,1.));
#1469=DIRECTION('',(0.,1.,0.));
#1470=DIRECTION('',(0.,0.,1.));
#1471=DIRECTION('',(0.,1.,0.));
#1472=DIRECTION('',(0.,0.,1.));
#1473=DIRECTION('',(0.,1.,0.));
#1474=DIRECTION('',(0.,0.,1.));
#1475=DIRECTION('',(0.,1.,0.));
#1476=DIRECTION('',(0.,0.,1.));
#1477=DIRECTION('',(0.,-1.,0.));
#1478=DIRECTION('',(0.,0.,-1.));
#1479=DIRECTION('',(0.,-1.,0.));
#1480=DIRECTION('',(0.,0.,-1.));
#1481=DIRECTION('',(0.,-1.,0.));
#1482=DIRECTION('',(0.,0.,-1.));
#1483=DIRECTION('',(0.,-1.,0.));
#1484=DIRECTION('',(0.,-1.,0.));
#1485=DIRECTION('',(0.,0.,-1.));
#1486=DIRECTION('',(0.,-1.,0.));
#1487=DIRECTION('',(0.,-1.,0.));
#1488=DIRECTION('',(0.,0.,-1.));
#1489=DIRECTION('',(0.,-1.,0.));
#1490=DIRECTION('',(0.,0.,-1.));
#1491=DIRECTION('',(0.,-1.,0.));
#1492=DIRECTION('',(0.,-1.,0.));
#1493=DIRECTION('',(0.,0.,-1.));
#1494=DIRECTION('',(0.,-1.,0.));
#1495=DIRECTION('',(0.,-1.,0.));
#1496=DIRECTION('',(0.,0.,-1.));
#1497=DIRECTION('',(0.,-1.,0.));
#1498=DIRECTION('',(0.,0.,-1.));
#1499=DIRECTION('',(0.,-1.,0.));
#1500=DIRECTION('',(0.,0.,-1.));
#1501=DIRECTION('',(0.,-1.,0.));
#1502=DIRECTION('',(0.,0.,-1.));
#1503=DIRECTION('',(1.02056009814446E-15,-0.707106781186546,-0.707106781186549));
#1504=DIRECTION('',(0.,1.,0.));
#1505=DIRECTION('',(0.,0.,1.));
#1506=DIRECTION('',(0.,1.,0.));
#1507=DIRECTION('',(0.,0.,1.));
#1508=DIRECTION('',(0.,-1.,0.));
#1509=DIRECTION('',(0.,0.,-1.));
#1510=DIRECTION('',(0.,-1.,0.));
#1511=DIRECTION('',(0.,-1.,0.));
#1512=DIRECTION('',(0.,0.,-1.));
#1513=DIRECTION('',(0.,-1.,0.));
#1514=DIRECTION('',(0.,-1.,0.));
#1515=DIRECTION('',(0.,0.,-1.));
#1516=DIRECTION('',(0.,-1.,0.));
#1517=DIRECTION('',(0.,-1.,0.));
#1518=DIRECTION('',(0.,0.,-1.));
#1519=DIRECTION('',(0.,-1.,0.));
#1520=DIRECTION('',(0.,-1.,0.));
#1521=DIRECTION('',(0.,0.,-1.));
#1522=DIRECTION('',(0.,-1.,0.));
#1523=DIRECTION('',(0.,-1.,0.));
#1524=DIRECTION('',(0.,0.,-1.));
#1525=DIRECTION('',(0.,-1.,0.));
#1526=DIRECTION('',(0.,-1.,0.));
#1527=DIRECTION('',(0.,0.,-1.));
#1528=DIRECTION('',(0.,-1.,0.));
#1529=DIRECTION('',(0.,-1.,0.));
#1530=DIRECTION('',(0.,0.,-1.));
#1531=DIRECTION('',(0.,-1.,0.));
#1532=DIRECTION('',(0.,-1.,0.));
#1533=DIRECTION('',(0.,0.,-1.));
#1534=DIRECTION('',(0.,-1.,0.));
#1535=DIRECTION('',(0.,-1.,0.));
#1536=DIRECTION('',(0.,0.,-1.));
#1537=DIRECTION('',(0.,-1.,0.));
#1538=DIRECTION('',(0.,-1.,0.));
#1539=DIRECTION('',(0.,0.,-1.));
#1540=DIRECTION('',(0.,-1.,0.));
#1541=DIRECTION('',(0.,-1.,0.));
#1542=DIRECTION('',(0.,0.,-1.));
#1543=DIRECTION('',(0.,-1.,0.));
#1544=DIRECTION('',(0.,-1.,0.));
#1545=DIRECTION('',(0.,0.,-1.));
#1546=DIRECTION('',(0.,-1.,0.));
#1547=DIRECTION('',(0.,0.,-1.));
#1548=DIRECTION('',(1.,0.,0.));
#1549=DIRECTION('',(0.,0.,1.));
#1550=DIRECTION('',(0.,-1.,0.));
#1551=DIRECTION('',(0.,0.,-1.));
#1552=DIRECTION('',(0.,-1.,0.));
#1553=DIRECTION('',(0.,0.,-1.));
#1554=DIRECTION('',(0.,0.,-1.));
#1555=DIRECTION('',(1.,0.,0.));
#1556=DIRECTION('',(0.,0.,1.));
#1557=DIRECTION('',(-1.,0.,0.));
#1558=DIRECTION('',(0.,0.,-1.));
#1559=DIRECTION('',(0.,-1.,0.));
#1560=DIRECTION('',(0.,0.,-1.));
#1561=DIRECTION('',(0.,-1.,0.));
#1562=DIRECTION('',(0.,0.,-1.));
#1563=DIRECTION('',(0.,0.,1.));
#1564=DIRECTION('',(-1.,0.,0.));
#1565=DIRECTION('',(0.,0.,-1.));
#1566=DIRECTION('',(1.,0.,0.));
#1567=DIRECTION('',(0.,0.,1.));
#1568=DIRECTION('',(0.,0.,-1.));
#1569=DIRECTION('',(1.,0.,0.));
#1570=DIRECTION('',(0.,0.,1.));
#1571=DIRECTION('',(0.,0.,-1.));
#1572=DIRECTION('',(-1.,0.,0.));
#1573=DIRECTION('',(0.,0.,1.));
#1574=DIRECTION('',(0.,0.,1.));
#1575=DIRECTION('',(0.,1.,0.));
#1576=DIRECTION('',(0.,-1.,0.));
#1577=DIRECTION('',(0.,0.,-1.));
#1578=DIRECTION('',(-1.,0.,0.));
#1579=DIRECTION('',(0.,0.,-1.));
#1580=DIRECTION('',(1.,0.,0.));
#1581=DIRECTION('',(0.,0.,-1.));
#1582=DIRECTION('',(0.,1.,0.));
#1583=DIRECTION('',(-1.,0.,0.));
#1584=DIRECTION('',(0.,0.,1.));
#1585=DIRECTION('',(0.,0.,1.));
#1586=DIRECTION('',(0.,1.,0.));
#1587=DIRECTION('',(0.,-1.,0.));
#1588=DIRECTION('',(0.,0.,-1.));
#1589=DIRECTION('',(-1.,0.,0.));
#1590=DIRECTION('',(0.,0.,-1.));
#1591=DIRECTION('',(1.,0.,0.));
#1592=DIRECTION('',(0.,0.,-1.));
#1593=DIRECTION('',(0.,1.,0.));
#1594=DIRECTION('',(0.,-1.,0.));
#1595=DIRECTION('',(0.,0.,-1.));
#1596=DIRECTION('',(0.,-1.,0.));
#1597=DIRECTION('',(0.,0.,-1.));
#1598=DIRECTION('',(0.,-1.,0.));
#1599=DIRECTION('',(0.,0.,-1.));
#1600=DIRECTION('',(0.,-1.,0.));
#1601=DIRECTION('',(0.,0.,-1.));
#1602=DIRECTION('',(0.,-1.,0.));
#1603=DIRECTION('',(0.,0.,-1.));
#1604=DIRECTION('',(0.,-1.,0.));
#1605=DIRECTION('',(0.,0.,-1.));
#1606=DIRECTION('',(0.,-1.,0.));
#1607=DIRECTION('',(0.,0.,-1.));
#1608=DIRECTION('',(-1.,0.,0.));
#1609=DIRECTION('',(0.,0.,1.));
#1610=DIRECTION('',(0.,1.,0.));
#1611=DIRECTION('',(0.,1.,0.));
#1612=DIRECTION('',(0.,0.,1.));
#1613=DIRECTION('',(0.,0.,-1.));
#1614=DIRECTION('',(-1.,0.,0.));
#1615=DIRECTION('',(0.,1.,0.));
#1616=DIRECTION('',(-1.,0.,0.));
#1617=DIRECTION('',(0.,-1.,0.));
#1618=DIRECTION('',(0.,0.,-1.));
#1619=DIRECTION('',(0.,-1.,0.));
#1620=DIRECTION('',(0.,0.,-1.));
#1621=DIRECTION('',(0.,-1.,0.));
#1622=DIRECTION('',(0.,0.,-1.));
#1623=DIRECTION('',(0.,1.,0.));
#1624=DIRECTION('',(0.,-1.,0.));
#1625=DIRECTION('',(0.,0.,-1.));
#1626=DIRECTION('',(0.,1.,0.));
#1627=DIRECTION('',(0.,1.,0.));
#1628=DIRECTION('',(0.,-1.,0.));
#1629=DIRECTION('',(0.,0.,-1.));
#1630=DIRECTION('',(0.,1.,0.));
#1631=DIRECTION('',(0.,0.,-1.));
#1632=DIRECTION('',(-1.,0.,0.));
#1633=DIRECTION('',(0.,1.,0.));
#1634=DIRECTION('',(0.,1.,0.));
#1635=DIRECTION('',(-1.,0.,0.));
#1636=DIRECTION('',(1.,0.,0.));
#1637=DIRECTION('',(0.,0.,-1.));
#1638=DIRECTION('',(0.,1.,0.));
#1639=DIRECTION('',(0.,0.,-1.));
#1640=DIRECTION('',(0.,0.,1.));
#1641=DIRECTION('',(1.,0.,0.));
#1642=DIRECTION('',(0.,1.,0.));
#1643=DIRECTION('',(1.,0.,0.));
#1644=DIRECTION('',(-1.,0.,0.));
#1645=DIRECTION('',(0.,0.,1.));
#1646=DIRECTION('',(0.,0.,1.));
#1647=DIRECTION('',(1.,0.,0.));
#1648=DIRECTION('',(0.,0.,-1.));
#1649=DIRECTION('',(0.,0.,-1.));
#1650=DIRECTION('',(0.,1.,0.));
#1651=DIRECTION('',(0.,0.,1.));
#1652=DIRECTION('',(1.,0.,0.));
#1653=DIRECTION('',(1.,0.,0.));
#1654=DIRECTION('',(0.,0.,-1.));
#1655=DIRECTION('',(-1.,0.,0.));
#1656=DIRECTION('',(0.,0.,-1.));
#1657=DIRECTION('',(-1.,0.,0.));
#1658=DIRECTION('',(0.,1.,0.));
#1659=DIRECTION('',(0.,0.,1.));
#1660=DIRECTION('',(0.,-1.,0.));
#1661=DIRECTION('',(0.,0.,-1.));
#1662=DIRECTION('',(0.,-1.,0.));
#1663=DIRECTION('',(0.,0.,-1.));
#1664=DIRECTION('',(0.,-1.,0.));
#1665=DIRECTION('',(0.,0.,-1.));
#1666=DIRECTION('',(0.,0.,-1.));
#1667=DIRECTION('',(1.,0.,0.));
#1668=DIRECTION('',(0.,0.,-1.));
#1669=DIRECTION('',(0.,-1.,0.));
#1670=DIRECTION('',(0.,0.,-1.));
#1671=DIRECTION('',(0.,-1.,0.));
#1672=DIRECTION('',(0.,0.,-1.));
#1673=DIRECTION('',(0.,-1.,0.));
#1674=DIRECTION('',(0.,0.,-1.));
#1675=DIRECTION('',(0.,-1.,0.));
#1676=DIRECTION('',(0.,0.,-1.));
#1677=DIRECTION('',(0.,0.,1.));
#1678=DIRECTION('',(-1.,0.,0.));
#1679=DIRECTION('',(0.,0.,1.));
#1680=DIRECTION('',(0.,-1.,0.));
#1681=DIRECTION('',(0.,0.,-1.));
#1682=DIRECTION('',(0.,-1.,0.));
#1683=DIRECTION('',(0.,0.,-1.));
#1684=DIRECTION('',(0.,-1.,0.));
#1685=DIRECTION('',(0.,0.,-1.));
#1686=DIRECTION('',(0.,1.,0.));
#1687=DIRECTION('',(0.,0.,1.));
#1688=DIRECTION('',(0.,-1.,0.));
#1689=DIRECTION('',(0.,0.,-1.));
#1690=DIRECTION('',(0.,1.,0.));
#1691=DIRECTION('',(0.,0.,1.));
#1692=DIRECTION('',(0.,-1.,0.));
#1693=DIRECTION('',(0.,0.,-1.));
#1694=DIRECTION('',(0.,0.,1.));
#1695=DIRECTION('',(1.,0.,0.));
#1696=DIRECTION('',(0.,1.,0.));
#1697=DIRECTION('',(0.,0.,1.));
#1698=DIRECTION('',(0.,1.,0.));
#1699=DIRECTION('',(0.,1.,0.));
#1700=DIRECTION('',(0.,0.,1.));
#1701=DIRECTION('',(0.,1.,0.));
#1702=DIRECTION('',(0.,1.,0.));
#1703=DIRECTION('',(0.,0.,1.));
#1704=DIRECTION('',(0.,0.,1.));
#1705=DIRECTION('',(1.,0.,0.));
#1706=DIRECTION('',(0.,-1.,0.));
#1707=DIRECTION('',(0.,0.,-1.));
#1708=DIRECTION('',(0.,-1.,0.));
#1709=DIRECTION('',(0.,0.,-1.));
#1710=DIRECTION('',(0.,-1.,0.));
#1711=DIRECTION('',(0.,0.,-1.));
#1712=DIRECTION('',(0.,-1.,0.));
#1713=DIRECTION('',(0.,0.,-1.));
#1714=DIRECTION('',(0.,-1.,0.));
#1715=DIRECTION('',(0.,0.,-1.));
#1716=DIRECTION('',(0.,1.,0.));
#1717=DIRECTION('',(0.,0.,1.));
#1718=DIRECTION('',(0.,1.,0.));
#1719=DIRECTION('',(0.,0.,1.));
#1720=CARTESIAN_POINT('',(0.,0.,0.));
#1721=CARTESIAN_POINT('',(0.,0.004711999948854,0.));
#1722=CARTESIAN_POINT('',(0.,0.005727999948854,0.));
#1723=CARTESIAN_POINT('',(-2.60480790325366E-13,0.005727999948854,-0.000635000000254));
#1724=CARTESIAN_POINT('',(0.,0.005727999948854,0.000635000000254));
#1725=CARTESIAN_POINT('',(-2.60480790325366E-13,0.004711999948854,-0.000635000000254));
#1726=CARTESIAN_POINT('',(-2.60480790325366E-13,0.003695999948854,-0.000635000000254));
#1727=CARTESIAN_POINT('',(0.,0.003695999948854,0.));
#1728=CARTESIAN_POINT('',(0.,0.003695999948854,0.000635000000254));
#1729=CARTESIAN_POINT('',(0.,0.004711999948854,0.000635000000254));
#1730=CARTESIAN_POINT('',(0.,0.,0.));
#1731=CARTESIAN_POINT('',(-0.00064262,0.0036959999486,-0.00064262));
#1732=CARTESIAN_POINT('',(0.,0.0036959999486,0.00063499999968504));
#1733=CARTESIAN_POINT('',(0.000168045003731845,0.0036959999486,0.00063499999968504));
#1734=CARTESIAN_POINT('',(0.000496476915588861,0.0036959999486,0.00049759338216456));
#1735=CARTESIAN_POINT('',(0.000704340126944737,0.0036959999486,0.));
#1736=CARTESIAN_POINT('',(0.000496162574742431,0.0036959999486,-0.00049759338216456));
#1737=CARTESIAN_POINT('',(0.000168778465706849,0.0036959999486,-0.00063499999968504));
#1738=CARTESIAN_POINT('',(0.,0.0036959999486,-0.00063499999968504));
#1739=CARTESIAN_POINT('',(0.,0.0036959999486,0.00063499999968504));
#1740=CARTESIAN_POINT('',(0.,0.0036959999486,-0.00063499999968504));
#1741=CARTESIAN_POINT('',(0.,0.0036959999486,-0.00063499999968504));
#1742=CARTESIAN_POINT('',(-0.000168045003731917,0.0036959999486,-0.00063499999968504));
#1743=CARTESIAN_POINT('',(-0.000496476915588825,0.0036959999486,-0.00049759338216456));
#1744=CARTESIAN_POINT('',(-0.000704340126944758,0.0036959999486,0.));
#1745=CARTESIAN_POINT('',(-0.000496162574742384,0.0036959999486,0.00049759338216456));
#1746=CARTESIAN_POINT('',(-0.000168778465706945,0.0036959999486,0.00063499999968504));
#1747=CARTESIAN_POINT('',(0.,0.0036959999486,0.00063499999968504));
#1748=CARTESIAN_POINT('',(0.,0.,0.));
#1749=CARTESIAN_POINT('',(0.,0.004711999948854,0.));
#1750=CARTESIAN_POINT('',(0.,0.003695999948854,0.));
#1751=CARTESIAN_POINT('',(-1.55530143553926E-19,0.003695999948854,-0.000635000000254));
#1752=CARTESIAN_POINT('',(-2.60480790325366E-13,0.003695999948854,0.000635000000254));
#1753=CARTESIAN_POINT('',(0.,0.003695999948854,0.));
#1754=CARTESIAN_POINT('',(0.,0.005727999948854,0.));
#1755=CARTESIAN_POINT('',(-2.60480790325366E-13,0.005727999948854,0.000635000000254));
#1756=CARTESIAN_POINT('',(0.,0.005727999948854,-0.000635000000254));
#1757=CARTESIAN_POINT('',(0.,0.005727999948854,0.));
#1758=CARTESIAN_POINT('',(0.,0.,0.));
#1759=CARTESIAN_POINT('',(0.,0.001891000002854,0.));
#1760=CARTESIAN_POINT('',(0.,-0.000393999993399999,0.));
#1761=CARTESIAN_POINT('',(-4.33680868994202E-19,-0.000393999993399999,-0.002675000009654));
#1762=CARTESIAN_POINT('',(0.,0.002527999998854,0.));
#1763=CARTESIAN_POINT('',(0.00267444538482711,0.00252799999872588,-5.44695393596826E-5));
#1764=CARTESIAN_POINT('',(-2.74326082324055E-13,0.00252799999885396,-0.00267500000965405));
#1765=CARTESIAN_POINT('',(0.,0.002527999998854,0.));
#1766=CARTESIAN_POINT('',(-8.20226506070606E-12,0.00252799999885396,0.00267500000965405));
#1767=CARTESIAN_POINT('',(0.,0.002527999998854,0.));
#1768=CARTESIAN_POINT('',(0.,0.002527999998854,0.));
#1769=CARTESIAN_POINT('',(-5.61210018322682E-18,0.00252799999885393,-0.00267500000965411));
#1770=CARTESIAN_POINT('',(-1.07000054065059E-11,0.00255583910666717,-0.00270283911468746));
#1771=CARTESIAN_POINT('',(-2.17340744518637E-11,0.0025836782144804,-0.00273067821972081));
#1772=CARTESIAN_POINT('',(-3.31022127481735E-11,0.00261151732229363,-0.00275851732475416));
#1773=CARTESIAN_POINT('',(-7.1191463457916E-11,0.00261151731933234,-0.00275851732596264));
#1774=CARTESIAN_POINT('',(-7.12160779460921E-11,0.0026115173207227,-0.00275851732318323));
#1775=CARTESIAN_POINT('',(-0.000751311648565432,0.00262483094427989,-0.00277183092601452));
#1776=CARTESIAN_POINT('',(-0.00223388577882367,0.00265630325103267,-0.00216716610741416));
#1777=CARTESIAN_POINT('',(-0.00315315754407251,0.00269758522423717,6.68761730589432E-5));
#1778=CARTESIAN_POINT('',(-0.0022158741649322,0.0027381732403829,0.00228837455526989));
#1779=CARTESIAN_POINT('',(-0.000751114277888574,0.0027683103327868,0.00291531031507158));
#1780=CARTESIAN_POINT('',(-1.76157064155446E-11,0.00278085066100359,0.00292785064655531));
#1781=CARTESIAN_POINT('',(-1.77052857528437E-11,0.00278085065738335,0.00292785065555914));
#1782=CARTESIAN_POINT('',(-1.7654723145608E-11,0.00278085066218151,0.00292785064773318));
#1783=CARTESIAN_POINT('',(-1.72466421960503E-11,0.00269656710773898,0.00284356710170683));
#1784=CARTESIAN_POINT('',(-1.68299128811008E-11,0.00261228355329646,0.00275928355568047));
#1785=CARTESIAN_POINT('',(-1.64045352007597E-11,0.00252799999885393,0.00267500000965411));
#1786=CARTESIAN_POINT('',(-0.0040125800114,-0.0003939999934,-0.0040125800114));
#1787=CARTESIAN_POINT('',(0.,-0.0003939999934,0.));
#1788=CARTESIAN_POINT('',(-1.62646490365655E-12,-0.0003939999934,0.003964999995054));
#1789=CARTESIAN_POINT('',(0.,-0.0003939999934,-0.003964999995054));
#1790=CARTESIAN_POINT('',(0.,-0.0003939999934,0.));
#1791=CARTESIAN_POINT('',(0.,0.002527999998854,0.));
#1792=CARTESIAN_POINT('',(-4.72088616353766E-11,0.0027785519692503,-0.00292555195480187));
#1793=CARTESIAN_POINT('',(-3.05787486046428E-11,0.00283576264185285,-0.00298276263319514));
#1794=CARTESIAN_POINT('',(-1.29188436587246E-11,0.00289297331445539,-0.00303997331158841));
#1795=CARTESIAN_POINT('',(5.7708532023782E-12,0.00295018398705793,-0.00309718398998168));
#1796=CARTESIAN_POINT('',(-5.9894564817466E-11,0.00277855195170606,-0.00292555194988178));
#1797=CARTESIAN_POINT('',(4.44224788414692E-12,0.00295018398935826,-0.00309718399228201));
#1798=CARTESIAN_POINT('',(-5.80056519102769E-11,0.00277855196423553,-0.00292555197503542));
#1799=CARTESIAN_POINT('',(0.000730775008799192,0.0027419209364262,-0.00288892096171535));
#1800=CARTESIAN_POINT('',(0.00213266038384648,0.00265114080320243,-0.00223308115344029));
#1801=CARTESIAN_POINT('',(0.0027057709744871,0.00257419914734253,-0.000785229278223731));
#1802=CARTESIAN_POINT('',(0.00267444538763356,0.00252800000081342,-5.44695391645254E-5));
#1803=CARTESIAN_POINT('',(-1.77558379582644E-11,0.0027808506525852,0.00292785066338509));
#1804=CARTESIAN_POINT('',(0.000796053951627155,0.00279414127718516,0.00294114129281269));
#1805=CARTESIAN_POINT('',(0.00236631640499207,0.00282557573560913,0.00229977522881468));
#1806=CARTESIAN_POINT('',(0.00334086408625609,0.00286683705013782,-6.67119466282953E-5));
#1807=CARTESIAN_POINT('',(0.00234843483402321,0.00290744727760271,-0.00242095012739985));
#1808=CARTESIAN_POINT('',(0.000795853913173752,0.00293762316203622,-0.00308462317202532));
#1809=CARTESIAN_POINT('',(3.15535792824822E-12,0.00295018398903254,-0.00309718399983245));
#1810=CARTESIAN_POINT('',(0.,0.002527999998854,0.));
#1811=CARTESIAN_POINT('',(0.0026744453846829,0.00252799999786895,-5.4469539449564E-5));
#1812=CARTESIAN_POINT('',(0.00267496208421551,0.00254294174207799,-0.000762888989996961));
#1813=CARTESIAN_POINT('',(0.00208880005117662,0.00256815081259507,-0.00214782214523308));
#1814=CARTESIAN_POINT('',(0.000708146339900549,0.00259896860353956,-0.00274596863260907));
#1815=CARTESIAN_POINT('',(-7.11668489697399E-11,0.00261151731794199,-0.00275851732874205));
#1816=CARTESIAN_POINT('',(0.00317734109249916,0.00227649998422857,-6.47118611912868E-5));
#1817=CARTESIAN_POINT('',(0.00316867224414796,0.00228783963987143,-0.000490350719613809));
#1818=CARTESIAN_POINT('',(0.00307150982682931,0.00229907161878493,-0.000911947877554689));
#1819=CARTESIAN_POINT('',(0.00274195286852791,0.00231893592864995,-0.00165756327504075));
#1820=CARTESIAN_POINT('',(0.00251323117254497,0.00232796212304949,-0.00198977469922168));
#1821=CARTESIAN_POINT('',(0.00161001331231281,0.00236046633279617,-0.00286547415699845));
#1822=CARTESIAN_POINT('',(0.000737811269393955,0.00238455814014807,-0.00319263240414772));
#1823=CARTESIAN_POINT('',(-0.000858874976334377,0.00242180239447046,-0.00316221455851752));
#1824=CARTESIAN_POINT('',(-0.00172643240423346,0.00244670330281899,-0.00279553502784984));
#1825=CARTESIAN_POINT('',(-0.00258926320189818,0.00247868272459224,-0.00188927904939949));
#1826=CARTESIAN_POINT('',(-0.0028035390610513,0.00248742905825908,-0.00155197448489847));
#1827=CARTESIAN_POINT('',(-0.0031060326233045,0.00250778124074694,-0.000788046580702718));
#1828=CARTESIAN_POINT('',(-0.00318600993472261,0.00251916034399605,-0.000360927009816197));
#1829=CARTESIAN_POINT('',(-0.00316867224399201,0.00254183965136209,0.00049035071178234));
#1830=CARTESIAN_POINT('',(-0.00307150982877815,0.00255307162685228,0.000911947871094179));
#1831=CARTESIAN_POINT('',(-0.00274195287249043,0.00257293592802157,0.00165756326916534));
#1832=CARTESIAN_POINT('',(-0.00251323117716259,0.00258196212286491,0.00198977469336341));
#1833=CARTESIAN_POINT('',(-0.00161001331926588,0.00261446633258275,0.00286547415301988));
#1834=CARTESIAN_POINT('',(-0.000737811276119181,0.00263855814001515,0.00319263240247763));
#1835=CARTESIAN_POINT('',(0.000858874968750932,0.00267580239426961,0.0031622145604602));
#1836=CARTESIAN_POINT('',(0.00172643239746236,0.00270070330260594,0.00279553503211587));
#1837=CARTESIAN_POINT('',(0.00258926319755149,0.00273268272441219,0.00188927905538787));
#1838=CARTESIAN_POINT('',(0.00280353905752239,0.00274142905809053,0.00155197449122514));
#1839=CARTESIAN_POINT('',(0.00310603262141182,0.00276178124055072,0.000788046588067902));
#1840=CARTESIAN_POINT('',(0.00318600993385624,0.00277316034379198,0.000360927017476127));
#1841=CARTESIAN_POINT('',(0.00316867224516911,0.00279583965115968,-0.000490350704184848));
#1842=CARTESIAN_POINT('',(0.00307150983095445,0.00280707162665935,-0.000911947863852628));
#1843=CARTESIAN_POINT('',(0.00274195287622076,0.00282693592785847,-0.00165756326304326));
#1844=CARTESIAN_POINT('',(0.00251323118178022,0.00283596212268034,-0.00198977468750513));
#1845=CARTESIAN_POINT('',(0.00161001332621894,0.00286846633236933,-0.00286547414904133));
#1846=CARTESIAN_POINT('',(0.000737811282844382,0.00289255813988223,-0.00319263240080754));
#1847=CARTESIAN_POINT('',(-0.000858874961167508,0.00292980239406877,-0.00316221456240288));
#1848=CARTESIAN_POINT('',(-0.00172643239069127,0.00295470330239288,-0.00279553503638189));
#1849=CARTESIAN_POINT('',(-0.0025892631932048,0.00298668272423213,-0.00188927906137625));
#1850=CARTESIAN_POINT('',(-0.00280353905399348,0.00299542905792197,-0.00155197449755181));
#1851=CARTESIAN_POINT('',(-0.00310603261951915,0.0030157812403545,-0.000788046595433093));
#1852=CARTESIAN_POINT('',(-0.00318600993298988,0.0030271603435879,-0.000360927025136066));
#1853=CARTESIAN_POINT('',(-0.00316867224634622,0.00304983965095728,0.000490350696587344));
#1854=CARTESIAN_POINT('',(-0.00307150983313077,0.00306107162646643,0.000911947856611063));
#1855=CARTESIAN_POINT('',(-0.0027419528799511,0.00308093592769537,0.00165756325692115));
#1856=CARTESIAN_POINT('',(-0.00251323118639788,0.00308996212249576,0.00198977468164682));
#1857=CARTESIAN_POINT('',(-0.00161001333317207,0.00312246633215591,0.00286547414506273));
#1858=CARTESIAN_POINT('',(-0.000737811289569691,0.00314655813974931,0.00319263239913743));
#1859=CARTESIAN_POINT('',(0.000858874953583979,0.00318380239386792,0.00316221456434559));
#1860=CARTESIAN_POINT('',(0.00172643238392009,0.00320870330217983,0.00279553504064796));
#1861=CARTESIAN_POINT('',(0.00258926318885806,0.00324068272405207,0.0018892790673647));
#1862=CARTESIAN_POINT('',(0.00280353905046451,0.00324942905775342,0.00155197450387859));
#1863=CARTESIAN_POINT('',(0.00310603261762644,0.00326978124015828,0.000788046602798398));
#1864=CARTESIAN_POINT('',(0.0031860099321235,0.00328116034338383,0.000360927032796119));
#1865=CARTESIAN_POINT('',(0.00316867224752335,0.00330383965075486,-0.000490350688989738));
#1866=CARTESIAN_POINT('',(0.00307150983530711,0.0033150716262735,-0.000911947849369407));
#1867=CARTESIAN_POINT('',(0.00274195288368148,0.00333493592753226,-0.00165756325079898));
#1868=CARTESIAN_POINT('',(0.00251323119101558,0.00334396212231118,-0.00198977467578844));
#1869=CARTESIAN_POINT('',(0.00161001334012524,0.00337646633194249,-0.00286547414108411));
#1870=CARTESIAN_POINT('',(0.000737811296295041,0.00340055813961638,-0.00319263239746732));
#1871=CARTESIAN_POINT('',(-0.000858874946000532,0.00343780239366707,-0.00316221456628829));
#1872=CARTESIAN_POINT('',(-0.00172643237714906,0.00346270330196678,-0.00279553504491396));
#1873=CARTESIAN_POINT('',(-0.00258926318451147,0.00349468272387202,-0.00188927907335295));
#1874=CARTESIAN_POINT('',(-0.00280353904693569,0.00350342905758487,-0.00155197451020511));
#1875=CARTESIAN_POINT('',(-0.00310603261573381,0.00352378123996206,-0.0007880466101634));
#1876=CARTESIAN_POINT('',(-0.00318600993125715,0.00353516034317976,-0.000360927040455855));
#1877=CARTESIAN_POINT('',(-0.00316867224870042,0.00355783965055246,0.000490350681392449));
#1878=CARTESIAN_POINT('',(-0.00307150983748336,0.00356907162608058,0.000911947842128053));
#1879=CARTESIAN_POINT('',(-0.0027419528874117,0.00358893592736917,0.00165756324467706));
#1880=CARTESIAN_POINT('',(-0.00251323119563309,0.00359796212212661,0.00198977466993032));
#1881=CARTESIAN_POINT('',(-0.00161001334707813,0.00363046633172907,0.00286547413710565));
#1882=CARTESIAN_POINT('',(-0.000737811303020022,0.00365455813948347,0.00319263239579727));
#1883=CARTESIAN_POINT('',(0.000858874938417222,0.00369180239346623,0.00316221456823092));
#1884=CARTESIAN_POINT('',(0.001726432370378,0.00371670330175373,0.00279553504917995));
#1885=CARTESIAN_POINT('',(0.00258926318016474,0.00374868272369196,0.00188927907934137));
#1886=CARTESIAN_POINT('',(0.00280353904340675,0.00375742905741632,0.00155197451653184));
#1887=CARTESIAN_POINT('',(0.00310603261384112,0.00377778123976584,0.000788046617528658));
#1888=CARTESIAN_POINT('',(0.00318600993039078,0.00378916034297569,0.000360927048115865));
#1889=CARTESIAN_POINT('',(0.00316867224987754,0.00381183965035005,-0.00049035067379487));
#1890=CARTESIAN_POINT('',(0.00307150983965969,0.00382307162588765,-0.000911947834886416));
#1891=CARTESIAN_POINT('',(0.00274195289114208,0.00384293592720606,-0.0016575632385549));
#1892=CARTESIAN_POINT('',(0.00251323120025078,0.00385196212194203,-0.00198977466407196));
#1893=CARTESIAN_POINT('',(0.00161001335403129,0.00388446633151565,-0.00286547413312703));
#1894=CARTESIAN_POINT('',(0.000737811309745344,0.00390855813935055,-0.00319263239412714));
#1895=CARTESIAN_POINT('',(-0.000858874930833678,0.00394580239326539,-0.00316221457017363));
#1896=CARTESIAN_POINT('',(-0.00172643236360681,0.00397070330154068,-0.00279553505344603));
#1897=CARTESIAN_POINT('',(-0.002589263175818,0.0040026827235119,-0.00188927908532982));
#1898=CARTESIAN_POINT('',(-0.0028035390398778,0.00401142905724776,-0.00155197452285858));
#1899=CARTESIAN_POINT('',(-0.00310603261194842,0.00403178123956962,-0.000788046624893929));
#1900=CARTESIAN_POINT('',(-0.00318600992952441,0.00404316034277161,-0.000360927055775887));
#1901=CARTESIAN_POINT('',(-0.00316867225105467,0.00406583965014764,0.000490350666197286));
#1902=CARTESIAN_POINT('',(-0.00307150984183603,0.00407707162569472,0.000911947827644776));
#1903=CARTESIAN_POINT('',(-0.00274195289487245,0.00409693592704296,0.00165756323243273));
#1904=CARTESIAN_POINT('',(-0.00251323120486846,0.00410596212175745,0.00198977465821362));
#1905=CARTESIAN_POINT('',(-0.00161001336098445,0.00413846633130222,0.00286547412914842));
#1906=CARTESIAN_POINT('',(-0.000737811316470637,0.00416255813921764,0.00319263239245703));
#1907=CARTESIAN_POINT('',(0.000858874923250152,0.00419980239306454,0.00316221457211633));
#1908=CARTESIAN_POINT('',(0.00172643235683562,0.00422470330132762,0.00279553505771211));
#1909=CARTESIAN_POINT('',(0.00258926317147125,0.00425668272333184,0.00188927909131828));
#1910=CARTESIAN_POINT('',(0.00280353903634884,0.00426542905707921,0.00155197452918534));
#1911=CARTESIAN_POINT('',(0.00310603261005573,0.0042857812393734,0.000788046632259204));
#1912=CARTESIAN_POINT('',(0.00318600992865803,0.00429716034256754,0.000360927063435904));
#1913=CARTESIAN_POINT('',(0.00316867225223178,0.00431983964994523,-0.000490350658599723));
#1914=CARTESIAN_POINT('',(0.00307150984401236,0.00433107162550179,-0.000911947820403164));
#1915=CARTESIAN_POINT('',(0.00274195289860281,0.00435093592687986,-0.00165756322631059));
#1916=CARTESIAN_POINT('',(0.00251323120948612,0.00435996212157288,-0.00198977465235532));
#1917=CARTESIAN_POINT('',(0.00161001336793747,0.00439246633108881,-0.00286547412516991));
#1918=CARTESIAN_POINT('',(0.000737811323195688,0.00441655813908472,-0.00319263239078698));
#1919=CARTESIAN_POINT('',(-0.000858874915666908,0.0044538023928637,-0.00316221457405897));
#1920=CARTESIAN_POINT('',(-0.00172643235006471,0.00447870330111458,-0.00279553506197802));
#1921=CARTESIAN_POINT('',(-0.00258926316712468,0.00451068272315178,-0.00188927909730649));
#1922=CARTESIAN_POINT('',(-0.00280353903282003,0.00451942905691066,-0.00155197453551184));
#1923=CARTESIAN_POINT('',(-0.0031060326081631,0.00453978123917718,-0.000788046639624186));
#1924=CARTESIAN_POINT('',(-0.00318600992779169,0.00455116034236347,-0.00036092707109563));
#1925=CARTESIAN_POINT('',(-0.00316867225340886,0.00457383964974282,0.000490350651002423));
#1926=CARTESIAN_POINT('',(-0.00307150984618861,0.00458507162530887,0.000911947813161791));
#1927=CARTESIAN_POINT('',(-0.00274195290233305,0.00460493592671676,0.00165756322018865));
#1928=CARTESIAN_POINT('',(-0.00251323121410366,0.00461396212138831,0.00198977464649714));
#1929=CARTESIAN_POINT('',(-0.00161001337489049,0.00464646633087539,0.00286547412119135));
#1930=CARTESIAN_POINT('',(-0.000737811329920984,0.00467055813895179,0.00319263238911687));
#1931=CARTESIAN_POINT('',(0.000858874908083387,0.00470780239266285,0.00316221457600167));
#1932=CARTESIAN_POINT('',(0.00172643234329353,0.00473270330090152,0.00279553506624409));
#1933=CARTESIAN_POINT('',(0.00258926316277794,0.00476468272297172,0.00188927910329494));
#1934=CARTESIAN_POINT('',(0.00280353902929109,0.00477342905674211,0.00155197454183857));
#1935=CARTESIAN_POINT('',(0.00310603260627041,0.00479378123898096,0.000788046646989455));
#1936=CARTESIAN_POINT('',(0.00318600992692532,0.0048051603421594,0.000360927078755649));
#1937=CARTESIAN_POINT('',(0.00316867225458598,0.00482783964954041,-0.000490350643404844));
#1938=CARTESIAN_POINT('',(0.00307150984836494,0.00483907162511594,-0.000911947805920157));
#1939=CARTESIAN_POINT('',(0.00274195290606342,0.00485893592655366,-0.0016575632140665));
#1940=CARTESIAN_POINT('',(0.00251323121872134,0.00486796212120373,-0.0019897746406388));
#1941=CARTESIAN_POINT('',(0.00161001338184364,0.00490046633066197,-0.00286547411721274));
#1942=CARTESIAN_POINT('',(0.000737811336646296,0.00492455813881888,-0.00319263238744676));
#1943=CARTESIAN_POINT('',(-0.000858874900499853,0.00496180239246201,-0.00316221457794437));
#1944=CARTESIAN_POINT('',(-0.00172643233652235,0.00498670330068847,-0.00279553507051017));
#1945=CARTESIAN_POINT('',(-0.00258926315843119,0.00501868272279166,-0.0018892791092834));
#1946=CARTESIAN_POINT('',(-0.00280353902576214,0.00502742905657356,-0.00155197454816532));
#1947=CARTESIAN_POINT('',(-0.00310603260437771,0.00504778123878474,-0.000788046654354723));
#1948=CARTESIAN_POINT('',(-0.00318600992605894,0.00505916034195533,-0.000360927086415663));
#1949=CARTESIAN_POINT('',(-0.0031686722557631,0.00508183964933801,0.000490350635807276));
#1950=CARTESIAN_POINT('',(-0.00307150985054128,0.00509307162492302,0.000911947798678536));
#1951=CARTESIAN_POINT('',(-0.00274195290979379,0.00511293592639055,0.00165756320794435));
#1952=CARTESIAN_POINT('',(-0.00251323122333902,0.00512196212101915,0.00198977463478045));
#1953=CARTESIAN_POINT('',(-0.0016100133887968,0.00515446633044855,0.00286547411323413));
#1954=CARTESIAN_POINT('',(-0.000737811343371661,0.00517855813868595,0.00319263238577664));
#1955=CARTESIAN_POINT('',(0.000858874892916397,0.00521580239226116,0.00316221457988708));
#1956=CARTESIAN_POINT('',(0.00172643232975133,0.00524070330047542,0.00279553507477618));
#1957=CARTESIAN_POINT('',(0.00258926315408461,0.00527268272261161,0.00188927911527164));
#1958=CARTESIAN_POINT('',(0.00280353902223333,0.00528142905640501,0.0015519745544918));
#1959=CARTESIAN_POINT('',(0.00310603260248509,0.00530178123858853,0.00078804666171969));
#1960=CARTESIAN_POINT('',(0.0031860099251926,0.00531316034175126,0.000360927094075373));
#1961=CARTESIAN_POINT('',(0.00316867225694017,0.0053358396491356,-0.000490350628209992));
#1962=CARTESIAN_POINT('',(0.00307150985271752,0.0053470716247301,-0.000911947791437178));
#1963=CARTESIAN_POINT('',(0.00274195291352402,0.00536693592622745,-0.00165756320182242));
#1964=CARTESIAN_POINT('',(0.00251323122795645,0.00537596212083458,-0.00198977462892242));
#1965=CARTESIAN_POINT('',(0.00161001339574961,0.00540846633023513,-0.00286547410925571));
#1966=CARTESIAN_POINT('',(0.000737811350096803,0.00543255813855304,-0.00319263238410656));
#1967=CARTESIAN_POINT('',(-0.000858874885332981,0.00546980239206032,-0.00316221458182974));
#1968=CARTESIAN_POINT('',(-0.0017264323229802,0.00549470330026237,-0.00279553507904221));
#1969=CARTESIAN_POINT('',(-0.00258926314973787,0.00552668272243155,-0.00188927912126008));
#1970=CARTESIAN_POINT('',(-0.00280353901870437,0.00553542905623645,-0.00155197456081856));
#1971=CARTESIAN_POINT('',(-0.00310603260059239,0.0055557812383923,-0.000788046669084977));
#1972=CARTESIAN_POINT('',(-0.00318600992432623,0.00556716034154718,-0.0003609271017354));
#1973=CARTESIAN_POINT('',(-0.00316867225811729,0.00558983964893319,0.000490350620612423));
#1974=CARTESIAN_POINT('',(-0.00307150985489385,0.00560107162453717,0.000911947784195563));
#1975=CARTESIAN_POINT('',(-0.00274195291725438,0.00562093592606435,0.00165756319570028));
#1976=CARTESIAN_POINT('',(-0.00251323123257429,0.00562996212065,0.00198977462306389));
#1977=CARTESIAN_POINT('',(-0.0016100134027029,0.0056624663300217,0.00286547410527704));
#1978=CARTESIAN_POINT('',(-0.000737811356822082,0.00568655813842013,0.00319263238243645));
#1979=CARTESIAN_POINT('',(0.000858874877749462,0.00572380239185947,0.00316221458377245));
#1980=CARTESIAN_POINT('',(0.00172643231620903,0.00574870330004931,0.00279553508330828));
#1981=CARTESIAN_POINT('',(0.00258926314539114,0.00578068272225149,0.00188927912724852));
#1982=CARTESIAN_POINT('',(0.00280353901517544,0.0057894290560679,0.00155197456714528));
#1983=CARTESIAN_POINT('',(0.0031060325986997,0.00580978123819608,0.000788046676450227));
#1984=CARTESIAN_POINT('',(0.00318600992345985,0.00582116034134311,0.00036092710939541));
#1985=CARTESIAN_POINT('',(0.00316867225929441,0.00584383964873078,-0.000490350613014834));
#1986=CARTESIAN_POINT('',(0.00307150985707019,0.00585507162434424,-0.00091194777695391));
#1987=CARTESIAN_POINT('',(0.00274195292098476,0.00587493592590125,-0.0016575631895781));
#1988=CARTESIAN_POINT('',(0.00251323123719183,0.00588396212046543,-0.00198977461720571));
#1989=CARTESIAN_POINT('',(0.00161001340965592,0.00591646632980829,-0.00286547410129849));
#1990=CARTESIAN_POINT('',(0.000737811363547412,0.00594055813828719,-0.00319263238076634));
#1991=CARTESIAN_POINT('',(-0.000858874870165911,0.00597780239165862,-0.00316221458571516));
#1992=CARTESIAN_POINT('',(-0.00172643230943783,0.00600270329983627,-0.00279553508757437));
#1993=CARTESIAN_POINT('',(-0.00258926314104438,0.00603468272207143,-0.00188927913323699));
#1994=CARTESIAN_POINT('',(-0.00280353901164647,0.00604342905589934,-0.00155197457347206));
#1995=CARTESIAN_POINT('',(-0.003106032596807,0.00606378123799986,-0.000788046683815524));
#1996=CARTESIAN_POINT('',(-0.00318600992259348,0.00607516034113903,-0.000360927117055443));
#1997=CARTESIAN_POINT('',(-0.00316867226047153,0.00609783964852837,0.000490350605417271));
#1998=CARTESIAN_POINT('',(-0.00307150985924652,0.00610907162415131,0.000911947769712305));
#1999=CARTESIAN_POINT('',(-0.00274195292471511,0.00612893592573814,0.00165756318345598));
#2000=CARTESIAN_POINT('',(-0.00251323124180963,0.00613796212028085,0.00198977461134723));
#2001=CARTESIAN_POINT('',(-0.00161001341660908,0.00617046632959487,0.00286547409731991));
#2002=CARTESIAN_POINT('',(-0.000737811370272454,0.00619455813815429,0.00319263237909629));
#2003=CARTESIAN_POINT('',(0.000858874862582678,0.00623180239145779,0.00316221458765779));
#2004=CARTESIAN_POINT('',(0.00172643230266692,0.00625670329962322,0.00279553509184028));
#2005=CARTESIAN_POINT('',(0.00258926313669781,0.00628868272189138,0.00188927913922521));
#2006=CARTESIAN_POINT('',(0.00280353900823999,0.00629742905532005,0.00155197458027695));
#2007=CARTESIAN_POINT('',(0.0031060325955621,0.00631778123437838,0.000788046693073618));
#2008=CARTESIAN_POINT('',(0.00318600992243302,0.00632916033646802,0.000360927126402292));
#2009=CARTESIAN_POINT('',(0.00317734109221818,0.00634049998976355,-6.47117360587904E-5));
#2010=CARTESIAN_POINT('',(0.00300970918931819,0.00236033332248214,-6.12977579222509E-5));
#2011=CARTESIAN_POINT('',(0.00300149769679609,0.002371672978125,-0.000464480527939559));
#2012=CARTESIAN_POINT('',(0.00290946142690391,0.00238290495703851,-0.000863834830658738));
#2013=CARTESIAN_POINT('',(0.00259729141300484,0.00240276926690352,-0.00157011263815727));
#2014=CARTESIAN_POINT('',(0.00238063674147863,0.00241179546126773,-0.00188479707097236));
#2015=CARTESIAN_POINT('',(0.00152507134455602,0.00244429966916855,-0.00271429589873767));
#2016=CARTESIAN_POINT('',(0.00069888541644857,0.00246839146649838,-0.00302419375249796));
#2017=CARTESIAN_POINT('',(-0.000813561977718329,0.00250563572815126,-0.00299538070817171));
#2018=CARTESIAN_POINT('',(-0.00163534833408735,0.00253053663954435,-0.00264804665634235));
#2019=CARTESIAN_POINT('',(-0.00245265743137072,0.0025625160628941,-0.00178960342550105));
#2020=CARTESIAN_POINT('',(-0.00265562840761823,0.00257126239603627,-0.00147009455953671));
#2021=CARTESIAN_POINT('',(-0.00294216284945312,0.0025916145757157,-0.00074647038480685));
#2022=CARTESIAN_POINT('',(-0.00301792067423439,0.00260299367822228,-0.000341885023680241));
#2023=CARTESIAN_POINT('',(-0.00300149769485198,0.00262567298574929,0.000464480518636445));
#2024=CARTESIAN_POINT('',(-0.00290946142735836,0.00263690496214156,0.000863834822622321));
#2025=CARTESIAN_POINT('',(-0.00259729141679904,0.00265676926637054,0.00157011263252003));
#2026=CARTESIAN_POINT('',(-0.00238063674585263,0.00266579546108315,0.00188479706542317));
#2027=CARTESIAN_POINT('',(-0.00152507135114225,0.00269829966895513,0.00271429589496901));
#2028=CARTESIAN_POINT('',(-0.000698885422818982,0.00272239146636546,0.00302419375091598));
#2029=CARTESIAN_POINT('',(0.000813561970534977,0.00275963572795042,0.0029953807100119));
#2030=CARTESIAN_POINT('',(0.00163534832767348,0.0027845366393313,0.00264804666038331));
#2031=CARTESIAN_POINT('',(0.00245265742725335,0.00281651606271404,0.0017896034311735));
#2032=CARTESIAN_POINT('',(0.0026556284042755,0.00282526239586772,0.0014700945655296));
#2033=CARTESIAN_POINT('',(0.0029421628476603,0.00284561457551948,0.000746470391783457));
#2034=CARTESIAN_POINT('',(0.00301792067341374,0.00285699367801821,0.000341885030936045));
#2035=CARTESIAN_POINT('',(0.00300149769596698,0.00287967298554689,-0.000464480511439786));
#2036=CARTESIAN_POINT('',(0.00290946142941985,0.00289090496194863,-0.000863834815762823));
#2037=CARTESIAN_POINT('',(0.00259729142033257,0.00291076926620744,-0.00157011262672093));
#2038=CARTESIAN_POINT('',(0.00238063675022665,0.00291979546089858,-0.00188479705987396));
#2039=CARTESIAN_POINT('',(0.00152507135772848,0.00295229966874171,-0.00271429589120035));
#2040=CARTESIAN_POINT('',(0.000698885429189372,0.00297639146623254,-0.003024193749334));
#2041=CARTESIAN_POINT('',(-0.000813561963351643,0.00301363572774957,-0.00299538071185208));
#2042=CARTESIAN_POINT('',(-0.00163534832125962,0.00303853663911825,-0.00264804666442426));
#2043=CARTESIAN_POINT('',(-0.00245265742313599,0.00307051606253398,-0.00178960343684594));
#2044=CARTESIAN_POINT('',(-0.00265562840093278,0.00307926239569917,-0.00147009457152248));
#2045=CARTESIAN_POINT('',(-0.00294216284586748,0.00309961457532326,-0.000746470398760071));
#2046=CARTESIAN_POINT('',(-0.00301792067259308,0.00311099367781414,-0.000341885038191856));
#2047=CARTESIAN_POINT('',(-0.00300149769708199,0.00313367298534448,0.000464480504243115));
#2048=CARTESIAN_POINT('',(-0.00290946143148134,0.00314490496175571,0.000863834808903313));
#2049=CARTESIAN_POINT('',(-0.0025972914238661,0.00316476926604434,0.00157011262092182));
#2050=CARTESIAN_POINT('',(-0.00238063675460068,0.003173795460714,0.00188479705432473));
#2051=CARTESIAN_POINT('',(-0.00152507136431477,0.00320629966852829,0.00271429588743166));
#2052=CARTESIAN_POINT('',(-0.000698885435559862,0.00323039146609961,0.003024193747752));
#2053=CARTESIAN_POINT('',(0.000813561956168209,0.00326763572754872,0.00299538071369229));
#2054=CARTESIAN_POINT('',(0.00163534831484568,0.0032925366389052,0.00264804666846527));
#2055=CARTESIAN_POINT('',(0.00245265741901858,0.00332451606235392,0.00178960344251845));
#2056=CARTESIAN_POINT('',(0.00265562839758999,0.00333326239553061,0.00147009457751547));
#2057=CARTESIAN_POINT('',(0.00294216284407463,0.00335361457512704,0.000746470405736793));
#2058=CARTESIAN_POINT('',(0.00301792067177241,0.00336499367761006,0.000341885045447776));
#2059=CARTESIAN_POINT('',(0.00300149769819701,0.00338767298514207,-0.000464480497046348));
#2060=CARTESIAN_POINT('',(0.00290946143354286,0.00339890496156278,-0.000863834802043716));
#2061=CARTESIAN_POINT('',(0.00259729142739967,0.00341876926588124,-0.00157011261512265));
#2062=CARTESIAN_POINT('',(0.00238063675897476,0.00342779546052942,-0.00188479704877543));
#2063=CARTESIAN_POINT('',(0.0015250713709011,0.00346029966831487,-0.00271429588366295));
#2064=CARTESIAN_POINT('',(0.000698885441930392,0.00348439146596669,-0.00302419374617));
#2065=CARTESIAN_POINT('',(-0.000813561948984854,0.00352163572734788,-0.0029953807155325));
#2066=CARTESIAN_POINT('',(-0.00163534830843188,0.00354653663869215,-0.0026480466725062));
#2067=CARTESIAN_POINT('',(-0.00245265741490131,0.00357851606217387,-0.00178960344819076));
#2068=CARTESIAN_POINT('',(-0.00265562839424734,0.00358726239536206,-0.00147009458350821));
#2069=CARTESIAN_POINT('',(-0.00294216284228185,0.00360761457493083,-0.000746470412713228));
#2070=CARTESIAN_POINT('',(-0.00301792067095178,0.003618993677406,-0.000341885052703395));
#2071=CARTESIAN_POINT('',(-0.00300149769931198,0.00364167298493966,0.00046448048984988));
#2072=CARTESIAN_POINT('',(-0.0029094614356043,0.00365290496136986,0.000863834795184406));
#2073=CARTESIAN_POINT('',(-0.00259729143093309,0.00367276926571814,0.00157011260932371));
#2074=CARTESIAN_POINT('',(-0.00238063676334865,0.00368179546034485,0.00188479704322638));
#2075=CARTESIAN_POINT('',(-0.00152507137748717,0.00371429966810145,0.00271429587989438));
#2076=CARTESIAN_POINT('',(-0.000698885448300573,0.00373839146583377,0.00302419374458806));
#2077=CARTESIAN_POINT('',(0.000813561941801629,0.00377563572714704,0.00299538071737264));
#2078=CARTESIAN_POINT('',(0.00163534830201805,0.0038005366384791,0.00264804667654712));
#2079=CARTESIAN_POINT('',(0.00245265741078391,0.00383251606199381,0.00178960345386325));
#2080=CARTESIAN_POINT('',(0.00265562839090458,0.00384126239519351,0.00147009458950115));
#2081=CARTESIAN_POINT('',(0.00294216284048901,0.0038616145747346,0.000746470419689905));
#2082=CARTESIAN_POINT('',(0.00301792067013111,0.00387299367720192,0.000341885059959275));
#2083=CARTESIAN_POINT('',(0.003001497700427,0.00389567298473725,-0.000464480482653139));
#2084=CARTESIAN_POINT('',(0.00290946143766581,0.00390690496117693,-0.000863834788324826));
#2085=CARTESIAN_POINT('',(0.00259729143446666,0.00392676926555504,-0.00157011260352455));
#2086=CARTESIAN_POINT('',(0.00238063676772272,0.00393579546016027,-0.0018847970376771));
#2087=CARTESIAN_POINT('',(0.00152507138407349,0.00396829966788803,-0.00271429587612568));
#2088=CARTESIAN_POINT('',(0.000698885454671077,0.00399239146570086,-0.00302419374300606));
#2089=CARTESIAN_POINT('',(-0.000813561934618182,0.00402963572694619,-0.00299538071921286));
#2090=CARTESIAN_POINT('',(-0.0016353482956041,0.00405453663826604,-0.00264804668058813));
#2091=CARTESIAN_POINT('',(-0.00245265740666649,0.00408651606181375,-0.00178960345953575));
#2092=CARTESIAN_POINT('',(-0.00265562838756181,0.00409526239502496,-0.0014700945954941));
#2093=CARTESIAN_POINT('',(-0.00294216283869617,0.00411561457453838,-0.000746470426666596));
#2094=CARTESIAN_POINT('',(-0.00301792066931044,0.00412699367699785,-0.000341885067215165));
#2095=CARTESIAN_POINT('',(-0.00300149770154202,0.00414967298453484,0.000464480475456392));
#2096=CARTESIAN_POINT('',(-0.00290946143972732,0.004160904960984,0.000863834781465245));
#2097=CARTESIAN_POINT('',(-0.00259729143800023,0.00418076926539193,0.00157011259772538));
#2098=CARTESIAN_POINT('',(-0.00238063677209678,0.00418979545997569,0.00188479703212783));
#2099=CARTESIAN_POINT('',(-0.00152507139065981,0.00422229966767461,0.00271429587235697));
#2100=CARTESIAN_POINT('',(-0.000698885461041554,0.00424639146556794,0.00302419374142406));
#2101=CARTESIAN_POINT('',(0.000813561927434752,0.00428363572674535,0.00299538072105307));
#2102=CARTESIAN_POINT('',(0.00163534828919015,0.00430853663805299,0.00264804668462913));
#2103=CARTESIAN_POINT('',(0.00245265740254907,0.00434051606163369,0.00178960346520827));
#2104=CARTESIAN_POINT('',(0.00265562838421904,0.0043492623948564,0.00147009460148707));
#2105=CARTESIAN_POINT('',(0.00294216283690333,0.00436961457434216,0.00074647043364329));
#2106=CARTESIAN_POINT('',(0.00301792066848978,0.00438099367679377,0.000341885074471051));
#2107=CARTESIAN_POINT('',(0.00300149770265704,0.00440367298433243,-0.000464480468259666));
#2108=CARTESIAN_POINT('',(0.00290946144178883,0.00441490496079108,-0.00086383477460569));
#2109=CARTESIAN_POINT('',(0.00259729144153378,0.00443476926522883,-0.00157011259192624));
#2110=CARTESIAN_POINT('',(0.00238063677647081,0.00444379545979112,-0.0018847970265786));
#2111=CARTESIAN_POINT('',(0.001525071397246,0.00447629966746119,-0.00271429586858835));
#2112=CARTESIAN_POINT('',(0.000698885467411801,0.00450039146543502,-0.00302419373984212));
#2113=CARTESIAN_POINT('',(-0.000813561920251589,0.00453763572654451,-0.00299538072289321));
#2114=CARTESIAN_POINT('',(-0.00163534828277646,0.00456253663783994,-0.00264804668866998));
#2115=CARTESIAN_POINT('',(-0.00245265739843182,0.00459451606145364,-0.00178960347088055));
#2116=CARTESIAN_POINT('',(-0.0026556283808764,0.00460326239468785,-0.00147009460747979));
#2117=CARTESIAN_POINT('',(-0.00294216283511056,0.00462361457414594,-0.000746470440619706));
#2118=CARTESIAN_POINT('',(-0.00301792066766914,0.0046349936765897,-0.00034188508172666));
#2119=CARTESIAN_POINT('',(-0.00300149770377201,0.00465767298413003,0.000464480461063189));
#2120=CARTESIAN_POINT('',(-0.00290946144385027,0.00466890496059815,0.000863834767746361));
#2121=CARTESIAN_POINT('',(-0.00259729144506721,0.00468876926506573,0.00157011258612728));
#2122=CARTESIAN_POINT('',(-0.00238063678084474,0.00469779545960655,0.0018847970210295));
#2123=CARTESIAN_POINT('',(-0.00152507140383219,0.00473029966724777,0.0027142958648197));
#2124=CARTESIAN_POINT('',(-0.00069888547378228,0.0047543914653021,0.00302419373826012));
#2125=CARTESIAN_POINT('',(0.000813561913068163,0.00479163572634366,0.00299538072473342));
#2126=CARTESIAN_POINT('',(0.00163534827636252,0.00481653663762689,0.00264804669271099));
#2127=CARTESIAN_POINT('',(0.00245265739431441,0.00484851606127358,0.00178960347655307));
#2128=CARTESIAN_POINT('',(0.00265562837753364,0.0048572623945193,0.00147009461347273));
#2129=CARTESIAN_POINT('',(0.00294216283331772,0.00487761457394972,0.000746470447596394));
#2130=CARTESIAN_POINT('',(0.00301792066684848,0.00488899367638563,0.000341885088982548));
#2131=CARTESIAN_POINT('',(0.00300149770488703,0.00491167298392761,-0.000464480453866447));
#2132=CARTESIAN_POINT('',(0.00290946144591179,0.00492290496040523,-0.000863834760886785));
#2133=CARTESIAN_POINT('',(0.00259729144860077,0.00494276926490263,-0.00157011258032812));
#2134=CARTESIAN_POINT('',(0.0023806367852188,0.00495179545942197,-0.00188479701548023));
#2135=CARTESIAN_POINT('',(0.0015250714104185,0.00498429966703435,-0.002714295861051));
#2136=CARTESIAN_POINT('',(0.000698885480152774,0.00500839146516918,-0.00302419373667812));
#2137=CARTESIAN_POINT('',(-0.000813561905884725,0.00504563572614281,-0.00299538072657363));
#2138=CARTESIAN_POINT('',(-0.00163534826994858,0.00507053663741384,-0.00264804669675199));
#2139=CARTESIAN_POINT('',(-0.00245265739019699,0.00510251606109352,-0.00178960348222558));
#2140=CARTESIAN_POINT('',(-0.00265562837419087,0.00511126239435075,-0.00147009461946569));
#2141=CARTESIAN_POINT('',(-0.00294216283152488,0.00513161457375351,-0.000746470454573081));
#2142=CARTESIAN_POINT('',(-0.00301792066602781,0.00514299367618156,-0.00034188509623843));
#2143=CARTESIAN_POINT('',(-0.00300149770600205,0.00516567298372521,0.000464480446669716));
#2144=CARTESIAN_POINT('',(-0.0029094614479733,0.0051769049602123,0.000863834754027222));
#2145=CARTESIAN_POINT('',(-0.00259729145213433,0.00519676926473953,0.00157011257452896));
#2146=CARTESIAN_POINT('',(-0.00238063678959286,0.00520579545923739,0.00188479700993096));
#2147=CARTESIAN_POINT('',(-0.00152507141700482,0.00523829966682093,0.00271429585728229));
#2148=CARTESIAN_POINT('',(-0.000698885486523319,0.00526239146503626,0.00302419373509612));
#2149=CARTESIAN_POINT('',(0.000813561898701362,0.00529963572594196,0.00299538072841384));
#2150=CARTESIAN_POINT('',(0.00163534826353478,0.00532453663720079,0.00264804670079293));
#2151=CARTESIAN_POINT('',(0.00245265738607973,0.00535651606091346,0.00178960348789788));
#2152=CARTESIAN_POINT('',(0.00265562837084825,0.0053652623941822,0.0014700946254584));
#2153=CARTESIAN_POINT('',(0.00294216282973211,0.00538561457355729,0.000746470461549483));
#2154=CARTESIAN_POINT('',(0.00301792066520718,0.00539699367597749,0.000341885103494026));
#2155=CARTESIAN_POINT('',(0.00300149770711702,0.0054196729835228,-0.000464480439473253));
#2156=CARTESIAN_POINT('',(0.00290946145003473,0.00543090496001938,-0.000863834747167908));
#2157=CARTESIAN_POINT('',(0.00259729145566776,0.00545076926457643,-0.00157011256873002));
#2158=CARTESIAN_POINT('',(0.00238063679396669,0.00545979545905283,-0.00188479700438199));
#2159=CARTESIAN_POINT('',(0.00152507142359081,0.00549229966660752,-0.00271429585351377));
#2160=CARTESIAN_POINT('',(0.000698885492893653,0.00551639146490334,-0.00302419373351415));
#2161=CARTESIAN_POINT('',(-0.000813561891518036,0.00555363572574112,-0.00299538073025401));
#2162=CARTESIAN_POINT('',(-0.00163534825712089,0.00557853663698774,-0.00264804670483389));
#2163=CARTESIAN_POINT('',(-0.00245265738196232,0.0056105160607334,-0.00178960349357038));
#2164=CARTESIAN_POINT('',(-0.00265562836750547,0.00561926239401364,-0.00147009463145137));
#2165=CARTESIAN_POINT('',(-0.00294216282793927,0.00563961457336106,-0.000746470468526188));
#2166=CARTESIAN_POINT('',(-0.00301792066438651,0.00565099367577341,-0.000341885110749921));
#2167=CARTESIAN_POINT('',(-0.00300149770823203,0.00567367298332039,0.000464480432276521));
#2168=CARTESIAN_POINT('',(-0.00290946145209624,0.00568490495982645,0.00086383474030835));
#2169=CARTESIAN_POINT('',(-0.00259729145920131,0.00570476926441333,0.00157011256293088));
#2170=CARTESIAN_POINT('',(-0.00238063679834089,0.00571379545886824,0.00188479699883255));
#2171=CARTESIAN_POINT('',(-0.00152507143017726,0.00574629966639409,0.002714295849745));
#2172=CARTESIAN_POINT('',(-0.000698885499264116,0.00577039146477043,0.00302419373193215));
#2173=CARTESIAN_POINT('',(0.000813561884334612,0.00580763572554028,0.00299538073209422));
#2174=CARTESIAN_POINT('',(0.00163534825070696,0.00583253663677468,0.00264804670887489));
#2175=CARTESIAN_POINT('',(0.00245265737784491,0.00586451606055334,0.00178960349924289));
#2176=CARTESIAN_POINT('',(0.00265562836416272,0.00587326239384509,0.0014700946374443));
#2177=CARTESIAN_POINT('',(0.00294216282614643,0.00589361457316485,0.000746470475502859));
#2178=CARTESIAN_POINT('',(0.00301792066356585,0.00590499367556934,0.000341885118005799));
#2179=CARTESIAN_POINT('',(0.00300149770934705,0.00592767298311798,-0.00046448042507977));
#2180=CARTESIAN_POINT('',(0.00290946145415776,0.00593890495963352,-0.000863834733448756));
#2181=CARTESIAN_POINT('',(0.00259729146273489,0.00595876926425022,-0.00157011255713169));
#2182=CARTESIAN_POINT('',(0.00238063680271481,0.00596779545868367,-0.00188479699328344));
#2183=CARTESIAN_POINT('',(0.00152507143676345,0.00600029966618067,-0.00271429584597636));
#2184=CARTESIAN_POINT('',(0.000698885505634626,0.0060243914646375,-0.00302419373035015));
#2185=CARTESIAN_POINT('',(-0.000813561877151158,0.00606163572533943,-0.00299538073393444));
#2186=CARTESIAN_POINT('',(-0.001635348244293,0.00608653663656164,-0.0026480467129159));
#2187=CARTESIAN_POINT('',(-0.00245265737372748,0.00611851606037329,-0.00178960350491541));
#2188=CARTESIAN_POINT('',(-0.00265562836081993,0.00612726239367654,-0.00147009464343729));
#2189=CARTESIAN_POINT('',(-0.00294216282435358,0.00614761457296862,-0.000746470482479573));
#2190=CARTESIAN_POINT('',(-0.00301792066274518,0.00615899367536527,-0.0003418851252617));
#2191=CARTESIAN_POINT('',(-0.00300149771046207,0.00618167298291557,0.000464480417883043));
#2192=CARTESIAN_POINT('',(-0.00290946145621926,0.00619290495944059,0.000863834726589207));
#2193=CARTESIAN_POINT('',(-0.00259729146626843,0.00621276926408712,0.00157011255133256));
#2194=CARTESIAN_POINT('',(-0.00238063680708899,0.00622179545849909,0.00188479698773404));
#2195=CARTESIAN_POINT('',(-0.00152507144334977,0.00625429966596725,0.00271429584220768));
#2196=CARTESIAN_POINT('',(-0.000698885512004865,0.00627839146450459,0.00302419372876821));
#2197=CARTESIAN_POINT('',(0.000813561869968005,0.00631563572513859,0.00299538073577458));
#2198=CARTESIAN_POINT('',(0.00163534823787931,0.00634053663634859,0.00264804671695675));
#2199=CARTESIAN_POINT('',(0.00245265736961023,0.00637251606019323,0.0017896035105877));
#2200=CARTESIAN_POINT('',(0.00265562835704719,0.00638126239357362,0.00147009464993539));
#2201=CARTESIAN_POINT('',(0.00294216282080051,0.00640161457263195,0.000746470491495322));
#2202=CARTESIAN_POINT('',(0.00301792066030995,0.00641299367472159,0.000341885134365707));
#2203=CARTESIAN_POINT('',(0.00300970918616304,0.00642433332801712,-6.12976384658975E-5));
#2204=CARTESIAN_POINT('',(0.00284207728613723,0.00244416666073571,-5.78836546532149E-5));
#2205=CARTESIAN_POINT('',(0.00283432314944422,0.00245550631637857,-0.000438610336265309));
#2206=CARTESIAN_POINT('',(0.00274741302697851,0.00246673829529208,-0.000815721783762786));
#2207=CARTESIAN_POINT('',(0.00245262995748178,0.00248660260515709,-0.00148266200127378));
#2208=CARTESIAN_POINT('',(0.00224804231041229,0.00249562879948597,-0.00177981944272305));
#2209=CARTESIAN_POINT('',(0.00144012937679922,0.00252813300554094,-0.00256311764047689));
#2210=CARTESIAN_POINT('',(0.000659959563503184,0.00255222479284868,-0.0028557551008482));
#2211=CARTESIAN_POINT('',(-0.000768248979102282,0.00258946906183207,-0.0028285468578259));
#2212=CARTESIAN_POINT('',(-0.00154426426394123,0.00261436997626972,-0.00250055828483487));
#2213=CARTESIAN_POINT('',(-0.00231605166084326,0.00264634940119595,-0.00168992780160262));
#2214=CARTESIAN_POINT('',(-0.00250771775418516,0.00265509573381346,-0.00138821463417495));
#2215=CARTESIAN_POINT('',(-0.00277829307560173,0.00267544791068447,-0.000704894188910981));
#2216=CARTESIAN_POINT('',(-0.00284983141374618,0.00268682701244852,-0.000322843037544286));
#2217=CARTESIAN_POINT('',(-0.00283432314571195,0.0027095063201365,0.00043861032549055));
#2218=CARTESIAN_POINT('',(-0.00274741302593857,0.00272073829743084,0.000815721774150462));
#2219=CARTESIAN_POINT('',(-0.00245262996110766,0.00274060260471952,0.00148266199587472));
#2220=CARTESIAN_POINT('',(-0.00224804231454267,0.0027496287993014,0.00177981943748293));
#2221=CARTESIAN_POINT('',(-0.00144012938301862,0.00278213300532751,0.00256311763691813));
#2222=CARTESIAN_POINT('',(-0.000659959569518783,0.00280622479271576,0.00285575509935433));
#2223=CARTESIAN_POINT('',(0.000768248972319021,0.00284346906163122,0.0028285468595636));
#2224=CARTESIAN_POINT('',(0.0015442642578846,0.00286836997605667,0.00250055828865076));
#2225=CARTESIAN_POINT('',(0.00231605165695522,0.00290034940101589,0.00168992780695913));
#2226=CARTESIAN_POINT('',(0.00250771775102861,0.00290909573364491,0.00138821463983405));
#2227=CARTESIAN_POINT('',(0.00277829307390877,0.00292944791048825,0.000704894195499013));
#2228=CARTESIAN_POINT('',(0.00284983141297123,0.00294082701224444,0.000322843044395962));
#2229=CARTESIAN_POINT('',(0.00283432314676485,0.00296350631993409,-0.000438610318694724));
#2230=CARTESIAN_POINT('',(0.00274741302788524,0.00297473829723792,-0.000815721767673018));
#2231=CARTESIAN_POINT('',(0.00245262996444438,0.00299460260455642,-0.00148266199039861));
#2232=CARTESIAN_POINT('',(0.00224804231867307,0.00300362879911682,-0.00177981943224279));
#2233=CARTESIAN_POINT('',(0.00144012938923802,0.00303613300511409,-0.00256311763335938));
#2234=CARTESIAN_POINT('',(0.000659959575534361,0.00306022479258284,-0.00285575509786046));
#2235=CARTESIAN_POINT('',(-0.000768248965535778,0.00309746906143038,-0.00282854686130129));
#2236=CARTESIAN_POINT('',(-0.00154426425182797,0.00312236997584362,-0.00250055829246664));
#2237=CARTESIAN_POINT('',(-0.00231605165306718,0.00315434940083583,-0.00168992781231563));
#2238=CARTESIAN_POINT('',(-0.00250771774787206,0.00316309573347636,-0.00138821464549315));
#2239=CARTESIAN_POINT('',(-0.0027782930722158,0.00318344791029203,-0.000704894202087049));
#2240=CARTESIAN_POINT('',(-0.00284983141219628,0.00319482701204037,-0.000322843051247647));
#2241=CARTESIAN_POINT('',(-0.00283432314781775,0.00321750631973168,0.000438610311898886));
#2242=CARTESIAN_POINT('',(-0.00274741302983191,0.00322873829704499,0.000815721761195562));
#2243=CARTESIAN_POINT('',(-0.0024526299677811,0.00324860260439331,0.00148266198492249));
#2244=CARTESIAN_POINT('',(-0.00224804232280348,0.00325762879893224,0.00177981942700264));
#2245=CARTESIAN_POINT('',(-0.00144012939545748,0.00329013300490067,0.00256311762980059));
#2246=CARTESIAN_POINT('',(-0.000659959581550033,0.00331422479244992,0.00285575509636658));
#2247=CARTESIAN_POINT('',(0.00076824895875244,0.00335146906122953,0.002828546863039));
#2248=CARTESIAN_POINT('',(0.00154426424577127,0.00337636997563057,0.00250055829628257));
#2249=CARTESIAN_POINT('',(0.0023160516491791,0.00340834940065577,0.0016899278176722));
#2250=CARTESIAN_POINT('',(0.00250771774471546,0.0034170957333078,0.00138821465115235));
#2251=CARTESIAN_POINT('',(0.00277829307052281,0.00343744791009581,0.000704894208675188));
#2252=CARTESIAN_POINT('',(0.00284983141142132,0.0034488270118363,0.000322843058099432));
#2253=CARTESIAN_POINT('',(0.00283432314887067,0.00347150631952927,-0.000438610305102958));
#2254=CARTESIAN_POINT('',(0.00274741303177862,0.00348273829685206,-0.000815721754718024));
#2255=CARTESIAN_POINT('',(0.00245262997111786,0.00350260260423021,-0.00148266197944632));
#2256=CARTESIAN_POINT('',(0.00224804232693394,0.00351162879874766,-0.00177981942176242));
#2257=CARTESIAN_POINT('',(0.00144012940167697,0.00354413300468725,-0.00256311762624178));
#2258=CARTESIAN_POINT('',(0.000659959587565744,0.003568224792317,-0.00285575509487269));
#2259=CARTESIAN_POINT('',(-0.000768248951969176,0.00360546906102868,-0.00282854686477671));
#2260=CARTESIAN_POINT('',(-0.0015442642397147,0.00363036997541752,-0.00250055830009844));
#2261=CARTESIAN_POINT('',(-0.00231605164529115,0.00366234940047572,-0.00168992782302858));
#2262=CARTESIAN_POINT('',(-0.00250771774155899,0.00367109573313925,-0.00138821465681131));
#2263=CARTESIAN_POINT('',(-0.00277829306882989,0.00369144790989959,-0.000704894215263056));
#2264=CARTESIAN_POINT('',(-0.0028498314106464,0.00370282701163223,-0.000322843064950935));
#2265=CARTESIAN_POINT('',(-0.00283432314992355,0.00372550631932686,0.000438610298307312));
#2266=CARTESIAN_POINT('',(-0.00274741303372523,0.00373673829665914,0.000815721748240758));
#2267=CARTESIAN_POINT('',(-0.00245262997445449,0.00375660260406711,0.00148266197397037));
#2268=CARTESIAN_POINT('',(-0.00224804233106422,0.00376562879856309,0.00177981941652243));
#2269=CARTESIAN_POINT('',(-0.00144012940789621,0.00379813300447383,0.00256311762268312));
#2270=CARTESIAN_POINT('',(-0.000659959593581125,0.00382222479218408,0.00285575509337886));
#2271=CARTESIAN_POINT('',(0.000768248945186035,0.00385946906082784,0.00282854686651437));
#2272=CARTESIAN_POINT('',(0.0015442642336581,0.00388436997520447,0.00250055830391429));
#2273=CARTESIAN_POINT('',(0.00231605164140307,0.00391634940029566,0.00168992782838512));
#2274=CARTESIAN_POINT('',(0.00250771773840241,0.0039250957329707,0.00138821466247046));
#2275=CARTESIAN_POINT('',(0.0027782930671369,0.00394544790970337,0.000704894221851153));
#2276=CARTESIAN_POINT('',(0.00284983140987144,0.00395682701142815,0.000322843071802684));
#2277=CARTESIAN_POINT('',(0.00283432315097646,0.00397950631912445,-0.000438610291511408));
#2278=CARTESIAN_POINT('',(0.00274741303567193,0.00399073829646621,-0.000815721741763237));
#2279=CARTESIAN_POINT('',(0.00245262997779124,0.00401060260390401,-0.00148266196849419));
#2280=CARTESIAN_POINT('',(0.00224804233519467,0.00401962879837852,-0.00177981941128223));
#2281=CARTESIAN_POINT('',(0.0014401294141157,0.00405213300426041,-0.00256311761912432));
#2282=CARTESIAN_POINT('',(0.000659959599596811,0.00407622479205116,-0.00285575509188497));
#2283=CARTESIAN_POINT('',(-0.000768248938402686,0.00411346906062699,-0.00282854686825209));
#2284=CARTESIAN_POINT('',(-0.00154426422760139,0.00413836997499141,-0.00250055830773022));
#2285=CARTESIAN_POINT('',(-0.00231605163751499,0.0041703494001156,-0.00168992783374169));
#2286=CARTESIAN_POINT('',(-0.00250771773524583,0.00417909573280215,-0.00138821466812962));
#2287=CARTESIAN_POINT('',(-0.00277829306544392,0.00419944790950715,-0.000704894228439262));
#2288=CARTESIAN_POINT('',(-0.00284983140909648,0.00421082701122408,-0.000322843078654442));
#2289=CARTESIAN_POINT('',(-0.00283432315202937,0.00423350631892204,0.000438610284715499));
#2290=CARTESIAN_POINT('',(-0.00274741303761862,0.00424473829627329,0.000815721735285714));
#2291=CARTESIAN_POINT('',(-0.002452629981128,0.00426460260374091,0.00148266196301802));
#2292=CARTESIAN_POINT('',(-0.0022480423393251,0.00427362879819394,0.00177981940604204));
#2293=CARTESIAN_POINT('',(-0.00144012942033517,0.00430613300404699,0.00256311761556552));
#2294=CARTESIAN_POINT('',(-0.000659959605612471,0.00433022479191825,0.00285575509039109));
#2295=CARTESIAN_POINT('',(0.000768248931619352,0.00436746906042615,0.0028285468699898));
#2296=CARTESIAN_POINT('',(0.00154426422154468,0.00439236997477836,0.00250055831154616));
#2297=CARTESIAN_POINT('',(0.00231605163362689,0.00442434939993554,0.00168992783909826));
#2298=CARTESIAN_POINT('',(0.00250771773208924,0.0044330957326336,0.00138821467378879));
#2299=CARTESIAN_POINT('',(0.00277829306375093,0.00445344790931093,0.000704894235027375));
#2300=CARTESIAN_POINT('',(0.00284983140832153,0.00446482701102001,0.000322843085506197));
#2301=CARTESIAN_POINT('',(0.00283432315308229,0.00448750631871963,-0.000438610277919609));
#2302=CARTESIAN_POINT('',(0.00274741303956531,0.00449873829608036,-0.000815721728808216));
#2303=CARTESIAN_POINT('',(0.00245262998446474,0.0045186026035778,-0.00148266195754188));
#2304=CARTESIAN_POINT('',(0.00224804234345551,0.00452762879800936,-0.00177981940080189));
#2305=CARTESIAN_POINT('',(0.00144012942655453,0.00456013300383357,-0.0025631176120068));
#2306=CARTESIAN_POINT('',(0.000659959611627914,0.00458422479178533,-0.00285575508889725));
#2307=CARTESIAN_POINT('',(-0.000768248924836269,0.00462146906022531,-0.00282854687172745));
#2308=CARTESIAN_POINT('',(-0.00154426421548821,0.00464636997456531,-0.00250055831536195));
#2309=CARTESIAN_POINT('',(-0.00231605162973896,0.00467834939975549,-0.00168992784445462));
#2310=CARTESIAN_POINT('',(-0.00250771772893278,0.00468709573246504,-0.00138821467944774));
#2311=CARTESIAN_POINT('',(-0.00277829306205802,0.00470744790911471,-0.000704894241615225));
#2312=CARTESIAN_POINT('',(-0.0028498314075466,0.00471882701081594,-0.000322843092357691));
#2313=CARTESIAN_POINT('',(-0.00283432315413516,0.00474150631851723,0.000438610271123954));
#2314=CARTESIAN_POINT('',(-0.00274741304151193,0.00475273829588744,0.000815721722330932));
#2315=CARTESIAN_POINT('',(-0.00245262998780138,0.00477260260341471,0.0014826619520659));
#2316=CARTESIAN_POINT('',(-0.00224804234758583,0.00478162879782479,0.00177981939556185));
#2317=CARTESIAN_POINT('',(-0.00144012943277389,0.00481413300362015,0.00256311760844805));
#2318=CARTESIAN_POINT('',(-0.000659959617643576,0.00483822479165241,0.00285575508740337));
#2319=CARTESIAN_POINT('',(0.000768248918052939,0.00487546906002446,0.00282854687346517));
#2320=CARTESIAN_POINT('',(0.00154426420943151,0.00490036997435226,0.00250055831917788));
#2321=CARTESIAN_POINT('',(0.00231605162585087,0.00493234939957543,0.00168992784981119));
#2322=CARTESIAN_POINT('',(0.00250771772577619,0.00494109573229649,0.0013882146851069));
#2323=CARTESIAN_POINT('',(0.00277829306036503,0.00496144790891849,0.000704894248203333));
#2324=CARTESIAN_POINT('',(0.00284983140677164,0.00497282701061186,0.000322843099209446));
#2325=CARTESIAN_POINT('',(0.00283432315518808,0.00499550631831481,-0.00043861026432805));
#2326=CARTESIAN_POINT('',(0.00274741304345863,0.00500673829569451,-0.000815721715853414));
#2327=CARTESIAN_POINT('',(0.00245262999113813,0.0050266026032516,-0.00148266194658974));
#2328=CARTESIAN_POINT('',(0.00224804235171627,0.00503562879764021,-0.00177981939032166));
#2329=CARTESIAN_POINT('',(0.00144012943899337,0.00506813300340673,-0.00256311760488926));
#2330=CARTESIAN_POINT('',(0.000659959623659253,0.00509222479151948,-0.00285575508590948));
#2331=CARTESIAN_POINT('',(-0.000768248911269598,0.00512946905982362,-0.00282854687520288));
#2332=CARTESIAN_POINT('',(-0.0015442642033748,0.00515436997413921,-0.00250055832299381));
#2333=CARTESIAN_POINT('',(-0.00231605162196279,0.00518634939939537,-0.00168992785516776));
#2334=CARTESIAN_POINT('',(-0.00250771772261961,0.00519509573212794,-0.00138821469076606));
#2335=CARTESIAN_POINT('',(-0.00277829305867205,0.00521544790872227,-0.000704894254791439));
#2336=CARTESIAN_POINT('',(-0.00284983140599668,0.00522682701040779,-0.000322843106061198));
#2337=CARTESIAN_POINT('',(-0.00283432315624099,0.00524950631811241,0.000438610257532155));
#2338=CARTESIAN_POINT('',(-0.00274741304540532,0.00526073829550158,0.000815721709375908));
#2339=CARTESIAN_POINT('',(-0.00245262999447488,0.0052806026030885,0.00148266194111358));
#2340=CARTESIAN_POINT('',(-0.0022480423558467,0.00528962879745564,0.00177981938508147));
#2341=CARTESIAN_POINT('',(-0.00144012944521284,0.00532213300319331,0.00256311760133046));
#2342=CARTESIAN_POINT('',(-0.000659959629674977,0.00534622479138656,0.00285575508441559));
#2343=CARTESIAN_POINT('',(0.000768248904486326,0.00538346905962277,0.0028285468769406));
#2344=CARTESIAN_POINT('',(0.00154426419731824,0.00540836997392616,0.00250055832680968));
#2345=CARTESIAN_POINT('',(0.00231605161807485,0.00544034939921531,0.00168992786052413));
#2346=CARTESIAN_POINT('',(0.00250771771946316,0.00544909573195939,0.00138821469642499));
#2347=CARTESIAN_POINT('',(0.00277829305697913,0.00546944790852606,0.000704894261379276));
#2348=CARTESIAN_POINT('',(0.00284983140522176,0.00548082701020372,0.000322843112912678));
#2349=CARTESIAN_POINT('',(0.00283432315729386,0.00550350631791,-0.000438610250736515));
#2350=CARTESIAN_POINT('',(0.00274741304735194,0.00551473829530866,-0.000815721702898637));
#2351=CARTESIAN_POINT('',(0.00245262999781151,0.0055346026029254,-0.00148266193563762));
#2352=CARTESIAN_POINT('',(0.00224804235997692,0.00554362879727107,-0.00177981937984156));
#2353=CARTESIAN_POINT('',(0.00144012945143202,0.0055761330029799,-0.00256311759777182));
#2354=CARTESIAN_POINT('',(0.000659959635690502,0.00560022479125365,-0.00285575508292173));
#2355=CARTESIAN_POINT('',(-0.00076824889770309,0.00563746905942193,-0.00282854687867828));
#2356=CARTESIAN_POINT('',(-0.00154426419126158,0.00566236997371311,-0.00250055833062557));
#2357=CARTESIAN_POINT('',(-0.00231605161418676,0.00569434939903525,-0.00168992786588069));
#2358=CARTESIAN_POINT('',(-0.00250771771630656,0.00570309573179084,-0.00138821470208417));
#2359=CARTESIAN_POINT('',(-0.00277829305528614,0.00572344790832983,-0.000704894267967398));
#2360=CARTESIAN_POINT('',(-0.0028498314044468,0.00573482700999965,-0.000322843119764441));
#2361=CARTESIAN_POINT('',(-0.00283432315834678,0.00575750631770759,0.000438610243940619));
#2362=CARTESIAN_POINT('',(-0.00274741304929862,0.00576873829511573,0.000815721696421136));
#2363=CARTESIAN_POINT('',(-0.00245263000114825,0.0057886026027623,0.00148266193016148));
#2364=CARTESIAN_POINT('',(-0.00224804236410749,0.00579762879708648,0.00177981937460121));
#2365=CARTESIAN_POINT('',(-0.00144012945765162,0.00583013300276647,0.00256311759421297));
#2366=CARTESIAN_POINT('',(-0.000659959641706149,0.00585422479112073,0.00285575508142785));
#2367=CARTESIAN_POINT('',(0.000768248890919762,0.00589146905922108,0.00282854688041599));
#2368=CARTESIAN_POINT('',(0.00154426418520489,0.00591636997350005,0.0025005583344415));
#2369=CARTESIAN_POINT('',(0.00231605161029868,0.0059483493988552,0.00168992787123725));
#2370=CARTESIAN_POINT('',(0.00250771771314999,0.00595709573162229,0.00138821470774331));
#2371=CARTESIAN_POINT('',(0.00277829305359316,0.00597744790813361,0.00070489427455549));
#2372=CARTESIAN_POINT('',(0.00284983140367184,0.00598882700979558,0.000322843126616189));
#2373=CARTESIAN_POINT('',(0.00283432315939969,0.00601150631750518,-0.000438610237144706));
#2374=CARTESIAN_POINT('',(0.00274741305124532,0.0060227382949228,-0.000815721689943602));
#2375=CARTESIAN_POINT('',(0.00245263000448502,0.00604260260259919,-0.00148266192468529));
#2376=CARTESIAN_POINT('',(0.0022480423682378,0.00605162879690191,-0.00177981936936117));
#2377=CARTESIAN_POINT('',(0.00144012946387097,0.00608413300255305,-0.00256311759065422));
#2378=CARTESIAN_POINT('',(0.00065995964772184,0.00610822479098781,-0.00285575507993396));
#2379=CARTESIAN_POINT('',(-0.000768248884136405,0.00614546905902024,-0.00282854688215372));
#2380=CARTESIAN_POINT('',(-0.00154426417914816,0.006170369973287,-0.00250055833825744));
#2381=CARTESIAN_POINT('',(-0.00231605160641058,0.00620234939867514,-0.00168992787659384));
#2382=CARTESIAN_POINT('',(-0.00250771770999339,0.00621109573145373,-0.00138821471340251));
#2383=CARTESIAN_POINT('',(-0.00277829305190017,0.00623144790793739,-0.000704894281143622));
#2384=CARTESIAN_POINT('',(-0.00284983140289689,0.0062428270095915,-0.000322843133467956));
#2385=CARTESIAN_POINT('',(-0.0028343231604526,0.00626550631730277,0.000438610230348815));
#2386=CARTESIAN_POINT('',(-0.00274741305319201,0.00627673829472988,0.00081572168346611));
#2387=CARTESIAN_POINT('',(-0.00245263000782175,0.00629660260243609,0.00148266191920915));
#2388=CARTESIAN_POINT('',(-0.00224804237236835,0.00630562879671733,0.00177981936412085));
#2389=CARTESIAN_POINT('',(-0.00144012947009046,0.00633813300233963,0.00256311758709546));
#2390=CARTESIAN_POINT('',(-0.000659959653737276,0.00636222479085489,0.00285575507844013));
#2391=CARTESIAN_POINT('',(0.000768248877353333,0.0063994690588194,0.00282854688389136));
#2392=CARTESIAN_POINT('',(0.0015442641730917,0.00642436997307395,0.00250055834207323));
#2393=CARTESIAN_POINT('',(0.00231605160252265,0.00645634939849508,0.00168992788195019));
#2394=CARTESIAN_POINT('',(0.00250771770585439,0.00646509573182719,0.00138821471959384));
#2395=CARTESIAN_POINT('',(0.00277829304603892,0.00648544791088552,0.000704894289917027));
#2396=CARTESIAN_POINT('',(0.00284983139818688,0.00649682701297516,0.000322843142329122));
#2397=CARTESIAN_POINT('',(0.00284207728010791,0.00650816666627069,-5.78835408730047E-5));
#2398=CARTESIAN_POINT('',(0.00267444538295626,0.00252799999898928,-5.4469551384179E-5));
#2399=CARTESIAN_POINT('',(0.00266714860209235,0.00253933965463214,-0.000412740144591059));
#2400=CARTESIAN_POINT('',(0.00258536462705312,0.00255057163354565,-0.000767608736866835));
#2401=CARTESIAN_POINT('',(0.00230796850195871,0.00257043594341066,-0.0013952113643903));
#2402=CARTESIAN_POINT('',(0.00211544787934595,0.00257946213770421,-0.00167484181447373));
#2403=CARTESIAN_POINT('',(0.00135518740904243,0.00261196634191332,-0.00241193938221611));
#2404=CARTESIAN_POINT('',(0.000621033710557799,0.00263605811919899,-0.00268731644919844));
#2405=CARTESIAN_POINT('',(-0.000722935980486235,0.00267330239551287,-0.00266171300748009));
#2406=CARTESIAN_POINT('',(-0.00145318019379512,0.00269820331299509,-0.00235306991332738));
#2407=CARTESIAN_POINT('',(-0.00217944589031581,0.0027301827394978,-0.00159025217770419));
#2408=CARTESIAN_POINT('',(-0.00235980710075209,0.00273892907159066,-0.00130633470881319));
#2409=CARTESIAN_POINT('',(-0.00261442330175035,0.00275928124565323,-0.000663317993015112));
#2410=CARTESIAN_POINT('',(-0.00268174215325797,0.00277066034667475,-0.00030380105140833));
#2411=CARTESIAN_POINT('',(-0.00266714859657192,0.0027933396545237,0.000412740132344655));
#2412=CARTESIAN_POINT('',(-0.00258536462451878,0.00280457163272012,0.000767608725678604));
#2413=CARTESIAN_POINT('',(-0.00230796850541628,0.00282443594306849,0.0013952113592294));
#2414=CARTESIAN_POINT('',(-0.00211544788323272,0.00283346213751964,0.00167484180954269));
#2415=CARTESIAN_POINT('',(-0.001355187414895,0.0028659663416999,0.00241193937886725));
#2416=CARTESIAN_POINT('',(-0.000621033716218584,0.00289005811906607,0.00268731644779268));
#2417=CARTESIAN_POINT('',(0.000722935974103065,0.00292730239531202,0.00266171300911529));
#2418=CARTESIAN_POINT('',(0.00145318018809572,0.00295220331278204,0.00235306991691821));
#2419=CARTESIAN_POINT('',(0.00217944588665709,0.00298418273931774,0.00159025218274476));
#2420=CARTESIAN_POINT('',(0.00235980709778172,0.0029929290714221,0.0013063347141385));
#2421=CARTESIAN_POINT('',(0.00261442330015724,0.00301328124545701,0.000663317999214567));
#2422=CARTESIAN_POINT('',(0.00268174215252873,0.00302466034647068,0.00030380105785588));
#2423=CARTESIAN_POINT('',(0.00266714859756272,0.00304733965432129,-0.000412740125949662));
#2424=CARTESIAN_POINT('',(0.00258536462635063,0.0030585716325272,-0.000767608719583214));
#2425=CARTESIAN_POINT('',(0.00230796850855619,0.00307843594290539,-0.00139521135407629));
#2426=CARTESIAN_POINT('',(0.00211544788711949,0.00308746213733506,-0.00167484180461163));
#2427=CARTESIAN_POINT('',(0.00135518742074756,0.00311996634148648,-0.0024119393755184));
#2428=CARTESIAN_POINT('',(0.00062103372187935,0.00314405811893315,-0.00268731644638693));
#2429=CARTESIAN_POINT('',(-0.000722935967719912,0.00318130239511118,-0.00266171301075049));
#2430=CARTESIAN_POINT('',(-0.00145318018239633,0.00320620331256899,-0.00235306992050902));
#2431=CARTESIAN_POINT('',(-0.00217944588299837,0.00323818273913768,-0.00159025218778532));
#2432=CARTESIAN_POINT('',(-0.00235980709481136,0.00324692907125355,-0.00130633471946381));
#2433=CARTESIAN_POINT('',(-0.00261442329856413,0.00326728124526079,-0.000663318005414027));
#2434=CARTESIAN_POINT('',(-0.00268174215179949,0.00327866034626661,-0.000303801064303437));
#2435=CARTESIAN_POINT('',(-0.00266714859855352,0.00330133965411888,0.000412740119554658));
#2436=CARTESIAN_POINT('',(-0.00258536462818249,0.00331257163233427,0.000767608713487812));
#2437=CARTESIAN_POINT('',(-0.00230796851169611,0.00333243594274229,0.00139521134892316));
#2438=CARTESIAN_POINT('',(-0.00211544789100628,0.00334146213715049,0.00167484179968054));
#2439=CARTESIAN_POINT('',(-0.00135518742660018,0.00337396634127305,0.00241193937216952));
#2440=CARTESIAN_POINT('',(-0.000621033727540205,0.00339805811880022,0.00268731644498115));
#2441=CARTESIAN_POINT('',(0.00072293596133667,0.00343530239491033,0.00266171301238571));
#2442=CARTESIAN_POINT('',(0.00145318017669686,0.00346020331235593,0.00235306992409988));
#2443=CARTESIAN_POINT('',(0.00217944587933961,0.00349218273895762,0.00159025219282594));
#2444=CARTESIAN_POINT('',(0.00235980709184094,0.00350092907108499,0.00130633472478922));
#2445=CARTESIAN_POINT('',(0.00261442329697099,0.00352128124506457,0.000663318011613583));
#2446=CARTESIAN_POINT('',(0.00268174215107024,0.00353266034606253,0.000303801070751089));
#2447=CARTESIAN_POINT('',(0.00266714859954433,0.00355533965391647,-0.000412740113159567));
#2448=CARTESIAN_POINT('',(0.00258536463001437,0.00356657163214134,-0.000767608707392333));
#2449=CARTESIAN_POINT('',(0.00230796851483606,0.00358643594257918,-0.00139521134376999));
#2450=CARTESIAN_POINT('',(0.00211544789489311,0.00359546213696591,-0.00167484179474941));
#2451=CARTESIAN_POINT('',(0.00135518743245283,0.00362796634105963,-0.00241193936882062));
#2452=CARTESIAN_POINT('',(0.000621033733201096,0.00365205811866731,-0.00268731644357538));
#2453=CARTESIAN_POINT('',(-0.000722935954953498,0.00368930239470949,-0.00266171301402093));
#2454=CARTESIAN_POINT('',(-0.00145318017099752,0.00371420331214288,-0.00235306992769067));
#2455=CARTESIAN_POINT('',(-0.00217944587568099,0.00374618273877757,-0.0015902521978664));
#2456=CARTESIAN_POINT('',(-0.00235980708887064,0.00375492907091645,-0.0013063347301144));
#2457=CARTESIAN_POINT('',(-0.00261442329537792,0.00377528124486835,-0.000663318017812884));
#2458=CARTESIAN_POINT('',(-0.00268174215034102,0.00378666034585846,-0.000303801077198476));
#2459=CARTESIAN_POINT('',(-0.00266714860053511,0.00380933965371407,0.000412740106764744));
#2460=CARTESIAN_POINT('',(-0.00258536463184617,0.00382057163194842,0.00076760870129711));
#2461=CARTESIAN_POINT('',(-0.00230796851797588,0.00384043594241609,0.00139521133861702));
#2462=CARTESIAN_POINT('',(-0.00211544789877978,0.00384946213678134,0.00167484178981849));
#2463=CARTESIAN_POINT('',(-0.00135518743830525,0.00388196634084622,0.00241193936547185));
#2464=CARTESIAN_POINT('',(-0.000621033738861676,0.00390605811853439,0.00268731644216966));
#2465=CARTESIAN_POINT('',(0.000722935948570441,0.00394330239450865,0.00266171301565609));
#2466=CARTESIAN_POINT('',(0.00145318016529815,0.00396820331192983,0.00235306993128146));
#2467=CARTESIAN_POINT('',(0.00217944587202224,0.00400018273859751,0.001590252202907));
#2468=CARTESIAN_POINT('',(0.00235980708590024,0.00400892907074789,0.00130633473543977));
#2469=CARTESIAN_POINT('',(0.0026144232937848,0.00402928124467213,0.000663318024012401));
#2470=CARTESIAN_POINT('',(0.00268174214961177,0.00404066034565439,0.000303801083646093));
#2471=CARTESIAN_POINT('',(0.00266714860152592,0.00406333965351165,-0.000412740100369677));
#2472=CARTESIAN_POINT('',(0.00258536463367805,0.0040745716317555,-0.000767608695201647));
#2473=CARTESIAN_POINT('',(0.00230796852111583,0.00409443594225298,-0.00139521133346384));
#2474=CARTESIAN_POINT('',(0.00211544790266661,0.00410346213659676,-0.00167484178488736));
#2475=CARTESIAN_POINT('',(0.0013551874441579,0.0041359663406328,-0.00241193936212296));
#2476=CARTESIAN_POINT('',(0.000621033744522545,0.00416005811840146,-0.00268731644076388));
#2477=CARTESIAN_POINT('',(-0.00072293594218719,0.0041973023943078,-0.00266171301729131));
#2478=CARTESIAN_POINT('',(-0.00145318015959868,0.00422220331171678,-0.00235306993487232));
#2479=CARTESIAN_POINT('',(-0.00217944586836348,0.00425418273841745,-0.00159025220794762));
#2480=CARTESIAN_POINT('',(-0.00235980708292984,0.00426292907057934,-0.00130633474076514));
#2481=CARTESIAN_POINT('',(-0.00261442329219167,0.00428328124447591,-0.000663318030211929));
#2482=CARTESIAN_POINT('',(-0.00268174214888252,0.00429466034545032,-0.00030380109009372));
#2483=CARTESIAN_POINT('',(-0.00266714860251673,0.00431733965330924,0.000412740093974605));
#2484=CARTESIAN_POINT('',(-0.00258536463550992,0.00432857163156257,0.000767608689106183));
#2485=CARTESIAN_POINT('',(-0.00230796852425577,0.00434843594208988,0.00139521132831067));
#2486=CARTESIAN_POINT('',(-0.00211544790655342,0.00435746213641218,0.00167484177995625));
#2487=CARTESIAN_POINT('',(-0.00135518745001053,0.00438996634041937,0.00241193935877406));
#2488=CARTESIAN_POINT('',(-0.000621033750183388,0.00441405811826855,0.00268731643935811));
#2489=CARTESIAN_POINT('',(0.000722935935803951,0.00445130239410695,0.00266171301892653));
#2490=CARTESIAN_POINT('',(0.00145318015389921,0.00447620331150373,0.00235306993846319));
#2491=CARTESIAN_POINT('',(0.00217944586470472,0.00450818273823739,0.00159025221298826));
#2492=CARTESIAN_POINT('',(0.00235980707995944,0.00451692907041079,0.00130633474609052));
#2493=CARTESIAN_POINT('',(0.00261442329059854,0.00453728124427969,0.00066331803641146));
#2494=CARTESIAN_POINT('',(0.00268174214815327,0.00454866034524624,0.000303801096541343));
#2495=CARTESIAN_POINT('',(0.00266714860350754,0.00457133965310683,-0.000412740087579552));
#2496=CARTESIAN_POINT('',(0.00258536463734179,0.00458257163136964,-0.000767608683010742));
#2497=CARTESIAN_POINT('',(0.00230796852739571,0.00460243594192678,-0.00139521132315752));
#2498=CARTESIAN_POINT('',(0.00211544791044021,0.00461146213622761,-0.00167484177502517));
#2499=CARTESIAN_POINT('',(0.00135518745586307,0.00464396634020595,-0.00241193935542525));
#2500=CARTESIAN_POINT('',(0.000621033755844027,0.00466805811813563,-0.00268731643795239));
#2501=CARTESIAN_POINT('',(-0.00072293592942095,0.00470530239390611,-0.0026617130205617));
#2502=CARTESIAN_POINT('',(-0.00145318014819996,0.00473020331129068,-0.00235306994205391));
#2503=CARTESIAN_POINT('',(-0.0021794458610461,0.00476218273805734,-0.00159025221802868));
#2504=CARTESIAN_POINT('',(-0.00235980707698915,0.00477092907024223,-0.00130633475141569));
#2505=CARTESIAN_POINT('',(-0.00261442328900547,0.00479128124408347,-0.000663318042610745));
#2506=CARTESIAN_POINT('',(-0.00268174214742405,0.00480266034504217,-0.000303801102988721));
#2507=CARTESIAN_POINT('',(-0.00266714860449831,0.00482533965290443,0.00041274008118472));
#2508=CARTESIAN_POINT('',(-0.0025853646391736,0.00483657163117672,0.000767608676915502));
#2509=CARTESIAN_POINT('',(-0.00230796853053554,0.00485643594176368,0.00139521131800453));
#2510=CARTESIAN_POINT('',(-0.00211544791432691,0.00486546213604303,0.00167484177009421));
#2511=CARTESIAN_POINT('',(-0.00135518746171559,0.00489796633999253,0.0024119393520764));
#2512=CARTESIAN_POINT('',(-0.000621033761504872,0.00492205811800271,0.00268731643654661));
#2513=CARTESIAN_POINT('',(0.000722935923037715,0.00495930239370527,0.00266171302219692));
#2514=CARTESIAN_POINT('',(0.0014531801425005,0.00498420331107763,0.00235306994564477));
#2515=CARTESIAN_POINT('',(0.00217944585738734,0.00501618273787728,0.00159025222306931));
#2516=CARTESIAN_POINT('',(0.00235980707401875,0.00502492907007368,0.00130633475674106));
#2517=CARTESIAN_POINT('',(0.00261442328741234,0.00504528124388725,0.000663318048810271));
#2518=CARTESIAN_POINT('',(0.0026817421466948,0.0050566603448381,0.000303801109436345));
#2519=CARTESIAN_POINT('',(0.00266714860548912,0.00507933965270202,-0.000412740074789652));
#2520=CARTESIAN_POINT('',(0.00258536464100547,0.00509057163098379,-0.000767608670820042));
#2521=CARTESIAN_POINT('',(0.00230796853367548,0.00511043594160058,-0.00139521131285136));
#2522=CARTESIAN_POINT('',(0.00211544791821373,0.00511946213585845,-0.0016748417651631));
#2523=CARTESIAN_POINT('',(0.00135518746756823,0.00515196633977911,-0.00241193934872751));
#2524=CARTESIAN_POINT('',(0.000621033767165731,0.00517605811786978,-0.00268731643514084));
#2525=CARTESIAN_POINT('',(-0.00072293591665447,0.00521330239350442,-0.00266171302383214));
#2526=CARTESIAN_POINT('',(-0.00145318013680103,0.00523820331086458,-0.00235306994923563));
#2527=CARTESIAN_POINT('',(-0.00217944585372858,0.00527018273769722,-0.00159025222810994));
#2528=CARTESIAN_POINT('',(-0.00235980707104835,0.00527892906990513,-0.00130633476206643));
#2529=CARTESIAN_POINT('',(-0.00261442328581922,0.00529928124369103,-0.000663318055009797));
#2530=CARTESIAN_POINT('',(-0.00268174214596556,0.00531066034463403,-0.000303801115883965));
#2531=CARTESIAN_POINT('',(-0.00266714860647993,0.00533333965249961,0.000412740068394595));
#2532=CARTESIAN_POINT('',(-0.00258536464283734,0.00534457163079086,0.000767608664724594));
#2533=CARTESIAN_POINT('',(-0.00230796853681543,0.00536443594143747,0.0013952113076982));
#2534=CARTESIAN_POINT('',(-0.00211544792210054,0.00537346213567388,0.00167484176023198));
#2535=CARTESIAN_POINT('',(-0.00135518747342087,0.00540596633956569,0.00241193934537862));
#2536=CARTESIAN_POINT('',(-0.000621033772826635,0.00543005811773687,0.00268731643373506));
#2537=CARTESIAN_POINT('',(0.000722935910271291,0.00546730239330358,0.00266171302546736));
#2538=CARTESIAN_POINT('',(0.00145318013110169,0.00549220331065153,0.00235306995282643));
#2539=CARTESIAN_POINT('',(0.00217944585006996,0.00552418273751717,0.00159025223315038));
#2540=CARTESIAN_POINT('',(0.00235980706807807,0.00553292906973659,0.00130633476739159));
#2541=CARTESIAN_POINT('',(0.00261442328422615,0.00555328124349482,0.000663318061209069));
#2542=CARTESIAN_POINT('',(0.00268174214523634,0.00556466034442996,0.00030380112233133));
#2543=CARTESIAN_POINT('',(0.00266714860747071,0.0055873396522972,-0.000412740061999776));
#2544=CARTESIAN_POINT('',(0.00258536464466914,0.00559857163059794,-0.000767608658629366));
#2545=CARTESIAN_POINT('',(0.00230796853995525,0.00561843594127438,-0.00139521130254522));
#2546=CARTESIAN_POINT('',(0.00211544792598715,0.00562746213548931,-0.00167484175530114));
#2547=CARTESIAN_POINT('',(0.00135518747927322,0.00565996633935229,-0.00241193934202988));
#2548=CARTESIAN_POINT('',(0.000621033778487351,0.00568405811760396,-0.00268731643232932));
#2549=CARTESIAN_POINT('',(-0.000722935903888145,0.00572130239310273,-0.00266171302710255));
#2550=CARTESIAN_POINT('',(-0.00145318012540227,0.00574620331043847,-0.00235306995641725));
#2551=CARTESIAN_POINT('',(-0.00217944584641121,0.00577818273733711,-0.001590252238191));
#2552=CARTESIAN_POINT('',(-0.00235980706510765,0.00578692906956803,-0.00130633477271698));
#2553=CARTESIAN_POINT('',(-0.00261442328263302,0.0058072812432986,-0.000663318067408609));
#2554=CARTESIAN_POINT('',(-0.00268174214450709,0.00581866034422589,-0.000303801128778961));
#2555=CARTESIAN_POINT('',(-0.00266714860846152,0.00584133965209479,0.000412740055604717));
#2556=CARTESIAN_POINT('',(-0.00258536464650101,0.00585257163040502,0.000767608652533922));
#2557=CARTESIAN_POINT('',(-0.00230796854309518,0.00587243594111127,0.00139521129739207));
#2558=CARTESIAN_POINT('',(-0.00211544792987409,0.00588146213530473,0.00167484175036987));
#2559=CARTESIAN_POINT('',(-0.00135518748512598,0.00591396633913885,0.00241193933868094));
#2560=CARTESIAN_POINT('',(-0.000621033784148182,0.00593805811747103,0.00268731643092354));
#2561=CARTESIAN_POINT('',(0.000722935897504912,0.00597530239290189,0.00266171302873777));
#2562=CARTESIAN_POINT('',(0.00145318011970281,0.00600020331022542,0.00235306996000811));
#2563=CARTESIAN_POINT('',(0.00217944584275245,0.00603218273715705,0.00159025224323162));
#2564=CARTESIAN_POINT('',(0.00235980706213726,0.00604092906939948,0.00130633477804233));
#2565=CARTESIAN_POINT('',(0.00261442328103989,0.00606128124310237,0.000663318073608121));
#2566=CARTESIAN_POINT('',(0.00268174214377784,0.00607266034402181,0.000303801135226578));
#2567=CARTESIAN_POINT('',(0.00266714860945233,0.00609533965189238,-0.000412740049209641));
#2568=CARTESIAN_POINT('',(0.00258536464833289,0.00610657163021208,-0.000767608646438447));
#2569=CARTESIAN_POINT('',(0.00230796854623514,0.00612643594094817,-0.00139521129223888));
#2570=CARTESIAN_POINT('',(0.00211544793376079,0.00613546213512016,-0.0016748417454389));
#2571=CARTESIAN_POINT('',(0.0013551874909785,0.00616796633892543,-0.00241193933533209));
#2572=CARTESIAN_POINT('',(0.000621033789809055,0.00619205811733811,-0.00268731642951777));
#2573=CARTESIAN_POINT('',(-0.000722935891121652,0.00622930239270104,-0.002661713030373));
#2574=CARTESIAN_POINT('',(-0.00145318011400333,0.00625420331001237,-0.00235306996359898));
#2575=CARTESIAN_POINT('',(-0.00217944583909368,0.00628618273697699,-0.00159025224827226));
#2576=CARTESIAN_POINT('',(-0.00235980705916685,0.00629492906923093,-0.00130633478336774));
#2577=CARTESIAN_POINT('',(-0.00261442327944676,0.00631528124290616,-0.000663318079807671));
#2578=CARTESIAN_POINT('',(-0.00268174214304859,0.00632666034381774,-0.000303801141674214));
#2579=CARTESIAN_POINT('',(-0.00266714861044314,0.00634933965168997,0.000412740042814587));
#2580=CARTESIAN_POINT('',(-0.00258536465016475,0.00636057163001916,0.000767608640343012));
#2581=CARTESIAN_POINT('',(-0.00230796854937507,0.00638043594078506,0.00139521128708574));
#2582=CARTESIAN_POINT('',(-0.00211544793764771,0.00638946213493557,0.00167484174050767));
#2583=CARTESIAN_POINT('',(-0.00135518749683114,0.00642196633871201,0.00241193933198323));
#2584=CARTESIAN_POINT('',(-0.000621033795469687,0.00644605811720519,0.00268731642811204));
#2585=CARTESIAN_POINT('',(0.00072293588473866,0.0064833023925002,0.00266171303200815));
#2586=CARTESIAN_POINT('',(0.00145318010830409,0.00650820330979932,0.0023530699671897));
#2587=CARTESIAN_POINT('',(0.00217944583543507,0.00654018273679693,0.00159025225331268));
#2588=CARTESIAN_POINT('',(0.00235980705466159,0.00654892907008076,0.00130633478925228));
#2589=CARTESIAN_POINT('',(0.00261442327127732,0.00656928124913909,0.000663318088338731));
#2590=CARTESIAN_POINT('',(0.0026817421360638,0.00658066035122873,0.000303801150292537));
#2591=CARTESIAN_POINT('',(0.00267444537405277,0.00659200000452426,-5.44694432801119E-5));
#2592=CARTESIAN_POINT('',(0.00267444538900338,0.00659199999726494,-5.44694537232687E-5));
#2593=CARTESIAN_POINT('',(0.00273717938412481,0.00654452924269053,0.0006944709555792));
#2594=CARTESIAN_POINT('',(0.00219201382707069,0.00646520780923233,0.00220358022157048));
#2595=CARTESIAN_POINT('',(0.000750603103125499,0.006372088399479,0.00289491163108844));
#2596=CARTESIAN_POINT('',(-8.61815462590308E-11,0.00633455195686056,0.00293244805164744));
#2597=CARTESIAN_POINT('',(0.00267444538397086,0.00659200000230836,-5.44694531453267E-5));
#2598=CARTESIAN_POINT('',(-8.03651217589105E-11,0.00633455196623446,0.00293244801702504));
#2599=CARTESIAN_POINT('',(-8.99505962267736E-11,0.00633455198192057,0.00293244800133892));
#2600=CARTESIAN_POINT('',(-0.00077183197627421,0.0062959539220438,0.00297104604155821));
#2601=CARTESIAN_POINT('',(-0.00231625640358045,0.00620398950442827,0.00243125395031375));
#2602=CARTESIAN_POINT('',(-0.00307463478722976,0.00613304545701537,0.000981478375044633));
#2603=CARTESIAN_POINT('',(-0.00316773582069804,0.00609199998520071,0.000214650688952716));
#2604=CARTESIAN_POINT('',(-0.00316773579714292,0.00609200000289607,0.000214650689121766));
#2605=CARTESIAN_POINT('',(-0.00316773579785562,0.00609199999666513,0.00021465068506046));
#2606=CARTESIAN_POINT('',(-0.00322688556716136,0.00606872238600319,-0.000658259837502886));
#2607=CARTESIAN_POINT('',(-0.00258958091620808,0.00602849047300319,-0.0024178931542931));
#2608=CARTESIAN_POINT('',(-0.000874989126548771,0.0059794829909122,-0.00317499999674094));
#2609=CARTESIAN_POINT('',(-1.27475457518511E-11,0.00595927599116739,-0.003175000000254));
#2610=CARTESIAN_POINT('',(-1.91687916772234E-11,0.00595927598913175,-0.003175000000254));
#2611=CARTESIAN_POINT('',(-1.27475457518511E-11,0.00595927599116739,-0.003175000000254));
#2612=CARTESIAN_POINT('',(0.000838996715525711,0.0059399001996213,-0.00317500000362255));
#2613=CARTESIAN_POINT('',(0.00248342059822772,0.00589370643296244,-0.00248707739370166));
#2614=CARTESIAN_POINT('',(0.00352010048275339,0.00583234628636028,-2.92982963525248E-6));
#2615=CARTESIAN_POINT('',(0.00248617317178313,0.00577090563885446,0.00248599636002464));
#2616=CARTESIAN_POINT('',(0.000838998124654967,0.0057246518146251,0.0031750000003105));
#2617=CARTESIAN_POINT('',(-2.13826074570077E-13,0.00570527599086806,0.003175000000254));
#2618=CARTESIAN_POINT('',(-3.2402629233103E-13,0.00570527598804995,0.003175000000254));
#2619=CARTESIAN_POINT('',(-2.13914903514715E-13,0.00570527599086806,0.003175000000254));
#2620=CARTESIAN_POINT('',(-0.000838996728417739,0.00568590019936561,0.00317500000019747));
#2621=CARTESIAN_POINT('',(-0.00248342060841132,0.00563970643217541,0.00248707738352433));
#2622=CARTESIAN_POINT('',(-0.00352010048263277,0.00557834628749997,2.92981553196923E-6));
#2623=CARTESIAN_POINT('',(-0.00248617316213325,0.00551690563304729,-0.00248599636976278));
#2624=CARTESIAN_POINT('',(-0.000838998111901477,0.00547065182612699,-0.00317500000358784));
#2625=CARTESIAN_POINT('',(1.26161825472972E-11,0.00545127599058164,-0.003175000000254));
#2626=CARTESIAN_POINT('',(1.2610614006149E-11,0.00545127598732015,-0.003175000000254));
#2627=CARTESIAN_POINT('',(1.26162713734449E-11,0.00545127599058164,-0.003175000000254));
#2628=CARTESIAN_POINT('',(0.00083899673250246,0.00543190018747488,-0.00317499999692014));
#2629=CARTESIAN_POINT('',(0.0024834205949318,0.00538570643834315,-0.00248707738782591));
#2630=CARTESIAN_POINT('',(0.00352010047493711,0.00532434628552473,-2.92985414072076E-6));
#2631=CARTESIAN_POINT('',(0.00248617320625342,0.00526290564041645,0.00248599631715274));
#2632=CARTESIAN_POINT('',(0.000838998183230174,0.0052166518164139,0.00317499998269159));
#2633=CARTESIAN_POINT('',(6.64609874957031E-11,0.00519727599240785,0.003175000000254));
#2634=CARTESIAN_POINT('',(7.11133434637391E-11,0.00519727598969973,0.003175000000254));
#2635=CARTESIAN_POINT('',(6.6460898666758E-11,0.00519727599240785,0.003175000000254));
#2636=CARTESIAN_POINT('',(-0.000838996665458125,0.00517790020037139,0.00317500001781635));
#2637=CARTESIAN_POINT('',(-0.00248342056691309,0.00513170643429919,0.00248707742943901));
#2638=CARTESIAN_POINT('',(-0.00352010048553514,0.00507034628718349,2.92986518958527E-6));
#2639=CARTESIAN_POINT('',(-0.00248617319184151,0.00500890563935373,-0.00248599634564706));
#2640=CARTESIAN_POINT('',(-0.000838998134905985,0.00496265181505838,-0.00317499999856668));
#2641=CARTESIAN_POINT('',(-6.38527622538169E-12,0.00494327599102046,-0.003175000000254));
#2642=CARTESIAN_POINT('',(-9.63761902352322E-12,0.00494327598841944,-0.003175000000254));
#2643=CARTESIAN_POINT('',(-6.38518739643699E-12,0.00494327599102046,-0.003175000000254));
#2644=CARTESIAN_POINT('',(0.000838996723697965,0.00492390019928902,-0.00317500000194129));
#2645=CARTESIAN_POINT('',(0.00248342060859102,0.00487770643230051,-0.0024870773856227));
#2646=CARTESIAN_POINT('',(0.00352010048400553,0.00481634628736199,-2.92981065007031E-6));
#2647=CARTESIAN_POINT('',(0.00248617315648018,0.0047549056327733,0.00248599637861442));
#2648=CARTESIAN_POINT('',(0.000838998095471077,0.00470865182581206,0.00317500000842706));
#2649=CARTESIAN_POINT('',(-3.09291134269194E-11,0.00468927599015872,0.003175000000254));
#2650=CARTESIAN_POINT('',(-2.83816548041187E-11,0.00468927598740199,0.003175000000254));
#2651=CARTESIAN_POINT('',(-3.09292022530672E-11,0.00468927599015872,0.003175000000254));
#2652=CARTESIAN_POINT('',(-0.000838996756817317,0.00466990018684882,0.00317499999208093));
#2653=CARTESIAN_POINT('',(-0.0024834206264828,0.00462370643702158,0.00248707736317364));
#2654=CARTESIAN_POINT('',(-0.00352010048085065,0.00456234628552267,2.9297948639637E-6));
#2655=CARTESIAN_POINT('',(-0.00248617315126511,0.00450090563314005,-0.00248599637812539));
#2656=CARTESIAN_POINT('',(-0.00083899810352815,0.00445465182595601,-0.00317500000526781));
#2657=CARTESIAN_POINT('',(1.8973625739427E-11,0.00443527599043483,-0.003175000000254));
#2658=CARTESIAN_POINT('',(1.89643327628832E-11,0.00443527598695345,-0.003175000000254));
#2659=CARTESIAN_POINT('',(1.89737149180595E-11,0.00443527599043482,-0.003175000000254));
#2660=CARTESIAN_POINT('',(0.000838996740317425,0.004415900187272,-0.00317499999524018));
#2661=CARTESIAN_POINT('',(0.00248342060409703,0.00436970643807866,-0.00248707738032224));
#2662=CARTESIAN_POINT('',(0.00352010047643823,0.00430834628510454,-2.92983762037719E-6));
#2663=CARTESIAN_POINT('',(0.00248617319114415,0.00424690563996272,0.0024859963335286));
#2664=CARTESIAN_POINT('',(0.000838998162467859,0.00420065181574757,0.00317499998856451));
#2665=CARTESIAN_POINT('',(4.4236237131583E-11,0.0041812759918946,0.003175000000254));
#2666=CARTESIAN_POINT('',(4.73009785097263E-11,0.00418127598914981,0.003175000000254));
#2667=CARTESIAN_POINT('',(4.4236148302638E-11,0.00418127599189459,0.003175000000254));
#2668=CARTESIAN_POINT('',(-0.000838996686626594,0.00416190020008153,0.00317500001194344));
#2669=CARTESIAN_POINT('',(-0.0024834205811188,0.00411570643369792,0.00248707741385674));
#2670=CARTESIAN_POINT('',(-0.00352010048500838,0.00405434628677404,2.92984758880351E-6));
#2671=CARTESIAN_POINT('',(-0.00248617317980711,0.00399290563904288,-0.00248599635528263));
#2672=CARTESIAN_POINT('',(-0.000838998127493889,0.00394665181475026,-0.00317500000024568));
#2673=CARTESIAN_POINT('',(-3.14750560507297E-14,0.00392727599087373,-0.003175000000254));
#2674=CARTESIAN_POINT('',(-1.10724962864629E-13,0.00392727598805278,-0.003175000000254));
#2675=CARTESIAN_POINT('',(-3.13862271060897E-14,0.00392727599087373,-0.003175000000254));
#2676=CARTESIAN_POINT('',(0.000838996731912378,0.00390790019924564,-0.00317500000026229));
#2677=CARTESIAN_POINT('',(0.00248342061908865,0.00386170643192052,-0.00248707737747331));
#2678=CARTESIAN_POINT('',(0.0035201004852667,0.00380034628692383,-2.92979136559614E-6));
#2679=CARTESIAN_POINT('',(0.00248617314100788,0.00373890563212868,0.00248599639747402));
#2680=CARTESIAN_POINT('',(0.000838998065575464,0.00369265182523353,0.00317500001681697));
#2681=CARTESIAN_POINT('',(-6.26788508285493E-11,0.0036732759894255,0.003175000000254));
#2682=CARTESIAN_POINT('',(-5.69565088708055E-11,0.00367327598674208,0.003175000000254));
#2683=CARTESIAN_POINT('',(-6.26789322525184E-11,0.00367327598942549,0.003175000000254));
#2684=CARTESIAN_POINT('',(-0.000838996781929271,0.00365390018615703,0.00317499998369103));
#2685=CARTESIAN_POINT('',(-0.00248342063238973,0.00360770643715414,0.00248707734987552));
#2686=CARTESIAN_POINT('',(-0.0035201004738128,0.00354634628422746,2.92980268648444E-6));
#2687=CARTESIAN_POINT('',(-0.00248617317347916,0.003484905639396,-0.00248599635082961));
#2688=CARTESIAN_POINT('',(-0.000838998135236955,0.00343865181509609,-0.00317499999520819));
#2689=CARTESIAN_POINT('',(-1.90947291730304E-11,0.00341927599131398,-0.003175000000254));
#2690=CARTESIAN_POINT('',(-2.86923375605231E-11,0.00341927598915279,-0.003175000000254));
#2691=CARTESIAN_POINT('',(-1.90946477464977E-11,0.00341927599131397,-0.003175000000254));
#2692=CARTESIAN_POINT('',(0.000838996707712523,0.00339990019961516,-0.00317500000529978));
#2693=CARTESIAN_POINT('',(0.00248342058906577,0.00335370643332301,-0.00248707740120162));
#2694=CARTESIAN_POINT('',(0.00352010048124725,0.00329234628675739,-2.92984616353462E-6));
#2695=CARTESIAN_POINT('',(0.00248617318690914,0.00323090563930562,0.00248599634363155));
#2696=CARTESIAN_POINT('',(0.000838998145431842,0.0031846518153147,0.00317499999443273));
#2697=CARTESIAN_POINT('',(2.20292969994798E-11,0.00316527599138175,0.003175000000254));
#2698=CARTESIAN_POINT('',(2.3497528012861E-11,0.00316527598937105,0.003175000000254));
#2699=CARTESIAN_POINT('',(2.2029215572947E-11,0.00316527599138174,0.003175000000254));
#2700=CARTESIAN_POINT('',(-0.000904298332111858,0.00314439212382485,0.00317500000652833));
#2701=CARTESIAN_POINT('',(-0.00267216807365157,0.00309402671753464,0.00236507723487454));
#2702=CARTESIAN_POINT('',(-0.00326127357656093,0.0030519343167941,0.000512187669120423));
#2703=CARTESIAN_POINT('',(-0.00315152835173845,0.00302799999962586,-0.000385349256910645));
#2704=CARTESIAN_POINT('',(-0.00315152835562621,0.00302799999349061,-0.000385349258374716));
#2705=CARTESIAN_POINT('',(-0.00315152835845264,0.00302799999623305,-0.000385349257854848));
#2706=CARTESIAN_POINT('',(-0.00304538414192256,0.00301451367209884,-0.00114231821258716));
#2707=CARTESIAN_POINT('',(-0.002275696799762,0.00299148965145658,-0.00255225308422647));
#2708=CARTESIAN_POINT('',(-0.000764425450321414,0.00296224878827963,-0.00310924879319303));
#2709=CARTESIAN_POINT('',(3.11362434209499E-12,0.00295018399165859,-0.00309718399458234));
#2710=CARTESIAN_POINT('',(0.00267444538373913,0.00252799999859776,-5.44695514001235E-5));
#2711=CARTESIAN_POINT('',(0.00266510240014369,0.00254251958176658,-0.000513208320932977));
#2712=CARTESIAN_POINT('',(0.00254069000767987,0.00255632539309358,-0.00094939582039552));
#2713=CARTESIAN_POINT('',(0.00231661794807813,0.00256860931500848,-0.00133749999239152));
#2714=CARTESIAN_POINT('',(0.00231660390978705,0.00256861008460597,-0.00133752430742558));
#2715=CARTESIAN_POINT('',(0.00231658987109342,0.00256861085421153,-0.00133754862227281));
#2716=CARTESIAN_POINT('',(0.00231657583199724,0.00256861162382516,-0.00133757293693321));
#2717=CARTESIAN_POINT('',(0.0018270055776953,0.00259544952989904,-0.00218547185581252));
#2718=CARTESIAN_POINT('',(0.000979084103773734,0.0026264386539899,-0.00267500001018303));
#2719=CARTESIAN_POINT('',(0.,0.00265327597320849,-0.00267500001018303));
#2720=CARTESIAN_POINT('',(-2.807658233144E-8,0.00265327674280596,-0.00267500001018303));
#2721=CARTESIAN_POINT('',(-5.61532041392571E-8,0.00265327751241151,-0.002675000009741));
#2722=CARTESIAN_POINT('',(-8.42298654163253E-8,0.00265327828202514,-0.00267500000885693));
#2723=CARTESIAN_POINT('',(-0.00097917135665745,0.00268011618809961,-0.00267496917955687));
#2724=CARTESIAN_POINT('',(-0.00182707590424229,0.0027111053214875,-0.00218541170791066));
#2725=CARTESIAN_POINT('',(-0.00231661794807813,0.00273794265680849,-0.00133749999239152));
#2726=CARTESIAN_POINT('',(-0.00231663198636957,0.0027379434264055,-0.00133747567735808));
#2727=CARTESIAN_POINT('',(-0.00231664602429794,0.00273794419601059,-0.00133745136206944));
#2728=CARTESIAN_POINT('',(-0.00231666006186323,0.00273794496562377,-0.00133742704652561));
#2729=CARTESIAN_POINT('',(-0.00280617693435329,0.00276478285559607,-0.000489497314448589));
#2730=CARTESIAN_POINT('',(-0.00280616000801631,0.0027957719796875,0.00048958829297487));
#2731=CARTESIAN_POINT('',(-0.00231661794807813,0.00282260931500848,0.00133749999239152));
#2732=CARTESIAN_POINT('',(-0.00231660390978705,0.00282261008460597,0.00133752430742558));
#2733=CARTESIAN_POINT('',(-0.00231658987109342,0.00282261085421153,0.00133754862227281));
#2734=CARTESIAN_POINT('',(-0.00231657583199724,0.00282261162382517,0.00133757293693321));
#2735=CARTESIAN_POINT('',(-0.0018270055776953,0.00284944952989904,0.00218547185581252));
#2736=CARTESIAN_POINT('',(-0.000979084103773734,0.0028804386539899,0.00267500001018303));
#2737=CARTESIAN_POINT('',(0.,0.00290727597320849,0.00267500001018303));
#2738=CARTESIAN_POINT('',(2.807658233144E-8,0.00290727674280596,0.00267500001018303));
#2739=CARTESIAN_POINT('',(5.61532041392571E-8,0.00290727751241151,0.002675000009741));
#2740=CARTESIAN_POINT('',(8.42298654163253E-8,0.00290727828202514,0.00267500000885693));
#2741=CARTESIAN_POINT('',(0.00097917135665745,0.00293411618809961,0.00267496917955687));
#2742=CARTESIAN_POINT('',(0.00182707590424229,0.0029651053214875,0.00218541170791066));
#2743=CARTESIAN_POINT('',(0.00231661794807813,0.00299194265680849,0.00133749999239152));
#2744=CARTESIAN_POINT('',(0.00231663198636957,0.0029919434264055,0.00133747567735808));
#2745=CARTESIAN_POINT('',(0.00231664602429794,0.00299194419601059,0.00133745136206944));
#2746=CARTESIAN_POINT('',(0.00231666006186323,0.00299194496562376,0.00133742704652561));
#2747=CARTESIAN_POINT('',(0.00280617693435329,0.00301878285559607,0.000489497314448589));
#2748=CARTESIAN_POINT('',(0.00280616000801631,0.0030497719796875,-0.00048958829297487));
#2749=CARTESIAN_POINT('',(0.00231661794807813,0.00307660931500849,-0.00133749999239152));
#2750=CARTESIAN_POINT('',(0.00231660390978705,0.00307661008460597,-0.00133752430742558));
#2751=CARTESIAN_POINT('',(0.00231658987109342,0.00307661085421153,-0.00133754862227281));
#2752=CARTESIAN_POINT('',(0.00231657583199724,0.00307661162382517,-0.00133757293693321));
#2753=CARTESIAN_POINT('',(0.0018270055776953,0.00310344952989904,-0.00218547185581252));
#2754=CARTESIAN_POINT('',(0.000979084103773734,0.00313443865398991,-0.00267500001018303));
#2755=CARTESIAN_POINT('',(0.,0.00316127597320849,-0.00267500001018303));
#2756=CARTESIAN_POINT('',(-2.8076582331341E-8,0.00316127674280596,-0.00267500001018303));
#2757=CARTESIAN_POINT('',(-5.61532041390591E-8,0.00316127751241151,-0.002675000009741));
#2758=CARTESIAN_POINT('',(-8.42298654160283E-8,0.00316127828202514,-0.00267500000885693));
#2759=CARTESIAN_POINT('',(-0.000979171356657449,0.0031881161880996,-0.00267496917955687));
#2760=CARTESIAN_POINT('',(-0.00182707590424229,0.0032191053214875,-0.00218541170791066));
#2761=CARTESIAN_POINT('',(-0.00231661794807813,0.00324594265680849,-0.00133749999239152));
#2762=CARTESIAN_POINT('',(-0.00231663198636957,0.0032459434264055,-0.00133747567735808));
#2763=CARTESIAN_POINT('',(-0.00231664602429794,0.00324594419601059,-0.00133745136206944));
#2764=CARTESIAN_POINT('',(-0.00231666006186323,0.00324594496562376,-0.00133742704652561));
#2765=CARTESIAN_POINT('',(-0.00280617693435329,0.00327278285559607,-0.000489497314448589));
#2766=CARTESIAN_POINT('',(-0.00280616000801631,0.0033037719796875,0.00048958829297487));
#2767=CARTESIAN_POINT('',(-0.00231661794807813,0.00333060931500849,0.00133749999239152));
#2768=CARTESIAN_POINT('',(-0.00231660390978705,0.00333061008460597,0.00133752430742558));
#2769=CARTESIAN_POINT('',(-0.00231658987109342,0.00333061085421153,0.00133754862227281));
#2770=CARTESIAN_POINT('',(-0.00231657583199724,0.00333061162382517,0.00133757293693321));
#2771=CARTESIAN_POINT('',(-0.0018270055776953,0.00335744952989904,0.00218547185581252));
#2772=CARTESIAN_POINT('',(-0.000979084103773734,0.0033884386539899,0.00267500001018303));
#2773=CARTESIAN_POINT('',(0.,0.00341527597320849,0.00267500001018303));
#2774=CARTESIAN_POINT('',(2.8076582330351E-8,0.00341527674280596,0.00267500001018303));
#2775=CARTESIAN_POINT('',(5.61532041370792E-8,0.00341527751241151,0.002675000009741));
#2776=CARTESIAN_POINT('',(8.42298654130584E-8,0.00341527828202514,0.00267500000885693));
#2777=CARTESIAN_POINT('',(0.000979171356657448,0.00344211618809961,0.00267496917955687));
#2778=CARTESIAN_POINT('',(0.00182707590424229,0.0034731053214875,0.00218541170791066));
#2779=CARTESIAN_POINT('',(0.00231661794807813,0.00349994265680849,0.00133749999239152));
#2780=CARTESIAN_POINT('',(0.00231663198636957,0.0034999434264055,0.00133747567735808));
#2781=CARTESIAN_POINT('',(0.00231664602429794,0.00349994419601059,0.00133745136206945));
#2782=CARTESIAN_POINT('',(0.00231666006186323,0.00349994496562376,0.00133742704652561));
#2783=CARTESIAN_POINT('',(0.00280617693435329,0.00352678285559607,0.000489497314448592));
#2784=CARTESIAN_POINT('',(0.00280616000801631,0.0035577719796875,-0.000489588292974869));
#2785=CARTESIAN_POINT('',(0.00231661794807813,0.00358460931500848,-0.00133749999239152));
#2786=CARTESIAN_POINT('',(0.00231660390978705,0.00358461008460597,-0.00133752430742558));
#2787=CARTESIAN_POINT('',(0.00231658987109342,0.00358461085421153,-0.00133754862227281));
#2788=CARTESIAN_POINT('',(0.00231657583199724,0.00358461162382517,-0.00133757293693321));
#2789=CARTESIAN_POINT('',(0.0018270055776953,0.00361144952989904,-0.00218547185581252));
#2790=CARTESIAN_POINT('',(0.000979084103773734,0.00364243865398991,-0.00267500001018303));
#2791=CARTESIAN_POINT('',(0.,0.00366927597320849,-0.00267500001018303));
#2792=CARTESIAN_POINT('',(-2.8076582330351E-8,0.00366927674280596,-0.00267500001018303));
#2793=CARTESIAN_POINT('',(-5.61532041370792E-8,0.00366927751241151,-0.002675000009741));
#2794=CARTESIAN_POINT('',(-8.42298654130584E-8,0.00366927828202514,-0.00267500000885693));
#2795=CARTESIAN_POINT('',(-0.000979171356657448,0.00369611618809961,-0.00267496917955687));
#2796=CARTESIAN_POINT('',(-0.00182707590424229,0.0037271053214875,-0.00218541170791066));
#2797=CARTESIAN_POINT('',(-0.00231661794807813,0.00375394265680849,-0.00133749999239152));
#2798=CARTESIAN_POINT('',(-0.00231663198636957,0.0037539434264055,-0.00133747567735808));
#2799=CARTESIAN_POINT('',(-0.00231664602429794,0.00375394419601059,-0.00133745136206945));
#2800=CARTESIAN_POINT('',(-0.00231666006186323,0.00375394496562376,-0.00133742704652561));
#2801=CARTESIAN_POINT('',(-0.00280617693435329,0.00378078285559607,-0.000489497314448592));
#2802=CARTESIAN_POINT('',(-0.00280616000801631,0.0038117719796875,0.000489588292974869));
#2803=CARTESIAN_POINT('',(-0.00231661794807813,0.00383860931500848,0.00133749999239152));
#2804=CARTESIAN_POINT('',(-0.00231660390978705,0.00383861008460597,0.00133752430742558));
#2805=CARTESIAN_POINT('',(-0.00231658987109342,0.00383861085421152,0.00133754862227281));
#2806=CARTESIAN_POINT('',(-0.00231657583199724,0.00383861162382516,0.00133757293693321));
#2807=CARTESIAN_POINT('',(-0.0018270055776953,0.00386544952989904,0.00218547185581252));
#2808=CARTESIAN_POINT('',(-0.000979084103773734,0.0038964386539899,0.00267500001018303));
#2809=CARTESIAN_POINT('',(0.,0.00392327597320848,0.00267500001018303));
#2810=CARTESIAN_POINT('',(2.8076582330351E-8,0.00392327674280596,0.00267500001018303));
#2811=CARTESIAN_POINT('',(5.61532041370792E-8,0.00392327751241151,0.002675000009741));
#2812=CARTESIAN_POINT('',(8.42298654130584E-8,0.00392327828202514,0.00267500000885693));
#2813=CARTESIAN_POINT('',(0.000979171356657448,0.00395011618809961,0.00267496917955687));
#2814=CARTESIAN_POINT('',(0.00182707590424229,0.0039811053214875,0.00218541170791066));
#2815=CARTESIAN_POINT('',(0.00231661794807813,0.00400794265680848,0.00133749999239152));
#2816=CARTESIAN_POINT('',(0.00231663198636957,0.0040079434264055,0.00133747567735808));
#2817=CARTESIAN_POINT('',(0.00231664602429794,0.00400794419601059,0.00133745136206945));
#2818=CARTESIAN_POINT('',(0.00231666006186323,0.00400794496562376,0.00133742704652561));
#2819=CARTESIAN_POINT('',(0.00280617693435329,0.00403478285559607,0.000489497314448592));
#2820=CARTESIAN_POINT('',(0.00280616000801631,0.0040657719796875,-0.000489588292974869));
#2821=CARTESIAN_POINT('',(0.00231661794807813,0.00409260931500849,-0.00133749999239152));
#2822=CARTESIAN_POINT('',(0.00231660390978705,0.00409261008460597,-0.00133752430742558));
#2823=CARTESIAN_POINT('',(0.00231658987109342,0.00409261085421153,-0.00133754862227281));
#2824=CARTESIAN_POINT('',(0.00231657583199724,0.00409261162382516,-0.00133757293693321));
#2825=CARTESIAN_POINT('',(0.0018270055776953,0.00411944952989904,-0.00218547185581252));
#2826=CARTESIAN_POINT('',(0.000979084103773734,0.0041504386539899,-0.00267500001018303));
#2827=CARTESIAN_POINT('',(0.,0.00417727597320848,-0.00267500001018303));
#2828=CARTESIAN_POINT('',(-2.80765823324299E-8,0.00417727674280596,-0.00267500001018303));
#2829=CARTESIAN_POINT('',(-5.6153204141237E-8,0.00417727751241151,-0.002675000009741));
#2830=CARTESIAN_POINT('',(-8.42298654192951E-8,0.00417727828202514,-0.00267500000885693));
#2831=CARTESIAN_POINT('',(-0.000979171356657451,0.00420411618809961,-0.00267496917955687));
#2832=CARTESIAN_POINT('',(-0.00182707590424228,0.00423510532148749,-0.00218541170791066));
#2833=CARTESIAN_POINT('',(-0.00231661794807813,0.00426194265680849,-0.00133749999239152));
#2834=CARTESIAN_POINT('',(-0.00231663198636957,0.0042619434264055,-0.00133747567735808));
#2835=CARTESIAN_POINT('',(-0.00231664602429794,0.0042619441960106,-0.00133745136206945));
#2836=CARTESIAN_POINT('',(-0.00231666006186323,0.00426194496562377,-0.00133742704652561));
#2837=CARTESIAN_POINT('',(-0.00280617693435329,0.00428878285559608,-0.000489497314448592));
#2838=CARTESIAN_POINT('',(-0.00280616000801631,0.0043197719796875,0.000489588292974869));
#2839=CARTESIAN_POINT('',(-0.00231661794807813,0.00434660931500848,0.00133749999239152));
#2840=CARTESIAN_POINT('',(-0.00231660390978705,0.00434661008460597,0.00133752430742558));
#2841=CARTESIAN_POINT('',(-0.00231658987109342,0.00434661085421153,0.00133754862227281));
#2842=CARTESIAN_POINT('',(-0.00231657583199724,0.00434661162382517,0.00133757293693321));
#2843=CARTESIAN_POINT('',(-0.0018270055776953,0.00437344952989905,0.00218547185581252));
#2844=CARTESIAN_POINT('',(-0.000979084103773734,0.0044044386539899,0.00267500001018303));
#2845=CARTESIAN_POINT('',(0.,0.00443127597320848,0.00267500001018303));
#2846=CARTESIAN_POINT('',(2.80765823324299E-8,0.00443127674280596,0.00267500001018303));
#2847=CARTESIAN_POINT('',(5.6153204141237E-8,0.00443127751241152,0.002675000009741));
#2848=CARTESIAN_POINT('',(8.42298654192951E-8,0.00443127828202514,0.00267500000885693));
#2849=CARTESIAN_POINT('',(0.000979171356657451,0.00445811618809961,0.00267496917955687));
#2850=CARTESIAN_POINT('',(0.00182707590424228,0.0044891053214875,0.00218541170791066));
#2851=CARTESIAN_POINT('',(0.00231661794807813,0.00451594265680848,0.00133749999239152));
#2852=CARTESIAN_POINT('',(0.00231663198636957,0.0045159434264055,0.00133747567735808));
#2853=CARTESIAN_POINT('',(0.00231664602429794,0.00451594419601059,0.00133745136206945));
#2854=CARTESIAN_POINT('',(0.00231666006186323,0.00451594496562376,0.00133742704652561));
#2855=CARTESIAN_POINT('',(0.00280617693435329,0.00454278285559607,0.000489497314448592));
#2856=CARTESIAN_POINT('',(0.00280616000801631,0.0045737719796875,-0.000489588292974869));
#2857=CARTESIAN_POINT('',(0.00231661794807813,0.00460060931500848,-0.00133749999239152));
#2858=CARTESIAN_POINT('',(0.00231660390978705,0.00460061008460596,-0.00133752430742558));
#2859=CARTESIAN_POINT('',(0.00231658987109342,0.00460061085421153,-0.00133754862227281));
#2860=CARTESIAN_POINT('',(0.00231657583199724,0.00460061162382516,-0.00133757293693321));
#2861=CARTESIAN_POINT('',(0.0018270055776953,0.00462744952989904,-0.00218547185581252));
#2862=CARTESIAN_POINT('',(0.000979084103773734,0.00465843865398991,-0.00267500001018303));
#2863=CARTESIAN_POINT('',(0.,0.00468527597320848,-0.00267500001018303));
#2864=CARTESIAN_POINT('',(-2.80765823324299E-8,0.00468527674280596,-0.00267500001018303));
#2865=CARTESIAN_POINT('',(-5.6153204141237E-8,0.00468527751241152,-0.002675000009741));
#2866=CARTESIAN_POINT('',(-8.42298654192951E-8,0.00468527828202514,-0.00267500000885693));
#2867=CARTESIAN_POINT('',(-0.000979171356657451,0.00471211618809961,-0.00267496917955687));
#2868=CARTESIAN_POINT('',(-0.00182707590424228,0.00474310532148749,-0.00218541170791066));
#2869=CARTESIAN_POINT('',(-0.00231661794807813,0.00476994265680848,-0.00133749999239152));
#2870=CARTESIAN_POINT('',(-0.00231663198636957,0.0047699434264055,-0.00133747567735808));
#2871=CARTESIAN_POINT('',(-0.00231664602429794,0.00476994419601059,-0.00133745136206945));
#2872=CARTESIAN_POINT('',(-0.00231666006186323,0.00476994496562376,-0.00133742704652561));
#2873=CARTESIAN_POINT('',(-0.00280617693435329,0.00479678285559608,-0.000489497314448592));
#2874=CARTESIAN_POINT('',(-0.00280616000801631,0.0048277719796875,0.000489588292974869));
#2875=CARTESIAN_POINT('',(-0.00231661794807813,0.00485460931500848,0.00133749999239152));
#2876=CARTESIAN_POINT('',(-0.00231660390978705,0.00485461008460597,0.00133752430742558));
#2877=CARTESIAN_POINT('',(-0.00231658987109342,0.00485461085421153,0.00133754862227281));
#2878=CARTESIAN_POINT('',(-0.00231657583199724,0.00485461162382517,0.00133757293693321));
#2879=CARTESIAN_POINT('',(-0.0018270055776953,0.00488144952989905,0.00218547185581252));
#2880=CARTESIAN_POINT('',(-0.000979084103773734,0.0049124386539899,0.00267500001018303));
#2881=CARTESIAN_POINT('',(0.,0.00493927597320848,0.00267500001018303));
#2882=CARTESIAN_POINT('',(2.80765823324299E-8,0.00493927674280596,0.00267500001018303));
#2883=CARTESIAN_POINT('',(5.6153204141237E-8,0.00493927751241152,0.002675000009741));
#2884=CARTESIAN_POINT('',(8.42298654192951E-8,0.00493927828202515,0.00267500000885693));
#2885=CARTESIAN_POINT('',(0.000979171356657451,0.00496611618809961,0.00267496917955687));
#2886=CARTESIAN_POINT('',(0.00182707590424228,0.00499710532148749,0.00218541170791066));
#2887=CARTESIAN_POINT('',(0.00231661794807813,0.00502394265680848,0.00133749999239152));
#2888=CARTESIAN_POINT('',(0.00231663198636957,0.0050239434264055,0.00133747567735808));
#2889=CARTESIAN_POINT('',(0.00231664602429794,0.0050239441960106,0.00133745136206945));
#2890=CARTESIAN_POINT('',(0.00231666006186323,0.00502394496562376,0.00133742704652561));
#2891=CARTESIAN_POINT('',(0.00280617693435329,0.00505078285559607,0.000489497314448592));
#2892=CARTESIAN_POINT('',(0.00280616000801631,0.00508177197968749,-0.000489588292974869));
#2893=CARTESIAN_POINT('',(0.00231661794807813,0.00510860931500848,-0.00133749999239152));
#2894=CARTESIAN_POINT('',(0.00231660390978705,0.00510861008460597,-0.00133752430742558));
#2895=CARTESIAN_POINT('',(0.00231658987109342,0.00510861085421152,-0.00133754862227281));
#2896=CARTESIAN_POINT('',(0.00231657583199724,0.00510861162382516,-0.00133757293693321));
#2897=CARTESIAN_POINT('',(0.0018270055776953,0.00513544952989905,-0.00218547185581252));
#2898=CARTESIAN_POINT('',(0.000979084103773734,0.0051664386539899,-0.00267500001018303));
#2899=CARTESIAN_POINT('',(0.,0.00519327597320848,-0.00267500001018303));
#2900=CARTESIAN_POINT('',(-2.80765823324299E-8,0.00519327674280596,-0.00267500001018303));
#2901=CARTESIAN_POINT('',(-5.6153204141237E-8,0.00519327751241152,-0.002675000009741));
#2902=CARTESIAN_POINT('',(-8.42298654192951E-8,0.00519327828202514,-0.00267500000885693));
#2903=CARTESIAN_POINT('',(-0.000979171356657451,0.00522011618809961,-0.00267496917955687));
#2904=CARTESIAN_POINT('',(-0.00182707590424228,0.0052511053214875,-0.00218541170791066));
#2905=CARTESIAN_POINT('',(-0.00231661794807813,0.00527794265680848,-0.00133749999239152));
#2906=CARTESIAN_POINT('',(-0.00231663198636957,0.00527794342640549,-0.00133747567735808));
#2907=CARTESIAN_POINT('',(-0.00231664602429794,0.00527794419601059,-0.00133745136206945));
#2908=CARTESIAN_POINT('',(-0.00231666006186323,0.00527794496562377,-0.00133742704652561));
#2909=CARTESIAN_POINT('',(-0.00280617693435329,0.00530478285559608,-0.000489497314448592));
#2910=CARTESIAN_POINT('',(-0.00280616000801631,0.0053357719796875,0.000489588292974869));
#2911=CARTESIAN_POINT('',(-0.00231661794807813,0.00536260931500848,0.00133749999239152));
#2912=CARTESIAN_POINT('',(-0.00231660390978705,0.00536261008460597,0.00133752430742558));
#2913=CARTESIAN_POINT('',(-0.00231658987109342,0.00536261085421153,0.00133754862227281));
#2914=CARTESIAN_POINT('',(-0.00231657583199724,0.00536261162382516,0.00133757293693321));
#2915=CARTESIAN_POINT('',(-0.0018270055776953,0.00538944952989904,0.00218547185581252));
#2916=CARTESIAN_POINT('',(-0.000979084103773734,0.00542043865398991,0.00267500001018303));
#2917=CARTESIAN_POINT('',(0.,0.00544727597320848,0.00267500001018303));
#2918=CARTESIAN_POINT('',(2.80765823324299E-8,0.00544727674280596,0.00267500001018303));
#2919=CARTESIAN_POINT('',(5.6153204141237E-8,0.00544727751241152,0.002675000009741));
#2920=CARTESIAN_POINT('',(8.42298654192951E-8,0.00544727828202515,0.00267500000885693));
#2921=CARTESIAN_POINT('',(0.000979171356657451,0.00547411618809961,0.00267496917955687));
#2922=CARTESIAN_POINT('',(0.00182707590424228,0.0055051053214875,0.00218541170791066));
#2923=CARTESIAN_POINT('',(0.00231661794807813,0.00553194265680848,0.00133749999239152));
#2924=CARTESIAN_POINT('',(0.00231663198636957,0.0055319434264055,0.00133747567735808));
#2925=CARTESIAN_POINT('',(0.00231664602429794,0.0055319441960106,0.00133745136206945));
#2926=CARTESIAN_POINT('',(0.00231666006186323,0.00553194496562376,0.00133742704652561));
#2927=CARTESIAN_POINT('',(0.00280617693435329,0.00555878285559607,0.000489497314448592));
#2928=CARTESIAN_POINT('',(0.00280616000801631,0.00558977197968749,-0.000489588292974869));
#2929=CARTESIAN_POINT('',(0.00231661794807813,0.00561660931500848,-0.00133749999239152));
#2930=CARTESIAN_POINT('',(0.00231660390978705,0.00561661008460597,-0.00133752430742558));
#2931=CARTESIAN_POINT('',(0.00231658987109342,0.00561661085421153,-0.00133754862227281));
#2932=CARTESIAN_POINT('',(0.00231657583199724,0.00561661162382517,-0.00133757293693321));
#2933=CARTESIAN_POINT('',(0.0018270055776953,0.00564344952989905,-0.00218547185581252));
#2934=CARTESIAN_POINT('',(0.000979084103773734,0.00567443865398992,-0.00267500001018303));
#2935=CARTESIAN_POINT('',(0.,0.00570127597320848,-0.00267500001018303));
#2936=CARTESIAN_POINT('',(-2.80765823324299E-8,0.00570127674280596,-0.00267500001018303));
#2937=CARTESIAN_POINT('',(-5.6153204141237E-8,0.00570127751241152,-0.002675000009741));
#2938=CARTESIAN_POINT('',(-8.42298654192951E-8,0.00570127828202514,-0.00267500000885693));
#2939=CARTESIAN_POINT('',(-0.000979171356657451,0.0057281161880996,-0.00267496917955687));
#2940=CARTESIAN_POINT('',(-0.00182707590424228,0.00575910532148749,-0.00218541170791066));
#2941=CARTESIAN_POINT('',(-0.00231661794807813,0.00578594265680848,-0.00133749999239152));
#2942=CARTESIAN_POINT('',(-0.00231663198636957,0.0057859434264055,-0.00133747567735808));
#2943=CARTESIAN_POINT('',(-0.00231664602429794,0.0057859441960106,-0.00133745136206945));
#2944=CARTESIAN_POINT('',(-0.00231666006186323,0.00578594496562376,-0.00133742704652561));
#2945=CARTESIAN_POINT('',(-0.00280617693435329,0.00581278285559608,-0.000489497314448592));
#2946=CARTESIAN_POINT('',(-0.00280616000801631,0.0058437719796875,0.000489588292974869));
#2947=CARTESIAN_POINT('',(-0.00231661794807813,0.00587060931500848,0.00133749999239152));
#2948=CARTESIAN_POINT('',(-0.00231660390978705,0.00587061008460596,0.00133752430742558));
#2949=CARTESIAN_POINT('',(-0.00231658987109342,0.00587061085421153,0.00133754862227281));
#2950=CARTESIAN_POINT('',(-0.00231657583199724,0.00587061162382516,0.00133757293693321));
#2951=CARTESIAN_POINT('',(-0.0018270055776953,0.00589744952989904,0.00218547185581252));
#2952=CARTESIAN_POINT('',(-0.000979084103773734,0.00592843865398991,0.00267500001018303));
#2953=CARTESIAN_POINT('',(0.,0.00595527597320848,0.00267500001018303));
#2954=CARTESIAN_POINT('',(2.80765823324299E-8,0.00595527674280596,0.00267500001018303));
#2955=CARTESIAN_POINT('',(5.6153204141237E-8,0.00595527751241152,0.002675000009741));
#2956=CARTESIAN_POINT('',(8.42298654192951E-8,0.00595527828202515,0.00267500000885693));
#2957=CARTESIAN_POINT('',(0.000979171356657451,0.00598211618809961,0.00267496917955687));
#2958=CARTESIAN_POINT('',(0.00182707590424228,0.00601310532148749,0.00218541170791066));
#2959=CARTESIAN_POINT('',(0.00231661794807813,0.00603994265680848,0.00133749999239152));
#2960=CARTESIAN_POINT('',(0.00231663198636957,0.00603994342640549,0.00133747567735808));
#2961=CARTESIAN_POINT('',(0.00231664602429794,0.00603994419601059,0.00133745136206945));
#2962=CARTESIAN_POINT('',(0.00231666006186323,0.00603994496562376,0.00133742704652561));
#2963=CARTESIAN_POINT('',(0.00280617693435329,0.00606678285559607,0.000489497314448592));
#2964=CARTESIAN_POINT('',(0.00280616000801631,0.00609777197968749,-0.000489588292974869));
#2965=CARTESIAN_POINT('',(0.00231661794807813,0.00612460931500848,-0.00133749999239152));
#2966=CARTESIAN_POINT('',(0.00231660390978705,0.00612461008460597,-0.00133752430742558));
#2967=CARTESIAN_POINT('',(0.00231658987109343,0.00612461085421152,-0.00133754862227281));
#2968=CARTESIAN_POINT('',(0.00231657583199724,0.00612461162382516,-0.0013375729369332));
#2969=CARTESIAN_POINT('',(0.0018270055776953,0.00615144952989904,-0.00218547185581251));
#2970=CARTESIAN_POINT('',(0.000979084103773739,0.00618243865398991,-0.00267500001018303));
#2971=CARTESIAN_POINT('',(0.,0.00620927597320848,-0.00267500001018303));
#2972=CARTESIAN_POINT('',(-2.80765823324299E-8,0.00620927674280596,-0.00267500001018303));
#2973=CARTESIAN_POINT('',(-5.6153204141237E-8,0.00620927751241152,-0.002675000009741));
#2974=CARTESIAN_POINT('',(-8.42298654192951E-8,0.00620927828202514,-0.00267500000885693));
#2975=CARTESIAN_POINT('',(-0.000979171356657451,0.00623611618809962,-0.00267496917955687));
#2976=CARTESIAN_POINT('',(-0.00182707590424228,0.0062671053214875,-0.00218541170791066));
#2977=CARTESIAN_POINT('',(-0.00231661794807813,0.00629394265680848,-0.00133749999239152));
#2978=CARTESIAN_POINT('',(-0.00231663198636957,0.0062939434264055,-0.00133747567735808));
#2979=CARTESIAN_POINT('',(-0.00231664602429794,0.0062939441960106,-0.00133745136206945));
#2980=CARTESIAN_POINT('',(-0.00231666006186323,0.00629394496562376,-0.00133742704652561));
#2981=CARTESIAN_POINT('',(-0.00280617693435329,0.00632078285559608,-0.000489497314448592));
#2982=CARTESIAN_POINT('',(-0.00280616000801631,0.0063517719796875,0.000489588292974869));
#2983=CARTESIAN_POINT('',(-0.00231661794807813,0.00637860931500848,0.00133749999239152));
#2984=CARTESIAN_POINT('',(-0.00231660390978705,0.00637861008460597,0.00133752430742558));
#2985=CARTESIAN_POINT('',(-0.00231658987109343,0.00637861085421153,0.00133754862227281));
#2986=CARTESIAN_POINT('',(-0.00231657583199724,0.00637861162382517,0.0013375729369332));
#2987=CARTESIAN_POINT('',(-0.0018270055776953,0.00640544952989904,0.00218547185581251));
#2988=CARTESIAN_POINT('',(-0.000979084103773739,0.0064364386539899,0.00267500001018303));
#2989=CARTESIAN_POINT('',(0.,0.00646327597320848,0.00267500001018303));
#2990=CARTESIAN_POINT('',(2.80765823324299E-8,0.00646327674280596,0.00267500001018303));
#2991=CARTESIAN_POINT('',(5.6153204141237E-8,0.00646327751241152,0.002675000009741));
#2992=CARTESIAN_POINT('',(8.42298654192951E-8,0.00646327828202514,0.00267500000885693));
#2993=CARTESIAN_POINT('',(0.000979171356657451,0.00649011618809961,0.00267496917955687));
#2994=CARTESIAN_POINT('',(0.00182707590424228,0.00652110532148749,0.00218541170791066));
#2995=CARTESIAN_POINT('',(0.00231661794807813,0.00654794265680848,0.00133749999239152));
#2996=CARTESIAN_POINT('',(0.00231663198636924,0.00654794342640582,0.00133747567735815));
#2997=CARTESIAN_POINT('',(0.00231664602429726,0.00654794419601123,0.00133745136206959));
#2998=CARTESIAN_POINT('',(0.00231666006186221,0.00654794496562471,0.00133742704652582));
#2999=CARTESIAN_POINT('',(0.00255926786131138,0.00656124600714814,0.000917187454583067));
#3000=CARTESIAN_POINT('',(0.00268456258591184,0.00657627718547499,0.000442285036579965));
#3001=CARTESIAN_POINT('',(0.00267444537483564,0.00659200000413274,-5.44694432960564E-5));
#3002=CARTESIAN_POINT('',(0.,-0.0013229999956,0.));
#3003=CARTESIAN_POINT('',(0.,-0.001648,0.));
#3004=CARTESIAN_POINT('',(-0.00199999998889157,-0.001648,-0.00342362746297139));
#3005=CARTESIAN_POINT('',(0.,-0.001648,-0.003964999995054));
#3006=CARTESIAN_POINT('',(0.,-0.001648,0.));
#3007=CARTESIAN_POINT('',(0.00199999999314655,-0.001648,-0.00342362746048574));
#3008=CARTESIAN_POINT('',(0.00199999999314655,-0.0013229999956,-0.00342362746048574));
#3009=CARTESIAN_POINT('',(0.00199999999314655,-0.0055479999978,-0.00342362746048574));
#3010=CARTESIAN_POINT('',(0.,-0.0055479999978,0.));
#3011=CARTESIAN_POINT('',(0.0030499999941011,-0.0055479999978,-0.00253352027755088));
#3012=CARTESIAN_POINT('',(0.0030499999941011,-0.0013229999956,-0.00253352027755088));
#3013=CARTESIAN_POINT('',(0.0030499999941011,-0.001648,-0.00253352027755088));
#3014=CARTESIAN_POINT('',(0.,-0.001648,0.));
#3015=CARTESIAN_POINT('',(-1.62646666447026E-12,-0.001648,0.003964999995054));
#3016=CARTESIAN_POINT('',(0.,-0.001648,0.));
#3017=CARTESIAN_POINT('',(-0.00304999999533219,-0.001648,-0.00253352027606882));
#3018=CARTESIAN_POINT('',(-0.00304999999533219,-0.0013229999956,-0.00253352027606882));
#3019=CARTESIAN_POINT('',(-0.00304999999533219,-0.0055479999978,-0.00253352027606882));
#3020=CARTESIAN_POINT('',(0.,-0.0055479999978,0.));
#3021=CARTESIAN_POINT('',(-0.00199999998889157,-0.0055479999978,-0.00342362746297139));
#3022=CARTESIAN_POINT('',(-0.00199999998889157,-0.0013229999956,-0.00342362746297139));
#3023=CARTESIAN_POINT('',(0.002674445382957,0.00252799999898813,-5.4469551347812E-5));
#3024=CARTESIAN_POINT('',(0.00266714860209787,0.00253933965463113,-0.000412740144559148));
#3025=CARTESIAN_POINT('',(0.00258536462706147,0.00255057163354482,-0.000767608736840808));
#3026=CARTESIAN_POINT('',(0.00230796850196851,0.00257043594341018,-0.00139521136437526));
#3027=CARTESIAN_POINT('',(0.00211544787935536,0.00257946213770378,-0.00167484181446271));
#3028=CARTESIAN_POINT('',(0.00135518740904591,0.00261196634191323,-0.00241193938221654));
#3029=CARTESIAN_POINT('',(0.000621033710552355,0.00263605811919908,-0.00268731644920196));
#3030=CARTESIAN_POINT('',(-0.000722935980509579,0.00267330239551357,-0.00266171300747602));
#3031=CARTESIAN_POINT('',(-0.00145318019382588,0.0026982033129962,-0.00235306991331045));
#3032=CARTESIAN_POINT('',(-0.00217944589034221,0.00273018273949908,-0.00159025217766877));
#3033=CARTESIAN_POINT('',(-0.00235980710077561,0.00273892907159196,-0.00130633470877215));
#3034=CARTESIAN_POINT('',(-0.00261442330176532,0.00275928124565501,-0.00066331799295896));
#3035=CARTESIAN_POINT('',(-0.00268174215326568,0.00277066034667675,-0.000303801051345279));
#3036=CARTESIAN_POINT('',(-0.00266714859656148,0.00279333965452595,0.000412740132415779));
#3037=CARTESIAN_POINT('',(-0.00258536462449762,0.00280457163272241,0.000767608725750787));
#3038=CARTESIAN_POINT('',(-0.00230796850537548,0.00282443594307064,0.0013952113592974));
#3039=CARTESIAN_POINT('',(-0.00211544788317951,0.00283346213752218,0.0016748418096111));
#3040=CARTESIAN_POINT('',(-0.00135518741480419,0.00286596634170325,0.00241193937892164));
#3041=CARTESIAN_POINT('',(-0.000621033716121931,0.0028900581190683,0.00268731644781885));
#3042=CARTESIAN_POINT('',(0.00072293597422926,0.00292730239531596,0.00266171300908488));
#3043=CARTESIAN_POINT('',(0.00145318018821831,0.00295220331278658,0.00235306991684341));
#3044=CARTESIAN_POINT('',(0.00217944588674244,0.00298418273932193,0.00159025218262812));
#3045=CARTESIAN_POINT('',(0.0023598070978531,0.00299292907142612,0.00130633471401166));
#3046=CARTESIAN_POINT('',(0.00261442330019788,0.00301328124546195,0.000663317999058525));
#3047=CARTESIAN_POINT('',(0.00268174215254819,0.00302466034647596,0.00030380105768894));
#3048=CARTESIAN_POINT('',(0.00266714859753631,0.0030473396543268,-0.00041274012612383));
#3049=CARTESIAN_POINT('',(0.00258536462629996,0.00305857163253259,-0.000767608719753616));
#3050=CARTESIAN_POINT('',(0.00230796850846479,0.00307843594291017,-0.00139521135422732));
#3051=CARTESIAN_POINT('',(0.00211544788700366,0.00308746213734058,-0.00167484180475949));
#3052=CARTESIAN_POINT('',(0.00135518742056245,0.00311996634149327,-0.00241193937562675));
#3053=CARTESIAN_POINT('',(0.000621033721691454,0.00314405811893753,-0.00268731644643576));
#3054=CARTESIAN_POINT('',(-0.000722935967948979,0.00318130239511836,-0.00266171301069372));
#3055=CARTESIAN_POINT('',(-0.00145318018261076,0.00320620331257696,-0.00235306992037636));
#3056=CARTESIAN_POINT('',(-0.00217944588314268,0.00323818273914477,-0.00159025218758746));
#3057=CARTESIAN_POINT('',(-0.0023598070949306,0.00324692907126028,-0.00130633471925116));
#3058=CARTESIAN_POINT('',(-0.00261442329863044,0.00326728124526889,-0.000663318005158091));
#3059=CARTESIAN_POINT('',(-0.0026817421518307,0.00327866034627518,-0.000303801064032608));
#3060=CARTESIAN_POINT('',(-0.00266714859851115,0.00330133965412765,0.000412740119831866));
#3061=CARTESIAN_POINT('',(-0.0025853646281023,0.00331257163234277,0.000767608713756426));
#3062=CARTESIAN_POINT('',(-0.00230796851155412,0.0033324359427497,0.00139521134915722));
#3063=CARTESIAN_POINT('',(-0.00211544789082779,0.00334146213715898,0.0016748417999079));
#3064=CARTESIAN_POINT('',(-0.00135518742632074,0.00337396634128328,0.00241193937233184));
#3065=CARTESIAN_POINT('',(-0.000621033727261094,0.00339805811880675,0.00268731644505263));
#3066=CARTESIAN_POINT('',(0.00072293596166859,0.00343530239492075,0.0026617130123026));
#3067=CARTESIAN_POINT('',(0.00145318017700313,0.00346020331236734,0.00235306992390936));
#3068=CARTESIAN_POINT('',(0.00217944587954288,0.00349218273896761,0.00159025219254687));
#3069=CARTESIAN_POINT('',(0.00235980709200804,0.00350092907109444,0.00130633472449076));
#3070=CARTESIAN_POINT('',(0.00261442329706297,0.00352128124507583,0.000663318011257756));
#3071=CARTESIAN_POINT('',(0.00268174215111319,0.00353266034607439,0.00030380107037637));
#3072=CARTESIAN_POINT('',(0.002667148599486,0.0035553396539285,-0.000412740113539822));
#3073=CARTESIAN_POINT('',(0.00258536462990466,0.00356657163215295,-0.000767608707759167));
#3074=CARTESIAN_POINT('',(0.00230796851464348,0.00358643594258922,-0.00139521134408708));
#3075=CARTESIAN_POINT('',(0.002115447894652,0.00359546213697737,-0.00167484179505622));
#3076=CARTESIAN_POINT('',(0.00135518743207909,0.0036279663410733,-0.0024119393690369));
#3077=CARTESIAN_POINT('',(0.000621033732830823,0.00365205811867596,-0.0026873164436695));
#3078=CARTESIAN_POINT('',(-0.000722935955388238,0.00368930239472314,-0.00266171301391148));
#3079=CARTESIAN_POINT('',(-0.00145318017139561,0.00371420331215773,-0.00235306992744231));
#3080=CARTESIAN_POINT('',(-0.0021794458759432,0.00374618273879046,-0.00159025219750611));
#3081=CARTESIAN_POINT('',(-0.00235980708908561,0.00375492907092861,-0.00130633472973013));
#3082=CARTESIAN_POINT('',(-0.00261442329549557,0.00377528124488278,-0.000663318017357163));
#3083=CARTESIAN_POINT('',(-0.00268174215039572,0.00378666034587361,-0.000303801076719867));
#3084=CARTESIAN_POINT('',(-0.00266714860046081,0.00380933965372936,0.000412740107248036));
#3085=CARTESIAN_POINT('',(-0.00258536463170695,0.00382057163196314,0.000767608701762152));
#3086=CARTESIAN_POINT('',(-0.00230796851773271,0.00384043594242875,0.00139521133901714));
#3087=CARTESIAN_POINT('',(-0.00211544789847604,0.00384946213679578,0.00167484179020474));
#3088=CARTESIAN_POINT('',(-0.00135518743783721,0.00388196634086332,0.00241193936574209));
#3089=CARTESIAN_POINT('',(-0.000621033738400197,0.00390605811854519,0.00268731644228643));
#3090=CARTESIAN_POINT('',(0.000722935949108026,0.00394330239452553,0.00266171301552029));
#3091=CARTESIAN_POINT('',(0.00145318016578807,0.00396820331194811,0.00235306993097524));
#3092=CARTESIAN_POINT('',(0.0021794458723434,0.0040001827386133,0.00159025220246549));
#3093=CARTESIAN_POINT('',(0.00235980708616307,0.00400892907076277,0.0013063347349697));
#3094=CARTESIAN_POINT('',(0.00261442329392811,0.00402928124468972,0.000663318023456794));
#3095=CARTESIAN_POINT('',(0.00268174214967823,0.00404066034567283,0.000303801083063596));
#3096=CARTESIAN_POINT('',(0.00266714860143565,0.00406333965353021,-0.00041274010095602));
#3097=CARTESIAN_POINT('',(0.0025853646335093,0.00407457163177332,-0.000767608695764916));
#3098=CARTESIAN_POINT('',(0.00230796852082205,0.00409443594226828,-0.00139521133394701));
#3099=CARTESIAN_POINT('',(0.00211544790230023,0.00410346213661417,-0.00167484178535309));
#3100=CARTESIAN_POINT('',(0.00135518744359554,0.00413596634065334,-0.00241193936244716));
#3101=CARTESIAN_POINT('',(0.000621033743969839,0.00416005811841441,-0.0026873164409033));
#3102=CARTESIAN_POINT('',(-0.00072293594282764,0.00419730239432792,-0.00266171301712917));
#3103=CARTESIAN_POINT('',(-0.00145318016018044,0.00422220331173849,-0.00235306993450824));
#3104=CARTESIAN_POINT('',(-0.0021794458687436,0.00425418273843614,-0.00159025220742489));
#3105=CARTESIAN_POINT('',(-0.00235980708324053,0.00426292907059693,-0.00130633474020925));
#3106=CARTESIAN_POINT('',(-0.00261442329236066,0.00428328124449666,-0.000663318029556415));
#3107=CARTESIAN_POINT('',(-0.00268174214896073,0.00429466034547204,-0.00030380108940732));
#3108=CARTESIAN_POINT('',(-0.0026671486024105,0.00431733965333106,0.000412740094663999));
#3109=CARTESIAN_POINT('',(-0.00258536463531166,0.0043285716315835,0.000767608689767672));
#3110=CARTESIAN_POINT('',(-0.00230796852391141,0.0043484359421078,0.00139521132887687));
#3111=CARTESIAN_POINT('',(-0.00211544790612442,0.00435746213643257,0.00167484178050143));
#3112=CARTESIAN_POINT('',(-0.00135518744935388,0.00438996634044336,0.00241193935915222));
#3113=CARTESIAN_POINT('',(-0.000621033749539476,0.00441405811828363,0.00268731643952017));
#3114=CARTESIAN_POINT('',(0.000722935936547248,0.00445130239413031,0.00266171301873804));
#3115=CARTESIAN_POINT('',(0.00145318015457281,0.00447620331152887,0.00235306993804125));
#3116=CARTESIAN_POINT('',(0.00217944586514379,0.00450818273825899,0.0015902522123843));
#3117=CARTESIAN_POINT('',(0.00235980708031799,0.0045169290704311,0.00130633474544882));
#3118=CARTESIAN_POINT('',(0.0026144232907932,0.0045372812443036,0.000663318035656055));
#3119=CARTESIAN_POINT('',(0.00268174214824323,0.00454866034527125,0.000303801095751059));
#3120=CARTESIAN_POINT('',(0.00266714860338535,0.00457133965313191,-0.000412740088371979));
#3121=CARTESIAN_POINT('',(0.00258536463711401,0.00458257163139369,-0.000767608683770437));
#3122=CARTESIAN_POINT('',(0.00230796852700075,0.00460243594194733,-0.00139521132380674));
#3123=CARTESIAN_POINT('',(0.00211544790994858,0.00461146213625096,-0.00167484177564981));
#3124=CARTESIAN_POINT('',(0.0013551874551121,0.00464396634023338,-0.00241193935585737));
#3125=CARTESIAN_POINT('',(0.000621033755108893,0.00466805811815285,-0.0026873164381371));
#3126=CARTESIAN_POINT('',(-0.000722935930267112,0.0047053023939327,-0.00266171302034685));
#3127=CARTESIAN_POINT('',(-0.0014531801489654,0.00473020331131925,-0.00235306994157411));
#3128=CARTESIAN_POINT('',(-0.00217944586154413,0.00476218273808183,-0.00159025221734351));
#3129=CARTESIAN_POINT('',(-0.00235980707739556,0.00477092907026526,-0.00130633475068819));
#3130=CARTESIAN_POINT('',(-0.0026144232892258,0.00479128124411054,-0.000663318041755453));
#3131=CARTESIAN_POINT('',(-0.00268174214752576,0.00480266034507047,-0.000303801102094548));
#3132=CARTESIAN_POINT('',(-0.00266714860436015,0.00482533965293277,0.000412740082080193));
#3133=CARTESIAN_POINT('',(-0.0025853646389163,0.00483657163120387,0.000767608677773416));
#3134=CARTESIAN_POINT('',(-0.00230796853008999,0.00485643594178686,0.00139521131873679));
#3135=CARTESIAN_POINT('',(-0.00211544791377265,0.00486546213606937,0.00167484177079829));
#3136=CARTESIAN_POINT('',(-0.00135518746087032,0.0048979663400234,0.00241193935256249));
#3137=CARTESIAN_POINT('',(-0.00062103376067853,0.00492205811802207,0.00268731643675398));
#3138=CARTESIAN_POINT('',(0.000722935923986721,0.0049593023937351,0.00266171302195572));
#3139=CARTESIAN_POINT('',(0.00145318014335777,0.00498420331110964,0.00235306994510711));
#3140=CARTESIAN_POINT('',(0.00217944585794432,0.00501618273790468,0.00159025222230292));
#3141=CARTESIAN_POINT('',(0.00235980707447302,0.00502492907009942,0.00130633475592775));
#3142=CARTESIAN_POINT('',(0.00261442328765834,0.00504528124391748,0.000663318047855084));
#3143=CARTESIAN_POINT('',(0.00268174214680826,0.00505666034486969,0.000303801108438279));
#3144=CARTESIAN_POINT('',(0.002667148605335,0.00507933965273362,-0.000412740075788172));
#3145=CARTESIAN_POINT('',(0.00258536464071865,0.00509057163101405,-0.000767608671776175));
#3146=CARTESIAN_POINT('',(0.00230796853317934,0.00511043594162638,-0.00139521131366665));
#3147=CARTESIAN_POINT('',(0.00211544791759684,0.00511946213588776,-0.00167484176594663));
#3148=CARTESIAN_POINT('',(0.00135518746662867,0.00515196633981341,-0.00241193934926755));
#3149=CARTESIAN_POINT('',(0.000621033766248184,0.0051760581178913,-0.00268731643537085));
#3150=CARTESIAN_POINT('',(-0.000722935917706322,0.00521330239353749,-0.0026617130235646));
#3151=CARTESIAN_POINT('',(-0.00145318013775013,0.00523820331090002,-0.00235306994864012));
#3152=CARTESIAN_POINT('',(-0.00217944585434452,0.00527018273772752,-0.00159025222726233));
#3153=CARTESIAN_POINT('',(-0.00235980707155049,0.00527892906993359,-0.00130633476116731));
#3154=CARTESIAN_POINT('',(-0.00261442328609088,0.00529928124372443,-0.000663318053954718));
#3155=CARTESIAN_POINT('',(-0.00268174214609076,0.0053106603446689,-0.000303801114782015));
#3156=CARTESIAN_POINT('',(-0.00266714860630985,0.00533333965253447,0.000412740069496143));
#3157=CARTESIAN_POINT('',(-0.00258536464252101,0.00534457163082423,0.000767608665778924));
#3158=CARTESIAN_POINT('',(-0.0023079685362687,0.00536443594146591,0.00139521130859651));
#3159=CARTESIAN_POINT('',(-0.00211544792142104,0.00537346213570616,0.00167484176109497));
#3160=CARTESIAN_POINT('',(-0.00135518747238701,0.00540596633960343,0.00241193934597262));
#3161=CARTESIAN_POINT('',(-0.000621033771817877,0.00543005811776051,0.00268731643398773));
#3162=CARTESIAN_POINT('',(0.000722935911425995,0.00546730239333988,0.00266171302517347));
#3163=CARTESIAN_POINT('',(0.00145318013214262,0.0054922033106904,0.00235306995217306));
#3164=CARTESIAN_POINT('',(0.00217944585074484,0.00552418273755036,0.00159025223222156));
#3165=CARTESIAN_POINT('',(0.00235980706862806,0.00553292906976776,0.00130633476640668));
#3166=CARTESIAN_POINT('',(0.00261442328452348,0.00555328124353137,0.000663318060054116));
#3167=CARTESIAN_POINT('',(0.00268174214537329,0.00556466034446812,0.000303801121125504));
#3168=CARTESIAN_POINT('',(0.00266714860728465,0.00558733965233533,-0.000412740063204362));
#3169=CARTESIAN_POINT('',(0.0025853646443233,0.00559857163063442,-0.000767608659781911));
#3170=CARTESIAN_POINT('',(0.00230796853935793,0.00561843594130544,-0.00139521130352656));
#3171=CARTESIAN_POINT('',(0.00211544792524515,0.00562746213552457,-0.00167484175624341));
#3172=CARTESIAN_POINT('',(0.00135518747814519,0.00565996633939345,-0.00241193934267778));
#3173=CARTESIAN_POINT('',(0.000621033777387396,0.00568405811762974,-0.00268731643260463));
#3174=CARTESIAN_POINT('',(-0.000722935905145682,0.00572130239314227,-0.00266171302678232));
#3175=CARTESIAN_POINT('',(-0.00145318012653503,0.00574620331048078,-0.00235306995570603));
#3176=CARTESIAN_POINT('',(-0.00217944584714503,0.00577818273737321,-0.00159025223718097));
#3177=CARTESIAN_POINT('',(-0.00235980706570551,0.00578692906960192,-0.00130633477164626));
#3178=CARTESIAN_POINT('',(-0.00261442328295602,0.00580728124333832,-0.000663318066153765));
#3179=CARTESIAN_POINT('',(-0.00268174214465579,0.00581866034426734,-0.000303801127469251));
#3180=CARTESIAN_POINT('',(-0.0026671486082595,0.00584133965213618,0.000412740056912332));
#3181=CARTESIAN_POINT('',(-0.00258536464612566,0.0058525716304446,0.000767608653784665));
#3182=CARTESIAN_POINT('',(-0.00230796854244728,0.00587243594114496,0.00139521129845643));
#3183=CARTESIAN_POINT('',(-0.00211544792906934,0.00588146213534296,0.00167484175139174));
#3184=CARTESIAN_POINT('',(-0.00135518748390353,0.00591396633918347,0.00241193933938285));
#3185=CARTESIAN_POINT('',(-0.000621033782957016,0.00593805811749895,0.00268731643122151));
#3186=CARTESIAN_POINT('',(0.000722935898865297,0.00597530239294466,0.00266171302839119));
#3187=CARTESIAN_POINT('',(0.00145318012092739,0.00600020331027116,0.00235306995923903));
#3188=CARTESIAN_POINT('',(0.00217944584354522,0.00603218273719605,0.00159025224214039));
#3189=CARTESIAN_POINT('',(0.00235980706278297,0.00604092906943608,0.00130633477688583));
#3190=CARTESIAN_POINT('',(0.00261442328138856,0.00606128124314525,0.000663318072253402));
#3191=CARTESIAN_POINT('',(0.0026817421439383,0.00607266034406655,0.000303801133812992));
#3192=CARTESIAN_POINT('',(0.00266714860923435,0.00609533965193703,-0.000412740050620294));
#3193=CARTESIAN_POINT('',(0.00258536464792802,0.00610657163025478,-0.000767608647787404));
#3194=CARTESIAN_POINT('',(0.00230796854553664,0.00612643594098449,-0.00139521129338627));
#3195=CARTESIAN_POINT('',(0.00211544793289352,0.00613546213516135,-0.0016748417465401));
#3196=CARTESIAN_POINT('',(0.00135518748966185,0.00616796633897348,-0.00241193933608792));
#3197=CARTESIAN_POINT('',(0.000621033788526673,0.00619205811736818,-0.00268731642983838));
#3198=CARTESIAN_POINT('',(-0.000722935892584902,0.00622930239274705,-0.00266171303000007));
#3199=CARTESIAN_POINT('',(-0.00145318011531976,0.00625420331006155,-0.00235306996277203));
#3200=CARTESIAN_POINT('',(-0.00217944583994542,0.00628618273701889,-0.00159025224709978));
#3201=CARTESIAN_POINT('',(-0.00235980705986043,0.00629492906927025,-0.0013063347821254));
#3202=CARTESIAN_POINT('',(-0.0026144232798211,0.0063152812429522,-0.000663318078353039));
#3203=CARTESIAN_POINT('',(-0.0026817421432208,0.00632666034386577,-0.000303801140156726));
#3204=CARTESIAN_POINT('',(-0.0026671486102092,0.00634933965173788,0.000412740044328277));
#3205=CARTESIAN_POINT('',(-0.00258536464973037,0.00636057163006496,0.00076760864179017));
#3206=CARTESIAN_POINT('',(-0.00230796854862598,0.00638043594082401,0.00139521128831615));
#3207=CARTESIAN_POINT('',(-0.0021154479367177,0.00638946213497975,0.00167484174168846));
#3208=CARTESIAN_POINT('',(-0.0013551874954201,0.0064219663387635,0.00241193933279306));
#3209=CARTESIAN_POINT('',(-0.000621033794095848,0.00644605811723742,0.00268731642845536));
#3210=CARTESIAN_POINT('',(0.000722935886304917,0.00648330239254945,0.00266171303160883));
#3211=CARTESIAN_POINT('',(0.00145318010971242,0.00650820330985193,0.00235306996630483));
#3212=CARTESIAN_POINT('',(0.00217944583634576,0.00654018273684174,0.00159025225205899));
#3213=CARTESIAN_POINT('',(0.00235980705540302,0.0065489290701228,0.00130633478792416));
#3214=CARTESIAN_POINT('',(0.00261442327167733,0.0065692812491883,0.000663318086784227));
#3215=CARTESIAN_POINT('',(0.00268174213624776,0.00658066035128004,0.000303801148671166));
#3216=CARTESIAN_POINT('',(0.00267444537401979,0.0065920000045755,-5.44694448991725E-5));
#3217=CARTESIAN_POINT('',(0.00284207728613817,0.00261183333724178,-5.78836546145717E-5));
#3218=CARTESIAN_POINT('',(0.00283432314945024,0.00262317299288478,-0.000438610336231423));
#3219=CARTESIAN_POINT('',(0.00274741302698755,0.00263440497179847,-0.000815721783735174));
#3220=CARTESIAN_POINT('',(0.00245262995749233,0.00265426928166383,-0.00148266200125788));
#3221=CARTESIAN_POINT('',(0.00224804231042241,0.0026632954738445,-0.00177981944271143));
#3222=CARTESIAN_POINT('',(0.001440129376803,0.00269579967520582,-0.00256311764047749));
#3223=CARTESIAN_POINT('',(0.000659959563497437,0.00271989145753116,-0.0028557551008521));
#3224=CARTESIAN_POINT('',(-0.000768248979127132,0.00275713573368261,-0.00282854685782174));
#3225=CARTESIAN_POINT('',(-0.00154426426397401,0.00278203664919973,-0.00250055828481701));
#3226=CARTESIAN_POINT('',(-0.00231605166087145,0.00281401607084484,-0.00168992780156508));
#3227=CARTESIAN_POINT('',(-0.00250771775421029,0.00282276240166556,-0.00138821463413141));
#3228=CARTESIAN_POINT('',(-0.00277829307561779,0.00284311457918026,-0.000704894188851348));
#3229=CARTESIAN_POINT('',(-0.00284983141375453,0.002854493681718,-0.000322843037477301));
#3230=CARTESIAN_POINT('',(-0.00283432314570101,0.00287717299176826,0.000438610325566157));
#3231=CARTESIAN_POINT('',(-0.00274741302591624,0.00288840497064361,0.000815721774227215));
#3232=CARTESIAN_POINT('',(-0.00245262996106444,0.00290826928146035,0.00148266199594705));
#3233=CARTESIAN_POINT('',(-0.00224804231448626,0.0029172954736629,0.00177981943755572));
#3234=CARTESIAN_POINT('',(-0.0014401293829222,0.00294979967499584,0.00256311763697607));
#3235=CARTESIAN_POINT('',(-0.000659959569416108,0.00297389145740038,0.0028557550993823));
#3236=CARTESIAN_POINT('',(0.000768248972453169,0.003011135733485,0.00282854685953143));
#3237=CARTESIAN_POINT('',(0.00154426425801496,0.00303603664899011,0.00250055828857142));
#3238=CARTESIAN_POINT('',(0.00231605165704605,0.00306801607066768,0.00168992780683528));
#3239=CARTESIAN_POINT('',(0.00250771775110461,0.00307676240149972,0.00138821463969933));
#3240=CARTESIAN_POINT('',(0.00277829307395211,0.0030971145789872,0.000704894195333229));
#3241=CARTESIAN_POINT('',(0.00284983141299207,0.00310849368151721,0.000322843044218577));
#3242=CARTESIAN_POINT('',(0.00283432314673695,0.00313117299156911,-0.000438610318879834));
#3243=CARTESIAN_POINT('',(0.00274741302783154,0.0031424049704538,-0.000815721767854146));
#3244=CARTESIAN_POINT('',(0.00245262996434739,0.00316226928129988,-0.00148266199055919));
#3245=CARTESIAN_POINT('',(0.0022480423185501,0.0031712954734813,-0.00177981943240003));
#3246=CARTESIAN_POINT('',(0.00144012938904139,0.00320379967478586,-0.00256311763347466));
#3247=CARTESIAN_POINT('',(0.000659959575334725,0.00322789145726961,-0.00285575509791251));
#3248=CARTESIAN_POINT('',(-0.000768248965779245,0.00326513573328739,-0.00282854686124112));
#3249=CARTESIAN_POINT('',(-0.00154426425205594,0.0032900366487805,-0.00250055829232581));
#3250=CARTESIAN_POINT('',(-0.00231605165322066,0.00332201607049053,-0.00168992781210546));
#3251=CARTESIAN_POINT('',(-0.00250771774799892,0.00333076240133389,-0.00138821464526724));
#3252=CARTESIAN_POINT('',(-0.00277829307228642,0.00335111457879414,-0.000704894201815111));
#3253=CARTESIAN_POINT('',(-0.00284983141222961,0.00336249368131643,-0.000322843050959861));
#3254=CARTESIAN_POINT('',(-0.00283432314777289,0.00338517299136996,0.000438610312193494));
#3255=CARTESIAN_POINT('',(-0.00274741302974685,0.00339640497026398,0.000815721761481058));
#3256=CARTESIAN_POINT('',(-0.00245262996763035,0.0034162692811394,0.00148266198517131));
#3257=CARTESIAN_POINT('',(-0.00224804232261393,0.0034252954732997,0.00177981942724434));
#3258=CARTESIAN_POINT('',(-0.0014401293951606,0.00345779967457588,0.00256311762997322));
#3259=CARTESIAN_POINT('',(-0.000659959581253464,0.00348189145713883,0.00285575509644269));
#3260=CARTESIAN_POINT('',(0.000768248959105207,0.00351913573308978,0.00282854686295084));
#3261=CARTESIAN_POINT('',(0.00154426424609682,0.00354403664857088,0.00250055829608025));
#3262=CARTESIAN_POINT('',(0.00231605164939522,0.00357601607031337,0.00168992781737572));
#3263=CARTESIAN_POINT('',(0.00250771774489318,0.00358476240116805,0.00138821465083525));
#3264=CARTESIAN_POINT('',(0.0027782930706207,0.00360511457860108,0.000704894208297097));
#3265=CARTESIAN_POINT('',(0.00284983141146713,0.00361649368111564,0.000322843057701244));
#3266=CARTESIAN_POINT('',(0.00283432314880884,0.00363917299117081,-0.000438610305507071));
#3267=CARTESIAN_POINT('',(0.00274741303166218,0.00365040497007416,-0.000815721755107896));
#3268=CARTESIAN_POINT('',(0.00245262997091335,0.00367026928097893,-0.00148266197978337));
#3269=CARTESIAN_POINT('',(0.00224804232667783,0.00367929547311809,-0.00177981942208856));
#3270=CARTESIAN_POINT('',(0.00144012940127988,0.00371179967436589,-0.00256311762647176));
#3271=CARTESIAN_POINT('',(0.000659959587172299,0.00373589145700804,-0.00285575509497287));
#3272=CARTESIAN_POINT('',(-0.000768248952431207,0.00377313573289217,-0.00282854686466056));
#3273=CARTESIAN_POINT('',(-0.00154426424013783,0.00379803664836126,-0.00250055829983465));
#3274=CARTESIAN_POINT('',(-0.00231605164556992,0.00383001607013622,-0.0016899278226458));
#3275=CARTESIAN_POINT('',(-0.00250771774178757,0.00383876240100221,-0.00138821465640303));
#3276=CARTESIAN_POINT('',(-0.00277829306895506,0.00385911457840802,-0.00070489421477881));
#3277=CARTESIAN_POINT('',(-0.00284983141070469,0.00387049368091486,-0.000322843064442346));
#3278=CARTESIAN_POINT('',(-0.00283432314984475,0.00389317299097167,0.000438610298820921));
#3279=CARTESIAN_POINT('',(-0.00274741303357743,0.00390440496988434,0.000815721748734993));
#3280=CARTESIAN_POINT('',(-0.00245262997419621,0.00392426928081846,0.00148266197439565));
#3281=CARTESIAN_POINT('',(-0.00224804233074156,0.00393329547293649,0.001779819416933));
#3282=CARTESIAN_POINT('',(-0.00144012940739891,0.00396579967415592,0.00256311762297044));
#3283=CARTESIAN_POINT('',(-0.000659959593090757,0.00398989145687727,0.00285575509350311));
#3284=CARTESIAN_POINT('',(0.000768248945757358,0.00402713573269457,0.00282854686637021));
#3285=CARTESIAN_POINT('',(0.00154426423417881,0.00405203664815164,0.00250055830358902));
#3286=CARTESIAN_POINT('',(0.00231605164174449,0.00408401606995906,0.00168992782791604));
#3287=CARTESIAN_POINT('',(0.00250771773868185,0.00409276240083638,0.001388214661971));
#3288=CARTESIAN_POINT('',(0.00277829306728936,0.00411311457821496,0.000704894221260761));
#3289=CARTESIAN_POINT('',(0.00284983140994222,0.00412449368071408,0.000322843071183694));
#3290=CARTESIAN_POINT('',(0.0028343231508807,0.00414717299077252,-0.000438610292134527));
#3291=CARTESIAN_POINT('',(0.00274741303549276,0.00415840496969453,-0.000815721742361856));
#3292=CARTESIAN_POINT('',(0.00245262997747919,0.00417826928065798,-0.00148266196900772));
#3293=CARTESIAN_POINT('',(0.00224804233480545,0.00418729547275489,-0.00177981941177724));
#3294=CARTESIAN_POINT('',(0.00144012941351817,0.00421979967394593,-0.00256311761946898));
#3295=CARTESIAN_POINT('',(0.0006599595990095,0.00424389145674649,-0.00285575509203328));
#3296=CARTESIAN_POINT('',(-0.000768248939083323,0.00428113573249695,-0.00282854686807993));
#3297=CARTESIAN_POINT('',(-0.00154426422821971,0.00430603664794202,-0.00250055830734346));
#3298=CARTESIAN_POINT('',(-0.00231605163791906,0.0043380160697819,-0.00168992783318628));
#3299=CARTESIAN_POINT('',(-0.00250771773557613,0.00434676240067054,-0.00138821466753896));
#3300=CARTESIAN_POINT('',(-0.00277829306562365,0.00436711457802191,-0.000704894227742701));
#3301=CARTESIAN_POINT('',(-0.00284983140917975,0.00437849368051329,-0.000322843077925038));
#3302=CARTESIAN_POINT('',(-0.00283432315191664,0.00440117299057337,0.000438610285448128));
#3303=CARTESIAN_POINT('',(-0.00274741303740808,0.00441240496950471,0.00081572173598871));
#3304=CARTESIAN_POINT('',(-0.00245262998076219,0.00443226928049751,0.00148266196361979));
#3305=CARTESIAN_POINT('',(-0.00224804233886934,0.00444129547257329,0.00177981940662148));
#3306=CARTESIAN_POINT('',(-0.00144012941963744,0.00447379967373595,0.00256311761596752));
#3307=CARTESIAN_POINT('',(-0.000659959604928237,0.00449789145661571,0.00285575509056346));
#3308=CARTESIAN_POINT('',(0.000768248932409281,0.00453513573229934,0.00282854686978965));
#3309=CARTESIAN_POINT('',(0.00154426422226059,0.0045600366477324,0.00250055831109791));
#3310=CARTESIAN_POINT('',(0.00231605163409362,0.00459201606960474,0.00168992783845655));
#3311=CARTESIAN_POINT('',(0.00250771773247041,0.0046007624005047,0.00138821467310695));
#3312=CARTESIAN_POINT('',(0.00277829306395795,0.00462111457782885,0.000704894234224661));
#3313=CARTESIAN_POINT('',(0.00284983140841728,0.0046324936803125,0.000322843084666397));
#3314=CARTESIAN_POINT('',(0.00283432315295259,0.00465517299037422,-0.000438610278761729));
#3315=CARTESIAN_POINT('',(0.00274741303932341,0.00466640496931489,-0.000815721729615573));
#3316=CARTESIAN_POINT('',(0.00245262998404517,0.00468626928033703,-0.00148266195823188));
#3317=CARTESIAN_POINT('',(0.00224804234293319,0.00469529547239168,-0.00177981940146577));
#3318=CARTESIAN_POINT('',(0.00144012942575658,0.00472779967352597,-0.00256311761246615));
#3319=CARTESIAN_POINT('',(0.000659959610846739,0.00475189145648493,-0.00285575508909371));
#3320=CARTESIAN_POINT('',(-0.000768248925735512,0.00478913573210174,-0.0028285468714993));
#3321=CARTESIAN_POINT('',(-0.00154426421630171,0.00481403664752279,-0.00250055831485221));
#3322=CARTESIAN_POINT('',(-0.00231605163026834,0.00484601606942759,-0.00168992784372659));
#3323=CARTESIAN_POINT('',(-0.0025077177293648,0.00485476240033886,-0.00138821467867471));
#3324=CARTESIAN_POINT('',(-0.00277829306229231,0.00487511457763579,-0.000704894240706364));
#3325=CARTESIAN_POINT('',(-0.00284983140765484,0.00488649368011172,-0.00032284309140749));
#3326=CARTESIAN_POINT('',(-0.0028343231539885,0.00490917299017508,0.000438610272075579));
#3327=CARTESIAN_POINT('',(-0.00274741304123866,0.00492040496912507,0.000815721723242664));
#3328=CARTESIAN_POINT('',(-0.00245262998732804,0.00494026928017656,0.00148266195284414));
#3329=CARTESIAN_POINT('',(-0.00224804234699695,0.00494929547221009,0.00177981939631017));
#3330=CARTESIAN_POINT('',(-0.00144012943187572,0.00498179967331599,0.00256311760896475));
#3331=CARTESIAN_POINT('',(-0.000659959616765476,0.00500589145635416,0.00285575508762389));
#3332=CARTESIAN_POINT('',(0.000768248919061471,0.00504313573190413,0.00282854687320901));
#3333=CARTESIAN_POINT('',(0.0015442642103426,0.00506803664731317,0.00250055831860666));
#3334=CARTESIAN_POINT('',(0.00231605162644289,0.00510001606925043,0.00168992784899686));
#3335=CARTESIAN_POINT('',(0.00250771772625908,0.00510876240017303,0.00138821468424269));
#3336=CARTESIAN_POINT('',(0.0027782930606266,0.00512911457744273,0.000704894247188314));
#3337=CARTESIAN_POINT('',(0.00284983140689237,0.00514049367991094,0.00032284309814884));
#3338=CARTESIAN_POINT('',(0.00283432315502445,0.00516317298997593,-0.00043861026538918));
#3339=CARTESIAN_POINT('',(0.00274741304315399,0.00517440496893526,-0.000815721716869521));
#3340=CARTESIAN_POINT('',(0.00245262999061102,0.00519426928001609,-0.00148266194745622));
#3341=CARTESIAN_POINT('',(0.00224804235106084,0.00520329547202848,-0.00177981939115441));
#3342=CARTESIAN_POINT('',(0.00144012943799499,0.005235799673106,-0.00256311760546329));
#3343=CARTESIAN_POINT('',(0.000659959622684232,0.00525989145622338,-0.00285575508615407));
#3344=CARTESIAN_POINT('',(-0.000768248912387422,0.00529713573170652,-0.00282854687491873));
#3345=CARTESIAN_POINT('',(-0.00154426420438348,0.00532203664710355,-0.00250055832236111));
#3346=CARTESIAN_POINT('',(-0.00231605162261746,0.00535401606907328,-0.00168992785426711));
#3347=CARTESIAN_POINT('',(-0.00250771772315336,0.00536276240000719,-0.00138821468981066));
#3348=CARTESIAN_POINT('',(-0.0027782930589609,0.00538311457724967,-0.000704894253670267));
#3349=CARTESIAN_POINT('',(-0.0028498314061299,0.00539449367971015,-0.000322843104890196));
#3350=CARTESIAN_POINT('',(-0.0028343231560604,0.00541717298977678,0.000438610258702772));
#3351=CARTESIAN_POINT('',(-0.00274741304506932,0.00542840496874543,0.000815721710496367));
#3352=CARTESIAN_POINT('',(-0.00245262999389402,0.00544826927985561,0.00148266194206828));
#3353=CARTESIAN_POINT('',(-0.00224804235512473,0.00545729547184688,0.00177981938599864));
#3354=CARTESIAN_POINT('',(-0.00144012944411426,0.00548979967289602,0.00256311760196183));
#3355=CARTESIAN_POINT('',(-0.000659959628603028,0.00551389145609259,0.00285575508468425));
#3356=CARTESIAN_POINT('',(0.000768248905713449,0.00555113573150891,0.00282854687662845));
#3357=CARTESIAN_POINT('',(0.0015442641984245,0.00557603664689393,0.00250055832611549));
#3358=CARTESIAN_POINT('',(0.00231605161879215,0.00560801606889612,0.00168992785953719));
#3359=CARTESIAN_POINT('',(0.00250771772004776,0.00561676239984136,0.00138821469537842));
#3360=CARTESIAN_POINT('',(0.00277829305729525,0.00563711457705662,0.00070489426015197));
#3361=CARTESIAN_POINT('',(0.00284983140536746,0.00564849367950937,0.000322843111631289));
#3362=CARTESIAN_POINT('',(0.00283432315709631,0.00567117298957764,-0.000438610252016628));
#3363=CARTESIAN_POINT('',(0.00274741304698457,0.00568240496855562,-0.000815721704123467));
#3364=CARTESIAN_POINT('',(0.00245262999717688,0.00570226927969514,-0.00148266193668056));
#3365=CARTESIAN_POINT('',(0.00224804235918853,0.00571129547166528,-0.001779819380843));
#3366=CARTESIAN_POINT('',(0.00144012945023336,0.00574379967268604,-0.00256311759846047));
#3367=CARTESIAN_POINT('',(0.000659959634521639,0.00576789145596182,-0.00285575508321446));
#3368=CARTESIAN_POINT('',(-0.000768248899039492,0.0058051357313113,-0.00282854687833814));
#3369=CARTESIAN_POINT('',(-0.00154426419246542,0.00583003664668431,-0.00250055832986991));
#3370=CARTESIAN_POINT('',(-0.00231605161496672,0.00586201606871896,-0.00168992786480745));
#3371=CARTESIAN_POINT('',(-0.00250771771694203,0.00587076239967552,-0.00138821470094642));
#3372=CARTESIAN_POINT('',(-0.00277829305562955,0.00589111457686356,-0.000704894266633941));
#3373=CARTESIAN_POINT('',(-0.00284983140460499,0.00590249367930859,-0.000322843118372657));
#3374=CARTESIAN_POINT('',(-0.00283432315813226,0.00592517298937849,0.000438610245330218));
#3375=CARTESIAN_POINT('',(-0.0027474130488999,0.0059364049683658,0.000815721697750319));
#3376=CARTESIAN_POINT('',(-0.00245263000045987,0.00595626927953467,0.00148266193129263));
#3377=CARTESIAN_POINT('',(-0.00224804236325243,0.00596529547148368,0.00177981937568723));
#3378=CARTESIAN_POINT('',(-0.00144012945635263,0.00599779967247606,0.00256311759495902));
#3379=CARTESIAN_POINT('',(-0.000659959640440358,0.00602189145583104,0.00285575508174465));
#3380=CARTESIAN_POINT('',(0.000768248892365457,0.00605913573111369,0.00282854688004785));
#3381=CARTESIAN_POINT('',(0.0015442641865063,0.00608403664647469,0.00250055833362436));
#3382=CARTESIAN_POINT('',(0.00231605161114126,0.00611601606854181,0.00168992787007772));
#3383=CARTESIAN_POINT('',(0.00250771771383631,0.00612476239950969,0.0013882147065144));
#3384=CARTESIAN_POINT('',(0.00277829305396384,0.0061451145766705,0.000704894273115898));
#3385=CARTESIAN_POINT('',(0.00284983140384252,0.0061564936791078,0.000322843125114019));
#3386=CARTESIAN_POINT('',(0.00283432315916821,0.00617917298917934,-0.000438610238643801));
#3387=CARTESIAN_POINT('',(0.00274741305081523,0.00619040496817598,-0.000815721691377155));
#3388=CARTESIAN_POINT('',(0.00245263000374287,0.00621026927937419,-0.00148266192590468));
#3389=CARTESIAN_POINT('',(0.0022480423673163,0.00621929547130207,-0.00177981937053149));
#3390=CARTESIAN_POINT('',(0.00144012946247188,0.00625179967226607,-0.00256311759145757));
#3391=CARTESIAN_POINT('',(0.000659959646359117,0.00627589145570026,-0.00285575508027483));
#3392=CARTESIAN_POINT('',(-0.000768248885691413,0.00631313573091609,-0.00282854688175757));
#3393=CARTESIAN_POINT('',(-0.00154426418054719,0.00633803664626508,-0.0025005583373788));
#3394=CARTESIAN_POINT('',(-0.00231605160731584,0.00637001606836465,-0.00168992787534797));
#3395=CARTESIAN_POINT('',(-0.00250771771073058,0.00637876239934385,-0.00138821471208238));
#3396=CARTESIAN_POINT('',(-0.00277829305229813,0.00639911457647744,-0.000704894279597854));
#3397=CARTESIAN_POINT('',(-0.00284983140308005,0.00641049367890702,-0.000322843131855372));
#3398=CARTESIAN_POINT('',(-0.00283432316020415,0.00643317298898019,0.000438610231957406));
#3399=CARTESIAN_POINT('',(-0.00274741305273055,0.00644440496798616,0.000815721685004019));
#3400=CARTESIAN_POINT('',(-0.00245263000702585,0.00646426927921371,0.00148266192051676));
#3401=CARTESIAN_POINT('',(-0.00224804237138018,0.00647329547112047,0.00177981936537575));
#3402=CARTESIAN_POINT('',(-0.00144012946859105,0.0065057996720561,0.00256311758795618));
#3403=CARTESIAN_POINT('',(-0.000659959652277363,0.0065298914555695,0.00285575507880512));
#3404=CARTESIAN_POINT('',(0.000768248879017804,0.00656713573071848,0.00282854688346716));
#3405=CARTESIAN_POINT('',(0.00154426417458839,0.00659203664605546,0.00250055834113304));
#3406=CARTESIAN_POINT('',(0.00231605160349055,0.0066240160681875,0.00168992788061801));
#3407=CARTESIAN_POINT('',(0.00250771770664243,0.00663276239965452,0.00138821471818255));
#3408=CARTESIAN_POINT('',(0.00277829304646415,0.00665311457966646,0.000704894288265126));
#3409=CARTESIAN_POINT('',(0.00284983139838252,0.00666449368289631,0.000322843140606143));
#3410=CARTESIAN_POINT('',(0.00284207728007302,0.00667583333792955,-5.78835425935499E-5));
#3411=CARTESIAN_POINT('',(0.00300970918931934,0.00269566667549543,-6.12977578813314E-5));
#3412=CARTESIAN_POINT('',(0.00300149769680262,0.00270700633113843,-0.000464480527903697));
#3413=CARTESIAN_POINT('',(0.00290946142691362,0.00271823831005212,-0.000863834830629539));
#3414=CARTESIAN_POINT('',(0.00259729141301614,0.00273810261991748,-0.00157011263814051));
#3415=CARTESIAN_POINT('',(0.00238063674148947,0.00274712880998522,-0.00188479707096015));
#3416=CARTESIAN_POINT('',(0.00152507134456009,0.00277963300849842,-0.00271429589873844));
#3417=CARTESIAN_POINT('',(0.000698885416442518,0.00280372479586324,-0.00302419375250223));
#3418=CARTESIAN_POINT('',(-0.000813561977744686,0.00284096907185164,-0.00299538070816745));
#3419=CARTESIAN_POINT('',(-0.00163534833412213,0.00286586998540327,-0.00264804665632358));
#3420=CARTESIAN_POINT('',(-0.00245265743140069,0.0028978494021906,-0.00178960342546138));
#3421=CARTESIAN_POINT('',(-0.00265562840764498,0.00290659573173916,-0.00147009455949068));
#3422=CARTESIAN_POINT('',(-0.00294216284947027,0.0029269479127055,-0.000746470384743736));
#3423=CARTESIAN_POINT('',(-0.00301792067424338,0.00293832701675925,-0.000341885023609322));
#3424=CARTESIAN_POINT('',(-0.00300149769484054,0.00296100632901056,0.000464480518716534));
#3425=CARTESIAN_POINT('',(-0.00290946142733485,0.00297223830856481,0.000863834822703643));
#3426=CARTESIAN_POINT('',(-0.0025972914167534,0.00299210261985006,0.00157011263259671));
#3427=CARTESIAN_POINT('',(-0.00238063674579301,0.00300112880980361,0.00188479706550035));
#3428=CARTESIAN_POINT('',(-0.00152507135104022,0.00303363300828843,0.00271429589503049));
#3429=CARTESIAN_POINT('',(-0.000698885422710286,0.00305772479573246,0.00302419375094574));
#3430=CARTESIAN_POINT('',(0.000813561970677078,0.00309496907165403,0.00299538070997799));
#3431=CARTESIAN_POINT('',(0.00163534832781161,0.00311986998519365,0.00264804666029942));
#3432=CARTESIAN_POINT('',(0.00245265742734966,0.00315184940201344,0.00178960343104243));
#3433=CARTESIAN_POINT('',(0.00265562840435611,0.00316059573157333,0.001470094565387));
#3434=CARTESIAN_POINT('',(0.00294216284770634,0.00318094791251245,0.000746470391607932));
#3435=CARTESIAN_POINT('',(0.00301792067343595,0.00319232701655846,0.000341885030748213));
#3436=CARTESIAN_POINT('',(0.00300149769593758,0.00321500632881141,-0.000464480511635837));
#3437=CARTESIAN_POINT('',(0.00290946142936312,0.003226238308375,-0.000863834815954677));
#3438=CARTESIAN_POINT('',(0.00259729142022999,0.00324610261968958,-0.00157011262689106));
#3439=CARTESIAN_POINT('',(0.00238063675009654,0.00325512880962201,-0.00188479706004056));
#3440=CARTESIAN_POINT('',(0.00152507135752032,0.00328763300807845,-0.00271429589132257));
#3441=CARTESIAN_POINT('',(0.000698885428977996,0.00331172479560169,-0.00302419374938926));
#3442=CARTESIAN_POINT('',(-0.000813561963609511,0.00334896907145643,-0.00299538071178852));
#3443=CARTESIAN_POINT('',(-0.00163534832150111,0.00337386998498403,-0.00264804666427525));
#3444=CARTESIAN_POINT('',(-0.00245265742329864,0.00340584940183629,-0.00178960343662347));
#3445=CARTESIAN_POINT('',(-0.00265562840106724,0.00341459573140749,-0.00147009457128332));
#3446=CARTESIAN_POINT('',(-0.0029421628459424,0.00343494791231939,-0.00074647039847213));
#3447=CARTESIAN_POINT('',(-0.00301792067262852,0.00344632701635768,-0.000341885037887113));
#3448=CARTESIAN_POINT('',(-0.00300149769703462,0.00346900632861227,0.000464480504555123));
#3449=CARTESIAN_POINT('',(-0.0029094614313914,0.00348023830818518,0.00086383480920569));
#3450=CARTESIAN_POINT('',(-0.00259729142370659,0.00350010261952911,0.00157011262118539));
#3451=CARTESIAN_POINT('',(-0.00238063675440006,0.00350912880944041,0.00188479705458078));
#3452=CARTESIAN_POINT('',(-0.00152507136400046,0.00354163300786847,0.00271429588761461));
#3453=CARTESIAN_POINT('',(-0.000698885435245835,0.00356572479547091,0.00302419374783275));
#3454=CARTESIAN_POINT('',(0.000813561956541823,0.00360296907125882,0.00299538071359907));
#3455=CARTESIAN_POINT('',(0.00163534831519051,0.00362786998477441,0.00264804666825115));
#3456=CARTESIAN_POINT('',(0.00245265741924757,0.00365984940165913,0.00178960344220458));
#3457=CARTESIAN_POINT('',(0.00265562839777831,0.00366859573124165,0.00147009457717975));
#3458=CARTESIAN_POINT('',(0.00294216284417844,0.00368894791212632,0.000746470405336439));
#3459=CARTESIAN_POINT('',(0.00301792067182107,0.00370032701615689,0.000341885045026118));
#3460=CARTESIAN_POINT('',(0.00300149769813168,0.00372300632841311,-0.000464480497474319));
#3461=CARTESIAN_POINT('',(0.0029094614334197,0.00373423830799536,-0.000863834802456624));
#3462=CARTESIAN_POINT('',(0.00259729142718322,0.00375410261936863,-0.00157011261547966));
#3463=CARTESIAN_POINT('',(0.00238063675870366,0.00376312880925881,-0.0018847970491209));
#3464=CARTESIAN_POINT('',(0.00152507137048067,0.00379563300765848,-0.00271429588390662));
#3465=CARTESIAN_POINT('',(0.000698885441513776,0.00381972479534013,-0.00302419374627624));
#3466=CARTESIAN_POINT('',(-0.000813561949474177,0.00385696907106121,-0.00299538071540964));
#3467=CARTESIAN_POINT('',(-0.00163534830888005,0.00388186998456479,-0.00264804667222698));
#3468=CARTESIAN_POINT('',(-0.00245265741519664,0.00391384940148198,-0.0017896034477855));
#3469=CARTESIAN_POINT('',(-0.00265562839448953,0.00392259573107582,-0.00147009458307592));
#3470=CARTESIAN_POINT('',(-0.00294216284241455,0.00394294791193327,-0.000746470412200457));
#3471=CARTESIAN_POINT('',(-0.00301792067101366,0.00395432701595611,-0.000341885052164824));
#3472=CARTESIAN_POINT('',(-0.00300149769922869,0.00397700632821397,0.000464480490393806));
#3473=CARTESIAN_POINT('',(-0.00290946143544792,0.00398823830780555,0.000863834795707834));
#3474=CARTESIAN_POINT('',(-0.00259729143065971,0.00400810261920816,0.00157011260977416));
#3475=CARTESIAN_POINT('',(-0.00238063676300708,0.00401712880907721,0.00188479704366125));
#3476=CARTESIAN_POINT('',(-0.00152507137696061,0.00404963300744851,0.00271429588019878));
#3477=CARTESIAN_POINT('',(-0.000698885447781317,0.00407372479520936,0.00302419374471978));
#3478=CARTESIAN_POINT('',(0.000813561942406689,0.0041109690708636,0.00299538071722014));
#3479=CARTESIAN_POINT('',(0.00163534830256955,0.00413586998435517,0.00264804667620279));
#3480=CARTESIAN_POINT('',(0.00245265741114558,0.00416784940130482,0.00178960345336658));
#3481=CARTESIAN_POINT('',(0.00265562839120063,0.00417659573090998,0.00147009458897231));
#3482=CARTESIAN_POINT('',(0.0029421628406506,0.00419694791174021,0.000746470419064727));
#3483=CARTESIAN_POINT('',(0.00301792067020622,0.00420832701575533,0.000341885059303792));
#3484=CARTESIAN_POINT('',(0.00300149770032574,0.00423100632801482,-0.000464480483313034));
#3485=CARTESIAN_POINT('',(0.00290946143747622,0.00424223830761573,-0.000863834788958795));
#3486=CARTESIAN_POINT('',(0.00259729143413633,0.00426210261904769,-0.00157011260406844));
#3487=CARTESIAN_POINT('',(0.00238063676731067,0.00427112880889561,-0.0018847970382014));
#3488=CARTESIAN_POINT('',(0.0015250713834408,0.00430363300723852,-0.0027142958764908));
#3489=CARTESIAN_POINT('',(0.00069888545404916,0.00432772479507858,-0.00302419374316327));
#3490=CARTESIAN_POINT('',(-0.000813561935339005,0.00436496907066599,-0.0029953807190307));
#3491=CARTESIAN_POINT('',(-0.00163534829625897,0.00438986998414556,-0.00264804668017868));
#3492=CARTESIAN_POINT('',(-0.00245265740709452,0.00442184940112766,-0.00178960345894768));
#3493=CARTESIAN_POINT('',(-0.00265562838791173,0.00443059573074414,-0.00147009459486868));
#3494=CARTESIAN_POINT('',(-0.00294216283888665,0.00445094791154715,-0.000746470425928986));
#3495=CARTESIAN_POINT('',(-0.00301792066939877,0.00446232701555454,-0.000341885066442755));
#3496=CARTESIAN_POINT('',(-0.00300149770142279,0.00448500632781567,0.000464480476232256));
#3497=CARTESIAN_POINT('',(-0.00290946143950451,0.00449623830742591,0.000863834782209748));
#3498=CARTESIAN_POINT('',(-0.00259729143761296,0.00451610261888721,0.00157011259836272));
#3499=CARTESIAN_POINT('',(-0.00238063677161425,0.004525128808714,0.00188479703274154));
#3500=CARTESIAN_POINT('',(-0.001525071389921,0.00455763300702854,0.00271429587278282));
#3501=CARTESIAN_POINT('',(-0.000698885460316997,0.00458172479494779,0.00302419374160676));
#3502=CARTESIAN_POINT('',(0.000813561928271314,0.00461896907046838,0.00299538072084126));
#3503=CARTESIAN_POINT('',(0.00163534828994837,0.00464386998393593,0.00264804668415458));
#3504=CARTESIAN_POINT('',(0.00245265740304345,0.0046758494009505,0.0017896034645288));
#3505=CARTESIAN_POINT('',(0.00265562838462282,0.00468459573057831,0.00147009460076508));
#3506=CARTESIAN_POINT('',(0.0029421628371227,0.00470494791135409,0.000746470432793266));
#3507=CARTESIAN_POINT('',(0.00301792066859133,0.00471632701535376,0.000341885073581734));
#3508=CARTESIAN_POINT('',(0.00300149770251984,0.00473900632761653,-0.000464480469151479));
#3509=CARTESIAN_POINT('',(0.00290946144153281,0.00475023830723609,-0.00086383477546071));
#3510=CARTESIAN_POINT('',(0.00259729144108958,0.00477010261872674,-0.00157011259265701));
#3511=CARTESIAN_POINT('',(0.0023806367759178,0.0047791288085324,-0.00188479702728173));
#3512=CARTESIAN_POINT('',(0.00152507139640106,0.00481163300681856,-0.00271429586907493));
#3513=CARTESIAN_POINT('',(0.000698885466584585,0.00483572479481702,-0.00302419374005031));
#3514=CARTESIAN_POINT('',(-0.000813561921203911,0.00487296907027078,-0.00299538072265174));
#3515=CARTESIAN_POINT('',(-0.00163534828363803,0.00489786998372632,-0.00264804668813031));
#3516=CARTESIAN_POINT('',(-0.00245265739899254,0.00492984940077335,-0.00178960347010968));
#3517=CARTESIAN_POINT('',(-0.00265562838133404,0.00493859573041247,-0.00147009460666124));
#3518=CARTESIAN_POINT('',(-0.00294216283535881,0.00495894791116104,-0.000746470439657274));
#3519=CARTESIAN_POINT('',(-0.00301792066778392,0.00497032701515297,-0.000341885080720432));
#3520=CARTESIAN_POINT('',(-0.00300149770361685,0.00499300632741738,0.000464480462070966));
#3521=CARTESIAN_POINT('',(-0.00290946144356103,0.00500423830704627,0.000863834768711912));
#3522=CARTESIAN_POINT('',(-0.00259729144456608,0.00502410261856627,0.0015701125869515));
#3523=CARTESIAN_POINT('',(-0.00238063678022125,0.00503312880835081,0.00188479702182204));
#3524=CARTESIAN_POINT('',(-0.00152507140288112,0.00506563300660858,0.00271429586536701));
#3525=CARTESIAN_POINT('',(-0.000698885472852423,0.00508972479468625,0.0030241937384938));
#3526=CARTESIAN_POINT('',(0.00081356191413622,0.00512696907007317,0.0029953807244623));
#3527=CARTESIAN_POINT('',(0.00163534827732743,0.0051518699835167,0.00264804669210621));
#3528=CARTESIAN_POINT('',(0.00245265739494146,0.00518384940059619,0.00178960347569079));
#3529=CARTESIAN_POINT('',(0.00265562837804514,0.00519259573024663,0.00147009461255762));
#3530=CARTESIAN_POINT('',(0.00294216283359486,0.00521294791096798,0.000746470446521544));
#3531=CARTESIAN_POINT('',(0.00301792066697648,0.00522432701495219,0.000341885087859402));
#3532=CARTESIAN_POINT('',(0.0030014977047139,0.00524700632721824,-0.000464480454990188));
#3533=CARTESIAN_POINT('',(0.00290946144558932,0.00525823830685646,-0.000863834761962868));
#3534=CARTESIAN_POINT('',(0.00259729144804271,0.00527810261840579,-0.00157011258124578));
#3535=CARTESIAN_POINT('',(0.00238063678452483,0.0052871288081692,-0.00188479701636219));
#3536=CARTESIAN_POINT('',(0.00152507140936132,0.0053196330063986,-0.00271429586165902));
#3537=CARTESIAN_POINT('',(0.000698885479120279,0.00534372479455546,-0.00302419373693729));
#3538=CARTESIAN_POINT('',(-0.000813561907068522,0.00538096906987556,-0.00299538072627287));
#3539=CARTESIAN_POINT('',(-0.00163534827101683,0.00540586998330708,-0.0026480466960821));
#3540=CARTESIAN_POINT('',(-0.00245265739089039,0.00543784940041903,-0.0017896034812719));
#3541=CARTESIAN_POINT('',(-0.00265562837475624,0.0054465957300808,-0.00147009461845401));
#3542=CARTESIAN_POINT('',(-0.00294216283183091,0.00546694791077492,-0.000746470453385817));
#3543=CARTESIAN_POINT('',(-0.00301792066616904,0.00547832701475141,-0.000341885094998377));
#3544=CARTESIAN_POINT('',(-0.00300149770581095,0.00550100632701908,0.000464480447909401));
#3545=CARTESIAN_POINT('',(-0.00290946144761762,0.00551223830666664,0.000863834755213811));
#3546=CARTESIAN_POINT('',(-0.00259729145151934,0.00553210261824532,0.00157011257554005));
#3547=CARTESIAN_POINT('',(-0.00238063678882843,0.0055411288079876,0.00188479701090232));
#3548=CARTESIAN_POINT('',(-0.00152507141584152,0.00557363300618862,0.00271429585795104));
#3549=CARTESIAN_POINT('',(-0.000698885485388178,0.00559772479442468,0.00302419373538078));
#3550=CARTESIAN_POINT('',(0.000813561900000903,0.00563496906967795,0.00299538072808342));
#3551=CARTESIAN_POINT('',(0.00163534826470637,0.00565986998309747,0.00264804670005793));
#3552=CARTESIAN_POINT('',(0.00245265738683947,0.00569184940024188,0.00178960348685282));
#3553=CARTESIAN_POINT('',(0.00265562837146746,0.00570059572991497,0.00147009462435017));
#3554=CARTESIAN_POINT('',(0.00294216283006702,0.00572094791058187,0.000746470460249825));
#3555=CARTESIAN_POINT('',(0.00301792066536162,0.00573232701455062,0.000341885102137075));
#3556=CARTESIAN_POINT('',(0.00300149770690796,0.00575500632681994,-0.000464480440828893));
#3557=CARTESIAN_POINT('',(0.00290946144964584,0.00576623830647683,-0.000863834748465024));
#3558=CARTESIAN_POINT('',(0.00259729145499583,0.00578610261808485,-0.00157011256983455));
#3559=CARTESIAN_POINT('',(0.00238063679313192,0.005795128807806,-0.00188479700544259));
#3560=CARTESIAN_POINT('',(0.00152507142232153,0.00582763300597864,-0.00271429585424317));
#3561=CARTESIAN_POINT('',(0.000698885491655883,0.0058517247942939,-0.0030241937338243));
#3562=CARTESIAN_POINT('',(-0.000813561892933302,0.00588896906948033,-0.00299538072989395));
#3563=CARTESIAN_POINT('',(-0.00163534825839582,0.00591386998288785,-0.00264804670403379));
#3564=CARTESIAN_POINT('',(-0.0024526573827884,0.00594584940006472,-0.00178960349243392));
#3565=CARTESIAN_POINT('',(-0.00265562836817854,0.00595459572974912,-0.00147009463024658));
#3566=CARTESIAN_POINT('',(-0.00294216282830307,0.00597494791038881,-0.000746470467114116));
#3567=CARTESIAN_POINT('',(-0.00301792066455418,0.00598632701434984,-0.000341885109276063));
#3568=CARTESIAN_POINT('',(-0.00300149770800501,0.00600900632662079,0.000464480433748105));
#3569=CARTESIAN_POINT('',(-0.00290946145167414,0.00602023830628701,0.000863834741715973));
#3570=CARTESIAN_POINT('',(-0.00259729145847246,0.00604010261792437,0.00157011256412883));
#3571=CARTESIAN_POINT('',(-0.00238063679743551,0.00604912880762439,0.00188479699998272));
#3572=CARTESIAN_POINT('',(-0.00152507142880173,0.00608163300576865,0.00271429585053519));
#3573=CARTESIAN_POINT('',(-0.0006988854979237,0.00610572479416312,0.00302419373226779));
#3574=CARTESIAN_POINT('',(0.000813561885865618,0.00614296906928273,0.00299538073170451));
#3575=CARTESIAN_POINT('',(0.00163534825208522,0.00616786998267823,0.00264804670800968));
#3576=CARTESIAN_POINT('',(0.00245265737873731,0.00619984939988757,0.00178960349801505));
#3577=CARTESIAN_POINT('',(0.00265562836488964,0.00620859572958329,0.00147009463614297));
#3578=CARTESIAN_POINT('',(0.00294216282653911,0.00622894791019575,0.000746470473978393));
#3579=CARTESIAN_POINT('',(0.00301792066374674,0.00624032701414905,0.000341885116415045));
#3580=CARTESIAN_POINT('',(0.00300149770910206,0.00626300632642164,-0.000464480426667308));
#3581=CARTESIAN_POINT('',(0.00290946145370244,0.00627423830609719,-0.000863834734966906));
#3582=CARTESIAN_POINT('',(0.0025972914619491,0.0062941026177639,-0.00157011255842308));
#3583=CARTESIAN_POINT('',(0.00238063680173908,0.00630312880744278,-0.00188479699452288));
#3584=CARTESIAN_POINT('',(0.00152507143528191,0.00633563300555866,-0.00271429584682721));
#3585=CARTESIAN_POINT('',(0.000698885504191561,0.00635972479403235,-0.00302419373071128));
#3586=CARTESIAN_POINT('',(-0.000813561878797924,0.00639696906908512,-0.00299538073351507));
#3587=CARTESIAN_POINT('',(-0.00163534824577463,0.00642186998246861,-0.00264804671198557));
#3588=CARTESIAN_POINT('',(-0.00245265737468625,0.00645384939971041,-0.00178960350359615));
#3589=CARTESIAN_POINT('',(-0.00265562836160073,0.00646259572941745,-0.00147009464203937));
#3590=CARTESIAN_POINT('',(-0.00294216282477516,0.00648294791000269,-0.00074647048084267));
#3591=CARTESIAN_POINT('',(-0.00301792066293929,0.00649432701394827,-0.000341885123554018));
#3592=CARTESIAN_POINT('',(-0.00300149771019911,0.00651700632622249,0.000464480419586535));
#3593=CARTESIAN_POINT('',(-0.00290946145573073,0.00652823830590737,0.000863834728217869));
#3594=CARTESIAN_POINT('',(-0.00259729146542571,0.00654810261760342,0.00157011255271738));
#3595=CARTESIAN_POINT('',(-0.00238063680604265,0.00655712880726119,0.00188479698906305));
#3596=CARTESIAN_POINT('',(-0.001525071441762,0.00658963300534869,0.00271429584311931));
#3597=CARTESIAN_POINT('',(-0.000698885510458878,0.00661372479390158,0.00302419372915488));
#3598=CARTESIAN_POINT('',(0.000813561871730691,0.00665096906888752,0.0029953807353255));
#3599=CARTESIAN_POINT('',(0.00163534823946436,0.00667586998225899,0.00264804671596124));
#3600=CARTESIAN_POINT('',(0.00245265737063534,0.00670784939953325,0.00178960350917703));
#3601=CARTESIAN_POINT('',(0.00265562835788185,0.00671659572918623,0.00147009464844093));
#3602=CARTESIAN_POINT('',(0.00294216282125097,0.00673694791014462,0.000746470489746026));
#3603=CARTESIAN_POINT('',(0.00301792066051728,0.00674832701451259,0.000341885132541119));
#3604=CARTESIAN_POINT('',(0.00300970918612625,0.0067596666712836,-6.12976402879273E-5));
#3605=CARTESIAN_POINT('',(0.00317734109250051,0.00277950001374907,-6.47118611480912E-5));
#3606=CARTESIAN_POINT('',(0.00316867224415499,0.00279083966939208,-0.000490350719575972));
#3607=CARTESIAN_POINT('',(0.0030715098268397,0.00280207164830577,-0.000911947877523904));
#3608=CARTESIAN_POINT('',(0.00274195286853995,0.00282193595817113,-0.00165756327502313));
#3609=CARTESIAN_POINT('',(0.00251323117255652,0.00283096214612593,-0.00198977469920887));
#3610=CARTESIAN_POINT('',(0.00161001331231718,0.00286346634179101,-0.00286547415699939));
#3611=CARTESIAN_POINT('',(0.0007378112693876,0.00288755813419532,-0.00319263240415237));
#3612=CARTESIAN_POINT('',(-0.000858874976362239,0.00292480241002068,-0.00316221455851316));
#3613=CARTESIAN_POINT('',(-0.00172643240427026,0.0029497033216068,-0.00279553502783014));
#3614=CARTESIAN_POINT('',(-0.00258926320192993,0.00298168273353636,-0.00188927904935769));
#3615=CARTESIAN_POINT('',(-0.00280353906107966,0.00299042906181277,-0.00155197448484994));
#3616=CARTESIAN_POINT('',(-0.00310603262332274,0.00301078124623075,-0.000788046580636125));
#3617=CARTESIAN_POINT('',(-0.00318600993473223,0.0030221603518005,-0.000360927009741343));
#3618=CARTESIAN_POINT('',(-0.00316867224398008,0.00304483966625287,0.000490350711866911));
#3619=CARTESIAN_POINT('',(-0.00307150982875346,0.00305607164648602,0.000911947871180071));
#3620=CARTESIAN_POINT('',(-0.00274195287244237,0.00307593595823976,0.00165756326924637));
#3621=CARTESIAN_POINT('',(-0.00251323117709975,0.00308496214594433,0.00198977469344498));
#3622=CARTESIAN_POINT('',(-0.00161001331915823,0.00311746634158103,0.00286547415308492));
#3623=CARTESIAN_POINT('',(-0.000737811276004464,0.00314155813406454,0.00319263240250919));
#3624=CARTESIAN_POINT('',(0.000858874968900986,0.00317880240982307,0.00316221456042455));
#3625=CARTESIAN_POINT('',(0.00172643239760826,0.00320370332139718,0.00279553503202743));
#3626=CARTESIAN_POINT('',(0.00258926319765327,0.0032356827333592,0.00188927905524958));
#3627=CARTESIAN_POINT('',(0.00280353905760761,0.00324442906164693,0.00155197449107467));
#3628=CARTESIAN_POINT('',(0.00310603262146056,0.0032647812460377,0.000788046587882636));
#3629=CARTESIAN_POINT('',(0.00318600993387983,0.00327616035159972,0.00036092701727785));
#3630=CARTESIAN_POINT('',(0.00316867224513822,0.00329883966605372,-0.00049035070439184));
#3631=CARTESIAN_POINT('',(0.0030715098308947,0.0033100716462962,-0.000911947864055208));
#3632=CARTESIAN_POINT('',(0.00274195287611259,0.00332993595807929,-0.00165756326322293));
#3633=CARTESIAN_POINT('',(0.00251323118164298,0.00333896214576273,-0.00198977468768109));
#3634=CARTESIAN_POINT('',(0.00161001332599926,0.00337146634137105,-0.00286547414917047));
#3635=CARTESIAN_POINT('',(0.000737811282621266,0.00339555813393377,-0.00319263240086601));
#3636=CARTESIAN_POINT('',(-0.000858874961439778,0.00343280240962546,-0.00316221456233591));
#3637=CARTESIAN_POINT('',(-0.00172643239094628,0.00345770332118756,-0.0027955350362247));
#3638=CARTESIAN_POINT('',(-0.00258926319337662,0.00348968273318204,-0.00188927906114147));
#3639=CARTESIAN_POINT('',(-0.00280353905413557,0.0034984290614811,-0.0015519744972994));
#3640=CARTESIAN_POINT('',(-0.00310603261959838,0.00351878124584464,-0.000788046595129149));
#3641=CARTESIAN_POINT('',(-0.00318600993302742,0.00353016035139893,-0.000360927024814365));
#3642=CARTESIAN_POINT('',(-0.00316867224629636,0.00355283966585457,0.000490350696916751));
#3643=CARTESIAN_POINT('',(-0.00307150983303595,0.00356407164610638,0.000911947856930322));
#3644=CARTESIAN_POINT('',(-0.00274195287978282,0.00358393595791881,0.00165756325719947));
#3645=CARTESIAN_POINT('',(-0.0025132311861862,0.00359296214558113,0.00198977468191722));
#3646=CARTESIAN_POINT('',(-0.00161001333284032,0.00362546634116106,0.00286547414525599));
#3647=CARTESIAN_POINT('',(-0.000737811289238206,0.00364955813380299,0.00319263239922281));
#3648=CARTESIAN_POINT('',(0.00085887495397844,0.00368680240942785,0.00316221456424731));
#3649=CARTESIAN_POINT('',(0.0017264323842842,0.00371170332097795,0.00279553504042204));
#3650=CARTESIAN_POINT('',(0.00258926318909992,0.00374368273300489,0.00188927906703343));
#3651=CARTESIAN_POINT('',(0.00280353905066345,0.00375242906131526,0.00155197450352424));
#3652=CARTESIAN_POINT('',(0.00310603261773617,0.00377278124565157,0.00078804660237578));
#3653=CARTESIAN_POINT('',(0.003186009932175,0.00378416035119814,0.000360927032350991));
#3654=CARTESIAN_POINT('',(0.00316867224745452,0.00380683966565542,-0.000490350689441568));
#3655=CARTESIAN_POINT('',(0.00307150983517722,0.00381807164591656,-0.000911947849805353));
#3656=CARTESIAN_POINT('',(0.00274195288345309,0.00383793595775834,-0.00165756325117594));
#3657=CARTESIAN_POINT('',(0.0025132311907295,0.00384696214539952,-0.00198977467615324));
#3658=CARTESIAN_POINT('',(0.00161001333968146,0.00387946634095108,-0.00286547414134148));
#3659=CARTESIAN_POINT('',(0.000737811295855252,0.00390355813367221,-0.0031926323975796));
#3660=CARTESIAN_POINT('',(-0.000858874946517147,0.00394080240923024,-0.00316221456615872));
#3661=CARTESIAN_POINT('',(-0.00172643237762226,0.00396570332076833,-0.00279553504461932));
#3662=CARTESIAN_POINT('',(-0.00258926318482337,0.00399768273282773,-0.00188927907292519));
#3663=CARTESIAN_POINT('',(-0.00280353904719149,0.00400642906114942,-0.00155197450974881));
#3664=CARTESIAN_POINT('',(-0.00310603261587404,0.00402678124545852,-0.000788046609622104));
#3665=CARTESIAN_POINT('',(-0.00318600993132262,0.00403816035099736,-0.000360927039887303));
#3666=CARTESIAN_POINT('',(-0.00316867224861263,0.00406083966545628,0.000490350681966691));
#3667=CARTESIAN_POINT('',(-0.00307150983731841,0.00407207164572675,0.000911947842680675));
#3668=CARTESIAN_POINT('',(-0.00274195288712321,0.00409193595759787,0.00165756324515266));
#3669=CARTESIAN_POINT('',(-0.0025132311952726,0.00410096214521793,0.00198977467038951));
#3670=CARTESIAN_POINT('',(-0.00161001334652232,0.0041334663407411,0.00286547413742713));
#3671=CARTESIAN_POINT('',(-0.000737811302471877,0.00415755813354144,0.00319263239593646));
#3672=CARTESIAN_POINT('',(0.00085887493905602,0.00419480240903263,0.00316221456807006));
#3673=CARTESIAN_POINT('',(0.00172643237096029,0.00421970332055871,0.00279553504881657));
#3674=CARTESIAN_POINT('',(0.00258926318054668,0.00425168273265058,0.00188927907881713));
#3675=CARTESIAN_POINT('',(0.00280353904371941,0.00426042906098358,0.00155197451597361));
#3676=CARTESIAN_POINT('',(0.00310603261401185,0.00428078124526546,0.000788046616868693));
#3677=CARTESIAN_POINT('',(0.00318600993047021,0.00429216035079658,0.00036092704742389));
#3678=CARTESIAN_POINT('',(0.00316867224977078,0.00431483966525713,-0.000490350674491541));
#3679=CARTESIAN_POINT('',(0.00307150983945967,0.00432607164553693,-0.000911947835555735));
#3680=CARTESIAN_POINT('',(0.00274195289079347,0.00434593595743739,-0.00165756323912916));
#3681=CARTESIAN_POINT('',(0.00251323119981588,0.00435496214503632,-0.00198977466462555));
#3682=CARTESIAN_POINT('',(0.00161001335336343,0.00438746634053112,-0.00286547413351263));
#3683=CARTESIAN_POINT('',(0.00073781130908882,0.00441155813341066,-0.00319263239429325));
#3684=CARTESIAN_POINT('',(-0.000858874931594687,0.00444880240883502,-0.00316221456998146));
#3685=CARTESIAN_POINT('',(-0.00172643236429823,0.00447370332034909,-0.0027955350530139));
#3686=CARTESIAN_POINT('',(-0.00258926317626998,0.00450568273247342,-0.00188927908470907));
#3687=CARTESIAN_POINT('',(-0.00280353904024733,0.00451442906081774,-0.0015519745221984));
#3688=CARTESIAN_POINT('',(-0.00310603261214965,0.0045347812450724,-0.000788046624115272));
#3689=CARTESIAN_POINT('',(-0.0031860099296178,0.00454616035059579,-0.000360927054960472));
#3690=CARTESIAN_POINT('',(-0.00316867225092893,0.00456883966505798,0.000490350667016384));
#3691=CARTESIAN_POINT('',(-0.00307150984160094,0.00458007164534711,0.000911947828430785));
#3692=CARTESIAN_POINT('',(-0.00274195289446374,0.00459993595727692,0.00165756323310564));
#3693=CARTESIAN_POINT('',(-0.00251323120435916,0.00460896214485472,0.0019897746588616));
#3694=CARTESIAN_POINT('',(-0.00161001336020456,0.00464146634032113,0.00286547412959812));
#3695=CARTESIAN_POINT('',(-0.000737811315705757,0.00466555813327987,0.00319263239265005));
#3696=CARTESIAN_POINT('',(0.000858874924133347,0.00470280240863741,0.00316221457189286));
#3697=CARTESIAN_POINT('',(0.00172643235763614,0.00472770332013947,0.00279553505721124));
#3698=CARTESIAN_POINT('',(0.00258926317199327,0.00475968273229626,0.00188927909060104));
#3699=CARTESIAN_POINT('',(0.00280353903677524,0.00476842906065191,0.00155197452842321));
#3700=CARTESIAN_POINT('',(0.00310603261028745,0.00478878124487934,0.000788046631361872));
#3701=CARTESIAN_POINT('',(0.00318600992876538,0.00480016035039501,0.000360927062497071));
#3702=CARTESIAN_POINT('',(0.00316867225208709,0.00482283966485883,-0.000490350659541229));
#3703=CARTESIAN_POINT('',(0.00307150984374221,0.00483407164515729,-0.000911947821305846));
#3704=CARTESIAN_POINT('',(0.002741952898134,0.00485393595711644,-0.00165756322708215));
#3705=CARTESIAN_POINT('',(0.00251323120890241,0.00486296214467312,-0.0019897746530977));
#3706=CARTESIAN_POINT('',(0.00161001336704554,0.00489546634011116,-0.00286547412568371));
#3707=CARTESIAN_POINT('',(0.000737811322322432,0.0049195581331491,-0.00319263239100691));
#3708=CARTESIAN_POINT('',(-0.00085887491667231,0.00495680240843981,-0.00316221457380419));
#3709=CARTESIAN_POINT('',(-0.00172643235097434,0.00498170331992986,-0.00279553506140841));
#3710=CARTESIAN_POINT('',(-0.00258926316771674,0.00501368273211911,-0.00188927909649276));
#3711=CARTESIAN_POINT('',(-0.00280353903330328,0.00502242906048608,-0.00155197453464777));
#3712=CARTESIAN_POINT('',(-0.00310603260842532,0.00504278124468629,-0.000788046638608184));
#3713=CARTESIAN_POINT('',(-0.003186009927913,0.00505416035019422,-0.000360927070033374));
#3714=CARTESIAN_POINT('',(-0.00316867225324519,0.00507683966465969,0.000490350652066352));
#3715=CARTESIAN_POINT('',(-0.00307150984588339,0.00508807164496748,0.00091194781418116));
#3716=CARTESIAN_POINT('',(-0.00274195290180413,0.00510793595695597,0.00165756322105885));
#3717=CARTESIAN_POINT('',(-0.00251323121344555,0.00511696214449152,0.00198977464733392));
#3718=CARTESIAN_POINT('',(-0.00161001337388652,0.00514946633990118,0.00286547412176927));
#3719=CARTESIAN_POINT('',(-0.000737811328939369,0.00517355813301833,0.00319263238936371));
#3720=CARTESIAN_POINT('',(0.00085887490921097,0.0052108024082422,0.00316221457571559));
#3721=CARTESIAN_POINT('',(0.00172643234431226,0.00523570331972024,0.00279553506560575));
#3722=CARTESIAN_POINT('',(0.00258926316344003,0.00526768273194195,0.00188927910238473));
#3723=CARTESIAN_POINT('',(0.0028035390298312,0.00527642906032024,0.00155197454087256));
#3724=CARTESIAN_POINT('',(0.00310603260656312,0.00529678124449323,0.000788046645854774));
#3725=CARTESIAN_POINT('',(0.00318600992706059,0.00530816034999345,0.000360927077569963));
#3726=CARTESIAN_POINT('',(0.00316867225440335,0.00533083966446055,-0.000490350644591196));
#3727=CARTESIAN_POINT('',(0.00307150984802466,0.00534207164477767,-0.000911947807056214));
#3728=CARTESIAN_POINT('',(0.00274195290547439,0.0053619359567955,-0.00165756321503534));
#3729=CARTESIAN_POINT('',(0.00251323121798883,0.00537096214430992,-0.00198977464156996));
#3730=CARTESIAN_POINT('',(0.00161001338072765,0.00540346633969119,-0.00286547411785476));
#3731=CARTESIAN_POINT('',(0.000737811335556327,0.00542755813288754,-0.0031926323877205));
#3732=CARTESIAN_POINT('',(-0.000858874901749622,0.00546480240804459,-0.003162214577627));
#3733=CARTESIAN_POINT('',(-0.00172643233765018,0.00548970331951062,-0.0027955350698031));
#3734=CARTESIAN_POINT('',(-0.00258926315916333,0.00552168273176479,-0.00188927910827669));
#3735=CARTESIAN_POINT('',(-0.00280353902635911,0.0055304290601544,-0.00155197454709736));
#3736=CARTESIAN_POINT('',(-0.00310603260470092,0.00555078124430017,-0.000788046653101367));
#3737=CARTESIAN_POINT('',(-0.00318600992620817,0.00556216034979265,-0.000360927085106558));
#3738=CARTESIAN_POINT('',(-0.0031686722555615,0.00558483966426139,0.00049035063711603));
#3739=CARTESIAN_POINT('',(-0.00307150985016593,0.00559607164458784,0.000911947799931255));
#3740=CARTESIAN_POINT('',(-0.00274195290914466,0.00561593595663502,0.00165756320901182));
#3741=CARTESIAN_POINT('',(-0.00251323122253212,0.00562496214412832,0.001989774635806));
#3742=CARTESIAN_POINT('',(-0.00161001338756877,0.00565746633948122,0.00286547411394025));
#3743=CARTESIAN_POINT('',(-0.000737811342173329,0.00568155813275676,0.0031926323860773));
#3744=CARTESIAN_POINT('',(0.000858874894288358,0.00571880240784699,0.0031622145795384));
#3745=CARTESIAN_POINT('',(0.00172643233098825,0.00574370331930101,0.00279553507400036));
#3746=CARTESIAN_POINT('',(0.00258926315488678,0.00577568273158764,0.00188927911416845));
#3747=CARTESIAN_POINT('',(0.00280353902288716,0.00578442905998857,0.00155197455332192));
#3748=CARTESIAN_POINT('',(0.00310603260283879,0.00580478124410711,0.00078804666034768));
#3749=CARTESIAN_POINT('',(0.00318600992535579,0.00581616034959187,0.00036092709264286));
#3750=CARTESIAN_POINT('',(0.00316867225671961,0.00583883966406225,-0.000490350629641159));
#3751=CARTESIAN_POINT('',(0.00307150985230711,0.00585007164439803,-0.00091194779280658));
#3752=CARTESIAN_POINT('',(0.00274195291281478,0.00586993595647455,-0.00165756320298854));
#3753=CARTESIAN_POINT('',(0.0025132312270753,0.00587896214394671,-0.00198977463004217));
#3754=CARTESIAN_POINT('',(0.00161001339440971,0.00591146633927123,-0.00286547411002586));
#3755=CARTESIAN_POINT('',(0.000737811348790127,0.00593555813262598,-0.00319263238443413));
#3756=CARTESIAN_POINT('',(-0.000858874886827112,0.00597280240764937,-0.00316221458144977));
#3757=CARTESIAN_POINT('',(-0.00172643232432621,0.00599770331909138,-0.00279553507819767));
#3758=CARTESIAN_POINT('',(-0.00258926315061008,0.00602968273141048,-0.0018892791200604));
#3759=CARTESIAN_POINT('',(-0.00280353901941506,0.00603842905982273,-0.00155197455954674));
#3760=CARTESIAN_POINT('',(-0.00310603260097659,0.00605878124391405,-0.000788046667594292));
#3761=CARTESIAN_POINT('',(-0.00318600992450337,0.00607016034939109,-0.000360927100179469));
#3762=CARTESIAN_POINT('',(-0.00316867225787777,0.0060928396638631,0.000490350622165992));
#3763=CARTESIAN_POINT('',(-0.00307150985444838,0.00610407164420821,0.000911947785681627));
#3764=CARTESIAN_POINT('',(-0.00274195291648505,0.00612393595631408,0.00165756319696503));
#3765=CARTESIAN_POINT('',(-0.00251323123161859,0.00613296214376511,0.00198977462427821));
#3766=CARTESIAN_POINT('',(-0.00161001340125083,0.00616546633906125,0.00286547410611136));
#3767=CARTESIAN_POINT('',(-0.000737811355407043,0.00618955813249521,0.00319263238279093));
#3768=CARTESIAN_POINT('',(0.000858874879365779,0.00622680240745176,0.00316221458336117));
#3769=CARTESIAN_POINT('',(0.00172643231766413,0.00625170331888176,0.00279553508239501));
#3770=CARTESIAN_POINT('',(0.00258926314633336,0.00628368273123332,0.00188927912595238));
#3771=CARTESIAN_POINT('',(0.00280353901594298,0.0062924290596569,0.00155197456577154));
#3772=CARTESIAN_POINT('',(0.00310603259911439,0.00631278124372099,0.000788046674840889));
#3773=CARTESIAN_POINT('',(0.00318600992365096,0.0063241603491903,0.000360927107716071));
#3774=CARTESIAN_POINT('',(0.00316867225903592,0.00634683966366395,-0.000490350614690815));
#3775=CARTESIAN_POINT('',(0.00307150985658965,0.00635807164401839,-0.000911947778556657));
#3776=CARTESIAN_POINT('',(0.00274195292015532,0.0063779359561536,-0.00165756319094149));
#3777=CARTESIAN_POINT('',(0.00251323123616186,0.0063869621435835,-0.00198977461851427));
#3778=CARTESIAN_POINT('',(0.00161001340809194,0.00641946633885126,-0.00286547410219686));
#3779=CARTESIAN_POINT('',(0.000737811362024005,0.00644355813236443,-0.00319263238114772));
#3780=CARTESIAN_POINT('',(-0.000858874871904435,0.00648080240725416,-0.00316221458527258));
#3781=CARTESIAN_POINT('',(-0.00172643231100206,0.00650570331867214,-0.00279553508659234));
#3782=CARTESIAN_POINT('',(-0.00258926314205667,0.00653768273105617,-0.00188927913184433));
#3783=CARTESIAN_POINT('',(-0.00280353901247089,0.00654642905949105,-0.00155197457199635));
#3784=CARTESIAN_POINT('',(-0.00310603259725219,0.00656678124352793,-0.000788046682087485));
#3785=CARTESIAN_POINT('',(-0.00318600992279854,0.00657816034898952,-0.000360927115252664));
#3786=CARTESIAN_POINT('',(-0.00316867226019407,0.0066008396634648,0.000490350607215664));
#3787=CARTESIAN_POINT('',(-0.00307150985873091,0.00661207164382857,0.000911947771431719));
#3788=CARTESIAN_POINT('',(-0.00274195292382558,0.00663193595599313,0.00165756318491799));
#3789=CARTESIAN_POINT('',(-0.00251323124070513,0.00664096214340191,0.00198977461275034));
#3790=CARTESIAN_POINT('',(-0.00161001341493295,0.00667346633864128,0.00286547409828244));
#3791=CARTESIAN_POINT('',(-0.000737811368640393,0.00669755813223366,0.00319263237950464));
#3792=CARTESIAN_POINT('',(0.000858874864443579,0.00673480240705655,0.00316221458718384));
#3793=CARTESIAN_POINT('',(0.00172643230434033,0.00675970331846253,0.00279553509078944));
#3794=CARTESIAN_POINT('',(0.00258926313778013,0.00679168273087901,0.00188927913773605));
#3795=CARTESIAN_POINT('',(0.00280353900912126,0.00680042905871795,0.00155197457869932));
#3796=CARTESIAN_POINT('',(0.00310603259603778,0.00682078124062278,0.000788046691226926));
#3797=CARTESIAN_POINT('',(0.00318600992265204,0.00683216034612886,0.000360927124476095));
#3798=CARTESIAN_POINT('',(0.00317734109217948,0.00684350000463764,-6.47117379823046E-5));
#3799=CARTESIAN_POINT('',(2.18609616004547E-16,0.00633685065308988,-0.00293014935541819));
#3800=CARTESIAN_POINT('',(-0.000751936098377237,0.00634939485653513,-0.00291760515197299));
#3801=CARTESIAN_POINT('',(-0.00221652639798735,0.00637952004350274,-0.00228996229305565));
#3802=CARTESIAN_POINT('',(-0.003155059669567,0.00642002642503933,-7.19773053404766E-5));
#3803=CARTESIAN_POINT('',(-0.00223933454385804,0.00646132933177589,0.00216687367639503));
#3804=CARTESIAN_POINT('',(-0.000752129154158441,0.00649286697559735,0.00277413301707094));
#3805=CARTESIAN_POINT('',(-5.8142540326646E-11,0.00650618398252638,0.00276081602598168));
#3806=CARTESIAN_POINT('',(1.09304808002273E-16,0.00633685065441488,-0.00293014935409315));
#3807=CARTESIAN_POINT('',(-6.24642250895187E-11,0.00650618397345932,0.00276081600980052));
#3808=CARTESIAN_POINT('',(-5.82914352088575E-11,0.00650618397410767,0.00276081600915217));
#3809=CARTESIAN_POINT('',(0.000727302218933556,0.00651906140502455,0.00274793859738019));
#3810=CARTESIAN_POINT('',(0.00214140897976424,0.00655056382319649,0.0021195106565426));
#3811=CARTESIAN_POINT('',(0.00270459479966728,0.00657665681174345,0.000672358905084599));
#3812=CARTESIAN_POINT('',(0.00267444537893834,0.00659200000735177,-5.44694525673579E-5));
#3813=CARTESIAN_POINT('',(-6.17834777246552E-11,0.00277855193917658,-0.00292555192472815));
#3814=CARTESIAN_POINT('',(-0.000791841950771465,0.00281824402369669,-0.00296524399654323));
#3815=CARTESIAN_POINT('',(-0.00237579034284457,0.00291262805551948,-0.00239174676098085));
#3816=CARTESIAN_POINT('',(-0.00311040374197254,0.00298580909158511,-0.000875294810125625));
#3817=CARTESIAN_POINT('',(-0.00317385265801322,0.00302800002037489,-8.53493010144723E-5));
#3818=CARTESIAN_POINT('',(-0.00317385262727162,0.00302799999723892,-8.53492944695906E-5));
#3819=CARTESIAN_POINT('',(-0.00317385262718448,0.0030280000049948,-8.5349297168182E-5));
#3820=CARTESIAN_POINT('',(-0.00319678112734209,0.00305073690606184,0.000767284325804278));
#3821=CARTESIAN_POINT('',(-0.00252668949882846,0.00308965173810765,0.00245667177217623));
#3822=CARTESIAN_POINT('',(-0.000853018182873971,0.00313757636658984,0.00317499998566902));
#3823=CARTESIAN_POINT('',(-5.42864181856539E-11,0.00315727598047331,0.003175000000254));
#3824=CARTESIAN_POINT('',(-5.27602765120799E-11,0.00315727597958781,0.003175000000254));
#3825=CARTESIAN_POINT('',(-5.42864181856539E-11,0.00315727598047331,0.003175000000254));
#3826=CARTESIAN_POINT('',(0.000838996678599799,0.00317665178402712,0.00317500001459924));
#3827=CARTESIAN_POINT('',(0.00248342058243838,0.00322284550840073,0.00248707741596444));
#3828=CARTESIAN_POINT('',(0.00352010048673661,0.00328420568583354,2.92984192175083E-6));
#3829=CARTESIAN_POINT('',(0.00248617317159599,0.0033456463239388,-0.00248599636654295));
#3830=CARTESIAN_POINT('',(0.000838998110463359,0.00339190014647073,-0.00317500000528237));
#3831=CARTESIAN_POINT('',(-1.90287292670618E-11,0.00341127598216645,-0.003175000000254));
#3832=CARTESIAN_POINT('',(-2.86594208846745E-11,0.0034112759803253,-0.003175000000254));
#3833=CARTESIAN_POINT('',(-1.90288143948005E-11,0.00341127598216646,-0.003175000000254));
#3834=CARTESIAN_POINT('',(-0.000838996744647933,0.00343065178544973,-0.00317499999522562));
#3835=CARTESIAN_POINT('',(-0.00248342062893017,0.00347684551014078,-0.00248707736400569));
#3836=CARTESIAN_POINT('',(-0.00352010047843413,0.00353820568684353,-2.92979933988186E-6));
#3837=CARTESIAN_POINT('',(-0.0024861731584682,0.00359964632427473,0.00248599637360459));
#3838=CARTESIAN_POINT('',(-0.000838998101341836,0.00364590014666417,0.00317500000577142));
#3839=CARTESIAN_POINT('',(2.08794285162723E-11,0.00366527598220919,0.003175000000254));
#3840=CARTESIAN_POINT('',(1.33976842788087E-11,0.00366527598093328,0.003175000000254));
#3841=CARTESIAN_POINT('',(2.08795099428051E-11,0.00366527598220919,0.003175000000254));
#3842=CARTESIAN_POINT('',(0.000838996746030795,0.00368465178550421,0.00317499999473657));
#3843=CARTESIAN_POINT('',(0.00248342061695921,0.00373084550979421,0.00248707737186274));
#3844=CARTESIAN_POINT('',(0.00352010048011174,0.00379220568658521,2.92981072129884E-6));
#3845=CARTESIAN_POINT('',(0.00248617316368694,0.00385364632399519,-0.00248599636476197));
#3846=CARTESIAN_POINT('',(0.000838998121727626,0.00389990014626105,-0.0031750000002614));
#3847=CARTESIAN_POINT('',(-2.80033247935701E-14,0.00391927598172765,-0.003175000000254));
#3848=CARTESIAN_POINT('',(-1.09074224974656E-13,0.0039192759812791,-0.003175000000254));
#3849=CARTESIAN_POINT('',(-2.80847513261446E-14,0.00391927598172765,-0.003175000000254));
#3850=CARTESIAN_POINT('',(-0.000838996724229444,0.00393865178492423,-0.00317500000024658));
#3851=CARTESIAN_POINT('',(-0.00248342059794725,0.0039848455092075,-0.00248707738975105));
#3852=CARTESIAN_POINT('',(-0.00352010047922875,0.00404620568586125,-2.92983997679832E-6));
#3853=CARTESIAN_POINT('',(-0.00248617318612432,0.00410764632325101,0.00248599634117038));
#3854=CARTESIAN_POINT('',(-0.000838998152874727,0.00415390014545822,0.00317499999177875));
#3855=CARTESIAN_POINT('',(-3.20726898057256E-11,0.00417327598098632,0.003175000000254));
#3856=CARTESIAN_POINT('',(-2.89533592784467E-11,0.00417327597944194,0.003175000000254));
#3857=CARTESIAN_POINT('',(-3.20726083817567E-11,0.00417327598098632,0.003175000000254));
#3858=CARTESIAN_POINT('',(0.000838996695651191,0.00419265178434265,0.00317500000872922));
#3859=CARTESIAN_POINT('',(0.00248342058675865,0.00423884550869364,0.00248707740608784));
#3860=CARTESIAN_POINT('',(0.00352010048197245,0.00430020568564404,2.9298493599963E-6));
#3861=CARTESIAN_POINT('',(0.00248617318630485,0.00436164632331292,-0.00248599634550968));
#3862=CARTESIAN_POINT('',(0.000838998143304931,0.00440790014572536,-0.00317499999523928));
#3863=CARTESIAN_POINT('',(1.89770825570107E-11,0.00442727598128875,-0.003175000000254));
#3864=CARTESIAN_POINT('',(1.89659758703744E-11,0.00442727598017976,-0.003175000000254));
#3865=CARTESIAN_POINT('',(1.89770011330419E-11,0.00442727598128875,-0.003175000000254));
#3866=CARTESIAN_POINT('',(-0.000838996713003372,0.00444665178469722,-0.00317500000526869));
#3867=CARTESIAN_POINT('',(-0.00248342060600124,0.00449284550927016,-0.0024870773913452));
#3868=CARTESIAN_POINT('',(-0.00352010048480653,0.00455420568659911,-2.92980993599455E-6));
#3869=CARTESIAN_POINT('',(-0.00248617315586813,0.00461564632455995,0.00248599638471464));
#3870=CARTESIAN_POINT('',(-0.000838998075950832,0.00466190014715329,0.00317500001416132));
#3871=CARTESIAN_POINT('',(5.26291363598562E-11,0.00468127598294242,0.003175000000254));
#3872=CARTESIAN_POINT('',(4.19725267388182E-11,0.00468127598159319,0.003175000000254));
#3873=CARTESIAN_POINT('',(5.26292251888012E-11,0.00468127598294242,0.003175000000254));
#3874=CARTESIAN_POINT('',(0.000838996775646246,0.00470065178624266,0.00317499998634668));
#3875=CARTESIAN_POINT('',(0.0024834206356272,0.00474684551045254,0.00248707735071002));
#3876=CARTESIAN_POINT('',(0.0035201004782344,0.00480820568710334,2.92978945388457E-6));
#3877=CARTESIAN_POINT('',(0.00248617315260531,0.00486964632432262,-0.00248599637322388));
#3878=CARTESIAN_POINT('',(0.000838998113302959,0.0049159001464467,-0.00317500000192387));
#3879=CARTESIAN_POINT('',(-6.31926151370928E-12,0.00493527598187294,-0.003175000000254));
#3880=CARTESIAN_POINT('',(-9.60470049663171E-12,0.00493527597959196,-0.003175000000254));
#3881=CARTESIAN_POINT('',(-6.31935034265396E-12,0.00493527598187294,-0.003175000000254));
#3882=CARTESIAN_POINT('',(-0.000838996731589097,0.00495465178509797,-0.00317499999858411));
#3883=CARTESIAN_POINT('',(-0.00248342060986713,0.0050008455095683,-0.00248707738016404));
#3884=CARTESIAN_POINT('',(-0.00352010047980741,0.00506220568628086,-2.92982268588651E-6));
#3885=CARTESIAN_POINT('',(-0.00248617317195326,0.00512364632372909,0.00248599635681877));
#3886=CARTESIAN_POINT('',(-0.00083899813172023,0.00516990014602507,0.00317499999765167));
#3887=CARTESIAN_POINT('',(-9.84794702512677E-12,0.00518927598149957,0.003175000000254));
#3888=CARTESIAN_POINT('',(-5.14099582508835E-12,0.00518927597999186,0.003175000000254));
#3889=CARTESIAN_POINT('',(-9.84785819897908E-12,0.00518927598149957,0.003175000000254));
#3890=CARTESIAN_POINT('',(0.000838996716419847,0.00520865178474395,0.00317500000285631));
#3891=CARTESIAN_POINT('',(0.00248342060187963,0.00525484550926884,0.00248707738979929));
#3892=CARTESIAN_POINT('',(0.00352010048050639,0.0053162056860382,2.92983256670736E-6));
#3893=CARTESIAN_POINT('',(0.0024861731771092,0.00537764632358582,-0.00248599635297316));
#3894=CARTESIAN_POINT('',(0.000838998135493778,0.00542390014592815,-0.00317499999691817));
#3895=CARTESIAN_POINT('',(1.26237035136219E-11,0.00544327598143547,-0.003175000000254));
#3896=CARTESIAN_POINT('',(1.26142856631636E-11,0.00544327598054642,-0.003175000000254));
#3897=CARTESIAN_POINT('',(1.26236146874742E-11,0.00544327598143547,-0.003175000000254));
#3898=CARTESIAN_POINT('',(-0.000838996721215253,0.00546265178486449,-0.0031750000035898));
#3899=CARTESIAN_POINT('',(-0.00248342061648848,0.00550884550959283,-0.00248707738320493));
#3900=CARTESIAN_POINT('',(-0.00352010048606956,0.00557020568705066,-2.92979065771518E-6));
#3901=CARTESIAN_POINT('',(-0.00248617314039875,0.00563164632520739,0.00248599640357227));
#3902=CARTESIAN_POINT('',(-0.00083899804605588,0.00567790014771603,0.00317500002255123));
#3903=CARTESIAN_POINT('',(8.43788664957486E-11,0.00569727598367565,0.003175000000254));
#3904=CARTESIAN_POINT('',(7.05473815787173E-11,0.0056972759822531,0.003175000000254));
#3905=CARTESIAN_POINT('',(8.43789553246938E-11,0.00569727598367565,0.003175000000254));
#3906=CARTESIAN_POINT('',(0.000838996805270821,0.00571665178708482,0.00317499997795678));
#3907=CARTESIAN_POINT('',(0.00248342065432791,0.00576284551105769,0.00248707732953639));
#3908=CARTESIAN_POINT('',(0.00352010047637647,0.00582420568765742,2.92976811209212E-6));
#3909=CARTESIAN_POINT('',(0.00248617314141367,0.00588564632457048,-0.0024859963817846));
#3910=CARTESIAN_POINT('',(0.000838998104823797,0.00593190014680492,-0.00317500000360492));
#3911=CARTESIAN_POINT('',(-1.26808204133065E-11,0.00595127598201985,-0.003175000000254));
#3912=CARTESIAN_POINT('',(-1.91354734224235E-11,0.00595127598023985,-0.003175000000254));
#3913=CARTESIAN_POINT('',(-1.26809092422512E-11,0.00595127598201985,-0.003175000000254));
#3914=CARTESIAN_POINT('',(-0.000925995333283177,0.00597266093197136,-0.00317499999655559));
#3915=CARTESIAN_POINT('',(-0.00273449173854983,0.00602400042640247,-0.00232470348808776));
#3916=CARTESIAN_POINT('',(-0.00328309807611063,0.00606763532694288,-0.000399024659192861));
#3917=CARTESIAN_POINT('',(-0.00313301128130463,0.00609200000731979,0.000514650670679435));
#3918=CARTESIAN_POINT('',(-0.00313301128041228,0.0060920000084192,0.000514650675092661));
#3919=CARTESIAN_POINT('',(-0.00313301128182293,0.00609200000764061,0.000514650671308459));
#3920=CARTESIAN_POINT('',(-0.00299970261343546,0.0061050352378855,0.00124576931673656));
#3921=CARTESIAN_POINT('',(-0.00221201398376297,0.00612742942217109,0.00258760597486128));
#3922=CARTESIAN_POINT('',(-0.000743149031586479,0.00615579702452247,0.003111202975052));
#3923=CARTESIAN_POINT('',(-9.56174180649861E-12,0.00616751731985278,0.00309948268079423));
#3924=CARTESIAN_POINT('',(-1.42705602623165E-11,0.00616751732124077,0.00309948268333674));
#3925=CARTESIAN_POINT('',(-9.52043595415087E-12,0.00616751732247376,0.00309948268603424));
#3926=CARTESIAN_POINT('',(0.000796675664302792,0.00618008179367818,0.00308691821727691));
#3927=CARTESIAN_POINT('',(0.00234895410999338,0.00621024454820048,0.0024225793491684));
#3928=CARTESIAN_POINT('',(0.00334275948618201,0.006250774005907,7.21409567638178E-5));
#3929=CARTESIAN_POINT('',(0.00237192493121539,0.00629205821126103,-0.00229941848003824));
#3930=CARTESIAN_POINT('',(0.000796871650864141,0.00632355681052329,-0.00294344319798464));
#3931=CARTESIAN_POINT('',(2.73262020005678E-16,0.00633685065308986,-0.00293014935541814));
#3932=CARTESIAN_POINT('',(0.,0.00633600726725406,0.));
#3933=CARTESIAN_POINT('',(-7.07796538023902E-11,0.00633455195054834,0.00293244803271116));
#3934=CARTESIAN_POINT('',(-5.45288692787843E-11,0.00627887374036815,0.00298812624868718));
#3935=CARTESIAN_POINT('',(-3.72758776995525E-11,0.00622319553018797,0.00304380446466321));
#3936=CARTESIAN_POINT('',(-1.90206790646948E-11,0.00616751732000779,0.00309948268063923));
#3937=CARTESIAN_POINT('',(0.,0.0060920000091978,0.));
#3938=CARTESIAN_POINT('',(0.,0.006591999998854,0.));
#3939=CARTESIAN_POINT('',(0.,0.00659200000366207,0.));
#3940=CARTESIAN_POINT('',(1.60280726760984E-18,0.00659200000125805,-0.00267500000724997));
#3941=CARTESIAN_POINT('',(3.8608005820675E-18,0.006591999998854,-0.002675000009654));
#3942=CARTESIAN_POINT('',(0.,0.00277705527925397,0.));
#3943=CARTESIAN_POINT('',(0.,0.00302799999074817,0.));
#3944=CARTESIAN_POINT('',(0.,0.003097049813254,0.));
#3945=CARTESIAN_POINT('',(2.49658418627582E-11,0.003097049813254,0.003175000000254));
#3946=CARTESIAN_POINT('',(0.,0.003288275973854,0.));
#3947=CARTESIAN_POINT('',(-3.8290030194515E-11,0.003288275973854,-0.003175000000254));
#3948=CARTESIAN_POINT('',(0.,0.003542275973854,0.));
#3949=CARTESIAN_POINT('',(-5.12340854890925E-11,0.003542275973854,0.003175000000254));
#3950=CARTESIAN_POINT('',(0.,0.003796275973854,0.));
#3951=CARTESIAN_POINT('',(-1.90060878656686E-13,0.003796275973854,-0.003175000000254));
#3952=CARTESIAN_POINT('',(0.,0.004050275973854,0.));
#3953=CARTESIAN_POINT('',(5.03658101267978E-11,0.004050275973854,0.003175000000254));
#3954=CARTESIAN_POINT('',(0.,0.004304275973854,0.));
#3955=CARTESIAN_POINT('',(1.89549506077069E-11,0.004304275973854,-0.003175000000254));
#3956=CARTESIAN_POINT('',(0.,0.004558275973854,0.));
#3957=CARTESIAN_POINT('',(-2.58341073551702E-11,0.004558275973854,0.003175000000254));
#3958=CARTESIAN_POINT('',(0.,0.004812275973854,0.));
#3959=CARTESIAN_POINT('',(-1.28900506506095E-11,0.004812275973854,-0.003175000000254));
#3960=CARTESIAN_POINT('',(0.,0.005066275973854,0.));
#3961=CARTESIAN_POINT('',(7.57657882607202E-11,0.005066275973854,0.003175000000254));
#3962=CARTESIAN_POINT('',(0.,0.005320275973854,0.));
#3963=CARTESIAN_POINT('',(1.2604956638853E-11,0.005320275973854,-0.003175000000254));
#3964=CARTESIAN_POINT('',(0.,0.005574275973854,0.));
#3965=CARTESIAN_POINT('',(-4.34140501113828E-13,0.005574275973854,0.003175000000254));
#3966=CARTESIAN_POINT('',(0.,0.005828275973854,0.));
#3967=CARTESIAN_POINT('',(-2.55900404225622E-11,0.005828275973854,-0.003175000000254));
#3968=CARTESIAN_POINT('',(0.,0.006021215821654,0.));
#3969=CARTESIAN_POINT('',(-0.0040125800114,-0.001648,0.0040125800114));
#3970=CARTESIAN_POINT('',(-0.0040125800114,-0.001648,0.0003999999874));
#3971=CARTESIAN_POINT('',(0.0019999999878,-0.001648,0.0003999999874));
#3972=CARTESIAN_POINT('',(0.003049999996,-0.001648,0.0003999999874));
#3973=CARTESIAN_POINT('',(0.0019999999878,-0.001648,0.0040125800114));
#3974=CARTESIAN_POINT('',(0.0019999999878,-0.001648,0.000381177115227231));
#3975=CARTESIAN_POINT('',(0.,-0.001648,0.));
#3976=CARTESIAN_POINT('',(-8.35180253571338E-13,-0.001648,0.002035999992254));
#3977=CARTESIAN_POINT('',(0.,-0.001648,0.));
#3978=CARTESIAN_POINT('',(-0.0019999999878,-0.001648,0.000381177117356462));
#3979=CARTESIAN_POINT('',(-0.0019999999878,-0.001648,0.0040125800114));
#3980=CARTESIAN_POINT('',(-0.0019999999878,-0.001648,0.0003999999874));
#3981=CARTESIAN_POINT('',(-0.0040125800114,-0.001648,0.0003999999874));
#3982=CARTESIAN_POINT('',(-0.003049999996,-0.001648,0.0003999999874));
#3983=CARTESIAN_POINT('',(-0.003049999996,-0.001648,0.0040125800114));
#3984=CARTESIAN_POINT('',(-0.003049999996,-0.001648,-0.0006499999954));
#3985=CARTESIAN_POINT('',(-0.0040125800114,-0.001648,-0.0006499999954));
#3986=CARTESIAN_POINT('',(-0.0019999999878,-0.001648,-0.0006499999954));
#3987=CARTESIAN_POINT('',(-0.0019999999878,-0.001648,0.0040125800114));
#3988=CARTESIAN_POINT('',(-0.0019999999878,-0.001648,-0.000381177122548294));
#3989=CARTESIAN_POINT('',(0.,-0.001648,0.));
#3990=CARTESIAN_POINT('',(-4.98676174715579E-19,-0.001648,-0.002035999992254));
#3991=CARTESIAN_POINT('',(0.,-0.001648,0.));
#3992=CARTESIAN_POINT('',(0.0019999999878,-0.001648,-0.000381177117493197));
#3993=CARTESIAN_POINT('',(0.0019999999878,-0.001648,0.0040125800114));
#3994=CARTESIAN_POINT('',(0.0019999999878,-0.001648,-0.0006499999954));
#3995=CARTESIAN_POINT('',(-0.0040125800114,-0.001648,-0.0006499999954));
#3996=CARTESIAN_POINT('',(0.003049999996,-0.001648,-0.0006499999954));
#3997=CARTESIAN_POINT('',(0.003049999996,-0.001648,0.0040125800114));
#3998=CARTESIAN_POINT('',(-0.0040125800114,-0.001648,-0.002349999999));
#3999=CARTESIAN_POINT('',(0.0019999999878,-0.001648,-0.002349999999));
#4000=CARTESIAN_POINT('',(0.003049999996,-0.001648,-0.002349999999));
#4001=CARTESIAN_POINT('',(0.0019999999878,-0.001648,0.0040125800114));
#4002=CARTESIAN_POINT('',(-0.0019999999878,-0.001648,0.0040125800114));
#4003=CARTESIAN_POINT('',(-0.0019999999878,-0.001648,-0.002349999999));
#4004=CARTESIAN_POINT('',(-0.0040125800114,-0.001648,-0.002349999999));
#4005=CARTESIAN_POINT('',(-0.003049999996,-0.001648,-0.002349999999));
#4006=CARTESIAN_POINT('',(-0.003049999996,-0.001648,0.0040125800114));
#4007=CARTESIAN_POINT('',(0.003049999996,-0.001648,0.0040125800114));
#4008=CARTESIAN_POINT('',(-0.0019999999878,-0.0038999999978,-0.0034236274682));
#4009=CARTESIAN_POINT('',(-0.0019999999878,-0.0055479999978,-0.0034236274682));
#4010=CARTESIAN_POINT('',(-0.0019999999878,-0.0055479999978,-0.002349999999));
#4011=CARTESIAN_POINT('',(-0.0019999999878,-0.0038999999978,-0.002349999999));
#4012=CARTESIAN_POINT('',(-0.003049999996,-0.0055479999978,-0.002349999999));
#4013=CARTESIAN_POINT('',(-0.0019999999878,-0.0055479999978,-0.002349999999));
#4014=CARTESIAN_POINT('',(-0.003049999996,-0.0055479999978,-0.002349999999));
#4015=CARTESIAN_POINT('',(-0.003049999996,-0.0055479999978,-0.002349999999));
#4016=CARTESIAN_POINT('',(-0.003049999996,-0.0038999999978,-0.002349999999));
#4017=CARTESIAN_POINT('',(-0.003049999996,-0.0038999999978,-0.002349999999));
#4018=CARTESIAN_POINT('',(0.003049999996,-0.0038999999978,-0.0025335202822));
#4019=CARTESIAN_POINT('',(0.003049999996,-0.0055479999978,-0.0025335202822));
#4020=CARTESIAN_POINT('',(0.003049999996,-0.0055479999978,-0.002349999999));
#4021=CARTESIAN_POINT('',(0.003049999996,-0.0038999999978,-0.002349999999));
#4022=CARTESIAN_POINT('',(0.0019999999878,-0.0055479999978,-0.002349999999));
#4023=CARTESIAN_POINT('',(0.003049999996,-0.0055479999978,-0.002349999999));
#4024=CARTESIAN_POINT('',(0.0019999999878,-0.0055479999978,-0.002349999999));
#4025=CARTESIAN_POINT('',(0.0019999999878,-0.0055479999978,-0.002349999999));
#4026=CARTESIAN_POINT('',(0.0019999999878,-0.0038999999978,-0.002349999999));
#4027=CARTESIAN_POINT('',(0.0019999999878,-0.0038999999978,-0.002349999999));
#4028=CARTESIAN_POINT('',(0.,0.006591999998854,0.));
#4029=CARTESIAN_POINT('',(-6.66370211004229E-11,0.00650618397281096,0.00276081601044887));
#4030=CARTESIAN_POINT('',(-4.95704523133917E-11,0.00653478931482536,0.00273221067685065));
#4031=CARTESIAN_POINT('',(-3.30129120118521E-11,0.00656339465683975,0.00270360534325243));
#4032=CARTESIAN_POINT('',(-1.69644001958039E-11,0.00659199999885414,0.0026750000096542));
#4033=CARTESIAN_POINT('',(-1.69643990078648E-11,0.00659199999885407,0.00267500000965413));
#4034=CARTESIAN_POINT('',(0.,0.00659199999885414,0.));
#4035=CARTESIAN_POINT('',(0.,0.006591999998854,0.));
#4036=CARTESIAN_POINT('',(0.,0.00659199999885404,0.));
#4037=CARTESIAN_POINT('',(0.,0.007099999998854,0.));
#4038=CARTESIAN_POINT('',(0.,0.0076079999986,0.));
#4039=CARTESIAN_POINT('',(-1.09730097063988E-12,0.0076079999986,0.002675000009654));
#4040=CARTESIAN_POINT('',(-6.55186039908382E-19,0.0076079999986,-0.002675000009654));
#4041=CARTESIAN_POINT('',(0.,0.0076079999986,0.));
#4042=CARTESIAN_POINT('',(0.003049999996,-0.0038999999978,-0.0006499999954));
#4043=CARTESIAN_POINT('',(0.003049999996,-0.0038999999978,0.0003999999874));
#4044=CARTESIAN_POINT('',(0.003049999996,-0.0055479999978,0.0003999999874));
#4045=CARTESIAN_POINT('',(0.003049999996,-0.0038999999978,-0.0006499999954));
#4046=CARTESIAN_POINT('',(0.003049999996,-0.0055479999978,-0.0006499999954));
#4047=CARTESIAN_POINT('',(0.003049999996,-0.0055479999978,-0.0006499999954));
#4048=CARTESIAN_POINT('',(0.003049999996,-0.0038999999978,0.0003999999874));
#4049=CARTESIAN_POINT('',(0.0019999999878,-0.0038999999978,0.0003999999874));
#4050=CARTESIAN_POINT('',(0.0019999999878,-0.0055479999978,0.0003999999874));
#4051=CARTESIAN_POINT('',(0.003049999996,-0.0055479999978,0.0003999999874));
#4052=CARTESIAN_POINT('',(0.,-0.0019400000316,0.));
#4053=CARTESIAN_POINT('',(0.,-0.0016280000654,0.));
#4054=CARTESIAN_POINT('',(-8.35181157736966E-13,-0.0016280000654,0.002035999992254));
#4055=CARTESIAN_POINT('',(0.,-0.0016280000654,-0.002035999992254));
#4056=CARTESIAN_POINT('',(0.,-0.0016280000654,0.));
#4057=CARTESIAN_POINT('',(0.0019999999878,-0.0038999999978,0.000381177115227231));
#4058=CARTESIAN_POINT('',(0.0019999999878,-0.0055479999978,0.000381177115227231));
#4059=CARTESIAN_POINT('',(0.,-0.0055479999978,0.));
#4060=CARTESIAN_POINT('',(0.0019999999878,-0.0055479999978,-0.000381177117493197));
#4061=CARTESIAN_POINT('',(0.0019999999878,-0.0038999999978,-0.000381177117493197));
#4062=CARTESIAN_POINT('',(-0.0019999999878,-0.0038999999978,-0.000381177122548294));
#4063=CARTESIAN_POINT('',(-0.0019999999878,-0.0055479999978,-0.000381177122548294));
#4064=CARTESIAN_POINT('',(0.,-0.0055479999978,0.));
#4065=CARTESIAN_POINT('',(-0.0019999999878,-0.0055479999978,0.000381177117356462));
#4066=CARTESIAN_POINT('',(-0.0019999999878,-0.0038999999978,0.000381177117356462));
#4067=CARTESIAN_POINT('',(-0.0019999999878,-0.0038999999978,0.0003999999874));
#4068=CARTESIAN_POINT('',(-0.003049999996,-0.0038999999978,0.0003999999874));
#4069=CARTESIAN_POINT('',(-0.003049999996,-0.0055479999978,0.0003999999874));
#4070=CARTESIAN_POINT('',(-0.0019999999878,-0.0038999999978,0.0003999999874));
#4071=CARTESIAN_POINT('',(-0.0019999999878,-0.0055479999978,0.0003999999874));
#4072=CARTESIAN_POINT('',(-0.0019999999878,-0.0055479999978,0.0003999999874));
#4073=CARTESIAN_POINT('',(-0.003049999996,-0.0038999999978,0.0003999999874));
#4074=CARTESIAN_POINT('',(-0.003049999996,-0.0038999999978,-0.0006499999954));
#4075=CARTESIAN_POINT('',(-0.003049999996,-0.0055479999978,-0.0006499999954));
#4076=CARTESIAN_POINT('',(-0.003049999996,-0.0055479999978,0.0003999999874));
#4077=CARTESIAN_POINT('',(-0.003049999996,-0.0038999999978,-0.0006499999954));
#4078=CARTESIAN_POINT('',(-0.0019999999878,-0.0038999999978,-0.0006499999954));
#4079=CARTESIAN_POINT('',(-0.0019999999878,-0.0055479999978,-0.0006499999954));
#4080=CARTESIAN_POINT('',(-0.003049999996,-0.0055479999978,-0.0006499999954));
#4081=CARTESIAN_POINT('',(-0.0019999999878,-0.0038999999978,-0.0006499999954));
#4082=CARTESIAN_POINT('',(-0.0019999999878,-0.0055479999978,-0.0006499999954));
#4083=CARTESIAN_POINT('',(0.0019999999878,-0.0038999999978,-0.0003811771142));
#4084=CARTESIAN_POINT('',(0.0019999999878,-0.0055479999978,-0.0003811771142));
#4085=CARTESIAN_POINT('',(0.0019999999878,-0.0055479999978,-0.0006499999954));
#4086=CARTESIAN_POINT('',(0.0019999999878,-0.0038999999978,-0.0006499999954));
#4087=CARTESIAN_POINT('',(0.0019999999878,-0.0038999999978,-0.0006499999954));
#4088=CARTESIAN_POINT('',(0.0019999999878,-0.0055479999978,-0.0006499999954));
#4089=CARTESIAN_POINT('',(0.003049999996,-0.0038999999978,-0.002349999999));
#4090=CARTESIAN_POINT('',(-0.0019999999878,-0.0038999999978,-0.002349999999));
#4091=CARTESIAN_POINT('',(-0.002707099996,0.0076079999986,-0.002707099996));
#4092=CARTESIAN_POINT('',(0.,0.0076079999986,0.));
#4093=CARTESIAN_POINT('',(0.,0.0076079999986,-0.002286000000254));
#4094=CARTESIAN_POINT('',(-9.37732875276286E-13,0.0076079999986,0.002286000000254));
#4095=CARTESIAN_POINT('',(0.,0.0076079999986,0.));
#4096=CARTESIAN_POINT('',(0.0019999999878,-0.0055479999978,0.0003999999874));
#4097=CARTESIAN_POINT('',(0.0019999999878,-0.0055479999978,0.0003999999874));
#4098=CARTESIAN_POINT('',(0.0019999999878,-0.0038999999978,0.0003999999874));
#4099=CARTESIAN_POINT('',(-0.002060431998,-0.0016280000654,0.002060431998));
#4100=CARTESIAN_POINT('',(0.,-0.0016280000654,0.));
#4101=CARTESIAN_POINT('',(-2.66633877971202E-13,-0.0016280000654,-0.000649999995654));
#4102=CARTESIAN_POINT('',(-1.59204082824693E-19,-0.0016280000654,0.000649999995654));
#4103=CARTESIAN_POINT('',(0.,-0.0016280000654,0.));
#4104=CARTESIAN_POINT('',(-0.003049999996,-0.0055479999978,0.0003999999874));
#4105=CARTESIAN_POINT('',(-0.0019999999878,-0.0055479999978,0.0003811771142));
#4106=CARTESIAN_POINT('',(-0.0019999999878,-0.0038999999978,0.0003811771142));
#4107=CARTESIAN_POINT('',(0.,0.006667999973854,0.));
#4108=CARTESIAN_POINT('',(0.,0.0057279999486,0.));
#4109=CARTESIAN_POINT('',(-9.37731860088353E-13,0.0057279999486,0.002286000000254));
#4110=CARTESIAN_POINT('',(0.,0.0057279999486,-0.002286000000254));
#4111=CARTESIAN_POINT('',(0.,0.0057279999486,0.));
#4112=CARTESIAN_POINT('',(0.,-0.0018800000627,0.));
#4113=CARTESIAN_POINT('',(0.,-0.0055280000632,0.));
#4114=CARTESIAN_POINT('',(0.,-0.0055280000632,-0.000649999995654));
#4115=CARTESIAN_POINT('',(-0.002313432,0.0057279999486,-0.002313432));
#4116=CARTESIAN_POINT('',(0.,0.0057279999486,0.00063499999968504));
#4117=CARTESIAN_POINT('',(0.000168045003391107,0.0057279999486,0.00063499999968504));
#4118=CARTESIAN_POINT('',(0.000496476912820934,0.0057279999486,0.000497593379520634));
#4119=CARTESIAN_POINT('',(0.000704340127889856,0.0057279999486,0.));
#4120=CARTESIAN_POINT('',(0.000496162573729884,0.0057279999486,-0.000497593379520634));
#4121=CARTESIAN_POINT('',(0.00016877846127022,0.0057279999486,-0.00063499999968504));
#4122=CARTESIAN_POINT('',(0.,0.0057279999486,-0.00063499999968504));
#4123=CARTESIAN_POINT('',(0.,0.0057279999486,-0.00063499999968504));
#4124=CARTESIAN_POINT('',(0.,0.0057279999486,0.00063499999968504));
#4125=CARTESIAN_POINT('',(0.,0.0057279999486,-0.00063499999968504));
#4126=CARTESIAN_POINT('',(-0.000168045003391173,0.0057279999486,-0.00063499999968504));
#4127=CARTESIAN_POINT('',(-0.000496476912820896,0.0057279999486,-0.000497593379520634));
#4128=CARTESIAN_POINT('',(-0.000704340127889884,0.0057279999486,0.));
#4129=CARTESIAN_POINT('',(-0.000496162573729807,0.0057279999486,0.000497593379520635));
#4130=CARTESIAN_POINT('',(-0.00016877846127038,0.0057279999486,0.00063499999968504));
#4131=CARTESIAN_POINT('',(0.,0.0057279999486,0.00063499999968504));
#4132=CARTESIAN_POINT('',(-0.0005566000044,-0.0055280000632,0.0005566000044));
#4133=CARTESIAN_POINT('',(0.,0.,0.));
#4134=CARTESIAN_POINT('',(0.,0.004711999948854,0.));
#4135=CARTESIAN_POINT('',(0.,0.004711999948854,0.000635000000254));
#4136=CARTESIAN_POINT('',(0.,0.003695999948854,0.000635000000254));
#4137=CARTESIAN_POINT('',(0.,0.005727999948854,0.000635000000254));
#4138=CARTESIAN_POINT('',(0.,0.003695999948854,0.));
#4139=CARTESIAN_POINT('',(-2.60480790325366E-13,0.003695999948854,-0.000635000000254));
#4140=CARTESIAN_POINT('',(-2.60480790325366E-13,0.004711999948854,-0.000635000000254));
#4141=CARTESIAN_POINT('',(-2.60480790325366E-13,0.005727999948854,-0.000635000000254));
#4142=CARTESIAN_POINT('',(0.,0.005727999948854,0.));
#4143=CARTESIAN_POINT('',(0.,0.,0.));
#4144=CARTESIAN_POINT('',(0.,0.004711999948854,0.));
#4145=CARTESIAN_POINT('',(0.,0.0036959999486,0.));
#4146=CARTESIAN_POINT('',(-2.0838485787845E-13,0.0036959999486,0.000508000000254));
#4147=CARTESIAN_POINT('',(0.,0.0036959999486,-0.000508000000254));
#4148=CARTESIAN_POINT('',(0.,0.0036959999486,0.));
#4149=CARTESIAN_POINT('',(0.,0.0057279999486,0.));
#4150=CARTESIAN_POINT('',(-2.08384406683813E-13,0.0057279999486,0.000508000000254));
#4151=CARTESIAN_POINT('',(0.,0.0057279999486,-0.000508000000254));
#4152=CARTESIAN_POINT('',(0.,0.0057279999486,0.));
#4153=CARTESIAN_POINT('',(-0.00064262,0.0036959999486,-0.00064262));
#4154=CARTESIAN_POINT('',(0.,0.0036959999486,0.00063499999968504));
#4155=CARTESIAN_POINT('',(0.000168045003731845,0.0036959999486,0.00063499999968504));
#4156=CARTESIAN_POINT('',(0.000496476915588861,0.0036959999486,0.00049759338216456));
#4157=CARTESIAN_POINT('',(0.000704340126944737,0.0036959999486,0.));
#4158=CARTESIAN_POINT('',(0.000496162574742431,0.0036959999486,-0.00049759338216456));
#4159=CARTESIAN_POINT('',(0.000168778465706849,0.0036959999486,-0.00063499999968504));
#4160=CARTESIAN_POINT('',(0.,0.0036959999486,-0.00063499999968504));
#4161=CARTESIAN_POINT('',(0.,0.0036959999486,0.00063499999968504));
#4162=CARTESIAN_POINT('',(0.,0.0036959999486,-0.00063499999968504));
#4163=CARTESIAN_POINT('',(0.,0.0036959999486,-0.00063499999968504));
#4164=CARTESIAN_POINT('',(-0.000168045003731917,0.0036959999486,-0.00063499999968504));
#4165=CARTESIAN_POINT('',(-0.000496476915588825,0.0036959999486,-0.00049759338216456));
#4166=CARTESIAN_POINT('',(-0.000704340126944758,0.0036959999486,0.));
#4167=CARTESIAN_POINT('',(-0.000496162574742384,0.0036959999486,0.00049759338216456));
#4168=CARTESIAN_POINT('',(-0.000168778465706945,0.0036959999486,0.00063499999968504));
#4169=CARTESIAN_POINT('',(0.,0.0036959999486,0.00063499999968504));
#4170=CARTESIAN_POINT('',(-0.00064262,0.0057279999486,-0.00064262));
#4171=CARTESIAN_POINT('',(0.,0.0057279999486,0.00063499999968504));
#4172=CARTESIAN_POINT('',(-0.000168045003731956,0.0057279999486,0.00063499999968504));
#4173=CARTESIAN_POINT('',(-0.00049647691558881,0.0057279999486,0.00049759338216456));
#4174=CARTESIAN_POINT('',(-0.00070434012694475,0.0057279999486,0.));
#4175=CARTESIAN_POINT('',(-0.000496162574742432,0.0057279999486,-0.00049759338216456));
#4176=CARTESIAN_POINT('',(-0.000168778465706839,0.0057279999486,-0.00063499999968504));
#4177=CARTESIAN_POINT('',(0.,0.0057279999486,-0.00063499999968504));
#4178=CARTESIAN_POINT('',(0.,0.0057279999486,-0.00063499999968504));
#4179=CARTESIAN_POINT('',(0.,0.0057279999486,0.00063499999968504));
#4180=CARTESIAN_POINT('',(0.,0.0057279999486,-0.00063499999968504));
#4181=CARTESIAN_POINT('',(0.000168045003731909,0.0057279999486,-0.00063499999968504));
#4182=CARTESIAN_POINT('',(0.000496476915588827,0.0057279999486,-0.00049759338216456));
#4183=CARTESIAN_POINT('',(0.000704340126944759,0.0057279999486,0.));
#4184=CARTESIAN_POINT('',(0.000496162574742374,0.0057279999486,0.00049759338216456));
#4185=CARTESIAN_POINT('',(0.000168778465706967,0.0057279999486,0.00063499999968504));
#4186=CARTESIAN_POINT('',(0.,0.0057279999486,0.00063499999968504));
#4187=MECHANICAL_DESIGN_GEOMETRIC_PRESENTATION_REPRESENTATION('',(#1163),
#4193);
#4188=MECHANICAL_DESIGN_GEOMETRIC_PRESENTATION_REPRESENTATION('',(#1164),
#4194);
#4189=MECHANICAL_DESIGN_GEOMETRIC_PRESENTATION_REPRESENTATION('',(#1165),
#4195);
#4190=MECHANICAL_DESIGN_GEOMETRIC_PRESENTATION_REPRESENTATION('',(#1166,
#11,#12,#13,#14,#15,#16,#17,#18,#19,#20,#21,#22,#23,#24,#25),#4196);
#4191=MECHANICAL_DESIGN_GEOMETRIC_PRESENTATION_REPRESENTATION('',(#1167),
#4197);
#4192=MECHANICAL_DESIGN_GEOMETRIC_PRESENTATION_REPRESENTATION('',(#1168),
#4198);
#4193=(
GEOMETRIC_REPRESENTATION_CONTEXT(3)
GLOBAL_UNCERTAINTY_ASSIGNED_CONTEXT((#4199))
GLOBAL_UNIT_ASSIGNED_CONTEXT((#4217,#4211,#4205))
REPRESENTATION_CONTEXT('Surface 4__Surface 4','TOP_LEVEL_ASSEMBLY_PART')
);
#4194=(
GEOMETRIC_REPRESENTATION_CONTEXT(3)
GLOBAL_UNCERTAINTY_ASSIGNED_CONTEXT((#4200))
GLOBAL_UNIT_ASSIGNED_CONTEXT((#4218,#4212,#4206))
REPRESENTATION_CONTEXT('Surface 6__Surface 6','TOP_LEVEL_ASSEMBLY_PART')
);
#4195=(
GEOMETRIC_REPRESENTATION_CONTEXT(3)
GLOBAL_UNCERTAINTY_ASSIGNED_CONTEXT((#4201))
GLOBAL_UNIT_ASSIGNED_CONTEXT((#4219,#4213,#4207))
REPRESENTATION_CONTEXT('Surface 2__Surface 2','TOP_LEVEL_ASSEMBLY_PART')
);
#4196=(
GEOMETRIC_REPRESENTATION_CONTEXT(3)
GLOBAL_UNCERTAINTY_ASSIGNED_CONTEXT((#4202))
GLOBAL_UNIT_ASSIGNED_CONTEXT((#4220,#4214,#4208))
REPRESENTATION_CONTEXT('Surface 3__Surface 3','TOP_LEVEL_ASSEMBLY_PART')
);
#4197=(
GEOMETRIC_REPRESENTATION_CONTEXT(3)
GLOBAL_UNCERTAINTY_ASSIGNED_CONTEXT((#4203))
GLOBAL_UNIT_ASSIGNED_CONTEXT((#4221,#4215,#4209))
REPRESENTATION_CONTEXT('Surface 5__Surface 5','TOP_LEVEL_ASSEMBLY_PART')
);
#4198=(
GEOMETRIC_REPRESENTATION_CONTEXT(3)
GLOBAL_UNCERTAINTY_ASSIGNED_CONTEXT((#4204))
GLOBAL_UNIT_ASSIGNED_CONTEXT((#4222,#4216,#4210))
REPRESENTATION_CONTEXT('Surface 1__Surface 1','TOP_LEVEL_ASSEMBLY_PART')
);
#4199=UNCERTAINTY_MEASURE_WITH_UNIT(LENGTH_MEASURE(1.E-8),#4217,
'DISTANCE_ACCURACY_VALUE','Maximum Tolerance applied to model');
#4200=UNCERTAINTY_MEASURE_WITH_UNIT(LENGTH_MEASURE(1.E-8),#4218,
'DISTANCE_ACCURACY_VALUE','Maximum Tolerance applied to model');
#4201=UNCERTAINTY_MEASURE_WITH_UNIT(LENGTH_MEASURE(1.E-8),#4219,
'DISTANCE_ACCURACY_VALUE','Maximum Tolerance applied to model');
#4202=UNCERTAINTY_MEASURE_WITH_UNIT(LENGTH_MEASURE(2.E-5),#4220,
'DISTANCE_ACCURACY_VALUE','Maximum Tolerance applied to model');
#4203=UNCERTAINTY_MEASURE_WITH_UNIT(LENGTH_MEASURE(1.E-8),#4221,
'DISTANCE_ACCURACY_VALUE','Maximum Tolerance applied to model');
#4204=UNCERTAINTY_MEASURE_WITH_UNIT(LENGTH_MEASURE(1.E-8),#4222,
'DISTANCE_ACCURACY_VALUE','Maximum Tolerance applied to model');
#4205=(
NAMED_UNIT(*)
SI_UNIT($,.STERADIAN.)
SOLID_ANGLE_UNIT()
);
#4206=(
NAMED_UNIT(*)
SI_UNIT($,.STERADIAN.)
SOLID_ANGLE_UNIT()
);
#4207=(
NAMED_UNIT(*)
SI_UNIT($,.STERADIAN.)
SOLID_ANGLE_UNIT()
);
#4208=(
NAMED_UNIT(*)
SI_UNIT($,.STERADIAN.)
SOLID_ANGLE_UNIT()
);
#4209=(
NAMED_UNIT(*)
SI_UNIT($,.STERADIAN.)
SOLID_ANGLE_UNIT()
);
#4210=(
NAMED_UNIT(*)
SI_UNIT($,.STERADIAN.)
SOLID_ANGLE_UNIT()
);
#4211=(
NAMED_UNIT(*)
PLANE_ANGLE_UNIT()
SI_UNIT($,.RADIAN.)
);
#4212=(
NAMED_UNIT(*)
PLANE_ANGLE_UNIT()
SI_UNIT($,.RADIAN.)
);
#4213=(
NAMED_UNIT(*)
PLANE_ANGLE_UNIT()
SI_UNIT($,.RADIAN.)
);
#4214=(
NAMED_UNIT(*)
PLANE_ANGLE_UNIT()
SI_UNIT($,.RADIAN.)
);
#4215=(
NAMED_UNIT(*)
PLANE_ANGLE_UNIT()
SI_UNIT($,.RADIAN.)
);
#4216=(
NAMED_UNIT(*)
PLANE_ANGLE_UNIT()
SI_UNIT($,.RADIAN.)
);
#4217=(
LENGTH_UNIT()
NAMED_UNIT(*)
SI_UNIT($,.METRE.)
);
#4218=(
LENGTH_UNIT()
NAMED_UNIT(*)
SI_UNIT($,.METRE.)
);
#4219=(
LENGTH_UNIT()
NAMED_UNIT(*)
SI_UNIT($,.METRE.)
);
#4220=(
LENGTH_UNIT()
NAMED_UNIT(*)
SI_UNIT($,.METRE.)
);
#4221=(
LENGTH_UNIT()
NAMED_UNIT(*)
SI_UNIT($,.METRE.)
);
#4222=(
LENGTH_UNIT()
NAMED_UNIT(*)
SI_UNIT($,.METRE.)
);
#4223=PRODUCT_DEFINITION_SHAPE('','',#4229);
#4224=PRODUCT_DEFINITION_SHAPE('','',#4230);
#4225=PRODUCT_DEFINITION_SHAPE('','',#4231);
#4226=PRODUCT_DEFINITION_SHAPE('','',#4232);
#4227=PRODUCT_DEFINITION_SHAPE('','',#4233);
#4228=PRODUCT_DEFINITION_SHAPE('','',#4234);
#4229=PRODUCT_DEFINITION('','',#4241,#4235);
#4230=PRODUCT_DEFINITION('','',#4242,#4236);
#4231=PRODUCT_DEFINITION('','',#4243,#4237);
#4232=PRODUCT_DEFINITION('','',#4244,#4238);
#4233=PRODUCT_DEFINITION('','',#4245,#4239);
#4234=PRODUCT_DEFINITION('','',#4246,#4240);
#4235=PRODUCT_DEFINITION_CONTEXT('',#4277,'design');
#4236=PRODUCT_DEFINITION_CONTEXT('',#4278,'design');
#4237=PRODUCT_DEFINITION_CONTEXT('',#4279,'design');
#4238=PRODUCT_DEFINITION_CONTEXT('',#4280,'design');
#4239=PRODUCT_DEFINITION_CONTEXT('',#4281,'design');
#4240=PRODUCT_DEFINITION_CONTEXT('',#4282,'design');
#4241=PRODUCT_DEFINITION_FORMATION_WITH_SPECIFIED_SOURCE('','',#4253,
 .NOT_KNOWN.);
#4242=PRODUCT_DEFINITION_FORMATION_WITH_SPECIFIED_SOURCE('','',#4254,
 .NOT_KNOWN.);
#4243=PRODUCT_DEFINITION_FORMATION_WITH_SPECIFIED_SOURCE('','',#4255,
 .NOT_KNOWN.);
#4244=PRODUCT_DEFINITION_FORMATION_WITH_SPECIFIED_SOURCE('','',#4256,
 .NOT_KNOWN.);
#4245=PRODUCT_DEFINITION_FORMATION_WITH_SPECIFIED_SOURCE('','',#4257,
 .NOT_KNOWN.);
#4246=PRODUCT_DEFINITION_FORMATION_WITH_SPECIFIED_SOURCE('','',#4258,
 .NOT_KNOWN.);
#4247=PRODUCT_RELATED_PRODUCT_CATEGORY('','',(#4253));
#4248=PRODUCT_RELATED_PRODUCT_CATEGORY('','',(#4254));
#4249=PRODUCT_RELATED_PRODUCT_CATEGORY('','',(#4255));
#4250=PRODUCT_RELATED_PRODUCT_CATEGORY('','',(#4256));
#4251=PRODUCT_RELATED_PRODUCT_CATEGORY('','',(#4257));
#4252=PRODUCT_RELATED_PRODUCT_CATEGORY('','',(#4258));
#4253=PRODUCT('Surface 4__Surface 4','Surface 4__Surface 4',
'Surface 4__Surface 4',(#4265));
#4254=PRODUCT('Surface 6__Surface 6','Surface 6__Surface 6',
'Surface 6__Surface 6',(#4266));
#4255=PRODUCT('Surface 2__Surface 2','Surface 2__Surface 2',
'Surface 2__Surface 2',(#4267));
#4256=PRODUCT('Surface 3__Surface 3','Surface 3__Surface 3',
'Surface 3__Surface 3',(#4268));
#4257=PRODUCT('Surface 5__Surface 5','Surface 5__Surface 5',
'Surface 5__Surface 5',(#4269));
#4258=PRODUCT('Surface 1__Surface 1','Surface 1__Surface 1',
'Surface 1__Surface 1',(#4270));
#4259=PRODUCT_CATEGORY('','');
#4260=PRODUCT_CATEGORY('','');
#4261=PRODUCT_CATEGORY('','');
#4262=PRODUCT_CATEGORY('','');
#4263=PRODUCT_CATEGORY('','');
#4264=PRODUCT_CATEGORY('','');
#4265=PRODUCT_CONTEXT('',#4277,'mechanical');
#4266=PRODUCT_CONTEXT('',#4278,'mechanical');
#4267=PRODUCT_CONTEXT('',#4279,'mechanical');
#4268=PRODUCT_CONTEXT('',#4280,'mechanical');
#4269=PRODUCT_CONTEXT('',#4281,'mechanical');
#4270=PRODUCT_CONTEXT('',#4282,'mechanical');
#4271=APPLICATION_PROTOCOL_DEFINITION('international standard',
'ap242_managed_model_based_3d_engineering',2020,#4277);
#4272=APPLICATION_PROTOCOL_DEFINITION('international standard',
'ap242_managed_model_based_3d_engineering',2020,#4278);
#4273=APPLICATION_PROTOCOL_DEFINITION('international standard',
'ap242_managed_model_based_3d_engineering',2020,#4279);
#4274=APPLICATION_PROTOCOL_DEFINITION('international standard',
'ap242_managed_model_based_3d_engineering',2020,#4280);
#4275=APPLICATION_PROTOCOL_DEFINITION('international standard',
'ap242_managed_model_based_3d_engineering',2020,#4281);
#4276=APPLICATION_PROTOCOL_DEFINITION('international standard',
'ap242_managed_model_based_3d_engineering',2020,#4282);
#4277=APPLICATION_CONTEXT('managed model based 3d engineering');
#4278=APPLICATION_CONTEXT('managed model based 3d engineering');
#4279=APPLICATION_CONTEXT('managed model based 3d engineering');
#4280=APPLICATION_CONTEXT('managed model based 3d engineering');
#4281=APPLICATION_CONTEXT('managed model based 3d engineering');
#4282=APPLICATION_CONTEXT('managed model based 3d engineering');
ENDSEC;
END-ISO-10303-21;
