ISO-10303-21;
HEADER;
FILE_DESCRIPTION((''),'2;1');
FILE_NAME('C-292303-7','2017-07-20T',('workeradm'),('Tyco Electronics Ltd.'),
'CREO PARAMETRIC BY PTC INC, 2016050','CREO PARAMETRIC BY PTC INC, 2016050','');
FILE_SCHEMA(('AUTOMOTIVE_DESIGN { 1 0 10303 214 1 1 1 1 }'));
ENDSEC;
DATA;
#134=CARTESIAN_POINT('',(5.307E0,3.325E0,0.E0));
#135=DIRECTION('',(0.E0,0.E0,1.E0));
#136=DIRECTION('',(1.E0,0.E0,0.E0));
#137=AXIS2_PLACEMENT_3D('',#134,#135,#136);
#139=DIRECTION('',(0.E0,-1.E0,0.E0));
#140=VECTOR('',#139,1.45E-1);
#141=CARTESIAN_POINT('',(5.607E0,3.325E0,0.E0));
#142=LINE('',#141,#140);
#143=DIRECTION('',(0.E0,-1.E0,0.E0));
#144=VECTOR('',#143,1.45E-1);
#145=CARTESIAN_POINT('',(-5.607E0,3.325E0,0.E0));
#146=LINE('',#145,#144);
#147=CARTESIAN_POINT('',(-5.307E0,3.325E0,0.E0));
#148=DIRECTION('',(0.E0,0.E0,1.E0));
#149=DIRECTION('',(0.E0,1.E0,0.E0));
#150=AXIS2_PLACEMENT_3D('',#147,#148,#149);
#152=DIRECTION('',(1.E0,0.E0,0.E0));
#153=VECTOR('',#152,1.0614E1);
#154=CARTESIAN_POINT('',(-5.307E0,3.625E0,0.E0));
#155=LINE('',#154,#153);
#156=CARTESIAN_POINT('',(5.307E0,3.325E0,-3.18E-1));
#157=DIRECTION('',(0.E0,0.E0,-1.E0));
#158=DIRECTION('',(0.E0,1.E0,0.E0));
#159=AXIS2_PLACEMENT_3D('',#156,#157,#158);
#161=CARTESIAN_POINT('',(-5.307E0,3.325E0,-3.18E-1));
#162=DIRECTION('',(0.E0,0.E0,-1.E0));
#163=DIRECTION('',(-1.E0,0.E0,0.E0));
#164=AXIS2_PLACEMENT_3D('',#161,#162,#163);
#166=DIRECTION('',(0.E0,1.E0,0.E0));
#167=VECTOR('',#166,1.45E-1);
#168=CARTESIAN_POINT('',(-5.607E0,3.18E0,-3.18E-1));
#169=LINE('',#168,#167);
#170=DIRECTION('',(1.E0,0.E0,0.E0));
#171=VECTOR('',#170,1.1214E1);
#172=CARTESIAN_POINT('',(-5.607E0,3.18E0,-3.18E-1));
#173=LINE('',#172,#171);
#174=DIRECTION('',(0.E0,1.E0,0.E0));
#175=VECTOR('',#174,1.45E-1);
#176=CARTESIAN_POINT('',(5.607E0,3.18E0,-3.18E-1));
#177=LINE('',#176,#175);
#178=DIRECTION('',(0.E0,0.E0,-1.E0));
#179=VECTOR('',#178,3.18E-1);
#180=CARTESIAN_POINT('',(5.307E0,3.625E0,0.E0));
#181=LINE('',#180,#179);
#182=DIRECTION('',(0.E0,0.E0,1.E0));
#183=VECTOR('',#182,3.18E-1);
#184=CARTESIAN_POINT('',(-5.307E0,3.625E0,-3.18E-1));
#185=LINE('',#184,#183);
#186=DIRECTION('',(1.E0,0.E0,0.E0));
#187=VECTOR('',#186,1.0614E1);
#188=CARTESIAN_POINT('',(-5.307E0,3.625E0,-3.18E-1));
#189=LINE('',#188,#187);
#190=DIRECTION('',(0.E0,0.E0,1.E0));
#191=VECTOR('',#190,3.18E-1);
#192=CARTESIAN_POINT('',(-5.607E0,3.325E0,-3.18E-1));
#193=LINE('',#192,#191);
#194=CARTESIAN_POINT('',(-5.607E0,3.18E0,-6.2E-1));
#195=DIRECTION('',(1.E0,0.E0,0.E0));
#196=DIRECTION('',(0.E0,0.E0,1.E0));
#197=AXIS2_PLACEMENT_3D('',#194,#195,#196);
#199=DIRECTION('',(0.E0,-1.E0,0.E0));
#200=VECTOR('',#199,5.078876955042E-1);
#201=CARTESIAN_POINT('',(-5.607E0,3.145301296854E0,-3.2E-1));
#202=LINE('',#201,#200);
#203=CARTESIAN_POINT('',(-5.607E0,3.18E0,-6.2E-1));
#204=DIRECTION('',(1.E0,0.E0,0.E0));
#205=DIRECTION('',(0.E0,0.E0,1.E0));
#206=AXIS2_PLACEMENT_3D('',#203,#204,#205);
#208=DIRECTION('',(-1.E0,0.E0,0.E0));
#209=VECTOR('',#208,1.1814E1);
#210=CARTESIAN_POINT('',(5.907E0,2.56E0,-6.2E-1));
#211=LINE('',#210,#209);
#212=DIRECTION('',(1.E0,0.E0,0.E0));
#213=VECTOR('',#212,1.1214E1);
#214=CARTESIAN_POINT('',(-5.607E0,3.18E0,0.E0));
#215=LINE('',#214,#213);
#216=DIRECTION('',(0.E0,0.E0,-1.E0));
#217=VECTOR('',#216,3.18E-1);
#218=CARTESIAN_POINT('',(5.607E0,3.325E0,0.E0));
#219=LINE('',#218,#217);
#220=CARTESIAN_POINT('',(5.607E0,3.18E0,-6.2E-1));
#221=DIRECTION('',(1.E0,0.E0,0.E0));
#222=DIRECTION('',(0.E0,0.E0,1.E0));
#223=AXIS2_PLACEMENT_3D('',#220,#221,#222);
#225=DIRECTION('',(0.E0,1.E0,0.E0));
#226=VECTOR('',#225,5.078876955042E-1);
#227=CARTESIAN_POINT('',(5.607E0,2.637413601350E0,-3.2E-1));
#228=LINE('',#227,#226);
#229=CARTESIAN_POINT('',(5.607E0,3.18E0,-6.2E-1));
#230=DIRECTION('',(1.E0,0.E0,0.E0));
#231=DIRECTION('',(0.E0,0.E0,1.E0));
#232=AXIS2_PLACEMENT_3D('',#229,#230,#231);
#234=DIRECTION('',(1.E0,0.E0,0.E0));
#235=VECTOR('',#234,1.1814E1);
#236=CARTESIAN_POINT('',(-5.907E0,2.878E0,-6.2E-1));
#237=LINE('',#236,#235);
#238=CARTESIAN_POINT('',(3.E0,2.878E0,-1.683567723681E0));
#239=DIRECTION('',(0.E0,1.E0,0.E0));
#240=DIRECTION('',(-9.911595415809E-1,0.E0,1.326754051556E-1));
#241=AXIS2_PLACEMENT_3D('',#238,#239,#240);
#243=CARTESIAN_POINT('',(-3.E0,2.878E0,-1.683567723681E0));
#244=DIRECTION('',(0.E0,1.E0,0.E0));
#245=DIRECTION('',(-9.911595415809E-1,0.E0,1.326754051556E-1));
#246=AXIS2_PLACEMENT_3D('',#243,#244,#245);
#248=DIRECTION('',(1.E0,0.E0,-2.220446049250E-14));
#249=VECTOR('',#248,2.E-2);
#250=CARTESIAN_POINT('',(-5.927E0,2.878E0,-6.2E-1));
#251=LINE('',#250,#249);
#252=DIRECTION('',(0.E0,0.E0,-1.E0));
#253=VECTOR('',#252,1.338E1);
#254=CARTESIAN_POINT('',(-5.927E0,2.878E0,-6.2E-1));
#255=LINE('',#254,#253);
#256=DIRECTION('',(1.E0,0.E0,0.E0));
#257=VECTOR('',#256,1.1854E1);
#258=CARTESIAN_POINT('',(-5.927E0,2.878E0,-1.4E1));
#259=LINE('',#258,#257);
#260=DIRECTION('',(0.E0,0.E0,1.E0));
#261=VECTOR('',#260,1.338E1);
#262=CARTESIAN_POINT('',(5.927E0,2.878E0,-1.4E1));
#263=LINE('',#262,#261);
#264=DIRECTION('',(1.E0,0.E0,2.220446049250E-14));
#265=VECTOR('',#264,2.E-2);
#266=CARTESIAN_POINT('',(5.907E0,2.878E0,-6.2E-1));
#267=LINE('',#266,#265);
#268=DIRECTION('',(0.E0,-1.E0,0.E0));
#269=VECTOR('',#268,3.18E-1);
#270=CARTESIAN_POINT('',(4.716555018166E0,2.878E0,-7.696831148711E0));
#271=LINE('',#270,#269);
#272=DIRECTION('',(-1.326754051556E-1,0.E0,9.911595415809E-1));
#273=VECTOR('',#272,6.187848052265E0);
#274=CARTESIAN_POINT('',(4.716555018166E0,2.878E0,-7.696831148711E0));
#275=LINE('',#274,#273);
#276=DIRECTION('',(0.E0,-1.E0,0.E0));
#277=VECTOR('',#276,3.18E-1);
#278=CARTESIAN_POINT('',(3.895579770790E0,2.878E0,-1.563686509856E0));
#279=LINE('',#278,#277);
#280=DIRECTION('',(0.E0,-1.E0,0.E0));
#281=VECTOR('',#280,3.18E-1);
#282=CARTESIAN_POINT('',(4.716555018166E0,-2.56E0,-7.696831148711E0));
#283=LINE('',#282,#281);
#284=DIRECTION('',(0.E0,-1.E0,0.E0));
#285=VECTOR('',#284,3.18E-1);
#286=CARTESIAN_POINT('',(3.895579770790E0,-2.56E0,-1.563686509856E0));
#287=LINE('',#286,#285);
#288=DIRECTION('',(1.326754051556E-1,0.E0,-9.911595415809E-1));
#289=VECTOR('',#288,6.187848052265E0);
#290=CARTESIAN_POINT('',(3.895579770790E0,-2.878E0,-1.563686509856E0));
#291=LINE('',#290,#289);
#292=CARTESIAN_POINT('',(4.468765132771E0,2.56E0,-7.73E0));
#293=DIRECTION('',(0.E0,1.E0,0.E0));
#294=DIRECTION('',(9.911595415809E-1,0.E0,1.326754051556E-1));
#295=AXIS2_PLACEMENT_3D('',#292,#293,#294);
#297=CARTESIAN_POINT('',(4.468764281746E0,2.56E0,-7.979999999999E0));
#298=CARTESIAN_POINT('',(4.450532773908E0,2.559999999008E0,-7.979999937937E0));
#299=CARTESIAN_POINT('',(4.417428209740E0,2.559938690200E0,-7.976162416867E0));
#300=CARTESIAN_POINT('',(4.360049080043E0,2.559654885445E0,-7.958398138747E0));
#301=CARTESIAN_POINT('',(4.301263338364E0,2.559063949775E0,-7.921409521006E0));
#302=CARTESIAN_POINT('',(4.256805285849E0,2.558211469421E0,-7.868049956569E0));
#303=CARTESIAN_POINT('',(4.231588217392E0,2.557340562583E0,-7.813537017572E0));
#304=CARTESIAN_POINT('',(4.223393816862E0,2.556824531396E0,-7.781236919148E0));
#305=CARTESIAN_POINT('',(4.220975247376E0,2.556535873251E0,-7.763168851289E0));
#307=CARTESIAN_POINT('',(4.220975247376E0,2.874535873251E0,-7.763168851289E0));
#308=CARTESIAN_POINT('',(4.223393816864E0,2.874824531396E0,-7.781236919157E0));
#309=CARTESIAN_POINT('',(4.231588217399E0,2.875340562583E0,-7.813537017593E0));
#310=CARTESIAN_POINT('',(4.256805285871E0,2.876211469421E0,-7.868049956605E0));
#311=CARTESIAN_POINT('',(4.301263338409E0,2.877063949776E0,-7.921409521048E0));
#312=CARTESIAN_POINT('',(4.360049080114E0,2.877654885446E0,-7.958398138783E0));
#313=CARTESIAN_POINT('',(4.417428209837E0,2.877938690200E0,-7.976162416888E0));
#314=CARTESIAN_POINT('',(4.450532774019E0,2.877999999009E0,-7.979999937945E0));
#315=CARTESIAN_POINT('',(4.468764281866E0,2.878E0,-7.979999999999E0));
#317=CARTESIAN_POINT('',(4.468765132771E0,2.878E0,-7.73E0));
#318=DIRECTION('',(0.E0,-1.E0,0.E0));
#319=DIRECTION('',(-1.687538997430E-11,0.E0,-1.E0));
#320=AXIS2_PLACEMENT_3D('',#317,#318,#319);
#322=DIRECTION('',(-1.326754051556E-1,0.E0,9.911595415809E-1));
#323=VECTOR('',#322,6.187848052265E0);
#324=CARTESIAN_POINT('',(4.716555018166E0,2.56E0,-7.696831148711E0));
#325=LINE('',#324,#323);
#326=CARTESIAN_POINT('',(3.E0,2.56E0,-1.683567723681E0));
#327=DIRECTION('',(0.E0,1.E0,0.E0));
#328=DIRECTION('',(-9.911595415809E-1,0.E0,1.326754051556E-1));
#329=AXIS2_PLACEMENT_3D('',#326,#327,#328);
#331=DIRECTION('',(-1.326754051556E-1,0.E0,-9.911595415809E-1));
#332=VECTOR('',#331,6.187848052265E0);
#333=CARTESIAN_POINT('',(2.104420229210E0,2.56E0,-1.563686509856E0));
#334=LINE('',#333,#332);
#335=DIRECTION('',(-1.326754051556E-1,0.E0,9.911595415809E-1));
#336=VECTOR('',#335,6.187848052265E0);
#337=CARTESIAN_POINT('',(-1.283444981834E0,2.56E0,-7.696831148711E0));
#338=LINE('',#337,#336);
#339=CARTESIAN_POINT('',(-3.E0,2.56E0,-1.683567723681E0));
#340=DIRECTION('',(0.E0,1.E0,0.E0));
#341=DIRECTION('',(-9.911595415809E-1,0.E0,1.326754051556E-1));
#342=AXIS2_PLACEMENT_3D('',#339,#340,#341);
#344=DIRECTION('',(-1.326754051556E-1,0.E0,-9.911595415809E-1));
#345=VECTOR('',#344,6.187848052265E0);
#346=CARTESIAN_POINT('',(-3.895579770790E0,2.56E0,-1.563686509856E0));
#347=LINE('',#346,#345);
#348=DIRECTION('',(1.E0,0.E0,0.E0));
#349=VECTOR('',#348,2.E-2);
#350=CARTESIAN_POINT('',(5.907E0,2.56E0,-6.2E-1));
#351=LINE('',#350,#349);
#352=DIRECTION('',(0.E0,0.E0,-1.E0));
#353=VECTOR('',#352,8.26E0);
#354=CARTESIAN_POINT('',(5.927E0,2.56E0,-6.2E-1));
#355=LINE('',#354,#353);
#356=DIRECTION('',(0.E0,0.E0,1.E0));
#357=VECTOR('',#356,8.26E0);
#358=CARTESIAN_POINT('',(-5.927E0,2.56E0,-8.88E0));
#359=LINE('',#358,#357);
#360=DIRECTION('',(1.E0,0.E0,-1.665334536938E-14));
#361=VECTOR('',#360,2.E-2);
#362=CARTESIAN_POINT('',(-5.927E0,2.56E0,-6.2E-1));
#363=LINE('',#362,#361);
#364=DIRECTION('',(-1.E0,0.E0,-1.635743547900E-13));
#365=VECTOR('',#364,2.937529698189E0);
#366=CARTESIAN_POINT('',(4.468764565418E0,2.56E0,-7.98E0));
#367=LINE('',#366,#365);
#368=DIRECTION('',(-1.326587744720E-1,1.583292767552E-2,-9.910353010649E-1));
#369=VECTOR('',#368,3.842729479547E0);
#370=CARTESIAN_POINT('',(2.288796536008E0,2.495694215325E0,-3.954888284615E0));
#371=LINE('',#370,#369);
#372=DIRECTION('',(1.E0,0.E0,0.E0));
#373=VECTOR('',#372,1.422406927984E0);
#374=CARTESIAN_POINT('',(2.288796536008E0,2.495694215325E0,-3.954888284615E0));
#375=LINE('',#374,#373);
#376=DIRECTION('',(1.326587744720E-1,1.583292767552E-2,-9.910353010649E-1));
#377=VECTOR('',#376,3.842729479547E0);
#378=CARTESIAN_POINT('',(3.711203463992E0,2.495694215325E0,-3.954888284615E0));
#379=LINE('',#378,#377);
#380=CARTESIAN_POINT('',(1.531234867224E0,2.878E0,-7.98E0));
#381=CARTESIAN_POINT('',(1.549466437679E0,2.878E0,-7.98E0));
#382=CARTESIAN_POINT('',(1.582571106794E0,2.877938692594E0,-7.976162566697E0));
#383=CARTESIAN_POINT('',(1.639950414874E0,2.877654889514E0,-7.958398393447E0));
#384=CARTESIAN_POINT('',(1.698736346469E0,2.877063954524E0,-7.921409818238E0));
#385=CARTESIAN_POINT('',(1.743194563662E0,2.876211473490E0,-7.868050211260E0));
#386=CARTESIAN_POINT('',(1.768411737410E0,2.875340564976E0,-7.813537167389E0));
#387=CARTESIAN_POINT('',(1.776606174831E0,2.874824532388E0,-7.781236981203E0));
#388=CARTESIAN_POINT('',(1.779024752624E0,2.874535873251E0,-7.763168851289E0));
#390=CARTESIAN_POINT('',(1.779024752624E0,2.556535873251E0,-7.763168851289E0));
#391=CARTESIAN_POINT('',(1.776606174831E0,2.556824532388E0,-7.781236981203E0));
#392=CARTESIAN_POINT('',(1.768411737410E0,2.557340564976E0,-7.813537167389E0));
#393=CARTESIAN_POINT('',(1.743194563662E0,2.558211473490E0,-7.868050211260E0));
#394=CARTESIAN_POINT('',(1.698736346470E0,2.559063954524E0,-7.921409818238E0));
#395=CARTESIAN_POINT('',(1.639950414874E0,2.559654889514E0,-7.958398393447E0));
#396=CARTESIAN_POINT('',(1.582571106794E0,2.559938692594E0,-7.976162566696E0));
#397=CARTESIAN_POINT('',(1.549466437679E0,2.56E0,-7.98E0));
#398=CARTESIAN_POINT('',(1.531234867225E0,2.56E0,-7.98E0));
#400=CARTESIAN_POINT('',(1.531234867229E0,2.56E0,-7.73E0));
#401=DIRECTION('',(0.E0,1.E0,0.E0));
#402=DIRECTION('',(1.628741586046E-11,0.E0,-1.E0));
#403=AXIS2_PLACEMENT_3D('',#400,#401,#402);
#405=CARTESIAN_POINT('',(1.531234867229E0,2.878E0,-7.73E0));
#406=DIRECTION('',(0.E0,-1.E0,0.E0));
#407=DIRECTION('',(-9.911595415809E-1,0.E0,1.326754051556E-1));
#408=AXIS2_PLACEMENT_3D('',#405,#406,#407);
#410=DIRECTION('',(-1.326587744720E-1,1.583292767552E-2,-9.910353010649E-1));
#411=VECTOR('',#410,3.847854543214E0);
#412=CARTESIAN_POINT('',(2.289476420673E0,2.813613070563E0,-3.949809165601E0));
#413=LINE('',#412,#411);
#414=DIRECTION('',(1.E0,0.E0,1.641790658938E-13));
#415=VECTOR('',#414,2.937529698269E0);
#416=CARTESIAN_POINT('',(1.531234867229E0,2.878E0,-7.98E0));
#417=LINE('',#416,#415);
#418=DIRECTION('',(1.326587744720E-1,1.583292767552E-2,-9.910353010649E-1));
#419=VECTOR('',#418,3.847854543214E0);
#420=CARTESIAN_POINT('',(3.710523579327E0,2.813613070563E0,-3.949809165601E0));
#421=LINE('',#420,#419);
#422=DIRECTION('',(9.423127788110E-2,-7.039603917370E-1,7.039603917370E-1));
#423=VECTOR('',#422,3.193805620602E-1);
#424=CARTESIAN_POINT('',(2.481536131765E0,2.621692368557E0,-2.515015618311E0));
#425=LINE('',#424,#423);
#426=DIRECTION('',(0.E0,-1.E0,0.E0));
#427=VECTOR('',#426,3.18E-1);
#428=CARTESIAN_POINT('',(1.779024752624E0,2.874535873251E0,-7.763168851289E0));
#429=LINE('',#428,#427);
#430=CARTESIAN_POINT('',(3.488368229742E0,2.396861102975E0,-2.290184352729E0));
#431=CARTESIAN_POINT('',(3.485502811402E0,2.418267381895E0,-2.268778073810E0));
#432=CARTESIAN_POINT('',(3.473705160321E0,2.456364832071E0,-2.230680623634E0));
#433=CARTESIAN_POINT('',(3.434660588127E0,2.520552611932E0,-2.166492843773E0));
#434=CARTESIAN_POINT('',(3.363510632012E0,2.583421468215E0,-2.103623987490E0));
#435=CARTESIAN_POINT('',(3.267889448712E0,2.627271369379E0,-2.059774086326E0));
#436=CARTESIAN_POINT('',(3.173585665347E0,2.648511876948E0,-2.038533578757E0));
#437=CARTESIAN_POINT('',(3.118760816605E0,2.653168734419E0,-2.033876721286E0));
#438=CARTESIAN_POINT('',(3.088352459586E0,2.653168734419E0,-2.033876721286E0));
#440=DIRECTION('',(9.423127788110E-2,-7.039603917370E-1,-7.039603917370E-1));
#441=VECTOR('',#440,4.749391855670E-1);
#442=CARTESIAN_POINT('',(3.488368229742E0,2.396861102975E0,-2.290184352730E0));
#443=LINE('',#442,#441);
#444=DIRECTION('',(-9.423127788110E-2,-7.039603917370E-1,-7.039603917370E-1));
#445=VECTOR('',#444,4.749391855670E-1);
#446=CARTESIAN_POINT('',(2.511631770258E0,2.396861102975E0,-2.290184352730E0));
#447=LINE('',#446,#445);
#448=CARTESIAN_POINT('',(2.911647540414E0,2.653168734419E0,-2.033876721286E0));
#449=CARTESIAN_POINT('',(2.881239183395E0,2.653168734419E0,-2.033876721286E0));
#450=CARTESIAN_POINT('',(2.826414334653E0,2.648511876948E0,-2.038533578757E0));
#451=CARTESIAN_POINT('',(2.732110551288E0,2.627271369379E0,-2.059774086326E0));
#452=CARTESIAN_POINT('',(2.636489367988E0,2.583421468215E0,-2.103623987490E0));
#453=CARTESIAN_POINT('',(2.565339411873E0,2.520552611932E0,-2.166492843773E0));
#454=CARTESIAN_POINT('',(2.526294839679E0,2.456364832071E0,-2.230680623634E0));
#455=CARTESIAN_POINT('',(2.514497188598E0,2.418267381895E0,-2.268778073810E0));
#456=CARTESIAN_POINT('',(2.511631770258E0,2.396861102975E0,-2.290184352730E0));
#458=DIRECTION('',(1.E0,-1.256584174151E-14,0.E0));
#459=VECTOR('',#458,1.767049191711E-1);
#460=CARTESIAN_POINT('',(2.911647540414E0,2.653168734419E0,-2.033876721286E0));
#461=LINE('',#460,#459);
#462=CARTESIAN_POINT('',(3.118448098079E0,2.878E0,-2.258707986867E0));
#463=CARTESIAN_POINT('',(3.148856455098E0,2.878E0,-2.258707986867E0));
#464=CARTESIAN_POINT('',(3.203681303841E0,2.873343142529E0,-2.263364844338E0));
#465=CARTESIAN_POINT('',(3.297985087205E0,2.852102634960E0,-2.284605351907E0));
#466=CARTESIAN_POINT('',(3.393606270505E0,2.808252733796E0,-2.328455253071E0));
#467=CARTESIAN_POINT('',(3.464756226620E0,2.745383877513E0,-2.391324109354E0));
#468=CARTESIAN_POINT('',(3.503800798814E0,2.681196097652E0,-2.455511889215E0));
#469=CARTESIAN_POINT('',(3.515598449895E0,2.643098647476E0,-2.493609339391E0));
#470=CARTESIAN_POINT('',(3.518463868235E0,2.621692368557E0,-2.515015618311E0));
#472=CARTESIAN_POINT('',(2.481536131765E0,2.621692368557E0,-2.515015618311E0));
#473=CARTESIAN_POINT('',(2.484401550105E0,2.643098647476E0,-2.493609339391E0));
#474=CARTESIAN_POINT('',(2.496199201186E0,2.681196097652E0,-2.455511889215E0));
#475=CARTESIAN_POINT('',(2.535243773380E0,2.745383877513E0,-2.391324109354E0));
#476=CARTESIAN_POINT('',(2.606393729495E0,2.808252733796E0,-2.328455253071E0));
#477=CARTESIAN_POINT('',(2.702014912795E0,2.852102634960E0,-2.284605351907E0));
#478=CARTESIAN_POINT('',(2.796318696159E0,2.873343142529E0,-2.263364844338E0));
#479=CARTESIAN_POINT('',(2.851143544902E0,2.878E0,-2.258707986867E0));
#480=CARTESIAN_POINT('',(2.881551901921E0,2.878E0,-2.258707986867E0));
#482=DIRECTION('',(9.423127788110E-2,7.039603917370E-1,7.039603917370E-1));
#483=VECTOR('',#482,4.749391855670E-1);
#484=CARTESIAN_POINT('',(2.436782005393E0,2.287353993434E0,-2.849353993434E0));
#485=LINE('',#484,#483);
#486=DIRECTION('',(1.E0,0.E0,0.E0));
#487=VECTOR('',#486,1.126435989214E0);
#488=CARTESIAN_POINT('',(2.436782005393E0,2.287353993434E0,-2.849353993434E0));
#489=LINE('',#488,#487);
#490=DIRECTION('',(-9.423127788110E-2,7.039603917370E-1,7.039603917370E-1));
#491=VECTOR('',#490,4.749391855670E-1);
#492=CARTESIAN_POINT('',(3.563217994607E0,2.287353993434E0,-2.849353993434E0));
#493=LINE('',#492,#491);
#494=DIRECTION('',(9.423127788108E-2,7.039603917370E-1,-7.039603917370E-1));
#495=VECTOR('',#494,3.193805620602E-1);
#496=CARTESIAN_POINT('',(3.088352459586E0,2.653168734419E0,-2.033876721286E0));
#497=LINE('',#496,#495);
#498=DIRECTION('',(9.423127788110E-2,-7.039603917370E-1,7.039603917370E-1));
#499=VECTOR('',#498,3.193805620602E-1);
#500=CARTESIAN_POINT('',(2.881551901921E0,2.878E0,-2.258707986867E0));
#501=LINE('',#500,#499);
#502=DIRECTION('',(1.E0,0.E0,0.E0));
#503=VECTOR('',#502,2.368961961578E-1);
#504=CARTESIAN_POINT('',(2.881551901921E0,2.878E0,-2.258707986867E0));
#505=LINE('',#504,#503);
#506=CARTESIAN_POINT('',(3.563217994607E0,2.287353993434E0,-2.849353993434E0));
#507=CARTESIAN_POINT('',(3.565129047651E0,2.273077357486E0,-2.863630629381E0));
#508=CARTESIAN_POINT('',(3.568760261810E0,2.251118838712E0,-2.890757831721E0));
#509=CARTESIAN_POINT('',(3.575624861079E0,2.220945621488E0,-2.942040230725E0));
#510=CARTESIAN_POINT('',(3.583702122173E0,2.200623125215E0,-3.002381892341E0));
#511=CARTESIAN_POINT('',(3.592892896210E0,2.193576651279E0,-3.071042118937E0));
#512=CARTESIAN_POINT('',(3.601669761971E0,2.200829487589E0,-3.136610219019E0));
#513=CARTESIAN_POINT('',(3.610061422224E0,2.221390038108E0,-3.199300618342E0));
#514=CARTESIAN_POINT('',(3.618038849885E0,2.256261102989E0,-3.258896468338E0));
#515=CARTESIAN_POINT('',(3.624267781199E0,2.299792949389E0,-3.305430071898E0));
#516=CARTESIAN_POINT('',(3.628846708901E0,2.348582943765E0,-3.339637224890E0));
#517=CARTESIAN_POINT('',(3.630936263728E0,2.379884208167E0,-3.355247369073E0));
#518=CARTESIAN_POINT('',(3.631884704052E0,2.398863002685E0,-3.362332749182E0));
#520=CARTESIAN_POINT('',(2.436782005393E0,2.287353993434E0,-2.849353993434E0));
#521=CARTESIAN_POINT('',(2.434870952349E0,2.273077357486E0,-2.863630629381E0));
#522=CARTESIAN_POINT('',(2.431239738190E0,2.251118838712E0,-2.890757831721E0));
#523=CARTESIAN_POINT('',(2.424375138921E0,2.220945621488E0,-2.942040230725E0));
#524=CARTESIAN_POINT('',(2.416297877827E0,2.200623125215E0,-3.002381892341E0));
#525=CARTESIAN_POINT('',(2.407107103790E0,2.193576651279E0,-3.071042118937E0));
#526=CARTESIAN_POINT('',(2.398330238029E0,2.200829487589E0,-3.136610219019E0));
#527=CARTESIAN_POINT('',(2.389938577776E0,2.221390038108E0,-3.199300618342E0));
#528=CARTESIAN_POINT('',(2.381961150115E0,2.256261102989E0,-3.258896468338E0));
#529=CARTESIAN_POINT('',(2.375732218801E0,2.299792949389E0,-3.305430071898E0));
#530=CARTESIAN_POINT('',(2.371153291099E0,2.348582943765E0,-3.339637224890E0));
#531=CARTESIAN_POINT('',(2.369063736272E0,2.379884208167E0,-3.355247369073E0));
#532=CARTESIAN_POINT('',(2.368115295948E0,2.398863002685E0,-3.362332749182E0));
#534=DIRECTION('',(1.E0,0.E0,0.E0));
#535=VECTOR('',#534,1.263769408104E0);
#536=CARTESIAN_POINT('',(2.368115295948E0,2.398863002685E0,-3.362332749182E0));
#537=LINE('',#536,#535);
#538=DIRECTION('',(9.423127788110E-2,7.039603917370E-1,-7.039603917370E-1));
#539=VECTOR('',#538,3.193805620602E-1);
#540=CARTESIAN_POINT('',(3.488368229742E0,2.396861102975E0,-2.290184352730E0));
#541=LINE('',#540,#539);
#542=DIRECTION('',(0.E0,1.E0,0.E0));
#543=VECTOR('',#542,3.18E-1);
#544=CARTESIAN_POINT('',(4.220975247376E0,2.556535873251E0,-7.763168851289E0));
#545=LINE('',#544,#543);
#546=CARTESIAN_POINT('',(3.710523579327E0,2.813613070563E0,-3.949809165601E0));
#547=CARTESIAN_POINT('',(3.705687417802E0,2.813035870932E0,-3.913680331967E0));
#548=CARTESIAN_POINT('',(3.696571545195E0,2.805921401680E0,-3.845579660988E0));
#549=CARTESIAN_POINT('',(3.680045276691E0,2.773425318887E0,-3.722119184680E0));
#550=CARTESIAN_POINT('',(3.662075296678E0,2.704015935452E0,-3.587873375284E0));
#551=CARTESIAN_POINT('',(3.647255936857E0,2.600860659517E0,-3.477164462283E0));
#552=CARTESIAN_POINT('',(3.637568527036E0,2.495114430447E0,-3.404794088391E0));
#553=CARTESIAN_POINT('',(3.633589597203E0,2.432978819953E0,-3.375069255332E0));
#554=CARTESIAN_POINT('',(3.631884704052E0,2.398863002685E0,-3.362332749182E0));
#556=CARTESIAN_POINT('',(2.289476420673E0,2.813613070563E0,-3.949809165601E0));
#557=CARTESIAN_POINT('',(2.294312582198E0,2.813035870932E0,-3.913680331967E0));
#558=CARTESIAN_POINT('',(2.303428454805E0,2.805921401680E0,-3.845579660988E0));
#559=CARTESIAN_POINT('',(2.319954723309E0,2.773425318888E0,-3.722119184680E0));
#560=CARTESIAN_POINT('',(2.337924703322E0,2.704015935452E0,-3.587873375284E0));
#561=CARTESIAN_POINT('',(2.352744063143E0,2.600860659517E0,-3.477164462283E0));
#562=CARTESIAN_POINT('',(2.362431472964E0,2.495114430447E0,-3.404794088391E0));
#563=CARTESIAN_POINT('',(2.366410402797E0,2.432978819953E0,-3.375069255332E0));
#564=CARTESIAN_POINT('',(2.368115295948E0,2.398863002685E0,-3.362332749182E0));
#566=DIRECTION('',(1.E0,0.E0,0.E0));
#567=VECTOR('',#566,1.421047158653E0);
#568=CARTESIAN_POINT('',(2.289476420673E0,2.813613070563E0,-3.949809165601E0));
#569=LINE('',#568,#567);
#570=CARTESIAN_POINT('',(3.711203463992E0,2.495694215325E0,-3.954888284615E0));
#571=CARTESIAN_POINT('',(3.706351833536E0,2.495115169465E0,-3.918643889410E0));
#572=CARTESIAN_POINT('',(3.697726133520E0,2.482415459928E0,-3.854205082056E0));
#573=CARTESIAN_POINT('',(3.686897832643E0,2.440763285184E0,-3.773311613361E0));
#574=CARTESIAN_POINT('',(3.677989991001E0,2.378541315619E0,-3.706765050132E0));
#575=CARTESIAN_POINT('',(3.673468605744E0,2.321880812280E0,-3.672987771413E0));
#576=CARTESIAN_POINT('',(3.671758259327E0,2.287655872268E0,-3.660210526316E0));
#578=CARTESIAN_POINT('',(2.288796536008E0,2.495694215325E0,-3.954888284615E0));
#579=CARTESIAN_POINT('',(2.293648166464E0,2.495115169465E0,-3.918643889410E0));
#580=CARTESIAN_POINT('',(2.302273866480E0,2.482415459928E0,-3.854205082056E0));
#581=CARTESIAN_POINT('',(2.313102167357E0,2.440763285184E0,-3.773311613361E0));
#582=CARTESIAN_POINT('',(2.322010008999E0,2.378541315619E0,-3.706765050132E0));
#583=CARTESIAN_POINT('',(2.326531394256E0,2.321880812280E0,-3.672987771413E0));
#584=CARTESIAN_POINT('',(2.328241740673E0,2.287655872268E0,-3.660210526316E0));
#586=DIRECTION('',(1.E0,0.E0,0.E0));
#587=VECTOR('',#586,1.343516518655E0);
#588=CARTESIAN_POINT('',(2.328241740673E0,2.287655872268E0,-3.660210526316E0));
#589=LINE('',#588,#587);
#590=CARTESIAN_POINT('',(3.533122356114E0,2.062522727852E0,-2.624522727852E0));
#591=CARTESIAN_POINT('',(3.536980711450E0,2.033698653780E0,-2.653346801925E0));
#592=CARTESIAN_POINT('',(3.544311586989E0,1.989379971524E0,-2.708112545662E0));
#593=CARTESIAN_POINT('',(3.554708079540E0,1.943623986278E0,-2.785780164459E0));
#594=CARTESIAN_POINT('',(3.564688923216E0,1.912227443845E0,-2.860342653493E0));
#595=CARTESIAN_POINT('',(3.577575044578E0,1.884932849232E0,-2.956609193076E0));
#596=CARTESIAN_POINT('',(3.593033860225E0,1.873229978105E0,-3.072095199033E0));
#597=CARTESIAN_POINT('',(3.610755843887E0,1.887812050205E0,-3.204488336871E0));
#598=CARTESIAN_POINT('',(3.627696557979E0,1.929384681782E0,-3.331044953706E0));
#599=CARTESIAN_POINT('',(3.641122830240E0,1.987900190159E0,-3.431346722847E0));
#600=CARTESIAN_POINT('',(3.651343876052E0,2.052676095798E0,-3.507703656294E0));
#601=CARTESIAN_POINT('',(3.658692633443E0,2.112210371761E0,-3.562602987476E0));
#602=CARTESIAN_POINT('',(3.665624208900E0,2.186157053188E0,-3.614385736088E0));
#603=CARTESIAN_POINT('',(3.669843388468E0,2.249338289540E0,-3.645905369145E0));
#604=CARTESIAN_POINT('',(3.671758259327E0,2.287655872268E0,-3.660210526316E0));
#606=CARTESIAN_POINT('',(2.328241740673E0,2.287655872268E0,-3.660210526316E0));
#607=CARTESIAN_POINT('',(2.330156611532E0,2.249338289540E0,-3.645905369145E0));
#608=CARTESIAN_POINT('',(2.334375791100E0,2.186157053188E0,-3.614385736088E0));
#609=CARTESIAN_POINT('',(2.341307366557E0,2.112210371761E0,-3.562602987476E0));
#610=CARTESIAN_POINT('',(2.348656123948E0,2.052676095798E0,-3.507703656294E0));
#611=CARTESIAN_POINT('',(2.358877169760E0,1.987900190159E0,-3.431346722847E0));
#612=CARTESIAN_POINT('',(2.372303442021E0,1.929384681782E0,-3.331044953706E0));
#613=CARTESIAN_POINT('',(2.389244156113E0,1.887812050205E0,-3.204488336871E0));
#614=CARTESIAN_POINT('',(2.406966139775E0,1.873229978105E0,-3.072095199033E0));
#615=CARTESIAN_POINT('',(2.422424955422E0,1.884932849232E0,-2.956609193076E0));
#616=CARTESIAN_POINT('',(2.435311076784E0,1.912227443845E0,-2.860342653493E0));
#617=CARTESIAN_POINT('',(2.445291920460E0,1.943623986278E0,-2.785780164459E0));
#618=CARTESIAN_POINT('',(2.455688413011E0,1.989379971524E0,-2.708112545662E0));
#619=CARTESIAN_POINT('',(2.463019288550E0,2.033698653780E0,-2.653346801925E0));
#620=CARTESIAN_POINT('',(2.466877643886E0,2.062522727852E0,-2.624522727852E0));
#622=DIRECTION('',(1.E0,0.E0,0.E0));
#623=VECTOR('',#622,1.066244712228E0);
#624=CARTESIAN_POINT('',(2.466877643886E0,2.062522727852E0,-2.624522727852E0));
#625=LINE('',#624,#623);
#626=DIRECTION('',(0.E0,1.E0,0.E0));
#627=VECTOR('',#626,3.18E-1);
#628=CARTESIAN_POINT('',(1.283444981834E0,2.56E0,-7.696831148711E0));
#629=LINE('',#628,#627);
#630=DIRECTION('',(-1.326754051556E-1,0.E0,-9.911595415809E-1));
#631=VECTOR('',#630,6.187848052265E0);
#632=CARTESIAN_POINT('',(2.104420229210E0,2.878E0,-1.563686509856E0));
#633=LINE('',#632,#631);
#634=DIRECTION('',(0.E0,1.E0,0.E0));
#635=VECTOR('',#634,3.18E-1);
#636=CARTESIAN_POINT('',(1.283444981834E0,-2.878E0,-7.696831148711E0));
#637=LINE('',#636,#635);
#638=DIRECTION('',(1.326754051556E-1,0.E0,9.911595415809E-1));
#639=VECTOR('',#638,6.187848052265E0);
#640=CARTESIAN_POINT('',(1.283444981834E0,-2.878E0,-7.696831148711E0));
#641=LINE('',#640,#639);
#642=DIRECTION('',(0.E0,-1.E0,0.E0));
#643=VECTOR('',#642,3.18E-1);
#644=CARTESIAN_POINT('',(2.104420229210E0,2.878E0,-1.563686509856E0));
#645=LINE('',#644,#643);
#646=DIRECTION('',(0.E0,-1.E0,0.E0));
#647=VECTOR('',#646,3.18E-1);
#648=CARTESIAN_POINT('',(2.104420229210E0,-2.56E0,-1.563686509856E0));
#649=LINE('',#648,#647);
#650=DIRECTION('',(1.326754051556E-1,0.E0,9.911595415809E-1));
#651=VECTOR('',#650,6.187848052265E0);
#652=CARTESIAN_POINT('',(1.283444981834E0,-2.56E0,-7.696831148711E0));
#653=LINE('',#652,#651);
#654=CARTESIAN_POINT('',(3.E0,-2.56E0,-1.683567723681E0));
#655=DIRECTION('',(0.E0,1.E0,0.E0));
#656=DIRECTION('',(-9.911595415809E-1,0.E0,1.326754051556E-1));
#657=AXIS2_PLACEMENT_3D('',#654,#655,#656);
#659=DIRECTION('',(1.326754051556E-1,0.E0,-9.911595415809E-1));
#660=VECTOR('',#659,6.187848052265E0);
#661=CARTESIAN_POINT('',(3.895579770790E0,-2.56E0,-1.563686509856E0));
#662=LINE('',#661,#660);
#663=DIRECTION('',(1.326754051556E-1,0.E0,-9.911595415809E-1));
#664=VECTOR('',#663,6.187848052265E0);
#665=CARTESIAN_POINT('',(-2.104420229210E0,-2.56E0,-1.563686509856E0));
#666=LINE('',#665,#664);
#667=DIRECTION('',(1.326754051556E-1,0.E0,9.911595415809E-1));
#668=VECTOR('',#667,6.187848052265E0);
#669=CARTESIAN_POINT('',(-4.716555018166E0,-2.56E0,-7.696831148711E0));
#670=LINE('',#669,#668);
#671=CARTESIAN_POINT('',(-3.E0,-2.56E0,-1.683567723681E0));
#672=DIRECTION('',(0.E0,1.E0,0.E0));
#673=DIRECTION('',(-9.911595415809E-1,0.E0,1.326754051556E-1));
#674=AXIS2_PLACEMENT_3D('',#671,#672,#673);
#676=DIRECTION('',(1.E0,-4.440892098500E-14,-4.440892098500E-14));
#677=VECTOR('',#676,2.E-2);
#678=CARTESIAN_POINT('',(-5.927E0,-2.56E0,-6.2E-1));
#679=LINE('',#678,#677);
#680=DIRECTION('',(0.E0,0.E0,-1.E0));
#681=VECTOR('',#680,8.26E0);
#682=CARTESIAN_POINT('',(-5.927E0,-2.56E0,-6.2E-1));
#683=LINE('',#682,#681);
#684=DIRECTION('',(1.E0,0.E0,0.E0));
#685=VECTOR('',#684,1.1854E1);
#686=CARTESIAN_POINT('',(-5.927E0,-2.56E0,-8.88E0));
#687=LINE('',#686,#685);
#688=DIRECTION('',(0.E0,0.E0,1.E0));
#689=VECTOR('',#688,8.26E0);
#690=CARTESIAN_POINT('',(5.927E0,-2.56E0,-8.88E0));
#691=LINE('',#690,#689);
#692=DIRECTION('',(1.E0,0.E0,4.440892098501E-14));
#693=VECTOR('',#692,2.E-2);
#694=CARTESIAN_POINT('',(5.907E0,-2.56E0,-6.2E-1));
#695=LINE('',#694,#693);
#696=DIRECTION('',(1.E0,0.E0,-1.653884881086E-13));
#697=VECTOR('',#696,2.937529698301E0);
#698=CARTESIAN_POINT('',(1.531235434470E0,-2.56E0,-7.98E0));
#699=LINE('',#698,#697);
#700=DIRECTION('',(1.326587744720E-1,-1.583292767552E-2,-9.910353010649E-1));
#701=VECTOR('',#700,3.842729479547E0);
#702=CARTESIAN_POINT('',(3.711203463992E0,-2.495694215325E0,-3.954888284615E0));
#703=LINE('',#702,#701);
#704=DIRECTION('',(-1.326587744720E-1,-1.583292767552E-2,-9.910353010649E-1));
#705=VECTOR('',#704,3.842729479547E0);
#706=CARTESIAN_POINT('',(2.288796536008E0,-2.495694215325E0,-3.954888284615E0));
#707=LINE('',#706,#705);
#708=CARTESIAN_POINT('',(4.468765132771E0,-2.878E0,-7.73E0));
#709=DIRECTION('',(0.E0,1.E0,0.E0));
#710=DIRECTION('',(9.911595415809E-1,0.E0,1.326754051556E-1));
#711=AXIS2_PLACEMENT_3D('',#708,#709,#710);
#713=CARTESIAN_POINT('',(4.468765132776E0,-2.878E0,-7.98E0));
#714=CARTESIAN_POINT('',(4.450533562321E0,-2.878E0,-7.98E0));
#715=CARTESIAN_POINT('',(4.417428893206E0,-2.877938692594E0,-7.976162566697E0));
#716=CARTESIAN_POINT('',(4.360049585126E0,-2.877654889514E0,-7.958398393447E0));
#717=CARTESIAN_POINT('',(4.301263653531E0,-2.877063954524E0,-7.921409818238E0));
#718=CARTESIAN_POINT('',(4.256805436338E0,-2.876211473490E0,-7.868050211260E0));
#719=CARTESIAN_POINT('',(4.231588262590E0,-2.875340564976E0,-7.813537167389E0));
#720=CARTESIAN_POINT('',(4.223393825169E0,-2.874824532388E0,-7.781236981203E0));
#721=CARTESIAN_POINT('',(4.220975247376E0,-2.874535873251E0,-7.763168851289E0));
#723=CARTESIAN_POINT('',(4.220975247376E0,-2.556535873251E0,-7.763168851289E0));
#724=CARTESIAN_POINT('',(4.223393825169E0,-2.556824532388E0,-7.781236981203E0));
#725=CARTESIAN_POINT('',(4.231588262590E0,-2.557340564976E0,-7.813537167389E0));
#726=CARTESIAN_POINT('',(4.256805436338E0,-2.558211473490E0,-7.868050211260E0));
#727=CARTESIAN_POINT('',(4.301263653531E0,-2.559063954524E0,-7.921409818238E0));
#728=CARTESIAN_POINT('',(4.360049585126E0,-2.559654889514E0,-7.958398393447E0));
#729=CARTESIAN_POINT('',(4.417428893207E0,-2.559938692594E0,-7.976162566697E0));
#730=CARTESIAN_POINT('',(4.450533562322E0,-2.56E0,-7.98E0));
#731=CARTESIAN_POINT('',(4.468765132776E0,-2.56E0,-7.98E0));
#733=CARTESIAN_POINT('',(4.468765132771E0,-2.56E0,-7.73E0));
#734=DIRECTION('',(0.E0,-1.E0,0.E0));
#735=DIRECTION('',(-1.756816914167E-11,0.E0,-1.E0));
#736=AXIS2_PLACEMENT_3D('',#733,#734,#735);
#738=CARTESIAN_POINT('',(3.E0,-2.878E0,-1.683567723681E0));
#739=DIRECTION('',(0.E0,1.E0,0.E0));
#740=DIRECTION('',(-9.911595415809E-1,0.E0,1.326754051556E-1));
#741=AXIS2_PLACEMENT_3D('',#738,#739,#740);
#743=CARTESIAN_POINT('',(-3.E0,-2.878E0,-1.683567723681E0));
#744=DIRECTION('',(0.E0,1.E0,0.E0));
#745=DIRECTION('',(-9.911595415809E-1,0.E0,1.326754051556E-1));
#746=AXIS2_PLACEMENT_3D('',#743,#744,#745);
#748=DIRECTION('',(1.E0,0.E0,0.E0));
#749=VECTOR('',#748,2.E-2);
#750=CARTESIAN_POINT('',(5.907E0,-2.878E0,-6.2E-1));
#751=LINE('',#750,#749);
#752=DIRECTION('',(0.E0,0.E0,-1.E0));
#753=VECTOR('',#752,8.26E0);
#754=CARTESIAN_POINT('',(5.927E0,-2.878E0,-6.2E-1));
#755=LINE('',#754,#753);
#756=DIRECTION('',(-1.E0,0.E0,0.E0));
#757=VECTOR('',#756,1.1854E1);
#758=CARTESIAN_POINT('',(5.927E0,-2.878E0,-8.88E0));
#759=LINE('',#758,#757);
#760=DIRECTION('',(0.E0,0.E0,1.E0));
#761=VECTOR('',#760,8.26E0);
#762=CARTESIAN_POINT('',(-5.927E0,-2.878E0,-8.88E0));
#763=LINE('',#762,#761);
#764=DIRECTION('',(1.E0,0.E0,-2.220446049250E-14));
#765=VECTOR('',#764,2.E-2);
#766=CARTESIAN_POINT('',(-5.927E0,-2.878E0,-6.2E-1));
#767=LINE('',#766,#765);
#768=CARTESIAN_POINT('',(1.531235718085E0,-2.56E0,-7.979999999999E0));
#769=CARTESIAN_POINT('',(1.549467225936E0,-2.559999999009E0,-7.979999937949E0));
#770=CARTESIAN_POINT('',(1.582571790124E0,-2.559938690200E0,-7.976162416897E0));
#771=CARTESIAN_POINT('',(1.639950919857E0,-2.559654885446E0,-7.958398138797E0));
#772=CARTESIAN_POINT('',(1.698736661573E0,-2.559063949776E0,-7.921409521065E0));
#773=CARTESIAN_POINT('',(1.743194714121E0,-2.558211469422E0,-7.868049956619E0));
#774=CARTESIAN_POINT('',(1.768411782599E0,-2.557340562583E0,-7.813537017602E0));
#775=CARTESIAN_POINT('',(1.776606183136E0,-2.556824531397E0,-7.781236919161E0));
#776=CARTESIAN_POINT('',(1.779024752624E0,-2.556535873251E0,-7.763168851289E0));
#778=CARTESIAN_POINT('',(1.779024752624E0,-2.874535873251E0,-7.763168851289E0));
#779=CARTESIAN_POINT('',(1.776606183136E0,-2.874824531397E0,-7.781236919164E0));
#780=CARTESIAN_POINT('',(1.768411782596E0,-2.875340562583E0,-7.813537017610E0));
#781=CARTESIAN_POINT('',(1.743194714112E0,-2.876211469422E0,-7.868049956633E0));
#782=CARTESIAN_POINT('',(1.698736661556E0,-2.877063949776E0,-7.921409521082E0));
#783=CARTESIAN_POINT('',(1.639950919829E0,-2.877654885446E0,-7.958398138811E0));
#784=CARTESIAN_POINT('',(1.582571790086E0,-2.877938690201E0,-7.976162416905E0));
#785=CARTESIAN_POINT('',(1.549467225892E0,-2.877999999009E0,-7.979999937952E0));
#786=CARTESIAN_POINT('',(1.531235718038E0,-2.878E0,-7.979999999999E0));
#788=CARTESIAN_POINT('',(1.531234867229E0,-2.878E0,-7.73E0));
#789=DIRECTION('',(0.E0,1.E0,0.E0));
#790=DIRECTION('',(1.764099977208E-11,0.E0,-1.E0));
#791=AXIS2_PLACEMENT_3D('',#788,#789,#790);
#793=CARTESIAN_POINT('',(1.531234867229E0,-2.56E0,-7.73E0));
#794=DIRECTION('',(0.E0,-1.E0,0.E0));
#795=DIRECTION('',(-9.911595415809E-1,0.E0,1.326754051557E-1));
#796=AXIS2_PLACEMENT_3D('',#793,#794,#795);
#798=DIRECTION('',(-9.423127788110E-2,-7.039603917370E-1,-7.039603917370E-1));
#799=VECTOR('',#798,3.193805620602E-1);
#800=CARTESIAN_POINT('',(2.511631770258E0,-2.396861102975E0,-2.290184352730E0));
#801=LINE('',#800,#799);
#802=DIRECTION('',(0.E0,-1.E0,0.E0));
#803=VECTOR('',#802,3.18E-1);
#804=CARTESIAN_POINT('',(1.779024752624E0,-2.556535873251E0,-7.763168851289E0));
#805=LINE('',#804,#803);
#806=CARTESIAN_POINT('',(3.518463868235E0,-2.621692368557E0,-2.515015618311E0));
#807=CARTESIAN_POINT('',(3.515598449895E0,-2.643098647476E0,-2.493609339391E0));
#808=CARTESIAN_POINT('',(3.503800798814E0,-2.681196097652E0,-2.455511889215E0));
#809=CARTESIAN_POINT('',(3.464756226620E0,-2.745383877513E0,-2.391324109354E0));
#810=CARTESIAN_POINT('',(3.393606270505E0,-2.808252733796E0,-2.328455253071E0));
#811=CARTESIAN_POINT('',(3.297985087205E0,-2.852102634960E0,-2.284605351907E0));
#812=CARTESIAN_POINT('',(3.203681303841E0,-2.873343142529E0,-2.263364844338E0));
#813=CARTESIAN_POINT('',(3.148856455098E0,-2.878E0,-2.258707986867E0));
#814=CARTESIAN_POINT('',(3.118448098079E0,-2.878E0,-2.258707986867E0));
#816=DIRECTION('',(9.423127788110E-2,7.039603917370E-1,-7.039603917370E-1));
#817=VECTOR('',#816,4.749391855670E-1);
#818=CARTESIAN_POINT('',(3.518463868235E0,-2.621692368557E0,-2.515015618311E0));
#819=LINE('',#818,#817);
#820=DIRECTION('',(-9.423127788110E-2,7.039603917370E-1,-7.039603917370E-1));
#821=VECTOR('',#820,4.749391855670E-1);
#822=CARTESIAN_POINT('',(2.481536131765E0,-2.621692368557E0,-2.515015618311E0));
#823=LINE('',#822,#821);
#824=CARTESIAN_POINT('',(2.881551901921E0,-2.878E0,-2.258707986867E0));
#825=CARTESIAN_POINT('',(2.851143544902E0,-2.878E0,-2.258707986867E0));
#826=CARTESIAN_POINT('',(2.796318696159E0,-2.873343142529E0,-2.263364844338E0));
#827=CARTESIAN_POINT('',(2.702014912795E0,-2.852102634960E0,-2.284605351907E0));
#828=CARTESIAN_POINT('',(2.606393729495E0,-2.808252733796E0,-2.328455253071E0));
#829=CARTESIAN_POINT('',(2.535243773380E0,-2.745383877513E0,-2.391324109354E0));
#830=CARTESIAN_POINT('',(2.496199201186E0,-2.681196097652E0,-2.455511889215E0));
#831=CARTESIAN_POINT('',(2.484401550105E0,-2.643098647476E0,-2.493609339391E0));
#832=CARTESIAN_POINT('',(2.481536131765E0,-2.621692368557E0,-2.515015618311E0));
#834=DIRECTION('',(1.E0,0.E0,0.E0));
#835=VECTOR('',#834,2.368961961578E-1);
#836=CARTESIAN_POINT('',(2.881551901921E0,-2.878E0,-2.258707986867E0));
#837=LINE('',#836,#835);
#838=CARTESIAN_POINT('',(3.088352459586E0,-2.653168734419E0,-2.033876721286E0));
#839=CARTESIAN_POINT('',(3.118760816605E0,-2.653168734419E0,-2.033876721286E0));
#840=CARTESIAN_POINT('',(3.173585665347E0,-2.648511876948E0,-2.038533578757E0));
#841=CARTESIAN_POINT('',(3.267889448712E0,-2.627271369379E0,-2.059774086326E0));
#842=CARTESIAN_POINT('',(3.363510632012E0,-2.583421468215E0,-2.103623987490E0));
#843=CARTESIAN_POINT('',(3.434660588127E0,-2.520552611932E0,-2.166492843773E0));
#844=CARTESIAN_POINT('',(3.473705160321E0,-2.456364832071E0,-2.230680623634E0));
#845=CARTESIAN_POINT('',(3.485502811402E0,-2.418267381895E0,-2.268778073810E0));
#846=CARTESIAN_POINT('',(3.488368229742E0,-2.396861102975E0,-2.290184352730E0));
#848=CARTESIAN_POINT('',(2.511631770258E0,-2.396861102975E0,-2.290184352730E0));
#849=CARTESIAN_POINT('',(2.514497188598E0,-2.418267381895E0,-2.268778073810E0));
#850=CARTESIAN_POINT('',(2.526294839679E0,-2.456364832071E0,-2.230680623634E0));
#851=CARTESIAN_POINT('',(2.565339411873E0,-2.520552611932E0,-2.166492843773E0));
#852=CARTESIAN_POINT('',(2.636489367988E0,-2.583421468215E0,-2.103623987490E0));
#853=CARTESIAN_POINT('',(2.732110551288E0,-2.627271369379E0,-2.059774086326E0));
#854=CARTESIAN_POINT('',(2.826414334653E0,-2.648511876948E0,-2.038533578757E0));
#855=CARTESIAN_POINT('',(2.881239183395E0,-2.653168734419E0,-2.033876721286E0));
#856=CARTESIAN_POINT('',(2.911647540414E0,-2.653168734419E0,-2.033876721286E0));
#858=DIRECTION('',(9.423127788110E-2,-7.039603917370E-1,7.039603917370E-1));
#859=VECTOR('',#858,4.749391855670E-1);
#860=CARTESIAN_POINT('',(2.466877643886E0,-2.062522727852E0,-2.624522727852E0));
#861=LINE('',#860,#859);
#862=DIRECTION('',(1.E0,0.E0,0.E0));
#863=VECTOR('',#862,1.066244712228E0);
#864=CARTESIAN_POINT('',(2.466877643886E0,-2.062522727852E0,-2.624522727852E0));
#865=LINE('',#864,#863);
#866=DIRECTION('',(-9.423127788110E-2,-7.039603917370E-1,7.039603917370E-1));
#867=VECTOR('',#866,4.749391855670E-1);
#868=CARTESIAN_POINT('',(3.533122356114E0,-2.062522727852E0,-2.624522727852E0));
#869=LINE('',#868,#867);
#870=DIRECTION('',(-9.423127788109E-2,7.039603917370E-1,7.039603917370E-1));
#871=VECTOR('',#870,3.193805620602E-1);
#872=CARTESIAN_POINT('',(3.118448098079E0,-2.878E0,-2.258707986867E0));
#873=LINE('',#872,#871);
#874=DIRECTION('',(-9.423127788111E-2,-7.039603917370E-1,-7.039603917370E-1));
#875=VECTOR('',#874,3.193805620602E-1);
#876=CARTESIAN_POINT('',(2.911647540414E0,-2.653168734419E0,-2.033876721286E0));
#877=LINE('',#876,#875);
#878=DIRECTION('',(1.E0,0.E0,0.E0));
#879=VECTOR('',#878,1.767049191711E-1);
#880=CARTESIAN_POINT('',(2.911647540414E0,-2.653168734419E0,-2.033876721286E0));
#881=LINE('',#880,#879);
#882=CARTESIAN_POINT('',(3.671758259327E0,-2.287655872268E0,-3.660210526316E0));
#883=CARTESIAN_POINT('',(3.669843388468E0,-2.249338289540E0,-3.645905369145E0));
#884=CARTESIAN_POINT('',(3.665624208900E0,-2.186157053188E0,-3.614385736088E0));
#885=CARTESIAN_POINT('',(3.658692633443E0,-2.112210371761E0,-3.562602987476E0));
#886=CARTESIAN_POINT('',(3.651343876052E0,-2.052676095798E0,-3.507703656294E0));
#887=CARTESIAN_POINT('',(3.641122830240E0,-1.987900190159E0,-3.431346722847E0));
#888=CARTESIAN_POINT('',(3.627696557979E0,-1.929384681782E0,-3.331044953706E0));
#889=CARTESIAN_POINT('',(3.610755843887E0,-1.887812050205E0,-3.204488336871E0));
#890=CARTESIAN_POINT('',(3.593033860225E0,-1.873229978105E0,-3.072095199033E0));
#891=CARTESIAN_POINT('',(3.577575044578E0,-1.884932849232E0,-2.956609193076E0));
#892=CARTESIAN_POINT('',(3.564688923216E0,-1.912227443845E0,-2.860342653493E0));
#893=CARTESIAN_POINT('',(3.554708079540E0,-1.943623986278E0,-2.785780164459E0));
#894=CARTESIAN_POINT('',(3.544311586989E0,-1.989379971524E0,-2.708112545662E0));
#895=CARTESIAN_POINT('',(3.536980711450E0,-2.033698653780E0,-2.653346801925E0));
#896=CARTESIAN_POINT('',(3.533122356114E0,-2.062522727852E0,-2.624522727852E0));
#898=CARTESIAN_POINT('',(2.466877643886E0,-2.062522727852E0,-2.624522727852E0));
#899=CARTESIAN_POINT('',(2.463019288550E0,-2.033698653780E0,-2.653346801925E0));
#900=CARTESIAN_POINT('',(2.455688413011E0,-1.989379971524E0,-2.708112545662E0));
#901=CARTESIAN_POINT('',(2.445291920460E0,-1.943623986278E0,-2.785780164459E0));
#902=CARTESIAN_POINT('',(2.435311076784E0,-1.912227443845E0,-2.860342653493E0));
#903=CARTESIAN_POINT('',(2.422424955422E0,-1.884932849232E0,-2.956609193076E0));
#904=CARTESIAN_POINT('',(2.406966139775E0,-1.873229978105E0,-3.072095199033E0));
#905=CARTESIAN_POINT('',(2.389244156113E0,-1.887812050205E0,-3.204488336871E0));
#906=CARTESIAN_POINT('',(2.372303442021E0,-1.929384681782E0,-3.331044953706E0));
#907=CARTESIAN_POINT('',(2.358877169760E0,-1.987900190159E0,-3.431346722847E0));
#908=CARTESIAN_POINT('',(2.348656123948E0,-2.052676095798E0,-3.507703656294E0));
#909=CARTESIAN_POINT('',(2.341307366557E0,-2.112210371761E0,-3.562602987476E0));
#910=CARTESIAN_POINT('',(2.334375791100E0,-2.186157053188E0,-3.614385736088E0));
#911=CARTESIAN_POINT('',(2.330156611532E0,-2.249338289540E0,-3.645905369145E0));
#912=CARTESIAN_POINT('',(2.328241740673E0,-2.287655872268E0,-3.660210526316E0));
#914=DIRECTION('',(1.E0,0.E0,0.E0));
#915=VECTOR('',#914,1.343516518655E0);
#916=CARTESIAN_POINT('',(2.328241740673E0,-2.287655872268E0,-3.660210526316E0));
#917=LINE('',#916,#915);
#918=DIRECTION('',(-9.423127788110E-2,7.039603917370E-1,7.039603917370E-1));
#919=VECTOR('',#918,3.193805620602E-1);
#920=CARTESIAN_POINT('',(3.518463868235E0,-2.621692368557E0,-2.515015618311E0));
#921=LINE('',#920,#919);
#922=DIRECTION('',(0.E0,1.E0,0.E0));
#923=VECTOR('',#922,3.18E-1);
#924=CARTESIAN_POINT('',(4.220975247376E0,-2.874535873251E0,-7.763168851289E0));
#925=LINE('',#924,#923);
#926=CARTESIAN_POINT('',(3.671758259327E0,-2.287655872268E0,-3.660210526316E0));
#927=CARTESIAN_POINT('',(3.673468605744E0,-2.321880812280E0,-3.672987771413E0));
#928=CARTESIAN_POINT('',(3.677989991001E0,-2.378541315619E0,-3.706765050132E0));
#929=CARTESIAN_POINT('',(3.686897832643E0,-2.440763285184E0,-3.773311613361E0));
#930=CARTESIAN_POINT('',(3.697726133520E0,-2.482415459928E0,-3.854205082056E0));
#931=CARTESIAN_POINT('',(3.706351833536E0,-2.495115169465E0,-3.918643889410E0));
#932=CARTESIAN_POINT('',(3.711203463992E0,-2.495694215325E0,-3.954888284615E0));
#934=CARTESIAN_POINT('',(2.328241740673E0,-2.287655872268E0,-3.660210526316E0));
#935=CARTESIAN_POINT('',(2.326531394256E0,-2.321880812280E0,-3.672987771413E0));
#936=CARTESIAN_POINT('',(2.322010008999E0,-2.378541315619E0,-3.706765050132E0));
#937=CARTESIAN_POINT('',(2.313102167357E0,-2.440763285184E0,-3.773311613361E0));
#938=CARTESIAN_POINT('',(2.302273866480E0,-2.482415459928E0,-3.854205082056E0));
#939=CARTESIAN_POINT('',(2.293648166464E0,-2.495115169465E0,-3.918643889410E0));
#940=CARTESIAN_POINT('',(2.288796536008E0,-2.495694215325E0,-3.954888284615E0));
#942=DIRECTION('',(1.E0,0.E0,0.E0));
#943=VECTOR('',#942,1.422406927984E0);
#944=CARTESIAN_POINT('',(2.288796536008E0,-2.495694215325E0,-3.954888284615E0));
#945=LINE('',#944,#943);
#946=DIRECTION('',(1.326587744720E-1,-1.583292767552E-2,-9.910353010649E-1));
#947=VECTOR('',#946,3.847854543214E0);
#948=CARTESIAN_POINT('',(3.710523579327E0,-2.813613070563E0,-3.949809165601E0));
#949=LINE('',#948,#947);
#950=DIRECTION('',(-1.E0,0.E0,1.611555103490E-13));
#951=VECTOR('',#950,2.937529698333E0);
#952=CARTESIAN_POINT('',(4.468765132771E0,-2.878E0,-7.98E0));
#953=LINE('',#952,#951);
#954=DIRECTION('',(-1.326587744720E-1,-1.583292767552E-2,-9.910353010649E-1));
#955=VECTOR('',#954,3.847854543214E0);
#956=CARTESIAN_POINT('',(2.289476420673E0,-2.813613070563E0,-3.949809165601E0));
#957=LINE('',#956,#955);
#958=DIRECTION('',(1.E0,0.E0,0.E0));
#959=VECTOR('',#958,1.421047158653E0);
#960=CARTESIAN_POINT('',(2.289476420673E0,-2.813613070563E0,-3.949809165601E0));
#961=LINE('',#960,#959);
#962=CARTESIAN_POINT('',(3.631884704052E0,-2.398863002685E0,-3.362332749182E0));
#963=CARTESIAN_POINT('',(3.633589597203E0,-2.432978819953E0,-3.375069255332E0));
#964=CARTESIAN_POINT('',(3.637568527036E0,-2.495114430447E0,-3.404794088391E0));
#965=CARTESIAN_POINT('',(3.647255936857E0,-2.600860659517E0,-3.477164462283E0));
#966=CARTESIAN_POINT('',(3.662075296678E0,-2.704015935452E0,-3.587873375284E0));
#967=CARTESIAN_POINT('',(3.680045276691E0,-2.773425318887E0,-3.722119184680E0));
#968=CARTESIAN_POINT('',(3.696571545195E0,-2.805921401680E0,-3.845579660988E0));
#969=CARTESIAN_POINT('',(3.705687417802E0,-2.813035870932E0,-3.913680331967E0));
#970=CARTESIAN_POINT('',(3.710523579327E0,-2.813613070563E0,-3.949809165601E0));
#972=CARTESIAN_POINT('',(2.368115295948E0,-2.398863002685E0,-3.362332749182E0));
#973=CARTESIAN_POINT('',(2.366410402797E0,-2.432978819953E0,-3.375069255332E0));
#974=CARTESIAN_POINT('',(2.362431472964E0,-2.495114430447E0,-3.404794088391E0));
#975=CARTESIAN_POINT('',(2.352744063143E0,-2.600860659517E0,-3.477164462283E0));
#976=CARTESIAN_POINT('',(2.337924703322E0,-2.704015935452E0,-3.587873375284E0));
#977=CARTESIAN_POINT('',(2.319954723309E0,-2.773425318887E0,-3.722119184680E0));
#978=CARTESIAN_POINT('',(2.303428454805E0,-2.805921401680E0,-3.845579660988E0));
#979=CARTESIAN_POINT('',(2.294312582198E0,-2.813035870932E0,-3.913680331967E0));
#980=CARTESIAN_POINT('',(2.289476420673E0,-2.813613070563E0,-3.949809165601E0));
#982=DIRECTION('',(1.E0,0.E0,0.E0));
#983=VECTOR('',#982,1.263769408104E0);
#984=CARTESIAN_POINT('',(2.368115295948E0,-2.398863002685E0,-3.362332749182E0));
#985=LINE('',#984,#983);
#986=CARTESIAN_POINT('',(3.631884704052E0,-2.398863002685E0,-3.362332749182E0));
#987=CARTESIAN_POINT('',(3.630936263728E0,-2.379884208167E0,-3.355247369073E0));
#988=CARTESIAN_POINT('',(3.628846708901E0,-2.348582943765E0,-3.339637224890E0));
#989=CARTESIAN_POINT('',(3.624267781199E0,-2.299792949389E0,-3.305430071898E0));
#990=CARTESIAN_POINT('',(3.618038849885E0,-2.256261102989E0,-3.258896468338E0));
#991=CARTESIAN_POINT('',(3.610061422224E0,-2.221390038108E0,-3.199300618342E0));
#992=CARTESIAN_POINT('',(3.601669761971E0,-2.200829487589E0,-3.136610219019E0));
#993=CARTESIAN_POINT('',(3.592892896210E0,-2.193576651279E0,-3.071042118937E0));
#994=CARTESIAN_POINT('',(3.583702122173E0,-2.200623125215E0,-3.002381892341E0));
#995=CARTESIAN_POINT('',(3.575624861079E0,-2.220945621488E0,-2.942040230725E0));
#996=CARTESIAN_POINT('',(3.568760261810E0,-2.251118838712E0,-2.890757831721E0));
#997=CARTESIAN_POINT('',(3.565129047651E0,-2.273077357486E0,-2.863630629381E0));
#998=CARTESIAN_POINT('',(3.563217994607E0,-2.287353993434E0,-2.849353993434E0));
#1000=CARTESIAN_POINT('',(2.368115295948E0,-2.398863002685E0,
-3.362332749182E0));
#1001=CARTESIAN_POINT('',(2.369063736272E0,-2.379884208167E0,
-3.355247369073E0));
#1002=CARTESIAN_POINT('',(2.371153291099E0,-2.348582943765E0,
-3.339637224890E0));
#1003=CARTESIAN_POINT('',(2.375732218801E0,-2.299792949389E0,
-3.305430071898E0));
#1004=CARTESIAN_POINT('',(2.381961150115E0,-2.256261102989E0,
-3.258896468338E0));
#1005=CARTESIAN_POINT('',(2.389938577776E0,-2.221390038108E0,
-3.199300618342E0));
#1006=CARTESIAN_POINT('',(2.398330238029E0,-2.200829487589E0,
-3.136610219019E0));
#1007=CARTESIAN_POINT('',(2.407107103790E0,-2.193576651279E0,
-3.071042118937E0));
#1008=CARTESIAN_POINT('',(2.416297877827E0,-2.200623125215E0,
-3.002381892341E0));
#1009=CARTESIAN_POINT('',(2.424375138921E0,-2.220945621488E0,
-2.942040230725E0));
#1010=CARTESIAN_POINT('',(2.431239738190E0,-2.251118838712E0,
-2.890757831721E0));
#1011=CARTESIAN_POINT('',(2.434870952349E0,-2.273077357486E0,
-2.863630629381E0));
#1012=CARTESIAN_POINT('',(2.436782005393E0,-2.287353993434E0,
-2.849353993434E0));
#1014=DIRECTION('',(1.E0,0.E0,0.E0));
#1015=VECTOR('',#1014,1.126435989214E0);
#1016=CARTESIAN_POINT('',(2.436782005393E0,-2.287353993434E0,
-2.849353993434E0));
#1017=LINE('',#1016,#1015);
#1018=DIRECTION('',(1.326587744720E-1,-1.583292767552E-2,-9.910353010649E-1));
#1019=VECTOR('',#1018,3.847854543214E0);
#1020=CARTESIAN_POINT('',(-2.289476420673E0,-2.813613070563E0,
-3.949809165601E0));
#1021=LINE('',#1020,#1019);
#1022=DIRECTION('',(-1.E0,0.E0,1.611555103490E-13));
#1023=VECTOR('',#1022,2.937529698333E0);
#1024=CARTESIAN_POINT('',(-1.531234867229E0,-2.878E0,-7.98E0));
#1025=LINE('',#1024,#1023);
#1026=DIRECTION('',(-1.326587744720E-1,-1.583292767552E-2,-9.910353010649E-1));
#1027=VECTOR('',#1026,3.847854543214E0);
#1028=CARTESIAN_POINT('',(-3.710523579327E0,-2.813613070563E0,
-3.949809165601E0));
#1029=LINE('',#1028,#1027);
#1030=DIRECTION('',(-1.E0,0.E0,0.E0));
#1031=VECTOR('',#1030,1.421047158653E0);
#1032=CARTESIAN_POINT('',(-2.289476420673E0,-2.813613070563E0,
-3.949809165601E0));
#1033=LINE('',#1032,#1031);
#1034=DIRECTION('',(-9.423127788110E-2,7.039603917370E-1,7.039603917370E-1));
#1035=VECTOR('',#1034,3.193805620602E-1);
#1036=CARTESIAN_POINT('',(-2.481536131765E0,-2.621692368557E0,
-2.515015618311E0));
#1037=LINE('',#1036,#1035);
#1038=DIRECTION('',(0.E0,1.E0,0.E0));
#1039=VECTOR('',#1038,3.18E-1);
#1040=CARTESIAN_POINT('',(-1.779024752624E0,-2.874535873251E0,
-7.763168851289E0));
#1041=LINE('',#1040,#1039);
#1042=CARTESIAN_POINT('',(-2.911647540414E0,-2.653168734419E0,
-2.033876721286E0));
#1043=CARTESIAN_POINT('',(-2.881239183395E0,-2.653168734419E0,
-2.033876721286E0));
#1044=CARTESIAN_POINT('',(-2.826414334653E0,-2.648511876948E0,
-2.038533578757E0));
#1045=CARTESIAN_POINT('',(-2.732110551288E0,-2.627271369379E0,
-2.059774086326E0));
#1046=CARTESIAN_POINT('',(-2.636489367988E0,-2.583421468215E0,
-2.103623987490E0));
#1047=CARTESIAN_POINT('',(-2.565339411873E0,-2.520552611932E0,
-2.166492843773E0));
#1048=CARTESIAN_POINT('',(-2.526294839679E0,-2.456364832071E0,
-2.230680623634E0));
#1049=CARTESIAN_POINT('',(-2.514497188598E0,-2.418267381895E0,
-2.268778073810E0));
#1050=CARTESIAN_POINT('',(-2.511631770258E0,-2.396861102975E0,
-2.290184352730E0));
#1052=CARTESIAN_POINT('',(-3.488368229742E0,-2.396861102975E0,
-2.290184352730E0));
#1053=CARTESIAN_POINT('',(-3.485502811402E0,-2.418267381895E0,
-2.268778073810E0));
#1054=CARTESIAN_POINT('',(-3.473705160321E0,-2.456364832071E0,
-2.230680623634E0));
#1055=CARTESIAN_POINT('',(-3.434660588127E0,-2.520552611932E0,
-2.166492843773E0));
#1056=CARTESIAN_POINT('',(-3.363510632012E0,-2.583421468215E0,
-2.103623987490E0));
#1057=CARTESIAN_POINT('',(-3.267889448712E0,-2.627271369379E0,
-2.059774086326E0));
#1058=CARTESIAN_POINT('',(-3.173585665347E0,-2.648511876948E0,
-2.038533578757E0));
#1059=CARTESIAN_POINT('',(-3.118760816605E0,-2.653168734419E0,
-2.033876721286E0));
#1060=CARTESIAN_POINT('',(-3.088352459586E0,-2.653168734419E0,
-2.033876721286E0));
#1062=DIRECTION('',(9.423127788110E-2,-7.039603917370E-1,7.039603917370E-1));
#1063=VECTOR('',#1062,4.749391855670E-1);
#1064=CARTESIAN_POINT('',(-3.533122356114E0,-2.062522727852E0,
-2.624522727852E0));
#1065=LINE('',#1064,#1063);
#1066=DIRECTION('',(-1.E0,0.E0,0.E0));
#1067=VECTOR('',#1066,1.066244712228E0);
#1068=CARTESIAN_POINT('',(-2.466877643886E0,-2.062522727852E0,
-2.624522727852E0));
#1069=LINE('',#1068,#1067);
#1070=DIRECTION('',(-9.423127788110E-2,-7.039603917370E-1,7.039603917370E-1));
#1071=VECTOR('',#1070,4.749391855670E-1);
#1072=CARTESIAN_POINT('',(-2.466877643886E0,-2.062522727852E0,
-2.624522727852E0));
#1073=LINE('',#1072,#1071);
#1074=DIRECTION('',(-9.423127788109E-2,7.039603917370E-1,7.039603917370E-1));
#1075=VECTOR('',#1074,3.193805620602E-1);
#1076=CARTESIAN_POINT('',(-2.881551901921E0,-2.878E0,-2.258707986867E0));
#1077=LINE('',#1076,#1075);
#1078=DIRECTION('',(-9.423127788111E-2,-7.039603917370E-1,-7.039603917370E-1));
#1079=VECTOR('',#1078,3.193805620602E-1);
#1080=CARTESIAN_POINT('',(-3.088352459586E0,-2.653168734419E0,
-2.033876721286E0));
#1081=LINE('',#1080,#1079);
#1082=DIRECTION('',(-1.E0,0.E0,0.E0));
#1083=VECTOR('',#1082,1.767049191711E-1);
#1084=CARTESIAN_POINT('',(-2.911647540414E0,-2.653168734419E0,
-2.033876721286E0));
#1085=LINE('',#1084,#1083);
#1086=CARTESIAN_POINT('',(-2.481536131765E0,-2.621692368556E0,
-2.515015618311E0));
#1087=CARTESIAN_POINT('',(-2.484401550105E0,-2.643098647476E0,
-2.493609339391E0));
#1088=CARTESIAN_POINT('',(-2.496199201186E0,-2.681196097652E0,
-2.455511889215E0));
#1089=CARTESIAN_POINT('',(-2.535243773380E0,-2.745383877513E0,
-2.391324109354E0));
#1090=CARTESIAN_POINT('',(-2.606393729495E0,-2.808252733796E0,
-2.328455253071E0));
#1091=CARTESIAN_POINT('',(-2.702014912795E0,-2.852102634960E0,
-2.284605351907E0));
#1092=CARTESIAN_POINT('',(-2.796318696159E0,-2.873343142529E0,
-2.263364844338E0));
#1093=CARTESIAN_POINT('',(-2.851143544902E0,-2.878E0,-2.258707986867E0));
#1094=CARTESIAN_POINT('',(-2.881551901921E0,-2.878E0,-2.258707986867E0));
#1096=DIRECTION('',(9.423127788110E-2,7.039603917370E-1,-7.039603917370E-1));
#1097=VECTOR('',#1096,4.749391855670E-1);
#1098=CARTESIAN_POINT('',(-2.481536131765E0,-2.621692368557E0,
-2.515015618311E0));
#1099=LINE('',#1098,#1097);
#1100=DIRECTION('',(-9.423127788110E-2,7.039603917370E-1,-7.039603917370E-1));
#1101=VECTOR('',#1100,4.749391855670E-1);
#1102=CARTESIAN_POINT('',(-3.518463868235E0,-2.621692368557E0,
-2.515015618311E0));
#1103=LINE('',#1102,#1101);
#1104=CARTESIAN_POINT('',(-3.118448098079E0,-2.878E0,-2.258707986867E0));
#1105=CARTESIAN_POINT('',(-3.148856455098E0,-2.878E0,-2.258707986867E0));
#1106=CARTESIAN_POINT('',(-3.203681303841E0,-2.873343142529E0,
-2.263364844338E0));
#1107=CARTESIAN_POINT('',(-3.297985087205E0,-2.852102634960E0,
-2.284605351907E0));
#1108=CARTESIAN_POINT('',(-3.393606270505E0,-2.808252733796E0,
-2.328455253071E0));
#1109=CARTESIAN_POINT('',(-3.464756226620E0,-2.745383877513E0,
-2.391324109354E0));
#1110=CARTESIAN_POINT('',(-3.503800798814E0,-2.681196097652E0,
-2.455511889215E0));
#1111=CARTESIAN_POINT('',(-3.515598449895E0,-2.643098647476E0,
-2.493609339391E0));
#1112=CARTESIAN_POINT('',(-3.518463868235E0,-2.621692368557E0,
-2.515015618311E0));
#1114=DIRECTION('',(-1.E0,0.E0,0.E0));
#1115=VECTOR('',#1114,2.368961961577E-1);
#1116=CARTESIAN_POINT('',(-2.881551901921E0,-2.878E0,-2.258707986867E0));
#1117=LINE('',#1116,#1115);
#1118=CARTESIAN_POINT('',(-2.368115295948E0,-2.398863002685E0,
-3.362332749182E0));
#1119=CARTESIAN_POINT('',(-2.369063736272E0,-2.379884208167E0,
-3.355247369073E0));
#1120=CARTESIAN_POINT('',(-2.371153291099E0,-2.348582943765E0,
-3.339637224890E0));
#1121=CARTESIAN_POINT('',(-2.375732218801E0,-2.299792949389E0,
-3.305430071898E0));
#1122=CARTESIAN_POINT('',(-2.381961150115E0,-2.256261102989E0,
-3.258896468338E0));
#1123=CARTESIAN_POINT('',(-2.389938577776E0,-2.221390038108E0,
-3.199300618342E0));
#1124=CARTESIAN_POINT('',(-2.398330238029E0,-2.200829487589E0,
-3.136610219019E0));
#1125=CARTESIAN_POINT('',(-2.407107103790E0,-2.193576651279E0,
-3.071042118937E0));
#1126=CARTESIAN_POINT('',(-2.416297877827E0,-2.200623125215E0,
-3.002381892341E0));
#1127=CARTESIAN_POINT('',(-2.424375138921E0,-2.220945621488E0,
-2.942040230725E0));
#1128=CARTESIAN_POINT('',(-2.431239738190E0,-2.251118838712E0,
-2.890757831721E0));
#1129=CARTESIAN_POINT('',(-2.434870952349E0,-2.273077357486E0,
-2.863630629381E0));
#1130=CARTESIAN_POINT('',(-2.436782005393E0,-2.287353993434E0,
-2.849353993434E0));
#1132=CARTESIAN_POINT('',(-3.631884704052E0,-2.398863002685E0,
-3.362332749182E0));
#1133=CARTESIAN_POINT('',(-3.630936263728E0,-2.379884208167E0,
-3.355247369073E0));
#1134=CARTESIAN_POINT('',(-3.628846708901E0,-2.348582943765E0,
-3.339637224890E0));
#1135=CARTESIAN_POINT('',(-3.624267781199E0,-2.299792949389E0,
-3.305430071898E0));
#1136=CARTESIAN_POINT('',(-3.618038849885E0,-2.256261102989E0,
-3.258896468338E0));
#1137=CARTESIAN_POINT('',(-3.610061422224E0,-2.221390038108E0,
-3.199300618342E0));
#1138=CARTESIAN_POINT('',(-3.601669761971E0,-2.200829487589E0,
-3.136610219019E0));
#1139=CARTESIAN_POINT('',(-3.592892896210E0,-2.193576651279E0,
-3.071042118937E0));
#1140=CARTESIAN_POINT('',(-3.583702122173E0,-2.200623125215E0,
-3.002381892341E0));
#1141=CARTESIAN_POINT('',(-3.575624861079E0,-2.220945621488E0,
-2.942040230725E0));
#1142=CARTESIAN_POINT('',(-3.568760261810E0,-2.251118838712E0,
-2.890757831721E0));
#1143=CARTESIAN_POINT('',(-3.565129047651E0,-2.273077357486E0,
-2.863630629381E0));
#1144=CARTESIAN_POINT('',(-3.563217994607E0,-2.287353993434E0,
-2.849353993434E0));
#1146=DIRECTION('',(-1.E0,0.E0,0.E0));
#1147=VECTOR('',#1146,1.126435989214E0);
#1148=CARTESIAN_POINT('',(-2.436782005393E0,-2.287353993434E0,
-2.849353993434E0));
#1149=LINE('',#1148,#1147);
#1150=CARTESIAN_POINT('',(-2.368115295948E0,-2.398863002685E0,
-3.362332749182E0));
#1151=CARTESIAN_POINT('',(-2.366410402797E0,-2.432978819953E0,
-3.375069255332E0));
#1152=CARTESIAN_POINT('',(-2.362431472964E0,-2.495114430447E0,
-3.404794088391E0));
#1153=CARTESIAN_POINT('',(-2.352744063143E0,-2.600860659517E0,
-3.477164462283E0));
#1154=CARTESIAN_POINT('',(-2.337924703322E0,-2.704015935452E0,
-3.587873375284E0));
#1155=CARTESIAN_POINT('',(-2.319954723309E0,-2.773425318887E0,
-3.722119184680E0));
#1156=CARTESIAN_POINT('',(-2.303428454805E0,-2.805921401680E0,
-3.845579660988E0));
#1157=CARTESIAN_POINT('',(-2.294312582198E0,-2.813035870932E0,
-3.913680331967E0));
#1158=CARTESIAN_POINT('',(-2.289476420673E0,-2.813613070563E0,
-3.949809165601E0));
#1160=CARTESIAN_POINT('',(-3.631884704052E0,-2.398863002685E0,
-3.362332749182E0));
#1161=CARTESIAN_POINT('',(-3.633589597203E0,-2.432978819953E0,
-3.375069255332E0));
#1162=CARTESIAN_POINT('',(-3.637568527036E0,-2.495114430447E0,
-3.404794088391E0));
#1163=CARTESIAN_POINT('',(-3.647255936857E0,-2.600860659517E0,
-3.477164462283E0));
#1164=CARTESIAN_POINT('',(-3.662075296678E0,-2.704015935452E0,
-3.587873375284E0));
#1165=CARTESIAN_POINT('',(-3.680045276691E0,-2.773425318887E0,
-3.722119184680E0));
#1166=CARTESIAN_POINT('',(-3.696571545195E0,-2.805921401680E0,
-3.845579660988E0));
#1167=CARTESIAN_POINT('',(-3.705687417802E0,-2.813035870932E0,
-3.913680331967E0));
#1168=CARTESIAN_POINT('',(-3.710523579327E0,-2.813613070563E0,
-3.949809165601E0));
#1170=DIRECTION('',(-1.E0,0.E0,0.E0));
#1171=VECTOR('',#1170,1.263769408104E0);
#1172=CARTESIAN_POINT('',(-2.368115295948E0,-2.398863002685E0,
-3.362332749182E0));
#1173=LINE('',#1172,#1171);
#1174=DIRECTION('',(-9.423127788110E-2,-7.039603917370E-1,-7.039603917370E-1));
#1175=VECTOR('',#1174,3.193805620602E-1);
#1176=CARTESIAN_POINT('',(-3.488368229742E0,-2.396861102975E0,
-2.290184352730E0));
#1177=LINE('',#1176,#1175);
#1178=DIRECTION('',(0.E0,-1.E0,0.E0));
#1179=VECTOR('',#1178,3.18E-1);
#1180=CARTESIAN_POINT('',(-4.220975247376E0,-2.556535873251E0,
-7.763168851289E0));
#1181=LINE('',#1180,#1179);
#1182=CARTESIAN_POINT('',(-4.468765132771E0,-2.878E0,-7.73E0));
#1183=DIRECTION('',(0.E0,1.E0,0.E0));
#1184=DIRECTION('',(1.762856527421E-11,0.E0,-1.E0));
#1185=AXIS2_PLACEMENT_3D('',#1182,#1183,#1184);
#1187=CARTESIAN_POINT('',(-4.468765132771E0,-2.56E0,-7.73E0));
#1188=DIRECTION('',(0.E0,-1.E0,0.E0));
#1189=DIRECTION('',(-9.911595415809E-1,0.E0,1.326754051556E-1));
#1190=AXIS2_PLACEMENT_3D('',#1187,#1188,#1189);
#1192=CARTESIAN_POINT('',(-4.468764281915E0,-2.56E0,-7.979999999999E0));
#1193=CARTESIAN_POINT('',(-4.450532774064E0,-2.559999999009E0,
-7.979999937949E0));
#1194=CARTESIAN_POINT('',(-4.417428209876E0,-2.559938690200E0,
-7.976162416897E0));
#1195=CARTESIAN_POINT('',(-4.360049080143E0,-2.559654885446E0,
-7.958398138797E0));
#1196=CARTESIAN_POINT('',(-4.301263338427E0,-2.559063949776E0,
-7.921409521065E0));
#1197=CARTESIAN_POINT('',(-4.256805285879E0,-2.558211469422E0,
-7.868049956619E0));
#1198=CARTESIAN_POINT('',(-4.231588217401E0,-2.557340562583E0,
-7.813537017602E0));
#1199=CARTESIAN_POINT('',(-4.223393816864E0,-2.556824531397E0,
-7.781236919161E0));
#1200=CARTESIAN_POINT('',(-4.220975247376E0,-2.556535873251E0,
-7.763168851289E0));
#1202=CARTESIAN_POINT('',(-4.220975247376E0,-2.874535873251E0,
-7.763168851289E0));
#1203=CARTESIAN_POINT('',(-4.223393816864E0,-2.874824531397E0,
-7.781236919164E0));
#1204=CARTESIAN_POINT('',(-4.231588217404E0,-2.875340562583E0,
-7.813537017610E0));
#1205=CARTESIAN_POINT('',(-4.256805285888E0,-2.876211469422E0,
-7.868049956633E0));
#1206=CARTESIAN_POINT('',(-4.301263338444E0,-2.877063949776E0,
-7.921409521082E0));
#1207=CARTESIAN_POINT('',(-4.360049080171E0,-2.877654885446E0,
-7.958398138811E0));
#1208=CARTESIAN_POINT('',(-4.417428209913E0,-2.877938690201E0,
-7.976162416905E0));
#1209=CARTESIAN_POINT('',(-4.450532774108E0,-2.877999999009E0,
-7.979999937952E0));
#1210=CARTESIAN_POINT('',(-4.468764281962E0,-2.878E0,-7.979999999999E0));
#1212=DIRECTION('',(0.E0,1.E0,0.E0));
#1213=VECTOR('',#1212,3.18E-1);
#1214=CARTESIAN_POINT('',(-4.716555018166E0,2.56E0,-7.696831148711E0));
#1215=LINE('',#1214,#1213);
#1216=DIRECTION('',(-1.326754051556E-1,0.E0,-9.911595415809E-1));
#1217=VECTOR('',#1216,6.187848052265E0);
#1218=CARTESIAN_POINT('',(-3.895579770790E0,2.878E0,-1.563686509856E0));
#1219=LINE('',#1218,#1217);
#1220=DIRECTION('',(0.E0,1.E0,0.E0));
#1221=VECTOR('',#1220,3.18E-1);
#1222=CARTESIAN_POINT('',(-4.716555018166E0,-2.878E0,-7.696831148711E0));
#1223=LINE('',#1222,#1221);
#1224=DIRECTION('',(1.326754051556E-1,0.E0,9.911595415809E-1));
#1225=VECTOR('',#1224,6.187848052265E0);
#1226=CARTESIAN_POINT('',(-4.716555018166E0,-2.878E0,-7.696831148711E0));
#1227=LINE('',#1226,#1225);
#1228=CARTESIAN_POINT('',(-4.468764281866E0,2.878E0,-7.979999999999E0));
#1229=CARTESIAN_POINT('',(-4.450532774019E0,2.877999999009E0,
-7.979999937945E0));
#1230=CARTESIAN_POINT('',(-4.417428209837E0,2.877938690200E0,
-7.976162416888E0));
#1231=CARTESIAN_POINT('',(-4.360049080114E0,2.877654885446E0,
-7.958398138783E0));
#1232=CARTESIAN_POINT('',(-4.301263338409E0,2.877063949776E0,
-7.921409521048E0));
#1233=CARTESIAN_POINT('',(-4.256805285871E0,2.876211469421E0,
-7.868049956605E0));
#1234=CARTESIAN_POINT('',(-4.231588217399E0,2.875340562583E0,
-7.813537017593E0));
#1235=CARTESIAN_POINT('',(-4.223393816864E0,2.874824531396E0,
-7.781236919157E0));
#1236=CARTESIAN_POINT('',(-4.220975247376E0,2.874535873251E0,
-7.763168851289E0));
#1238=CARTESIAN_POINT('',(-4.220975247376E0,2.556535873251E0,
-7.763168851289E0));
#1239=CARTESIAN_POINT('',(-4.223393816862E0,2.556824531396E0,
-7.781236919148E0));
#1240=CARTESIAN_POINT('',(-4.231588217392E0,2.557340562583E0,
-7.813537017572E0));
#1241=CARTESIAN_POINT('',(-4.256805285849E0,2.558211469421E0,
-7.868049956569E0));
#1242=CARTESIAN_POINT('',(-4.301263338364E0,2.559063949775E0,
-7.921409521006E0));
#1243=CARTESIAN_POINT('',(-4.360049080043E0,2.559654885445E0,
-7.958398138747E0));
#1244=CARTESIAN_POINT('',(-4.417428209740E0,2.559938690200E0,
-7.976162416867E0));
#1245=CARTESIAN_POINT('',(-4.450532773908E0,2.559999999008E0,
-7.979999937937E0));
#1246=CARTESIAN_POINT('',(-4.468764281746E0,2.56E0,-7.979999999999E0));
#1248=CARTESIAN_POINT('',(-4.468765132771E0,2.56E0,-7.73E0));
#1249=DIRECTION('',(0.E0,1.E0,0.E0));
#1250=DIRECTION('',(1.628919221730E-11,0.E0,-1.E0));
#1251=AXIS2_PLACEMENT_3D('',#1248,#1249,#1250);
#1253=CARTESIAN_POINT('',(-4.468765132771E0,2.878E0,-7.73E0));
#1254=DIRECTION('',(0.E0,-1.E0,0.E0));
#1255=DIRECTION('',(-9.911595415809E-1,0.E0,1.326754051556E-1));
#1256=AXIS2_PLACEMENT_3D('',#1253,#1254,#1255);
#1258=DIRECTION('',(1.E0,0.E0,-1.641790658938E-13));
#1259=VECTOR('',#1258,2.937529698269E0);
#1260=CARTESIAN_POINT('',(-4.468764565498E0,2.878E0,-7.98E0));
#1261=LINE('',#1260,#1259);
#1262=DIRECTION('',(1.326587744720E-1,1.583292767552E-2,-9.910353010649E-1));
#1263=VECTOR('',#1262,3.847854543214E0);
#1264=CARTESIAN_POINT('',(-2.289476420673E0,2.813613070563E0,
-3.949809165601E0));
#1265=LINE('',#1264,#1263);
#1266=DIRECTION('',(-1.326587744720E-1,1.583292767552E-2,-9.910353010649E-1));
#1267=VECTOR('',#1266,3.847854543214E0);
#1268=CARTESIAN_POINT('',(-3.710523579327E0,2.813613070563E0,
-3.949809165601E0));
#1269=LINE('',#1268,#1267);
#1270=CARTESIAN_POINT('',(-1.531234867229E0,2.56E0,-7.73E0));
#1271=DIRECTION('',(0.E0,1.E0,0.E0));
#1272=DIRECTION('',(9.911595415809E-1,0.E0,1.326754051556E-1));
#1273=AXIS2_PLACEMENT_3D('',#1270,#1271,#1272);
#1275=CARTESIAN_POINT('',(-1.531234867225E0,2.56E0,-7.98E0));
#1276=CARTESIAN_POINT('',(-1.549466437679E0,2.56E0,-7.98E0));
#1277=CARTESIAN_POINT('',(-1.582571106794E0,2.559938692594E0,
-7.976162566696E0));
#1278=CARTESIAN_POINT('',(-1.639950414874E0,2.559654889514E0,
-7.958398393447E0));
#1279=CARTESIAN_POINT('',(-1.698736346470E0,2.559063954524E0,
-7.921409818238E0));
#1280=CARTESIAN_POINT('',(-1.743194563662E0,2.558211473490E0,
-7.868050211260E0));
#1281=CARTESIAN_POINT('',(-1.768411737410E0,2.557340564976E0,
-7.813537167389E0));
#1282=CARTESIAN_POINT('',(-1.776606174831E0,2.556824532388E0,
-7.781236981203E0));
#1283=CARTESIAN_POINT('',(-1.779024752624E0,2.556535873251E0,
-7.763168851289E0));
#1285=CARTESIAN_POINT('',(-1.779024752624E0,2.874535873251E0,
-7.763168851289E0));
#1286=CARTESIAN_POINT('',(-1.776606174831E0,2.874824532388E0,
-7.781236981203E0));
#1287=CARTESIAN_POINT('',(-1.768411737410E0,2.875340564976E0,
-7.813537167389E0));
#1288=CARTESIAN_POINT('',(-1.743194563662E0,2.876211473490E0,
-7.868050211260E0));
#1289=CARTESIAN_POINT('',(-1.698736346469E0,2.877063954524E0,
-7.921409818238E0));
#1290=CARTESIAN_POINT('',(-1.639950414874E0,2.877654889514E0,
-7.958398393447E0));
#1291=CARTESIAN_POINT('',(-1.582571106794E0,2.877938692594E0,
-7.976162566697E0));
#1292=CARTESIAN_POINT('',(-1.549466437679E0,2.878E0,-7.98E0));
#1293=CARTESIAN_POINT('',(-1.531234867224E0,2.878E0,-7.98E0));
#1295=CARTESIAN_POINT('',(-1.531234867229E0,2.878E0,-7.73E0));
#1296=DIRECTION('',(0.E0,-1.E0,0.E0));
#1297=DIRECTION('',(-1.686739636853E-11,0.E0,-1.E0));
#1298=AXIS2_PLACEMENT_3D('',#1295,#1296,#1297);
#1300=DIRECTION('',(1.326587744720E-1,1.583292767552E-2,-9.910353010649E-1));
#1301=VECTOR('',#1300,3.842729479547E0);
#1302=CARTESIAN_POINT('',(-2.288796536008E0,2.495694215325E0,
-3.954888284615E0));
#1303=LINE('',#1302,#1301);
#1304=DIRECTION('',(-1.E0,0.E0,1.641790658983E-13));
#1305=VECTOR('',#1304,2.937529698189E0);
#1306=CARTESIAN_POINT('',(-1.531234867229E0,2.56E0,-7.98E0));
#1307=LINE('',#1306,#1305);
#1308=DIRECTION('',(-1.326587744720E-1,1.583292767552E-2,-9.910353010649E-1));
#1309=VECTOR('',#1308,3.842729479547E0);
#1310=CARTESIAN_POINT('',(-3.711203463992E0,2.495694215325E0,
-3.954888284615E0));
#1311=LINE('',#1310,#1309);
#1312=DIRECTION('',(-1.E0,0.E0,0.E0));
#1313=VECTOR('',#1312,1.422406927984E0);
#1314=CARTESIAN_POINT('',(-2.288796536008E0,2.495694215325E0,
-3.954888284615E0));
#1315=LINE('',#1314,#1313);
#1316=DIRECTION('',(9.423127788110E-2,7.039603917370E-1,-7.039603917370E-1));
#1317=VECTOR('',#1316,3.193805620602E-1);
#1318=CARTESIAN_POINT('',(-2.511631770258E0,2.396861102975E0,
-2.290184352730E0));
#1319=LINE('',#1318,#1317);
#1320=DIRECTION('',(0.E0,1.E0,0.E0));
#1321=VECTOR('',#1320,3.18E-1);
#1322=CARTESIAN_POINT('',(-1.779024752624E0,2.556535873251E0,
-7.763168851289E0));
#1323=LINE('',#1322,#1321);
#1324=CARTESIAN_POINT('',(-2.881551901921E0,2.878E0,-2.258707986867E0));
#1325=CARTESIAN_POINT('',(-2.851143544902E0,2.878E0,-2.258707986867E0));
#1326=CARTESIAN_POINT('',(-2.796318696159E0,2.873343142529E0,
-2.263364844338E0));
#1327=CARTESIAN_POINT('',(-2.702014912795E0,2.852102634960E0,
-2.284605351907E0));
#1328=CARTESIAN_POINT('',(-2.606393729495E0,2.808252733796E0,
-2.328455253071E0));
#1329=CARTESIAN_POINT('',(-2.535243773380E0,2.745383877513E0,
-2.391324109354E0));
#1330=CARTESIAN_POINT('',(-2.496199201186E0,2.681196097652E0,
-2.455511889215E0));
#1331=CARTESIAN_POINT('',(-2.484401550105E0,2.643098647476E0,
-2.493609339391E0));
#1332=CARTESIAN_POINT('',(-2.481536131765E0,2.621692368557E0,
-2.515015618311E0));
#1334=CARTESIAN_POINT('',(-3.518463868235E0,2.621692368557E0,
-2.515015618311E0));
#1335=CARTESIAN_POINT('',(-3.515598449895E0,2.643098647476E0,
-2.493609339391E0));
#1336=CARTESIAN_POINT('',(-3.503800798814E0,2.681196097652E0,
-2.455511889215E0));
#1337=CARTESIAN_POINT('',(-3.464756226620E0,2.745383877513E0,
-2.391324109354E0));
#1338=CARTESIAN_POINT('',(-3.393606270505E0,2.808252733796E0,
-2.328455253071E0));
#1339=CARTESIAN_POINT('',(-3.297985087205E0,2.852102634960E0,
-2.284605351907E0));
#1340=CARTESIAN_POINT('',(-3.203681303841E0,2.873343142529E0,
-2.263364844338E0));
#1341=CARTESIAN_POINT('',(-3.148856455098E0,2.878E0,-2.258707986867E0));
#1342=CARTESIAN_POINT('',(-3.118448098079E0,2.878E0,-2.258707986867E0));
#1344=DIRECTION('',(9.423127788110E-2,7.039603917370E-1,7.039603917370E-1));
#1345=VECTOR('',#1344,4.749391855670E-1);
#1346=CARTESIAN_POINT('',(-3.563217994607E0,2.287353993434E0,
-2.849353993434E0));
#1347=LINE('',#1346,#1345);
#1348=DIRECTION('',(-1.E0,0.E0,0.E0));
#1349=VECTOR('',#1348,1.126435989214E0);
#1350=CARTESIAN_POINT('',(-2.436782005393E0,2.287353993434E0,
-2.849353993434E0));
#1351=LINE('',#1350,#1349);
#1352=DIRECTION('',(-9.423127788110E-2,7.039603917370E-1,7.039603917370E-1));
#1353=VECTOR('',#1352,4.749391855670E-1);
#1354=CARTESIAN_POINT('',(-2.436782005393E0,2.287353993434E0,
-2.849353993434E0));
#1355=LINE('',#1354,#1353);
#1356=DIRECTION('',(9.423127788110E-2,7.039603917370E-1,-7.039603917370E-1));
#1357=VECTOR('',#1356,3.193805620602E-1);
#1358=CARTESIAN_POINT('',(-2.911647540414E0,2.653168734419E0,
-2.033876721286E0));
#1359=LINE('',#1358,#1357);
#1360=DIRECTION('',(9.423127788110E-2,-7.039603917370E-1,7.039603917370E-1));
#1361=VECTOR('',#1360,3.193805620602E-1);
#1362=CARTESIAN_POINT('',(-3.118448098079E0,2.878E0,-2.258707986867E0));
#1363=LINE('',#1362,#1361);
#1364=DIRECTION('',(-1.E0,0.E0,0.E0));
#1365=VECTOR('',#1364,2.368961961578E-1);
#1366=CARTESIAN_POINT('',(-2.881551901921E0,2.878E0,-2.258707986867E0));
#1367=LINE('',#1366,#1365);
#1368=CARTESIAN_POINT('',(-2.511631770258E0,2.396861102975E0,
-2.290184352730E0));
#1369=CARTESIAN_POINT('',(-2.514497188598E0,2.418267381895E0,
-2.268778073810E0));
#1370=CARTESIAN_POINT('',(-2.526294839679E0,2.456364832071E0,
-2.230680623634E0));
#1371=CARTESIAN_POINT('',(-2.565339411873E0,2.520552611932E0,
-2.166492843773E0));
#1372=CARTESIAN_POINT('',(-2.636489367988E0,2.583421468215E0,
-2.103623987490E0));
#1373=CARTESIAN_POINT('',(-2.732110551288E0,2.627271369379E0,
-2.059774086326E0));
#1374=CARTESIAN_POINT('',(-2.826414334653E0,2.648511876948E0,
-2.038533578757E0));
#1375=CARTESIAN_POINT('',(-2.881239183395E0,2.653168734419E0,
-2.033876721286E0));
#1376=CARTESIAN_POINT('',(-2.911647540414E0,2.653168734419E0,
-2.033876721286E0));
#1378=DIRECTION('',(9.423127788110E-2,-7.039603917370E-1,-7.039603917370E-1));
#1379=VECTOR('',#1378,4.749391855670E-1);
#1380=CARTESIAN_POINT('',(-2.511631770258E0,2.396861102975E0,
-2.290184352730E0));
#1381=LINE('',#1380,#1379);
#1382=DIRECTION('',(-9.423127788110E-2,-7.039603917370E-1,-7.039603917370E-1));
#1383=VECTOR('',#1382,4.749391855670E-1);
#1384=CARTESIAN_POINT('',(-3.488368229742E0,2.396861102975E0,
-2.290184352730E0));
#1385=LINE('',#1384,#1383);
#1386=CARTESIAN_POINT('',(-3.088352459586E0,2.653168734419E0,
-2.033876721286E0));
#1387=CARTESIAN_POINT('',(-3.118760816605E0,2.653168734419E0,
-2.033876721286E0));
#1388=CARTESIAN_POINT('',(-3.173585665347E0,2.648511876948E0,
-2.038533578757E0));
#1389=CARTESIAN_POINT('',(-3.267889448712E0,2.627271369379E0,
-2.059774086326E0));
#1390=CARTESIAN_POINT('',(-3.363510632012E0,2.583421468215E0,
-2.103623987490E0));
#1391=CARTESIAN_POINT('',(-3.434660588127E0,2.520552611932E0,
-2.166492843773E0));
#1392=CARTESIAN_POINT('',(-3.473705160321E0,2.456364832071E0,
-2.230680623634E0));
#1393=CARTESIAN_POINT('',(-3.485502811402E0,2.418267381895E0,
-2.268778073810E0));
#1394=CARTESIAN_POINT('',(-3.488368229742E0,2.396861102975E0,
-2.290184352730E0));
#1396=DIRECTION('',(-1.E0,0.E0,0.E0));
#1397=VECTOR('',#1396,1.767049191711E-1);
#1398=CARTESIAN_POINT('',(-2.911647540414E0,2.653168734419E0,
-2.033876721286E0));
#1399=LINE('',#1398,#1397);
#1400=CARTESIAN_POINT('',(-2.466877643886E0,2.062522727852E0,
-2.624522727852E0));
#1401=CARTESIAN_POINT('',(-2.463019288550E0,2.033698653780E0,
-2.653346801925E0));
#1402=CARTESIAN_POINT('',(-2.455688413011E0,1.989379971524E0,
-2.708112545662E0));
#1403=CARTESIAN_POINT('',(-2.445291920460E0,1.943623986278E0,
-2.785780164459E0));
#1404=CARTESIAN_POINT('',(-2.435311076784E0,1.912227443845E0,
-2.860342653493E0));
#1405=CARTESIAN_POINT('',(-2.422424955422E0,1.884932849232E0,
-2.956609193076E0));
#1406=CARTESIAN_POINT('',(-2.406966139775E0,1.873229978105E0,
-3.072095199033E0));
#1407=CARTESIAN_POINT('',(-2.389244156113E0,1.887812050205E0,
-3.204488336871E0));
#1408=CARTESIAN_POINT('',(-2.372303442021E0,1.929384681782E0,
-3.331044953706E0));
#1409=CARTESIAN_POINT('',(-2.358877169760E0,1.987900190159E0,
-3.431346722847E0));
#1410=CARTESIAN_POINT('',(-2.348656123948E0,2.052676095798E0,
-3.507703656294E0));
#1411=CARTESIAN_POINT('',(-2.341307366557E0,2.112210371761E0,
-3.562602987476E0));
#1412=CARTESIAN_POINT('',(-2.334375791100E0,2.186157053188E0,
-3.614385736088E0));
#1413=CARTESIAN_POINT('',(-2.330156611532E0,2.249338289540E0,
-3.645905369145E0));
#1414=CARTESIAN_POINT('',(-2.328241740673E0,2.287655872268E0,
-3.660210526316E0));
#1416=CARTESIAN_POINT('',(-3.671758259327E0,2.287655872268E0,
-3.660210526316E0));
#1417=CARTESIAN_POINT('',(-3.669843388468E0,2.249338289540E0,
-3.645905369145E0));
#1418=CARTESIAN_POINT('',(-3.665624208900E0,2.186157053188E0,
-3.614385736088E0));
#1419=CARTESIAN_POINT('',(-3.658692633443E0,2.112210371761E0,
-3.562602987476E0));
#1420=CARTESIAN_POINT('',(-3.651343876052E0,2.052676095798E0,
-3.507703656294E0));
#1421=CARTESIAN_POINT('',(-3.641122830240E0,1.987900190159E0,
-3.431346722847E0));
#1422=CARTESIAN_POINT('',(-3.627696557979E0,1.929384681782E0,
-3.331044953706E0));
#1423=CARTESIAN_POINT('',(-3.610755843887E0,1.887812050205E0,
-3.204488336871E0));
#1424=CARTESIAN_POINT('',(-3.593033860225E0,1.873229978105E0,
-3.072095199033E0));
#1425=CARTESIAN_POINT('',(-3.577575044578E0,1.884932849232E0,
-2.956609193076E0));
#1426=CARTESIAN_POINT('',(-3.564688923216E0,1.912227443845E0,
-2.860342653493E0));
#1427=CARTESIAN_POINT('',(-3.554708079540E0,1.943623986278E0,
-2.785780164459E0));
#1428=CARTESIAN_POINT('',(-3.544311586989E0,1.989379971524E0,
-2.708112545662E0));
#1429=CARTESIAN_POINT('',(-3.536980711450E0,2.033698653780E0,
-2.653346801925E0));
#1430=CARTESIAN_POINT('',(-3.533122356114E0,2.062522727852E0,
-2.624522727852E0));
#1432=DIRECTION('',(-1.E0,0.E0,0.E0));
#1433=VECTOR('',#1432,1.066244712228E0);
#1434=CARTESIAN_POINT('',(-2.466877643886E0,2.062522727852E0,
-2.624522727852E0));
#1435=LINE('',#1434,#1433);
#1436=CARTESIAN_POINT('',(-2.288796536008E0,2.495694215325E0,
-3.954888284615E0));
#1437=CARTESIAN_POINT('',(-2.293648166464E0,2.495115169465E0,
-3.918643889410E0));
#1438=CARTESIAN_POINT('',(-2.302273866480E0,2.482415459928E0,
-3.854205082056E0));
#1439=CARTESIAN_POINT('',(-2.313102167357E0,2.440763285184E0,
-3.773311613361E0));
#1440=CARTESIAN_POINT('',(-2.322010008999E0,2.378541315619E0,
-3.706765050132E0));
#1441=CARTESIAN_POINT('',(-2.326531394256E0,2.321880812280E0,
-3.672987771413E0));
#1442=CARTESIAN_POINT('',(-2.328241740673E0,2.287655872268E0,
-3.660210526316E0));
#1444=CARTESIAN_POINT('',(-3.711203463992E0,2.495694215325E0,
-3.954888284615E0));
#1445=CARTESIAN_POINT('',(-3.706351833536E0,2.495115169465E0,
-3.918643889410E0));
#1446=CARTESIAN_POINT('',(-3.697726133520E0,2.482415459928E0,
-3.854205082056E0));
#1447=CARTESIAN_POINT('',(-3.686897832643E0,2.440763285184E0,
-3.773311613361E0));
#1448=CARTESIAN_POINT('',(-3.677989991001E0,2.378541315619E0,
-3.706765050132E0));
#1449=CARTESIAN_POINT('',(-3.673468605744E0,2.321880812280E0,
-3.672987771413E0));
#1450=CARTESIAN_POINT('',(-3.671758259327E0,2.287655872268E0,
-3.660210526316E0));
#1452=DIRECTION('',(-1.E0,0.E0,0.E0));
#1453=VECTOR('',#1452,1.343516518655E0);
#1454=CARTESIAN_POINT('',(-2.328241740673E0,2.287655872268E0,
-3.660210526316E0));
#1455=LINE('',#1454,#1453);
#1456=DIRECTION('',(9.423127788110E-2,-7.039603917370E-1,7.039603917370E-1));
#1457=VECTOR('',#1456,3.193805620602E-1);
#1458=CARTESIAN_POINT('',(-3.518463868235E0,2.621692368557E0,
-2.515015618311E0));
#1459=LINE('',#1458,#1457);
#1460=DIRECTION('',(0.E0,-1.E0,0.E0));
#1461=VECTOR('',#1460,3.18E-1);
#1462=CARTESIAN_POINT('',(-4.220975247376E0,2.874535873251E0,
-7.763168851289E0));
#1463=LINE('',#1462,#1461);
#1464=CARTESIAN_POINT('',(-2.289476420673E0,2.813613070563E0,
-3.949809165601E0));
#1465=CARTESIAN_POINT('',(-2.294312582198E0,2.813035870932E0,
-3.913680331967E0));
#1466=CARTESIAN_POINT('',(-2.303428454805E0,2.805921401680E0,
-3.845579660988E0));
#1467=CARTESIAN_POINT('',(-2.319954723309E0,2.773425318888E0,
-3.722119184680E0));
#1468=CARTESIAN_POINT('',(-2.337924703322E0,2.704015935452E0,
-3.587873375284E0));
#1469=CARTESIAN_POINT('',(-2.352744063143E0,2.600860659517E0,
-3.477164462283E0));
#1470=CARTESIAN_POINT('',(-2.362431472964E0,2.495114430447E0,
-3.404794088391E0));
#1471=CARTESIAN_POINT('',(-2.366410402797E0,2.432978819953E0,
-3.375069255332E0));
#1472=CARTESIAN_POINT('',(-2.368115295948E0,2.398863002685E0,
-3.362332749182E0));
#1474=CARTESIAN_POINT('',(-3.710523579327E0,2.813613070563E0,
-3.949809165601E0));
#1475=CARTESIAN_POINT('',(-3.705687417802E0,2.813035870932E0,
-3.913680331967E0));
#1476=CARTESIAN_POINT('',(-3.696571545195E0,2.805921401680E0,
-3.845579660988E0));
#1477=CARTESIAN_POINT('',(-3.680045276691E0,2.773425318887E0,
-3.722119184680E0));
#1478=CARTESIAN_POINT('',(-3.662075296678E0,2.704015935452E0,
-3.587873375284E0));
#1479=CARTESIAN_POINT('',(-3.647255936857E0,2.600860659517E0,
-3.477164462283E0));
#1480=CARTESIAN_POINT('',(-3.637568527036E0,2.495114430447E0,
-3.404794088391E0));
#1481=CARTESIAN_POINT('',(-3.633589597203E0,2.432978819953E0,
-3.375069255332E0));
#1482=CARTESIAN_POINT('',(-3.631884704052E0,2.398863002685E0,
-3.362332749182E0));
#1484=DIRECTION('',(-1.E0,0.E0,0.E0));
#1485=VECTOR('',#1484,1.421047158653E0);
#1486=CARTESIAN_POINT('',(-2.289476420673E0,2.813613070563E0,
-3.949809165601E0));
#1487=LINE('',#1486,#1485);
#1488=CARTESIAN_POINT('',(-2.436782005393E0,2.287353993434E0,
-2.849353993434E0));
#1489=CARTESIAN_POINT('',(-2.434870952349E0,2.273077357486E0,
-2.863630629381E0));
#1490=CARTESIAN_POINT('',(-2.431239738190E0,2.251118838712E0,
-2.890757831721E0));
#1491=CARTESIAN_POINT('',(-2.424375138921E0,2.220945621488E0,
-2.942040230725E0));
#1492=CARTESIAN_POINT('',(-2.416297877827E0,2.200623125215E0,
-3.002381892341E0));
#1493=CARTESIAN_POINT('',(-2.407107103790E0,2.193576651279E0,
-3.071042118937E0));
#1494=CARTESIAN_POINT('',(-2.398330238029E0,2.200829487589E0,
-3.136610219019E0));
#1495=CARTESIAN_POINT('',(-2.389938577776E0,2.221390038108E0,
-3.199300618342E0));
#1496=CARTESIAN_POINT('',(-2.381961150115E0,2.256261102989E0,
-3.258896468338E0));
#1497=CARTESIAN_POINT('',(-2.375732218801E0,2.299792949389E0,
-3.305430071898E0));
#1498=CARTESIAN_POINT('',(-2.371153291099E0,2.348582943765E0,
-3.339637224890E0));
#1499=CARTESIAN_POINT('',(-2.369063736272E0,2.379884208167E0,
-3.355247369073E0));
#1500=CARTESIAN_POINT('',(-2.368115295948E0,2.398863002685E0,
-3.362332749182E0));
#1502=CARTESIAN_POINT('',(-3.563217994607E0,2.287353993434E0,
-2.849353993434E0));
#1503=CARTESIAN_POINT('',(-3.565129047651E0,2.273077357486E0,
-2.863630629381E0));
#1504=CARTESIAN_POINT('',(-3.568760261810E0,2.251118838712E0,
-2.890757831721E0));
#1505=CARTESIAN_POINT('',(-3.575624861079E0,2.220945621488E0,
-2.942040230725E0));
#1506=CARTESIAN_POINT('',(-3.583702122173E0,2.200623125215E0,
-3.002381892341E0));
#1507=CARTESIAN_POINT('',(-3.592892896210E0,2.193576651279E0,
-3.071042118937E0));
#1508=CARTESIAN_POINT('',(-3.601669761971E0,2.200829487589E0,
-3.136610219019E0));
#1509=CARTESIAN_POINT('',(-3.610061422224E0,2.221390038108E0,
-3.199300618342E0));
#1510=CARTESIAN_POINT('',(-3.618038849885E0,2.256261102989E0,
-3.258896468338E0));
#1511=CARTESIAN_POINT('',(-3.624267781199E0,2.299792949389E0,
-3.305430071898E0));
#1512=CARTESIAN_POINT('',(-3.628846708901E0,2.348582943765E0,
-3.339637224890E0));
#1513=CARTESIAN_POINT('',(-3.630936263728E0,2.379884208167E0,
-3.355247369073E0));
#1514=CARTESIAN_POINT('',(-3.631884704052E0,2.398863002685E0,
-3.362332749182E0));
#1516=DIRECTION('',(-1.E0,-1.335321923928E-14,0.E0));
#1517=VECTOR('',#1516,1.263769408104E0);
#1518=CARTESIAN_POINT('',(-2.368115295948E0,2.398863002685E0,
-3.362332749182E0));
#1519=LINE('',#1518,#1517);
#1520=DIRECTION('',(0.E0,-1.E0,0.E0));
#1521=VECTOR('',#1520,3.18E-1);
#1522=CARTESIAN_POINT('',(-1.283444981834E0,-2.56E0,-7.696831148711E0));
#1523=LINE('',#1522,#1521);
#1524=DIRECTION('',(0.E0,-1.E0,2.513712508585E-14));
#1525=VECTOR('',#1524,3.18E-1);
#1526=CARTESIAN_POINT('',(-2.104420229210E0,-2.56E0,-1.563686509856E0));
#1527=LINE('',#1526,#1525);
#1528=DIRECTION('',(1.326754051556E-1,0.E0,-9.911595415809E-1));
#1529=VECTOR('',#1528,6.187848052265E0);
#1530=CARTESIAN_POINT('',(-2.104420229210E0,-2.878E0,-1.563686509856E0));
#1531=LINE('',#1530,#1529);
#1532=DIRECTION('',(0.E0,-1.E0,0.E0));
#1533=VECTOR('',#1532,3.18E-1);
#1534=CARTESIAN_POINT('',(-1.283444981834E0,2.878E0,-7.696831148711E0));
#1535=LINE('',#1534,#1533);
#1536=DIRECTION('',(-1.326754051556E-1,0.E0,9.911595415809E-1));
#1537=VECTOR('',#1536,6.187848052265E0);
#1538=CARTESIAN_POINT('',(-1.283444981834E0,2.878E0,-7.696831148711E0));
#1539=LINE('',#1538,#1537);
#1540=DIRECTION('',(0.E0,-1.E0,-2.583537856046E-14));
#1541=VECTOR('',#1540,3.18E-1);
#1542=CARTESIAN_POINT('',(-2.104420229210E0,2.878E0,-1.563686509856E0));
#1543=LINE('',#1542,#1541);
#1544=CARTESIAN_POINT('',(-1.531234867229E0,-2.878E0,-7.73E0));
#1545=DIRECTION('',(0.E0,1.E0,0.E0));
#1546=DIRECTION('',(9.911595415809E-1,0.E0,1.326754051556E-1));
#1547=AXIS2_PLACEMENT_3D('',#1544,#1545,#1546);
#1549=CARTESIAN_POINT('',(-1.531234867224E0,-2.878E0,-7.98E0));
#1550=CARTESIAN_POINT('',(-1.549466437679E0,-2.878E0,-7.98E0));
#1551=CARTESIAN_POINT('',(-1.582571106794E0,-2.877938692594E0,
-7.976162566697E0));
#1552=CARTESIAN_POINT('',(-1.639950414874E0,-2.877654889514E0,
-7.958398393447E0));
#1553=CARTESIAN_POINT('',(-1.698736346469E0,-2.877063954524E0,
-7.921409818238E0));
#1554=CARTESIAN_POINT('',(-1.743194563662E0,-2.876211473490E0,
-7.868050211260E0));
#1555=CARTESIAN_POINT('',(-1.768411737410E0,-2.875340564976E0,
-7.813537167389E0));
#1556=CARTESIAN_POINT('',(-1.776606174831E0,-2.874824532388E0,
-7.781236981203E0));
#1557=CARTESIAN_POINT('',(-1.779024752624E0,-2.874535873251E0,
-7.763168851289E0));
#1559=CARTESIAN_POINT('',(-1.779024752624E0,-2.556535873251E0,
-7.763168851289E0));
#1560=CARTESIAN_POINT('',(-1.776606174831E0,-2.556824532388E0,
-7.781236981203E0));
#1561=CARTESIAN_POINT('',(-1.768411737410E0,-2.557340564976E0,
-7.813537167389E0));
#1562=CARTESIAN_POINT('',(-1.743194563662E0,-2.558211473490E0,
-7.868050211260E0));
#1563=CARTESIAN_POINT('',(-1.698736346469E0,-2.559063954524E0,
-7.921409818238E0));
#1564=CARTESIAN_POINT('',(-1.639950414874E0,-2.559654889514E0,
-7.958398393447E0));
#1565=CARTESIAN_POINT('',(-1.582571106793E0,-2.559938692594E0,
-7.976162566697E0));
#1566=CARTESIAN_POINT('',(-1.549466437678E0,-2.56E0,-7.98E0));
#1567=CARTESIAN_POINT('',(-1.531234867224E0,-2.56E0,-7.98E0));
#1569=CARTESIAN_POINT('',(-1.531234867229E0,-2.56E0,-7.73E0));
#1570=DIRECTION('',(0.E0,-1.E0,0.E0));
#1571=DIRECTION('',(-1.761257806265E-11,0.E0,-1.E0));
#1572=AXIS2_PLACEMENT_3D('',#1569,#1570,#1571);
#1574=DIRECTION('',(1.E0,0.E0,-1.653884881085E-13));
#1575=VECTOR('',#1574,2.937529698301E0);
#1576=CARTESIAN_POINT('',(-4.468764565530E0,-2.56E0,-7.98E0));
#1577=LINE('',#1576,#1575);
#1578=DIRECTION('',(1.326587744720E-1,-1.583292767552E-2,-9.910353010649E-1));
#1579=VECTOR('',#1578,3.842729479547E0);
#1580=CARTESIAN_POINT('',(-2.288796536008E0,-2.495694215325E0,
-3.954888284615E0));
#1581=LINE('',#1580,#1579);
#1582=DIRECTION('',(-1.326587744720E-1,-1.583292767552E-2,-9.910353010649E-1));
#1583=VECTOR('',#1582,3.842729479547E0);
#1584=CARTESIAN_POINT('',(-3.711203463992E0,-2.495694215325E0,
-3.954888284615E0));
#1585=LINE('',#1584,#1583);
#1586=CARTESIAN_POINT('',(-2.328241740673E0,-2.287655872268E0,
-3.660210526316E0));
#1587=CARTESIAN_POINT('',(-2.326531394256E0,-2.321880812280E0,
-3.672987771413E0));
#1588=CARTESIAN_POINT('',(-2.322010008999E0,-2.378541315619E0,
-3.706765050132E0));
#1589=CARTESIAN_POINT('',(-2.313102167357E0,-2.440763285184E0,
-3.773311613361E0));
#1590=CARTESIAN_POINT('',(-2.302273866480E0,-2.482415459928E0,
-3.854205082056E0));
#1591=CARTESIAN_POINT('',(-2.293648166464E0,-2.495115169465E0,
-3.918643889410E0));
#1592=CARTESIAN_POINT('',(-2.288796536008E0,-2.495694215325E0,
-3.954888284615E0));
#1594=CARTESIAN_POINT('',(-3.671758259327E0,-2.287655872268E0,
-3.660210526316E0));
#1595=CARTESIAN_POINT('',(-3.673468605744E0,-2.321880812280E0,
-3.672987771413E0));
#1596=CARTESIAN_POINT('',(-3.677989991001E0,-2.378541315619E0,
-3.706765050132E0));
#1597=CARTESIAN_POINT('',(-3.686897832643E0,-2.440763285184E0,
-3.773311613361E0));
#1598=CARTESIAN_POINT('',(-3.697726133520E0,-2.482415459928E0,
-3.854205082056E0));
#1599=CARTESIAN_POINT('',(-3.706351833536E0,-2.495115169465E0,
-3.918643889410E0));
#1600=CARTESIAN_POINT('',(-3.711203463992E0,-2.495694215325E0,
-3.954888284615E0));
#1602=DIRECTION('',(-1.E0,0.E0,0.E0));
#1603=VECTOR('',#1602,1.422406927984E0);
#1604=CARTESIAN_POINT('',(-2.288796536008E0,-2.495694215325E0,
-3.954888284615E0));
#1605=LINE('',#1604,#1603);
#1606=CARTESIAN_POINT('',(-2.328241740673E0,-2.287655872268E0,
-3.660210526316E0));
#1607=CARTESIAN_POINT('',(-2.330156611532E0,-2.249338289540E0,
-3.645905369145E0));
#1608=CARTESIAN_POINT('',(-2.334375791100E0,-2.186157053188E0,
-3.614385736088E0));
#1609=CARTESIAN_POINT('',(-2.341307366557E0,-2.112210371761E0,
-3.562602987476E0));
#1610=CARTESIAN_POINT('',(-2.348656123948E0,-2.052676095798E0,
-3.507703656294E0));
#1611=CARTESIAN_POINT('',(-2.358877169760E0,-1.987900190159E0,
-3.431346722847E0));
#1612=CARTESIAN_POINT('',(-2.372303442021E0,-1.929384681782E0,
-3.331044953706E0));
#1613=CARTESIAN_POINT('',(-2.389244156113E0,-1.887812050205E0,
-3.204488336871E0));
#1614=CARTESIAN_POINT('',(-2.406966139775E0,-1.873229978105E0,
-3.072095199033E0));
#1615=CARTESIAN_POINT('',(-2.422424955422E0,-1.884932849232E0,
-2.956609193076E0));
#1616=CARTESIAN_POINT('',(-2.435311076784E0,-1.912227443845E0,
-2.860342653493E0));
#1617=CARTESIAN_POINT('',(-2.445291920460E0,-1.943623986278E0,
-2.785780164459E0));
#1618=CARTESIAN_POINT('',(-2.455688413011E0,-1.989379971524E0,
-2.708112545662E0));
#1619=CARTESIAN_POINT('',(-2.463019288550E0,-2.033698653780E0,
-2.653346801925E0));
#1620=CARTESIAN_POINT('',(-2.466877643886E0,-2.062522727852E0,
-2.624522727852E0));
#1622=CARTESIAN_POINT('',(-3.533122356114E0,-2.062522727852E0,
-2.624522727852E0));
#1623=CARTESIAN_POINT('',(-3.536980711450E0,-2.033698653780E0,
-2.653346801925E0));
#1624=CARTESIAN_POINT('',(-3.544311586989E0,-1.989379971524E0,
-2.708112545662E0));
#1625=CARTESIAN_POINT('',(-3.554708079540E0,-1.943623986278E0,
-2.785780164459E0));
#1626=CARTESIAN_POINT('',(-3.564688923216E0,-1.912227443845E0,
-2.860342653493E0));
#1627=CARTESIAN_POINT('',(-3.577575044578E0,-1.884932849232E0,
-2.956609193076E0));
#1628=CARTESIAN_POINT('',(-3.593033860225E0,-1.873229978105E0,
-3.072095199033E0));
#1629=CARTESIAN_POINT('',(-3.610755843887E0,-1.887812050205E0,
-3.204488336871E0));
#1630=CARTESIAN_POINT('',(-3.627696557979E0,-1.929384681782E0,
-3.331044953706E0));
#1631=CARTESIAN_POINT('',(-3.641122830240E0,-1.987900190159E0,
-3.431346722847E0));
#1632=CARTESIAN_POINT('',(-3.651343876052E0,-2.052676095798E0,
-3.507703656294E0));
#1633=CARTESIAN_POINT('',(-3.658692633443E0,-2.112210371761E0,
-3.562602987476E0));
#1634=CARTESIAN_POINT('',(-3.665624208900E0,-2.186157053188E0,
-3.614385736088E0));
#1635=CARTESIAN_POINT('',(-3.669843388468E0,-2.249338289540E0,
-3.645905369145E0));
#1636=CARTESIAN_POINT('',(-3.671758259327E0,-2.287655872268E0,
-3.660210526316E0));
#1638=DIRECTION('',(-1.E0,0.E0,0.E0));
#1639=VECTOR('',#1638,1.343516518655E0);
#1640=CARTESIAN_POINT('',(-2.328241740673E0,-2.287655872268E0,
-3.660210526316E0));
#1641=LINE('',#1640,#1639);
#1642=DIRECTION('',(0.E0,-1.E0,0.E0));
#1643=VECTOR('',#1642,3.18E-1);
#1644=CARTESIAN_POINT('',(-3.895579770790E0,2.878E0,-1.563686509856E0));
#1645=LINE('',#1644,#1643);
#1646=DIRECTION('',(0.E0,-1.E0,0.E0));
#1647=VECTOR('',#1646,3.18E-1);
#1648=CARTESIAN_POINT('',(-3.895579770790E0,-2.56E0,-1.563686509856E0));
#1649=LINE('',#1648,#1647);
#1650=DIRECTION('',(-1.E0,0.E0,0.E0));
#1651=VECTOR('',#1650,1.1814E1);
#1652=CARTESIAN_POINT('',(5.907E0,-2.878E0,-6.2E-1));
#1653=LINE('',#1652,#1651);
#1654=DIRECTION('',(1.E0,0.E0,0.E0));
#1655=VECTOR('',#1654,1.1214E1);
#1656=CARTESIAN_POINT('',(-5.607E0,-3.18E0,-3.18E-1));
#1657=LINE('',#1656,#1655);
#1658=DIRECTION('',(0.E0,0.E0,1.E0));
#1659=VECTOR('',#1658,3.18E-1);
#1660=CARTESIAN_POINT('',(5.607E0,-3.325E0,-3.18E-1));
#1661=LINE('',#1660,#1659);
#1662=CARTESIAN_POINT('',(5.607E0,-3.18E0,-6.2E-1));
#1663=DIRECTION('',(1.E0,0.E0,0.E0));
#1664=DIRECTION('',(0.E0,8.751393526613E-1,4.838709677419E-1));
#1665=AXIS2_PLACEMENT_3D('',#1662,#1663,#1664);
#1667=DIRECTION('',(0.E0,1.E0,0.E0));
#1668=VECTOR('',#1667,5.078876955042E-1);
#1669=CARTESIAN_POINT('',(5.607E0,-3.145301296854E0,-3.2E-1));
#1670=LINE('',#1669,#1668);
#1671=CARTESIAN_POINT('',(5.607E0,-3.18E0,-6.2E-1));
#1672=DIRECTION('',(1.E0,0.E0,0.E0));
#1673=DIRECTION('',(0.E0,1.148963680324E-1,9.933774834437E-1));
#1674=AXIS2_PLACEMENT_3D('',#1671,#1672,#1673);
#1676=CARTESIAN_POINT('',(-5.307E0,-3.325E0,0.E0));
#1677=DIRECTION('',(0.E0,0.E0,1.E0));
#1678=DIRECTION('',(-1.E0,0.E0,0.E0));
#1679=AXIS2_PLACEMENT_3D('',#1676,#1677,#1678);
#1681=DIRECTION('',(0.E0,-1.E0,0.E0));
#1682=VECTOR('',#1681,1.45E-1);
#1683=CARTESIAN_POINT('',(-5.607E0,-3.18E0,0.E0));
#1684=LINE('',#1683,#1682);
#1685=DIRECTION('',(1.E0,0.E0,0.E0));
#1686=VECTOR('',#1685,1.1214E1);
#1687=CARTESIAN_POINT('',(-5.607E0,-3.18E0,0.E0));
#1688=LINE('',#1687,#1686);
#1689=DIRECTION('',(0.E0,-1.E0,0.E0));
#1690=VECTOR('',#1689,1.45E-1);
#1691=CARTESIAN_POINT('',(5.607E0,-3.18E0,0.E0));
#1692=LINE('',#1691,#1690);
#1693=CARTESIAN_POINT('',(5.307E0,-3.325E0,0.E0));
#1694=DIRECTION('',(0.E0,0.E0,1.E0));
#1695=DIRECTION('',(0.E0,-1.E0,0.E0));
#1696=AXIS2_PLACEMENT_3D('',#1693,#1694,#1695);
#1698=CARTESIAN_POINT('',(-5.307E0,-3.325E0,-3.18E-1));
#1699=DIRECTION('',(0.E0,0.E0,-1.E0));
#1700=DIRECTION('',(0.E0,-1.E0,0.E0));
#1701=AXIS2_PLACEMENT_3D('',#1698,#1699,#1700);
#1703=DIRECTION('',(1.E0,0.E0,0.E0));
#1704=VECTOR('',#1703,1.0614E1);
#1705=CARTESIAN_POINT('',(-5.307E0,-3.625E0,-3.18E-1));
#1706=LINE('',#1705,#1704);
#1707=CARTESIAN_POINT('',(5.307E0,-3.325E0,-3.18E-1));
#1708=DIRECTION('',(0.E0,0.E0,-1.E0));
#1709=DIRECTION('',(1.E0,0.E0,0.E0));
#1710=AXIS2_PLACEMENT_3D('',#1707,#1708,#1709);
#1712=DIRECTION('',(0.E0,1.E0,0.E0));
#1713=VECTOR('',#1712,1.45E-1);
#1714=CARTESIAN_POINT('',(5.607E0,-3.325E0,-3.18E-1));
#1715=LINE('',#1714,#1713);
#1716=DIRECTION('',(0.E0,1.E0,0.E0));
#1717=VECTOR('',#1716,1.45E-1);
#1718=CARTESIAN_POINT('',(-5.607E0,-3.325E0,-3.18E-1));
#1719=LINE('',#1718,#1717);
#1720=DIRECTION('',(0.E0,0.E0,-1.E0));
#1721=VECTOR('',#1720,3.18E-1);
#1722=CARTESIAN_POINT('',(-5.307E0,-3.625E0,0.E0));
#1723=LINE('',#1722,#1721);
#1724=DIRECTION('',(1.E0,0.E0,0.E0));
#1725=VECTOR('',#1724,1.0614E1);
#1726=CARTESIAN_POINT('',(-5.307E0,-3.625E0,0.E0));
#1727=LINE('',#1726,#1725);
#1728=DIRECTION('',(0.E0,0.E0,1.E0));
#1729=VECTOR('',#1728,3.18E-1);
#1730=CARTESIAN_POINT('',(5.307E0,-3.625E0,-3.18E-1));
#1731=LINE('',#1730,#1729);
#1732=DIRECTION('',(0.E0,0.E0,-1.E0));
#1733=VECTOR('',#1732,3.18E-1);
#1734=CARTESIAN_POINT('',(-5.607E0,-3.325E0,0.E0));
#1735=LINE('',#1734,#1733);
#1736=CARTESIAN_POINT('',(-5.607E0,-3.18E0,-6.2E-1));
#1737=DIRECTION('',(1.E0,0.E0,0.E0));
#1738=DIRECTION('',(0.E0,1.148963680324E-1,9.933774834437E-1));
#1739=AXIS2_PLACEMENT_3D('',#1736,#1737,#1738);
#1741=DIRECTION('',(0.E0,-1.E0,0.E0));
#1742=VECTOR('',#1741,5.078876955042E-1);
#1743=CARTESIAN_POINT('',(-5.607E0,-2.637413601350E0,-3.2E-1));
#1744=LINE('',#1743,#1742);
#1745=CARTESIAN_POINT('',(-5.607E0,-3.18E0,-6.2E-1));
#1746=DIRECTION('',(1.E0,0.E0,0.E0));
#1747=DIRECTION('',(0.E0,8.751393526613E-1,4.838709677419E-1));
#1748=AXIS2_PLACEMENT_3D('',#1745,#1746,#1747);
#1750=CARTESIAN_POINT('',(-5.907E0,-2.56E0,-6.2E-1));
#1751=CARTESIAN_POINT('',(-5.897383193738E0,-2.56E0,-6.2E-1));
#1752=CARTESIAN_POINT('',(-5.878116958851E0,-2.559998949578E0,
-6.190759719936E-1));
#1753=CARTESIAN_POINT('',(-5.849321177262E0,-2.560013051626E0,
-6.148823905598E-1));
#1754=CARTESIAN_POINT('',(-5.821108477663E0,-2.560099395282E0,
-6.079268771543E-1));
#1755=CARTESIAN_POINT('',(-5.793908817573E0,-2.560346466696E0,
-5.983618050397E-1));
#1756=CARTESIAN_POINT('',(-5.767890588283E0,-2.560868582235E0,
-5.863116517282E-1));
#1757=CARTESIAN_POINT('',(-5.743226315314E0,-2.561804688856E0,
-5.718874107284E-1));
#1758=CARTESIAN_POINT('',(-5.720289018295E0,-2.563293155481E0,
-5.553787470650E-1));
#1759=CARTESIAN_POINT('',(-5.699168512866E0,-2.565486421966E0,
-5.369421028112E-1));
#1760=CARTESIAN_POINT('',(-5.680126442032E0,-2.568506133155E0,
-5.169289457505E-1));
#1761=CARTESIAN_POINT('',(-5.663110948497E0,-2.572509896579E0,
-4.953994041643E-1));
#1762=CARTESIAN_POINT('',(-5.648367969758E0,-2.577569562169E0,
-4.728051804157E-1));
#1763=CARTESIAN_POINT('',(-5.635805895292E0,-2.583819392900E0,
-4.491881999911E-1));
#1764=CARTESIAN_POINT('',(-5.625472955718E0,-2.591345545365E0,
-4.247705302845E-1));
#1765=CARTESIAN_POINT('',(-5.617314326358E0,-2.600326377926E0,
-3.994809338057E-1));
#1766=CARTESIAN_POINT('',(-5.611425552936E0,-2.610831746052E0,
-3.735881740548E-1));
#1767=CARTESIAN_POINT('',(-5.607820781695E0,-2.623035838126E0,
-3.470756410509E-1));
#1768=CARTESIAN_POINT('',(-5.607E0,-2.632409876047E0,-3.290498443066E-1));
#1769=CARTESIAN_POINT('',(-5.607E0,-2.637413601350E0,-3.2E-1));
#1771=CARTESIAN_POINT('',(-5.607E0,-3.145301296854E0,-3.2E-1));
#1772=CARTESIAN_POINT('',(-5.607E0,-3.135755251940E0,-3.211041179289E-1));
#1773=CARTESIAN_POINT('',(-5.607009968510E0,-3.116911599650E0,
-3.241992357858E-1));
#1774=CARTESIAN_POINT('',(-5.607180877261E0,-3.089158192305E0,
-3.315161015757E-1));
#1775=CARTESIAN_POINT('',(-5.607688887921E0,-3.062596627713E0,
-3.412799990752E-1));
#1776=CARTESIAN_POINT('',(-5.608762899131E0,-3.037329309129E0,
-3.533465832313E-1));
#1777=CARTESIAN_POINT('',(-5.610623087044E0,-3.013950348221E0,
-3.672735763796E-1));
#1778=CARTESIAN_POINT('',(-5.613479079403E0,-2.992555687582E0,
-3.827375230210E-1));
#1779=CARTESIAN_POINT('',(-5.617513514587E0,-2.973267664782E0,
-3.993823073036E-1));
#1780=CARTESIAN_POINT('',(-5.622814850576E0,-2.956242759716E0,
-4.167155266513E-1));
#1781=CARTESIAN_POINT('',(-5.629501236311E0,-2.941286184255E0,
-4.345466319550E-1));
#1782=CARTESIAN_POINT('',(-5.637698211577E0,-2.928240145338E0,
-4.527225962508E-1));
#1783=CARTESIAN_POINT('',(-5.647533907728E0,-2.916986287184E0,
-4.710858786623E-1));
#1784=CARTESIAN_POINT('',(-5.659043767675E0,-2.907472116131E0,
-4.893523093859E-1));
#1785=CARTESIAN_POINT('',(-5.672460600161E0,-2.899501028024E0,
-5.075304537537E-1));
#1786=CARTESIAN_POINT('',(-5.687759798851E0,-2.893056586860E0,
-5.252391912517E-1));
#1787=CARTESIAN_POINT('',(-5.705123832482E0,-2.887971558098E0,
-5.423834103463E-1));
#1788=CARTESIAN_POINT('',(-5.724748022547E0,-2.884126496859E0,
-5.587663006102E-1));
#1789=CARTESIAN_POINT('',(-5.746414590601E0,-2.881424502306E0,
-5.738774714930E-1));
#1790=CARTESIAN_POINT('',(-5.770175619298E0,-2.879669356250E0,
-5.874581652163E-1));
#1791=CARTESIAN_POINT('',(-5.795499354081E0,-2.878672882103E0,
-5.989784062836E-1));
#1792=CARTESIAN_POINT('',(-5.822163448547E0,-2.878194561034E0,
-6.082218892339E-1));
#1793=CARTESIAN_POINT('',(-5.849940226945E0,-2.878025766466E0,
-6.149898097097E-1));
#1794=CARTESIAN_POINT('',(-5.878401146147E0,-2.877997918683E0,
-6.190931963436E-1));
#1795=CARTESIAN_POINT('',(-5.897469864730E0,-2.878E0,-6.2E-1));
#1796=CARTESIAN_POINT('',(-5.907E0,-2.878E0,-6.2E-1));
#1798=DIRECTION('',(1.E0,0.E0,0.E0));
#1799=VECTOR('',#1798,3.18E-1);
#1800=CARTESIAN_POINT('',(-6.565E0,-2.22E0,-6.2E-1));
#1801=LINE('',#1800,#1799);
#1802=DIRECTION('',(0.E0,-1.E0,0.E0));
#1803=VECTOR('',#1802,3.18E-1);
#1804=CARTESIAN_POINT('',(-5.907E0,-2.56E0,-6.2E-1));
#1805=LINE('',#1804,#1803);
#1806=CARTESIAN_POINT('',(-5.927E0,-2.24E0,-6.2E-1));
#1807=DIRECTION('',(0.E0,0.E0,1.E0));
#1808=DIRECTION('',(-1.E0,0.E0,0.E0));
#1809=AXIS2_PLACEMENT_3D('',#1806,#1807,#1808);
#1811=DIRECTION('',(0.E0,1.E0,0.E0));
#1812=VECTOR('',#1811,3.18E-1);
#1813=CARTESIAN_POINT('',(5.907E0,-2.878E0,-6.2E-1));
#1814=LINE('',#1813,#1812);
#1815=DIRECTION('',(1.E0,0.E0,0.E0));
#1816=VECTOR('',#1815,3.18E-1);
#1817=CARTESIAN_POINT('',(6.247E0,-2.22E0,-6.2E-1));
#1818=LINE('',#1817,#1816);
#1819=CARTESIAN_POINT('',(5.927E0,-2.24E0,-6.2E-1));
#1820=DIRECTION('',(0.E0,0.E0,1.E0));
#1821=DIRECTION('',(0.E0,-1.E0,0.E0));
#1822=AXIS2_PLACEMENT_3D('',#1819,#1820,#1821);
#1824=DIRECTION('',(-1.E0,0.E0,0.E0));
#1825=VECTOR('',#1824,3.18E-1);
#1826=CARTESIAN_POINT('',(6.565E0,2.22E0,-6.2E-1));
#1827=LINE('',#1826,#1825);
#1828=DIRECTION('',(0.E0,1.E0,0.E0));
#1829=VECTOR('',#1828,3.18E-1);
#1830=CARTESIAN_POINT('',(5.907E0,2.56E0,-6.2E-1));
#1831=LINE('',#1830,#1829);
#1832=CARTESIAN_POINT('',(5.927E0,2.24E0,-6.2E-1));
#1833=DIRECTION('',(0.E0,0.E0,1.E0));
#1834=DIRECTION('',(1.E0,0.E0,0.E0));
#1835=AXIS2_PLACEMENT_3D('',#1832,#1833,#1834);
#1837=DIRECTION('',(0.E0,-1.E0,0.E0));
#1838=VECTOR('',#1837,3.18E-1);
#1839=CARTESIAN_POINT('',(-5.907E0,2.878E0,-6.2E-1));
#1840=LINE('',#1839,#1838);
#1841=DIRECTION('',(-1.E0,0.E0,0.E0));
#1842=VECTOR('',#1841,3.18E-1);
#1843=CARTESIAN_POINT('',(-6.247E0,2.22E0,-6.2E-1));
#1844=LINE('',#1843,#1842);
#1845=CARTESIAN_POINT('',(-5.927E0,2.24E0,-6.2E-1));
#1846=DIRECTION('',(0.E0,0.E0,1.E0));
#1847=DIRECTION('',(0.E0,1.E0,0.E0));
#1848=AXIS2_PLACEMENT_3D('',#1845,#1846,#1847);
#1850=CARTESIAN_POINT('',(-6.565E0,-2.22E0,-6.2E-1));
#1851=CARTESIAN_POINT('',(-6.565E0,-2.210469937207E0,-6.2E-1));
#1852=CARTESIAN_POINT('',(-6.564997918739E0,-2.191401363236E0,
-6.190932101832E-1));
#1853=CARTESIAN_POINT('',(-6.565025765710E0,-2.162940654550E0,
-6.149898852918E-1));
#1854=CARTESIAN_POINT('',(-6.565194555093E0,-2.135164072839E0,
-6.082220664143E-1));
#1855=CARTESIAN_POINT('',(-6.565672862509E0,-2.108500142049E0,
-5.989787139750E-1));
#1856=CARTESIAN_POINT('',(-6.566669306499E0,-2.083176567923E0,
-5.874586444253E-1));
#1857=CARTESIAN_POINT('',(-6.568424406005E0,-2.059415630965E0,
-5.738781216583E-1));
#1858=CARTESIAN_POINT('',(-6.571126320712E0,-2.037749136329E0,
-5.587671529039E-1));
#1859=CARTESIAN_POINT('',(-6.574971321712E0,-2.018124882753E0,
-5.423843425098E-1));
#1860=CARTESIAN_POINT('',(-6.580056093113E0,-2.000761172504E0,
-5.252406741367E-1));
#1861=CARTESIAN_POINT('',(-6.586500814811E0,-1.985460923756E0,
-5.075309188837E-1));
#1862=CARTESIAN_POINT('',(-6.594472160743E0,-1.972043694212E0,
-4.893522079470E-1));
#1863=CARTESIAN_POINT('',(-6.603986439756E0,-1.960533710125E0,
-4.710855738080E-1));
#1864=CARTESIAN_POINT('',(-6.615240977468E0,-1.950697546485E0,
-4.527212938841E-1));
#1865=CARTESIAN_POINT('',(-6.628287366963E0,-1.942500634103E0,
-4.345451341058E-1));
#1866=CARTESIAN_POINT('',(-6.643243336603E0,-1.935814661002E0,
-4.167149253985E-1));
#1867=CARTESIAN_POINT('',(-6.660268275617E0,-1.930513338012E0,
-3.993817011839E-1));
#1868=CARTESIAN_POINT('',(-6.679556863394E0,-1.926478896138E0,
-3.827366219527E-1));
#1869=CARTESIAN_POINT('',(-6.700950447548E0,-1.923623080046E0,
-3.672735145049E-1));
#1870=CARTESIAN_POINT('',(-6.724330505273E0,-1.921762818719E0,
-3.533459140852E-1));
#1871=CARTESIAN_POINT('',(-6.749597384893E0,-1.920688876166E0,
-3.412797224859E-1));
#1872=CARTESIAN_POINT('',(-6.776158110362E0,-1.920180878406E0,
-3.315161327946E-1));
#1873=CARTESIAN_POINT('',(-6.803911834047E0,-1.920009967377E0,
-3.241991786339E-1));
#1874=CARTESIAN_POINT('',(-6.822755329043E0,-1.92E0,-3.211041090111E-1));
#1875=CARTESIAN_POINT('',(-6.832301296854E0,-1.92E0,-3.2E-1));
#1877=CARTESIAN_POINT('',(-6.324413601350E0,-1.92E0,-3.2E-1));
#1878=CARTESIAN_POINT('',(-6.319409843807E0,-1.92E0,-3.290499026173E-1));
#1879=CARTESIAN_POINT('',(-6.310035765620E0,-1.920820788610E0,
-3.470757817752E-1));
#1880=CARTESIAN_POINT('',(-6.297831625628E0,-1.924425606555E0,
-3.735884556152E-1));
#1881=CARTESIAN_POINT('',(-6.287326361453E0,-1.930314343584E0,
-3.994809837996E-1));
#1882=CARTESIAN_POINT('',(-6.278345520141E0,-1.938472985640E0,
-4.247706043312E-1));
#1883=CARTESIAN_POINT('',(-6.270819093099E0,-1.948806225903E0,
-4.491891102108E-1));
#1884=CARTESIAN_POINT('',(-6.264568613880E0,-1.961370227021E0,
-4.728090402877E-1));
#1885=CARTESIAN_POINT('',(-6.259509665771E0,-1.976112031783E0,
-4.954007244208E-1));
#1886=CARTESIAN_POINT('',(-6.255506210320E0,-1.993126135984E0,
-5.169285383244E-1));
#1887=CARTESIAN_POINT('',(-6.252486523198E0,-2.012167733861E0,
-5.369413526852E-1));
#1888=CARTESIAN_POINT('',(-6.250293211919E0,-2.033288293521E0,
-5.553781841023E-1));
#1889=CARTESIAN_POINT('',(-6.248804714505E0,-2.056225771649E0,
-5.718870646949E-1));
#1890=CARTESIAN_POINT('',(-6.247868595E0,-2.080890116237E0,-5.863114075588E-1));
#1891=CARTESIAN_POINT('',(-6.247346472293E0,-2.106908387092E0,
-5.983616327967E-1));
#1892=CARTESIAN_POINT('',(-6.247099396988E0,-2.134108121729E0,
-6.079267745957E-1));
#1893=CARTESIAN_POINT('',(-6.247013051849E0,-2.162320929936E0,
-6.148823464096E-1));
#1894=CARTESIAN_POINT('',(-6.246998949559E0,-2.191116838180E0,
-6.190759644567E-1));
#1895=CARTESIAN_POINT('',(-6.247E0,-2.210383153784E0,-6.2E-1));
#1896=CARTESIAN_POINT('',(-6.247E0,-2.22E0,-6.2E-1));
#1898=DIRECTION('',(0.E0,1.E0,0.E0));
#1899=VECTOR('',#1898,4.44E0);
#1900=CARTESIAN_POINT('',(-6.565E0,-2.22E0,-6.2E-1));
#1901=LINE('',#1900,#1899);
#1902=CARTESIAN_POINT('',(-6.565E0,-2.172E0,-1.058E1));
#1903=DIRECTION('',(-1.E0,0.E0,0.E0));
#1904=DIRECTION('',(0.E0,-1.E0,0.E0));
#1905=AXIS2_PLACEMENT_3D('',#1902,#1903,#1904);
#1907=DIRECTION('',(0.E0,1.E0,0.E0));
#1908=VECTOR('',#1907,1.34E0);
#1909=CARTESIAN_POINT('',(-6.565E0,-2.172E0,-1.045E1));
#1910=LINE('',#1909,#1908);
#1911=CARTESIAN_POINT('',(-6.565E0,-8.32E-1,-1.058E1));
#1912=DIRECTION('',(-1.E0,0.E0,0.E0));
#1913=DIRECTION('',(0.E0,0.E0,1.E0));
#1914=AXIS2_PLACEMENT_3D('',#1911,#1912,#1913);
#1916=DIRECTION('',(0.E0,0.E0,-1.E0));
#1917=VECTOR('',#1916,1.85E0);
#1918=CARTESIAN_POINT('',(-6.565E0,-7.02E-1,-1.058E1));
#1919=LINE('',#1918,#1917);
#1920=CARTESIAN_POINT('',(-6.565E0,-8.32E-1,-1.243E1));
#1921=DIRECTION('',(-1.E0,0.E0,0.E0));
#1922=DIRECTION('',(0.E0,1.E0,-1.366428338E-14));
#1923=AXIS2_PLACEMENT_3D('',#1920,#1921,#1922);
#1925=DIRECTION('',(0.E0,-1.E0,0.E0));
#1926=VECTOR('',#1925,1.34E0);
#1927=CARTESIAN_POINT('',(-6.565E0,-8.32E-1,-1.256E1));
#1928=LINE('',#1927,#1926);
#1929=CARTESIAN_POINT('',(-6.565E0,-2.172E0,-1.243E1));
#1930=DIRECTION('',(-1.E0,0.E0,0.E0));
#1931=DIRECTION('',(0.E0,0.E0,-1.E0));
#1932=AXIS2_PLACEMENT_3D('',#1929,#1930,#1931);
#1934=DIRECTION('',(0.E0,0.E0,1.E0));
#1935=VECTOR('',#1934,1.85E0);
#1936=CARTESIAN_POINT('',(-6.565E0,-2.302E0,-1.243E1));
#1937=LINE('',#1936,#1935);
#1938=DIRECTION('',(0.E0,9.632419486019E-2,-9.953500135553E-1));
#1939=VECTOR('',#1938,6.449992377122E0);
#1940=CARTESIAN_POINT('',(-6.565E0,-1.475811882460E0,-1.894081048715E0));
#1941=LINE('',#1940,#1939);
#1942=DIRECTION('',(0.E0,9.632419486019E-2,9.953500135553E-1));
#1943=VECTOR('',#1942,2.845067427542E0);
#1944=CARTESIAN_POINT('',(-6.565E0,1.201763053179E0,-4.725918951285E0));
#1945=LINE('',#1944,#1943);
#1946=CARTESIAN_POINT('',(-6.565E0,1.450600556568E0,-4.75E0));
#1947=DIRECTION('',(1.E0,0.E0,0.E0));
#1948=DIRECTION('',(0.E0,-9.953500135553E-1,9.632419486017E-2));
#1949=AXIS2_PLACEMENT_3D('',#1946,#1947,#1948);
#1951=DIRECTION('',(0.E0,-1.E0,0.E0));
#1952=VECTOR('',#1951,2.973994434324E-1);
#1953=CARTESIAN_POINT('',(-6.565E0,1.748E0,-5.E0));
#1954=LINE('',#1953,#1952);
#1955=CARTESIAN_POINT('',(-6.565E0,1.748E0,-5.13E0));
#1956=DIRECTION('',(1.E0,0.E0,0.E0));
#1957=DIRECTION('',(0.E0,1.E0,0.E0));
#1958=AXIS2_PLACEMENT_3D('',#1955,#1956,#1957);
#1960=DIRECTION('',(0.E0,0.E0,1.E0));
#1961=VECTOR('',#1960,3.28E0);
#1962=CARTESIAN_POINT('',(-6.565E0,1.878E0,-8.41E0));
#1963=LINE('',#1962,#1961);
#1964=CARTESIAN_POINT('',(-6.565E0,1.748E0,-8.41E0));
#1965=DIRECTION('',(1.E0,0.E0,0.E0));
#1966=DIRECTION('',(0.E0,0.E0,-1.E0));
#1967=AXIS2_PLACEMENT_3D('',#1964,#1965,#1966);
#1969=DIRECTION('',(0.E0,1.E0,0.E0));
#1970=VECTOR('',#1969,2.353684056490E0);
#1971=CARTESIAN_POINT('',(-6.565E0,-6.056840564903E-1,-8.54E0));
#1972=LINE('',#1971,#1970);
#1973=CARTESIAN_POINT('',(-6.565E0,-6.056840564903E-1,-8.29E0));
#1974=DIRECTION('',(1.E0,0.E0,0.E0));
#1975=DIRECTION('',(0.E0,-9.953500135553E-1,-9.632419486019E-2));
#1976=AXIS2_PLACEMENT_3D('',#1973,#1974,#1975);
#1978=DIRECTION('',(0.E0,1.E0,0.E0));
#1979=VECTOR('',#1978,5.89E0);
#1980=CARTESIAN_POINT('',(-6.565E0,-3.65E0,-1.4E1));
#1981=LINE('',#1980,#1979);
#1982=DIRECTION('',(0.E0,0.E0,-1.E0));
#1983=VECTOR('',#1982,1.338E1);
#1984=CARTESIAN_POINT('',(-6.565E0,2.24E0,-6.2E-1));
#1985=LINE('',#1984,#1983);
#1986=DIRECTION('',(0.E0,1.E0,0.E0));
#1987=VECTOR('',#1986,2.E-2);
#1988=CARTESIAN_POINT('',(-6.565E0,2.22E0,-6.2E-1));
#1989=LINE('',#1988,#1987);
#1990=DIRECTION('',(0.E0,1.E0,-1.665334536938E-14));
#1991=VECTOR('',#1990,2.E-2);
#1992=CARTESIAN_POINT('',(-6.565E0,-2.24E0,-6.2E-1));
#1993=LINE('',#1992,#1991);
#1994=DIRECTION('',(0.E0,0.E0,1.E0));
#1995=VECTOR('',#1994,8.64E0);
#1996=CARTESIAN_POINT('',(-6.565E0,-2.24E0,-9.26E0));
#1997=LINE('',#1996,#1995);
#1998=DIRECTION('',(0.E0,0.E0,1.E0));
#1999=VECTOR('',#1998,2.04E0);
#2000=CARTESIAN_POINT('',(-6.565E0,-3.65E0,-1.13E1));
#2001=LINE('',#2000,#1999);
#2002=DIRECTION('',(1.E0,0.E0,0.E0));
#2003=VECTOR('',#2002,3.18E-1);
#2004=CARTESIAN_POINT('',(-6.565E0,-2.302E0,-1.058E1));
#2005=LINE('',#2004,#2003);
#2006=DIRECTION('',(1.E0,0.E0,0.E0));
#2007=VECTOR('',#2006,3.18E-1);
#2008=CARTESIAN_POINT('',(-6.565E0,-2.302E0,-1.243E1));
#2009=LINE('',#2008,#2007);
#2010=DIRECTION('',(1.E0,0.E0,0.E0));
#2011=VECTOR('',#2010,3.18E-1);
#2012=CARTESIAN_POINT('',(-6.565E0,-2.172E0,-1.256E1));
#2013=LINE('',#2012,#2011);
#2014=DIRECTION('',(1.E0,0.E0,0.E0));
#2015=VECTOR('',#2014,3.18E-1);
#2016=CARTESIAN_POINT('',(-6.565E0,-8.32E-1,-1.256E1));
#2017=LINE('',#2016,#2015);
#2018=DIRECTION('',(1.E0,0.E0,0.E0));
#2019=VECTOR('',#2018,3.18E-1);
#2020=CARTESIAN_POINT('',(-6.565E0,-7.02E-1,-1.243E1));
#2021=LINE('',#2020,#2019);
#2022=DIRECTION('',(1.E0,0.E0,0.E0));
#2023=VECTOR('',#2022,3.18E-1);
#2024=CARTESIAN_POINT('',(-6.565E0,-7.02E-1,-1.058E1));
#2025=LINE('',#2024,#2023);
#2026=DIRECTION('',(1.E0,0.E0,0.E0));
#2027=VECTOR('',#2026,3.18E-1);
#2028=CARTESIAN_POINT('',(-6.565E0,-8.32E-1,-1.045E1));
#2029=LINE('',#2028,#2027);
#2030=DIRECTION('',(1.E0,0.E0,0.E0));
#2031=VECTOR('',#2030,3.18E-1);
#2032=CARTESIAN_POINT('',(-6.565E0,-2.172E0,-1.045E1));
#2033=LINE('',#2032,#2031);
#2034=CARTESIAN_POINT('',(-6.247E0,-2.172E0,-1.058E1));
#2035=DIRECTION('',(-1.E0,0.E0,0.E0));
#2036=DIRECTION('',(0.E0,-1.E0,0.E0));
#2037=AXIS2_PLACEMENT_3D('',#2034,#2035,#2036);
#2039=DIRECTION('',(0.E0,0.E0,1.E0));
#2040=VECTOR('',#2039,1.85E0);
#2041=CARTESIAN_POINT('',(-6.247E0,-2.302E0,-1.243E1));
#2042=LINE('',#2041,#2040);
#2043=CARTESIAN_POINT('',(-6.247E0,-2.172E0,-1.243E1));
#2044=DIRECTION('',(-1.E0,0.E0,0.E0));
#2045=DIRECTION('',(0.E0,0.E0,-1.E0));
#2046=AXIS2_PLACEMENT_3D('',#2043,#2044,#2045);
#2048=DIRECTION('',(0.E0,-1.E0,0.E0));
#2049=VECTOR('',#2048,1.34E0);
#2050=CARTESIAN_POINT('',(-6.247E0,-8.32E-1,-1.256E1));
#2051=LINE('',#2050,#2049);
#2052=CARTESIAN_POINT('',(-6.247E0,-8.32E-1,-1.243E1));
#2053=DIRECTION('',(-1.E0,0.E0,0.E0));
#2054=DIRECTION('',(0.E0,1.E0,0.E0));
#2055=AXIS2_PLACEMENT_3D('',#2052,#2053,#2054);
#2057=DIRECTION('',(0.E0,0.E0,-1.E0));
#2058=VECTOR('',#2057,1.85E0);
#2059=CARTESIAN_POINT('',(-6.247E0,-7.02E-1,-1.058E1));
#2060=LINE('',#2059,#2058);
#2061=CARTESIAN_POINT('',(-6.247E0,-8.32E-1,-1.058E1));
#2062=DIRECTION('',(-1.E0,0.E0,0.E0));
#2063=DIRECTION('',(0.E0,0.E0,1.E0));
#2064=AXIS2_PLACEMENT_3D('',#2061,#2062,#2063);
#2066=DIRECTION('',(0.E0,1.E0,0.E0));
#2067=VECTOR('',#2066,1.34E0);
#2068=CARTESIAN_POINT('',(-6.247E0,-2.172E0,-1.045E1));
#2069=LINE('',#2068,#2067);
#2070=DIRECTION('',(0.E0,0.E0,1.E0));
#2071=VECTOR('',#2070,1.455867924528E0);
#2072=CARTESIAN_POINT('',(-6.247E0,-9.72E-1,-1.238E1));
#2073=LINE('',#2072,#2071);
#2074=DIRECTION('',(0.E0,-1.E0,0.E0));
#2075=VECTOR('',#2074,1.06E0);
#2076=CARTESIAN_POINT('',(-6.247E0,-9.72E-1,-1.238E1));
#2077=LINE('',#2076,#2075);
#2078=DIRECTION('',(0.E0,0.E0,1.E0));
#2079=VECTOR('',#2078,1.455867924528E0);
#2080=CARTESIAN_POINT('',(-6.247E0,-2.032E0,-1.238E1));
#2081=LINE('',#2080,#2079);
#2082=DIRECTION('',(0.E0,-1.E0,0.E0));
#2083=VECTOR('',#2082,1.06E0);
#2084=CARTESIAN_POINT('',(-6.247E0,-9.72E-1,-1.092413207547E1));
#2085=LINE('',#2084,#2083);
#2086=DIRECTION('',(1.E0,0.E0,0.E0));
#2087=VECTOR('',#2086,4.33E-1);
#2088=CARTESIAN_POINT('',(6.247E0,-9.72E-1,-1.238E1));
#2089=LINE('',#2088,#2087);
#2090=DIRECTION('',(0.E0,0.E0,1.E0));
#2091=VECTOR('',#2090,5.E-1);
#2092=CARTESIAN_POINT('',(6.68E0,-9.72E-1,-1.238E1));
#2093=LINE('',#2092,#2091);
#2094=DIRECTION('',(-4.126294490089E-1,0.E0,9.108989723403E-1));
#2095=VECTOR('',#2094,1.049367661567E0);
#2096=CARTESIAN_POINT('',(6.68E0,-9.72E-1,-1.188E1));
#2097=LINE('',#2096,#2095);
#2098=DIRECTION('',(-4.126294490089E-1,0.E0,-9.108989723403E-1));
#2099=VECTOR('',#2098,1.049367661567E0);
#2100=CARTESIAN_POINT('',(-6.247E0,-9.72E-1,-1.092413207547E1));
#2101=LINE('',#2100,#2099);
#2102=DIRECTION('',(0.E0,0.E0,-1.E0));
#2103=VECTOR('',#2102,5.E-1);
#2104=CARTESIAN_POINT('',(-6.68E0,-9.72E-1,-1.188E1));
#2105=LINE('',#2104,#2103);
#2106=DIRECTION('',(1.E0,0.E0,0.E0));
#2107=VECTOR('',#2106,4.33E-1);
#2108=CARTESIAN_POINT('',(-6.68E0,-9.72E-1,-1.238E1));
#2109=LINE('',#2108,#2107);
#2110=CARTESIAN_POINT('',(6.247E0,-2.172E0,-1.243E1));
#2111=DIRECTION('',(1.E0,0.E0,0.E0));
#2112=DIRECTION('',(0.E0,-1.E0,-1.366428338E-14));
#2113=AXIS2_PLACEMENT_3D('',#2110,#2111,#2112);
#2115=DIRECTION('',(0.E0,0.E0,-1.E0));
#2116=VECTOR('',#2115,1.85E0);
#2117=CARTESIAN_POINT('',(6.247E0,-2.302E0,-1.058E1));
#2118=LINE('',#2117,#2116);
#2119=CARTESIAN_POINT('',(6.247E0,-2.172E0,-1.058E1));
#2120=DIRECTION('',(1.E0,0.E0,0.E0));
#2121=DIRECTION('',(0.E0,0.E0,1.E0));
#2122=AXIS2_PLACEMENT_3D('',#2119,#2120,#2121);
#2124=DIRECTION('',(0.E0,-1.E0,0.E0));
#2125=VECTOR('',#2124,1.34E0);
#2126=CARTESIAN_POINT('',(6.247E0,-8.32E-1,-1.045E1));
#2127=LINE('',#2126,#2125);
#2128=CARTESIAN_POINT('',(6.247E0,-8.32E-1,-1.058E1));
#2129=DIRECTION('',(1.E0,0.E0,0.E0));
#2130=DIRECTION('',(0.E0,1.E0,1.366428338E-14));
#2131=AXIS2_PLACEMENT_3D('',#2128,#2129,#2130);
#2133=DIRECTION('',(0.E0,0.E0,1.E0));
#2134=VECTOR('',#2133,1.85E0);
#2135=CARTESIAN_POINT('',(6.247E0,-7.02E-1,-1.243E1));
#2136=LINE('',#2135,#2134);
#2137=CARTESIAN_POINT('',(6.247E0,-8.32E-1,-1.243E1));
#2138=DIRECTION('',(1.E0,0.E0,0.E0));
#2139=DIRECTION('',(0.E0,0.E0,-1.E0));
#2140=AXIS2_PLACEMENT_3D('',#2137,#2138,#2139);
#2142=DIRECTION('',(0.E0,1.E0,0.E0));
#2143=VECTOR('',#2142,1.34E0);
#2144=CARTESIAN_POINT('',(6.247E0,-2.172E0,-1.256E1));
#2145=LINE('',#2144,#2143);
#2146=DIRECTION('',(0.E0,0.E0,1.E0));
#2147=VECTOR('',#2146,1.455867924528E0);
#2148=CARTESIAN_POINT('',(6.247E0,-9.72E-1,-1.238E1));
#2149=LINE('',#2148,#2147);
#2150=DIRECTION('',(0.E0,-1.E0,0.E0));
#2151=VECTOR('',#2150,1.06E0);
#2152=CARTESIAN_POINT('',(6.247E0,-9.72E-1,-1.092413207547E1));
#2153=LINE('',#2152,#2151);
#2154=DIRECTION('',(0.E0,0.E0,1.E0));
#2155=VECTOR('',#2154,1.455867924528E0);
#2156=CARTESIAN_POINT('',(6.247E0,-2.032E0,-1.238E1));
#2157=LINE('',#2156,#2155);
#2158=DIRECTION('',(0.E0,-1.E0,0.E0));
#2159=VECTOR('',#2158,1.06E0);
#2160=CARTESIAN_POINT('',(6.247E0,-9.72E-1,-1.238E1));
#2161=LINE('',#2160,#2159);
#2162=DIRECTION('',(-1.E0,0.E0,0.E0));
#2163=VECTOR('',#2162,3.18E-1);
#2164=CARTESIAN_POINT('',(6.565E0,-2.302E0,-1.243E1));
#2165=LINE('',#2164,#2163);
#2166=CARTESIAN_POINT('',(6.565E0,-2.172E0,-1.243E1));
#2167=DIRECTION('',(1.E0,0.E0,0.E0));
#2168=DIRECTION('',(0.E0,-1.E0,0.E0));
#2169=AXIS2_PLACEMENT_3D('',#2166,#2167,#2168);
#2171=DIRECTION('',(0.E0,1.E0,0.E0));
#2172=VECTOR('',#2171,1.34E0);
#2173=CARTESIAN_POINT('',(6.565E0,-2.172E0,-1.256E1));
#2174=LINE('',#2173,#2172);
#2175=CARTESIAN_POINT('',(6.565E0,-8.32E-1,-1.243E1));
#2176=DIRECTION('',(1.E0,0.E0,0.E0));
#2177=DIRECTION('',(0.E0,0.E0,-1.E0));
#2178=AXIS2_PLACEMENT_3D('',#2175,#2176,#2177);
#2180=DIRECTION('',(0.E0,0.E0,1.E0));
#2181=VECTOR('',#2180,1.85E0);
#2182=CARTESIAN_POINT('',(6.565E0,-7.02E-1,-1.243E1));
#2183=LINE('',#2182,#2181);
#2184=CARTESIAN_POINT('',(6.565E0,-8.32E-1,-1.058E1));
#2185=DIRECTION('',(1.E0,0.E0,0.E0));
#2186=DIRECTION('',(0.E0,1.E0,0.E0));
#2187=AXIS2_PLACEMENT_3D('',#2184,#2185,#2186);
#2189=DIRECTION('',(0.E0,-1.E0,0.E0));
#2190=VECTOR('',#2189,1.34E0);
#2191=CARTESIAN_POINT('',(6.565E0,-8.32E-1,-1.045E1));
#2192=LINE('',#2191,#2190);
#2193=CARTESIAN_POINT('',(6.565E0,-2.172E0,-1.058E1));
#2194=DIRECTION('',(1.E0,0.E0,0.E0));
#2195=DIRECTION('',(0.E0,0.E0,1.E0));
#2196=AXIS2_PLACEMENT_3D('',#2193,#2194,#2195);
#2198=DIRECTION('',(0.E0,0.E0,-1.E0));
#2199=VECTOR('',#2198,1.85E0);
#2200=CARTESIAN_POINT('',(6.565E0,-2.302E0,-1.058E1));
#2201=LINE('',#2200,#2199);
#2202=DIRECTION('',(0.E0,9.632419486019E-2,9.953500135553E-1));
#2203=VECTOR('',#2202,2.845067427542E0);
#2204=CARTESIAN_POINT('',(6.565E0,1.201763053179E0,-4.725918951285E0));
#2205=LINE('',#2204,#2203);
#2206=DIRECTION('',(0.E0,9.632419486019E-2,-9.953500135553E-1));
#2207=VECTOR('',#2206,6.449992377122E0);
#2208=CARTESIAN_POINT('',(6.565E0,-1.475811882460E0,-1.894081048715E0));
#2209=LINE('',#2208,#2207);
#2210=CARTESIAN_POINT('',(6.565E0,-6.056840564903E-1,-8.29E0));
#2211=DIRECTION('',(1.E0,0.E0,0.E0));
#2212=DIRECTION('',(0.E0,-9.953500135553E-1,-9.632419486019E-2));
#2213=AXIS2_PLACEMENT_3D('',#2210,#2211,#2212);
#2215=DIRECTION('',(0.E0,1.E0,0.E0));
#2216=VECTOR('',#2215,2.353684056490E0);
#2217=CARTESIAN_POINT('',(6.565E0,-6.056840564903E-1,-8.54E0));
#2218=LINE('',#2217,#2216);
#2219=CARTESIAN_POINT('',(6.565E0,1.748E0,-8.41E0));
#2220=DIRECTION('',(1.E0,0.E0,0.E0));
#2221=DIRECTION('',(0.E0,0.E0,-1.E0));
#2222=AXIS2_PLACEMENT_3D('',#2219,#2220,#2221);
#2224=DIRECTION('',(0.E0,0.E0,1.E0));
#2225=VECTOR('',#2224,3.28E0);
#2226=CARTESIAN_POINT('',(6.565E0,1.878E0,-8.41E0));
#2227=LINE('',#2226,#2225);
#2228=CARTESIAN_POINT('',(6.565E0,1.748E0,-5.13E0));
#2229=DIRECTION('',(1.E0,0.E0,0.E0));
#2230=DIRECTION('',(0.E0,1.E0,0.E0));
#2231=AXIS2_PLACEMENT_3D('',#2228,#2229,#2230);
#2233=DIRECTION('',(0.E0,-1.E0,0.E0));
#2234=VECTOR('',#2233,2.973994434324E-1);
#2235=CARTESIAN_POINT('',(6.565E0,1.748E0,-5.E0));
#2236=LINE('',#2235,#2234);
#2237=CARTESIAN_POINT('',(6.565E0,1.450600556568E0,-4.75E0));
#2238=DIRECTION('',(1.E0,0.E0,0.E0));
#2239=DIRECTION('',(0.E0,-9.953500135553E-1,9.632419486017E-2));
#2240=AXIS2_PLACEMENT_3D('',#2237,#2238,#2239);
#2242=DIRECTION('',(0.E0,0.E0,1.E0));
#2243=VECTOR('',#2242,2.04E0);
#2244=CARTESIAN_POINT('',(6.565E0,-3.65E0,-1.13E1));
#2245=LINE('',#2244,#2243);
#2246=DIRECTION('',(0.E0,0.E0,-1.E0));
#2247=VECTOR('',#2246,8.64E0);
#2248=CARTESIAN_POINT('',(6.565E0,-2.24E0,-6.2E-1));
#2249=LINE('',#2248,#2247);
#2250=DIRECTION('',(0.E0,1.E0,0.E0));
#2251=VECTOR('',#2250,2.E-2);
#2252=CARTESIAN_POINT('',(6.565E0,-2.24E0,-6.2E-1));
#2253=LINE('',#2252,#2251);
#2254=DIRECTION('',(0.E0,1.E0,2.220446049250E-14));
#2255=VECTOR('',#2254,2.E-2);
#2256=CARTESIAN_POINT('',(6.565E0,2.22E0,-6.2E-1));
#2257=LINE('',#2256,#2255);
#2258=DIRECTION('',(0.E0,0.E0,1.E0));
#2259=VECTOR('',#2258,1.338E1);
#2260=CARTESIAN_POINT('',(6.565E0,2.24E0,-1.4E1));
#2261=LINE('',#2260,#2259);
#2262=DIRECTION('',(-1.E0,0.E0,0.E0));
#2263=VECTOR('',#2262,3.18E-1);
#2264=CARTESIAN_POINT('',(6.565E0,-2.172E0,-1.256E1));
#2265=LINE('',#2264,#2263);
#2266=DIRECTION('',(-1.E0,0.E0,0.E0));
#2267=VECTOR('',#2266,3.18E-1);
#2268=CARTESIAN_POINT('',(6.565E0,-8.32E-1,-1.256E1));
#2269=LINE('',#2268,#2267);
#2270=DIRECTION('',(-1.E0,0.E0,0.E0));
#2271=VECTOR('',#2270,3.18E-1);
#2272=CARTESIAN_POINT('',(6.565E0,-7.02E-1,-1.243E1));
#2273=LINE('',#2272,#2271);
#2274=DIRECTION('',(-1.E0,0.E0,0.E0));
#2275=VECTOR('',#2274,3.18E-1);
#2276=CARTESIAN_POINT('',(6.565E0,-7.02E-1,-1.058E1));
#2277=LINE('',#2276,#2275);
#2278=DIRECTION('',(-1.E0,0.E0,0.E0));
#2279=VECTOR('',#2278,3.18E-1);
#2280=CARTESIAN_POINT('',(6.565E0,-8.32E-1,-1.045E1));
#2281=LINE('',#2280,#2279);
#2282=DIRECTION('',(-1.E0,0.E0,0.E0));
#2283=VECTOR('',#2282,3.18E-1);
#2284=CARTESIAN_POINT('',(6.565E0,-2.172E0,-1.045E1));
#2285=LINE('',#2284,#2283);
#2286=DIRECTION('',(-1.E0,0.E0,0.E0));
#2287=VECTOR('',#2286,3.18E-1);
#2288=CARTESIAN_POINT('',(6.565E0,-2.302E0,-1.058E1));
#2289=LINE('',#2288,#2287);
#2290=DIRECTION('',(-1.E0,0.E0,-1.396506949214E-14));
#2291=VECTOR('',#2290,3.18E-1);
#2292=CARTESIAN_POINT('',(6.565E0,1.201763053179E0,-4.725918951285E0));
#2293=LINE('',#2292,#2291);
#2294=DIRECTION('',(-1.E0,0.E0,0.E0));
#2295=VECTOR('',#2294,3.18E-1);
#2296=CARTESIAN_POINT('',(6.565E0,1.475811882460E0,-1.894081048715E0));
#2297=LINE('',#2296,#2295);
#2298=DIRECTION('',(-1.E0,0.E0,0.E0));
#2299=VECTOR('',#2298,3.18E-1);
#2300=CARTESIAN_POINT('',(-6.247E0,1.475811882460E0,-1.894081048715E0));
#2301=LINE('',#2300,#2299);
#2302=DIRECTION('',(-1.E0,0.E0,1.396506949214E-14));
#2303=VECTOR('',#2302,3.18E-1);
#2304=CARTESIAN_POINT('',(-6.247E0,1.201763053179E0,-4.725918951285E0));
#2305=LINE('',#2304,#2303);
#2306=DIRECTION('',(-1.E0,0.E0,0.E0));
#2307=VECTOR('',#2306,3.18E-1);
#2308=CARTESIAN_POINT('',(6.565E0,1.450600556568E0,-5.E0));
#2309=LINE('',#2308,#2307);
#2310=DIRECTION('',(-1.E0,0.E0,0.E0));
#2311=VECTOR('',#2310,3.18E-1);
#2312=CARTESIAN_POINT('',(-6.247E0,1.450600556568E0,-5.E0));
#2313=LINE('',#2312,#2311);
#2314=DIRECTION('',(-1.E0,0.E0,0.E0));
#2315=VECTOR('',#2314,3.18E-1);
#2316=CARTESIAN_POINT('',(6.565E0,1.748E0,-5.E0));
#2317=LINE('',#2316,#2315);
#2318=DIRECTION('',(-1.E0,0.E0,0.E0));
#2319=VECTOR('',#2318,3.18E-1);
#2320=CARTESIAN_POINT('',(-6.247E0,1.748E0,-5.E0));
#2321=LINE('',#2320,#2319);
#2322=DIRECTION('',(-1.E0,0.E0,0.E0));
#2323=VECTOR('',#2322,3.18E-1);
#2324=CARTESIAN_POINT('',(6.565E0,1.878E0,-5.13E0));
#2325=LINE('',#2324,#2323);
#2326=DIRECTION('',(-1.E0,0.E0,0.E0));
#2327=VECTOR('',#2326,3.18E-1);
#2328=CARTESIAN_POINT('',(-6.247E0,1.878E0,-5.13E0));
#2329=LINE('',#2328,#2327);
#2330=DIRECTION('',(-1.E0,0.E0,0.E0));
#2331=VECTOR('',#2330,3.18E-1);
#2332=CARTESIAN_POINT('',(6.565E0,1.878E0,-8.41E0));
#2333=LINE('',#2332,#2331);
#2334=DIRECTION('',(-1.E0,0.E0,0.E0));
#2335=VECTOR('',#2334,3.18E-1);
#2336=CARTESIAN_POINT('',(-6.247E0,1.878E0,-8.41E0));
#2337=LINE('',#2336,#2335);
#2338=DIRECTION('',(-1.E0,0.E0,0.E0));
#2339=VECTOR('',#2338,3.18E-1);
#2340=CARTESIAN_POINT('',(6.565E0,1.748E0,-8.54E0));
#2341=LINE('',#2340,#2339);
#2342=DIRECTION('',(-1.E0,0.E0,0.E0));
#2343=VECTOR('',#2342,3.18E-1);
#2344=CARTESIAN_POINT('',(-6.247E0,1.748E0,-8.54E0));
#2345=LINE('',#2344,#2343);
#2346=DIRECTION('',(-1.E0,0.E0,0.E0));
#2347=VECTOR('',#2346,3.18E-1);
#2348=CARTESIAN_POINT('',(6.565E0,-6.056840564903E-1,-8.54E0));
#2349=LINE('',#2348,#2347);
#2350=DIRECTION('',(-1.E0,0.E0,0.E0));
#2351=VECTOR('',#2350,3.18E-1);
#2352=CARTESIAN_POINT('',(-6.247E0,-6.056840564903E-1,-8.54E0));
#2353=LINE('',#2352,#2351);
#2354=DIRECTION('',(-1.E0,0.E0,0.E0));
#2355=VECTOR('',#2354,3.18E-1);
#2356=CARTESIAN_POINT('',(6.565E0,-8.545215598791E-1,-8.314081048715E0));
#2357=LINE('',#2356,#2355);
#2358=DIRECTION('',(-1.E0,0.E0,0.E0));
#2359=VECTOR('',#2358,3.18E-1);
#2360=CARTESIAN_POINT('',(-6.247E0,-8.545215598791E-1,-8.314081048715E0));
#2361=LINE('',#2360,#2359);
#2362=DIRECTION('',(-1.E0,0.E0,0.E0));
#2363=VECTOR('',#2362,3.18E-1);
#2364=CARTESIAN_POINT('',(6.565E0,-1.475811882460E0,-1.894081048715E0));
#2365=LINE('',#2364,#2363);
#2366=DIRECTION('',(-1.E0,0.E0,0.E0));
#2367=VECTOR('',#2366,3.18E-1);
#2368=CARTESIAN_POINT('',(-6.247E0,-1.475811882460E0,-1.894081048715E0));
#2369=LINE('',#2368,#2367);
#2370=CARTESIAN_POINT('',(6.247E0,-1.226974379071E0,-1.87E0));
#2371=DIRECTION('',(1.E0,0.E0,0.E0));
#2372=DIRECTION('',(0.E0,0.E0,1.E0));
#2373=AXIS2_PLACEMENT_3D('',#2370,#2371,#2372);
#2375=CARTESIAN_POINT('',(6.565E0,-1.226974379071E0,-1.87E0));
#2376=DIRECTION('',(-1.E0,0.E0,0.E0));
#2377=DIRECTION('',(0.E0,-9.953500135553E-1,-9.632419486019E-2));
#2378=AXIS2_PLACEMENT_3D('',#2375,#2376,#2377);
#2380=DIRECTION('',(-1.E0,0.E0,0.E0));
#2381=VECTOR('',#2380,3.118589785282E-1);
#2382=CARTESIAN_POINT('',(-6.247E0,1.226974379071E0,-1.62E0));
#2383=LINE('',#2382,#2381);
#2384=DIRECTION('',(9.999496441882E-1,-1.003539176509E-2,-4.738106693761E-9));
#2385=VECTOR('',#2384,3.118746826548E-1);
#2386=CARTESIAN_POINT('',(-6.558858978528E0,1.226974379071E0,-1.62E0));
#2387=LINE('',#2386,#2385);
#2388=DIRECTION('',(-1.E0,0.E0,0.E0));
#2389=VECTOR('',#2388,3.118589785282E-1);
#2390=CARTESIAN_POINT('',(-6.247E0,-1.226974379071E0,-1.62E0));
#2391=LINE('',#2390,#2389);
#2392=DIRECTION('',(-9.999496441882E-1,-1.003539176512E-2,4.738106693760E-9));
#2393=VECTOR('',#2392,3.118746826548E-1);
#2394=CARTESIAN_POINT('',(-6.247000000576E0,-1.223844594449E0,
-1.620000001478E0));
#2395=LINE('',#2394,#2393);
#2396=DIRECTION('',(-1.E0,0.E0,0.E0));
#2397=VECTOR('',#2396,3.118589785283E-1);
#2398=CARTESIAN_POINT('',(6.558858978528E0,1.226974379071E0,-1.62E0));
#2399=LINE('',#2398,#2397);
#2400=DIRECTION('',(9.999496441878E-1,1.003539180161E-2,4.738112389497E-9));
#2401=VECTOR('',#2400,3.118746826550E-1);
#2402=CARTESIAN_POINT('',(6.247000000576E0,1.223844594437E0,-1.620000001478E0));
#2403=LINE('',#2402,#2401);
#2404=DIRECTION('',(-1.E0,0.E0,0.E0));
#2405=VECTOR('',#2404,3.118589785282E-1);
#2406=CARTESIAN_POINT('',(6.558858978528E0,-1.226974379071E0,-1.62E0));
#2407=LINE('',#2406,#2405);
#2408=DIRECTION('',(-9.999496441878E-1,1.003539180162E-2,-4.738111677530E-9));
#2409=VECTOR('',#2408,3.118746826550E-1);
#2410=CARTESIAN_POINT('',(6.558858978528E0,-1.226974379071E0,-1.62E0));
#2411=LINE('',#2410,#2409);
#2412=CARTESIAN_POINT('',(-6.247E0,1.226974379071E0,-1.87E0));
#2413=DIRECTION('',(-1.E0,0.E0,0.E0));
#2414=DIRECTION('',(0.E0,0.E0,1.E0));
#2415=AXIS2_PLACEMENT_3D('',#2412,#2413,#2414);
#2417=CARTESIAN_POINT('',(-6.565E0,1.226974379071E0,-1.87E0));
#2418=DIRECTION('',(1.E0,0.E0,0.E0));
#2419=DIRECTION('',(0.E0,9.953500135553E-1,-9.632419486019E-2));
#2420=AXIS2_PLACEMENT_3D('',#2417,#2418,#2419);
#2422=DIRECTION('',(1.841016919474E-7,-9.999999999999E-1,4.721396836970E-7));
#2423=VECTOR('',#2422,3.129784622065E-3);
#2424=CARTESIAN_POINT('',(-6.247000000576E0,-1.223844594449E0,
-1.620000001478E0));
#2425=LINE('',#2424,#2423);
#2426=DIRECTION('',(0.E0,9.632419486019E-2,-9.953500135553E-1));
#2427=VECTOR('',#2426,6.449992377122E0);
#2428=CARTESIAN_POINT('',(-6.247E0,-1.475811882460E0,-1.894081048715E0));
#2429=LINE('',#2428,#2427);
#2430=CARTESIAN_POINT('',(-6.247E0,-6.056840564903E-1,-8.29E0));
#2431=DIRECTION('',(1.E0,0.E0,0.E0));
#2432=DIRECTION('',(0.E0,-9.953500135553E-1,-9.632419486019E-2));
#2433=AXIS2_PLACEMENT_3D('',#2430,#2431,#2432);
#2435=DIRECTION('',(0.E0,1.E0,0.E0));
#2436=VECTOR('',#2435,2.353684056490E0);
#2437=CARTESIAN_POINT('',(-6.247E0,-6.056840564903E-1,-8.54E0));
#2438=LINE('',#2437,#2436);
#2439=CARTESIAN_POINT('',(-6.247E0,1.748E0,-8.41E0));
#2440=DIRECTION('',(1.E0,0.E0,0.E0));
#2441=DIRECTION('',(0.E0,0.E0,-1.E0));
#2442=AXIS2_PLACEMENT_3D('',#2439,#2440,#2441);
#2444=DIRECTION('',(0.E0,0.E0,1.E0));
#2445=VECTOR('',#2444,3.28E0);
#2446=CARTESIAN_POINT('',(-6.247E0,1.878E0,-8.41E0));
#2447=LINE('',#2446,#2445);
#2448=CARTESIAN_POINT('',(-6.247E0,1.748E0,-5.13E0));
#2449=DIRECTION('',(1.E0,0.E0,0.E0));
#2450=DIRECTION('',(0.E0,1.E0,0.E0));
#2451=AXIS2_PLACEMENT_3D('',#2448,#2449,#2450);
#2453=DIRECTION('',(0.E0,-1.E0,0.E0));
#2454=VECTOR('',#2453,2.973994434324E-1);
#2455=CARTESIAN_POINT('',(-6.247E0,1.748E0,-5.E0));
#2456=LINE('',#2455,#2454);
#2457=CARTESIAN_POINT('',(-6.247E0,1.450600556568E0,-4.75E0));
#2458=DIRECTION('',(1.E0,0.E0,0.E0));
#2459=DIRECTION('',(0.E0,-9.953500135553E-1,9.632419486012E-2));
#2460=AXIS2_PLACEMENT_3D('',#2457,#2458,#2459);
#2462=DIRECTION('',(0.E0,9.632419486019E-2,9.953500135553E-1));
#2463=VECTOR('',#2462,2.845067427542E0);
#2464=CARTESIAN_POINT('',(-6.247E0,1.201763053179E0,-4.725918951285E0));
#2465=LINE('',#2464,#2463);
#2466=DIRECTION('',(-1.841016919480E-7,-9.999999999999E-1,-4.721396836986E-7));
#2467=VECTOR('',#2466,3.129784622054E-3);
#2468=CARTESIAN_POINT('',(-6.247E0,1.226974379071E0,-1.62E0));
#2469=LINE('',#2468,#2467);
#2470=DIRECTION('',(0.E0,1.E0,1.665334536938E-14));
#2471=VECTOR('',#2470,2.E-2);
#2472=CARTESIAN_POINT('',(-6.247E0,2.22E0,-6.2E-1));
#2473=LINE('',#2472,#2471);
#2474=DIRECTION('',(0.E0,0.E0,1.E0));
#2475=VECTOR('',#2474,8.26E0);
#2476=CARTESIAN_POINT('',(-6.247E0,2.24E0,-8.88E0));
#2477=LINE('',#2476,#2475);
#2478=DIRECTION('',(0.E0,0.E0,-1.E0));
#2479=VECTOR('',#2478,8.26E0);
#2480=CARTESIAN_POINT('',(-6.247E0,-2.24E0,-6.2E-1));
#2481=LINE('',#2480,#2479);
#2482=DIRECTION('',(0.E0,1.E0,0.E0));
#2483=VECTOR('',#2482,2.E-2);
#2484=CARTESIAN_POINT('',(-6.247E0,-2.24E0,-6.2E-1));
#2485=LINE('',#2484,#2483);
#2486=CARTESIAN_POINT('',(-6.247E0,-1.226974379071E0,-1.87E0));
#2487=DIRECTION('',(-1.E0,0.E0,0.E0));
#2488=DIRECTION('',(0.E0,-9.953500135553E-1,-9.632419486019E-2));
#2489=AXIS2_PLACEMENT_3D('',#2486,#2487,#2488);
#2491=CARTESIAN_POINT('',(-6.565E0,-1.226974379071E0,-1.87E0));
#2492=DIRECTION('',(1.E0,0.E0,0.E0));
#2493=DIRECTION('',(0.E0,-1.237315043978E-4,9.999999923453E-1));
#2494=AXIS2_PLACEMENT_3D('',#2491,#2492,#2493);
#2496=CARTESIAN_POINT('',(-6.247000000576E0,-1.223844594449E0,
-1.620000001478E0));
#2497=CARTESIAN_POINT('',(-6.247000000576E0,-1.216606365588E0,
-1.620000001478E0));
#2498=CARTESIAN_POINT('',(-6.247000929410E0,-1.202150978172E0,
-1.620628816651E0));
#2499=CARTESIAN_POINT('',(-6.246988356832E0,-1.180560710044E0,
-1.623457209567E0));
#2500=CARTESIAN_POINT('',(-6.246911734546E0,-1.159330236013E0,
-1.628147161609E0));
#2501=CARTESIAN_POINT('',(-6.246691997101E0,-1.138713195427E0,
-1.634615773953E0));
#2502=CARTESIAN_POINT('',(-6.246225101347E0,-1.118856695703E0,
-1.642781021321E0));
#2503=CARTESIAN_POINT('',(-6.245671296042E0,-1.106292537299E0,
-1.649248273718E0));
#2504=CARTESIAN_POINT('',(-6.245312346186E0,-1.100190564865E0,
-1.652718490950E0));
#2506=CARTESIAN_POINT('',(-6.245312346186E0,-1.100190564865E0,
-1.652718490950E0));
#2507=CARTESIAN_POINT('',(-6.244204364511E0,-1.081355416921E0,
-1.663430118323E0));
#2508=CARTESIAN_POINT('',(-6.241642762144E0,-1.048879552488E0,
-1.688194905185E0));
#2509=CARTESIAN_POINT('',(-6.237010393857E0,-1.012037730584E0,
-1.732979222514E0));
#2510=CARTESIAN_POINT('',(-6.231644745695E0,-9.862159957300E-1,
-1.784852665012E0));
#2511=CARTESIAN_POINT('',(-6.227543165291E0,-9.768836711678E-1,
-1.824505487716E0));
#2512=CARTESIAN_POINT('',(-6.225321302385E0,-9.747884727821E-1,
-1.845985777552E0));
#2514=CARTESIAN_POINT('',(-6.545017960512E0,-9.779798510152E-1,
-1.845985777552E0));
#2515=CARTESIAN_POINT('',(-6.548313583983E0,-9.810875967539E-1,
-1.814124699547E0));
#2516=CARTESIAN_POINT('',(-6.554323616862E0,-9.986329734508E-1,
-1.756021543027E0));
#2517=CARTESIAN_POINT('',(-6.559386009133E0,-1.034651164214E0,
-1.707079885572E0));
#2518=CARTESIAN_POINT('',(-6.561624692373E0,-1.058362354130E0,
-1.685436981899E0));
#2520=CARTESIAN_POINT('',(-6.561624692373E0,-1.058362354130E0,
-1.685436981899E0));
#2521=CARTESIAN_POINT('',(-6.562093986717E0,-1.063332922151E0,
-1.680899987963E0));
#2522=CARTESIAN_POINT('',(-6.562896380672E0,-1.073680471999E0,
-1.672188655746E0));
#2523=CARTESIAN_POINT('',(-6.563753940575E0,-1.090364942476E0,
-1.660317072392E0));
#2524=CARTESIAN_POINT('',(-6.564326657473E0,-1.108057981715E0,
-1.649798555712E0));
#2525=CARTESIAN_POINT('',(-6.564678717126E0,-1.126566664768E0,
-1.640765168612E0));
#2526=CARTESIAN_POINT('',(-6.564872645330E0,-1.145720976513E0,
-1.633294223641E0));
#2527=CARTESIAN_POINT('',(-6.564963596651E0,-1.165475308668E0,
-1.627402836774E0));
#2528=CARTESIAN_POINT('',(-6.564995234352E0,-1.185792592658E0,
-1.623133397281E0));
#2529=CARTESIAN_POINT('',(-6.565000379768E0,-1.206388335232E0,
-1.620567589262E0));
#2530=CARTESIAN_POINT('',(-6.565E0,-1.220141031315E0,-1.620000850322E0));
#2531=CARTESIAN_POINT('',(-6.565E0,-1.227005016480E0,-1.620000008821E0));
#2533=CARTESIAN_POINT('',(-6.558858978528E0,-1.226974379071E0,-1.62E0));
#2534=CARTESIAN_POINT('',(-6.560905985685E0,-1.226984595961E0,-1.62E0));
#2535=CARTESIAN_POINT('',(-6.562952992843E0,-1.226994799590E0,
-1.620000007568E0));
#2536=CARTESIAN_POINT('',(-6.565E0,-1.227005016480E0,-1.620000008821E0));
#2538=DIRECTION('',(0.E0,-1.E0,0.E0));
#2539=VECTOR('',#2538,2.200381129729E0);
#2540=CARTESIAN_POINT('',(-6.245312346186E0,1.100190564865E0,
-1.652718490950E0));
#2541=LINE('',#2540,#2539);
#2542=DIRECTION('',(0.E0,1.E0,0.E0));
#2543=VECTOR('',#2542,2.447689188898E0);
#2544=CARTESIAN_POINT('',(-6.247000000576E0,-1.223844594449E0,
-1.620000001478E0));
#2545=LINE('',#2544,#2543);
#2546=DIRECTION('',(1.024074624015E-1,-9.656939200307E-2,-9.900439708279E-1));
#2547=VECTOR('',#2546,5.321143143570E0);
#2548=CARTESIAN_POINT('',(-6.225321302385E0,9.747884727821E-1,
-1.845985777552E0));
#2549=LINE('',#2548,#2547);
#2550=DIRECTION('',(-9.999501783723E-1,-9.982022496226E-3,0.E0));
#2551=VECTOR('',#2550,3.197125867281E-1);
#2552=CARTESIAN_POINT('',(-6.225321302385E0,-9.747884727821E-1,
-1.845985777552E0));
#2553=LINE('',#2552,#2551);
#2554=DIRECTION('',(1.024074624015E-1,9.656939200307E-2,-9.900439708279E-1));
#2555=VECTOR('',#2554,5.321143143570E0);
#2556=CARTESIAN_POINT('',(-6.225321302385E0,-9.747884727821E-1,
-1.845985777552E0));
#2557=LINE('',#2556,#2555);
#2558=DIRECTION('',(-9.946929125360E-1,0.E0,-1.028883363194E-1));
#2559=VECTOR('',#2558,3.18E-1);
#2560=CARTESIAN_POINT('',(-5.680396535977E0,-4.609289146462E-1,
-7.114151464756E0));
#2561=LINE('',#2560,#2559);
#2562=CARTESIAN_POINT('',(-5.680396535977E0,-4.609289146462E-1,
-7.114151464756E0));
#2563=CARTESIAN_POINT('',(-5.678659130983E0,-4.592905560740E-1,
-7.130948163925E0));
#2564=CARTESIAN_POINT('',(-5.676511494430E0,-4.562474833569E-1,
-7.164717992579E0));
#2565=CARTESIAN_POINT('',(-5.677311807107E0,-4.523150017232E-1,
-7.215546213195E0));
#2566=CARTESIAN_POINT('',(-5.682165564925E0,-4.489391968196E-1,
-7.266318713116E0));
#2567=CARTESIAN_POINT('',(-5.691020364015E0,-4.460693008058E-1,
-7.316414488543E0));
#2568=CARTESIAN_POINT('',(-5.703788552205E0,-4.436294006712E-1,
-7.365558004736E0));
#2569=CARTESIAN_POINT('',(-5.720457700631E0,-4.415406282887E-1,
-7.413680816079E0));
#2570=CARTESIAN_POINT('',(-5.740992965578E0,-4.397386647589E-1,
-7.460505274248E0));
#2571=CARTESIAN_POINT('',(-5.765090922154E0,-4.381713018921E-1,
-7.505364771858E0));
#2572=CARTESIAN_POINT('',(-5.792780177735E0,-4.367605789525E-1,
-7.548328247471E0));
#2573=CARTESIAN_POINT('',(-5.823839443215E0,-4.354471599569E-1,
-7.588980943973E0));
#2574=CARTESIAN_POINT('',(-5.858076438331E0,-4.341660999394E-1,
-7.627060160220E0));
#2575=CARTESIAN_POINT('',(-5.895248564241E0,-4.328538290111E-1,
-7.662286824682E0));
#2576=CARTESIAN_POINT('',(-5.935128250439E0,-4.314448294468E-1,
-7.694436384565E0));
#2577=CARTESIAN_POINT('',(-5.977341657756E0,-4.298785746697E-1,
-7.723237256742E0));
#2578=CARTESIAN_POINT('',(-6.021954093107E0,-4.280759926055E-1,
-7.748706114032E0));
#2579=CARTESIAN_POINT('',(-6.068332735490E0,-4.259831752891E-1,
-7.770453372635E0));
#2580=CARTESIAN_POINT('',(-6.116165273207E0,-4.235357136340E-1,
-7.788387234624E0));
#2581=CARTESIAN_POINT('',(-6.165345988003E0,-4.206554430617E-1,
-7.802475737921E0));
#2582=CARTESIAN_POINT('',(-6.215592121876E0,-4.172666532039E-1,
-7.812604605699E0));
#2583=CARTESIAN_POINT('',(-6.266245918876E0,-4.133216881548E-1,
-7.818660644110E0));
#2584=CARTESIAN_POINT('',(-6.300105606772E0,-4.102741760565E-1,-7.82E0));
#2585=CARTESIAN_POINT('',(-6.317E0,-4.086350338404E-1,-7.82E0));
#2587=DIRECTION('',(0.E0,-1.E0,0.E0));
#2588=VECTOR('',#2587,9.218578292924E-1);
#2589=CARTESIAN_POINT('',(-5.680396535977E0,4.609289146462E-1,
-7.114151464756E0));
#2590=LINE('',#2589,#2588);
#2591=CARTESIAN_POINT('',(-5.680396535977E0,4.609289146462E-1,
-7.114151464756E0));
#2592=CARTESIAN_POINT('',(-5.678659130983E0,4.592905560740E-1,
-7.130948163925E0));
#2593=CARTESIAN_POINT('',(-5.676511494430E0,4.562474833569E-1,
-7.164717992579E0));
#2594=CARTESIAN_POINT('',(-5.677311807107E0,4.523150017232E-1,
-7.215546213195E0));
#2595=CARTESIAN_POINT('',(-5.682165564925E0,4.489391968196E-1,
-7.266318713116E0));
#2596=CARTESIAN_POINT('',(-5.691020364015E0,4.460693008058E-1,
-7.316414488543E0));
#2597=CARTESIAN_POINT('',(-5.703788552205E0,4.436294006712E-1,
-7.365558004736E0));
#2598=CARTESIAN_POINT('',(-5.720457700631E0,4.415406282887E-1,
-7.413680816079E0));
#2599=CARTESIAN_POINT('',(-5.740992965578E0,4.397386647589E-1,
-7.460505274248E0));
#2600=CARTESIAN_POINT('',(-5.765090922154E0,4.381713018921E-1,
-7.505364771858E0));
#2601=CARTESIAN_POINT('',(-5.792780177735E0,4.367605789525E-1,
-7.548328247471E0));
#2602=CARTESIAN_POINT('',(-5.823839443215E0,4.354471599569E-1,
-7.588980943973E0));
#2603=CARTESIAN_POINT('',(-5.858076438331E0,4.341660999394E-1,
-7.627060160220E0));
#2604=CARTESIAN_POINT('',(-5.895248564241E0,4.328538290111E-1,
-7.662286824682E0));
#2605=CARTESIAN_POINT('',(-5.935128250439E0,4.314448294468E-1,
-7.694436384565E0));
#2606=CARTESIAN_POINT('',(-5.977341657756E0,4.298785746697E-1,
-7.723237256742E0));
#2607=CARTESIAN_POINT('',(-6.021954093107E0,4.280759926055E-1,
-7.748706114032E0));
#2608=CARTESIAN_POINT('',(-6.068332735490E0,4.259831752891E-1,
-7.770453372635E0));
#2609=CARTESIAN_POINT('',(-6.116165273207E0,4.235357136340E-1,
-7.788387234624E0));
#2610=CARTESIAN_POINT('',(-6.165345988003E0,4.206554430617E-1,
-7.802475737921E0));
#2611=CARTESIAN_POINT('',(-6.215592121876E0,4.172666532039E-1,
-7.812604605699E0));
#2612=CARTESIAN_POINT('',(-6.266245918876E0,4.133216881548E-1,
-7.818660644110E0));
#2613=CARTESIAN_POINT('',(-6.300105606772E0,4.102741760565E-1,-7.82E0));
#2614=CARTESIAN_POINT('',(-6.317E0,4.086350338404E-1,-7.82E0));
#2616=DIRECTION('',(9.946929125360E-1,0.E0,1.028883363194E-1));
#2617=VECTOR('',#2616,3.18E-1);
#2618=CARTESIAN_POINT('',(-5.996708882163E0,4.609289146462E-1,
-7.146869955705E0));
#2619=LINE('',#2618,#2617);
#2620=CARTESIAN_POINT('',(-5.996708882163E0,4.609289146462E-1,
-7.146869955705E0));
#2621=CARTESIAN_POINT('',(-5.995681932350E0,4.599605094461E-1,
-7.156798191866E0));
#2622=CARTESIAN_POINT('',(-5.994551952361E0,4.580236990459E-1,
-7.176750217471E0));
#2623=CARTESIAN_POINT('',(-5.995643382582E0,4.551184834456E-1,
-7.206706350020E0));
#2624=CARTESIAN_POINT('',(-5.999511783032E0,4.522132678453E-1,
-7.236431699336E0));
#2625=CARTESIAN_POINT('',(-6.006123724925E0,4.493080522449E-1,
-7.265669400794E0));
#2626=CARTESIAN_POINT('',(-6.015422071960E0,4.464028366446E-1,
-7.294166798781E0));
#2627=CARTESIAN_POINT('',(-6.027326473403E0,4.434976210443E-1,
-7.321677636265E0));
#2628=CARTESIAN_POINT('',(-6.041734058612E0,4.405924054440E-1,
-7.347964181121E0));
#2629=CARTESIAN_POINT('',(-6.058520325931E0,4.376871898436E-1,
-7.372799280914E0));
#2630=CARTESIAN_POINT('',(-6.077540218569E0,4.347819742433E-1,
-7.395968325698E0));
#2631=CARTESIAN_POINT('',(-6.098629378095E0,4.318767586430E-1,
-7.417271102574E0));
#2632=CARTESIAN_POINT('',(-6.121605564724E0,4.289715430427E-1,
-7.436523525804E0));
#2633=CARTESIAN_POINT('',(-6.146270232115E0,4.260663274424E-1,
-7.453559227566E0));
#2634=CARTESIAN_POINT('',(-6.172410243119E0,4.231611118420E-1,
-7.468230995610E0));
#2635=CARTESIAN_POINT('',(-6.199799711466E0,4.202558962417E-1,
-7.480412045371E0));
#2636=CARTESIAN_POINT('',(-6.228201954183E0,4.173506806414E-1,
-7.489997115571E0));
#2637=CARTESIAN_POINT('',(-6.257371535184E0,4.144454650411E-1,
-7.496903377819E0));
#2638=CARTESIAN_POINT('',(-6.287056392477E0,4.115402494407E-1,
-7.501071152365E0));
#2639=CARTESIAN_POINT('',(-6.307018792699E0,4.096034390405E-1,-7.502E0));
#2640=CARTESIAN_POINT('',(-6.317E0,4.086350338404E-1,-7.502E0));
#2642=DIRECTION('',(9.999501783723E-1,-9.982022496227E-3,0.E0));
#2643=VECTOR('',#2642,3.197125867281E-1);
#2644=CARTESIAN_POINT('',(-6.545017960512E0,9.779798510152E-1,
-1.845985777552E0));
#2645=LINE('',#2644,#2643);
#2646=DIRECTION('',(1.024074624015E-1,-9.656939200307E-2,-9.900439708279E-1));
#2647=VECTOR('',#2646,5.354190656523E0);
#2648=CARTESIAN_POINT('',(-6.545017960512E0,9.779798510152E-1,
-1.845985777552E0));
#2649=LINE('',#2648,#2647);
#2650=CARTESIAN_POINT('',(-6.561624692373E0,1.058362354130E0,
-1.685436981899E0));
#2651=CARTESIAN_POINT('',(-6.559386009133E0,1.034651164214E0,
-1.707079885572E0));
#2652=CARTESIAN_POINT('',(-6.554323616862E0,9.986329734508E-1,
-1.756021543027E0));
#2653=CARTESIAN_POINT('',(-6.548313583983E0,9.810875967539E-1,
-1.814124699547E0));
#2654=CARTESIAN_POINT('',(-6.545017960512E0,9.779798510152E-1,
-1.845985777552E0));
#2656=CARTESIAN_POINT('',(-6.225321302385E0,9.747884727821E-1,
-1.845985777552E0));
#2657=CARTESIAN_POINT('',(-6.227543165291E0,9.768836711678E-1,
-1.824505487716E0));
#2658=CARTESIAN_POINT('',(-6.231644745695E0,9.862159957300E-1,
-1.784852665012E0));
#2659=CARTESIAN_POINT('',(-6.237010393857E0,1.012037730584E0,
-1.732979222514E0));
#2660=CARTESIAN_POINT('',(-6.241642762144E0,1.048879552488E0,
-1.688194905185E0));
#2661=CARTESIAN_POINT('',(-6.244204364511E0,1.081355416921E0,
-1.663430118323E0));
#2662=CARTESIAN_POINT('',(-6.245312346186E0,1.100190564865E0,
-1.652718490950E0));
#2664=CARTESIAN_POINT('',(-6.245312346186E0,1.100190564865E0,
-1.652718490950E0));
#2665=CARTESIAN_POINT('',(-6.245671296042E0,1.106292537299E0,
-1.649248273718E0));
#2666=CARTESIAN_POINT('',(-6.246225101347E0,1.118856695703E0,
-1.642781021321E0));
#2667=CARTESIAN_POINT('',(-6.246691997101E0,1.138713195427E0,
-1.634615773953E0));
#2668=CARTESIAN_POINT('',(-6.246911734546E0,1.159330236013E0,
-1.628147161609E0));
#2669=CARTESIAN_POINT('',(-6.246988356832E0,1.180560710044E0,
-1.623457209567E0));
#2670=CARTESIAN_POINT('',(-6.247000929410E0,1.202150978172E0,
-1.620628816651E0));
#2671=CARTESIAN_POINT('',(-6.247000000576E0,1.216606365588E0,
-1.620000001478E0));
#2672=CARTESIAN_POINT('',(-6.247000000576E0,1.223844594449E0,
-1.620000001478E0));
#2674=CARTESIAN_POINT('',(-6.565E0,1.227005016480E0,-1.620000008821E0));
#2675=CARTESIAN_POINT('',(-6.562952992843E0,1.226994799589E0,
-1.620000007568E0));
#2676=CARTESIAN_POINT('',(-6.560905985685E0,1.226984595961E0,-1.62E0));
#2677=CARTESIAN_POINT('',(-6.558858978528E0,1.226974379071E0,-1.62E0));
#2679=CARTESIAN_POINT('',(-6.565E0,1.227005016480E0,-1.620000008821E0));
#2680=CARTESIAN_POINT('',(-6.565E0,1.220141031314E0,-1.620000850322E0));
#2681=CARTESIAN_POINT('',(-6.565000379768E0,1.206388335233E0,
-1.620567589262E0));
#2682=CARTESIAN_POINT('',(-6.564995234352E0,1.185792592658E0,
-1.623133397281E0));
#2683=CARTESIAN_POINT('',(-6.564963596651E0,1.165475308668E0,
-1.627402836774E0));
#2684=CARTESIAN_POINT('',(-6.564872645330E0,1.145720976514E0,
-1.633294223641E0));
#2685=CARTESIAN_POINT('',(-6.564678717126E0,1.126566664769E0,
-1.640765168611E0));
#2686=CARTESIAN_POINT('',(-6.564326657473E0,1.108057981715E0,
-1.649798555711E0));
#2687=CARTESIAN_POINT('',(-6.563753940575E0,1.090364942476E0,
-1.660317072392E0));
#2688=CARTESIAN_POINT('',(-6.562896380672E0,1.073680471999E0,
-1.672188655746E0));
#2689=CARTESIAN_POINT('',(-6.562093986717E0,1.063332922151E0,
-1.680899987963E0));
#2690=CARTESIAN_POINT('',(-6.561624692373E0,1.058362354130E0,
-1.685436981899E0));
#2692=DIRECTION('',(1.024074624015E-1,9.656939200307E-2,-9.900439708279E-1));
#2693=VECTOR('',#2692,5.354190656523E0);
#2694=CARTESIAN_POINT('',(-6.545017960512E0,-9.779798510152E-1,
-1.845985777552E0));
#2695=LINE('',#2694,#2693);
#2696=DIRECTION('',(0.E0,-1.E0,0.E0));
#2697=VECTOR('',#2696,2.454010032960E0);
#2698=CARTESIAN_POINT('',(-6.565E0,1.227005016480E0,-1.620000008821E0));
#2699=LINE('',#2698,#2697);
#2700=DIRECTION('',(0.E0,1.E0,0.E0));
#2701=VECTOR('',#2700,2.116724708261E0);
#2702=CARTESIAN_POINT('',(-6.561624692373E0,-1.058362354130E0,
-1.685436981899E0));
#2703=LINE('',#2702,#2701);
#2704=DIRECTION('',(0.E0,1.E0,0.E0));
#2705=VECTOR('',#2704,9.218578292924E-1);
#2706=CARTESIAN_POINT('',(-5.996708882163E0,-4.609289146462E-1,
-7.146869955705E0));
#2707=LINE('',#2706,#2705);
#2708=CARTESIAN_POINT('',(-5.996708882163E0,-4.609289146462E-1,
-7.146869955705E0));
#2709=CARTESIAN_POINT('',(-5.995681932350E0,-4.599605094461E-1,
-7.156798191866E0));
#2710=CARTESIAN_POINT('',(-5.994551952361E0,-4.580236990459E-1,
-7.176750217471E0));
#2711=CARTESIAN_POINT('',(-5.995643382582E0,-4.551184834456E-1,
-7.206706350020E0));
#2712=CARTESIAN_POINT('',(-5.999511783032E0,-4.522132678453E-1,
-7.236431699336E0));
#2713=CARTESIAN_POINT('',(-6.006123724925E0,-4.493080522449E-1,
-7.265669400794E0));
#2714=CARTESIAN_POINT('',(-6.015422071960E0,-4.464028366446E-1,
-7.294166798781E0));
#2715=CARTESIAN_POINT('',(-6.027326473403E0,-4.434976210443E-1,
-7.321677636265E0));
#2716=CARTESIAN_POINT('',(-6.041734058612E0,-4.405924054440E-1,
-7.347964181121E0));
#2717=CARTESIAN_POINT('',(-6.058520325931E0,-4.376871898436E-1,
-7.372799280914E0));
#2718=CARTESIAN_POINT('',(-6.077540218569E0,-4.347819742433E-1,
-7.395968325698E0));
#2719=CARTESIAN_POINT('',(-6.098629378095E0,-4.318767586430E-1,
-7.417271102574E0));
#2720=CARTESIAN_POINT('',(-6.121605564724E0,-4.289715430427E-1,
-7.436523525804E0));
#2721=CARTESIAN_POINT('',(-6.146270232115E0,-4.260663274424E-1,
-7.453559227566E0));
#2722=CARTESIAN_POINT('',(-6.172410243119E0,-4.231611118420E-1,
-7.468230995610E0));
#2723=CARTESIAN_POINT('',(-6.199799711466E0,-4.202558962417E-1,
-7.480412045371E0));
#2724=CARTESIAN_POINT('',(-6.228201954183E0,-4.173506806414E-1,
-7.489997115571E0));
#2725=CARTESIAN_POINT('',(-6.257371535184E0,-4.144454650411E-1,
-7.496903377819E0));
#2726=CARTESIAN_POINT('',(-6.287056392477E0,-4.115402494407E-1,
-7.501071152365E0));
#2727=CARTESIAN_POINT('',(-6.307018792699E0,-4.096034390405E-1,-7.502E0));
#2728=CARTESIAN_POINT('',(-6.317E0,-4.086350338404E-1,-7.502E0));
#2730=DIRECTION('',(0.E0,1.E0,0.E0));
#2731=VECTOR('',#2730,8.172700676809E-1);
#2732=CARTESIAN_POINT('',(-6.317E0,-4.086350338404E-1,-7.502E0));
#2733=LINE('',#2732,#2731);
#2734=DIRECTION('',(-9.953262543147E-1,9.656939200307E-2,0.E0));
#2735=VECTOR('',#2734,8.941791660191E-2);
#2736=CARTESIAN_POINT('',(-6.317E0,-4.086350338404E-1,-7.502E0));
#2737=LINE('',#2736,#2735);
#2738=DIRECTION('',(0.E0,0.E0,1.E0));
#2739=VECTOR('',#2738,3.18E-1);
#2740=CARTESIAN_POINT('',(-6.317E0,-4.086350338404E-1,-7.82E0));
#2741=LINE('',#2740,#2739);
#2742=DIRECTION('',(-9.953262543147E-1,9.656939200308E-2,0.E0));
#2743=VECTOR('',#2742,8.941791660190E-2);
#2744=CARTESIAN_POINT('',(-6.317E0,-4.086350338404E-1,-7.82E0));
#2745=LINE('',#2744,#2743);
#2746=DIRECTION('',(0.E0,-1.E0,0.E0));
#2747=VECTOR('',#2746,8.172700676809E-1);
#2748=CARTESIAN_POINT('',(-6.317E0,4.086350338404E-1,-7.82E0));
#2749=LINE('',#2748,#2747);
#2750=DIRECTION('',(-9.953262543147E-1,-9.656939200308E-2,0.E0));
#2751=VECTOR('',#2750,8.941791660190E-2);
#2752=CARTESIAN_POINT('',(-6.317E0,4.086350338404E-1,-7.82E0));
#2753=LINE('',#2752,#2751);
#2754=DIRECTION('',(0.E0,0.E0,-1.E0));
#2755=VECTOR('',#2754,3.18E-1);
#2756=CARTESIAN_POINT('',(-6.317E0,4.086350338404E-1,-7.502E0));
#2757=LINE('',#2756,#2755);
#2758=DIRECTION('',(-9.953262543147E-1,-9.656939200307E-2,0.E0));
#2759=VECTOR('',#2758,8.941791660191E-2);
#2760=CARTESIAN_POINT('',(-6.317E0,4.086350338404E-1,-7.502E0));
#2761=LINE('',#2760,#2759);
#2762=DIRECTION('',(1.675808339057E-14,0.E0,-1.E0));
#2763=VECTOR('',#2762,3.18E-1);
#2764=CARTESIAN_POINT('',(-6.406E0,4.E-1,-7.502E0));
#2765=LINE('',#2764,#2763);
#2766=DIRECTION('',(0.E0,1.E0,0.E0));
#2767=VECTOR('',#2766,8.E-1);
#2768=CARTESIAN_POINT('',(-6.406E0,-4.E-1,-7.502E0));
#2769=LINE('',#2768,#2767);
#2770=DIRECTION('',(-1.675808339057E-14,0.E0,1.E0));
#2771=VECTOR('',#2770,3.18E-1);
#2772=CARTESIAN_POINT('',(-6.406E0,-4.E-1,-7.82E0));
#2773=LINE('',#2772,#2771);
#2774=DIRECTION('',(0.E0,-1.E0,0.E0));
#2775=VECTOR('',#2774,8.E-1);
#2776=CARTESIAN_POINT('',(-6.406E0,4.E-1,-7.82E0));
#2777=LINE('',#2776,#2775);
#2778=DIRECTION('',(0.E0,-1.E0,0.E0));
#2779=VECTOR('',#2778,4.44E0);
#2780=CARTESIAN_POINT('',(-6.247E0,2.22E0,-6.2E-1));
#2781=LINE('',#2780,#2779);
#2782=DIRECTION('',(0.E0,1.E0,0.E0));
#2783=VECTOR('',#2782,3.84E0);
#2784=CARTESIAN_POINT('',(-6.867E0,-1.92E0,0.E0));
#2785=LINE('',#2784,#2783);
#2786=DIRECTION('',(-1.E0,0.E0,0.E0));
#2787=VECTOR('',#2786,5.078876955042E-1);
#2788=CARTESIAN_POINT('',(-6.324413601350E0,1.92E0,-3.2E-1));
#2789=LINE('',#2788,#2787);
#2790=CARTESIAN_POINT('',(-6.867E0,1.92E0,-6.2E-1));
#2791=DIRECTION('',(0.E0,1.E0,0.E0));
#2792=DIRECTION('',(0.E0,0.E0,1.E0));
#2793=AXIS2_PLACEMENT_3D('',#2790,#2791,#2792);
#2795=DIRECTION('',(0.E0,0.E0,-1.E0));
#2796=VECTOR('',#2795,3.18E-1);
#2797=CARTESIAN_POINT('',(-7.012E0,1.92E0,0.E0));
#2798=LINE('',#2797,#2796);
#2799=CARTESIAN_POINT('',(-6.867E0,1.92E0,-6.2E-1));
#2800=DIRECTION('',(0.E0,1.E0,0.E0));
#2801=DIRECTION('',(0.E0,0.E0,1.E0));
#2802=AXIS2_PLACEMENT_3D('',#2799,#2800,#2801);
#2804=CARTESIAN_POINT('',(-6.247E0,2.22E0,-6.2E-1));
#2805=CARTESIAN_POINT('',(-6.247E0,2.210383153784E0,-6.2E-1));
#2806=CARTESIAN_POINT('',(-6.246998949559E0,2.191116838180E0,
-6.190759644567E-1));
#2807=CARTESIAN_POINT('',(-6.247013051849E0,2.162320929936E0,
-6.148823464096E-1));
#2808=CARTESIAN_POINT('',(-6.247099396988E0,2.134108121729E0,
-6.079267745957E-1));
#2809=CARTESIAN_POINT('',(-6.247346472293E0,2.106908387092E0,
-5.983616327967E-1));
#2810=CARTESIAN_POINT('',(-6.247868595E0,2.080890116237E0,-5.863114075588E-1));
#2811=CARTESIAN_POINT('',(-6.248804714505E0,2.056225771649E0,
-5.718870646949E-1));
#2812=CARTESIAN_POINT('',(-6.250293211919E0,2.033288293521E0,
-5.553781841023E-1));
#2813=CARTESIAN_POINT('',(-6.252486523198E0,2.012167733861E0,
-5.369413526852E-1));
#2814=CARTESIAN_POINT('',(-6.255506210320E0,1.993126135984E0,
-5.169285383244E-1));
#2815=CARTESIAN_POINT('',(-6.259509665771E0,1.976112031783E0,
-4.954007244208E-1));
#2816=CARTESIAN_POINT('',(-6.264568613880E0,1.961370227021E0,
-4.728090402877E-1));
#2817=CARTESIAN_POINT('',(-6.270819093099E0,1.948806225903E0,
-4.491891102108E-1));
#2818=CARTESIAN_POINT('',(-6.278345520141E0,1.938472985640E0,
-4.247706043312E-1));
#2819=CARTESIAN_POINT('',(-6.287326361453E0,1.930314343584E0,
-3.994809837996E-1));
#2820=CARTESIAN_POINT('',(-6.297831625628E0,1.924425606555E0,
-3.735884556152E-1));
#2821=CARTESIAN_POINT('',(-6.310035765620E0,1.920820788610E0,
-3.470757817752E-1));
#2822=CARTESIAN_POINT('',(-6.319409843807E0,1.92E0,-3.290499026173E-1));
#2823=CARTESIAN_POINT('',(-6.324413601350E0,1.92E0,-3.2E-1));
#2825=CARTESIAN_POINT('',(-6.832301296854E0,1.92E0,-3.2E-1));
#2826=CARTESIAN_POINT('',(-6.822755329043E0,1.92E0,-3.211041090111E-1));
#2827=CARTESIAN_POINT('',(-6.803911834047E0,1.920009967377E0,
-3.241991786339E-1));
#2828=CARTESIAN_POINT('',(-6.776158110362E0,1.920180878406E0,
-3.315161327946E-1));
#2829=CARTESIAN_POINT('',(-6.749597384893E0,1.920688876166E0,
-3.412797224859E-1));
#2830=CARTESIAN_POINT('',(-6.724330505273E0,1.921762818719E0,
-3.533459140852E-1));
#2831=CARTESIAN_POINT('',(-6.700950447548E0,1.923623080046E0,
-3.672735145049E-1));
#2832=CARTESIAN_POINT('',(-6.679556863394E0,1.926478896138E0,
-3.827366219526E-1));
#2833=CARTESIAN_POINT('',(-6.660268275617E0,1.930513338012E0,
-3.993817011838E-1));
#2834=CARTESIAN_POINT('',(-6.643243336603E0,1.935814661002E0,
-4.167149253985E-1));
#2835=CARTESIAN_POINT('',(-6.628287366963E0,1.942500634103E0,
-4.345451341058E-1));
#2836=CARTESIAN_POINT('',(-6.615240977468E0,1.950697546485E0,
-4.527212938841E-1));
#2837=CARTESIAN_POINT('',(-6.603986439756E0,1.960533710125E0,
-4.710855738081E-1));
#2838=CARTESIAN_POINT('',(-6.594472160743E0,1.972043694212E0,
-4.893522079470E-1));
#2839=CARTESIAN_POINT('',(-6.586500814811E0,1.985460923756E0,
-5.075309188837E-1));
#2840=CARTESIAN_POINT('',(-6.580056093113E0,2.000761172504E0,
-5.252406741367E-1));
#2841=CARTESIAN_POINT('',(-6.574971321712E0,2.018124882753E0,
-5.423843425098E-1));
#2842=CARTESIAN_POINT('',(-6.571126320712E0,2.037749136329E0,
-5.587671529039E-1));
#2843=CARTESIAN_POINT('',(-6.568424406005E0,2.059415630965E0,
-5.738781216584E-1));
#2844=CARTESIAN_POINT('',(-6.566669306499E0,2.083176567923E0,
-5.874586444253E-1));
#2845=CARTESIAN_POINT('',(-6.565672862509E0,2.108500142049E0,
-5.989787139750E-1));
#2846=CARTESIAN_POINT('',(-6.565194555093E0,2.135164072839E0,
-6.082220664143E-1));
#2847=CARTESIAN_POINT('',(-6.565025765710E0,2.162940654550E0,
-6.149898852918E-1));
#2848=CARTESIAN_POINT('',(-6.564997918739E0,2.191401363236E0,
-6.190932101832E-1));
#2849=CARTESIAN_POINT('',(-6.565E0,2.210469937207E0,-6.2E-1));
#2850=CARTESIAN_POINT('',(-6.565E0,2.22E0,-6.2E-1));
#2852=CARTESIAN_POINT('',(-7.012E0,-1.62E0,0.E0));
#2853=DIRECTION('',(0.E0,0.E0,1.E0));
#2854=DIRECTION('',(-1.E0,0.E0,0.E0));
#2855=AXIS2_PLACEMENT_3D('',#2852,#2853,#2854);
#2857=DIRECTION('',(0.E0,1.E0,0.E0));
#2858=VECTOR('',#2857,3.24E0);
#2859=CARTESIAN_POINT('',(-7.312E0,-1.62E0,0.E0));
#2860=LINE('',#2859,#2858);
#2861=CARTESIAN_POINT('',(-7.012E0,1.62E0,0.E0));
#2862=DIRECTION('',(0.E0,0.E0,1.E0));
#2863=DIRECTION('',(0.E0,1.E0,0.E0));
#2864=AXIS2_PLACEMENT_3D('',#2861,#2862,#2863);
#2866=DIRECTION('',(1.E0,0.E0,0.E0));
#2867=VECTOR('',#2866,1.45E-1);
#2868=CARTESIAN_POINT('',(-7.012E0,1.92E0,0.E0));
#2869=LINE('',#2868,#2867);
#2870=DIRECTION('',(1.E0,0.E0,0.E0));
#2871=VECTOR('',#2870,1.45E-1);
#2872=CARTESIAN_POINT('',(-7.012E0,-1.92E0,0.E0));
#2873=LINE('',#2872,#2871);
#2874=DIRECTION('',(1.E0,0.E0,0.E0));
#2875=VECTOR('',#2874,5.078876955042E-1);
#2876=CARTESIAN_POINT('',(-6.832301296854E0,-1.92E0,-3.2E-1));
#2877=LINE('',#2876,#2875);
#2878=CARTESIAN_POINT('',(-6.867E0,-1.92E0,-6.2E-1));
#2879=DIRECTION('',(0.E0,1.E0,0.E0));
#2880=DIRECTION('',(0.E0,0.E0,1.E0));
#2881=AXIS2_PLACEMENT_3D('',#2878,#2879,#2880);
#2883=DIRECTION('',(0.E0,0.E0,1.E0));
#2884=VECTOR('',#2883,3.18E-1);
#2885=CARTESIAN_POINT('',(-7.012E0,-1.92E0,-3.18E-1));
#2886=LINE('',#2885,#2884);
#2887=CARTESIAN_POINT('',(-6.867E0,-1.92E0,-6.2E-1));
#2888=DIRECTION('',(0.E0,1.E0,0.E0));
#2889=DIRECTION('',(0.E0,0.E0,1.E0));
#2890=AXIS2_PLACEMENT_3D('',#2887,#2888,#2889);
#2892=CARTESIAN_POINT('',(-7.012E0,-1.62E0,-3.18E-1));
#2893=DIRECTION('',(0.E0,0.E0,-1.E0));
#2894=DIRECTION('',(0.E0,-1.E0,0.E0));
#2895=AXIS2_PLACEMENT_3D('',#2892,#2893,#2894);
#2897=DIRECTION('',(-1.E0,0.E0,0.E0));
#2898=VECTOR('',#2897,1.45E-1);
#2899=CARTESIAN_POINT('',(-6.867E0,-1.92E0,-3.18E-1));
#2900=LINE('',#2899,#2898);
#2901=DIRECTION('',(0.E0,1.E0,0.E0));
#2902=VECTOR('',#2901,3.84E0);
#2903=CARTESIAN_POINT('',(-6.867E0,-1.92E0,-3.18E-1));
#2904=LINE('',#2903,#2902);
#2905=DIRECTION('',(-1.E0,0.E0,0.E0));
#2906=VECTOR('',#2905,1.45E-1);
#2907=CARTESIAN_POINT('',(-6.867E0,1.92E0,-3.18E-1));
#2908=LINE('',#2907,#2906);
#2909=CARTESIAN_POINT('',(-7.012E0,1.62E0,-3.18E-1));
#2910=DIRECTION('',(0.E0,0.E0,-1.E0));
#2911=DIRECTION('',(-1.E0,0.E0,0.E0));
#2912=AXIS2_PLACEMENT_3D('',#2909,#2910,#2911);
#2914=DIRECTION('',(0.E0,0.E0,1.E0));
#2915=VECTOR('',#2914,3.18E-1);
#2916=CARTESIAN_POINT('',(-7.312E0,-1.62E0,-3.18E-1));
#2917=LINE('',#2916,#2915);
#2918=DIRECTION('',(0.E0,1.E0,0.E0));
#2919=VECTOR('',#2918,3.24E0);
#2920=CARTESIAN_POINT('',(-7.312E0,-1.62E0,-3.18E-1));
#2921=LINE('',#2920,#2919);
#2922=DIRECTION('',(0.E0,0.E0,-1.E0));
#2923=VECTOR('',#2922,3.18E-1);
#2924=CARTESIAN_POINT('',(-7.312E0,1.62E0,0.E0));
#2925=LINE('',#2924,#2923);
#2926=CARTESIAN_POINT('',(-5.927E0,2.24E0,-6.2E-1));
#2927=DIRECTION('',(0.E0,0.E0,-1.E0));
#2928=DIRECTION('',(-1.E0,0.E0,0.E0));
#2929=AXIS2_PLACEMENT_3D('',#2926,#2927,#2928);
#2931=CARTESIAN_POINT('',(-5.927E0,2.24E0,-8.88E0));
#2932=DIRECTION('',(0.E0,0.E0,1.E0));
#2933=DIRECTION('',(0.E0,1.E0,0.E0));
#2934=AXIS2_PLACEMENT_3D('',#2931,#2932,#2933);
#2936=DIRECTION('',(1.E0,0.E0,0.E0));
#2937=VECTOR('',#2936,1.1854E1);
#2938=CARTESIAN_POINT('',(-5.927E0,2.56E0,-8.88E0));
#2939=LINE('',#2938,#2937);
#2940=CARTESIAN_POINT('',(5.927E0,2.24E0,-8.88E0));
#2941=DIRECTION('',(0.E0,0.E0,1.E0));
#2942=DIRECTION('',(1.E0,0.E0,0.E0));
#2943=AXIS2_PLACEMENT_3D('',#2940,#2941,#2942);
#2945=DIRECTION('',(0.E0,-1.E0,0.E0));
#2946=VECTOR('',#2945,4.48E0);
#2947=CARTESIAN_POINT('',(6.247E0,2.24E0,-8.88E0));
#2948=LINE('',#2947,#2946);
#2949=CARTESIAN_POINT('',(5.927E0,-2.24E0,-8.88E0));
#2950=DIRECTION('',(0.E0,0.E0,1.E0));
#2951=DIRECTION('',(0.E0,-1.E0,0.E0));
#2952=AXIS2_PLACEMENT_3D('',#2949,#2950,#2951);
#2954=CARTESIAN_POINT('',(-5.927E0,-2.24E0,-8.88E0));
#2955=DIRECTION('',(0.E0,0.E0,1.E0));
#2956=DIRECTION('',(-1.E0,0.E0,0.E0));
#2957=AXIS2_PLACEMENT_3D('',#2954,#2955,#2956);
#2959=DIRECTION('',(0.E0,1.E0,0.E0));
#2960=VECTOR('',#2959,4.48E0);
#2961=CARTESIAN_POINT('',(-6.247E0,-2.24E0,-8.88E0));
#2962=LINE('',#2961,#2960);
#2963=DIRECTION('',(0.E0,-1.E0,0.E0));
#2964=VECTOR('',#2963,4.018629150102E-1);
#2965=CARTESIAN_POINT('',(-5.55E0,5.698629150102E-1,-8.88E0));
#2966=LINE('',#2965,#2964);
#2967=DIRECTION('',(1.E0,0.E0,0.E0));
#2968=VECTOR('',#2967,1.084E1);
#2969=CARTESIAN_POINT('',(-5.42E0,3.8E-2,-8.88E0));
#2970=LINE('',#2969,#2968);
#2971=DIRECTION('',(0.E0,-1.E0,0.E0));
#2972=VECTOR('',#2971,4.018629150102E-1);
#2973=CARTESIAN_POINT('',(5.55E0,5.698629150102E-1,-8.88E0));
#2974=LINE('',#2973,#2972);
#2975=DIRECTION('',(7.071067811865E-1,7.071067811865E-1,0.E0));
#2976=VECTOR('',#2975,1.577817459305E-1);
#2977=CARTESIAN_POINT('',(5.55E0,5.698629150102E-1,-8.88E0));
#2978=LINE('',#2977,#2976);
#2979=CARTESIAN_POINT('',(5.605E0,7.38E-1,-8.88E0));
#2980=DIRECTION('',(0.E0,0.E0,1.E0));
#2981=DIRECTION('',(7.071067811865E-1,-7.071067811866E-1,0.E0));
#2982=AXIS2_PLACEMENT_3D('',#2979,#2980,#2981);
#2984=DIRECTION('',(-7.071067811865E-1,7.071067811865E-1,0.E0));
#2985=VECTOR('',#2984,1.577817459305E-1);
#2986=CARTESIAN_POINT('',(5.661568542495E0,7.945685424949E-1,-8.88E0));
#2987=LINE('',#2986,#2985);
#2988=DIRECTION('',(0.E0,-1.E0,0.E0));
#2989=VECTOR('',#2988,3.318629150102E-1);
#2990=CARTESIAN_POINT('',(5.55E0,1.238E0,-8.88E0));
#2991=LINE('',#2990,#2989);
#2992=DIRECTION('',(1.E0,0.E0,0.E0));
#2993=VECTOR('',#2992,9.82E0);
#2994=CARTESIAN_POINT('',(-4.91E0,1.878E0,-8.88E0));
#2995=LINE('',#2994,#2993);
#2996=DIRECTION('',(0.E0,-1.E0,0.E0));
#2997=VECTOR('',#2996,3.318629150102E-1);
#2998=CARTESIAN_POINT('',(-5.55E0,1.238E0,-8.88E0));
#2999=LINE('',#2998,#2997);
#3000=DIRECTION('',(-7.071067811865E-1,-7.071067811866E-1,0.E0));
#3001=VECTOR('',#3000,1.577817459305E-1);
#3002=CARTESIAN_POINT('',(-5.55E0,9.061370849898E-1,-8.88E0));
#3003=LINE('',#3002,#3001);
#3004=CARTESIAN_POINT('',(-5.605E0,7.38E-1,-8.88E0));
#3005=DIRECTION('',(0.E0,0.E0,1.E0));
#3006=DIRECTION('',(-7.071067811865E-1,7.071067811866E-1,0.E0));
#3007=AXIS2_PLACEMENT_3D('',#3004,#3005,#3006);
#3009=DIRECTION('',(7.071067811865E-1,-7.071067811865E-1,0.E0));
#3010=VECTOR('',#3009,1.577817459305E-1);
#3011=CARTESIAN_POINT('',(-5.661568542495E0,6.814314575051E-1,-8.88E0));
#3012=LINE('',#3011,#3010);
#3013=DIRECTION('',(0.E0,1.E0,0.E0));
#3014=VECTOR('',#3013,6.7E-1);
#3015=CARTESIAN_POINT('',(-3.4325E0,-1.7E0,-8.88E0));
#3016=LINE('',#3015,#3014);
#3017=DIRECTION('',(-1.E0,0.E0,0.E0));
#3018=VECTOR('',#3017,8.375E-2);
#3019=CARTESIAN_POINT('',(-3.4325E0,-1.03E0,-8.88E0));
#3020=LINE('',#3019,#3018);
#3021=DIRECTION('',(-6.428712937139E-1,-7.659742160926E-1,0.E0));
#3022=VECTOR('',#3021,1.302749101086E-1);
#3023=CARTESIAN_POINT('',(-3.51625E0,-1.03E0,-8.88E0));
#3024=LINE('',#3023,#3022);
#3025=DIRECTION('',(0.E0,-1.E0,0.E0));
#3026=VECTOR('',#3025,1.140425795317E-1);
#3027=CARTESIAN_POINT('',(-3.6E0,-1.129787222147E0,-8.88E0));
#3028=LINE('',#3027,#3026);
#3029=DIRECTION('',(6.428711427642E-1,7.659743427825E-1,0.E0));
#3030=VECTOR('',#3029,1.302749406979E-1);
#3031=CARTESIAN_POINT('',(-3.6E0,-1.243829801679E0,-8.88E0));
#3032=LINE('',#3031,#3030);
#3033=DIRECTION('',(0.E0,-1.E0,0.E0));
#3034=VECTOR('',#3033,5.559574604034E-1);
#3035=CARTESIAN_POINT('',(-3.51625E0,-1.144042539597E0,-8.88E0));
#3036=LINE('',#3035,#3034);
#3037=DIRECTION('',(1.E0,0.E0,0.E0));
#3038=VECTOR('',#3037,8.375E-2);
#3039=CARTESIAN_POINT('',(-3.51625E0,-1.7E0,-8.88E0));
#3040=LINE('',#3039,#3038);
#3041=CARTESIAN_POINT('',(5.927E0,2.24E0,-6.2E-1));
#3042=DIRECTION('',(0.E0,0.E0,-1.E0));
#3043=DIRECTION('',(0.E0,1.E0,0.E0));
#3044=AXIS2_PLACEMENT_3D('',#3041,#3042,#3043);
#3046=DIRECTION('',(1.841019750606E-7,-9.999999999999E-1,-4.721402495454E-7));
#3047=VECTOR('',#3046,3.129784633445E-3);
#3048=CARTESIAN_POINT('',(6.247E0,1.226974379071E0,-1.62E0));
#3049=LINE('',#3048,#3047);
#3050=DIRECTION('',(0.E0,9.632419486019E-2,9.953500135553E-1));
#3051=VECTOR('',#3050,2.845067427542E0);
#3052=CARTESIAN_POINT('',(6.247E0,1.201763053179E0,-4.725918951285E0));
#3053=LINE('',#3052,#3051);
#3054=CARTESIAN_POINT('',(6.247E0,1.450600556568E0,-4.75E0));
#3055=DIRECTION('',(1.E0,0.E0,0.E0));
#3056=DIRECTION('',(0.E0,-9.953500135553E-1,9.632419486012E-2));
#3057=AXIS2_PLACEMENT_3D('',#3054,#3055,#3056);
#3059=DIRECTION('',(0.E0,-1.E0,0.E0));
#3060=VECTOR('',#3059,2.973994434324E-1);
#3061=CARTESIAN_POINT('',(6.247E0,1.748E0,-5.E0));
#3062=LINE('',#3061,#3060);
#3063=CARTESIAN_POINT('',(6.247E0,1.748E0,-5.13E0));
#3064=DIRECTION('',(1.E0,0.E0,0.E0));
#3065=DIRECTION('',(0.E0,1.E0,0.E0));
#3066=AXIS2_PLACEMENT_3D('',#3063,#3064,#3065);
#3068=DIRECTION('',(0.E0,0.E0,1.E0));
#3069=VECTOR('',#3068,3.28E0);
#3070=CARTESIAN_POINT('',(6.247E0,1.878E0,-8.41E0));
#3071=LINE('',#3070,#3069);
#3072=CARTESIAN_POINT('',(6.247E0,1.748E0,-8.41E0));
#3073=DIRECTION('',(1.E0,0.E0,0.E0));
#3074=DIRECTION('',(0.E0,0.E0,-1.E0));
#3075=AXIS2_PLACEMENT_3D('',#3072,#3073,#3074);
#3077=DIRECTION('',(0.E0,1.E0,0.E0));
#3078=VECTOR('',#3077,2.353684056490E0);
#3079=CARTESIAN_POINT('',(6.247E0,-6.056840564903E-1,-8.54E0));
#3080=LINE('',#3079,#3078);
#3081=CARTESIAN_POINT('',(6.247E0,-6.056840564903E-1,-8.29E0));
#3082=DIRECTION('',(1.E0,0.E0,0.E0));
#3083=DIRECTION('',(0.E0,-9.953500135553E-1,-9.632419486018E-2));
#3084=AXIS2_PLACEMENT_3D('',#3081,#3082,#3083);
#3086=DIRECTION('',(0.E0,9.632419486019E-2,-9.953500135553E-1));
#3087=VECTOR('',#3086,6.449992377122E0);
#3088=CARTESIAN_POINT('',(6.247E0,-1.475811882460E0,-1.894081048715E0));
#3089=LINE('',#3088,#3087);
#3090=DIRECTION('',(-1.841019750604E-7,-9.999999999999E-1,4.721402495449E-7));
#3091=VECTOR('',#3090,3.129784633448E-3);
#3092=CARTESIAN_POINT('',(6.247000000576E0,-1.223844594437E0,
-1.620000001478E0));
#3093=LINE('',#3092,#3091);
#3094=DIRECTION('',(4.440892098501E-14,1.E0,-4.440892098501E-14));
#3095=VECTOR('',#3094,2.E-2);
#3096=CARTESIAN_POINT('',(6.247E0,-2.24E0,-6.2E-1));
#3097=LINE('',#3096,#3095);
#3098=DIRECTION('',(0.E0,0.E0,1.E0));
#3099=VECTOR('',#3098,8.26E0);
#3100=CARTESIAN_POINT('',(6.247E0,-2.24E0,-8.88E0));
#3101=LINE('',#3100,#3099);
#3102=DIRECTION('',(0.E0,0.E0,-1.E0));
#3103=VECTOR('',#3102,8.26E0);
#3104=CARTESIAN_POINT('',(6.247E0,2.24E0,-6.2E-1));
#3105=LINE('',#3104,#3103);
#3106=DIRECTION('',(-4.440892098501E-14,1.E0,4.440892098501E-14));
#3107=VECTOR('',#3106,2.E-2);
#3108=CARTESIAN_POINT('',(6.247E0,2.22E0,-6.2E-1));
#3109=LINE('',#3108,#3107);
#3110=CARTESIAN_POINT('',(6.247E0,1.226974379071E0,-1.87E0));
#3111=DIRECTION('',(1.E0,0.E0,0.E0));
#3112=DIRECTION('',(0.E0,9.953500135553E-1,-9.632419486019E-2));
#3113=AXIS2_PLACEMENT_3D('',#3110,#3111,#3112);
#3115=CARTESIAN_POINT('',(6.565E0,1.226974379071E0,-1.87E0));
#3116=DIRECTION('',(-1.E0,0.E0,0.E0));
#3117=DIRECTION('',(0.E0,1.237315021623E-4,9.999999923453E-1));
#3118=AXIS2_PLACEMENT_3D('',#3115,#3116,#3117);
#3120=CARTESIAN_POINT('',(6.247000000576E0,1.223844594437E0,-1.620000001478E0));
#3121=CARTESIAN_POINT('',(6.247000000576E0,1.216606365563E0,-1.620000001478E0));
#3122=CARTESIAN_POINT('',(6.247000929410E0,1.202150978145E0,-1.620628816654E0));
#3123=CARTESIAN_POINT('',(6.246988356832E0,1.180560710024E0,-1.623457209571E0));
#3124=CARTESIAN_POINT('',(6.246911734546E0,1.159330235999E0,-1.628147161613E0));
#3125=CARTESIAN_POINT('',(6.246691997101E0,1.138713195418E0,-1.634615773957E0));
#3126=CARTESIAN_POINT('',(6.246225101347E0,1.118856695699E0,-1.642781021323E0));
#3127=CARTESIAN_POINT('',(6.245671296042E0,1.106292537297E0,-1.649248273719E0));
#3128=CARTESIAN_POINT('',(6.245312346186E0,1.100190564865E0,-1.652718490950E0));
#3130=CARTESIAN_POINT('',(6.245312346186E0,1.100190564865E0,-1.652718490950E0));
#3131=CARTESIAN_POINT('',(6.244204364511E0,1.081355416921E0,-1.663430118323E0));
#3132=CARTESIAN_POINT('',(6.241642762144E0,1.048879552488E0,-1.688194905185E0));
#3133=CARTESIAN_POINT('',(6.237010393857E0,1.012037730584E0,-1.732979222514E0));
#3134=CARTESIAN_POINT('',(6.231644745695E0,9.862159957300E-1,
-1.784852665012E0));
#3135=CARTESIAN_POINT('',(6.227543165291E0,9.768836711678E-1,
-1.824505487716E0));
#3136=CARTESIAN_POINT('',(6.225321302385E0,9.747884727821E-1,
-1.845985777552E0));
#3138=CARTESIAN_POINT('',(6.545017960512E0,9.779798510152E-1,
-1.845985777552E0));
#3139=CARTESIAN_POINT('',(6.548313583983E0,9.810875967539E-1,
-1.814124699547E0));
#3140=CARTESIAN_POINT('',(6.554323616862E0,9.986329734508E-1,
-1.756021543027E0));
#3141=CARTESIAN_POINT('',(6.559386009133E0,1.034651164214E0,-1.707079885572E0));
#3142=CARTESIAN_POINT('',(6.561624692373E0,1.058362354130E0,-1.685436981899E0));
#3144=CARTESIAN_POINT('',(6.561624692373E0,1.058362354130E0,-1.685436981899E0));
#3145=CARTESIAN_POINT('',(6.562093986717E0,1.063332922151E0,-1.680899987963E0));
#3146=CARTESIAN_POINT('',(6.562896380672E0,1.073680471999E0,-1.672188655746E0));
#3147=CARTESIAN_POINT('',(6.563753940575E0,1.090364942476E0,-1.660317072392E0));
#3148=CARTESIAN_POINT('',(6.564326657473E0,1.108057981715E0,-1.649798555711E0));
#3149=CARTESIAN_POINT('',(6.564678717126E0,1.126566664769E0,-1.640765168611E0));
#3150=CARTESIAN_POINT('',(6.564872645330E0,1.145720976514E0,-1.633294223641E0));
#3151=CARTESIAN_POINT('',(6.564963596651E0,1.165475308668E0,-1.627402836774E0));
#3152=CARTESIAN_POINT('',(6.564995234352E0,1.185792592658E0,-1.623133397281E0));
#3153=CARTESIAN_POINT('',(6.565000379768E0,1.206388335232E0,-1.620567589262E0));
#3154=CARTESIAN_POINT('',(6.565E0,1.220141031314E0,-1.620000850322E0));
#3155=CARTESIAN_POINT('',(6.565E0,1.227005016480E0,-1.620000008821E0));
#3157=CARTESIAN_POINT('',(6.558858978528E0,1.226974379071E0,-1.62E0));
#3158=CARTESIAN_POINT('',(6.560905985686E0,1.226984595961E0,-1.62E0));
#3159=CARTESIAN_POINT('',(6.562952992843E0,1.226994799590E0,-1.620000007568E0));
#3160=CARTESIAN_POINT('',(6.565E0,1.227005016480E0,-1.620000008821E0));
#3162=DIRECTION('',(0.E0,1.E0,0.E0));
#3163=VECTOR('',#3162,2.200381129729E0);
#3164=CARTESIAN_POINT('',(6.245312346186E0,-1.100190564865E0,
-1.652718490950E0));
#3165=LINE('',#3164,#3163);
#3166=DIRECTION('',(0.E0,-1.E0,0.E0));
#3167=VECTOR('',#3166,2.447689188875E0);
#3168=CARTESIAN_POINT('',(6.247000000576E0,1.223844594437E0,-1.620000001478E0));
#3169=LINE('',#3168,#3167);
#3170=DIRECTION('',(-1.024074624015E-1,9.656939200307E-2,-9.900439708279E-1));
#3171=VECTOR('',#3170,5.321143143570E0);
#3172=CARTESIAN_POINT('',(6.225321302385E0,-9.747884727821E-1,
-1.845985777552E0));
#3173=LINE('',#3172,#3171);
#3174=DIRECTION('',(9.999501783723E-1,9.982022496225E-3,0.E0));
#3175=VECTOR('',#3174,3.197125867281E-1);
#3176=CARTESIAN_POINT('',(6.225321302385E0,9.747884727821E-1,
-1.845985777552E0));
#3177=LINE('',#3176,#3175);
#3178=DIRECTION('',(-1.024074624015E-1,-9.656939200307E-2,-9.900439708279E-1));
#3179=VECTOR('',#3178,5.321143143570E0);
#3180=CARTESIAN_POINT('',(6.225321302385E0,9.747884727821E-1,
-1.845985777552E0));
#3181=LINE('',#3180,#3179);
#3182=DIRECTION('',(9.946929125360E-1,0.E0,-1.028883363194E-1));
#3183=VECTOR('',#3182,3.18E-1);
#3184=CARTESIAN_POINT('',(5.680396535977E0,4.609289146462E-1,
-7.114151464756E0));
#3185=LINE('',#3184,#3183);
#3186=CARTESIAN_POINT('',(5.680396535977E0,4.609289146462E-1,
-7.114151464756E0));
#3187=CARTESIAN_POINT('',(5.678659130983E0,4.592905560740E-1,
-7.130948163925E0));
#3188=CARTESIAN_POINT('',(5.676511494430E0,4.562474833569E-1,
-7.164717992579E0));
#3189=CARTESIAN_POINT('',(5.677311807107E0,4.523150017232E-1,
-7.215546213195E0));
#3190=CARTESIAN_POINT('',(5.682165564925E0,4.489391968196E-1,
-7.266318713116E0));
#3191=CARTESIAN_POINT('',(5.691020364015E0,4.460693008058E-1,
-7.316414488543E0));
#3192=CARTESIAN_POINT('',(5.703788552205E0,4.436294006712E-1,
-7.365558004736E0));
#3193=CARTESIAN_POINT('',(5.720457700631E0,4.415406282887E-1,
-7.413680816079E0));
#3194=CARTESIAN_POINT('',(5.740992965578E0,4.397386647589E-1,
-7.460505274248E0));
#3195=CARTESIAN_POINT('',(5.765090922154E0,4.381713018921E-1,
-7.505364771858E0));
#3196=CARTESIAN_POINT('',(5.792780177735E0,4.367605789525E-1,
-7.548328247471E0));
#3197=CARTESIAN_POINT('',(5.823839443215E0,4.354471599569E-1,
-7.588980943973E0));
#3198=CARTESIAN_POINT('',(5.858076438331E0,4.341660999394E-1,
-7.627060160220E0));
#3199=CARTESIAN_POINT('',(5.895248564241E0,4.328538290111E-1,
-7.662286824682E0));
#3200=CARTESIAN_POINT('',(5.935128250439E0,4.314448294468E-1,
-7.694436384565E0));
#3201=CARTESIAN_POINT('',(5.977341657756E0,4.298785746697E-1,
-7.723237256742E0));
#3202=CARTESIAN_POINT('',(6.021954093107E0,4.280759926055E-1,
-7.748706114032E0));
#3203=CARTESIAN_POINT('',(6.068332735490E0,4.259831752891E-1,
-7.770453372635E0));
#3204=CARTESIAN_POINT('',(6.116165273207E0,4.235357136340E-1,
-7.788387234624E0));
#3205=CARTESIAN_POINT('',(6.165345988003E0,4.206554430617E-1,
-7.802475737921E0));
#3206=CARTESIAN_POINT('',(6.215592121876E0,4.172666532039E-1,
-7.812604605699E0));
#3207=CARTESIAN_POINT('',(6.266245918876E0,4.133216881548E-1,
-7.818660644110E0));
#3208=CARTESIAN_POINT('',(6.300105606772E0,4.102741760565E-1,-7.82E0));
#3209=CARTESIAN_POINT('',(6.317E0,4.086350338404E-1,-7.82E0));
#3211=DIRECTION('',(0.E0,1.E0,0.E0));
#3212=VECTOR('',#3211,9.218578292924E-1);
#3213=CARTESIAN_POINT('',(5.680396535977E0,-4.609289146462E-1,
-7.114151464756E0));
#3214=LINE('',#3213,#3212);
#3215=CARTESIAN_POINT('',(5.680396535977E0,-4.609289146462E-1,
-7.114151464756E0));
#3216=CARTESIAN_POINT('',(5.678659130983E0,-4.592905560740E-1,
-7.130948163925E0));
#3217=CARTESIAN_POINT('',(5.676511494430E0,-4.562474833569E-1,
-7.164717992579E0));
#3218=CARTESIAN_POINT('',(5.677311807107E0,-4.523150017232E-1,
-7.215546213195E0));
#3219=CARTESIAN_POINT('',(5.682165564925E0,-4.489391968196E-1,
-7.266318713116E0));
#3220=CARTESIAN_POINT('',(5.691020364015E0,-4.460693008058E-1,
-7.316414488543E0));
#3221=CARTESIAN_POINT('',(5.703788552205E0,-4.436294006712E-1,
-7.365558004736E0));
#3222=CARTESIAN_POINT('',(5.720457700631E0,-4.415406282887E-1,
-7.413680816079E0));
#3223=CARTESIAN_POINT('',(5.740992965578E0,-4.397386647589E-1,
-7.460505274248E0));
#3224=CARTESIAN_POINT('',(5.765090922154E0,-4.381713018921E-1,
-7.505364771858E0));
#3225=CARTESIAN_POINT('',(5.792780177735E0,-4.367605789525E-1,
-7.548328247471E0));
#3226=CARTESIAN_POINT('',(5.823839443215E0,-4.354471599569E-1,
-7.588980943973E0));
#3227=CARTESIAN_POINT('',(5.858076438331E0,-4.341660999394E-1,
-7.627060160220E0));
#3228=CARTESIAN_POINT('',(5.895248564241E0,-4.328538290111E-1,
-7.662286824682E0));
#3229=CARTESIAN_POINT('',(5.935128250439E0,-4.314448294468E-1,
-7.694436384565E0));
#3230=CARTESIAN_POINT('',(5.977341657756E0,-4.298785746697E-1,
-7.723237256742E0));
#3231=CARTESIAN_POINT('',(6.021954093107E0,-4.280759926055E-1,
-7.748706114032E0));
#3232=CARTESIAN_POINT('',(6.068332735490E0,-4.259831752891E-1,
-7.770453372635E0));
#3233=CARTESIAN_POINT('',(6.116165273207E0,-4.235357136340E-1,
-7.788387234624E0));
#3234=CARTESIAN_POINT('',(6.165345988003E0,-4.206554430617E-1,
-7.802475737921E0));
#3235=CARTESIAN_POINT('',(6.215592121876E0,-4.172666532039E-1,
-7.812604605699E0));
#3236=CARTESIAN_POINT('',(6.266245918876E0,-4.133216881548E-1,
-7.818660644110E0));
#3237=CARTESIAN_POINT('',(6.300105606772E0,-4.102741760565E-1,-7.82E0));
#3238=CARTESIAN_POINT('',(6.317E0,-4.086350338404E-1,-7.82E0));
#3240=DIRECTION('',(-9.946929125360E-1,0.E0,1.028883363194E-1));
#3241=VECTOR('',#3240,3.18E-1);
#3242=CARTESIAN_POINT('',(5.996708882163E0,-4.609289146462E-1,
-7.146869955705E0));
#3243=LINE('',#3242,#3241);
#3244=CARTESIAN_POINT('',(5.996708882163E0,-4.609289146462E-1,
-7.146869955705E0));
#3245=CARTESIAN_POINT('',(5.995681932350E0,-4.599605094461E-1,
-7.156798191866E0));
#3246=CARTESIAN_POINT('',(5.994551952361E0,-4.580236990459E-1,
-7.176750217471E0));
#3247=CARTESIAN_POINT('',(5.995643382582E0,-4.551184834456E-1,
-7.206706350020E0));
#3248=CARTESIAN_POINT('',(5.999511783032E0,-4.522132678453E-1,
-7.236431699336E0));
#3249=CARTESIAN_POINT('',(6.006123724925E0,-4.493080522449E-1,
-7.265669400794E0));
#3250=CARTESIAN_POINT('',(6.015422071960E0,-4.464028366446E-1,
-7.294166798781E0));
#3251=CARTESIAN_POINT('',(6.027326473403E0,-4.434976210443E-1,
-7.321677636265E0));
#3252=CARTESIAN_POINT('',(6.041734058612E0,-4.405924054440E-1,
-7.347964181121E0));
#3253=CARTESIAN_POINT('',(6.058520325931E0,-4.376871898436E-1,
-7.372799280914E0));
#3254=CARTESIAN_POINT('',(6.077540218569E0,-4.347819742433E-1,
-7.395968325698E0));
#3255=CARTESIAN_POINT('',(6.098629378095E0,-4.318767586430E-1,
-7.417271102574E0));
#3256=CARTESIAN_POINT('',(6.121605564724E0,-4.289715430427E-1,
-7.436523525804E0));
#3257=CARTESIAN_POINT('',(6.146270232115E0,-4.260663274424E-1,
-7.453559227566E0));
#3258=CARTESIAN_POINT('',(6.172410243119E0,-4.231611118420E-1,
-7.468230995610E0));
#3259=CARTESIAN_POINT('',(6.199799711466E0,-4.202558962417E-1,
-7.480412045371E0));
#3260=CARTESIAN_POINT('',(6.228201954183E0,-4.173506806414E-1,
-7.489997115571E0));
#3261=CARTESIAN_POINT('',(6.257371535184E0,-4.144454650411E-1,
-7.496903377819E0));
#3262=CARTESIAN_POINT('',(6.287056392477E0,-4.115402494407E-1,
-7.501071152365E0));
#3263=CARTESIAN_POINT('',(6.307018792699E0,-4.096034390405E-1,-7.502E0));
#3264=CARTESIAN_POINT('',(6.317E0,-4.086350338404E-1,-7.502E0));
#3266=DIRECTION('',(-9.999501783723E-1,9.982022496225E-3,0.E0));
#3267=VECTOR('',#3266,3.197125867281E-1);
#3268=CARTESIAN_POINT('',(6.545017960512E0,-9.779798510152E-1,
-1.845985777552E0));
#3269=LINE('',#3268,#3267);
#3270=DIRECTION('',(-1.024074624015E-1,9.656939200307E-2,-9.900439708279E-1));
#3271=VECTOR('',#3270,5.354190656523E0);
#3272=CARTESIAN_POINT('',(6.545017960512E0,-9.779798510152E-1,
-1.845985777552E0));
#3273=LINE('',#3272,#3271);
#3274=CARTESIAN_POINT('',(6.225321302385E0,-9.747884727821E-1,
-1.845985777552E0));
#3275=CARTESIAN_POINT('',(6.227543165291E0,-9.768836711678E-1,
-1.824505487716E0));
#3276=CARTESIAN_POINT('',(6.231644745695E0,-9.862159957300E-1,
-1.784852665012E0));
#3277=CARTESIAN_POINT('',(6.237010393857E0,-1.012037730584E0,
-1.732979222514E0));
#3278=CARTESIAN_POINT('',(6.241642762144E0,-1.048879552488E0,
-1.688194905185E0));
#3279=CARTESIAN_POINT('',(6.244204364511E0,-1.081355416921E0,
-1.663430118323E0));
#3280=CARTESIAN_POINT('',(6.245312346186E0,-1.100190564865E0,
-1.652718490950E0));
#3282=CARTESIAN_POINT('',(6.245312346186E0,-1.100190564865E0,
-1.652718490950E0));
#3283=CARTESIAN_POINT('',(6.245671296042E0,-1.106292537297E0,
-1.649248273719E0));
#3284=CARTESIAN_POINT('',(6.246225101347E0,-1.118856695699E0,
-1.642781021323E0));
#3285=CARTESIAN_POINT('',(6.246691997101E0,-1.138713195418E0,
-1.634615773957E0));
#3286=CARTESIAN_POINT('',(6.246911734546E0,-1.159330235999E0,
-1.628147161613E0));
#3287=CARTESIAN_POINT('',(6.246988356832E0,-1.180560710024E0,
-1.623457209571E0));
#3288=CARTESIAN_POINT('',(6.247000929410E0,-1.202150978145E0,
-1.620628816654E0));
#3289=CARTESIAN_POINT('',(6.247000000576E0,-1.216606365563E0,
-1.620000001478E0));
#3290=CARTESIAN_POINT('',(6.247000000576E0,-1.223844594437E0,
-1.620000001478E0));
#3292=CARTESIAN_POINT('',(6.565E0,-1.227005016480E0,-1.620000008821E0));
#3293=CARTESIAN_POINT('',(6.562952992843E0,-1.226994799590E0,
-1.620000007568E0));
#3294=CARTESIAN_POINT('',(6.560905985685E0,-1.226984595961E0,-1.62E0));
#3295=CARTESIAN_POINT('',(6.558858978528E0,-1.226974379071E0,-1.62E0));
#3297=CARTESIAN_POINT('',(6.565E0,-1.227005016480E0,-1.620000008821E0));
#3298=CARTESIAN_POINT('',(6.565E0,-1.220141031314E0,-1.620000850322E0));
#3299=CARTESIAN_POINT('',(6.565000379768E0,-1.206388335232E0,
-1.620567589262E0));
#3300=CARTESIAN_POINT('',(6.564995234352E0,-1.185792592658E0,
-1.623133397281E0));
#3301=CARTESIAN_POINT('',(6.564963596651E0,-1.165475308668E0,
-1.627402836774E0));
#3302=CARTESIAN_POINT('',(6.564872645330E0,-1.145720976513E0,
-1.633294223641E0));
#3303=CARTESIAN_POINT('',(6.564678717126E0,-1.126566664768E0,
-1.640765168612E0));
#3304=CARTESIAN_POINT('',(6.564326657473E0,-1.108057981715E0,
-1.649798555712E0));
#3305=CARTESIAN_POINT('',(6.563753940575E0,-1.090364942476E0,
-1.660317072392E0));
#3306=CARTESIAN_POINT('',(6.562896380672E0,-1.073680471999E0,
-1.672188655746E0));
#3307=CARTESIAN_POINT('',(6.562093986717E0,-1.063332922151E0,
-1.680899987963E0));
#3308=CARTESIAN_POINT('',(6.561624692373E0,-1.058362354130E0,
-1.685436981899E0));
#3310=CARTESIAN_POINT('',(6.561624692373E0,-1.058362354130E0,
-1.685436981899E0));
#3311=CARTESIAN_POINT('',(6.559386009133E0,-1.034651164214E0,
-1.707079885572E0));
#3312=CARTESIAN_POINT('',(6.554323616862E0,-9.986329734508E-1,
-1.756021543027E0));
#3313=CARTESIAN_POINT('',(6.548313583983E0,-9.810875967539E-1,
-1.814124699547E0));
#3314=CARTESIAN_POINT('',(6.545017960512E0,-9.779798510152E-1,
-1.845985777552E0));
#3316=DIRECTION('',(0.E0,1.E0,0.E0));
#3317=VECTOR('',#3316,2.454010032960E0);
#3318=CARTESIAN_POINT('',(6.565E0,-1.227005016480E0,-1.620000008821E0));
#3319=LINE('',#3318,#3317);
#3320=DIRECTION('',(0.E0,-1.E0,0.E0));
#3321=VECTOR('',#3320,2.116724708261E0);
#3322=CARTESIAN_POINT('',(6.561624692373E0,1.058362354130E0,-1.685436981899E0));
#3323=LINE('',#3322,#3321);
#3324=DIRECTION('',(-1.024074624015E-1,-9.656939200307E-2,-9.900439708279E-1));
#3325=VECTOR('',#3324,5.354190656523E0);
#3326=CARTESIAN_POINT('',(6.545017960512E0,9.779798510152E-1,
-1.845985777552E0));
#3327=LINE('',#3326,#3325);
#3328=DIRECTION('',(0.E0,-1.E0,0.E0));
#3329=VECTOR('',#3328,9.218578292924E-1);
#3330=CARTESIAN_POINT('',(5.996708882163E0,4.609289146462E-1,
-7.146869955705E0));
#3331=LINE('',#3330,#3329);
#3332=CARTESIAN_POINT('',(5.996708882163E0,4.609289146462E-1,
-7.146869955705E0));
#3333=CARTESIAN_POINT('',(5.995681932350E0,4.599605094461E-1,
-7.156798191866E0));
#3334=CARTESIAN_POINT('',(5.994551952361E0,4.580236990459E-1,
-7.176750217471E0));
#3335=CARTESIAN_POINT('',(5.995643382582E0,4.551184834456E-1,
-7.206706350020E0));
#3336=CARTESIAN_POINT('',(5.999511783032E0,4.522132678453E-1,
-7.236431699336E0));
#3337=CARTESIAN_POINT('',(6.006123724925E0,4.493080522449E-1,
-7.265669400794E0));
#3338=CARTESIAN_POINT('',(6.015422071960E0,4.464028366446E-1,
-7.294166798781E0));
#3339=CARTESIAN_POINT('',(6.027326473403E0,4.434976210443E-1,
-7.321677636265E0));
#3340=CARTESIAN_POINT('',(6.041734058612E0,4.405924054440E-1,
-7.347964181121E0));
#3341=CARTESIAN_POINT('',(6.058520325931E0,4.376871898436E-1,
-7.372799280914E0));
#3342=CARTESIAN_POINT('',(6.077540218569E0,4.347819742433E-1,
-7.395968325698E0));
#3343=CARTESIAN_POINT('',(6.098629378095E0,4.318767586430E-1,
-7.417271102574E0));
#3344=CARTESIAN_POINT('',(6.121605564724E0,4.289715430427E-1,
-7.436523525804E0));
#3345=CARTESIAN_POINT('',(6.146270232115E0,4.260663274424E-1,
-7.453559227566E0));
#3346=CARTESIAN_POINT('',(6.172410243119E0,4.231611118420E-1,
-7.468230995610E0));
#3347=CARTESIAN_POINT('',(6.199799711466E0,4.202558962417E-1,
-7.480412045371E0));
#3348=CARTESIAN_POINT('',(6.228201954183E0,4.173506806414E-1,
-7.489997115571E0));
#3349=CARTESIAN_POINT('',(6.257371535184E0,4.144454650411E-1,
-7.496903377819E0));
#3350=CARTESIAN_POINT('',(6.287056392477E0,4.115402494407E-1,
-7.501071152365E0));
#3351=CARTESIAN_POINT('',(6.307018792699E0,4.096034390405E-1,-7.502E0));
#3352=CARTESIAN_POINT('',(6.317E0,4.086350338404E-1,-7.502E0));
#3354=DIRECTION('',(0.E0,-1.E0,0.E0));
#3355=VECTOR('',#3354,8.172700676809E-1);
#3356=CARTESIAN_POINT('',(6.317E0,4.086350338404E-1,-7.502E0));
#3357=LINE('',#3356,#3355);
#3358=DIRECTION('',(9.953262543147E-1,-9.656939200307E-2,0.E0));
#3359=VECTOR('',#3358,8.941791660190E-2);
#3360=CARTESIAN_POINT('',(6.317E0,4.086350338404E-1,-7.502E0));
#3361=LINE('',#3360,#3359);
#3362=DIRECTION('',(0.E0,0.E0,1.E0));
#3363=VECTOR('',#3362,3.18E-1);
#3364=CARTESIAN_POINT('',(6.317E0,4.086350338404E-1,-7.82E0));
#3365=LINE('',#3364,#3363);
#3366=DIRECTION('',(9.953262543147E-1,-9.656939200307E-2,0.E0));
#3367=VECTOR('',#3366,8.941791660190E-2);
#3368=CARTESIAN_POINT('',(6.317E0,4.086350338404E-1,-7.82E0));
#3369=LINE('',#3368,#3367);
#3370=DIRECTION('',(0.E0,1.E0,0.E0));
#3371=VECTOR('',#3370,8.172700676809E-1);
#3372=CARTESIAN_POINT('',(6.317E0,-4.086350338404E-1,-7.82E0));
#3373=LINE('',#3372,#3371);
#3374=DIRECTION('',(9.953262543147E-1,9.656939200307E-2,0.E0));
#3375=VECTOR('',#3374,8.941791660190E-2);
#3376=CARTESIAN_POINT('',(6.317E0,-4.086350338404E-1,-7.82E0));
#3377=LINE('',#3376,#3375);
#3378=DIRECTION('',(0.E0,0.E0,-1.E0));
#3379=VECTOR('',#3378,3.18E-1);
#3380=CARTESIAN_POINT('',(6.317E0,-4.086350338404E-1,-7.502E0));
#3381=LINE('',#3380,#3379);
#3382=DIRECTION('',(9.953262543147E-1,9.656939200307E-2,-1.986578201446E-14));
#3383=VECTOR('',#3382,8.941791660190E-2);
#3384=CARTESIAN_POINT('',(6.317E0,-4.086350338404E-1,-7.502E0));
#3385=LINE('',#3384,#3383);
#3386=DIRECTION('',(0.E0,-1.E0,0.E0));
#3387=VECTOR('',#3386,8.E-1);
#3388=CARTESIAN_POINT('',(6.406E0,4.E-1,-7.502E0));
#3389=LINE('',#3388,#3387);
#3390=DIRECTION('',(0.E0,0.E0,1.E0));
#3391=VECTOR('',#3390,3.18E-1);
#3392=CARTESIAN_POINT('',(6.406E0,4.E-1,-7.82E0));
#3393=LINE('',#3392,#3391);
#3394=DIRECTION('',(0.E0,1.E0,0.E0));
#3395=VECTOR('',#3394,8.E-1);
#3396=CARTESIAN_POINT('',(6.406E0,-4.E-1,-7.82E0));
#3397=LINE('',#3396,#3395);
#3398=DIRECTION('',(0.E0,0.E0,-1.E0));
#3399=VECTOR('',#3398,3.18E-1);
#3400=CARTESIAN_POINT('',(6.406E0,-4.E-1,-7.502E0));
#3401=LINE('',#3400,#3399);
#3402=DIRECTION('',(0.E0,1.E0,0.E0));
#3403=VECTOR('',#3402,4.44E0);
#3404=CARTESIAN_POINT('',(6.247E0,-2.22E0,-6.2E-1));
#3405=LINE('',#3404,#3403);
#3406=DIRECTION('',(1.E0,0.E0,0.E0));
#3407=VECTOR('',#3406,5.078876955042E-1);
#3408=CARTESIAN_POINT('',(6.324413601350E0,-1.92E0,-3.2E-1));
#3409=LINE('',#3408,#3407);
#3410=CARTESIAN_POINT('',(6.867E0,-1.92E0,-6.2E-1));
#3411=DIRECTION('',(0.E0,1.E0,0.E0));
#3412=DIRECTION('',(-8.751393526613E-1,0.E0,4.838709677419E-1));
#3413=AXIS2_PLACEMENT_3D('',#3410,#3411,#3412);
#3415=DIRECTION('',(0.E0,0.E0,-1.E0));
#3416=VECTOR('',#3415,3.18E-1);
#3417=CARTESIAN_POINT('',(7.012E0,-1.92E0,0.E0));
#3418=LINE('',#3417,#3416);
#3419=CARTESIAN_POINT('',(6.867E0,-1.92E0,-6.2E-1));
#3420=DIRECTION('',(0.E0,1.E0,0.E0));
#3421=DIRECTION('',(-1.148963680324E-1,0.E0,9.933774834437E-1));
#3422=AXIS2_PLACEMENT_3D('',#3419,#3420,#3421);
#3424=CARTESIAN_POINT('',(6.247E0,-2.22E0,-6.2E-1));
#3425=CARTESIAN_POINT('',(6.247E0,-2.210383193738E0,-6.2E-1));
#3426=CARTESIAN_POINT('',(6.246998949578E0,-2.191116958851E0,
-6.190759719936E-1));
#3427=CARTESIAN_POINT('',(6.247013051626E0,-2.162321177262E0,
-6.148823905598E-1));
#3428=CARTESIAN_POINT('',(6.247099395282E0,-2.134108477663E0,
-6.079268771543E-1));
#3429=CARTESIAN_POINT('',(6.247346466696E0,-2.106908817573E0,
-5.983618050397E-1));
#3430=CARTESIAN_POINT('',(6.247868582235E0,-2.080890588283E0,
-5.863116517282E-1));
#3431=CARTESIAN_POINT('',(6.248804688856E0,-2.056226315314E0,
-5.718874107284E-1));
#3432=CARTESIAN_POINT('',(6.250293155481E0,-2.033289018295E0,
-5.553787470650E-1));
#3433=CARTESIAN_POINT('',(6.252486421966E0,-2.012168512866E0,
-5.369421028112E-1));
#3434=CARTESIAN_POINT('',(6.255506133155E0,-1.993126442032E0,
-5.169289457504E-1));
#3435=CARTESIAN_POINT('',(6.259509896579E0,-1.976110948497E0,
-4.953994041643E-1));
#3436=CARTESIAN_POINT('',(6.264569562169E0,-1.961367969758E0,
-4.728051804157E-1));
#3437=CARTESIAN_POINT('',(6.270819392900E0,-1.948805895292E0,
-4.491881999911E-1));
#3438=CARTESIAN_POINT('',(6.278345545365E0,-1.938472955718E0,
-4.247705302845E-1));
#3439=CARTESIAN_POINT('',(6.287326377926E0,-1.930314326358E0,
-3.994809338057E-1));
#3440=CARTESIAN_POINT('',(6.297831746052E0,-1.924425552936E0,
-3.735881740548E-1));
#3441=CARTESIAN_POINT('',(6.310035838126E0,-1.920820781695E0,
-3.470756410509E-1));
#3442=CARTESIAN_POINT('',(6.319409876047E0,-1.92E0,-3.290498443066E-1));
#3443=CARTESIAN_POINT('',(6.324413601350E0,-1.92E0,-3.2E-1));
#3445=CARTESIAN_POINT('',(6.832301296854E0,-1.92E0,-3.2E-1));
#3446=CARTESIAN_POINT('',(6.822755251941E0,-1.92E0,-3.211041179289E-1));
#3447=CARTESIAN_POINT('',(6.803911599650E0,-1.920009968510E0,
-3.241992357858E-1));
#3448=CARTESIAN_POINT('',(6.776158192305E0,-1.920180877261E0,
-3.315161015757E-1));
#3449=CARTESIAN_POINT('',(6.749596627713E0,-1.920688887921E0,
-3.412799990752E-1));
#3450=CARTESIAN_POINT('',(6.724329309129E0,-1.921762899131E0,
-3.533465832313E-1));
#3451=CARTESIAN_POINT('',(6.700950348221E0,-1.923623087044E0,
-3.672735763796E-1));
#3452=CARTESIAN_POINT('',(6.679555687582E0,-1.926479079403E0,
-3.827375230210E-1));
#3453=CARTESIAN_POINT('',(6.660267664782E0,-1.930513514587E0,
-3.993823073036E-1));
#3454=CARTESIAN_POINT('',(6.643242759716E0,-1.935814850576E0,
-4.167155266514E-1));
#3455=CARTESIAN_POINT('',(6.628286184255E0,-1.942501236311E0,
-4.345466319551E-1));
#3456=CARTESIAN_POINT('',(6.615240145338E0,-1.950698211577E0,
-4.527225962509E-1));
#3457=CARTESIAN_POINT('',(6.603986287184E0,-1.960533907728E0,
-4.710858786623E-1));
#3458=CARTESIAN_POINT('',(6.594472116131E0,-1.972043767675E0,
-4.893523093859E-1));
#3459=CARTESIAN_POINT('',(6.586501028024E0,-1.985460600161E0,
-5.075304537537E-1));
#3460=CARTESIAN_POINT('',(6.580056586860E0,-2.000759798851E0,
-5.252391912517E-1));
#3461=CARTESIAN_POINT('',(6.574971558098E0,-2.018123832482E0,
-5.423834103463E-1));
#3462=CARTESIAN_POINT('',(6.571126496859E0,-2.037748022547E0,
-5.587663006102E-1));
#3463=CARTESIAN_POINT('',(6.568424502306E0,-2.059414590601E0,
-5.738774714930E-1));
#3464=CARTESIAN_POINT('',(6.566669356250E0,-2.083175619298E0,
-5.874581652163E-1));
#3465=CARTESIAN_POINT('',(6.565672882103E0,-2.108499354081E0,
-5.989784062836E-1));
#3466=CARTESIAN_POINT('',(6.565194561034E0,-2.135163448547E0,
-6.082218892339E-1));
#3467=CARTESIAN_POINT('',(6.565025766466E0,-2.162940226945E0,
-6.149898097097E-1));
#3468=CARTESIAN_POINT('',(6.564997918683E0,-2.191401146147E0,
-6.190931963436E-1));
#3469=CARTESIAN_POINT('',(6.565E0,-2.210469864730E0,-6.2E-1));
#3470=CARTESIAN_POINT('',(6.565E0,-2.22E0,-6.2E-1));
#3472=DIRECTION('',(0.E0,-1.E0,0.E0));
#3473=VECTOR('',#3472,4.44E0);
#3474=CARTESIAN_POINT('',(6.565E0,2.22E0,-6.2E-1));
#3475=LINE('',#3474,#3473);
#3476=DIRECTION('',(0.E0,1.E0,0.E0));
#3477=VECTOR('',#3476,3.84E0);
#3478=CARTESIAN_POINT('',(6.867E0,-1.92E0,-3.18E-1));
#3479=LINE('',#3478,#3477);
#3480=CARTESIAN_POINT('',(7.012E0,1.62E0,-3.18E-1));
#3481=DIRECTION('',(0.E0,0.E0,-1.E0));
#3482=DIRECTION('',(0.E0,1.E0,0.E0));
#3483=AXIS2_PLACEMENT_3D('',#3480,#3481,#3482);
#3485=DIRECTION('',(-1.E0,0.E0,0.E0));
#3486=VECTOR('',#3485,1.45E-1);
#3487=CARTESIAN_POINT('',(7.012E0,1.92E0,-3.18E-1));
#3488=LINE('',#3487,#3486);
#3489=DIRECTION('',(-1.E0,0.E0,0.E0));
#3490=VECTOR('',#3489,1.45E-1);
#3491=CARTESIAN_POINT('',(7.012E0,-1.92E0,-3.18E-1));
#3492=LINE('',#3491,#3490);
#3493=CARTESIAN_POINT('',(7.012E0,-1.62E0,-3.18E-1));
#3494=DIRECTION('',(0.E0,0.E0,-1.E0));
#3495=DIRECTION('',(1.E0,0.E0,0.E0));
#3496=AXIS2_PLACEMENT_3D('',#3493,#3494,#3495);
#3498=DIRECTION('',(0.E0,1.E0,0.E0));
#3499=VECTOR('',#3498,3.24E0);
#3500=CARTESIAN_POINT('',(7.312E0,-1.62E0,-3.18E-1));
#3501=LINE('',#3500,#3499);
#3502=CARTESIAN_POINT('',(7.012E0,1.62E0,0.E0));
#3503=DIRECTION('',(0.E0,0.E0,1.E0));
#3504=DIRECTION('',(1.E0,0.E0,0.E0));
#3505=AXIS2_PLACEMENT_3D('',#3502,#3503,#3504);
#3507=CARTESIAN_POINT('',(7.012E0,-1.62E0,0.E0));
#3508=DIRECTION('',(0.E0,0.E0,1.E0));
#3509=DIRECTION('',(0.E0,-1.E0,0.E0));
#3510=AXIS2_PLACEMENT_3D('',#3507,#3508,#3509);
#3512=DIRECTION('',(1.E0,0.E0,0.E0));
#3513=VECTOR('',#3512,1.45E-1);
#3514=CARTESIAN_POINT('',(6.867E0,-1.92E0,0.E0));
#3515=LINE('',#3514,#3513);
#3516=DIRECTION('',(0.E0,1.E0,0.E0));
#3517=VECTOR('',#3516,3.84E0);
#3518=CARTESIAN_POINT('',(6.867E0,-1.92E0,0.E0));
#3519=LINE('',#3518,#3517);
#3520=DIRECTION('',(1.E0,0.E0,0.E0));
#3521=VECTOR('',#3520,1.45E-1);
#3522=CARTESIAN_POINT('',(6.867E0,1.92E0,0.E0));
#3523=LINE('',#3522,#3521);
#3524=DIRECTION('',(0.E0,0.E0,1.E0));
#3525=VECTOR('',#3524,3.18E-1);
#3526=CARTESIAN_POINT('',(7.312E0,1.62E0,-3.18E-1));
#3527=LINE('',#3526,#3525);
#3528=DIRECTION('',(0.E0,0.E0,-1.E0));
#3529=VECTOR('',#3528,3.18E-1);
#3530=CARTESIAN_POINT('',(7.312E0,-1.62E0,0.E0));
#3531=LINE('',#3530,#3529);
#3532=DIRECTION('',(0.E0,1.E0,0.E0));
#3533=VECTOR('',#3532,3.24E0);
#3534=CARTESIAN_POINT('',(7.312E0,-1.62E0,0.E0));
#3535=LINE('',#3534,#3533);
#3536=DIRECTION('',(-1.E0,0.E0,0.E0));
#3537=VECTOR('',#3536,5.078876955042E-1);
#3538=CARTESIAN_POINT('',(6.832301296854E0,1.92E0,-3.2E-1));
#3539=LINE('',#3538,#3537);
#3540=CARTESIAN_POINT('',(6.867E0,1.92E0,-6.2E-1));
#3541=DIRECTION('',(0.E0,1.E0,0.E0));
#3542=DIRECTION('',(-1.148963680324E-1,0.E0,9.933774834437E-1));
#3543=AXIS2_PLACEMENT_3D('',#3540,#3541,#3542);
#3545=DIRECTION('',(0.E0,0.E0,1.E0));
#3546=VECTOR('',#3545,3.18E-1);
#3547=CARTESIAN_POINT('',(7.012E0,1.92E0,-3.18E-1));
#3548=LINE('',#3547,#3546);
#3549=CARTESIAN_POINT('',(6.867E0,1.92E0,-6.2E-1));
#3550=DIRECTION('',(0.E0,1.E0,0.E0));
#3551=DIRECTION('',(-8.751393526613E-1,0.E0,4.838709677419E-1));
#3552=AXIS2_PLACEMENT_3D('',#3549,#3550,#3551);
#3554=CARTESIAN_POINT('',(6.565E0,2.22E0,-6.2E-1));
#3555=CARTESIAN_POINT('',(6.565E0,2.210469864730E0,-6.2E-1));
#3556=CARTESIAN_POINT('',(6.564997918683E0,2.191401146147E0,
-6.190931963436E-1));
#3557=CARTESIAN_POINT('',(6.565025766466E0,2.162940226945E0,
-6.149898097097E-1));
#3558=CARTESIAN_POINT('',(6.565194561034E0,2.135163448547E0,
-6.082218892339E-1));
#3559=CARTESIAN_POINT('',(6.565672882103E0,2.108499354081E0,
-5.989784062836E-1));
#3560=CARTESIAN_POINT('',(6.566669356250E0,2.083175619298E0,
-5.874581652163E-1));
#3561=CARTESIAN_POINT('',(6.568424502306E0,2.059414590601E0,
-5.738774714930E-1));
#3562=CARTESIAN_POINT('',(6.571126496859E0,2.037748022547E0,
-5.587663006102E-1));
#3563=CARTESIAN_POINT('',(6.574971558098E0,2.018123832482E0,
-5.423834103463E-1));
#3564=CARTESIAN_POINT('',(6.580056586860E0,2.000759798851E0,
-5.252391912517E-1));
#3565=CARTESIAN_POINT('',(6.586501028024E0,1.985460600161E0,
-5.075304537537E-1));
#3566=CARTESIAN_POINT('',(6.594472116131E0,1.972043767675E0,
-4.893523093859E-1));
#3567=CARTESIAN_POINT('',(6.603986287184E0,1.960533907728E0,
-4.710858786623E-1));
#3568=CARTESIAN_POINT('',(6.615240145338E0,1.950698211577E0,
-4.527225962509E-1));
#3569=CARTESIAN_POINT('',(6.628286184255E0,1.942501236311E0,
-4.345466319551E-1));
#3570=CARTESIAN_POINT('',(6.643242759716E0,1.935814850576E0,
-4.167155266514E-1));
#3571=CARTESIAN_POINT('',(6.660267664782E0,1.930513514587E0,
-3.993823073035E-1));
#3572=CARTESIAN_POINT('',(6.679555687582E0,1.926479079403E0,
-3.827375230210E-1));
#3573=CARTESIAN_POINT('',(6.700950348221E0,1.923623087044E0,
-3.672735763796E-1));
#3574=CARTESIAN_POINT('',(6.724329309129E0,1.921762899131E0,
-3.533465832313E-1));
#3575=CARTESIAN_POINT('',(6.749596627713E0,1.920688887921E0,
-3.412799990752E-1));
#3576=CARTESIAN_POINT('',(6.776158192305E0,1.920180877261E0,
-3.315161015757E-1));
#3577=CARTESIAN_POINT('',(6.803911599650E0,1.920009968510E0,
-3.241992357858E-1));
#3578=CARTESIAN_POINT('',(6.822755251941E0,1.92E0,-3.211041179289E-1));
#3579=CARTESIAN_POINT('',(6.832301296854E0,1.92E0,-3.2E-1));
#3581=CARTESIAN_POINT('',(6.324413601350E0,1.92E0,-3.2E-1));
#3582=CARTESIAN_POINT('',(6.319409876047E0,1.92E0,-3.290498443066E-1));
#3583=CARTESIAN_POINT('',(6.310035838126E0,1.920820781695E0,
-3.470756410509E-1));
#3584=CARTESIAN_POINT('',(6.297831746052E0,1.924425552936E0,
-3.735881740548E-1));
#3585=CARTESIAN_POINT('',(6.287326377926E0,1.930314326358E0,
-3.994809338057E-1));
#3586=CARTESIAN_POINT('',(6.278345545365E0,1.938472955718E0,
-4.247705302845E-1));
#3587=CARTESIAN_POINT('',(6.270819392900E0,1.948805895292E0,
-4.491881999911E-1));
#3588=CARTESIAN_POINT('',(6.264569562169E0,1.961367969758E0,
-4.728051804158E-1));
#3589=CARTESIAN_POINT('',(6.259509896579E0,1.976110948497E0,
-4.953994041644E-1));
#3590=CARTESIAN_POINT('',(6.255506133155E0,1.993126442032E0,
-5.169289457505E-1));
#3591=CARTESIAN_POINT('',(6.252486421966E0,2.012168512866E0,
-5.369421028112E-1));
#3592=CARTESIAN_POINT('',(6.250293155481E0,2.033289018295E0,
-5.553787470650E-1));
#3593=CARTESIAN_POINT('',(6.248804688856E0,2.056226315314E0,
-5.718874107284E-1));
#3594=CARTESIAN_POINT('',(6.247868582235E0,2.080890588283E0,
-5.863116517282E-1));
#3595=CARTESIAN_POINT('',(6.247346466696E0,2.106908817573E0,
-5.983618050397E-1));
#3596=CARTESIAN_POINT('',(6.247099395282E0,2.134108477663E0,
-6.079268771543E-1));
#3597=CARTESIAN_POINT('',(6.247013051626E0,2.162321177262E0,
-6.148823905598E-1));
#3598=CARTESIAN_POINT('',(6.246998949578E0,2.191116958851E0,
-6.190759719936E-1));
#3599=CARTESIAN_POINT('',(6.247E0,2.210383193738E0,-6.2E-1));
#3600=CARTESIAN_POINT('',(6.247E0,2.22E0,-6.2E-1));
#3602=CARTESIAN_POINT('',(5.927E0,-2.24E0,-6.2E-1));
#3603=DIRECTION('',(0.E0,0.E0,-1.E0));
#3604=DIRECTION('',(1.E0,0.E0,0.E0));
#3605=AXIS2_PLACEMENT_3D('',#3602,#3603,#3604);
#3607=CARTESIAN_POINT('',(-5.927E0,-2.24E0,-6.2E-1));
#3608=DIRECTION('',(0.E0,0.E0,-1.E0));
#3609=DIRECTION('',(0.E0,-1.E0,0.E0));
#3610=AXIS2_PLACEMENT_3D('',#3607,#3608,#3609);
#3612=DIRECTION('',(0.E0,1.E0,0.E0));
#3613=VECTOR('',#3612,1.07E0);
#3614=CARTESIAN_POINT('',(-5.55E0,1.68E-1,-1.366025403784E0));
#3615=LINE('',#3614,#3613);
#3616=DIRECTION('',(0.E0,0.E0,1.E0));
#3617=VECTOR('',#3616,7.513974596216E0);
#3618=CARTESIAN_POINT('',(-5.55E0,1.68E-1,-8.88E0));
#3619=LINE('',#3618,#3617);
#3620=DIRECTION('',(0.E0,0.E0,1.E0));
#3621=VECTOR('',#3620,5.38E0);
#3622=CARTESIAN_POINT('',(-5.55E0,5.698629150102E-1,-8.88E0));
#3623=LINE('',#3622,#3621);
#3624=DIRECTION('',(0.E0,1.E0,0.E0));
#3625=VECTOR('',#3624,3.362741699797E-1);
#3626=CARTESIAN_POINT('',(-5.55E0,5.698629150102E-1,-3.5E0));
#3627=LINE('',#3626,#3625);
#3628=DIRECTION('',(0.E0,0.E0,1.E0));
#3629=VECTOR('',#3628,5.38E0);
#3630=CARTESIAN_POINT('',(-5.55E0,9.061370849898E-1,-8.88E0));
#3631=LINE('',#3630,#3629);
#3632=DIRECTION('',(0.E0,0.E0,-1.E0));
#3633=VECTOR('',#3632,7.513974596216E0);
#3634=CARTESIAN_POINT('',(-5.55E0,1.238E0,-1.366025403784E0));
#3635=LINE('',#3634,#3633);
#3636=CARTESIAN_POINT('',(-5.55E0,1.238E0,-1.366025403784E0));
#3637=CARTESIAN_POINT('',(-5.55E0,1.266510472261E0,-1.366025403784E0));
#3638=CARTESIAN_POINT('',(-5.546296693297E0,1.318953877957E0,
-1.359611088419E0));
#3639=CARTESIAN_POINT('',(-5.528944312267E0,1.411547044476E0,
-1.329555882842E0));
#3640=CARTESIAN_POINT('',(-5.493323861177E0,1.510070106845E0,
-1.267859451766E0));
#3641=CARTESIAN_POINT('',(-5.435229251056E0,1.609324053175E0,
-1.167236635390E0));
#3642=CARTESIAN_POINT('',(-5.388048881578E0,1.665047798341E0,
-1.085517838335E0));
#3643=CARTESIAN_POINT('',(-5.362548339959E0,1.690548339959E0,
-1.041349604631E0));
#3645=CARTESIAN_POINT('',(-4.91E0,1.238E0,-8.88E0));
#3646=DIRECTION('',(0.E0,0.E0,-1.E0));
#3647=DIRECTION('',(-1.E0,0.E0,0.E0));
#3648=AXIS2_PLACEMENT_3D('',#3645,#3646,#3647);
#3650=DIRECTION('',(0.E0,0.E0,1.E0));
#3651=VECTOR('',#3650,7.513974596216E0);
#3652=CARTESIAN_POINT('',(4.91E0,1.878E0,-8.88E0));
#3653=LINE('',#3652,#3651);
#3654=DIRECTION('',(0.E0,0.E0,-1.E0));
#3655=VECTOR('',#3654,7.513974596216E0);
#3656=CARTESIAN_POINT('',(-4.91E0,1.878E0,-1.366025403784E0));
#3657=LINE('',#3656,#3655);
#3658=CARTESIAN_POINT('',(5.362548339959E0,1.690548339959E0,-1.041349604631E0));
#3659=CARTESIAN_POINT('',(5.388048881578E0,1.665047798341E0,-1.085517838335E0));
#3660=CARTESIAN_POINT('',(5.435229251056E0,1.609324053175E0,-1.167236635390E0));
#3661=CARTESIAN_POINT('',(5.493323861177E0,1.510070106845E0,-1.267859451766E0));
#3662=CARTESIAN_POINT('',(5.528944312267E0,1.411547044476E0,-1.329555882842E0));
#3663=CARTESIAN_POINT('',(5.546296693297E0,1.318953877957E0,-1.359611088419E0));
#3664=CARTESIAN_POINT('',(5.55E0,1.266510472261E0,-1.366025403784E0));
#3665=CARTESIAN_POINT('',(5.55E0,1.238E0,-1.366025403784E0));
#3667=CARTESIAN_POINT('',(4.91E0,1.238E0,-8.88E0));
#3668=DIRECTION('',(0.E0,0.E0,-1.E0));
#3669=DIRECTION('',(0.E0,1.E0,0.E0));
#3670=AXIS2_PLACEMENT_3D('',#3667,#3668,#3669);
#3672=CARTESIAN_POINT('',(5.55E0,1.68E-1,-1.366025403784E0));
#3673=CARTESIAN_POINT('',(5.55E0,1.604672297084E-1,-1.366025403784E0));
#3674=CARTESIAN_POINT('',(5.548791700983E0,1.477300919086E-1,
-1.363932568496E0));
#3675=CARTESIAN_POINT('',(5.544025941961E0,1.267826700988E-1,
-1.355678031734E0));
#3676=CARTESIAN_POINT('',(5.535209928896E0,1.061073529966E-1,
-1.340408249184E0));
#3677=CARTESIAN_POINT('',(5.522008788706E0,8.634944396112E-2,
-1.317543203657E0));
#3678=CARTESIAN_POINT('',(5.501737034401E0,6.515112964128E-2,
-1.282431495242E0));
#3679=CARTESIAN_POINT('',(5.472267040896E0,4.661236220086E-2,
-1.231387969193E0));
#3680=CARTESIAN_POINT('',(5.444697076E0,3.947776357961E-2,-1.183635389232E0));
#3681=CARTESIAN_POINT('',(5.429641941386E0,3.835805861408E-2,
-1.157559131164E0));
#3683=CARTESIAN_POINT('',(5.42E0,1.68E-1,-8.88E0));
#3684=DIRECTION('',(0.E0,0.E0,-1.E0));
#3685=DIRECTION('',(1.E0,0.E0,0.E0));
#3686=AXIS2_PLACEMENT_3D('',#3683,#3684,#3685);
#3688=DIRECTION('',(0.E0,-1.E0,0.E0));
#3689=VECTOR('',#3688,1.07E0);
#3690=CARTESIAN_POINT('',(5.55E0,1.238E0,-1.366025403784E0));
#3691=LINE('',#3690,#3689);
#3692=DIRECTION('',(0.E0,0.E0,1.E0));
#3693=VECTOR('',#3692,7.513974596216E0);
#3694=CARTESIAN_POINT('',(5.55E0,1.238E0,-8.88E0));
#3695=LINE('',#3694,#3693);
#3696=DIRECTION('',(0.E0,0.E0,1.E0));
#3697=VECTOR('',#3696,5.38E0);
#3698=CARTESIAN_POINT('',(5.55E0,9.061370849898E-1,-8.88E0));
#3699=LINE('',#3698,#3697);
#3700=DIRECTION('',(0.E0,1.E0,0.E0));
#3701=VECTOR('',#3700,3.362741699797E-1);
#3702=CARTESIAN_POINT('',(5.55E0,5.698629150102E-1,-3.5E0));
#3703=LINE('',#3702,#3701);
#3704=DIRECTION('',(0.E0,0.E0,1.E0));
#3705=VECTOR('',#3704,5.38E0);
#3706=CARTESIAN_POINT('',(5.55E0,5.698629150102E-1,-8.88E0));
#3707=LINE('',#3706,#3705);
#3708=DIRECTION('',(0.E0,0.E0,-1.E0));
#3709=VECTOR('',#3708,7.513974596216E0);
#3710=CARTESIAN_POINT('',(5.55E0,1.68E-1,-1.366025403784E0));
#3711=LINE('',#3710,#3709);
#3712=DIRECTION('',(0.E0,0.E0,1.E0));
#3713=VECTOR('',#3712,5.38E0);
#3714=CARTESIAN_POINT('',(5.661568542495E0,7.945685424949E-1,-8.88E0));
#3715=LINE('',#3714,#3713);
#3716=DIRECTION('',(0.E0,0.E0,1.E0));
#3717=VECTOR('',#3716,5.38E0);
#3718=CARTESIAN_POINT('',(5.661568542495E0,6.814314575051E-1,-8.88E0));
#3719=LINE('',#3718,#3717);
#3720=DIRECTION('',(7.071067811865E-1,-7.071067811865E-1,0.E0));
#3721=VECTOR('',#3720,1.577817459305E-1);
#3722=CARTESIAN_POINT('',(-5.661568542495E0,6.814314575051E-1,-3.5E0));
#3723=LINE('',#3722,#3721);
#3724=CARTESIAN_POINT('',(-5.605E0,7.38E-1,-3.5E0));
#3725=DIRECTION('',(0.E0,0.E0,1.E0));
#3726=DIRECTION('',(-7.071067811865E-1,7.071067811866E-1,0.E0));
#3727=AXIS2_PLACEMENT_3D('',#3724,#3725,#3726);
#3729=DIRECTION('',(-7.071067811865E-1,-7.071067811865E-1,0.E0));
#3730=VECTOR('',#3729,1.577817459305E-1);
#3731=CARTESIAN_POINT('',(-5.55E0,9.061370849898E-1,-3.5E0));
#3732=LINE('',#3731,#3730);
#3733=DIRECTION('',(-7.071067811866E-1,7.071067811865E-1,0.E0));
#3734=VECTOR('',#3733,1.577817459305E-1);
#3735=CARTESIAN_POINT('',(5.661568542495E0,7.945685424949E-1,-3.5E0));
#3736=LINE('',#3735,#3734);
#3737=CARTESIAN_POINT('',(5.605E0,7.38E-1,-3.5E0));
#3738=DIRECTION('',(0.E0,0.E0,1.E0));
#3739=DIRECTION('',(7.071067811865E-1,-7.071067811866E-1,0.E0));
#3740=AXIS2_PLACEMENT_3D('',#3737,#3738,#3739);
#3742=DIRECTION('',(7.071067811866E-1,7.071067811865E-1,0.E0));
#3743=VECTOR('',#3742,1.577817459305E-1);
#3744=CARTESIAN_POINT('',(5.55E0,5.698629150102E-1,-3.5E0));
#3745=LINE('',#3744,#3743);
#3746=DIRECTION('',(0.E0,0.E0,1.E0));
#3747=VECTOR('',#3746,5.38E0);
#3748=CARTESIAN_POINT('',(-5.661568542495E0,6.814314575051E-1,-8.88E0));
#3749=LINE('',#3748,#3747);
#3750=DIRECTION('',(0.E0,0.E0,1.E0));
#3751=VECTOR('',#3750,5.38E0);
#3752=CARTESIAN_POINT('',(-5.661568542495E0,7.945685424949E-1,-8.88E0));
#3753=LINE('',#3752,#3751);
#3754=DIRECTION('',(0.E0,0.E0,-1.E0));
#3755=VECTOR('',#3754,7.721820693124E0);
#3756=CARTESIAN_POINT('',(5.42E0,3.8E-2,-1.158179306876E0));
#3757=LINE('',#3756,#3755);
#3758=DIRECTION('',(0.E0,0.E0,1.E0));
#3759=VECTOR('',#3758,7.721820693124E0);
#3760=CARTESIAN_POINT('',(-5.42E0,3.8E-2,-8.88E0));
#3761=LINE('',#3760,#3759);
#3762=DIRECTION('',(1.E0,0.E0,0.E0));
#3763=VECTOR('',#3762,1.084E1);
#3764=CARTESIAN_POINT('',(-5.42E0,3.8E-2,-1.158179306876E0));
#3765=LINE('',#3764,#3763);
#3766=DIRECTION('',(0.E0,0.E0,1.E0));
#3767=VECTOR('',#3766,8.584962085782E-1);
#3768=CARTESIAN_POINT('',(-3.E0,3.8E-2,-6.253659052624E0));
#3769=LINE('',#3768,#3767);
#3770=DIRECTION('',(-1.E0,0.E0,0.E0));
#3771=VECTOR('',#3770,1.E0);
#3772=CARTESIAN_POINT('',(-3.E0,3.8E-2,-5.395162844046E0));
#3773=LINE('',#3772,#3771);
#3774=DIRECTION('',(0.E0,0.E0,1.E0));
#3775=VECTOR('',#3774,8.584962085782E-1);
#3776=CARTESIAN_POINT('',(-4.E0,3.8E-2,-6.253659052624E0));
#3777=LINE('',#3776,#3775);
#3778=DIRECTION('',(-1.E0,0.E0,0.E0));
#3779=VECTOR('',#3778,1.E0);
#3780=CARTESIAN_POINT('',(-3.E0,3.8E-2,-6.253659052624E0));
#3781=LINE('',#3780,#3779);
#3782=DIRECTION('',(0.E0,0.E0,1.E0));
#3783=VECTOR('',#3782,2.992063523708E-1);
#3784=CARTESIAN_POINT('',(-3.E0,3.8E-2,-3.119498226127E0));
#3785=LINE('',#3784,#3783);
#3786=DIRECTION('',(-1.E0,0.E0,0.E0));
#3787=VECTOR('',#3786,1.E0);
#3788=CARTESIAN_POINT('',(-3.E0,3.8E-2,-2.820291873757E0));
#3789=LINE('',#3788,#3787);
#3790=DIRECTION('',(0.E0,0.E0,1.E0));
#3791=VECTOR('',#3790,2.992063523708E-1);
#3792=CARTESIAN_POINT('',(-4.E0,3.8E-2,-3.119498226127E0));
#3793=LINE('',#3792,#3791);
#3794=DIRECTION('',(-1.E0,0.E0,0.E0));
#3795=VECTOR('',#3794,1.E0);
#3796=CARTESIAN_POINT('',(-3.E0,3.8E-2,-3.119498226127E0));
#3797=LINE('',#3796,#3795);
#3798=DIRECTION('',(0.E0,0.E0,1.E0));
#3799=VECTOR('',#3798,8.584962085782E-1);
#3800=CARTESIAN_POINT('',(-5.E-1,3.8E-2,-6.253659052624E0));
#3801=LINE('',#3800,#3799);
#3802=DIRECTION('',(-1.E0,0.E0,0.E0));
#3803=VECTOR('',#3802,1.E0);
#3804=CARTESIAN_POINT('',(-5.E-1,3.8E-2,-5.395162844046E0));
#3805=LINE('',#3804,#3803);
#3806=DIRECTION('',(0.E0,0.E0,1.E0));
#3807=VECTOR('',#3806,8.584962085782E-1);
#3808=CARTESIAN_POINT('',(-1.5E0,3.8E-2,-6.253659052624E0));
#3809=LINE('',#3808,#3807);
#3810=DIRECTION('',(-1.E0,0.E0,0.E0));
#3811=VECTOR('',#3810,1.E0);
#3812=CARTESIAN_POINT('',(-5.E-1,3.8E-2,-6.253659052624E0));
#3813=LINE('',#3812,#3811);
#3814=DIRECTION('',(0.E0,0.E0,1.E0));
#3815=VECTOR('',#3814,2.992063523708E-1);
#3816=CARTESIAN_POINT('',(-5.E-1,3.8E-2,-3.119498226127E0));
#3817=LINE('',#3816,#3815);
#3818=DIRECTION('',(-1.E0,0.E0,0.E0));
#3819=VECTOR('',#3818,1.E0);
#3820=CARTESIAN_POINT('',(-5.E-1,3.8E-2,-2.820291873757E0));
#3821=LINE('',#3820,#3819);
#3822=DIRECTION('',(0.E0,0.E0,1.E0));
#3823=VECTOR('',#3822,2.992063523708E-1);
#3824=CARTESIAN_POINT('',(-1.5E0,3.8E-2,-3.119498226127E0));
#3825=LINE('',#3824,#3823);
#3826=DIRECTION('',(-1.E0,0.E0,0.E0));
#3827=VECTOR('',#3826,1.E0);
#3828=CARTESIAN_POINT('',(-5.E-1,3.8E-2,-3.119498226127E0));
#3829=LINE('',#3828,#3827);
#3830=DIRECTION('',(0.E0,0.E0,1.E0));
#3831=VECTOR('',#3830,8.584962085782E-1);
#3832=CARTESIAN_POINT('',(1.5E0,3.8E-2,-6.253659052624E0));
#3833=LINE('',#3832,#3831);
#3834=DIRECTION('',(-1.E0,0.E0,0.E0));
#3835=VECTOR('',#3834,1.E0);
#3836=CARTESIAN_POINT('',(1.5E0,3.8E-2,-5.395162844046E0));
#3837=LINE('',#3836,#3835);
#3838=DIRECTION('',(0.E0,0.E0,1.E0));
#3839=VECTOR('',#3838,8.584962085782E-1);
#3840=CARTESIAN_POINT('',(5.E-1,3.8E-2,-6.253659052624E0));
#3841=LINE('',#3840,#3839);
#3842=DIRECTION('',(-1.E0,0.E0,0.E0));
#3843=VECTOR('',#3842,1.E0);
#3844=CARTESIAN_POINT('',(1.5E0,3.8E-2,-6.253659052624E0));
#3845=LINE('',#3844,#3843);
#3846=DIRECTION('',(0.E0,0.E0,1.E0));
#3847=VECTOR('',#3846,2.992063523708E-1);
#3848=CARTESIAN_POINT('',(1.5E0,3.8E-2,-3.119498226127E0));
#3849=LINE('',#3848,#3847);
#3850=DIRECTION('',(-1.E0,0.E0,0.E0));
#3851=VECTOR('',#3850,1.E0);
#3852=CARTESIAN_POINT('',(1.5E0,3.8E-2,-2.820291873757E0));
#3853=LINE('',#3852,#3851);
#3854=DIRECTION('',(0.E0,0.E0,1.E0));
#3855=VECTOR('',#3854,2.992063523708E-1);
#3856=CARTESIAN_POINT('',(5.E-1,3.8E-2,-3.119498226127E0));
#3857=LINE('',#3856,#3855);
#3858=DIRECTION('',(-1.E0,0.E0,0.E0));
#3859=VECTOR('',#3858,1.E0);
#3860=CARTESIAN_POINT('',(1.5E0,3.8E-2,-3.119498226127E0));
#3861=LINE('',#3860,#3859);
#3862=DIRECTION('',(0.E0,0.E0,1.E0));
#3863=VECTOR('',#3862,8.584962085782E-1);
#3864=CARTESIAN_POINT('',(4.E0,3.8E-2,-6.253659052624E0));
#3865=LINE('',#3864,#3863);
#3866=DIRECTION('',(-1.E0,0.E0,0.E0));
#3867=VECTOR('',#3866,1.E0);
#3868=CARTESIAN_POINT('',(4.E0,3.8E-2,-5.395162844046E0));
#3869=LINE('',#3868,#3867);
#3870=DIRECTION('',(0.E0,0.E0,1.E0));
#3871=VECTOR('',#3870,8.584962085782E-1);
#3872=CARTESIAN_POINT('',(3.E0,3.8E-2,-6.253659052624E0));
#3873=LINE('',#3872,#3871);
#3874=DIRECTION('',(-1.E0,0.E0,0.E0));
#3875=VECTOR('',#3874,1.E0);
#3876=CARTESIAN_POINT('',(4.E0,3.8E-2,-6.253659052624E0));
#3877=LINE('',#3876,#3875);
#3878=DIRECTION('',(0.E0,0.E0,1.E0));
#3879=VECTOR('',#3878,2.992063523708E-1);
#3880=CARTESIAN_POINT('',(4.E0,3.8E-2,-3.119498226127E0));
#3881=LINE('',#3880,#3879);
#3882=DIRECTION('',(-1.E0,0.E0,0.E0));
#3883=VECTOR('',#3882,1.E0);
#3884=CARTESIAN_POINT('',(4.E0,3.8E-2,-2.820291873757E0));
#3885=LINE('',#3884,#3883);
#3886=DIRECTION('',(0.E0,0.E0,1.E0));
#3887=VECTOR('',#3886,2.992063523708E-1);
#3888=CARTESIAN_POINT('',(3.E0,3.8E-2,-3.119498226127E0));
#3889=LINE('',#3888,#3887);
#3890=DIRECTION('',(-1.E0,0.E0,0.E0));
#3891=VECTOR('',#3890,1.E0);
#3892=CARTESIAN_POINT('',(4.E0,3.8E-2,-3.119498226127E0));
#3893=LINE('',#3892,#3891);
#3894=CARTESIAN_POINT('',(-5.429641941386E0,3.835805861408E-2,
-1.157559131164E0));
#3895=CARTESIAN_POINT('',(-5.444697076E0,3.947776357961E-2,-1.183635389232E0));
#3896=CARTESIAN_POINT('',(-5.472267040896E0,4.661236220086E-2,
-1.231387969193E0));
#3897=CARTESIAN_POINT('',(-5.501737034401E0,6.515112964129E-2,
-1.282431495242E0));
#3898=CARTESIAN_POINT('',(-5.522008788706E0,8.634944396113E-2,
-1.317543203657E0));
#3899=CARTESIAN_POINT('',(-5.535209928896E0,1.061073529966E-1,
-1.340408249184E0));
#3900=CARTESIAN_POINT('',(-5.544025941961E0,1.267826700988E-1,
-1.355678031734E0));
#3901=CARTESIAN_POINT('',(-5.548791700983E0,1.477300919086E-1,
-1.363932568496E0));
#3902=CARTESIAN_POINT('',(-5.55E0,1.604672297084E-1,-1.366025403784E0));
#3903=CARTESIAN_POINT('',(-5.55E0,1.68E-1,-1.366025403784E0));
#3905=CARTESIAN_POINT('',(-5.42E0,1.68E-1,-8.88E0));
#3906=DIRECTION('',(0.E0,0.E0,-1.E0));
#3907=DIRECTION('',(0.E0,-1.E0,0.E0));
#3908=AXIS2_PLACEMENT_3D('',#3905,#3906,#3907);
#3910=DIRECTION('',(-4.472135955E-1,-4.472135955E-1,-7.745966692415E-1));
#3911=VECTOR('',#3910,8.489051880489E-1);
#3912=CARTESIAN_POINT('',(-5.05E0,4.18E-1,-5.E-1));
#3913=LINE('',#3912,#3911);
#3914=DIRECTION('',(1.E0,0.E0,0.E0));
#3915=VECTOR('',#3914,1.01E1);
#3916=CARTESIAN_POINT('',(-5.05E0,4.18E-1,-5.E-1));
#3917=LINE('',#3916,#3915);
#3918=DIRECTION('',(-4.472135955E-1,4.472135955E-1,7.745966692415E-1));
#3919=VECTOR('',#3918,8.489051880489E-1);
#3920=CARTESIAN_POINT('',(5.429641941386E0,3.835805861408E-2,
-1.157559131165E0));
#3921=LINE('',#3920,#3919);
#3922=CARTESIAN_POINT('',(5.42E0,3.8E-2,-1.158179306876E0));
#3923=CARTESIAN_POINT('',(5.423231636744E0,3.8E-2,-1.158179306876E0));
#3924=CARTESIAN_POINT('',(5.426445473293E0,3.812032568860E-2,
-1.157970896670E0));
#3925=CARTESIAN_POINT('',(5.429641941386E0,3.835805861408E-2,
-1.157559131164E0));
#3927=CARTESIAN_POINT('',(-5.429641941386E0,3.835805861408E-2,
-1.157559131164E0));
#3928=CARTESIAN_POINT('',(-5.426445473293E0,3.812032568860E-2,
-1.157970896670E0));
#3929=CARTESIAN_POINT('',(-5.423231636744E0,3.8E-2,-1.158179306876E0));
#3930=CARTESIAN_POINT('',(-5.42E0,3.8E-2,-1.158179306876E0));
#3932=DIRECTION('',(0.E0,1.E0,0.E0));
#3933=VECTOR('',#3932,9.6E-1);
#3934=CARTESIAN_POINT('',(-5.05E0,4.18E-1,-5.E-1));
#3935=LINE('',#3934,#3933);
#3936=DIRECTION('',(1.E0,0.E0,0.E0));
#3937=VECTOR('',#3936,1.01E1);
#3938=CARTESIAN_POINT('',(-5.05E0,1.378E0,-5.E-1));
#3939=LINE('',#3938,#3937);
#3940=DIRECTION('',(0.E0,-1.E0,0.E0));
#3941=VECTOR('',#3940,9.6E-1);
#3942=CARTESIAN_POINT('',(5.05E0,1.378E0,-5.E-1));
#3943=LINE('',#3942,#3941);
#3944=DIRECTION('',(4.472135955E-1,-4.472135955E-1,7.745966692415E-1));
#3945=VECTOR('',#3944,6.988793344039E-1);
#3946=CARTESIAN_POINT('',(-5.362548339959E0,1.690548339959E0,
-1.041349604631E0));
#3947=LINE('',#3946,#3945);
#3948=CARTESIAN_POINT('',(-4.91E0,1.878E0,-1.366025403784E0));
#3949=CARTESIAN_POINT('',(-4.938510472261E0,1.878E0,-1.366025403784E0));
#3950=CARTESIAN_POINT('',(-4.990953877957E0,1.874296693297E0,
-1.359611088419E0));
#3951=CARTESIAN_POINT('',(-5.083547044476E0,1.856944312267E0,
-1.329555882842E0));
#3952=CARTESIAN_POINT('',(-5.182070106845E0,1.821323861177E0,
-1.267859451766E0));
#3953=CARTESIAN_POINT('',(-5.281324053175E0,1.763229251056E0,
-1.167236635390E0));
#3954=CARTESIAN_POINT('',(-5.337047798341E0,1.716048881578E0,
-1.085517838335E0));
#3955=CARTESIAN_POINT('',(-5.362548339959E0,1.690548339959E0,
-1.041349604631E0));
#3957=DIRECTION('',(1.E0,0.E0,0.E0));
#3958=VECTOR('',#3957,9.82E0);
#3959=CARTESIAN_POINT('',(-4.91E0,1.878E0,-1.366025403784E0));
#3960=LINE('',#3959,#3958);
#3961=CARTESIAN_POINT('',(5.362548339959E0,1.690548339959E0,-1.041349604631E0));
#3962=CARTESIAN_POINT('',(5.337047798341E0,1.716048881578E0,-1.085517838335E0));
#3963=CARTESIAN_POINT('',(5.281324053175E0,1.763229251056E0,-1.167236635390E0));
#3964=CARTESIAN_POINT('',(5.182070106845E0,1.821323861177E0,-1.267859451766E0));
#3965=CARTESIAN_POINT('',(5.083547044476E0,1.856944312267E0,-1.329555882842E0));
#3966=CARTESIAN_POINT('',(4.990953877957E0,1.874296693297E0,-1.359611088419E0));
#3967=CARTESIAN_POINT('',(4.938510472261E0,1.878E0,-1.366025403784E0));
#3968=CARTESIAN_POINT('',(4.91E0,1.878E0,-1.366025403784E0));
#3970=DIRECTION('',(4.472135955E-1,4.472135955E-1,-7.745966692415E-1));
#3971=VECTOR('',#3970,6.988793344039E-1);
#3972=CARTESIAN_POINT('',(5.05E0,1.378E0,-5.E-1));
#3973=LINE('',#3972,#3971);
#3974=DIRECTION('',(0.E0,-2.923717047227E-1,9.563047559630E-1));
#3975=VECTOR('',#3974,2.041553150763E0);
#3976=CARTESIAN_POINT('',(-3.E0,3.8E-2,-6.253659052624E0));
#3977=LINE('',#3976,#3975);
#3978=CARTESIAN_POINT('',(-3.E0,6.556146651024E-1,-3.93E0));
#3979=DIRECTION('',(-1.E0,0.E0,0.E0));
#3980=DIRECTION('',(0.E0,-9.563047559630E-1,-2.923717047227E-1));
#3981=AXIS2_PLACEMENT_3D('',#3978,#3979,#3980);
#3983=CARTESIAN_POINT('',(-3.E0,6.556146651024E-1,-3.93E0));
#3984=DIRECTION('',(1.E0,0.E0,0.E0));
#3985=DIRECTION('',(0.E0,-6.060987881279E-1,7.953893757336E-1));
#3986=AXIS2_PLACEMENT_3D('',#3983,#3984,#3985);
#3988=DIRECTION('',(0.E0,2.923717047227E-1,-9.563047559630E-1));
#3989=VECTOR('',#3988,1.220569143524E0);
#3990=CARTESIAN_POINT('',(-3.E0,-3.188598812240E-1,-4.227926767112E0));
#3991=LINE('',#3990,#3989);
#3992=DIRECTION('',(0.E0,2.923717047227E-1,-9.563047559630E-1));
#3993=VECTOR('',#3992,1.220569143524E0);
#3994=CARTESIAN_POINT('',(-4.E0,-3.188598812240E-1,-4.227926767112E0));
#3995=LINE('',#3994,#3993);
#3996=CARTESIAN_POINT('',(-4.E0,6.556146651024E-1,-3.93E0));
#3997=DIRECTION('',(1.E0,0.E0,0.E0));
#3998=DIRECTION('',(0.E0,-6.060987881279E-1,7.953893757336E-1));
#3999=AXIS2_PLACEMENT_3D('',#3996,#3997,#3998);
#4001=CARTESIAN_POINT('',(-4.E0,6.556146651024E-1,-3.93E0));
#4002=DIRECTION('',(-1.E0,0.E0,0.E0));
#4003=DIRECTION('',(0.E0,-9.563047559630E-1,-2.923717047227E-1));
#4004=AXIS2_PLACEMENT_3D('',#4001,#4002,#4003);
#4006=DIRECTION('',(0.E0,-2.923717047227E-1,9.563047559630E-1));
#4007=VECTOR('',#4006,2.041553150763E0);
#4008=CARTESIAN_POINT('',(-4.E0,3.8E-2,-6.253659052624E0));
#4009=LINE('',#4008,#4007);
#4010=DIRECTION('',(-1.E0,0.E0,0.E0));
#4011=VECTOR('',#4010,1.E0);
#4012=CARTESIAN_POINT('',(-3.E0,-3.188598812240E-1,-4.227926767112E0));
#4013=LINE('',#4012,#4011);
#4014=DIRECTION('',(-1.E0,0.E0,0.E0));
#4015=VECTOR('',#4014,1.E0);
#4016=CARTESIAN_POINT('',(-3.E0,-5.588923749707E-1,-4.301312064998E0));
#4017=LINE('',#4016,#4015);
#4018=DIRECTION('',(0.E0,-2.923717047227E-1,9.563047559630E-1));
#4019=VECTOR('',#4018,2.041553150763E0);
#4020=CARTESIAN_POINT('',(-5.E-1,3.8E-2,-6.253659052624E0));
#4021=LINE('',#4020,#4019);
#4022=CARTESIAN_POINT('',(-5.E-1,6.556146651024E-1,-3.93E0));
#4023=DIRECTION('',(-1.E0,0.E0,0.E0));
#4024=DIRECTION('',(0.E0,-9.563047559630E-1,-2.923717047227E-1));
#4025=AXIS2_PLACEMENT_3D('',#4022,#4023,#4024);
#4027=CARTESIAN_POINT('',(-5.E-1,6.556146651024E-1,-3.93E0));
#4028=DIRECTION('',(1.E0,0.E0,0.E0));
#4029=DIRECTION('',(0.E0,-6.060987881279E-1,7.953893757336E-1));
#4030=AXIS2_PLACEMENT_3D('',#4027,#4028,#4029);
#4032=DIRECTION('',(0.E0,2.923717047227E-1,-9.563047559630E-1));
#4033=VECTOR('',#4032,1.220569143524E0);
#4034=CARTESIAN_POINT('',(-5.E-1,-3.188598812240E-1,-4.227926767112E0));
#4035=LINE('',#4034,#4033);
#4036=DIRECTION('',(0.E0,2.923717047227E-1,-9.563047559630E-1));
#4037=VECTOR('',#4036,1.220569143524E0);
#4038=CARTESIAN_POINT('',(-1.5E0,-3.188598812240E-1,-4.227926767112E0));
#4039=LINE('',#4038,#4037);
#4040=CARTESIAN_POINT('',(-1.5E0,6.556146651024E-1,-3.93E0));
#4041=DIRECTION('',(1.E0,0.E0,0.E0));
#4042=DIRECTION('',(0.E0,-6.060987881279E-1,7.953893757336E-1));
#4043=AXIS2_PLACEMENT_3D('',#4040,#4041,#4042);
#4045=CARTESIAN_POINT('',(-1.5E0,6.556146651024E-1,-3.93E0));
#4046=DIRECTION('',(-1.E0,0.E0,0.E0));
#4047=DIRECTION('',(0.E0,-9.563047559630E-1,-2.923717047227E-1));
#4048=AXIS2_PLACEMENT_3D('',#4045,#4046,#4047);
#4050=DIRECTION('',(0.E0,-2.923717047227E-1,9.563047559630E-1));
#4051=VECTOR('',#4050,2.041553150763E0);
#4052=CARTESIAN_POINT('',(-1.5E0,3.8E-2,-6.253659052624E0));
#4053=LINE('',#4052,#4051);
#4054=DIRECTION('',(-1.E0,0.E0,0.E0));
#4055=VECTOR('',#4054,1.E0);
#4056=CARTESIAN_POINT('',(-5.E-1,-3.188598812240E-1,-4.227926767112E0));
#4057=LINE('',#4056,#4055);
#4058=DIRECTION('',(-1.E0,0.E0,0.E0));
#4059=VECTOR('',#4058,1.E0);
#4060=CARTESIAN_POINT('',(-5.E-1,-5.588923749707E-1,-4.301312064998E0));
#4061=LINE('',#4060,#4059);
#4062=DIRECTION('',(0.E0,-2.923717047227E-1,9.563047559630E-1));
#4063=VECTOR('',#4062,2.041553150763E0);
#4064=CARTESIAN_POINT('',(1.5E0,3.8E-2,-6.253659052624E0));
#4065=LINE('',#4064,#4063);
#4066=CARTESIAN_POINT('',(1.5E0,6.556146651024E-1,-3.93E0));
#4067=DIRECTION('',(-1.E0,0.E0,0.E0));
#4068=DIRECTION('',(0.E0,-9.563047559630E-1,-2.923717047227E-1));
#4069=AXIS2_PLACEMENT_3D('',#4066,#4067,#4068);
#4071=CARTESIAN_POINT('',(1.5E0,6.556146651024E-1,-3.93E0));
#4072=DIRECTION('',(1.E0,0.E0,0.E0));
#4073=DIRECTION('',(0.E0,-6.060987881279E-1,7.953893757336E-1));
#4074=AXIS2_PLACEMENT_3D('',#4071,#4072,#4073);
#4076=DIRECTION('',(0.E0,2.923717047227E-1,-9.563047559630E-1));
#4077=VECTOR('',#4076,1.220569143524E0);
#4078=CARTESIAN_POINT('',(1.5E0,-3.188598812240E-1,-4.227926767112E0));
#4079=LINE('',#4078,#4077);
#4080=DIRECTION('',(0.E0,2.923717047227E-1,-9.563047559630E-1));
#4081=VECTOR('',#4080,1.220569143524E0);
#4082=CARTESIAN_POINT('',(5.E-1,-3.188598812240E-1,-4.227926767112E0));
#4083=LINE('',#4082,#4081);
#4084=CARTESIAN_POINT('',(5.E-1,6.556146651024E-1,-3.93E0));
#4085=DIRECTION('',(1.E0,0.E0,0.E0));
#4086=DIRECTION('',(0.E0,-6.060987881279E-1,7.953893757336E-1));
#4087=AXIS2_PLACEMENT_3D('',#4084,#4085,#4086);
#4089=CARTESIAN_POINT('',(5.E-1,6.556146651024E-1,-3.93E0));
#4090=DIRECTION('',(-1.E0,0.E0,0.E0));
#4091=DIRECTION('',(0.E0,-9.563047559630E-1,-2.923717047227E-1));
#4092=AXIS2_PLACEMENT_3D('',#4089,#4090,#4091);
#4094=DIRECTION('',(0.E0,-2.923717047227E-1,9.563047559630E-1));
#4095=VECTOR('',#4094,2.041553150763E0);
#4096=CARTESIAN_POINT('',(5.E-1,3.8E-2,-6.253659052624E0));
#4097=LINE('',#4096,#4095);
#4098=DIRECTION('',(-1.E0,0.E0,0.E0));
#4099=VECTOR('',#4098,1.E0);
#4100=CARTESIAN_POINT('',(1.5E0,-3.188598812240E-1,-4.227926767112E0));
#4101=LINE('',#4100,#4099);
#4102=DIRECTION('',(-1.E0,0.E0,0.E0));
#4103=VECTOR('',#4102,1.E0);
#4104=CARTESIAN_POINT('',(1.5E0,-5.588923749707E-1,-4.301312064998E0));
#4105=LINE('',#4104,#4103);
#4106=DIRECTION('',(0.E0,-2.923717047227E-1,9.563047559630E-1));
#4107=VECTOR('',#4106,2.041553150763E0);
#4108=CARTESIAN_POINT('',(4.E0,3.8E-2,-6.253659052624E0));
#4109=LINE('',#4108,#4107);
#4110=CARTESIAN_POINT('',(4.E0,6.556146651024E-1,-3.93E0));
#4111=DIRECTION('',(-1.E0,0.E0,0.E0));
#4112=DIRECTION('',(0.E0,-9.563047559630E-1,-2.923717047227E-1));
#4113=AXIS2_PLACEMENT_3D('',#4110,#4111,#4112);
#4115=CARTESIAN_POINT('',(4.E0,6.556146651024E-1,-3.93E0));
#4116=DIRECTION('',(1.E0,0.E0,0.E0));
#4117=DIRECTION('',(0.E0,-6.060987881279E-1,7.953893757336E-1));
#4118=AXIS2_PLACEMENT_3D('',#4115,#4116,#4117);
#4120=DIRECTION('',(0.E0,2.923717047227E-1,-9.563047559630E-1));
#4121=VECTOR('',#4120,1.220569143524E0);
#4122=CARTESIAN_POINT('',(4.E0,-3.188598812240E-1,-4.227926767112E0));
#4123=LINE('',#4122,#4121);
#4124=DIRECTION('',(0.E0,2.923717047227E-1,-9.563047559630E-1));
#4125=VECTOR('',#4124,1.220569143524E0);
#4126=CARTESIAN_POINT('',(3.E0,-3.188598812240E-1,-4.227926767112E0));
#4127=LINE('',#4126,#4125);
#4128=CARTESIAN_POINT('',(3.E0,6.556146651024E-1,-3.93E0));
#4129=DIRECTION('',(1.E0,0.E0,0.E0));
#4130=DIRECTION('',(0.E0,-6.060987881279E-1,7.953893757336E-1));
#4131=AXIS2_PLACEMENT_3D('',#4128,#4129,#4130);
#4133=CARTESIAN_POINT('',(3.E0,6.556146651024E-1,-3.93E0));
#4134=DIRECTION('',(-1.E0,0.E0,0.E0));
#4135=DIRECTION('',(0.E0,-9.563047559630E-1,-2.923717047227E-1));
#4136=AXIS2_PLACEMENT_3D('',#4133,#4134,#4135);
#4138=DIRECTION('',(0.E0,-2.923717047227E-1,9.563047559630E-1));
#4139=VECTOR('',#4138,2.041553150763E0);
#4140=CARTESIAN_POINT('',(3.E0,3.8E-2,-6.253659052624E0));
#4141=LINE('',#4140,#4139);
#4142=DIRECTION('',(-1.E0,0.E0,0.E0));
#4143=VECTOR('',#4142,1.E0);
#4144=CARTESIAN_POINT('',(4.E0,-3.188598812240E-1,-4.227926767112E0));
#4145=LINE('',#4144,#4143);
#4146=DIRECTION('',(-1.E0,0.E0,0.E0));
#4147=VECTOR('',#4146,1.E0);
#4148=CARTESIAN_POINT('',(4.E0,-5.588923749707E-1,-4.301312064998E0));
#4149=LINE('',#4148,#4147);
#4150=DIRECTION('',(0.E0,0.E0,-1.E0));
#4151=VECTOR('',#4150,1.65E-1);
#4152=CARTESIAN_POINT('',(-3.4325E0,-1.7E0,-8.88E0));
#4153=LINE('',#4152,#4151);
#4154=DIRECTION('',(0.E0,0.E0,-1.E0));
#4155=VECTOR('',#4154,1.65E-1);
#4156=CARTESIAN_POINT('',(-3.51625E0,-1.7E0,-8.88E0));
#4157=LINE('',#4156,#4155);
#4158=DIRECTION('',(0.E0,0.E0,-1.E0));
#4159=VECTOR('',#4158,1.65E-1);
#4160=CARTESIAN_POINT('',(-3.51625E0,-1.144042539597E0,-8.88E0));
#4161=LINE('',#4160,#4159);
#4162=DIRECTION('',(0.E0,0.E0,-1.E0));
#4163=VECTOR('',#4162,1.65E-1);
#4164=CARTESIAN_POINT('',(-3.6E0,-1.243829801679E0,-8.88E0));
#4165=LINE('',#4164,#4163);
#4166=DIRECTION('',(0.E0,0.E0,-1.E0));
#4167=VECTOR('',#4166,1.65E-1);
#4168=CARTESIAN_POINT('',(-3.6E0,-1.129787222147E0,-8.88E0));
#4169=LINE('',#4168,#4167);
#4170=DIRECTION('',(0.E0,0.E0,-1.E0));
#4171=VECTOR('',#4170,1.65E-1);
#4172=CARTESIAN_POINT('',(-3.51625E0,-1.03E0,-8.88E0));
#4173=LINE('',#4172,#4171);
#4174=DIRECTION('',(0.E0,0.E0,-1.E0));
#4175=VECTOR('',#4174,1.65E-1);
#4176=CARTESIAN_POINT('',(-3.4325E0,-1.03E0,-8.88E0));
#4177=LINE('',#4176,#4175);
#4178=DIRECTION('',(0.E0,1.E0,0.E0));
#4179=VECTOR('',#4178,6.7E-1);
#4180=CARTESIAN_POINT('',(-3.4325E0,-1.7E0,-9.045E0));
#4181=LINE('',#4180,#4179);
#4182=DIRECTION('',(1.E0,0.E0,0.E0));
#4183=VECTOR('',#4182,8.375E-2);
#4184=CARTESIAN_POINT('',(-3.51625E0,-1.7E0,-9.045E0));
#4185=LINE('',#4184,#4183);
#4186=DIRECTION('',(0.E0,-1.E0,0.E0));
#4187=VECTOR('',#4186,5.559574604034E-1);
#4188=CARTESIAN_POINT('',(-3.51625E0,-1.144042539597E0,-9.045E0));
#4189=LINE('',#4188,#4187);
#4190=DIRECTION('',(6.428711427642E-1,7.659743427825E-1,0.E0));
#4191=VECTOR('',#4190,1.302749406979E-1);
#4192=CARTESIAN_POINT('',(-3.6E0,-1.243829801679E0,-9.045E0));
#4193=LINE('',#4192,#4191);
#4194=DIRECTION('',(0.E0,-1.E0,0.E0));
#4195=VECTOR('',#4194,1.140425795317E-1);
#4196=CARTESIAN_POINT('',(-3.6E0,-1.129787222147E0,-9.045E0));
#4197=LINE('',#4196,#4195);
#4198=DIRECTION('',(-6.428712937139E-1,-7.659742160926E-1,0.E0));
#4199=VECTOR('',#4198,1.302749101086E-1);
#4200=CARTESIAN_POINT('',(-3.51625E0,-1.03E0,-9.045E0));
#4201=LINE('',#4200,#4199);
#4202=DIRECTION('',(-1.E0,0.E0,0.E0));
#4203=VECTOR('',#4202,8.375E-2);
#4204=CARTESIAN_POINT('',(-3.4325E0,-1.03E0,-9.045E0));
#4205=LINE('',#4204,#4203);
#4206=DIRECTION('',(0.E0,0.E0,1.E0));
#4207=VECTOR('',#4206,2.7E0);
#4208=CARTESIAN_POINT('',(6.565E0,-3.65E0,-1.4E1));
#4209=LINE('',#4208,#4207);
#4210=DIRECTION('',(1.E0,0.E0,0.E0));
#4211=VECTOR('',#4210,3.18E-1);
#4212=CARTESIAN_POINT('',(6.247E0,-3.65E0,-1.4E1));
#4213=LINE('',#4212,#4211);
#4214=DIRECTION('',(0.E0,0.E0,-1.E0));
#4215=VECTOR('',#4214,2.7E0);
#4216=CARTESIAN_POINT('',(6.247E0,-3.65E0,-1.13E1));
#4217=LINE('',#4216,#4215);
#4218=DIRECTION('',(1.E0,0.E0,0.E0));
#4219=VECTOR('',#4218,3.18E-1);
#4220=CARTESIAN_POINT('',(6.247E0,-3.65E0,-1.13E1));
#4221=LINE('',#4220,#4219);
#4222=DIRECTION('',(0.E0,0.E0,1.E0));
#4223=VECTOR('',#4222,2.7E0);
#4224=CARTESIAN_POINT('',(-6.247E0,-3.65E0,-1.4E1));
#4225=LINE('',#4224,#4223);
#4226=DIRECTION('',(1.E0,0.E0,0.E0));
#4227=VECTOR('',#4226,3.18E-1);
#4228=CARTESIAN_POINT('',(-6.565E0,-3.65E0,-1.4E1));
#4229=LINE('',#4228,#4227);
#4230=DIRECTION('',(0.E0,0.E0,-1.E0));
#4231=VECTOR('',#4230,2.7E0);
#4232=CARTESIAN_POINT('',(-6.565E0,-3.65E0,-1.13E1));
#4233=LINE('',#4232,#4231);
#4234=DIRECTION('',(1.E0,0.E0,0.E0));
#4235=VECTOR('',#4234,3.18E-1);
#4236=CARTESIAN_POINT('',(-6.565E0,-3.65E0,-1.13E1));
#4237=LINE('',#4236,#4235);
#4238=CARTESIAN_POINT('',(-5.927E0,2.24E0,-1.4E1));
#4239=DIRECTION('',(0.E0,0.E0,-1.E0));
#4240=DIRECTION('',(-1.E0,0.E0,0.E0));
#4241=AXIS2_PLACEMENT_3D('',#4238,#4239,#4240);
#4243=CARTESIAN_POINT('',(-5.927E0,-2.24E0,-1.4E1));
#4244=DIRECTION('',(0.E0,0.E0,-1.E0));
#4245=DIRECTION('',(-3.495297805643E-1,-9.369252544887E-1,0.E0));
#4246=AXIS2_PLACEMENT_3D('',#4243,#4244,#4245);
#4248=DIRECTION('',(0.E0,-1.E0,0.E0));
#4249=VECTOR('',#4248,3.8E-1);
#4250=CARTESIAN_POINT('',(-2.4E0,-3.752E0,-1.4E1));
#4251=LINE('',#4250,#4249);
#4252=DIRECTION('',(0.E0,-1.E0,0.E0));
#4253=VECTOR('',#4252,3.8E-1);
#4254=CARTESIAN_POINT('',(1.75E0,-3.752E0,-1.4E1));
#4255=LINE('',#4254,#4253);
#4256=CARTESIAN_POINT('',(5.927E0,-2.24E0,-1.4E1));
#4257=DIRECTION('',(0.E0,0.E0,-1.E0));
#4258=DIRECTION('',(5.015673981191E-1,-8.651185728812E-1,0.E0));
#4259=AXIS2_PLACEMENT_3D('',#4256,#4257,#4258);
#4261=DIRECTION('',(0.E0,1.E0,0.E0));
#4262=VECTOR('',#4261,5.89E0);
#4263=CARTESIAN_POINT('',(6.565E0,-3.65E0,-1.4E1));
#4264=LINE('',#4263,#4262);
#4265=CARTESIAN_POINT('',(5.927E0,2.24E0,-1.4E1));
#4266=DIRECTION('',(0.E0,0.E0,-1.E0));
#4267=DIRECTION('',(0.E0,1.E0,0.E0));
#4268=AXIS2_PLACEMENT_3D('',#4265,#4266,#4267);
#4270=DIRECTION('',(0.E0,0.E0,1.E0));
#4271=VECTOR('',#4270,2.04E0);
#4272=CARTESIAN_POINT('',(-6.247E0,-3.65E0,-1.13E1));
#4273=LINE('',#4272,#4271);
#4274=DIRECTION('',(0.E0,-1.E0,0.E0));
#4275=VECTOR('',#4274,8.580543505018E-1);
#4276=CARTESIAN_POINT('',(-6.247E0,-2.791945649498E0,-1.4E1));
#4277=LINE('',#4276,#4275);
#4278=CARTESIAN_POINT('',(-6.497451751994E0,-4.338110533266E0,
-1.120873095900E1));
#4279=CARTESIAN_POINT('',(-6.455634849E0,-4.288275088892E0,-1.121534099183E1));
#4280=CARTESIAN_POINT('',(-6.383769199883E0,-4.184386447197E0,
-1.122912048835E1));
#4281=CARTESIAN_POINT('',(-6.306572704435E0,-4.017585617283E0,
-1.125124448013E1));
#4282=CARTESIAN_POINT('',(-6.258645790065E0,-3.840294456289E0,
-1.127475987985E1));
#4283=CARTESIAN_POINT('',(-6.247E0,-3.714822784166E0,-1.129140208868E1));
#4284=CARTESIAN_POINT('',(-6.247E0,-3.65E0,-1.13E1));
#4286=DIRECTION('',(0.E0,0.E0,1.E0));
#4287=VECTOR('',#4286,1.857461918001E0);
#4288=CARTESIAN_POINT('',(-6.497451751994E0,-4.338110533266E0,
-1.120873095900E1));
#4289=LINE('',#4288,#4287);
#4290=CARTESIAN_POINT('',(-6.497451751994E0,-4.338110533266E0,
-9.351269040999E0));
#4291=CARTESIAN_POINT('',(-6.455634849E0,-4.288275088892E0,-9.344659008169E0));
#4292=CARTESIAN_POINT('',(-6.383769199883E0,-4.184386447197E0,
-9.330879511649E0));
#4293=CARTESIAN_POINT('',(-6.306572704435E0,-4.017585617283E0,
-9.308755519866E0));
#4294=CARTESIAN_POINT('',(-6.258645790065E0,-3.840294456289E0,
-9.285240120145E0));
#4295=CARTESIAN_POINT('',(-6.247E0,-3.714822784166E0,-9.268597911323E0));
#4296=CARTESIAN_POINT('',(-6.247E0,-3.65E0,-9.26E0));
#4298=CARTESIAN_POINT('',(-6.697838805585E0,-7.154968782853E0,
-1.083511082293E1));
#4299=CARTESIAN_POINT('',(-6.768821481746E0,-7.234274775662E0,
-1.082459189965E1));
#4300=CARTESIAN_POINT('',(-6.839804157906E0,-7.313580768472E0,
-1.081407297637E1));
#4301=CARTESIAN_POINT('',(-6.910786834066E0,-7.392886761281E0,
-1.080355405308E1));
#4303=CARTESIAN_POINT('',(-6.910786834066E0,-7.392886761281E0,
-1.080355405308E1));
#4304=CARTESIAN_POINT('',(-6.900387168176E0,-7.404039037577E0,
-1.080207484660E1));
#4305=CARTESIAN_POINT('',(-6.879746417075E0,-7.426173533210E0,
-1.079781471761E1));
#4306=CARTESIAN_POINT('',(-6.849094738119E0,-7.459043434631E0,
-1.078746546020E1));
#4307=CARTESIAN_POINT('',(-6.819253401146E0,-7.491044350667E0,
-1.077328847624E1));
#4308=CARTESIAN_POINT('',(-6.790505189792E0,-7.521873032992E0,
-1.075548922685E1));
#4309=CARTESIAN_POINT('',(-6.762768881692E0,-7.551616581930E0,
-1.073400925633E1));
#4310=CARTESIAN_POINT('',(-6.736423745910E0,-7.579868281204E0,
-1.070908385407E1));
#4311=CARTESIAN_POINT('',(-6.711805203043E0,-7.606268436261E0,
-1.068109442400E1));
#4312=CARTESIAN_POINT('',(-6.688874779289E0,-7.630858305202E0,
-1.065002954167E1));
#4313=CARTESIAN_POINT('',(-6.667832713241E0,-7.653423158426E0,
-1.061610063791E1));
#4314=CARTESIAN_POINT('',(-6.648951496388E0,-7.673670784587E0,
-1.057975710847E1));
#4315=CARTESIAN_POINT('',(-6.632344353108E0,-7.691479765403E0,
-1.054130902424E1));
#4316=CARTESIAN_POINT('',(-6.617999847683E0,-7.706862364181E0,
-1.050069998545E1));
#4317=CARTESIAN_POINT('',(-6.606140490955E0,-7.719579967258E0,
-1.045846743178E1));
#4318=CARTESIAN_POINT('',(-6.596875977516E0,-7.729514941584E0,
-1.041516725155E1));
#4319=CARTESIAN_POINT('',(-6.590168201918E0,-7.736708150248E0,
-1.037065289418E1));
#4320=CARTESIAN_POINT('',(-6.586126890393E0,-7.741041926275E0,
-1.032539487496E1));
#4321=CARTESIAN_POINT('',(-6.584786793847E0,-7.742479003879E0,
-1.028000113659E1));
#4322=CARTESIAN_POINT('',(-6.586126767368E0,-7.741042058204E0,
-1.023460702187E1));
#4323=CARTESIAN_POINT('',(-6.590168012970E0,-7.736708352871E0,
-1.018934872317E1));
#4324=CARTESIAN_POINT('',(-6.596875599378E0,-7.729515347087E0,
-1.014483487990E1));
#4325=CARTESIAN_POINT('',(-6.606139976270E0,-7.719580519190E0,
-1.010153460616E1));
#4326=CARTESIAN_POINT('',(-6.617999393769E0,-7.706862850945E0,
-1.005930143927E1));
#4327=CARTESIAN_POINT('',(-6.632343685445E0,-7.691480481384E0,
-1.001869271703E1));
#4328=CARTESIAN_POINT('',(-6.648950601748E0,-7.673671743971E0,
-9.980244766129E0));
#4329=CARTESIAN_POINT('',(-6.667831940548E0,-7.653423987038E0,
-9.943900700838E0));
#4330=CARTESIAN_POINT('',(-6.688873962975E0,-7.630859180591E0,
-9.909971680875E0));
#4331=CARTESIAN_POINT('',(-6.711804046311E0,-7.606269676704E0,
-9.878907024944E0));
#4332=CARTESIAN_POINT('',(-6.736422576187E0,-7.579869535578E0,
-9.850917339981E0));
#4333=CARTESIAN_POINT('',(-6.762767979972E0,-7.551617548906E0,
-9.825991514792E0));
#4334=CARTESIAN_POINT('',(-6.790503934226E0,-7.521874379421E0,
-9.804511670624E0));
#4335=CARTESIAN_POINT('',(-6.819251885851E0,-7.491045975621E0,
-9.786712335038E0));
#4336=CARTESIAN_POINT('',(-6.849093827557E0,-7.459044411090E0,
-9.772534888195E0));
#4337=CARTESIAN_POINT('',(-6.879745671947E0,-7.426174332261E0,
-9.762185471001E0));
#4338=CARTESIAN_POINT('',(-6.900386894753E0,-7.404039330787E0,
-9.757925192292E0));
#4339=CARTESIAN_POINT('',(-6.910786834066E0,-7.392886761281E0,
-9.756445946917E0));
#4341=DIRECTION('',(6.788120578777E-1,-7.279368108555E-1,9.655148616820E-2));
#4342=VECTOR('',#4341,1.606770600157E0);
#4343=CARTESIAN_POINT('',(-8.001482091696E0,-6.223259294827E0,
-1.095869014246E1));
#4344=LINE('',#4343,#4342);
#4345=DIRECTION('',(0.E0,0.E0,1.E0));
#4346=VECTOR('',#4345,1.357380284919E0);
#4347=CARTESIAN_POINT('',(-8.001482091696E0,-6.223259294827E0,
-1.095869014246E1));
#4348=LINE('',#4347,#4346);
#4349=DIRECTION('',(6.788120578777E-1,-7.279368108555E-1,-9.655148616820E-2));
#4350=VECTOR('',#4349,1.606770600157E0);
#4351=CARTESIAN_POINT('',(-8.001482091696E0,-6.223259294827E0,
-9.601309857541E0));
#4352=LINE('',#4351,#4350);
#4353=CARTESIAN_POINT('',(-8.016399110541E0,-5.653601327835E0,
-1.103424796905E1));
#4354=CARTESIAN_POINT('',(-8.036772575406E0,-5.677881477781E0,
-1.103102751842E1));
#4355=CARTESIAN_POINT('',(-8.068531683447E0,-5.726208723122E0,
-1.102461752885E1));
#4356=CARTESIAN_POINT('',(-8.108598208578E0,-5.822255110584E0,
-1.101187820682E1));
#4357=CARTESIAN_POINT('',(-8.124423428827E0,-5.941424785352E0,
-1.099607187716E1));
#4358=CARTESIAN_POINT('',(-8.102398362116E0,-6.059613000771E0,
-1.098039572550E1));
#4359=CARTESIAN_POINT('',(-8.057360936895E0,-6.153452639632E0,
-1.096794910038E1));
#4360=CARTESIAN_POINT('',(-8.023108143172E0,-6.200068193903E0,
-1.096176614470E1));
#4361=CARTESIAN_POINT('',(-8.001482091696E0,-6.223259294827E0,
-1.095869014246E1));
#4363=DIRECTION('',(0.E0,0.E0,1.E0));
#4364=VECTOR('',#4363,1.508495938092E0);
#4365=CARTESIAN_POINT('',(-8.016399110541E0,-5.653601327835E0,
-1.103424796905E1));
#4366=LINE('',#4365,#4364);
#4367=CARTESIAN_POINT('',(-8.016399110541E0,-5.653601327835E0,
-9.525752030954E0));
#4368=CARTESIAN_POINT('',(-8.036772575406E0,-5.677881477781E0,
-9.528972481585E0));
#4369=CARTESIAN_POINT('',(-8.068531683447E0,-5.726208723122E0,
-9.535382471148E0));
#4370=CARTESIAN_POINT('',(-8.108598208578E0,-5.822255110584E0,
-9.548121793177E0));
#4371=CARTESIAN_POINT('',(-8.124423428827E0,-5.941424785352E0,
-9.563928122839E0));
#4372=CARTESIAN_POINT('',(-8.102398362116E0,-6.059613000771E0,
-9.579604274499E0));
#4373=CARTESIAN_POINT('',(-8.057360936895E0,-6.153452639632E0,
-9.592050899616E0));
#4374=CARTESIAN_POINT('',(-8.023108143172E0,-6.200068193903E0,
-9.598233855302E0));
#4375=CARTESIAN_POINT('',(-8.001482091696E0,-6.223259294827E0,
-9.601309857541E0));
#4377=DIRECTION('',(-6.394950842726E-1,-7.621205641282E-1,1.010855228209E-1));
#4378=VECTOR('',#4377,1.994300280018E0);
#4379=CARTESIAN_POINT('',(-6.741053884906E0,-4.133704073386E0,
-1.123584285551E1));
#4380=LINE('',#4379,#4378);
#4381=DIRECTION('',(0.E0,0.E0,1.E0));
#4382=VECTOR('',#4381,1.911685711027E0);
#4383=CARTESIAN_POINT('',(-6.741053884906E0,-4.133704073386E0,
-1.123584285551E1));
#4384=LINE('',#4383,#4382);
#4385=DIRECTION('',(-6.394950842726E-1,-7.621205641282E-1,-1.010855228209E-1));
#4386=VECTOR('',#4385,1.994300280018E0);
#4387=CARTESIAN_POINT('',(-6.741053884906E0,-4.133704073386E0,
-9.324157144486E0));
#4388=LINE('',#4387,#4386);
#4389=CARTESIAN_POINT('',(-6.741053884906E0,-4.133704073386E0,
-1.123584285551E1));
#4390=CARTESIAN_POINT('',(-6.682263893075E0,-4.063640889413E0,
-1.124513583869E1));
#4391=CARTESIAN_POINT('',(-6.596979064987E0,-3.911939812783E0,
-1.126525704177E1));
#4392=CARTESIAN_POINT('',(-6.565E0,-3.741133744459E0,-1.128791227709E1));
#4393=CARTESIAN_POINT('',(-6.565E0,-3.65E0,-1.13E1));
#4395=CARTESIAN_POINT('',(-6.741053884906E0,-4.133704073386E0,
-9.324157144486E0));
#4396=CARTESIAN_POINT('',(-6.682263893075E0,-4.063640889413E0,
-9.314864161308E0));
#4397=CARTESIAN_POINT('',(-6.596979064987E0,-3.911939812783E0,
-9.294742958226E0));
#4398=CARTESIAN_POINT('',(-6.565E0,-3.741133744459E0,-9.272087722913E0));
#4399=CARTESIAN_POINT('',(-6.565E0,-3.65E0,-9.26E0));
#4401=CARTESIAN_POINT('',(-6.697838805585E0,-7.154968782853E0,
-9.724889177070E0));
#4402=CARTESIAN_POINT('',(-6.768821481746E0,-7.234274775662E0,
-9.735408100352E0));
#4403=CARTESIAN_POINT('',(-6.839804157906E0,-7.313580768472E0,
-9.745927023635E0));
#4404=CARTESIAN_POINT('',(-6.910786834066E0,-7.392886761281E0,
-9.756445946917E0));
#4406=DIRECTION('',(-1.E0,0.E0,0.E0));
#4407=VECTOR('',#4406,3.18E-1);
#4408=CARTESIAN_POINT('',(6.565E0,-3.65E0,-9.26E0));
#4409=LINE('',#4408,#4407);
#4410=DIRECTION('',(0.E0,-1.E0,0.E0));
#4411=VECTOR('',#4410,1.41E0);
#4412=CARTESIAN_POINT('',(6.565E0,-2.24E0,-9.26E0));
#4413=LINE('',#4412,#4411);
#4414=DIRECTION('',(1.E0,0.E0,0.E0));
#4415=VECTOR('',#4414,3.18E-1);
#4416=CARTESIAN_POINT('',(-6.565E0,-3.65E0,-9.26E0));
#4417=LINE('',#4416,#4415);
#4418=DIRECTION('',(0.E0,1.E0,0.E0));
#4419=VECTOR('',#4418,1.41E0);
#4420=CARTESIAN_POINT('',(-6.565E0,-3.65E0,-9.26E0));
#4421=LINE('',#4420,#4419);
#4422=DIRECTION('',(0.E0,-1.E0,0.E0));
#4423=VECTOR('',#4422,8.580543505018E-1);
#4424=CARTESIAN_POINT('',(-6.247E0,-2.791945649498E0,-9.26E0));
#4425=LINE('',#4424,#4423);
#4426=CARTESIAN_POINT('',(6.910786834066E0,-7.392886761281E0,
-9.756445946917E0));
#4427=CARTESIAN_POINT('',(6.839804157906E0,-7.313580768472E0,
-9.745927023635E0));
#4428=CARTESIAN_POINT('',(6.768821481746E0,-7.234274775662E0,
-9.735408100352E0));
#4429=CARTESIAN_POINT('',(6.697838805585E0,-7.154968782853E0,
-9.724889177070E0));
#4431=CARTESIAN_POINT('',(6.697838805585E0,-7.154968782853E0,
-1.083511082293E1));
#4432=CARTESIAN_POINT('',(6.687130080560E0,-7.166452484494E0,
-1.083358765712E1));
#4433=CARTESIAN_POINT('',(6.665866957228E0,-7.189254392632E0,
-1.082923839866E1));
#4434=CARTESIAN_POINT('',(6.634275900385E0,-7.223131653508E0,
-1.081875334292E1));
#4435=CARTESIAN_POINT('',(6.603469028018E0,-7.256167979488E0,
-1.080442647495E1));
#4436=CARTESIAN_POINT('',(6.573755400069E0,-7.288031944361E0,
-1.078647121418E1));
#4437=CARTESIAN_POINT('',(6.545033155184E0,-7.318832781058E0,
-1.076482444980E1));
#4438=CARTESIAN_POINT('',(6.517656566174E0,-7.348190578500E0,
-1.073969558716E1));
#4439=CARTESIAN_POINT('',(6.491949884089E0,-7.375757620006E0,
-1.071142497235E1));
#4440=CARTESIAN_POINT('',(6.467968781749E0,-7.401474203787E0,
-1.068012340894E1));
#4441=CARTESIAN_POINT('',(6.445793748617E0,-7.425254015462E0,
-1.064585663617E1));
#4442=CARTESIAN_POINT('',(6.425716195609E0,-7.446784555082E0,
-1.060904083274E1));
#4443=CARTESIAN_POINT('',(6.407927497208E0,-7.465860598639E0,
-1.057012887087E1));
#4444=CARTESIAN_POINT('',(6.392355891369E0,-7.482559101505E0,
-1.052897125096E1));
#4445=CARTESIAN_POINT('',(6.379212230091E0,-7.496653952595E0,
-1.048601762829E1));
#4446=CARTESIAN_POINT('',(6.368636454756E0,-7.507995083148E0,
-1.044181112218E1));
#4447=CARTESIAN_POINT('',(6.360632039859E0,-7.516578767226E0,
-1.039648101876E1));
#4448=CARTESIAN_POINT('',(6.355241419199E0,-7.522359500150E0,
-1.035013958765E1));
#4449=CARTESIAN_POINT('',(6.352550434892E0,-7.525245227520E0,
-1.030335754448E1));
#4450=CARTESIAN_POINT('',(6.352549664323E0,-7.525246053853E0,
-1.025666896753E1));
#4451=CARTESIAN_POINT('',(6.355239182973E0,-7.522361898209E0,
-1.020988614590E1));
#4452=CARTESIAN_POINT('',(6.360628293715E0,-7.516582784474E0,
-1.016354467310E1));
#4453=CARTESIAN_POINT('',(6.368631189937E0,-7.508000728976E0,
-1.011821425458E1));
#4454=CARTESIAN_POINT('',(6.379205568090E0,-7.496661096717E0,
-1.007400682511E1));
#4455=CARTESIAN_POINT('',(6.392347967708E0,-7.482567598592E0,
-1.003105196670E1));
#4456=CARTESIAN_POINT('',(6.407918068168E0,-7.465870710046E0,
-9.989893787352E0));
#4457=CARTESIAN_POINT('',(6.425705433042E0,-7.446796096522E0,
-9.950980675200E0));
#4458=CARTESIAN_POINT('',(6.445782092249E0,-7.425266515386E0,
-9.914162963197E0));
#4459=CARTESIAN_POINT('',(6.467955891916E0,-7.401488026441E0,
-9.879894920307E0));
#4460=CARTESIAN_POINT('',(6.491935808228E0,-7.375772714519E0,
-9.848591907715E0));
#4461=CARTESIAN_POINT('',(6.517641656772E0,-7.348206566876E0,
-9.820319401562E0));
#4462=CARTESIAN_POINT('',(6.545017663465E0,-7.318849393893E0,
-9.795188462410E0));
#4463=CARTESIAN_POINT('',(6.573738939724E0,-7.288049595921E0,
-9.773539978706E0));
#4464=CARTESIAN_POINT('',(6.603451588722E0,-7.256186680843E0,
-9.755582771133E0));
#4465=CARTESIAN_POINT('',(6.634261463671E0,-7.223147134988E0,
-9.741252183848E0));
#4466=CARTESIAN_POINT('',(6.665858076313E0,-7.189263916248E0,
-9.730763681749E0));
#4467=CARTESIAN_POINT('',(6.687126805049E0,-7.166455997049E0,
-9.726412808773E0));
#4468=CARTESIAN_POINT('',(6.697838805585E0,-7.154968782853E0,
-9.724889177070E0));
#4470=DIRECTION('',(-6.788120578777E-1,-7.279368108555E-1,9.655148616820E-2));
#4471=VECTOR('',#4470,1.577863558206E0);
#4472=CARTESIAN_POINT('',(7.768911614581E0,-6.006383816327E0,
-1.098745589445E1));
#4473=LINE('',#4472,#4471);
#4474=DIRECTION('',(0.E0,0.E0,1.E0));
#4475=VECTOR('',#4474,1.414911788891E0);
#4476=CARTESIAN_POINT('',(7.768911614581E0,-6.006383816327E0,
-1.098745589445E1));
#4477=LINE('',#4476,#4475);
#4478=DIRECTION('',(-6.788120578777E-1,-7.279368108555E-1,-9.655148616820E-2));
#4479=VECTOR('',#4478,1.577863558206E0);
#4480=CARTESIAN_POINT('',(7.768911614581E0,-6.006383816327E0,
-9.572544105555E0));
#4481=LINE('',#4480,#4479);
#4482=CARTESIAN_POINT('',(6.910786834066E0,-7.392886761281E0,
-1.080355405308E1));
#4483=CARTESIAN_POINT('',(6.839804157906E0,-7.313580768472E0,
-1.081407297637E1));
#4484=CARTESIAN_POINT('',(6.768821481746E0,-7.234274775662E0,
-1.082459189965E1));
#4485=CARTESIAN_POINT('',(6.697838805585E0,-7.154968782853E0,
-1.083511082293E1));
#4487=CARTESIAN_POINT('',(6.910786834066E0,-7.392886761281E0,
-9.756445946917E0));
#4488=CARTESIAN_POINT('',(6.900387281233E0,-7.404038916338E0,
-9.757925137320E0));
#4489=CARTESIAN_POINT('',(6.879746697016E0,-7.426173233009E0,
-9.762185208724E0));
#4490=CARTESIAN_POINT('',(6.849094956800E0,-7.459043200125E0,
-9.772534450254E0));
#4491=CARTESIAN_POINT('',(6.819253670465E0,-7.491044061858E0,
-9.786711378210E0));
#4492=CARTESIAN_POINT('',(6.790505385638E0,-7.521872822973E0,
-9.804510630561E0));
#4493=CARTESIAN_POINT('',(6.762768918165E0,-7.551616542818E0,
-9.825990702287E0));
#4494=CARTESIAN_POINT('',(6.736423627240E0,-7.579868408462E0,
-9.850916262642E0));
#4495=CARTESIAN_POINT('',(6.711805053744E0,-7.606268596364E0,
-9.878905760619E0));
#4496=CARTESIAN_POINT('',(6.688874612065E0,-7.630858484528E0,
-9.909970699820E0));
#4497=CARTESIAN_POINT('',(6.667832438499E0,-7.653423453051E0,
-9.943899826885E0));
#4498=CARTESIAN_POINT('',(6.648951101782E0,-7.673671207750E0,
-9.980243714223E0));
#4499=CARTESIAN_POINT('',(6.632344041386E0,-7.691480099684E0,
-1.001869178313E1));
#4500=CARTESIAN_POINT('',(6.617999569563E0,-7.706862662429E0,
-1.005930086477E1));
#4501=CARTESIAN_POINT('',(6.606140112504E0,-7.719580373097E0,
-1.010153405901E1));
#4502=CARTESIAN_POINT('',(6.596875692732E0,-7.729515246976E0,
-1.014483434590E1));
#4503=CARTESIAN_POINT('',(6.590168035152E0,-7.736708329083E0,
-1.018934848310E1));
#4504=CARTESIAN_POINT('',(6.586126763339E0,-7.741042062524E0,
-1.023460702907E1));
#4505=CARTESIAN_POINT('',(6.584786792173E0,-7.742479005675E0,
-1.028000127383E1));
#4506=CARTESIAN_POINT('',(6.586126901121E0,-7.741041914771E0,
-1.032539509297E1));
#4507=CARTESIAN_POINT('',(6.590168245874E0,-7.736708103112E0,
-1.037065332064E1));
#4508=CARTESIAN_POINT('',(6.596876115581E0,-7.729514793526E0,
-1.041516803875E1));
#4509=CARTESIAN_POINT('',(6.606140689790E0,-7.719579754033E0,
-1.045846822642E1));
#4510=CARTESIAN_POINT('',(6.618000075118E0,-7.706862120287E0,
-1.050070072115E1));
#4511=CARTESIAN_POINT('',(6.632344785556E0,-7.691479301660E0,
-1.054131015862E1));
#4512=CARTESIAN_POINT('',(6.648952105269E0,-7.673670131642E0,
-1.057975838859E1));
#4513=CARTESIAN_POINT('',(6.667833301047E0,-7.653422528082E0,
-1.061610166679E1));
#4514=CARTESIAN_POINT('',(6.688875519143E0,-7.630857511806E0,
-1.065003065880E1));
#4515=CARTESIAN_POINT('',(6.711806345756E0,-7.606267210851E0,
-1.068109585842E1));
#4516=CARTESIAN_POINT('',(6.736424939907E0,-7.579867000799E0,
-1.070908507708E1));
#4517=CARTESIAN_POINT('',(6.762769917416E0,-7.551615471252E0,
-1.073401015149E1));
#4518=CARTESIAN_POINT('',(6.790506780515E0,-7.521871327151E0,
-1.075549036754E1));
#4519=CARTESIAN_POINT('',(6.819255374516E0,-7.491042234486E0,
-1.077328953436E1));
#4520=CARTESIAN_POINT('',(6.849095968932E0,-7.459042114746E0,
-1.078746593592E1));
#4521=CARTESIAN_POINT('',(6.879747514212E0,-7.426172356673E0,
-1.079781499792E1));
#4522=CARTESIAN_POINT('',(6.900387579653E0,-7.404038596322E0,
-1.080207490513E1));
#4523=CARTESIAN_POINT('',(6.910786834066E0,-7.392886761281E0,
-1.080355405308E1));
#4525=DIRECTION('',(6.788120578777E-1,7.279368108555E-1,9.655148616820E-2));
#4526=VECTOR('',#4525,1.606770600157E0);
#4527=CARTESIAN_POINT('',(6.910786834066E0,-7.392886761281E0,
-9.756445946917E0));
#4528=LINE('',#4527,#4526);
#4529=DIRECTION('',(6.788120578777E-1,7.279368108555E-1,-9.655148616819E-2));
#4530=VECTOR('',#4529,1.606770600157E0);
#4531=CARTESIAN_POINT('',(6.910786834066E0,-7.392886761281E0,
-1.080355405308E1));
#4532=LINE('',#4531,#4530);
#4533=CARTESIAN_POINT('',(8.001482091696E0,-6.223259294827E0,
-9.601309857541E0));
#4534=CARTESIAN_POINT('',(8.023108143172E0,-6.200068193903E0,
-9.598233855302E0));
#4535=CARTESIAN_POINT('',(8.057360936895E0,-6.153452639632E0,
-9.592050899616E0));
#4536=CARTESIAN_POINT('',(8.102398362116E0,-6.059613000771E0,
-9.579604274499E0));
#4537=CARTESIAN_POINT('',(8.124423428827E0,-5.941424785352E0,
-9.563928122839E0));
#4538=CARTESIAN_POINT('',(8.108598208578E0,-5.822255110584E0,
-9.548121793177E0));
#4539=CARTESIAN_POINT('',(8.068531683447E0,-5.726208723122E0,
-9.535382471148E0));
#4540=CARTESIAN_POINT('',(8.036772575406E0,-5.677881477781E0,
-9.528972481585E0));
#4541=CARTESIAN_POINT('',(8.016399110541E0,-5.653601327835E0,
-9.525752030954E0));
#4543=CARTESIAN_POINT('',(8.001482091696E0,-6.223259294827E0,
-1.095869014246E1));
#4544=CARTESIAN_POINT('',(8.023108143172E0,-6.200068193903E0,
-1.096176614470E1));
#4545=CARTESIAN_POINT('',(8.057360936895E0,-6.153452639632E0,
-1.096794910038E1));
#4546=CARTESIAN_POINT('',(8.102398362116E0,-6.059613000771E0,
-1.098039572550E1));
#4547=CARTESIAN_POINT('',(8.124423428827E0,-5.941424785352E0,
-1.099607187716E1));
#4548=CARTESIAN_POINT('',(8.108598208578E0,-5.822255110584E0,
-1.101187820682E1));
#4549=CARTESIAN_POINT('',(8.068531683447E0,-5.726208723122E0,
-1.102461752885E1));
#4550=CARTESIAN_POINT('',(8.036772575406E0,-5.677881477781E0,
-1.103102751842E1));
#4551=CARTESIAN_POINT('',(8.016399110541E0,-5.653601327835E0,
-1.103424796905E1));
#4553=DIRECTION('',(0.E0,0.E0,1.E0));
#4554=VECTOR('',#4553,1.357380284919E0);
#4555=CARTESIAN_POINT('',(8.001482091696E0,-6.223259294827E0,
-1.095869014246E1));
#4556=LINE('',#4555,#4554);
#4557=DIRECTION('',(-6.394950842726E-1,7.621205641282E-1,1.010855228209E-1));
#4558=VECTOR('',#4557,1.994300280018E0);
#4559=CARTESIAN_POINT('',(8.016399110541E0,-5.653601327835E0,
-9.525752030954E0));
#4560=LINE('',#4559,#4558);
#4561=DIRECTION('',(-6.394950842726E-1,7.621205641282E-1,-1.010855228209E-1));
#4562=VECTOR('',#4561,1.994300280018E0);
#4563=CARTESIAN_POINT('',(8.016399110541E0,-5.653601327835E0,
-1.103424796905E1));
#4564=LINE('',#4563,#4562);
#4565=DIRECTION('',(0.E0,0.E0,1.E0));
#4566=VECTOR('',#4565,1.508495938092E0);
#4567=CARTESIAN_POINT('',(8.016399110541E0,-5.653601327835E0,
-1.103424796905E1));
#4568=LINE('',#4567,#4566);
#4569=CARTESIAN_POINT('',(6.565E0,-3.65E0,-9.26E0));
#4570=CARTESIAN_POINT('',(6.565E0,-3.741133744459E0,-9.272087722913E0));
#4571=CARTESIAN_POINT('',(6.596979064987E0,-3.911939812783E0,
-9.294742958226E0));
#4572=CARTESIAN_POINT('',(6.682263893075E0,-4.063640889413E0,
-9.314864161308E0));
#4573=CARTESIAN_POINT('',(6.741053884906E0,-4.133704073386E0,
-9.324157144486E0));
#4575=CARTESIAN_POINT('',(6.565E0,-3.65E0,-1.13E1));
#4576=CARTESIAN_POINT('',(6.565E0,-3.741133744459E0,-1.128791227709E1));
#4577=CARTESIAN_POINT('',(6.596979064987E0,-3.911939812783E0,
-1.126525704177E1));
#4578=CARTESIAN_POINT('',(6.682263893075E0,-4.063640889413E0,
-1.124513583869E1));
#4579=CARTESIAN_POINT('',(6.741053884906E0,-4.133704073386E0,
-1.123584285551E1));
#4581=DIRECTION('',(0.E0,0.E0,1.E0));
#4582=VECTOR('',#4581,1.911685711027E0);
#4583=CARTESIAN_POINT('',(6.741053884906E0,-4.133704073386E0,
-1.123584285551E1));
#4584=LINE('',#4583,#4582);
#4585=CARTESIAN_POINT('',(6.247E0,-3.65E0,-9.26E0));
#4586=CARTESIAN_POINT('',(6.247E0,-3.714822784166E0,-9.268597911323E0));
#4587=CARTESIAN_POINT('',(6.258645790065E0,-3.840294456289E0,
-9.285240120145E0));
#4588=CARTESIAN_POINT('',(6.306572704435E0,-4.017585617283E0,
-9.308755519866E0));
#4589=CARTESIAN_POINT('',(6.383769199883E0,-4.184386447197E0,
-9.330879511649E0));
#4590=CARTESIAN_POINT('',(6.455634849E0,-4.288275088892E0,-9.344659008169E0));
#4591=CARTESIAN_POINT('',(6.497451751994E0,-4.338110533266E0,
-9.351269040999E0));
#4593=CARTESIAN_POINT('',(6.247E0,-3.65E0,-1.13E1));
#4594=CARTESIAN_POINT('',(6.247E0,-3.714822784166E0,-1.129140208868E1));
#4595=CARTESIAN_POINT('',(6.258645790065E0,-3.840294456289E0,
-1.127475987985E1));
#4596=CARTESIAN_POINT('',(6.306572704435E0,-4.017585617283E0,
-1.125124448013E1));
#4597=CARTESIAN_POINT('',(6.383769199883E0,-4.184386447197E0,
-1.122912048835E1));
#4598=CARTESIAN_POINT('',(6.455634849E0,-4.288275088892E0,-1.121534099183E1));
#4599=CARTESIAN_POINT('',(6.497451751994E0,-4.338110533266E0,
-1.120873095900E1));
#4601=DIRECTION('',(6.394950842726E-1,-7.621205641282E-1,-1.010855228209E-1));
#4602=VECTOR('',#4601,1.994300280018E0);
#4603=CARTESIAN_POINT('',(6.497451751994E0,-4.338110533266E0,
-9.351269040999E0));
#4604=LINE('',#4603,#4602);
#4605=DIRECTION('',(6.394950842726E-1,-7.621205641282E-1,1.010855228209E-1));
#4606=VECTOR('',#4605,1.994300280018E0);
#4607=CARTESIAN_POINT('',(6.497451751994E0,-4.338110533266E0,
-1.120873095900E1));
#4608=LINE('',#4607,#4606);
#4609=DIRECTION('',(0.E0,0.E0,1.E0));
#4610=VECTOR('',#4609,1.857461918001E0);
#4611=CARTESIAN_POINT('',(6.497451751994E0,-4.338110533266E0,
-1.120873095900E1));
#4612=LINE('',#4611,#4610);
#4613=CARTESIAN_POINT('',(7.768911614581E0,-6.006383816327E0,
-9.572544105555E0));
#4614=CARTESIAN_POINT('',(7.780177278606E0,-5.994302870730E0,
-9.570941722993E0));
#4615=CARTESIAN_POINT('',(7.793929979345E0,-5.969913349402E0,
-9.567706765650E0));
#4616=CARTESIAN_POINT('',(7.800993198759E0,-5.932977304889E0,
-9.562807672848E0));
#4617=CARTESIAN_POINT('',(7.795868075861E0,-5.895725216206E0,
-9.557866660837E0));
#4618=CARTESIAN_POINT('',(7.783410131419E0,-5.870656051873E0,
-9.554541557563E0));
#4619=CARTESIAN_POINT('',(7.772796977629E0,-5.858007787715E0,
-9.552863927467E0));
#4621=CARTESIAN_POINT('',(7.768911614581E0,-6.006383816327E0,
-1.098745589445E1));
#4622=CARTESIAN_POINT('',(7.780177278606E0,-5.994302870730E0,
-1.098905827701E1));
#4623=CARTESIAN_POINT('',(7.793929979345E0,-5.969913349402E0,
-1.099229323435E1));
#4624=CARTESIAN_POINT('',(7.800993198759E0,-5.932977304889E0,
-1.099719232715E1));
#4625=CARTESIAN_POINT('',(7.795868075861E0,-5.895725216206E0,
-1.100213333916E1));
#4626=CARTESIAN_POINT('',(7.783410131419E0,-5.870656051873E0,
-1.100545844244E1));
#4627=CARTESIAN_POINT('',(7.772796977629E0,-5.858007787715E0,
-1.100713607253E1));
#4629=DIRECTION('',(0.E0,0.E0,1.E0));
#4630=VECTOR('',#4629,1.454272145066E0);
#4631=CARTESIAN_POINT('',(7.772796977629E0,-5.858007787715E0,
-1.100713607253E1));
#4632=LINE('',#4631,#4630);
#4633=DIRECTION('',(0.E0,1.E0,0.E0));
#4634=VECTOR('',#4633,8.580543505018E-1);
#4635=CARTESIAN_POINT('',(6.247E0,-3.65E0,-1.4E1));
#4636=LINE('',#4635,#4634);
#4637=DIRECTION('',(0.E0,-1.E0,0.E0));
#4638=VECTOR('',#4637,8.580543505018E-1);
#4639=CARTESIAN_POINT('',(6.247E0,-2.791945649498E0,-9.26E0));
#4640=LINE('',#4639,#4638);
#4641=DIRECTION('',(0.E0,0.E0,1.E0));
#4642=VECTOR('',#4641,2.04E0);
#4643=CARTESIAN_POINT('',(6.247E0,-3.65E0,-1.13E1));
#4644=LINE('',#4643,#4642);
#4645=DIRECTION('',(0.E0,0.E0,1.E0));
#4646=VECTOR('',#4645,5.12E0);
#4647=CARTESIAN_POINT('',(6.15E0,-2.837758312364E0,-1.4E1));
#4648=LINE('',#4647,#4646);
#4649=CARTESIAN_POINT('',(5.927E0,-2.24E0,-8.88E0));
#4650=DIRECTION('',(0.E0,0.E0,-1.E0));
#4651=DIRECTION('',(3.495297805643E-1,-9.369252544887E-1,0.E0));
#4652=AXIS2_PLACEMENT_3D('',#4649,#4650,#4651);
#4654=CARTESIAN_POINT('',(5.927E0,-2.24E0,-9.26E0));
#4655=DIRECTION('',(0.E0,0.E0,-1.E0));
#4656=DIRECTION('',(1.E0,0.E0,0.E0));
#4657=AXIS2_PLACEMENT_3D('',#4654,#4655,#4656);
#4659=DIRECTION('',(0.E0,0.E0,-1.E0));
#4660=VECTOR('',#4659,4.74E0);
#4661=CARTESIAN_POINT('',(6.247E0,-2.791945649498E0,-9.26E0));
#4662=LINE('',#4661,#4660);
#4663=DIRECTION('',(0.E0,1.E0,0.E0));
#4664=VECTOR('',#4663,9.142416876362E-1);
#4665=CARTESIAN_POINT('',(6.15E0,-3.752E0,-8.88E0));
#4666=LINE('',#4665,#4664);
#4667=DIRECTION('',(0.E0,-1.E0,0.E0));
#4668=VECTOR('',#4667,9.142416876362E-1);
#4669=CARTESIAN_POINT('',(6.15E0,-2.837758312364E0,-1.4E1));
#4670=LINE('',#4669,#4668);
#4671=DIRECTION('',(0.E0,-1.E0,0.E0));
#4672=VECTOR('',#4671,3.8E-1);
#4673=CARTESIAN_POINT('',(5.05E0,-3.752E0,-8.88E0));
#4674=LINE('',#4673,#4672);
#4675=DIRECTION('',(0.E0,-1.E0,0.E0));
#4676=VECTOR('',#4675,3.8E-1);
#4677=CARTESIAN_POINT('',(-4.4E0,-3.752E0,-8.88E0));
#4678=LINE('',#4677,#4676);
#4679=DIRECTION('',(0.E0,1.E0,0.E0));
#4680=VECTOR('',#4679,9.142416876362E-1);
#4681=CARTESIAN_POINT('',(-6.15E0,-3.752E0,-1.4E1));
#4682=LINE('',#4681,#4680);
#4683=DIRECTION('',(0.E0,-1.E0,0.E0));
#4684=VECTOR('',#4683,9.142416876362E-1);
#4685=CARTESIAN_POINT('',(-6.15E0,-2.837758312364E0,-8.88E0));
#4686=LINE('',#4685,#4684);
#4687=CARTESIAN_POINT('',(-5.927E0,-2.24E0,-8.88E0));
#4688=DIRECTION('',(0.E0,0.E0,-1.E0));
#4689=DIRECTION('',(0.E0,-1.E0,0.E0));
#4690=AXIS2_PLACEMENT_3D('',#4687,#4688,#4689);
#4692=DIRECTION('',(0.E0,0.E0,-1.E0));
#4693=VECTOR('',#4692,5.12E0);
#4694=CARTESIAN_POINT('',(-6.15E0,-2.837758312364E0,-8.88E0));
#4695=LINE('',#4694,#4693);
#4696=DIRECTION('',(0.E0,0.E0,1.E0));
#4697=VECTOR('',#4696,4.74E0);
#4698=CARTESIAN_POINT('',(-6.247E0,-2.791945649498E0,-1.4E1));
#4699=LINE('',#4698,#4697);
#4700=CARTESIAN_POINT('',(-5.927E0,-2.24E0,-9.26E0));
#4701=DIRECTION('',(0.E0,0.E0,-1.E0));
#4702=DIRECTION('',(-5.015673981191E-1,-8.651185728812E-1,0.E0));
#4703=AXIS2_PLACEMENT_3D('',#4700,#4701,#4702);
#4705=DIRECTION('',(1.E0,0.E0,0.E0));
#4706=VECTOR('',#4705,3.75E0);
#4707=CARTESIAN_POINT('',(-6.15E0,-3.752E0,-1.4E1));
#4708=LINE('',#4707,#4706);
#4709=DIRECTION('',(0.E0,0.E0,-1.E0));
#4710=VECTOR('',#4709,5.12E0);
#4711=CARTESIAN_POINT('',(-6.15E0,-3.752E0,-8.88E0));
#4712=LINE('',#4711,#4710);
#4713=DIRECTION('',(-1.E0,0.E0,0.E0));
#4714=VECTOR('',#4713,1.1E0);
#4715=CARTESIAN_POINT('',(-5.05E0,-3.752E0,-8.88E0));
#4716=LINE('',#4715,#4714);
#4717=DIRECTION('',(0.E0,0.E0,-1.E0));
#4718=VECTOR('',#4717,3.E0);
#4719=CARTESIAN_POINT('',(-5.05E0,-3.752E0,-8.88E0));
#4720=LINE('',#4719,#4718);
#4721=DIRECTION('',(1.E0,0.E0,0.E0));
#4722=VECTOR('',#4721,6.5E-1);
#4723=CARTESIAN_POINT('',(-5.05E0,-3.752E0,-1.188E1));
#4724=LINE('',#4723,#4722);
#4725=DIRECTION('',(0.E0,0.E0,-1.E0));
#4726=VECTOR('',#4725,3.E0);
#4727=CARTESIAN_POINT('',(-4.4E0,-3.752E0,-8.88E0));
#4728=LINE('',#4727,#4726);
#4729=DIRECTION('',(-1.E0,0.E0,0.E0));
#4730=VECTOR('',#4729,8.8E0);
#4731=CARTESIAN_POINT('',(4.4E0,-3.752E0,-8.88E0));
#4732=LINE('',#4731,#4730);
#4733=DIRECTION('',(0.E0,0.E0,-1.E0));
#4734=VECTOR('',#4733,3.E0);
#4735=CARTESIAN_POINT('',(4.4E0,-3.752E0,-8.88E0));
#4736=LINE('',#4735,#4734);
#4737=DIRECTION('',(1.E0,0.E0,0.E0));
#4738=VECTOR('',#4737,6.5E-1);
#4739=CARTESIAN_POINT('',(4.4E0,-3.752E0,-1.188E1));
#4740=LINE('',#4739,#4738);
#4741=DIRECTION('',(0.E0,0.E0,-1.E0));
#4742=VECTOR('',#4741,3.E0);
#4743=CARTESIAN_POINT('',(5.05E0,-3.752E0,-8.88E0));
#4744=LINE('',#4743,#4742);
#4745=DIRECTION('',(-1.E0,0.E0,0.E0));
#4746=VECTOR('',#4745,1.1E0);
#4747=CARTESIAN_POINT('',(6.15E0,-3.752E0,-8.88E0));
#4748=LINE('',#4747,#4746);
#4749=DIRECTION('',(0.E0,0.E0,1.E0));
#4750=VECTOR('',#4749,5.12E0);
#4751=CARTESIAN_POINT('',(6.15E0,-3.752E0,-1.4E1));
#4752=LINE('',#4751,#4750);
#4753=DIRECTION('',(1.E0,0.E0,0.E0));
#4754=VECTOR('',#4753,3.75E0);
#4755=CARTESIAN_POINT('',(2.4E0,-3.752E0,-1.4E1));
#4756=LINE('',#4755,#4754);
#4757=DIRECTION('',(0.E0,0.E0,1.E0));
#4758=VECTOR('',#4757,2.12E0);
#4759=CARTESIAN_POINT('',(2.4E0,-3.752E0,-1.4E1));
#4760=LINE('',#4759,#4758);
#4761=DIRECTION('',(-1.E0,0.E0,0.E0));
#4762=VECTOR('',#4761,6.5E-1);
#4763=CARTESIAN_POINT('',(2.4E0,-3.752E0,-1.188E1));
#4764=LINE('',#4763,#4762);
#4765=DIRECTION('',(0.E0,0.E0,1.E0));
#4766=VECTOR('',#4765,2.12E0);
#4767=CARTESIAN_POINT('',(1.75E0,-3.752E0,-1.4E1));
#4768=LINE('',#4767,#4766);
#4769=DIRECTION('',(1.E0,0.E0,0.E0));
#4770=VECTOR('',#4769,3.5E0);
#4771=CARTESIAN_POINT('',(-1.75E0,-3.752E0,-1.4E1));
#4772=LINE('',#4771,#4770);
#4773=DIRECTION('',(0.E0,0.E0,1.E0));
#4774=VECTOR('',#4773,2.12E0);
#4775=CARTESIAN_POINT('',(-1.75E0,-3.752E0,-1.4E1));
#4776=LINE('',#4775,#4774);
#4777=DIRECTION('',(-1.E0,0.E0,0.E0));
#4778=VECTOR('',#4777,6.5E-1);
#4779=CARTESIAN_POINT('',(-1.75E0,-3.752E0,-1.188E1));
#4780=LINE('',#4779,#4778);
#4781=DIRECTION('',(0.E0,0.E0,1.E0));
#4782=VECTOR('',#4781,2.12E0);
#4783=CARTESIAN_POINT('',(-2.4E0,-3.752E0,-1.4E1));
#4784=LINE('',#4783,#4782);
#4785=DIRECTION('',(-1.E0,0.E0,0.E0));
#4786=VECTOR('',#4785,6.E-1);
#4787=CARTESIAN_POINT('',(-3.2E0,-3.752E0,-1.267483130500E1));
#4788=LINE('',#4787,#4786);
#4789=DIRECTION('',(0.E0,0.E0,1.E0));
#4790=VECTOR('',#4789,2.674016956626E-1);
#4791=CARTESIAN_POINT('',(-3.8E0,-3.752E0,-1.294223300066E1));
#4792=LINE('',#4791,#4790);
#4793=DIRECTION('',(-1.E0,0.E0,0.E0));
#4794=VECTOR('',#4793,6.E-1);
#4795=CARTESIAN_POINT('',(-3.2E0,-3.752E0,-1.294223300066E1));
#4796=LINE('',#4795,#4794);
#4797=DIRECTION('',(0.E0,0.E0,-1.E0));
#4798=VECTOR('',#4797,2.674016956626E-1);
#4799=CARTESIAN_POINT('',(-3.2E0,-3.752E0,-1.267483130500E1));
#4800=LINE('',#4799,#4798);
#4801=DIRECTION('',(-1.E0,0.E0,0.E0));
#4802=VECTOR('',#4801,6.E-1);
#4803=CARTESIAN_POINT('',(-7.E-1,-3.752E0,-1.267483130500E1));
#4804=LINE('',#4803,#4802);
#4805=DIRECTION('',(0.E0,0.E0,1.E0));
#4806=VECTOR('',#4805,2.674016956626E-1);
#4807=CARTESIAN_POINT('',(-1.3E0,-3.752E0,-1.294223300066E1));
#4808=LINE('',#4807,#4806);
#4809=DIRECTION('',(-1.E0,0.E0,0.E0));
#4810=VECTOR('',#4809,6.E-1);
#4811=CARTESIAN_POINT('',(-7.E-1,-3.752E0,-1.294223300066E1));
#4812=LINE('',#4811,#4810);
#4813=DIRECTION('',(0.E0,0.E0,-1.E0));
#4814=VECTOR('',#4813,2.674016956626E-1);
#4815=CARTESIAN_POINT('',(-7.E-1,-3.752E0,-1.267483130500E1));
#4816=LINE('',#4815,#4814);
#4817=DIRECTION('',(-1.E0,0.E0,0.E0));
#4818=VECTOR('',#4817,6.E-1);
#4819=CARTESIAN_POINT('',(1.3E0,-3.752E0,-1.294223300066E1));
#4820=LINE('',#4819,#4818);
#4821=DIRECTION('',(0.E0,0.E0,-1.E0));
#4822=VECTOR('',#4821,2.674016956626E-1);
#4823=CARTESIAN_POINT('',(1.3E0,-3.752E0,-1.267483130500E1));
#4824=LINE('',#4823,#4822);
#4825=DIRECTION('',(-1.E0,0.E0,0.E0));
#4826=VECTOR('',#4825,6.E-1);
#4827=CARTESIAN_POINT('',(1.3E0,-3.752E0,-1.267483130500E1));
#4828=LINE('',#4827,#4826);
#4829=DIRECTION('',(0.E0,0.E0,1.E0));
#4830=VECTOR('',#4829,2.674016956626E-1);
#4831=CARTESIAN_POINT('',(7.E-1,-3.752E0,-1.294223300066E1));
#4832=LINE('',#4831,#4830);
#4833=DIRECTION('',(-1.E0,0.E0,0.E0));
#4834=VECTOR('',#4833,6.E-1);
#4835=CARTESIAN_POINT('',(3.8E0,-3.752E0,-1.294223300066E1));
#4836=LINE('',#4835,#4834);
#4837=DIRECTION('',(0.E0,0.E0,-1.E0));
#4838=VECTOR('',#4837,2.674016956626E-1);
#4839=CARTESIAN_POINT('',(3.8E0,-3.752E0,-1.267483130500E1));
#4840=LINE('',#4839,#4838);
#4841=DIRECTION('',(-1.E0,0.E0,0.E0));
#4842=VECTOR('',#4841,6.E-1);
#4843=CARTESIAN_POINT('',(3.8E0,-3.752E0,-1.267483130500E1));
#4844=LINE('',#4843,#4842);
#4845=DIRECTION('',(0.E0,0.E0,1.E0));
#4846=VECTOR('',#4845,2.674016956626E-1);
#4847=CARTESIAN_POINT('',(3.2E0,-3.752E0,-1.294223300066E1));
#4848=LINE('',#4847,#4846);
#4849=DIRECTION('',(0.E0,-1.E0,0.E0));
#4850=VECTOR('',#4849,3.8E-1);
#4851=CARTESIAN_POINT('',(-5.05E0,-3.752E0,-8.88E0));
#4852=LINE('',#4851,#4850);
#4853=DIRECTION('',(1.E0,0.E0,0.E0));
#4854=VECTOR('',#4853,6.5E-1);
#4855=CARTESIAN_POINT('',(1.75E0,-4.132E0,-1.4E1));
#4856=LINE('',#4855,#4854);
#4857=DIRECTION('',(0.E0,0.E0,-1.E0));
#4858=VECTOR('',#4857,2.12E0);
#4859=CARTESIAN_POINT('',(1.75E0,-4.132E0,-1.188E1));
#4860=LINE('',#4859,#4858);
#4861=DIRECTION('',(-1.E0,0.E0,0.E0));
#4862=VECTOR('',#4861,6.5E-1);
#4863=CARTESIAN_POINT('',(2.4E0,-4.132E0,-1.188E1));
#4864=LINE('',#4863,#4862);
#4865=DIRECTION('',(0.E0,0.E0,1.E0));
#4866=VECTOR('',#4865,2.12E0);
#4867=CARTESIAN_POINT('',(2.4E0,-4.132E0,-1.4E1));
#4868=LINE('',#4867,#4866);
#4869=DIRECTION('',(-1.E0,0.E0,0.E0));
#4870=VECTOR('',#4869,6.5E-1);
#4871=CARTESIAN_POINT('',(5.05E0,-4.132E0,-8.88E0));
#4872=LINE('',#4871,#4870);
#4873=DIRECTION('',(0.E0,0.E0,1.E0));
#4874=VECTOR('',#4873,3.E0);
#4875=CARTESIAN_POINT('',(5.05E0,-4.132E0,-1.188E1));
#4876=LINE('',#4875,#4874);
#4877=DIRECTION('',(1.E0,0.E0,0.E0));
#4878=VECTOR('',#4877,6.5E-1);
#4879=CARTESIAN_POINT('',(4.4E0,-4.132E0,-1.188E1));
#4880=LINE('',#4879,#4878);
#4881=DIRECTION('',(0.E0,0.E0,-1.E0));
#4882=VECTOR('',#4881,3.E0);
#4883=CARTESIAN_POINT('',(4.4E0,-4.132E0,-8.88E0));
#4884=LINE('',#4883,#4882);
#4885=DIRECTION('',(0.E0,0.E0,1.E0));
#4886=VECTOR('',#4885,2.12E0);
#4887=CARTESIAN_POINT('',(-1.75E0,-4.132E0,-1.4E1));
#4888=LINE('',#4887,#4886);
#4889=DIRECTION('',(1.E0,0.E0,0.E0));
#4890=VECTOR('',#4889,6.5E-1);
#4891=CARTESIAN_POINT('',(-2.4E0,-4.132E0,-1.4E1));
#4892=LINE('',#4891,#4890);
#4893=DIRECTION('',(0.E0,0.E0,-1.E0));
#4894=VECTOR('',#4893,2.12E0);
#4895=CARTESIAN_POINT('',(-2.4E0,-4.132E0,-1.188E1));
#4896=LINE('',#4895,#4894);
#4897=DIRECTION('',(-1.E0,0.E0,0.E0));
#4898=VECTOR('',#4897,6.5E-1);
#4899=CARTESIAN_POINT('',(-1.75E0,-4.132E0,-1.188E1));
#4900=LINE('',#4899,#4898);
#4901=DIRECTION('',(-1.E0,0.E0,0.E0));
#4902=VECTOR('',#4901,6.5E-1);
#4903=CARTESIAN_POINT('',(-4.4E0,-4.132E0,-8.88E0));
#4904=LINE('',#4903,#4902);
#4905=DIRECTION('',(0.E0,0.E0,1.E0));
#4906=VECTOR('',#4905,3.E0);
#4907=CARTESIAN_POINT('',(-4.4E0,-4.132E0,-1.188E1));
#4908=LINE('',#4907,#4906);
#4909=DIRECTION('',(1.E0,0.E0,0.E0));
#4910=VECTOR('',#4909,6.5E-1);
#4911=CARTESIAN_POINT('',(-5.05E0,-4.132E0,-1.188E1));
#4912=LINE('',#4911,#4910);
#4913=DIRECTION('',(0.E0,0.E0,-1.E0));
#4914=VECTOR('',#4913,3.E0);
#4915=CARTESIAN_POINT('',(-5.05E0,-4.132E0,-8.88E0));
#4916=LINE('',#4915,#4914);
#4917=DIRECTION('',(0.E0,-1.E0,0.E0));
#4918=VECTOR('',#4917,3.8E-1);
#4919=CARTESIAN_POINT('',(1.75E0,-3.752E0,-1.188E1));
#4920=LINE('',#4919,#4918);
#4921=DIRECTION('',(0.E0,-1.E0,0.E0));
#4922=VECTOR('',#4921,3.8E-1);
#4923=CARTESIAN_POINT('',(2.4E0,-3.752E0,-1.188E1));
#4924=LINE('',#4923,#4922);
#4925=DIRECTION('',(0.E0,-1.E0,0.E0));
#4926=VECTOR('',#4925,3.8E-1);
#4927=CARTESIAN_POINT('',(2.4E0,-3.752E0,-1.4E1));
#4928=LINE('',#4927,#4926);
#4929=DIRECTION('',(0.E0,-1.E0,0.E0));
#4930=VECTOR('',#4929,3.8E-1);
#4931=CARTESIAN_POINT('',(5.05E0,-3.752E0,-1.188E1));
#4932=LINE('',#4931,#4930);
#4933=DIRECTION('',(0.E0,-1.E0,0.E0));
#4934=VECTOR('',#4933,3.8E-1);
#4935=CARTESIAN_POINT('',(4.4E0,-3.752E0,-1.188E1));
#4936=LINE('',#4935,#4934);
#4937=DIRECTION('',(0.E0,-1.E0,0.E0));
#4938=VECTOR('',#4937,3.8E-1);
#4939=CARTESIAN_POINT('',(4.4E0,-3.752E0,-8.88E0));
#4940=LINE('',#4939,#4938);
#4941=DIRECTION('',(0.E0,-1.E0,0.E0));
#4942=VECTOR('',#4941,3.8E-1);
#4943=CARTESIAN_POINT('',(-1.75E0,-3.752E0,-1.4E1));
#4944=LINE('',#4943,#4942);
#4945=DIRECTION('',(0.E0,-1.E0,0.E0));
#4946=VECTOR('',#4945,3.8E-1);
#4947=CARTESIAN_POINT('',(-1.75E0,-3.752E0,-1.188E1));
#4948=LINE('',#4947,#4946);
#4949=DIRECTION('',(0.E0,-1.E0,0.E0));
#4950=VECTOR('',#4949,3.8E-1);
#4951=CARTESIAN_POINT('',(-2.4E0,-3.752E0,-1.188E1));
#4952=LINE('',#4951,#4950);
#4953=DIRECTION('',(0.E0,-1.E0,0.E0));
#4954=VECTOR('',#4953,3.8E-1);
#4955=CARTESIAN_POINT('',(-4.4E0,-3.752E0,-1.188E1));
#4956=LINE('',#4955,#4954);
#4957=DIRECTION('',(0.E0,-1.E0,0.E0));
#4958=VECTOR('',#4957,3.8E-1);
#4959=CARTESIAN_POINT('',(-5.05E0,-3.752E0,-1.188E1));
#4960=LINE('',#4959,#4958);
#4961=CARTESIAN_POINT('',(-3.2E0,-3.631E0,-1.3161E1));
#4962=DIRECTION('',(-1.E0,0.E0,0.E0));
#4963=DIRECTION('',(0.E0,-1.E0,0.E0));
#4964=AXIS2_PLACEMENT_3D('',#4961,#4962,#4963);
#4966=DIRECTION('',(-1.E0,0.E0,0.E0));
#4967=VECTOR('',#4966,6.E-1);
#4968=CARTESIAN_POINT('',(-3.2E0,-4.132E0,-1.3161E1));
#4969=LINE('',#4968,#4967);
#4970=CARTESIAN_POINT('',(-3.8E0,-3.631E0,-1.3161E1));
#4971=DIRECTION('',(-1.E0,0.E0,0.E0));
#4972=DIRECTION('',(0.E0,-1.E0,0.E0));
#4973=AXIS2_PLACEMENT_3D('',#4970,#4971,#4972);
#4975=CARTESIAN_POINT('',(-3.2E0,-3.631E0,-1.3161E1));
#4976=DIRECTION('',(-1.E0,0.E0,0.E0));
#4977=DIRECTION('',(0.E0,-1.E0,-3.552713678800E-14));
#4978=AXIS2_PLACEMENT_3D('',#4975,#4976,#4977);
#4980=CARTESIAN_POINT('',(-3.8E0,-3.631E0,-1.3161E1));
#4981=DIRECTION('',(-1.E0,0.E0,0.E0));
#4982=DIRECTION('',(0.E0,-1.E0,-3.552713678800E-14));
#4983=AXIS2_PLACEMENT_3D('',#4980,#4981,#4982);
#4985=DIRECTION('',(0.E0,0.E0,1.E0));
#4986=VECTOR('',#4985,1.999E0);
#4987=CARTESIAN_POINT('',(-3.2E0,-4.132E0,-1.516E1));
#4988=LINE('',#4987,#4986);
#4989=DIRECTION('',(-1.E0,0.E0,0.E0));
#4990=VECTOR('',#4989,6.E-1);
#4991=CARTESIAN_POINT('',(-3.2E0,-4.132E0,-1.516E1));
#4992=LINE('',#4991,#4990);
#4993=DIRECTION('',(0.E0,0.E0,1.E0));
#4994=VECTOR('',#4993,1.999E0);
#4995=CARTESIAN_POINT('',(-3.8E0,-4.132E0,-1.516E1));
#4996=LINE('',#4995,#4994);
#4997=DIRECTION('',(0.E0,-1.E0,0.E0));
#4998=VECTOR('',#4997,2.51E-1);
#4999=CARTESIAN_POINT('',(-3.2E0,-3.881E0,-1.516E1));
#5000=LINE('',#4999,#4998);
#5001=DIRECTION('',(-1.E0,0.E0,0.E0));
#5002=VECTOR('',#5001,6.E-1);
#5003=CARTESIAN_POINT('',(-3.2E0,-3.881E0,-1.516E1));
#5004=LINE('',#5003,#5002);
#5005=DIRECTION('',(0.E0,-1.E0,0.E0));
#5006=VECTOR('',#5005,2.51E-1);
#5007=CARTESIAN_POINT('',(-3.8E0,-3.881E0,-1.516E1));
#5008=LINE('',#5007,#5006);
#5009=DIRECTION('',(0.E0,0.E0,-1.E0));
#5010=VECTOR('',#5009,1.999E0);
#5011=CARTESIAN_POINT('',(-3.2E0,-3.881E0,-1.3161E1));
#5012=LINE('',#5011,#5010);
#5013=DIRECTION('',(-1.E0,0.E0,0.E0));
#5014=VECTOR('',#5013,6.E-1);
#5015=CARTESIAN_POINT('',(-3.2E0,-3.881E0,-1.3161E1));
#5016=LINE('',#5015,#5014);
#5017=DIRECTION('',(0.E0,0.E0,-1.E0));
#5018=VECTOR('',#5017,1.999E0);
#5019=CARTESIAN_POINT('',(-3.8E0,-3.881E0,-1.3161E1));
#5020=LINE('',#5019,#5018);
#5021=CARTESIAN_POINT('',(-7.E-1,-3.631E0,-1.3161E1));
#5022=DIRECTION('',(-1.E0,0.E0,0.E0));
#5023=DIRECTION('',(0.E0,-1.E0,0.E0));
#5024=AXIS2_PLACEMENT_3D('',#5021,#5022,#5023);
#5026=DIRECTION('',(-1.E0,0.E0,0.E0));
#5027=VECTOR('',#5026,6.E-1);
#5028=CARTESIAN_POINT('',(-7.E-1,-4.132E0,-1.3161E1));
#5029=LINE('',#5028,#5027);
#5030=CARTESIAN_POINT('',(-1.3E0,-3.631E0,-1.3161E1));
#5031=DIRECTION('',(-1.E0,0.E0,0.E0));
#5032=DIRECTION('',(0.E0,-1.E0,0.E0));
#5033=AXIS2_PLACEMENT_3D('',#5030,#5031,#5032);
#5035=CARTESIAN_POINT('',(-7.E-1,-3.631E0,-1.3161E1));
#5036=DIRECTION('',(-1.E0,0.E0,0.E0));
#5037=DIRECTION('',(0.E0,-1.E0,-3.552713678800E-14));
#5038=AXIS2_PLACEMENT_3D('',#5035,#5036,#5037);
#5040=CARTESIAN_POINT('',(-1.3E0,-3.631E0,-1.3161E1));
#5041=DIRECTION('',(-1.E0,0.E0,0.E0));
#5042=DIRECTION('',(0.E0,-1.E0,-3.552713678800E-14));
#5043=AXIS2_PLACEMENT_3D('',#5040,#5041,#5042);
#5045=DIRECTION('',(0.E0,0.E0,1.E0));
#5046=VECTOR('',#5045,1.999E0);
#5047=CARTESIAN_POINT('',(-7.E-1,-4.132E0,-1.516E1));
#5048=LINE('',#5047,#5046);
#5049=DIRECTION('',(-1.E0,0.E0,0.E0));
#5050=VECTOR('',#5049,6.E-1);
#5051=CARTESIAN_POINT('',(-7.E-1,-4.132E0,-1.516E1));
#5052=LINE('',#5051,#5050);
#5053=DIRECTION('',(0.E0,0.E0,1.E0));
#5054=VECTOR('',#5053,1.999E0);
#5055=CARTESIAN_POINT('',(-1.3E0,-4.132E0,-1.516E1));
#5056=LINE('',#5055,#5054);
#5057=DIRECTION('',(0.E0,-1.E0,0.E0));
#5058=VECTOR('',#5057,2.51E-1);
#5059=CARTESIAN_POINT('',(-7.E-1,-3.881E0,-1.516E1));
#5060=LINE('',#5059,#5058);
#5061=DIRECTION('',(-1.E0,0.E0,0.E0));
#5062=VECTOR('',#5061,6.E-1);
#5063=CARTESIAN_POINT('',(-7.E-1,-3.881E0,-1.516E1));
#5064=LINE('',#5063,#5062);
#5065=DIRECTION('',(0.E0,-1.E0,0.E0));
#5066=VECTOR('',#5065,2.51E-1);
#5067=CARTESIAN_POINT('',(-1.3E0,-3.881E0,-1.516E1));
#5068=LINE('',#5067,#5066);
#5069=DIRECTION('',(0.E0,0.E0,-1.E0));
#5070=VECTOR('',#5069,1.999E0);
#5071=CARTESIAN_POINT('',(-7.E-1,-3.881E0,-1.3161E1));
#5072=LINE('',#5071,#5070);
#5073=DIRECTION('',(-1.E0,0.E0,0.E0));
#5074=VECTOR('',#5073,6.E-1);
#5075=CARTESIAN_POINT('',(-7.E-1,-3.881E0,-1.3161E1));
#5076=LINE('',#5075,#5074);
#5077=DIRECTION('',(0.E0,0.E0,-1.E0));
#5078=VECTOR('',#5077,1.999E0);
#5079=CARTESIAN_POINT('',(-1.3E0,-3.881E0,-1.3161E1));
#5080=LINE('',#5079,#5078);
#5081=CARTESIAN_POINT('',(7.E-1,-3.631E0,-1.3161E1));
#5082=DIRECTION('',(-1.E0,0.E0,0.E0));
#5083=DIRECTION('',(0.E0,-1.E0,-3.552713678800E-14));
#5084=AXIS2_PLACEMENT_3D('',#5081,#5082,#5083);
#5086=CARTESIAN_POINT('',(1.3E0,-3.631E0,-1.3161E1));
#5087=DIRECTION('',(-1.E0,0.E0,0.E0));
#5088=DIRECTION('',(0.E0,-1.E0,-3.552713678800E-14));
#5089=AXIS2_PLACEMENT_3D('',#5086,#5087,#5088);
#5091=CARTESIAN_POINT('',(7.E-1,-3.631E0,-1.3161E1));
#5092=DIRECTION('',(-1.E0,0.E0,0.E0));
#5093=DIRECTION('',(0.E0,-1.E0,0.E0));
#5094=AXIS2_PLACEMENT_3D('',#5091,#5092,#5093);
#5096=CARTESIAN_POINT('',(1.3E0,-3.631E0,-1.3161E1));
#5097=DIRECTION('',(-1.E0,0.E0,0.E0));
#5098=DIRECTION('',(0.E0,-1.E0,0.E0));
#5099=AXIS2_PLACEMENT_3D('',#5096,#5097,#5098);
#5101=DIRECTION('',(-1.E0,0.E0,0.E0));
#5102=VECTOR('',#5101,6.E-1);
#5103=CARTESIAN_POINT('',(1.3E0,-4.132E0,-1.3161E1));
#5104=LINE('',#5103,#5102);
#5105=DIRECTION('',(0.E0,0.E0,-1.E0));
#5106=VECTOR('',#5105,1.999E0);
#5107=CARTESIAN_POINT('',(7.E-1,-3.881E0,-1.3161E1));
#5108=LINE('',#5107,#5106);
#5109=DIRECTION('',(0.E0,0.E0,-1.E0));
#5110=VECTOR('',#5109,1.999E0);
#5111=CARTESIAN_POINT('',(1.3E0,-3.881E0,-1.3161E1));
#5112=LINE('',#5111,#5110);
#5113=DIRECTION('',(-1.E0,0.E0,0.E0));
#5114=VECTOR('',#5113,6.E-1);
#5115=CARTESIAN_POINT('',(1.3E0,-3.881E0,-1.3161E1));
#5116=LINE('',#5115,#5114);
#5117=DIRECTION('',(0.E0,-1.E0,0.E0));
#5118=VECTOR('',#5117,2.51E-1);
#5119=CARTESIAN_POINT('',(7.E-1,-3.881E0,-1.516E1));
#5120=LINE('',#5119,#5118);
#5121=DIRECTION('',(0.E0,-1.E0,0.E0));
#5122=VECTOR('',#5121,2.51E-1);
#5123=CARTESIAN_POINT('',(1.3E0,-3.881E0,-1.516E1));
#5124=LINE('',#5123,#5122);
#5125=DIRECTION('',(-1.E0,0.E0,0.E0));
#5126=VECTOR('',#5125,6.E-1);
#5127=CARTESIAN_POINT('',(1.3E0,-3.881E0,-1.516E1));
#5128=LINE('',#5127,#5126);
#5129=DIRECTION('',(0.E0,0.E0,1.E0));
#5130=VECTOR('',#5129,1.999E0);
#5131=CARTESIAN_POINT('',(7.E-1,-4.132E0,-1.516E1));
#5132=LINE('',#5131,#5130);
#5133=DIRECTION('',(0.E0,0.E0,1.E0));
#5134=VECTOR('',#5133,1.999E0);
#5135=CARTESIAN_POINT('',(1.3E0,-4.132E0,-1.516E1));
#5136=LINE('',#5135,#5134);
#5137=DIRECTION('',(-1.E0,0.E0,0.E0));
#5138=VECTOR('',#5137,6.E-1);
#5139=CARTESIAN_POINT('',(1.3E0,-4.132E0,-1.516E1));
#5140=LINE('',#5139,#5138);
#5141=CARTESIAN_POINT('',(3.2E0,-3.631E0,-1.3161E1));
#5142=DIRECTION('',(-1.E0,0.E0,0.E0));
#5143=DIRECTION('',(0.E0,-1.E0,-3.552713678800E-14));
#5144=AXIS2_PLACEMENT_3D('',#5141,#5142,#5143);
#5146=CARTESIAN_POINT('',(3.8E0,-3.631E0,-1.3161E1));
#5147=DIRECTION('',(-1.E0,0.E0,0.E0));
#5148=DIRECTION('',(0.E0,-1.E0,-3.552713678800E-14));
#5149=AXIS2_PLACEMENT_3D('',#5146,#5147,#5148);
#5151=CARTESIAN_POINT('',(3.2E0,-3.631E0,-1.3161E1));
#5152=DIRECTION('',(-1.E0,0.E0,0.E0));
#5153=DIRECTION('',(0.E0,-1.E0,0.E0));
#5154=AXIS2_PLACEMENT_3D('',#5151,#5152,#5153);
#5156=CARTESIAN_POINT('',(3.8E0,-3.631E0,-1.3161E1));
#5157=DIRECTION('',(-1.E0,0.E0,0.E0));
#5158=DIRECTION('',(0.E0,-1.E0,0.E0));
#5159=AXIS2_PLACEMENT_3D('',#5156,#5157,#5158);
#5161=DIRECTION('',(-1.E0,0.E0,0.E0));
#5162=VECTOR('',#5161,6.E-1);
#5163=CARTESIAN_POINT('',(3.8E0,-4.132E0,-1.3161E1));
#5164=LINE('',#5163,#5162);
#5165=DIRECTION('',(0.E0,0.E0,-1.E0));
#5166=VECTOR('',#5165,1.999E0);
#5167=CARTESIAN_POINT('',(3.2E0,-3.881E0,-1.3161E1));
#5168=LINE('',#5167,#5166);
#5169=DIRECTION('',(0.E0,0.E0,-1.E0));
#5170=VECTOR('',#5169,1.999E0);
#5171=CARTESIAN_POINT('',(3.8E0,-3.881E0,-1.3161E1));
#5172=LINE('',#5171,#5170);
#5173=DIRECTION('',(-1.E0,0.E0,0.E0));
#5174=VECTOR('',#5173,6.E-1);
#5175=CARTESIAN_POINT('',(3.8E0,-3.881E0,-1.3161E1));
#5176=LINE('',#5175,#5174);
#5177=DIRECTION('',(0.E0,-1.E0,0.E0));
#5178=VECTOR('',#5177,2.51E-1);
#5179=CARTESIAN_POINT('',(3.2E0,-3.881E0,-1.516E1));
#5180=LINE('',#5179,#5178);
#5181=DIRECTION('',(0.E0,-1.E0,0.E0));
#5182=VECTOR('',#5181,2.51E-1);
#5183=CARTESIAN_POINT('',(3.8E0,-3.881E0,-1.516E1));
#5184=LINE('',#5183,#5182);
#5185=DIRECTION('',(-1.E0,0.E0,0.E0));
#5186=VECTOR('',#5185,6.E-1);
#5187=CARTESIAN_POINT('',(3.8E0,-3.881E0,-1.516E1));
#5188=LINE('',#5187,#5186);
#5189=DIRECTION('',(0.E0,0.E0,1.E0));
#5190=VECTOR('',#5189,1.999E0);
#5191=CARTESIAN_POINT('',(3.2E0,-4.132E0,-1.516E1));
#5192=LINE('',#5191,#5190);
#5193=DIRECTION('',(0.E0,0.E0,1.E0));
#5194=VECTOR('',#5193,1.999E0);
#5195=CARTESIAN_POINT('',(3.8E0,-4.132E0,-1.516E1));
#5196=LINE('',#5195,#5194);
#5197=DIRECTION('',(-1.E0,0.E0,0.E0));
#5198=VECTOR('',#5197,6.E-1);
#5199=CARTESIAN_POINT('',(3.8E0,-4.132E0,-1.516E1));
#5200=LINE('',#5199,#5198);
#5201=DIRECTION('',(6.394950842726E-1,7.621205641282E-1,-1.010855228209E-1));
#5202=VECTOR('',#5201,1.994300280018E0);
#5203=CARTESIAN_POINT('',(-7.772796977629E0,-5.858007787715E0,
-1.100713607253E1));
#5204=LINE('',#5203,#5202);
#5205=DIRECTION('',(0.E0,0.E0,1.E0));
#5206=VECTOR('',#5205,1.454272145066E0);
#5207=CARTESIAN_POINT('',(-7.772796977629E0,-5.858007787715E0,
-1.100713607253E1));
#5208=LINE('',#5207,#5206);
#5209=DIRECTION('',(6.394950842726E-1,7.621205641282E-1,1.010855228209E-1));
#5210=VECTOR('',#5209,1.994300280018E0);
#5211=CARTESIAN_POINT('',(-7.772796977629E0,-5.858007787715E0,
-9.552863927467E0));
#5212=LINE('',#5211,#5210);
#5213=CARTESIAN_POINT('',(-7.772796977629E0,-5.858007787715E0,
-1.100713607253E1));
#5214=CARTESIAN_POINT('',(-7.783410131419E0,-5.870656051873E0,
-1.100545844244E1));
#5215=CARTESIAN_POINT('',(-7.795868075861E0,-5.895725216206E0,
-1.100213333916E1));
#5216=CARTESIAN_POINT('',(-7.800993198759E0,-5.932977304889E0,
-1.099719232715E1));
#5217=CARTESIAN_POINT('',(-7.793929979345E0,-5.969913349402E0,
-1.099229323435E1));
#5218=CARTESIAN_POINT('',(-7.780177278606E0,-5.994302870730E0,
-1.098905827701E1));
#5219=CARTESIAN_POINT('',(-7.768911614581E0,-6.006383816327E0,
-1.098745589445E1));
#5221=DIRECTION('',(0.E0,0.E0,1.E0));
#5222=VECTOR('',#5221,1.414911788891E0);
#5223=CARTESIAN_POINT('',(-7.768911614581E0,-6.006383816327E0,
-1.098745589445E1));
#5224=LINE('',#5223,#5222);
#5225=CARTESIAN_POINT('',(-7.772796977629E0,-5.858007787715E0,
-9.552863927467E0));
#5226=CARTESIAN_POINT('',(-7.783410131419E0,-5.870656051873E0,
-9.554541557563E0));
#5227=CARTESIAN_POINT('',(-7.795868075861E0,-5.895725216206E0,
-9.557866660837E0));
#5228=CARTESIAN_POINT('',(-7.800993198759E0,-5.932977304889E0,
-9.562807672848E0));
#5229=CARTESIAN_POINT('',(-7.793929979345E0,-5.969913349402E0,
-9.567706765650E0));
#5230=CARTESIAN_POINT('',(-7.780177278606E0,-5.994302870730E0,
-9.570941722993E0));
#5231=CARTESIAN_POINT('',(-7.768911614581E0,-6.006383816327E0,
-9.572544105555E0));
#5233=CARTESIAN_POINT('',(-6.697838805585E0,-7.154968782853E0,
-9.724889177070E0));
#5234=CARTESIAN_POINT('',(-6.687129395490E0,-7.166453219141E0,
-9.726412440319E0));
#5235=CARTESIAN_POINT('',(-6.665865101918E0,-7.189256382209E0,
-9.730762069159E0));
#5236=CARTESIAN_POINT('',(-6.634273770977E0,-7.223133937018E0,
-9.741247458065E0));
#5237=CARTESIAN_POINT('',(-6.603465378188E0,-7.256171893451E0,
-9.755575429835E0));
#5238=CARTESIAN_POINT('',(-6.573752274788E0,-7.288035295815E0,
-9.773530958179E0));
#5239=CARTESIAN_POINT('',(-6.545031015209E0,-7.318835075900E0,
-9.795177349596E0));
#5240=CARTESIAN_POINT('',(-6.517654179045E0,-7.348193138381E0,
-9.820306776820E0));
#5241=CARTESIAN_POINT('',(-6.491947305507E0,-7.375760385196E0,
-9.848578125485E0));
#5242=CARTESIAN_POINT('',(-6.467966875701E0,-7.401476247774E0,
-9.879879349300E0));
#5243=CARTESIAN_POINT('',(-6.445792312441E0,-7.425255555572E0,
-9.914145766084E0));
#5244=CARTESIAN_POINT('',(-6.425714493691E0,-7.446786380165E0,
-9.950962534188E0));
#5245=CARTESIAN_POINT('',(-6.407926086449E0,-7.465862111493E0,
-9.989874570263E0));
#5246=CARTESIAN_POINT('',(-6.392355022850E0,-7.482560032878E0,
-1.003103132797E1));
#5247=CARTESIAN_POINT('',(-6.379211419693E0,-7.496654821641E0,
-1.007398529749E1));
#5248=CARTESIAN_POINT('',(-6.368635743608E0,-7.507995845762E0,
-1.011819231394E1));
#5249=CARTESIAN_POINT('',(-6.360631632992E0,-7.516579203538E0,
-1.016352188503E1));
#5250=CARTESIAN_POINT('',(-6.355241215176E0,-7.522359718937E0,
-1.020986275957E1));
#5251=CARTESIAN_POINT('',(-6.352550343120E0,-7.525245325933E0,
-1.025664531187E1));
#5252=CARTESIAN_POINT('',(-6.352549757711E0,-7.525245953707E0,
-1.030333387886E1));
#5253=CARTESIAN_POINT('',(-6.355239368097E0,-7.522361699687E0,
-1.035011587131E1));
#5254=CARTESIAN_POINT('',(-6.360628581312E0,-7.516582476063E0,
-1.039645733837E1));
#5255=CARTESIAN_POINT('',(-6.368631643735E0,-7.508000242337E0,
-1.044178792859E1));
#5256=CARTESIAN_POINT('',(-6.379206063998E0,-7.496660564920E0,
-1.048599495574E1));
#5257=CARTESIAN_POINT('',(-6.392348419228E0,-7.482567114396E0,
-1.052894934493E1));
#5258=CARTESIAN_POINT('',(-6.407918626125E0,-7.465870111711E0,
-1.057010756358E1));
#5259=CARTESIAN_POINT('',(-6.425706089823E0,-7.446795392210E0,
-1.060902062572E1));
#5260=CARTESIAN_POINT('',(-6.445782616427E0,-7.425265953274E0,
-1.064583790211E1));
#5261=CARTESIAN_POINT('',(-6.467956384896E0,-7.401487497785E0,
-1.068010577963E1));
#5262=CARTESIAN_POINT('',(-6.491936338157E0,-7.375772146240E0,
-1.071140872604E1));
#5263=CARTESIAN_POINT('',(-6.517642153009E0,-7.348206034726E0,
-1.073968109122E1));
#5264=CARTESIAN_POINT('',(-6.545018046163E0,-7.318848983499E0,
-1.076481184802E1));
#5265=CARTESIAN_POINT('',(-6.573739191820E0,-7.288049325580E0,
-1.078646018737E1));
#5266=CARTESIAN_POINT('',(-6.603451826004E0,-7.256186426390E0,
-1.080441735761E1));
#5267=CARTESIAN_POINT('',(-6.634261710893E0,-7.223146869875E0,
-1.081874790799E1));
#5268=CARTESIAN_POINT('',(-6.665858082147E0,-7.189263909992E0,
-1.082923631218E1));
#5269=CARTESIAN_POINT('',(-6.687126799265E0,-7.166456003252E0,
-1.083358719040E1));
#5270=CARTESIAN_POINT('',(-6.697838805585E0,-7.154968782853E0,
-1.083511082293E1));
#5272=DIRECTION('',(-6.788120578777E-1,7.279368108555E-1,9.655148616819E-2));
#5273=VECTOR('',#5272,1.577863558206E0);
#5274=CARTESIAN_POINT('',(-6.697838805585E0,-7.154968782853E0,
-9.724889177070E0));
#5275=LINE('',#5274,#5273);
#5276=DIRECTION('',(-6.788120578777E-1,7.279368108555E-1,-9.655148616819E-2));
#5277=VECTOR('',#5276,1.577863558206E0);
#5278=CARTESIAN_POINT('',(-6.697838805585E0,-7.154968782853E0,
-1.083511082293E1));
#5279=LINE('',#5278,#5277);
#5280=DIRECTION('',(0.E0,-1.E0,0.E0));
#5281=VECTOR('',#5280,1.06E0);
#5282=CARTESIAN_POINT('',(6.68E0,-9.72E-1,-1.188E1));
#5283=LINE('',#5282,#5281);
#5284=DIRECTION('',(0.E0,-1.E0,0.E0));
#5285=VECTOR('',#5284,1.06E0);
#5286=CARTESIAN_POINT('',(6.68E0,-9.72E-1,-1.238E1));
#5287=LINE('',#5286,#5285);
#5288=DIRECTION('',(-4.126294490089E-1,0.E0,9.108989723403E-1));
#5289=VECTOR('',#5288,1.049367661567E0);
#5290=CARTESIAN_POINT('',(6.68E0,-2.032E0,-1.188E1));
#5291=LINE('',#5290,#5289);
#5292=DIRECTION('',(0.E0,0.E0,1.E0));
#5293=VECTOR('',#5292,5.E-1);
#5294=CARTESIAN_POINT('',(6.68E0,-2.032E0,-1.238E1));
#5295=LINE('',#5294,#5293);
#5296=DIRECTION('',(1.E0,0.E0,0.E0));
#5297=VECTOR('',#5296,4.33E-1);
#5298=CARTESIAN_POINT('',(6.247E0,-2.032E0,-1.238E1));
#5299=LINE('',#5298,#5297);
#5300=DIRECTION('',(1.E0,0.E0,0.E0));
#5301=VECTOR('',#5300,4.33E-1);
#5302=CARTESIAN_POINT('',(-6.68E0,-2.032E0,-1.238E1));
#5303=LINE('',#5302,#5301);
#5304=DIRECTION('',(0.E0,0.E0,-1.E0));
#5305=VECTOR('',#5304,5.E-1);
#5306=CARTESIAN_POINT('',(-6.68E0,-2.032E0,-1.188E1));
#5307=LINE('',#5306,#5305);
#5308=DIRECTION('',(-4.126294490089E-1,0.E0,-9.108989723403E-1));
#5309=VECTOR('',#5308,1.049367661567E0);
#5310=CARTESIAN_POINT('',(-6.247E0,-2.032E0,-1.092413207547E1));
#5311=LINE('',#5310,#5309);
#5312=DIRECTION('',(0.E0,-1.E0,0.E0));
#5313=VECTOR('',#5312,1.06E0);
#5314=CARTESIAN_POINT('',(-6.68E0,-9.72E-1,-1.238E1));
#5315=LINE('',#5314,#5313);
#5316=DIRECTION('',(0.E0,-1.E0,0.E0));
#5317=VECTOR('',#5316,1.06E0);
#5318=CARTESIAN_POINT('',(-6.68E0,-9.72E-1,-1.188E1));
#5319=LINE('',#5318,#5317);
#5320=CARTESIAN_POINT('',(5.907E0,-2.878E0,-6.2E-1));
#5321=CARTESIAN_POINT('',(5.897469864730E0,-2.878E0,-6.2E-1));
#5322=CARTESIAN_POINT('',(5.878401146147E0,-2.877997918683E0,
-6.190931963436E-1));
#5323=CARTESIAN_POINT('',(5.849940226945E0,-2.878025766466E0,
-6.149898097097E-1));
#5324=CARTESIAN_POINT('',(5.822163448547E0,-2.878194561034E0,
-6.082218892339E-1));
#5325=CARTESIAN_POINT('',(5.795499354081E0,-2.878672882103E0,
-5.989784062836E-1));
#5326=CARTESIAN_POINT('',(5.770175619298E0,-2.879669356250E0,
-5.874581652163E-1));
#5327=CARTESIAN_POINT('',(5.746414590601E0,-2.881424502306E0,
-5.738774714930E-1));
#5328=CARTESIAN_POINT('',(5.724748022547E0,-2.884126496859E0,
-5.587663006102E-1));
#5329=CARTESIAN_POINT('',(5.705123832482E0,-2.887971558098E0,
-5.423834103463E-1));
#5330=CARTESIAN_POINT('',(5.687759798851E0,-2.893056586860E0,
-5.252391912517E-1));
#5331=CARTESIAN_POINT('',(5.672460600161E0,-2.899501028024E0,
-5.075304537537E-1));
#5332=CARTESIAN_POINT('',(5.659043767675E0,-2.907472116131E0,
-4.893523093859E-1));
#5333=CARTESIAN_POINT('',(5.647533907728E0,-2.916986287184E0,
-4.710858786623E-1));
#5334=CARTESIAN_POINT('',(5.637698211577E0,-2.928240145338E0,
-4.527225962509E-1));
#5335=CARTESIAN_POINT('',(5.629501236311E0,-2.941286184255E0,
-4.345466319551E-1));
#5336=CARTESIAN_POINT('',(5.622814850576E0,-2.956242759716E0,
-4.167155266514E-1));
#5337=CARTESIAN_POINT('',(5.617513514587E0,-2.973267664782E0,
-3.993823073035E-1));
#5338=CARTESIAN_POINT('',(5.613479079403E0,-2.992555687582E0,
-3.827375230210E-1));
#5339=CARTESIAN_POINT('',(5.610623087044E0,-3.013950348221E0,
-3.672735763796E-1));
#5340=CARTESIAN_POINT('',(5.608762899131E0,-3.037329309129E0,
-3.533465832313E-1));
#5341=CARTESIAN_POINT('',(5.607688887921E0,-3.062596627713E0,
-3.412799990752E-1));
#5342=CARTESIAN_POINT('',(5.607180877261E0,-3.089158192305E0,
-3.315161015757E-1));
#5343=CARTESIAN_POINT('',(5.607009968510E0,-3.116911599650E0,
-3.241992357858E-1));
#5344=CARTESIAN_POINT('',(5.607E0,-3.135755251940E0,-3.211041179289E-1));
#5345=CARTESIAN_POINT('',(5.607E0,-3.145301296854E0,-3.2E-1));
#5347=CARTESIAN_POINT('',(5.607E0,-2.637413601350E0,-3.2E-1));
#5348=CARTESIAN_POINT('',(5.607E0,-2.632409876047E0,-3.290498443066E-1));
#5349=CARTESIAN_POINT('',(5.607820781695E0,-2.623035838126E0,
-3.470756410509E-1));
#5350=CARTESIAN_POINT('',(5.611425552936E0,-2.610831746052E0,
-3.735881740548E-1));
#5351=CARTESIAN_POINT('',(5.617314326358E0,-2.600326377926E0,
-3.994809338057E-1));
#5352=CARTESIAN_POINT('',(5.625472955718E0,-2.591345545365E0,
-4.247705302845E-1));
#5353=CARTESIAN_POINT('',(5.635805895292E0,-2.583819392900E0,
-4.491881999911E-1));
#5354=CARTESIAN_POINT('',(5.648367969758E0,-2.577569562169E0,
-4.728051804158E-1));
#5355=CARTESIAN_POINT('',(5.663110948497E0,-2.572509896579E0,
-4.953994041644E-1));
#5356=CARTESIAN_POINT('',(5.680126442032E0,-2.568506133155E0,
-5.169289457504E-1));
#5357=CARTESIAN_POINT('',(5.699168512866E0,-2.565486421966E0,
-5.369421028112E-1));
#5358=CARTESIAN_POINT('',(5.720289018295E0,-2.563293155481E0,
-5.553787470650E-1));
#5359=CARTESIAN_POINT('',(5.743226315314E0,-2.561804688856E0,
-5.718874107284E-1));
#5360=CARTESIAN_POINT('',(5.767890588283E0,-2.560868582235E0,
-5.863116517282E-1));
#5361=CARTESIAN_POINT('',(5.793908817573E0,-2.560346466696E0,
-5.983618050397E-1));
#5362=CARTESIAN_POINT('',(5.821108477663E0,-2.560099395282E0,
-6.079268771543E-1));
#5363=CARTESIAN_POINT('',(5.849321177262E0,-2.560013051626E0,
-6.148823905598E-1));
#5364=CARTESIAN_POINT('',(5.878116958851E0,-2.559998949578E0,
-6.190759719936E-1));
#5365=CARTESIAN_POINT('',(5.897383193738E0,-2.56E0,-6.2E-1));
#5366=CARTESIAN_POINT('',(5.907E0,-2.56E0,-6.2E-1));
#5368=DIRECTION('',(1.E0,0.E0,0.E0));
#5369=VECTOR('',#5368,1.1814E1);
#5370=CARTESIAN_POINT('',(-5.907E0,-2.56E0,-6.2E-1));
#5371=LINE('',#5370,#5369);
#5372=CARTESIAN_POINT('',(5.907E0,2.56E0,-6.2E-1));
#5373=CARTESIAN_POINT('',(5.897383153784E0,2.56E0,-6.2E-1));
#5374=CARTESIAN_POINT('',(5.878116838180E0,2.559998949559E0,
-6.190759644567E-1));
#5375=CARTESIAN_POINT('',(5.849320929936E0,2.560013051849E0,
-6.148823464096E-1));
#5376=CARTESIAN_POINT('',(5.821108121729E0,2.560099396988E0,
-6.079267745957E-1));
#5377=CARTESIAN_POINT('',(5.793908387092E0,2.560346472293E0,
-5.983616327967E-1));
#5378=CARTESIAN_POINT('',(5.767890116237E0,2.560868595E0,-5.863114075588E-1));
#5379=CARTESIAN_POINT('',(5.743225771649E0,2.561804714505E0,
-5.718870646949E-1));
#5380=CARTESIAN_POINT('',(5.720288293521E0,2.563293211919E0,
-5.553781841023E-1));
#5381=CARTESIAN_POINT('',(5.699167733861E0,2.565486523198E0,
-5.369413526852E-1));
#5382=CARTESIAN_POINT('',(5.680126135984E0,2.568506210320E0,
-5.169285383244E-1));
#5383=CARTESIAN_POINT('',(5.663112031783E0,2.572509665771E0,
-4.954007244208E-1));
#5384=CARTESIAN_POINT('',(5.648370227021E0,2.577568613880E0,
-4.728090402877E-1));
#5385=CARTESIAN_POINT('',(5.635806225903E0,2.583819093099E0,
-4.491891102108E-1));
#5386=CARTESIAN_POINT('',(5.625472985640E0,2.591345520141E0,
-4.247706043312E-1));
#5387=CARTESIAN_POINT('',(5.617314343584E0,2.600326361453E0,
-3.994809837996E-1));
#5388=CARTESIAN_POINT('',(5.611425606555E0,2.610831625628E0,
-3.735884556152E-1));
#5389=CARTESIAN_POINT('',(5.607820788610E0,2.623035765620E0,
-3.470757817752E-1));
#5390=CARTESIAN_POINT('',(5.607E0,2.632409843807E0,-3.290499026173E-1));
#5391=CARTESIAN_POINT('',(5.607E0,2.637413601350E0,-3.2E-1));
#5393=CARTESIAN_POINT('',(5.607E0,3.145301296854E0,-3.2E-1));
#5394=CARTESIAN_POINT('',(5.607E0,3.135755329043E0,-3.211041090111E-1));
#5395=CARTESIAN_POINT('',(5.607009967377E0,3.116911834047E0,
-3.241991786339E-1));
#5396=CARTESIAN_POINT('',(5.607180878406E0,3.089158110362E0,
-3.315161327946E-1));
#5397=CARTESIAN_POINT('',(5.607688876166E0,3.062597384893E0,
-3.412797224859E-1));
#5398=CARTESIAN_POINT('',(5.608762818719E0,3.037330505273E0,
-3.533459140852E-1));
#5399=CARTESIAN_POINT('',(5.610623080046E0,3.013950447548E0,
-3.672735145049E-1));
#5400=CARTESIAN_POINT('',(5.613478896138E0,2.992556863394E0,
-3.827366219527E-1));
#5401=CARTESIAN_POINT('',(5.617513338012E0,2.973268275617E0,
-3.993817011839E-1));
#5402=CARTESIAN_POINT('',(5.622814661002E0,2.956243336603E0,
-4.167149253985E-1));
#5403=CARTESIAN_POINT('',(5.629500634103E0,2.941287366963E0,
-4.345451341059E-1));
#5404=CARTESIAN_POINT('',(5.637697546485E0,2.928240977468E0,
-4.527212938841E-1));
#5405=CARTESIAN_POINT('',(5.647533710125E0,2.916986439756E0,
-4.710855738080E-1));
#5406=CARTESIAN_POINT('',(5.659043694212E0,2.907472160743E0,
-4.893522079470E-1));
#5407=CARTESIAN_POINT('',(5.672460923756E0,2.899500814811E0,
-5.075309188838E-1));
#5408=CARTESIAN_POINT('',(5.687761172504E0,2.893056093113E0,
-5.252406741367E-1));
#5409=CARTESIAN_POINT('',(5.705124882753E0,2.887971321712E0,
-5.423843425098E-1));
#5410=CARTESIAN_POINT('',(5.724749136329E0,2.884126320712E0,
-5.587671529039E-1));
#5411=CARTESIAN_POINT('',(5.746415630965E0,2.881424406005E0,
-5.738781216583E-1));
#5412=CARTESIAN_POINT('',(5.770176567923E0,2.879669306499E0,
-5.874586444253E-1));
#5413=CARTESIAN_POINT('',(5.795500142049E0,2.878672862509E0,
-5.989787139750E-1));
#5414=CARTESIAN_POINT('',(5.822164072839E0,2.878194555093E0,
-6.082220664143E-1));
#5415=CARTESIAN_POINT('',(5.849940654550E0,2.878025765710E0,
-6.149898852918E-1));
#5416=CARTESIAN_POINT('',(5.878401363236E0,2.877997918739E0,
-6.190932101832E-1));
#5417=CARTESIAN_POINT('',(5.897469937207E0,2.878E0,-6.2E-1));
#5418=CARTESIAN_POINT('',(5.907E0,2.878E0,-6.2E-1));
#5420=CARTESIAN_POINT('',(-5.907E0,2.878E0,-6.2E-1));
#5421=CARTESIAN_POINT('',(-5.897469937207E0,2.878E0,-6.2E-1));
#5422=CARTESIAN_POINT('',(-5.878401363236E0,2.877997918739E0,
-6.190932101832E-1));
#5423=CARTESIAN_POINT('',(-5.849940654550E0,2.878025765710E0,
-6.149898852918E-1));
#5424=CARTESIAN_POINT('',(-5.822164072839E0,2.878194555093E0,
-6.082220664143E-1));
#5425=CARTESIAN_POINT('',(-5.795500142049E0,2.878672862509E0,
-5.989787139751E-1));
#5426=CARTESIAN_POINT('',(-5.770176567923E0,2.879669306499E0,
-5.874586444253E-1));
#5427=CARTESIAN_POINT('',(-5.746415630965E0,2.881424406005E0,
-5.738781216584E-1));
#5428=CARTESIAN_POINT('',(-5.724749136329E0,2.884126320712E0,
-5.587671529039E-1));
#5429=CARTESIAN_POINT('',(-5.705124882753E0,2.887971321712E0,
-5.423843425098E-1));
#5430=CARTESIAN_POINT('',(-5.687761172504E0,2.893056093113E0,
-5.252406741367E-1));
#5431=CARTESIAN_POINT('',(-5.672460923756E0,2.899500814811E0,
-5.075309188837E-1));
#5432=CARTESIAN_POINT('',(-5.659043694212E0,2.907472160743E0,
-4.893522079470E-1));
#5433=CARTESIAN_POINT('',(-5.647533710125E0,2.916986439756E0,
-4.710855738081E-1));
#5434=CARTESIAN_POINT('',(-5.637697546485E0,2.928240977468E0,
-4.527212938841E-1));
#5435=CARTESIAN_POINT('',(-5.629500634103E0,2.941287366963E0,
-4.345451341058E-1));
#5436=CARTESIAN_POINT('',(-5.622814661002E0,2.956243336603E0,
-4.167149253985E-1));
#5437=CARTESIAN_POINT('',(-5.617513338012E0,2.973268275617E0,
-3.993817011838E-1));
#5438=CARTESIAN_POINT('',(-5.613478896138E0,2.992556863394E0,
-3.827366219527E-1));
#5439=CARTESIAN_POINT('',(-5.610623080046E0,3.013950447548E0,
-3.672735145049E-1));
#5440=CARTESIAN_POINT('',(-5.608762818719E0,3.037330505273E0,
-3.533459140852E-1));
#5441=CARTESIAN_POINT('',(-5.607688876166E0,3.062597384893E0,
-3.412797224859E-1));
#5442=CARTESIAN_POINT('',(-5.607180878406E0,3.089158110362E0,
-3.315161327946E-1));
#5443=CARTESIAN_POINT('',(-5.607009967377E0,3.116911834047E0,
-3.241991786339E-1));
#5444=CARTESIAN_POINT('',(-5.607E0,3.135755329043E0,-3.211041090111E-1));
#5445=CARTESIAN_POINT('',(-5.607E0,3.145301296854E0,-3.2E-1));
#5447=CARTESIAN_POINT('',(-5.607E0,2.637413601350E0,-3.2E-1));
#5448=CARTESIAN_POINT('',(-5.607E0,2.632409843807E0,-3.290499026173E-1));
#5449=CARTESIAN_POINT('',(-5.607820788610E0,2.623035765620E0,
-3.470757817752E-1));
#5450=CARTESIAN_POINT('',(-5.611425606555E0,2.610831625628E0,
-3.735884556152E-1));
#5451=CARTESIAN_POINT('',(-5.617314343584E0,2.600326361453E0,
-3.994809837996E-1));
#5452=CARTESIAN_POINT('',(-5.625472985640E0,2.591345520141E0,
-4.247706043312E-1));
#5453=CARTESIAN_POINT('',(-5.635806225903E0,2.583819093099E0,
-4.491891102108E-1));
#5454=CARTESIAN_POINT('',(-5.648370227021E0,2.577568613880E0,
-4.728090402877E-1));
#5455=CARTESIAN_POINT('',(-5.663112031783E0,2.572509665771E0,
-4.954007244208E-1));
#5456=CARTESIAN_POINT('',(-5.680126135984E0,2.568506210320E0,
-5.169285383244E-1));
#5457=CARTESIAN_POINT('',(-5.699167733861E0,2.565486523198E0,
-5.369413526852E-1));
#5458=CARTESIAN_POINT('',(-5.720288293521E0,2.563293211919E0,
-5.553781841023E-1));
#5459=CARTESIAN_POINT('',(-5.743225771649E0,2.561804714505E0,
-5.718870646949E-1));
#5460=CARTESIAN_POINT('',(-5.767890116237E0,2.560868595E0,-5.863114075588E-1));
#5461=CARTESIAN_POINT('',(-5.793908387092E0,2.560346472293E0,
-5.983616327967E-1));
#5462=CARTESIAN_POINT('',(-5.821108121729E0,2.560099396988E0,
-6.079267745957E-1));
#5463=CARTESIAN_POINT('',(-5.849320929936E0,2.560013051849E0,
-6.148823464096E-1));
#5464=CARTESIAN_POINT('',(-5.878116838180E0,2.559998949559E0,
-6.190759644567E-1));
#5465=CARTESIAN_POINT('',(-5.897383153784E0,2.56E0,-6.2E-1));
#5466=CARTESIAN_POINT('',(-5.907E0,2.56E0,-6.2E-1));
#5468=CARTESIAN_POINT('',(2.104420229210E0,2.56E0,-1.563686509856E0));
#5469=CARTESIAN_POINT('',(3.895579770790E0,2.56E0,-1.563686509856E0));
#5470=VERTEX_POINT('',#5468);
#5471=VERTEX_POINT('',#5469);
#5472=CARTESIAN_POINT('',(2.104420229210E0,2.878E0,-1.563686509856E0));
#5473=CARTESIAN_POINT('',(3.895579770790E0,2.878E0,-1.563686509856E0));
#5474=VERTEX_POINT('',#5472);
#5475=VERTEX_POINT('',#5473);
#5476=CARTESIAN_POINT('',(6.565E0,-8.545215598791E-1,-8.314081048715E0));
#5477=CARTESIAN_POINT('',(6.565E0,-6.056840564903E-1,-8.54E0));
#5478=VERTEX_POINT('',#5476);
#5479=VERTEX_POINT('',#5477);
#5480=CARTESIAN_POINT('',(6.565E0,1.748E0,-8.54E0));
#5481=VERTEX_POINT('',#5480);
#5482=CARTESIAN_POINT('',(6.565E0,1.878E0,-8.41E0));
#5483=VERTEX_POINT('',#5482);
#5484=CARTESIAN_POINT('',(6.565E0,1.878E0,-5.13E0));
#5485=VERTEX_POINT('',#5484);
#5486=CARTESIAN_POINT('',(6.565E0,1.748E0,-5.E0));
#5487=VERTEX_POINT('',#5486);
#5488=CARTESIAN_POINT('',(6.565E0,1.450600556568E0,-5.E0));
#5489=VERTEX_POINT('',#5488);
#5490=CARTESIAN_POINT('',(6.565E0,1.201763053179E0,-4.725918951285E0));
#5491=VERTEX_POINT('',#5490);
#5492=CARTESIAN_POINT('',(6.247E0,-8.545215598791E-1,-8.314081048715E0));
#5493=CARTESIAN_POINT('',(6.247E0,-6.056840564903E-1,-8.54E0));
#5494=VERTEX_POINT('',#5492);
#5495=VERTEX_POINT('',#5493);
#5496=CARTESIAN_POINT('',(6.247E0,1.748E0,-8.54E0));
#5497=VERTEX_POINT('',#5496);
#5498=CARTESIAN_POINT('',(6.247E0,1.878E0,-8.41E0));
#5499=VERTEX_POINT('',#5498);
#5500=CARTESIAN_POINT('',(6.247E0,1.878E0,-5.13E0));
#5501=VERTEX_POINT('',#5500);
#5502=CARTESIAN_POINT('',(6.247E0,1.748E0,-5.E0));
#5503=VERTEX_POINT('',#5502);
#5504=CARTESIAN_POINT('',(6.247E0,1.450600556568E0,-5.E0));
#5505=VERTEX_POINT('',#5504);
#5506=CARTESIAN_POINT('',(6.247E0,1.201763053179E0,-4.725918951285E0));
#5507=VERTEX_POINT('',#5506);
#5508=CARTESIAN_POINT('',(5.996708882163E0,4.609289146462E-1,
-7.146869955705E0));
#5509=CARTESIAN_POINT('',(5.996708882163E0,-4.609289146462E-1,
-7.146869955705E0));
#5510=VERTEX_POINT('',#5508);
#5511=VERTEX_POINT('',#5509);
#5512=CARTESIAN_POINT('',(5.680396535977E0,-4.609289146462E-1,
-7.114151464756E0));
#5513=VERTEX_POINT('',#5512);
#5514=CARTESIAN_POINT('',(5.680396535977E0,4.609289146462E-1,
-7.114151464756E0));
#5515=VERTEX_POINT('',#5514);
#5516=CARTESIAN_POINT('',(6.317E0,4.086350338404E-1,-7.502E0));
#5517=CARTESIAN_POINT('',(6.317E0,-4.086350338404E-1,-7.502E0));
#5518=VERTEX_POINT('',#5516);
#5519=VERTEX_POINT('',#5517);
#5520=CARTESIAN_POINT('',(6.317E0,-4.086350338404E-1,-7.82E0));
#5521=VERTEX_POINT('',#5520);
#5522=CARTESIAN_POINT('',(6.317E0,4.086350338404E-1,-7.82E0));
#5523=VERTEX_POINT('',#5522);
#5524=CARTESIAN_POINT('',(6.406E0,4.E-1,-7.502E0));
#5525=CARTESIAN_POINT('',(6.406E0,-4.E-1,-7.502E0));
#5526=VERTEX_POINT('',#5524);
#5527=VERTEX_POINT('',#5525);
#5528=CARTESIAN_POINT('',(6.406E0,-4.E-1,-7.82E0));
#5529=VERTEX_POINT('',#5528);
#5530=CARTESIAN_POINT('',(6.406E0,4.E-1,-7.82E0));
#5531=VERTEX_POINT('',#5530);
#5532=CARTESIAN_POINT('',(6.247E0,-3.65E0,-1.4E1));
#5533=CARTESIAN_POINT('',(6.565E0,-3.65E0,-1.4E1));
#5534=VERTEX_POINT('',#5532);
#5535=VERTEX_POINT('',#5533);
#5536=CARTESIAN_POINT('',(-6.565E0,-3.65E0,-1.4E1));
#5537=CARTESIAN_POINT('',(-6.247E0,-3.65E0,-1.4E1));
#5538=VERTEX_POINT('',#5536);
#5539=VERTEX_POINT('',#5537);
#5540=CARTESIAN_POINT('',(6.15E0,-3.752E0,-1.4E1));
#5541=CARTESIAN_POINT('',(6.15E0,-3.752E0,-8.88E0));
#5542=VERTEX_POINT('',#5540);
#5543=VERTEX_POINT('',#5541);
#5544=CARTESIAN_POINT('',(-6.15E0,-3.752E0,-8.88E0));
#5545=CARTESIAN_POINT('',(-6.15E0,-3.752E0,-1.4E1));
#5546=VERTEX_POINT('',#5544);
#5547=VERTEX_POINT('',#5545);
#5548=CARTESIAN_POINT('',(1.75E0,-4.132E0,-1.4E1));
#5549=CARTESIAN_POINT('',(2.4E0,-4.132E0,-1.4E1));
#5550=VERTEX_POINT('',#5548);
#5551=VERTEX_POINT('',#5549);
#5552=CARTESIAN_POINT('',(2.4E0,-4.132E0,-1.188E1));
#5553=VERTEX_POINT('',#5552);
#5554=CARTESIAN_POINT('',(1.75E0,-4.132E0,-1.188E1));
#5555=VERTEX_POINT('',#5554);
#5556=CARTESIAN_POINT('',(4.4E0,-4.132E0,-8.88E0));
#5557=CARTESIAN_POINT('',(4.4E0,-4.132E0,-1.188E1));
#5558=VERTEX_POINT('',#5556);
#5559=VERTEX_POINT('',#5557);
#5560=CARTESIAN_POINT('',(5.05E0,-4.132E0,-1.188E1));
#5561=VERTEX_POINT('',#5560);
#5562=CARTESIAN_POINT('',(5.05E0,-4.132E0,-8.88E0));
#5563=VERTEX_POINT('',#5562);
#5564=CARTESIAN_POINT('',(-2.4E0,-3.752E0,-1.4E1));
#5565=VERTEX_POINT('',#5564);
#5566=CARTESIAN_POINT('',(-1.75E0,-3.752E0,-1.4E1));
#5567=CARTESIAN_POINT('',(1.75E0,-3.752E0,-1.4E1));
#5568=VERTEX_POINT('',#5566);
#5569=VERTEX_POINT('',#5567);
#5570=CARTESIAN_POINT('',(2.4E0,-3.752E0,-1.4E1));
#5571=VERTEX_POINT('',#5570);
#5572=CARTESIAN_POINT('',(5.05E0,-3.752E0,-8.88E0));
#5573=VERTEX_POINT('',#5572);
#5574=CARTESIAN_POINT('',(4.4E0,-3.752E0,-8.88E0));
#5575=CARTESIAN_POINT('',(-4.4E0,-3.752E0,-8.88E0));
#5576=VERTEX_POINT('',#5574);
#5577=VERTEX_POINT('',#5575);
#5578=CARTESIAN_POINT('',(-5.05E0,-3.752E0,-8.88E0));
#5579=VERTEX_POINT('',#5578);
#5580=CARTESIAN_POINT('',(2.4E0,-3.752E0,-1.188E1));
#5581=VERTEX_POINT('',#5580);
#5582=CARTESIAN_POINT('',(1.75E0,-3.752E0,-1.188E1));
#5583=VERTEX_POINT('',#5582);
#5584=CARTESIAN_POINT('',(4.4E0,-3.752E0,-1.188E1));
#5585=VERTEX_POINT('',#5584);
#5586=CARTESIAN_POINT('',(5.05E0,-3.752E0,-1.188E1));
#5587=VERTEX_POINT('',#5586);
#5588=CARTESIAN_POINT('',(-3.895579770790E0,2.56E0,-1.563686509856E0));
#5589=CARTESIAN_POINT('',(-2.104420229210E0,2.56E0,-1.563686509856E0));
#5590=VERTEX_POINT('',#5588);
#5591=VERTEX_POINT('',#5589);
#5592=CARTESIAN_POINT('',(2.104420229210E0,-2.56E0,-1.563686509856E0));
#5593=CARTESIAN_POINT('',(3.895579770790E0,-2.56E0,-1.563686509856E0));
#5594=VERTEX_POINT('',#5592);
#5595=VERTEX_POINT('',#5593);
#5596=CARTESIAN_POINT('',(-3.895579770790E0,-2.56E0,-1.563686509856E0));
#5597=CARTESIAN_POINT('',(-2.104420229210E0,-2.56E0,-1.563686509856E0));
#5598=VERTEX_POINT('',#5596);
#5599=VERTEX_POINT('',#5597);
#5600=CARTESIAN_POINT('',(2.104420229210E0,-2.878E0,-1.563686509856E0));
#5601=CARTESIAN_POINT('',(3.895579770790E0,-2.878E0,-1.563686509856E0));
#5602=VERTEX_POINT('',#5600);
#5603=VERTEX_POINT('',#5601);
#5604=CARTESIAN_POINT('',(-3.895579770790E0,-2.878E0,-1.563686509856E0));
#5605=CARTESIAN_POINT('',(-2.104420229210E0,-2.878E0,-1.563686509856E0));
#5606=VERTEX_POINT('',#5604);
#5607=VERTEX_POINT('',#5605);
#5608=CARTESIAN_POINT('',(-3.895579770790E0,2.878E0,-1.563686509856E0));
#5609=CARTESIAN_POINT('',(-2.104420229210E0,2.878E0,-1.563686509856E0));
#5610=VERTEX_POINT('',#5608);
#5611=VERTEX_POINT('',#5609);
#5612=CARTESIAN_POINT('',(-6.565E0,-8.545215598791E-1,-8.314081048715E0));
#5613=CARTESIAN_POINT('',(-6.565E0,-6.056840564903E-1,-8.54E0));
#5614=VERTEX_POINT('',#5612);
#5615=VERTEX_POINT('',#5613);
#5616=CARTESIAN_POINT('',(-6.565E0,1.748E0,-8.54E0));
#5617=VERTEX_POINT('',#5616);
#5618=CARTESIAN_POINT('',(-6.565E0,1.878E0,-8.41E0));
#5619=VERTEX_POINT('',#5618);
#5620=CARTESIAN_POINT('',(-6.565E0,1.878E0,-5.13E0));
#5621=VERTEX_POINT('',#5620);
#5622=CARTESIAN_POINT('',(-6.565E0,1.748E0,-5.E0));
#5623=VERTEX_POINT('',#5622);
#5624=CARTESIAN_POINT('',(-6.565E0,1.450600556568E0,-5.E0));
#5625=VERTEX_POINT('',#5624);
#5626=CARTESIAN_POINT('',(-6.565E0,1.201763053179E0,-4.725918951285E0));
#5627=VERTEX_POINT('',#5626);
#5628=CARTESIAN_POINT('',(-6.247E0,-8.545215598791E-1,-8.314081048715E0));
#5629=CARTESIAN_POINT('',(-6.247E0,-6.056840564903E-1,-8.54E0));
#5630=VERTEX_POINT('',#5628);
#5631=VERTEX_POINT('',#5629);
#5632=CARTESIAN_POINT('',(-6.247E0,1.748E0,-8.54E0));
#5633=VERTEX_POINT('',#5632);
#5634=CARTESIAN_POINT('',(-6.247E0,1.878E0,-8.41E0));
#5635=VERTEX_POINT('',#5634);
#5636=CARTESIAN_POINT('',(-6.247E0,1.878E0,-5.13E0));
#5637=VERTEX_POINT('',#5636);
#5638=CARTESIAN_POINT('',(-6.247E0,1.748E0,-5.E0));
#5639=VERTEX_POINT('',#5638);
#5640=CARTESIAN_POINT('',(-6.247E0,1.450600556568E0,-5.E0));
#5641=VERTEX_POINT('',#5640);
#5642=CARTESIAN_POINT('',(-6.247E0,1.201763053179E0,-4.725918951285E0));
#5643=VERTEX_POINT('',#5642);
#5644=CARTESIAN_POINT('',(-3.E0,-5.588923749707E-1,-4.301312064998E0));
#5645=CARTESIAN_POINT('',(-4.E0,-5.588923749707E-1,-4.301312064998E0));
#5646=VERTEX_POINT('',#5644);
#5647=VERTEX_POINT('',#5645);
#5648=CARTESIAN_POINT('',(-3.E0,-3.188598812240E-1,-4.227926767112E0));
#5649=CARTESIAN_POINT('',(-4.E0,-3.188598812240E-1,-4.227926767112E0));
#5650=VERTEX_POINT('',#5648);
#5651=VERTEX_POINT('',#5649);
#5652=CARTESIAN_POINT('',(-3.E0,3.8E-2,-6.253659052624E0));
#5653=CARTESIAN_POINT('',(-3.E0,3.8E-2,-5.395162844046E0));
#5654=VERTEX_POINT('',#5652);
#5655=VERTEX_POINT('',#5653);
#5656=CARTESIAN_POINT('',(-3.E0,3.8E-2,-3.119498226127E0));
#5657=CARTESIAN_POINT('',(-3.E0,3.8E-2,-2.820291873757E0));
#5658=VERTEX_POINT('',#5656);
#5659=VERTEX_POINT('',#5657);
#5660=CARTESIAN_POINT('',(-4.E0,3.8E-2,-6.253659052624E0));
#5661=CARTESIAN_POINT('',(-4.E0,3.8E-2,-5.395162844046E0));
#5662=VERTEX_POINT('',#5660);
#5663=VERTEX_POINT('',#5661);
#5664=CARTESIAN_POINT('',(-4.E0,3.8E-2,-3.119498226127E0));
#5665=CARTESIAN_POINT('',(-4.E0,3.8E-2,-2.820291873757E0));
#5666=VERTEX_POINT('',#5664);
#5667=VERTEX_POINT('',#5665);
#5668=CARTESIAN_POINT('',(-5.E-1,-5.588923749707E-1,-4.301312064998E0));
#5669=CARTESIAN_POINT('',(-1.5E0,-5.588923749707E-1,-4.301312064998E0));
#5670=VERTEX_POINT('',#5668);
#5671=VERTEX_POINT('',#5669);
#5672=CARTESIAN_POINT('',(-5.E-1,-3.188598812240E-1,-4.227926767112E0));
#5673=CARTESIAN_POINT('',(-1.5E0,-3.188598812240E-1,-4.227926767112E0));
#5674=VERTEX_POINT('',#5672);
#5675=VERTEX_POINT('',#5673);
#5676=CARTESIAN_POINT('',(-5.E-1,3.8E-2,-6.253659052624E0));
#5677=CARTESIAN_POINT('',(-5.E-1,3.8E-2,-5.395162844046E0));
#5678=VERTEX_POINT('',#5676);
#5679=VERTEX_POINT('',#5677);
#5680=CARTESIAN_POINT('',(-5.E-1,3.8E-2,-3.119498226127E0));
#5681=CARTESIAN_POINT('',(-5.E-1,3.8E-2,-2.820291873757E0));
#5682=VERTEX_POINT('',#5680);
#5683=VERTEX_POINT('',#5681);
#5684=CARTESIAN_POINT('',(-1.5E0,3.8E-2,-6.253659052624E0));
#5685=CARTESIAN_POINT('',(-1.5E0,3.8E-2,-5.395162844046E0));
#5686=VERTEX_POINT('',#5684);
#5687=VERTEX_POINT('',#5685);
#5688=CARTESIAN_POINT('',(-1.5E0,3.8E-2,-3.119498226127E0));
#5689=CARTESIAN_POINT('',(-1.5E0,3.8E-2,-2.820291873757E0));
#5690=VERTEX_POINT('',#5688);
#5691=VERTEX_POINT('',#5689);
#5692=CARTESIAN_POINT('',(-5.607E0,3.18E0,0.E0));
#5693=CARTESIAN_POINT('',(5.607E0,3.18E0,0.E0));
#5694=VERTEX_POINT('',#5692);
#5695=VERTEX_POINT('',#5693);
#5696=CARTESIAN_POINT('',(-5.607E0,-3.18E0,0.E0));
#5697=CARTESIAN_POINT('',(5.607E0,-3.18E0,0.E0));
#5698=VERTEX_POINT('',#5696);
#5699=VERTEX_POINT('',#5697);
#5700=CARTESIAN_POINT('',(-5.607E0,-3.18E0,-3.18E-1));
#5701=CARTESIAN_POINT('',(5.607E0,-3.18E0,-3.18E-1));
#5702=VERTEX_POINT('',#5700);
#5703=VERTEX_POINT('',#5701);
#5704=CARTESIAN_POINT('',(-5.607E0,3.18E0,-3.18E-1));
#5705=CARTESIAN_POINT('',(5.607E0,3.18E0,-3.18E-1));
#5706=VERTEX_POINT('',#5704);
#5707=VERTEX_POINT('',#5705);
#5708=CARTESIAN_POINT('',(-6.867E0,-1.92E0,-3.18E-1));
#5709=CARTESIAN_POINT('',(-6.867E0,1.92E0,-3.18E-1));
#5710=VERTEX_POINT('',#5708);
#5711=VERTEX_POINT('',#5709);
#5712=CARTESIAN_POINT('',(-6.867E0,-1.92E0,0.E0));
#5713=CARTESIAN_POINT('',(-6.867E0,1.92E0,0.E0));
#5714=VERTEX_POINT('',#5712);
#5715=VERTEX_POINT('',#5713);
#5716=CARTESIAN_POINT('',(6.867E0,-1.92E0,0.E0));
#5717=CARTESIAN_POINT('',(6.867E0,1.92E0,0.E0));
#5718=VERTEX_POINT('',#5716);
#5719=VERTEX_POINT('',#5717);
#5720=CARTESIAN_POINT('',(6.867E0,-1.92E0,-3.18E-1));
#5721=CARTESIAN_POINT('',(6.867E0,1.92E0,-3.18E-1));
#5722=VERTEX_POINT('',#5720);
#5723=VERTEX_POINT('',#5721);
#5724=CARTESIAN_POINT('',(-5.996708882163E0,4.609289146462E-1,
-7.146869955705E0));
#5725=CARTESIAN_POINT('',(-5.680396535977E0,4.609289146462E-1,
-7.114151464756E0));
#5726=VERTEX_POINT('',#5724);
#5727=VERTEX_POINT('',#5725);
#5728=CARTESIAN_POINT('',(-5.680396535977E0,-4.609289146462E-1,
-7.114151464756E0));
#5729=CARTESIAN_POINT('',(-5.996708882163E0,-4.609289146462E-1,
-7.146869955705E0));
#5730=VERTEX_POINT('',#5728);
#5731=VERTEX_POINT('',#5729);
#5732=CARTESIAN_POINT('',(-6.317E0,4.086350338404E-1,-7.502E0));
#5733=CARTESIAN_POINT('',(-6.317E0,4.086350338404E-1,-7.82E0));
#5734=VERTEX_POINT('',#5732);
#5735=VERTEX_POINT('',#5733);
#5736=CARTESIAN_POINT('',(-6.317E0,-4.086350338404E-1,-7.82E0));
#5737=CARTESIAN_POINT('',(-6.317E0,-4.086350338404E-1,-7.502E0));
#5738=VERTEX_POINT('',#5736);
#5739=VERTEX_POINT('',#5737);
#5740=CARTESIAN_POINT('',(-6.406E0,4.E-1,-7.502E0));
#5741=CARTESIAN_POINT('',(-6.406E0,4.E-1,-7.82E0));
#5742=VERTEX_POINT('',#5740);
#5743=VERTEX_POINT('',#5741);
#5744=CARTESIAN_POINT('',(-6.406E0,-4.E-1,-7.82E0));
#5745=VERTEX_POINT('',#5744);
#5746=CARTESIAN_POINT('',(-6.406E0,-4.E-1,-7.502E0));
#5747=VERTEX_POINT('',#5746);
#5748=CARTESIAN_POINT('',(6.247E0,-3.65E0,-1.13E1));
#5749=CARTESIAN_POINT('',(6.565E0,-3.65E0,-1.13E1));
#5750=VERTEX_POINT('',#5748);
#5751=VERTEX_POINT('',#5749);
#5752=CARTESIAN_POINT('',(6.565E0,-3.65E0,-9.26E0));
#5753=CARTESIAN_POINT('',(6.247E0,-3.65E0,-9.26E0));
#5754=VERTEX_POINT('',#5752);
#5755=VERTEX_POINT('',#5753);
#5756=VERTEX_POINT('',#4533);
#5757=VERTEX_POINT('',#4541);
#5758=VERTEX_POINT('',#4543);
#5759=VERTEX_POINT('',#4551);
#5760=CARTESIAN_POINT('',(6.741053884906E0,-4.133704073386E0,
-9.324157144486E0));
#5761=VERTEX_POINT('',#5760);
#5762=CARTESIAN_POINT('',(6.741053884906E0,-4.133704073386E0,
-1.123584285551E1));
#5763=VERTEX_POINT('',#5762);
#5764=VERTEX_POINT('',#4591);
#5765=VERTEX_POINT('',#4599);
#5766=CARTESIAN_POINT('',(7.772796977629E0,-5.858007787715E0,
-9.552863927467E0));
#5767=VERTEX_POINT('',#5766);
#5768=CARTESIAN_POINT('',(7.772796977629E0,-5.858007787715E0,
-1.100713607253E1));
#5769=VERTEX_POINT('',#5768);
#5770=VERTEX_POINT('',#4613);
#5771=VERTEX_POINT('',#4621);
#5772=CARTESIAN_POINT('',(-1.75E0,-4.132E0,-1.4E1));
#5773=CARTESIAN_POINT('',(-1.75E0,-4.132E0,-1.188E1));
#5774=VERTEX_POINT('',#5772);
#5775=VERTEX_POINT('',#5773);
#5776=CARTESIAN_POINT('',(-2.4E0,-4.132E0,-1.188E1));
#5777=VERTEX_POINT('',#5776);
#5778=CARTESIAN_POINT('',(-2.4E0,-4.132E0,-1.4E1));
#5779=VERTEX_POINT('',#5778);
#5780=CARTESIAN_POINT('',(-4.4E0,-4.132E0,-8.88E0));
#5781=CARTESIAN_POINT('',(-5.05E0,-4.132E0,-8.88E0));
#5782=VERTEX_POINT('',#5780);
#5783=VERTEX_POINT('',#5781);
#5784=CARTESIAN_POINT('',(-5.05E0,-4.132E0,-1.188E1));
#5785=VERTEX_POINT('',#5784);
#5786=CARTESIAN_POINT('',(-4.4E0,-4.132E0,-1.188E1));
#5787=VERTEX_POINT('',#5786);
#5788=CARTESIAN_POINT('',(-1.75E0,-3.752E0,-1.188E1));
#5789=VERTEX_POINT('',#5788);
#5790=CARTESIAN_POINT('',(-2.4E0,-3.752E0,-1.188E1));
#5791=VERTEX_POINT('',#5790);
#5792=CARTESIAN_POINT('',(-5.05E0,-3.752E0,-1.188E1));
#5793=VERTEX_POINT('',#5792);
#5794=CARTESIAN_POINT('',(-4.4E0,-3.752E0,-1.188E1));
#5795=VERTEX_POINT('',#5794);
#5796=CARTESIAN_POINT('',(1.5E0,-5.588923749707E-1,-4.301312064998E0));
#5797=CARTESIAN_POINT('',(5.E-1,-5.588923749707E-1,-4.301312064998E0));
#5798=VERTEX_POINT('',#5796);
#5799=VERTEX_POINT('',#5797);
#5800=CARTESIAN_POINT('',(1.5E0,-3.188598812240E-1,-4.227926767112E0));
#5801=CARTESIAN_POINT('',(5.E-1,-3.188598812240E-1,-4.227926767112E0));
#5802=VERTEX_POINT('',#5800);
#5803=VERTEX_POINT('',#5801);
#5804=CARTESIAN_POINT('',(1.5E0,3.8E-2,-6.253659052624E0));
#5805=CARTESIAN_POINT('',(1.5E0,3.8E-2,-5.395162844046E0));
#5806=VERTEX_POINT('',#5804);
#5807=VERTEX_POINT('',#5805);
#5808=CARTESIAN_POINT('',(1.5E0,3.8E-2,-3.119498226127E0));
#5809=CARTESIAN_POINT('',(1.5E0,3.8E-2,-2.820291873757E0));
#5810=VERTEX_POINT('',#5808);
#5811=VERTEX_POINT('',#5809);
#5812=CARTESIAN_POINT('',(5.E-1,3.8E-2,-6.253659052624E0));
#5813=CARTESIAN_POINT('',(5.E-1,3.8E-2,-5.395162844046E0));
#5814=VERTEX_POINT('',#5812);
#5815=VERTEX_POINT('',#5813);
#5816=CARTESIAN_POINT('',(5.E-1,3.8E-2,-3.119498226127E0));
#5817=CARTESIAN_POINT('',(5.E-1,3.8E-2,-2.820291873757E0));
#5818=VERTEX_POINT('',#5816);
#5819=VERTEX_POINT('',#5817);
#5820=CARTESIAN_POINT('',(4.E0,-5.588923749707E-1,-4.301312064998E0));
#5821=CARTESIAN_POINT('',(3.E0,-5.588923749707E-1,-4.301312064998E0));
#5822=VERTEX_POINT('',#5820);
#5823=VERTEX_POINT('',#5821);
#5824=CARTESIAN_POINT('',(4.E0,-3.188598812240E-1,-4.227926767112E0));
#5825=CARTESIAN_POINT('',(3.E0,-3.188598812240E-1,-4.227926767112E0));
#5826=VERTEX_POINT('',#5824);
#5827=VERTEX_POINT('',#5825);
#5828=CARTESIAN_POINT('',(4.E0,3.8E-2,-6.253659052624E0));
#5829=CARTESIAN_POINT('',(4.E0,3.8E-2,-5.395162844046E0));
#5830=VERTEX_POINT('',#5828);
#5831=VERTEX_POINT('',#5829);
#5832=CARTESIAN_POINT('',(4.E0,3.8E-2,-3.119498226127E0));
#5833=CARTESIAN_POINT('',(4.E0,3.8E-2,-2.820291873757E0));
#5834=VERTEX_POINT('',#5832);
#5835=VERTEX_POINT('',#5833);
#5836=CARTESIAN_POINT('',(3.E0,3.8E-2,-6.253659052624E0));
#5837=CARTESIAN_POINT('',(3.E0,3.8E-2,-5.395162844046E0));
#5838=VERTEX_POINT('',#5836);
#5839=VERTEX_POINT('',#5837);
#5840=CARTESIAN_POINT('',(3.E0,3.8E-2,-3.119498226127E0));
#5841=CARTESIAN_POINT('',(3.E0,3.8E-2,-2.820291873757E0));
#5842=VERTEX_POINT('',#5840);
#5843=VERTEX_POINT('',#5841);
#5844=CARTESIAN_POINT('',(-5.927E0,2.56E0,-8.88E0));
#5845=CARTESIAN_POINT('',(-5.927E0,2.56E0,-6.2E-1));
#5846=VERTEX_POINT('',#5844);
#5847=VERTEX_POINT('',#5845);
#5848=CARTESIAN_POINT('',(-6.247E0,2.24E0,-8.88E0));
#5849=VERTEX_POINT('',#5848);
#5850=CARTESIAN_POINT('',(-6.247E0,2.24E0,-6.2E-1));
#5851=VERTEX_POINT('',#5850);
#5852=CARTESIAN_POINT('',(-6.247E0,-2.24E0,-8.88E0));
#5853=CARTESIAN_POINT('',(-5.927E0,-2.56E0,-8.88E0));
#5854=VERTEX_POINT('',#5852);
#5855=VERTEX_POINT('',#5853);
#5856=CARTESIAN_POINT('',(-5.927E0,-2.56E0,-6.2E-1));
#5857=VERTEX_POINT('',#5856);
#5858=CARTESIAN_POINT('',(-6.247E0,-2.24E0,-6.2E-1));
#5859=VERTEX_POINT('',#5858);
#5860=CARTESIAN_POINT('',(5.927E0,-2.56E0,-8.88E0));
#5861=CARTESIAN_POINT('',(5.927E0,-2.56E0,-6.2E-1));
#5862=VERTEX_POINT('',#5860);
#5863=VERTEX_POINT('',#5861);
#5864=CARTESIAN_POINT('',(6.247E0,-2.24E0,-8.88E0));
#5865=VERTEX_POINT('',#5864);
#5866=CARTESIAN_POINT('',(6.247E0,-2.24E0,-6.2E-1));
#5867=VERTEX_POINT('',#5866);
#5868=CARTESIAN_POINT('',(6.247E0,2.24E0,-8.88E0));
#5869=CARTESIAN_POINT('',(5.927E0,2.56E0,-8.88E0));
#5870=VERTEX_POINT('',#5868);
#5871=VERTEX_POINT('',#5869);
#5872=CARTESIAN_POINT('',(5.927E0,2.56E0,-6.2E-1));
#5873=VERTEX_POINT('',#5872);
#5874=CARTESIAN_POINT('',(6.247E0,2.24E0,-6.2E-1));
#5875=VERTEX_POINT('',#5874);
#5876=CARTESIAN_POINT('',(-6.565E0,2.24E0,-1.4E1));
#5877=CARTESIAN_POINT('',(-5.927E0,2.878E0,-1.4E1));
#5878=VERTEX_POINT('',#5876);
#5879=VERTEX_POINT('',#5877);
#5880=CARTESIAN_POINT('',(-5.927E0,2.878E0,-6.2E-1));
#5881=VERTEX_POINT('',#5880);
#5882=CARTESIAN_POINT('',(-6.565E0,2.24E0,-6.2E-1));
#5883=VERTEX_POINT('',#5882);
#5884=CARTESIAN_POINT('',(-6.565E0,-2.24E0,-6.2E-1));
#5885=CARTESIAN_POINT('',(-5.927E0,-2.878E0,-6.2E-1));
#5886=VERTEX_POINT('',#5884);
#5887=VERTEX_POINT('',#5885);
#5888=CARTESIAN_POINT('',(-5.927E0,-2.878E0,-8.88E0));
#5889=VERTEX_POINT('',#5888);
#5890=CARTESIAN_POINT('',(-6.15E0,-2.837758312364E0,-1.4E1));
#5891=CARTESIAN_POINT('',(-6.247E0,-2.791945649498E0,-1.4E1));
#5892=VERTEX_POINT('',#5890);
#5893=VERTEX_POINT('',#5891);
#5894=CARTESIAN_POINT('',(-6.565E0,-2.24E0,-9.26E0));
#5895=VERTEX_POINT('',#5894);
#5896=CARTESIAN_POINT('',(6.247E0,-2.791945649498E0,-1.4E1));
#5897=CARTESIAN_POINT('',(6.15E0,-2.837758312364E0,-1.4E1));
#5898=VERTEX_POINT('',#5896);
#5899=VERTEX_POINT('',#5897);
#5900=CARTESIAN_POINT('',(5.927E0,-2.878E0,-6.2E-1));
#5901=CARTESIAN_POINT('',(5.927E0,-2.878E0,-8.88E0));
#5902=VERTEX_POINT('',#5900);
#5903=VERTEX_POINT('',#5901);
#5904=CARTESIAN_POINT('',(6.565E0,-2.24E0,-6.2E-1));
#5905=VERTEX_POINT('',#5904);
#5906=CARTESIAN_POINT('',(6.565E0,-2.24E0,-9.26E0));
#5907=VERTEX_POINT('',#5906);
#5908=CARTESIAN_POINT('',(6.565E0,2.24E0,-6.2E-1));
#5909=CARTESIAN_POINT('',(5.927E0,2.878E0,-6.2E-1));
#5910=VERTEX_POINT('',#5908);
#5911=VERTEX_POINT('',#5909);
#5912=CARTESIAN_POINT('',(5.927E0,2.878E0,-1.4E1));
#5913=VERTEX_POINT('',#5912);
#5914=CARTESIAN_POINT('',(6.565E0,2.24E0,-1.4E1));
#5915=VERTEX_POINT('',#5914);
#5916=CARTESIAN_POINT('',(-6.15E0,-2.837758312364E0,-8.88E0));
#5917=VERTEX_POINT('',#5916);
#5918=CARTESIAN_POINT('',(-6.247E0,-2.791945649498E0,-9.26E0));
#5919=VERTEX_POINT('',#5918);
#5920=CARTESIAN_POINT('',(6.247E0,-2.791945649498E0,-9.26E0));
#5921=VERTEX_POINT('',#5920);
#5922=CARTESIAN_POINT('',(6.15E0,-2.837758312364E0,-8.88E0));
#5923=VERTEX_POINT('',#5922);
#5924=CARTESIAN_POINT('',(-3.4325E0,-1.7E0,-9.045E0));
#5925=CARTESIAN_POINT('',(-3.4325E0,-1.03E0,-9.045E0));
#5926=VERTEX_POINT('',#5924);
#5927=VERTEX_POINT('',#5925);
#5928=CARTESIAN_POINT('',(-3.51625E0,-1.03E0,-9.045E0));
#5929=VERTEX_POINT('',#5928);
#5930=CARTESIAN_POINT('',(-3.6E0,-1.129787222147E0,-9.045E0));
#5931=VERTEX_POINT('',#5930);
#5932=CARTESIAN_POINT('',(-3.6E0,-1.243829801679E0,-9.045E0));
#5933=VERTEX_POINT('',#5932);
#5934=CARTESIAN_POINT('',(-3.51625E0,-1.144042539597E0,-9.045E0));
#5935=VERTEX_POINT('',#5934);
#5936=CARTESIAN_POINT('',(-3.51625E0,-1.7E0,-9.045E0));
#5937=VERTEX_POINT('',#5936);
#5938=CARTESIAN_POINT('',(-3.4325E0,-1.7E0,-8.88E0));
#5939=CARTESIAN_POINT('',(-3.4325E0,-1.03E0,-8.88E0));
#5940=VERTEX_POINT('',#5938);
#5941=VERTEX_POINT('',#5939);
#5942=CARTESIAN_POINT('',(-3.51625E0,-1.03E0,-8.88E0));
#5943=VERTEX_POINT('',#5942);
#5944=CARTESIAN_POINT('',(-3.6E0,-1.129787222147E0,-8.88E0));
#5945=VERTEX_POINT('',#5944);
#5946=CARTESIAN_POINT('',(-3.6E0,-1.243829801679E0,-8.88E0));
#5947=VERTEX_POINT('',#5946);
#5948=CARTESIAN_POINT('',(-3.51625E0,-1.144042539597E0,-8.88E0));
#5949=VERTEX_POINT('',#5948);
#5950=CARTESIAN_POINT('',(-3.51625E0,-1.7E0,-8.88E0));
#5951=VERTEX_POINT('',#5950);
#5952=CARTESIAN_POINT('',(6.247E0,-2.302E0,-1.243E1));
#5953=CARTESIAN_POINT('',(6.247E0,-2.172E0,-1.256E1));
#5954=VERTEX_POINT('',#5952);
#5955=VERTEX_POINT('',#5953);
#5956=CARTESIAN_POINT('',(6.247E0,-8.32E-1,-1.256E1));
#5957=VERTEX_POINT('',#5956);
#5958=CARTESIAN_POINT('',(6.247E0,-7.02E-1,-1.243E1));
#5959=VERTEX_POINT('',#5958);
#5960=CARTESIAN_POINT('',(6.247E0,-7.02E-1,-1.058E1));
#5961=VERTEX_POINT('',#5960);
#5962=CARTESIAN_POINT('',(6.247E0,-8.32E-1,-1.045E1));
#5963=VERTEX_POINT('',#5962);
#5964=CARTESIAN_POINT('',(6.247E0,-2.172E0,-1.045E1));
#5965=VERTEX_POINT('',#5964);
#5966=CARTESIAN_POINT('',(6.247E0,-2.302E0,-1.058E1));
#5967=VERTEX_POINT('',#5966);
#5968=CARTESIAN_POINT('',(6.565E0,-2.302E0,-1.243E1));
#5969=CARTESIAN_POINT('',(6.565E0,-2.172E0,-1.256E1));
#5970=VERTEX_POINT('',#5968);
#5971=VERTEX_POINT('',#5969);
#5972=CARTESIAN_POINT('',(6.565E0,-8.32E-1,-1.256E1));
#5973=VERTEX_POINT('',#5972);
#5974=CARTESIAN_POINT('',(6.565E0,-7.02E-1,-1.243E1));
#5975=VERTEX_POINT('',#5974);
#5976=CARTESIAN_POINT('',(6.565E0,-7.02E-1,-1.058E1));
#5977=VERTEX_POINT('',#5976);
#5978=CARTESIAN_POINT('',(6.565E0,-8.32E-1,-1.045E1));
#5979=VERTEX_POINT('',#5978);
#5980=CARTESIAN_POINT('',(6.565E0,-2.172E0,-1.045E1));
#5981=VERTEX_POINT('',#5980);
#5982=CARTESIAN_POINT('',(6.565E0,-2.302E0,-1.058E1));
#5983=VERTEX_POINT('',#5982);
#5984=CARTESIAN_POINT('',(-6.247E0,-2.302E0,-1.058E1));
#5985=CARTESIAN_POINT('',(-6.247E0,-2.172E0,-1.045E1));
#5986=VERTEX_POINT('',#5984);
#5987=VERTEX_POINT('',#5985);
#5988=CARTESIAN_POINT('',(-6.247E0,-8.32E-1,-1.045E1));
#5989=VERTEX_POINT('',#5988);
#5990=CARTESIAN_POINT('',(-6.247E0,-7.02E-1,-1.058E1));
#5991=VERTEX_POINT('',#5990);
#5992=CARTESIAN_POINT('',(-6.247E0,-7.02E-1,-1.243E1));
#5993=VERTEX_POINT('',#5992);
#5994=CARTESIAN_POINT('',(-6.247E0,-8.32E-1,-1.256E1));
#5995=VERTEX_POINT('',#5994);
#5996=CARTESIAN_POINT('',(-6.247E0,-2.172E0,-1.256E1));
#5997=VERTEX_POINT('',#5996);
#5998=CARTESIAN_POINT('',(-6.247E0,-2.302E0,-1.243E1));
#5999=VERTEX_POINT('',#5998);
#6000=CARTESIAN_POINT('',(-6.565E0,-2.302E0,-1.058E1));
#6001=CARTESIAN_POINT('',(-6.565E0,-2.172E0,-1.045E1));
#6002=VERTEX_POINT('',#6000);
#6003=VERTEX_POINT('',#6001);
#6004=CARTESIAN_POINT('',(-6.565E0,-8.32E-1,-1.045E1));
#6005=VERTEX_POINT('',#6004);
#6006=CARTESIAN_POINT('',(-6.565E0,-7.02E-1,-1.058E1));
#6007=VERTEX_POINT('',#6006);
#6008=CARTESIAN_POINT('',(-6.565E0,-7.02E-1,-1.243E1));
#6009=VERTEX_POINT('',#6008);
#6010=CARTESIAN_POINT('',(-6.565E0,-8.32E-1,-1.256E1));
#6011=VERTEX_POINT('',#6010);
#6012=CARTESIAN_POINT('',(-6.565E0,-2.172E0,-1.256E1));
#6013=VERTEX_POINT('',#6012);
#6014=CARTESIAN_POINT('',(-6.565E0,-2.302E0,-1.243E1));
#6015=VERTEX_POINT('',#6014);
#6016=CARTESIAN_POINT('',(-6.68E0,-9.72E-1,-1.188E1));
#6017=CARTESIAN_POINT('',(-6.68E0,-9.72E-1,-1.238E1));
#6018=VERTEX_POINT('',#6016);
#6019=VERTEX_POINT('',#6017);
#6020=CARTESIAN_POINT('',(6.68E0,-9.72E-1,-1.238E1));
#6021=CARTESIAN_POINT('',(6.68E0,-9.72E-1,-1.188E1));
#6022=VERTEX_POINT('',#6020);
#6023=VERTEX_POINT('',#6021);
#6024=CARTESIAN_POINT('',(-6.68E0,-2.032E0,-1.188E1));
#6025=CARTESIAN_POINT('',(-6.68E0,-2.032E0,-1.238E1));
#6026=VERTEX_POINT('',#6024);
#6027=VERTEX_POINT('',#6025);
#6028=CARTESIAN_POINT('',(6.68E0,-2.032E0,-1.238E1));
#6029=CARTESIAN_POINT('',(6.68E0,-2.032E0,-1.188E1));
#6030=VERTEX_POINT('',#6028);
#6031=VERTEX_POINT('',#6029);
#6032=CARTESIAN_POINT('',(6.247E0,-9.72E-1,-1.238E1));
#6033=CARTESIAN_POINT('',(6.247E0,-9.72E-1,-1.092413207547E1));
#6034=VERTEX_POINT('',#6032);
#6035=VERTEX_POINT('',#6033);
#6036=CARTESIAN_POINT('',(6.247E0,-2.032E0,-1.238E1));
#6037=CARTESIAN_POINT('',(6.247E0,-2.032E0,-1.092413207547E1));
#6038=VERTEX_POINT('',#6036);
#6039=VERTEX_POINT('',#6037);
#6040=CARTESIAN_POINT('',(-6.247E0,-9.72E-1,-1.238E1));
#6041=CARTESIAN_POINT('',(-6.247E0,-9.72E-1,-1.092413207547E1));
#6042=VERTEX_POINT('',#6040);
#6043=VERTEX_POINT('',#6041);
#6044=CARTESIAN_POINT('',(-6.247E0,-2.032E0,-1.238E1));
#6045=CARTESIAN_POINT('',(-6.247E0,-2.032E0,-1.092413207547E1));
#6046=VERTEX_POINT('',#6044);
#6047=VERTEX_POINT('',#6045);
#6048=CARTESIAN_POINT('',(6.565E0,-1.475811882460E0,-1.894081048715E0));
#6049=VERTEX_POINT('',#6048);
#6050=CARTESIAN_POINT('',(6.565E0,1.475811882460E0,-1.894081048715E0));
#6051=VERTEX_POINT('',#6050);
#6052=CARTESIAN_POINT('',(6.247E0,-1.475811882460E0,-1.894081048715E0));
#6053=VERTEX_POINT('',#6052);
#6054=CARTESIAN_POINT('',(6.247E0,1.475811882460E0,-1.894081048715E0));
#6055=VERTEX_POINT('',#6054);
#6056=CARTESIAN_POINT('',(-6.565E0,-1.475811882460E0,-1.894081048715E0));
#6057=VERTEX_POINT('',#6056);
#6058=CARTESIAN_POINT('',(-6.565E0,1.475811882460E0,-1.894081048715E0));
#6059=VERTEX_POINT('',#6058);
#6060=CARTESIAN_POINT('',(-6.247E0,-1.475811882460E0,-1.894081048715E0));
#6061=VERTEX_POINT('',#6060);
#6062=CARTESIAN_POINT('',(-6.247E0,1.475811882460E0,-1.894081048715E0));
#6063=VERTEX_POINT('',#6062);
#6064=VERTEX_POINT('',#2650);
#6065=VERTEX_POINT('',#2654);
#6066=VERTEX_POINT('',#2656);
#6067=VERTEX_POINT('',#2662);
#6068=VERTEX_POINT('',#2672);
#6069=CARTESIAN_POINT('',(-6.247E0,1.226974379071E0,-1.62E0));
#6070=VERTEX_POINT('',#6069);
#6071=CARTESIAN_POINT('',(4.716555018166E0,2.56E0,-7.696831148711E0));
#6072=CARTESIAN_POINT('',(4.468765132767E0,2.56E0,-7.98E0));
#6073=VERTEX_POINT('',#6071);
#6074=VERTEX_POINT('',#6072);
#6075=VERTEX_POINT('',#380);
#6076=VERTEX_POINT('',#388);
#6077=CARTESIAN_POINT('',(4.716555018166E0,-2.878E0,-7.696831148711E0));
#6078=CARTESIAN_POINT('',(4.468765132767E0,-2.878E0,-7.98E0));
#6079=VERTEX_POINT('',#6077);
#6080=VERTEX_POINT('',#6078);
#6081=VERTEX_POINT('',#768);
#6082=VERTEX_POINT('',#776);
#6083=CARTESIAN_POINT('',(-1.283444981834E0,2.56E0,-7.696831148711E0));
#6084=CARTESIAN_POINT('',(-1.531234867233E0,2.56E0,-7.98E0));
#6085=VERTEX_POINT('',#6083);
#6086=VERTEX_POINT('',#6084);
#6087=VERTEX_POINT('',#1228);
#6088=VERTEX_POINT('',#1236);
#6089=CARTESIAN_POINT('',(1.283444981834E0,2.878E0,-7.696831148711E0));
#6090=VERTEX_POINT('',#6089);
#6091=VERTEX_POINT('',#305);
#6092=VERTEX_POINT('',#2496);
#6093=VERTEX_POINT('',#2504);
#6094=VERTEX_POINT('',#2512);
#6095=CARTESIAN_POINT('',(-1.283444981834E0,-2.878E0,-7.696831148711E0));
#6096=CARTESIAN_POINT('',(-1.531234867233E0,-2.878E0,-7.98E0));
#6097=VERTEX_POINT('',#6095);
#6098=VERTEX_POINT('',#6096);
#6099=CARTESIAN_POINT('',(-4.468765132767E0,-2.878E0,-7.98E0));
#6100=CARTESIAN_POINT('',(-4.716555018166E0,-2.878E0,-7.696831148711E0));
#6101=VERTEX_POINT('',#6099);
#6102=VERTEX_POINT('',#6100);
#6103=CARTESIAN_POINT('',(-6.565E0,-3.65E0,-1.13E1));
#6104=CARTESIAN_POINT('',(-6.247E0,-3.65E0,-1.13E1));
#6105=VERTEX_POINT('',#6103);
#6106=VERTEX_POINT('',#6104);
#6107=CARTESIAN_POINT('',(-6.565E0,-3.65E0,-9.26E0));
#6108=CARTESIAN_POINT('',(-6.247E0,-3.65E0,-9.26E0));
#6109=VERTEX_POINT('',#6107);
#6110=VERTEX_POINT('',#6108);
#6111=VERTEX_POINT('',#5213);
#6112=VERTEX_POINT('',#5219);
#6113=VERTEX_POINT('',#5225);
#6114=VERTEX_POINT('',#5231);
#6115=CARTESIAN_POINT('',(-6.497451751994E0,-4.338110533266E0,
-1.120873095900E1));
#6116=VERTEX_POINT('',#6115);
#6117=CARTESIAN_POINT('',(-6.497451751994E0,-4.338110533266E0,
-9.351269040999E0));
#6118=VERTEX_POINT('',#6117);
#6119=VERTEX_POINT('',#4389);
#6120=VERTEX_POINT('',#4395);
#6121=CARTESIAN_POINT('',(-8.016399110541E0,-5.653601327835E0,
-1.103424796905E1));
#6122=VERTEX_POINT('',#6121);
#6123=CARTESIAN_POINT('',(-8.016399110541E0,-5.653601327835E0,
-9.525752030954E0));
#6124=VERTEX_POINT('',#6123);
#6125=VERTEX_POINT('',#4361);
#6126=VERTEX_POINT('',#4375);
#6127=VERTEX_POINT('',#4303);
#6128=VERTEX_POINT('',#4339);
#6129=VERTEX_POINT('',#4401);
#6130=VERTEX_POINT('',#5270);
#6131=VERTEX_POINT('',#4431);
#6132=VERTEX_POINT('',#4468);
#6133=VERTEX_POINT('',#4426);
#6134=VERTEX_POINT('',#4523);
#6135=CARTESIAN_POINT('',(5.661568542495E0,6.814314575051E-1,-3.5E0));
#6136=CARTESIAN_POINT('',(5.661568542495E0,7.945685424949E-1,-3.5E0));
#6137=VERTEX_POINT('',#6135);
#6138=VERTEX_POINT('',#6136);
#6139=CARTESIAN_POINT('',(-5.661568542495E0,7.945685424949E-1,-3.5E0));
#6140=CARTESIAN_POINT('',(-5.661568542495E0,6.814314575051E-1,-3.5E0));
#6141=VERTEX_POINT('',#6139);
#6142=VERTEX_POINT('',#6140);
#6143=CARTESIAN_POINT('',(5.55E0,5.698629150102E-1,-8.88E0));
#6144=CARTESIAN_POINT('',(5.661568542495E0,6.814314575051E-1,-8.88E0));
#6145=VERTEX_POINT('',#6143);
#6146=VERTEX_POINT('',#6144);
#6147=CARTESIAN_POINT('',(5.661568542495E0,7.945685424949E-1,-8.88E0));
#6148=VERTEX_POINT('',#6147);
#6149=CARTESIAN_POINT('',(5.55E0,9.061370849898E-1,-8.88E0));
#6150=VERTEX_POINT('',#6149);
#6151=CARTESIAN_POINT('',(-5.55E0,9.061370849898E-1,-8.88E0));
#6152=CARTESIAN_POINT('',(-5.661568542495E0,7.945685424949E-1,-8.88E0));
#6153=VERTEX_POINT('',#6151);
#6154=VERTEX_POINT('',#6152);
#6155=CARTESIAN_POINT('',(-5.661568542495E0,6.814314575051E-1,-8.88E0));
#6156=VERTEX_POINT('',#6155);
#6157=CARTESIAN_POINT('',(-5.55E0,5.698629150102E-1,-8.88E0));
#6158=VERTEX_POINT('',#6157);
#6159=CARTESIAN_POINT('',(-5.55E0,5.698629150102E-1,-3.5E0));
#6160=CARTESIAN_POINT('',(-5.55E0,9.061370849898E-1,-3.5E0));
#6161=VERTEX_POINT('',#6159);
#6162=VERTEX_POINT('',#6160);
#6163=CARTESIAN_POINT('',(5.55E0,5.698629150102E-1,-3.5E0));
#6164=CARTESIAN_POINT('',(5.55E0,9.061370849898E-1,-3.5E0));
#6165=VERTEX_POINT('',#6163);
#6166=VERTEX_POINT('',#6164);
#6167=CARTESIAN_POINT('',(-3.2E0,-3.881E0,-1.3161E1));
#6168=CARTESIAN_POINT('',(-3.2E0,-3.752E0,-1.294223300066E1));
#6169=VERTEX_POINT('',#6167);
#6170=VERTEX_POINT('',#6168);
#6171=CARTESIAN_POINT('',(-3.8E0,-3.881E0,-1.3161E1));
#6172=CARTESIAN_POINT('',(-3.8E0,-3.752E0,-1.294223300066E1));
#6173=VERTEX_POINT('',#6171);
#6174=VERTEX_POINT('',#6172);
#6175=CARTESIAN_POINT('',(-3.2E0,-3.881E0,-1.516E1));
#6176=VERTEX_POINT('',#6175);
#6177=CARTESIAN_POINT('',(-3.8E0,-3.881E0,-1.516E1));
#6178=VERTEX_POINT('',#6177);
#6179=CARTESIAN_POINT('',(-3.2E0,-4.132E0,-1.516E1));
#6180=VERTEX_POINT('',#6179);
#6181=CARTESIAN_POINT('',(-3.8E0,-4.132E0,-1.516E1));
#6182=VERTEX_POINT('',#6181);
#6183=CARTESIAN_POINT('',(-3.2E0,-4.132E0,-1.3161E1));
#6184=VERTEX_POINT('',#6183);
#6185=CARTESIAN_POINT('',(-3.8E0,-4.132E0,-1.3161E1));
#6186=VERTEX_POINT('',#6185);
#6187=CARTESIAN_POINT('',(-3.2E0,-3.752E0,-1.267483130500E1));
#6188=VERTEX_POINT('',#6187);
#6189=CARTESIAN_POINT('',(-3.8E0,-3.752E0,-1.267483130500E1));
#6190=VERTEX_POINT('',#6189);
#6191=CARTESIAN_POINT('',(-7.E-1,-3.881E0,-1.3161E1));
#6192=CARTESIAN_POINT('',(-7.E-1,-3.752E0,-1.294223300066E1));
#6193=VERTEX_POINT('',#6191);
#6194=VERTEX_POINT('',#6192);
#6195=CARTESIAN_POINT('',(-1.3E0,-3.881E0,-1.3161E1));
#6196=CARTESIAN_POINT('',(-1.3E0,-3.752E0,-1.294223300066E1));
#6197=VERTEX_POINT('',#6195);
#6198=VERTEX_POINT('',#6196);
#6199=CARTESIAN_POINT('',(-7.E-1,-3.881E0,-1.516E1));
#6200=VERTEX_POINT('',#6199);
#6201=CARTESIAN_POINT('',(-1.3E0,-3.881E0,-1.516E1));
#6202=VERTEX_POINT('',#6201);
#6203=CARTESIAN_POINT('',(-7.E-1,-4.132E0,-1.516E1));
#6204=VERTEX_POINT('',#6203);
#6205=CARTESIAN_POINT('',(-1.3E0,-4.132E0,-1.516E1));
#6206=VERTEX_POINT('',#6205);
#6207=CARTESIAN_POINT('',(-7.E-1,-4.132E0,-1.3161E1));
#6208=VERTEX_POINT('',#6207);
#6209=CARTESIAN_POINT('',(-1.3E0,-4.132E0,-1.3161E1));
#6210=VERTEX_POINT('',#6209);
#6211=CARTESIAN_POINT('',(-7.E-1,-3.752E0,-1.267483130500E1));
#6212=VERTEX_POINT('',#6211);
#6213=CARTESIAN_POINT('',(-1.3E0,-3.752E0,-1.267483130500E1));
#6214=VERTEX_POINT('',#6213);
#6215=CARTESIAN_POINT('',(7.E-1,-3.881E0,-1.3161E1));
#6216=CARTESIAN_POINT('',(7.E-1,-3.752E0,-1.294223300066E1));
#6217=VERTEX_POINT('',#6215);
#6218=VERTEX_POINT('',#6216);
#6219=CARTESIAN_POINT('',(1.3E0,-3.881E0,-1.3161E1));
#6220=CARTESIAN_POINT('',(1.3E0,-3.752E0,-1.294223300066E1));
#6221=VERTEX_POINT('',#6219);
#6222=VERTEX_POINT('',#6220);
#6223=CARTESIAN_POINT('',(7.E-1,-3.881E0,-1.516E1));
#6224=VERTEX_POINT('',#6223);
#6225=CARTESIAN_POINT('',(1.3E0,-3.881E0,-1.516E1));
#6226=VERTEX_POINT('',#6225);
#6227=CARTESIAN_POINT('',(7.E-1,-4.132E0,-1.516E1));
#6228=VERTEX_POINT('',#6227);
#6229=CARTESIAN_POINT('',(1.3E0,-4.132E0,-1.516E1));
#6230=VERTEX_POINT('',#6229);
#6231=CARTESIAN_POINT('',(7.E-1,-4.132E0,-1.3161E1));
#6232=VERTEX_POINT('',#6231);
#6233=CARTESIAN_POINT('',(1.3E0,-4.132E0,-1.3161E1));
#6234=VERTEX_POINT('',#6233);
#6235=CARTESIAN_POINT('',(7.E-1,-3.752E0,-1.267483130500E1));
#6236=VERTEX_POINT('',#6235);
#6237=CARTESIAN_POINT('',(1.3E0,-3.752E0,-1.267483130500E1));
#6238=VERTEX_POINT('',#6237);
#6239=CARTESIAN_POINT('',(3.2E0,-3.881E0,-1.3161E1));
#6240=CARTESIAN_POINT('',(3.2E0,-3.752E0,-1.294223300066E1));
#6241=VERTEX_POINT('',#6239);
#6242=VERTEX_POINT('',#6240);
#6243=CARTESIAN_POINT('',(3.8E0,-3.881E0,-1.3161E1));
#6244=CARTESIAN_POINT('',(3.8E0,-3.752E0,-1.294223300066E1));
#6245=VERTEX_POINT('',#6243);
#6246=VERTEX_POINT('',#6244);
#6247=CARTESIAN_POINT('',(3.2E0,-3.881E0,-1.516E1));
#6248=VERTEX_POINT('',#6247);
#6249=CARTESIAN_POINT('',(3.8E0,-3.881E0,-1.516E1));
#6250=VERTEX_POINT('',#6249);
#6251=CARTESIAN_POINT('',(3.2E0,-4.132E0,-1.516E1));
#6252=VERTEX_POINT('',#6251);
#6253=CARTESIAN_POINT('',(3.8E0,-4.132E0,-1.516E1));
#6254=VERTEX_POINT('',#6253);
#6255=CARTESIAN_POINT('',(3.2E0,-4.132E0,-1.3161E1));
#6256=VERTEX_POINT('',#6255);
#6257=CARTESIAN_POINT('',(3.8E0,-4.132E0,-1.3161E1));
#6258=VERTEX_POINT('',#6257);
#6259=CARTESIAN_POINT('',(3.2E0,-3.752E0,-1.267483130500E1));
#6260=VERTEX_POINT('',#6259);
#6261=CARTESIAN_POINT('',(3.8E0,-3.752E0,-1.267483130500E1));
#6262=VERTEX_POINT('',#6261);
#6263=CARTESIAN_POINT('',(7.312E0,1.62E0,0.E0));
#6264=CARTESIAN_POINT('',(7.012E0,1.92E0,0.E0));
#6265=VERTEX_POINT('',#6263);
#6266=VERTEX_POINT('',#6264);
#6267=CARTESIAN_POINT('',(7.012E0,1.92E0,-3.18E-1));
#6268=VERTEX_POINT('',#6267);
#6269=CARTESIAN_POINT('',(7.312E0,1.62E0,-3.18E-1));
#6270=VERTEX_POINT('',#6269);
#6271=CARTESIAN_POINT('',(7.312E0,-1.62E0,-3.18E-1));
#6272=CARTESIAN_POINT('',(7.012E0,-1.92E0,-3.18E-1));
#6273=VERTEX_POINT('',#6271);
#6274=VERTEX_POINT('',#6272);
#6275=CARTESIAN_POINT('',(7.012E0,-1.92E0,0.E0));
#6276=VERTEX_POINT('',#6275);
#6277=CARTESIAN_POINT('',(7.312E0,-1.62E0,0.E0));
#6278=VERTEX_POINT('',#6277);
#6279=CARTESIAN_POINT('',(-7.312E0,-1.62E0,0.E0));
#6280=CARTESIAN_POINT('',(-7.012E0,-1.92E0,0.E0));
#6281=VERTEX_POINT('',#6279);
#6282=VERTEX_POINT('',#6280);
#6283=CARTESIAN_POINT('',(-7.012E0,-1.92E0,-3.18E-1));
#6284=VERTEX_POINT('',#6283);
#6285=CARTESIAN_POINT('',(-7.312E0,-1.62E0,-3.18E-1));
#6286=VERTEX_POINT('',#6285);
#6287=CARTESIAN_POINT('',(-7.312E0,1.62E0,-3.18E-1));
#6288=CARTESIAN_POINT('',(-7.012E0,1.92E0,-3.18E-1));
#6289=VERTEX_POINT('',#6287);
#6290=VERTEX_POINT('',#6288);
#6291=CARTESIAN_POINT('',(-7.012E0,1.92E0,0.E0));
#6292=VERTEX_POINT('',#6291);
#6293=CARTESIAN_POINT('',(-7.312E0,1.62E0,0.E0));
#6294=VERTEX_POINT('',#6293);
#6295=VERTEX_POINT('',#546);
#6296=VERTEX_POINT('',#554);
#6297=VERTEX_POINT('',#556);
#6298=VERTEX_POINT('',#564);
#6299=VERTEX_POINT('',#506);
#6300=VERTEX_POINT('',#520);
#6301=VERTEX_POINT('',#590);
#6302=VERTEX_POINT('',#604);
#6303=VERTEX_POINT('',#606);
#6304=VERTEX_POINT('',#620);
#6305=VERTEX_POINT('',#570);
#6306=VERTEX_POINT('',#578);
#6307=CARTESIAN_POINT('',(4.220975247376E0,2.874535873251E0,-7.763168851289E0));
#6308=VERTEX_POINT('',#6307);
#6309=CARTESIAN_POINT('',(4.716555018166E0,2.878E0,-7.696831148711E0));
#6310=VERTEX_POINT('',#6309);
#6311=CARTESIAN_POINT('',(1.283444981834E0,2.56E0,-7.696831148711E0));
#6312=VERTEX_POINT('',#6311);
#6313=CARTESIAN_POINT('',(1.779024752624E0,2.556535873251E0,-7.763168851289E0));
#6314=VERTEX_POINT('',#6313);
#6315=CARTESIAN_POINT('',(1.531234867233E0,2.56E0,-7.98E0));
#6316=VERTEX_POINT('',#6315);
#6317=VERTEX_POINT('',#315);
#6318=VERTEX_POINT('',#1464);
#6319=VERTEX_POINT('',#1472);
#6320=VERTEX_POINT('',#1474);
#6321=VERTEX_POINT('',#1482);
#6322=VERTEX_POINT('',#1488);
#6323=VERTEX_POINT('',#1502);
#6324=VERTEX_POINT('',#1400);
#6325=VERTEX_POINT('',#1414);
#6326=VERTEX_POINT('',#1416);
#6327=VERTEX_POINT('',#1430);
#6328=VERTEX_POINT('',#1436);
#6329=VERTEX_POINT('',#1444);
#6330=VERTEX_POINT('',#926);
#6331=VERTEX_POINT('',#932);
#6332=VERTEX_POINT('',#934);
#6333=VERTEX_POINT('',#940);
#6334=VERTEX_POINT('',#896);
#6335=VERTEX_POINT('',#898);
#6336=VERTEX_POINT('',#986);
#6337=VERTEX_POINT('',#998);
#6338=VERTEX_POINT('',#1000);
#6339=VERTEX_POINT('',#1012);
#6340=VERTEX_POINT('',#970);
#6341=VERTEX_POINT('',#980);
#6342=VERTEX_POINT('',#1586);
#6343=VERTEX_POINT('',#1592);
#6344=VERTEX_POINT('',#1594);
#6345=VERTEX_POINT('',#1600);
#6346=VERTEX_POINT('',#1620);
#6347=VERTEX_POINT('',#1622);
#6348=VERTEX_POINT('',#1118);
#6349=VERTEX_POINT('',#1130);
#6350=VERTEX_POINT('',#1132);
#6351=VERTEX_POINT('',#1144);
#6352=VERTEX_POINT('',#1158);
#6353=VERTEX_POINT('',#1168);
#6354=CARTESIAN_POINT('',(-4.220975247376E0,2.556535873251E0,
-7.763168851289E0));
#6355=VERTEX_POINT('',#6354);
#6356=CARTESIAN_POINT('',(-4.716555018166E0,2.56E0,-7.696831148711E0));
#6357=CARTESIAN_POINT('',(-4.716555018166E0,2.878E0,-7.696831148711E0));
#6358=VERTEX_POINT('',#6356);
#6359=VERTEX_POINT('',#6357);
#6360=CARTESIAN_POINT('',(4.716555018166E0,-2.56E0,-7.696831148711E0));
#6361=VERTEX_POINT('',#6360);
#6362=CARTESIAN_POINT('',(-1.283444981834E0,-2.56E0,-7.696831148711E0));
#6363=VERTEX_POINT('',#6362);
#6364=CARTESIAN_POINT('',(-6.558858978528E0,1.226974379071E0,-1.62E0));
#6365=VERTEX_POINT('',#6364);
#6366=CARTESIAN_POINT('',(-6.247E0,-1.226974379071E0,-1.62E0));
#6367=CARTESIAN_POINT('',(-6.558858978528E0,-1.226974379071E0,-1.62E0));
#6368=VERTEX_POINT('',#6366);
#6369=VERTEX_POINT('',#6367);
#6370=CARTESIAN_POINT('',(-6.545017960512E0,-9.779798510152E-1,
-1.845985777552E0));
#6371=VERTEX_POINT('',#6370);
#6372=CARTESIAN_POINT('',(6.558858978528E0,1.226974379071E0,-1.62E0));
#6373=CARTESIAN_POINT('',(6.247E0,1.226974379071E0,-1.62E0));
#6374=VERTEX_POINT('',#6372);
#6375=VERTEX_POINT('',#6373);
#6376=CARTESIAN_POINT('',(6.247000000576E0,1.223844594437E0,-1.620000001478E0));
#6377=VERTEX_POINT('',#6376);
#6378=CARTESIAN_POINT('',(6.225321302385E0,9.747884727821E-1,
-1.845985777552E0));
#6379=CARTESIAN_POINT('',(6.545017960512E0,9.779798510152E-1,
-1.845985777552E0));
#6380=VERTEX_POINT('',#6378);
#6381=VERTEX_POINT('',#6379);
#6382=CARTESIAN_POINT('',(6.558858978528E0,-1.226974379071E0,-1.62E0));
#6383=CARTESIAN_POINT('',(6.247E0,-1.226974379071E0,-1.62E0));
#6384=VERTEX_POINT('',#6382);
#6385=VERTEX_POINT('',#6383);
#6386=CARTESIAN_POINT('',(6.545017960512E0,-9.779798510152E-1,
-1.845985777552E0));
#6387=CARTESIAN_POINT('',(6.225321302385E0,-9.747884727821E-1,
-1.845985777552E0));
#6388=VERTEX_POINT('',#6386);
#6389=VERTEX_POINT('',#6387);
#6390=CARTESIAN_POINT('',(6.247000000576E0,-1.223844594437E0,
-1.620000001478E0));
#6391=VERTEX_POINT('',#6390);
#6392=CARTESIAN_POINT('',(-1.283444981834E0,2.878E0,-7.696831148711E0));
#6393=VERTEX_POINT('',#6392);
#6394=CARTESIAN_POINT('',(-1.779024752624E0,2.556535873251E0,
-7.763168851289E0));
#6395=CARTESIAN_POINT('',(-1.779024752624E0,2.874535873251E0,
-7.763168851289E0));
#6396=VERTEX_POINT('',#6394);
#6397=VERTEX_POINT('',#6395);
#6398=CARTESIAN_POINT('',(-1.531234867233E0,2.878E0,-7.98E0));
#6399=VERTEX_POINT('',#6398);
#6400=VERTEX_POINT('',#1246);
#6401=CARTESIAN_POINT('',(4.468765132767E0,-2.56E0,-7.98E0));
#6402=VERTEX_POINT('',#6401);
#6403=VERTEX_POINT('',#721);
#6404=VERTEX_POINT('',#723);
#6405=VERTEX_POINT('',#778);
#6406=VERTEX_POINT('',#786);
#6407=CARTESIAN_POINT('',(1.283444981834E0,-2.878E0,-7.696831148711E0));
#6408=VERTEX_POINT('',#6407);
#6409=CARTESIAN_POINT('',(1.283444981834E0,-2.56E0,-7.696831148711E0));
#6410=VERTEX_POINT('',#6409);
#6411=CARTESIAN_POINT('',(-1.531234867233E0,-2.56E0,-7.98E0));
#6412=VERTEX_POINT('',#6411);
#6413=VERTEX_POINT('',#1557);
#6414=VERTEX_POINT('',#1559);
#6415=VERTEX_POINT('',#1192);
#6416=VERTEX_POINT('',#1200);
#6417=VERTEX_POINT('',#1202);
#6418=CARTESIAN_POINT('',(-4.716555018166E0,-2.56E0,-7.696831148711E0));
#6419=VERTEX_POINT('',#6418);
#6420=VERTEX_POINT('',#2679);
#6421=VERTEX_POINT('',#2518);
#6422=VERTEX_POINT('',#3128);
#6423=VERTEX_POINT('',#3142);
#6424=VERTEX_POINT('',#3310);
#6425=VERTEX_POINT('',#3280);
#6426=VERTEX_POINT('',#2536);
#6427=VERTEX_POINT('',#3160);
#6428=VERTEX_POINT('',#3292);
#6429=CARTESIAN_POINT('',(5.42E0,3.8E-2,-1.158179306876E0));
#6430=CARTESIAN_POINT('',(5.42E0,3.8E-2,-8.88E0));
#6431=VERTEX_POINT('',#6429);
#6432=VERTEX_POINT('',#6430);
#6433=CARTESIAN_POINT('',(-5.42E0,3.8E-2,-8.88E0));
#6434=CARTESIAN_POINT('',(-5.42E0,3.8E-2,-1.158179306876E0));
#6435=VERTEX_POINT('',#6433);
#6436=VERTEX_POINT('',#6434);
#6437=CARTESIAN_POINT('',(4.91E0,1.878E0,-8.88E0));
#6438=CARTESIAN_POINT('',(4.91E0,1.878E0,-1.366025403784E0));
#6439=VERTEX_POINT('',#6437);
#6440=VERTEX_POINT('',#6438);
#6441=CARTESIAN_POINT('',(-4.91E0,1.878E0,-1.366025403784E0));
#6442=CARTESIAN_POINT('',(-4.91E0,1.878E0,-8.88E0));
#6443=VERTEX_POINT('',#6441);
#6444=VERTEX_POINT('',#6442);
#6445=CARTESIAN_POINT('',(-5.55E0,1.238E0,-8.88E0));
#6446=VERTEX_POINT('',#6445);
#6447=CARTESIAN_POINT('',(-5.55E0,1.68E-1,-8.88E0));
#6448=VERTEX_POINT('',#6447);
#6449=CARTESIAN_POINT('',(5.55E0,1.238E0,-8.88E0));
#6450=VERTEX_POINT('',#6449);
#6451=CARTESIAN_POINT('',(5.55E0,1.68E-1,-8.88E0));
#6452=VERTEX_POINT('',#6451);
#6453=VERTEX_POINT('',#3636);
#6454=VERTEX_POINT('',#3643);
#6455=CARTESIAN_POINT('',(-5.05E0,1.378E0,-5.E-1));
#6456=VERTEX_POINT('',#6455);
#6457=CARTESIAN_POINT('',(-5.05E0,4.18E-1,-5.E-1));
#6458=VERTEX_POINT('',#6457);
#6459=CARTESIAN_POINT('',(-5.429641941386E0,3.835805861408E-2,
-1.157559131165E0));
#6460=VERTEX_POINT('',#6459);
#6461=VERTEX_POINT('',#3903);
#6462=VERTEX_POINT('',#3672);
#6463=VERTEX_POINT('',#3681);
#6464=CARTESIAN_POINT('',(5.05E0,4.18E-1,-5.E-1));
#6465=VERTEX_POINT('',#6464);
#6466=CARTESIAN_POINT('',(5.05E0,1.378E0,-5.E-1));
#6467=VERTEX_POINT('',#6466);
#6468=CARTESIAN_POINT('',(5.362548339959E0,1.690548339959E0,-1.041349604631E0));
#6469=VERTEX_POINT('',#6468);
#6470=VERTEX_POINT('',#3665);
#6471=CARTESIAN_POINT('',(-6.565E0,-2.22E0,-6.2E-1));
#6472=CARTESIAN_POINT('',(-6.247E0,-2.22E0,-6.2E-1));
#6473=VERTEX_POINT('',#6471);
#6474=VERTEX_POINT('',#6472);
#6475=CARTESIAN_POINT('',(-6.832301296854E0,-1.92E0,-3.2E-1));
#6476=CARTESIAN_POINT('',(-6.324413601350E0,-1.92E0,-3.2E-1));
#6477=VERTEX_POINT('',#6475);
#6478=VERTEX_POINT('',#6476);
#6479=CARTESIAN_POINT('',(-5.907E0,-2.56E0,-6.2E-1));
#6480=CARTESIAN_POINT('',(-5.907E0,-2.878E0,-6.2E-1));
#6481=VERTEX_POINT('',#6479);
#6482=VERTEX_POINT('',#6480);
#6483=CARTESIAN_POINT('',(-5.607E0,-2.637413601350E0,-3.2E-1));
#6484=CARTESIAN_POINT('',(-5.607E0,-3.145301296854E0,-3.2E-1));
#6485=VERTEX_POINT('',#6483);
#6486=VERTEX_POINT('',#6484);
#6487=CARTESIAN_POINT('',(5.907E0,-2.878E0,-6.2E-1));
#6488=CARTESIAN_POINT('',(5.907E0,-2.56E0,-6.2E-1));
#6489=VERTEX_POINT('',#6487);
#6490=VERTEX_POINT('',#6488);
#6491=CARTESIAN_POINT('',(5.607E0,-3.145301296854E0,-3.2E-1));
#6492=CARTESIAN_POINT('',(5.607E0,-2.637413601350E0,-3.2E-1));
#6493=VERTEX_POINT('',#6491);
#6494=VERTEX_POINT('',#6492);
#6495=CARTESIAN_POINT('',(6.247E0,-2.22E0,-6.2E-1));
#6496=CARTESIAN_POINT('',(6.565E0,-2.22E0,-6.2E-1));
#6497=VERTEX_POINT('',#6495);
#6498=VERTEX_POINT('',#6496);
#6499=CARTESIAN_POINT('',(6.324413601350E0,-1.92E0,-3.2E-1));
#6500=CARTESIAN_POINT('',(6.832301296854E0,-1.92E0,-3.2E-1));
#6501=VERTEX_POINT('',#6499);
#6502=VERTEX_POINT('',#6500);
#6503=CARTESIAN_POINT('',(6.565E0,2.22E0,-6.2E-1));
#6504=CARTESIAN_POINT('',(6.247E0,2.22E0,-6.2E-1));
#6505=VERTEX_POINT('',#6503);
#6506=VERTEX_POINT('',#6504);
#6507=CARTESIAN_POINT('',(6.832301296854E0,1.92E0,-3.2E-1));
#6508=CARTESIAN_POINT('',(6.324413601350E0,1.92E0,-3.2E-1));
#6509=VERTEX_POINT('',#6507);
#6510=VERTEX_POINT('',#6508);
#6511=CARTESIAN_POINT('',(5.907E0,2.56E0,-6.2E-1));
#6512=CARTESIAN_POINT('',(5.907E0,2.878E0,-6.2E-1));
#6513=VERTEX_POINT('',#6511);
#6514=VERTEX_POINT('',#6512);
#6515=CARTESIAN_POINT('',(5.607E0,2.637413601350E0,-3.2E-1));
#6516=CARTESIAN_POINT('',(5.607E0,3.145301296854E0,-3.2E-1));
#6517=VERTEX_POINT('',#6515);
#6518=VERTEX_POINT('',#6516);
#6519=CARTESIAN_POINT('',(-5.907E0,2.878E0,-6.2E-1));
#6520=CARTESIAN_POINT('',(-5.907E0,2.56E0,-6.2E-1));
#6521=VERTEX_POINT('',#6519);
#6522=VERTEX_POINT('',#6520);
#6523=CARTESIAN_POINT('',(-5.607E0,3.145301296854E0,-3.2E-1));
#6524=CARTESIAN_POINT('',(-5.607E0,2.637413601350E0,-3.2E-1));
#6525=VERTEX_POINT('',#6523);
#6526=VERTEX_POINT('',#6524);
#6527=CARTESIAN_POINT('',(-6.247E0,2.22E0,-6.2E-1));
#6528=CARTESIAN_POINT('',(-6.565E0,2.22E0,-6.2E-1));
#6529=VERTEX_POINT('',#6527);
#6530=VERTEX_POINT('',#6528);
#6531=CARTESIAN_POINT('',(-6.324413601350E0,1.92E0,-3.2E-1));
#6532=CARTESIAN_POINT('',(-6.832301296854E0,1.92E0,-3.2E-1));
#6533=VERTEX_POINT('',#6531);
#6534=VERTEX_POINT('',#6532);
#6535=CARTESIAN_POINT('',(-5.307E0,-3.625E0,-3.18E-1));
#6536=CARTESIAN_POINT('',(-5.607E0,-3.325E0,-3.18E-1));
#6537=VERTEX_POINT('',#6535);
#6538=VERTEX_POINT('',#6536);
#6539=CARTESIAN_POINT('',(-5.607E0,-3.325E0,0.E0));
#6540=VERTEX_POINT('',#6539);
#6541=CARTESIAN_POINT('',(-5.307E0,-3.625E0,0.E0));
#6542=VERTEX_POINT('',#6541);
#6543=CARTESIAN_POINT('',(5.307E0,-3.625E0,0.E0));
#6544=CARTESIAN_POINT('',(5.607E0,-3.325E0,0.E0));
#6545=VERTEX_POINT('',#6543);
#6546=VERTEX_POINT('',#6544);
#6547=CARTESIAN_POINT('',(5.607E0,-3.325E0,-3.18E-1));
#6548=VERTEX_POINT('',#6547);
#6549=CARTESIAN_POINT('',(5.307E0,-3.625E0,-3.18E-1));
#6550=VERTEX_POINT('',#6549);
#6551=CARTESIAN_POINT('',(5.307E0,3.625E0,-3.18E-1));
#6552=CARTESIAN_POINT('',(5.607E0,3.325E0,-3.18E-1));
#6553=VERTEX_POINT('',#6551);
#6554=VERTEX_POINT('',#6552);
#6555=CARTESIAN_POINT('',(5.607E0,3.325E0,0.E0));
#6556=VERTEX_POINT('',#6555);
#6557=CARTESIAN_POINT('',(5.307E0,3.625E0,0.E0));
#6558=VERTEX_POINT('',#6557);
#6559=CARTESIAN_POINT('',(-5.307E0,3.625E0,0.E0));
#6560=CARTESIAN_POINT('',(-5.607E0,3.325E0,0.E0));
#6561=VERTEX_POINT('',#6559);
#6562=VERTEX_POINT('',#6560);
#6563=CARTESIAN_POINT('',(-5.607E0,3.325E0,-3.18E-1));
#6564=VERTEX_POINT('',#6563);
#6565=CARTESIAN_POINT('',(-5.307E0,3.625E0,-3.18E-1));
#6566=VERTEX_POINT('',#6565);
#6567=VERTEX_POINT('',#462);
#6568=VERTEX_POINT('',#470);
#6569=CARTESIAN_POINT('',(3.488368229742E0,2.396861102975E0,-2.290184352730E0));
#6570=VERTEX_POINT('',#6569);
#6571=VERTEX_POINT('',#438);
#6572=VERTEX_POINT('',#448);
#6573=VERTEX_POINT('',#456);
#6574=CARTESIAN_POINT('',(2.481536131765E0,2.621692368557E0,-2.515015618311E0));
#6575=VERTEX_POINT('',#6574);
#6576=VERTEX_POINT('',#480);
#6577=VERTEX_POINT('',#1324);
#6578=VERTEX_POINT('',#1332);
#6579=CARTESIAN_POINT('',(-2.511631770258E0,2.396861102975E0,
-2.290184352730E0));
#6580=VERTEX_POINT('',#6579);
#6581=VERTEX_POINT('',#1376);
#6582=VERTEX_POINT('',#1386);
#6583=VERTEX_POINT('',#1394);
#6584=CARTESIAN_POINT('',(-3.518463868235E0,2.621692368557E0,
-2.515015618311E0));
#6585=VERTEX_POINT('',#6584);
#6586=VERTEX_POINT('',#1342);
#6587=VERTEX_POINT('',#838);
#6588=VERTEX_POINT('',#846);
#6589=CARTESIAN_POINT('',(3.518463868235E0,-2.621692368557E0,
-2.515015618311E0));
#6590=VERTEX_POINT('',#6589);
#6591=VERTEX_POINT('',#814);
#6592=VERTEX_POINT('',#824);
#6593=VERTEX_POINT('',#832);
#6594=CARTESIAN_POINT('',(2.511631770258E0,-2.396861102975E0,
-2.290184352730E0));
#6595=VERTEX_POINT('',#6594);
#6596=VERTEX_POINT('',#856);
#6597=VERTEX_POINT('',#1042);
#6598=VERTEX_POINT('',#1050);
#6599=CARTESIAN_POINT('',(-2.481536131765E0,-2.621692368557E0,
-2.515015618311E0));
#6600=VERTEX_POINT('',#6599);
#6601=VERTEX_POINT('',#1094);
#6602=VERTEX_POINT('',#1104);
#6603=VERTEX_POINT('',#1112);
#6604=CARTESIAN_POINT('',(-3.488368229742E0,-2.396861102975E0,
-2.290184352730E0));
#6605=VERTEX_POINT('',#6604);
#6606=VERTEX_POINT('',#1060);
#6607=CARTESIAN_POINT('',(-6.565E0,3.625E0,0.E0));
#6608=DIRECTION('',(0.E0,0.E0,1.E0));
#6609=DIRECTION('',(0.E0,-1.E0,0.E0));
#6610=AXIS2_PLACEMENT_3D('',#6607,#6608,#6609);
#6611=PLANE('',#6610);
#6613=ORIENTED_EDGE('',*,*,#6612,.F.);
#6615=ORIENTED_EDGE('',*,*,#6614,.T.);
#6617=ORIENTED_EDGE('',*,*,#6616,.F.);
#6619=ORIENTED_EDGE('',*,*,#6618,.F.);
#6621=ORIENTED_EDGE('',*,*,#6620,.F.);
#6623=ORIENTED_EDGE('',*,*,#6622,.T.);
#6624=EDGE_LOOP('',(#6613,#6615,#6617,#6619,#6621,#6623));
#6625=FACE_OUTER_BOUND('',#6624,.F.);
#6627=CARTESIAN_POINT('',(5.307E0,3.325E0,1.82504E1));
#6628=DIRECTION('',(0.E0,0.E0,-1.E0));
#6629=DIRECTION('',(0.E0,1.E0,0.E0));
#6630=AXIS2_PLACEMENT_3D('',#6627,#6628,#6629);
#6631=CYLINDRICAL_SURFACE('',#6630,3.E-1);
#6633=ORIENTED_EDGE('',*,*,#6632,.T.);
#6635=ORIENTED_EDGE('',*,*,#6634,.F.);
#6636=ORIENTED_EDGE('',*,*,#6612,.T.);
#6638=ORIENTED_EDGE('',*,*,#6637,.T.);
#6639=EDGE_LOOP('',(#6633,#6635,#6636,#6638));
#6640=FACE_OUTER_BOUND('',#6639,.F.);
#6642=CARTESIAN_POINT('',(-6.565E0,3.18E0,-3.18E-1));
#6643=DIRECTION('',(0.E0,0.E0,-1.E0));
#6644=DIRECTION('',(0.E0,1.E0,0.E0));
#6645=AXIS2_PLACEMENT_3D('',#6642,#6643,#6644);
#6646=PLANE('',#6645);
#6647=ORIENTED_EDGE('',*,*,#6632,.F.);
#6649=ORIENTED_EDGE('',*,*,#6648,.F.);
#6651=ORIENTED_EDGE('',*,*,#6650,.F.);
#6653=ORIENTED_EDGE('',*,*,#6652,.F.);
#6655=ORIENTED_EDGE('',*,*,#6654,.T.);
#6657=ORIENTED_EDGE('',*,*,#6656,.T.);
#6658=EDGE_LOOP('',(#6647,#6649,#6651,#6653,#6655,#6657));
#6659=FACE_OUTER_BOUND('',#6658,.F.);
#6661=CARTESIAN_POINT('',(-6.565E0,3.625E0,-3.18E-1));
#6662=DIRECTION('',(0.E0,1.E0,0.E0));
#6663=DIRECTION('',(0.E0,0.E0,1.E0));
#6664=AXIS2_PLACEMENT_3D('',#6661,#6662,#6663);
#6665=PLANE('',#6664);
#6666=ORIENTED_EDGE('',*,*,#6637,.F.);
#6667=ORIENTED_EDGE('',*,*,#6622,.F.);
#6669=ORIENTED_EDGE('',*,*,#6668,.F.);
#6670=ORIENTED_EDGE('',*,*,#6648,.T.);
#6671=EDGE_LOOP('',(#6666,#6667,#6669,#6670));
#6672=FACE_OUTER_BOUND('',#6671,.F.);
#6674=CARTESIAN_POINT('',(-5.307E0,3.325E0,-3.22504E1));
#6675=DIRECTION('',(0.E0,0.E0,1.E0));
#6676=DIRECTION('',(0.E0,1.E0,0.E0));
#6677=AXIS2_PLACEMENT_3D('',#6674,#6675,#6676);
#6678=CYLINDRICAL_SURFACE('',#6677,3.E-1);
#6679=ORIENTED_EDGE('',*,*,#6620,.T.);
#6681=ORIENTED_EDGE('',*,*,#6680,.F.);
#6682=ORIENTED_EDGE('',*,*,#6650,.T.);
#6683=ORIENTED_EDGE('',*,*,#6668,.T.);
#6684=EDGE_LOOP('',(#6679,#6681,#6682,#6683));
#6685=FACE_OUTER_BOUND('',#6684,.F.);
#6687=CARTESIAN_POINT('',(-5.607E0,2.56E0,0.E0));
#6688=DIRECTION('',(1.E0,0.E0,0.E0));
#6689=DIRECTION('',(0.E0,1.E0,0.E0));
#6690=AXIS2_PLACEMENT_3D('',#6687,#6688,#6689);
#6691=PLANE('',#6690);
#6692=ORIENTED_EDGE('',*,*,#6680,.T.);
#6693=ORIENTED_EDGE('',*,*,#6618,.T.);
#6695=ORIENTED_EDGE('',*,*,#6694,.T.);
#6697=ORIENTED_EDGE('',*,*,#6696,.F.);
#6699=ORIENTED_EDGE('',*,*,#6698,.F.);
#6700=ORIENTED_EDGE('',*,*,#6652,.T.);
#6701=EDGE_LOOP('',(#6692,#6693,#6695,#6697,#6699,#6700));
#6702=FACE_OUTER_BOUND('',#6701,.F.);
#6704=CARTESIAN_POINT('',(-6.565E0,3.18E0,-6.2E-1));
#6705=DIRECTION('',(1.E0,0.E0,0.E0));
#6706=DIRECTION('',(0.E0,0.E0,-1.E0));
#6707=AXIS2_PLACEMENT_3D('',#6704,#6705,#6706);
#6708=CYLINDRICAL_SURFACE('',#6707,6.2E-1);
#6710=ORIENTED_EDGE('',*,*,#6709,.T.);
#6712=ORIENTED_EDGE('',*,*,#6711,.F.);
#6714=ORIENTED_EDGE('',*,*,#6713,.T.);
#6716=ORIENTED_EDGE('',*,*,#6715,.F.);
#6717=ORIENTED_EDGE('',*,*,#6694,.F.);
#6718=ORIENTED_EDGE('',*,*,#6616,.T.);
#6719=EDGE_LOOP('',(#6710,#6712,#6714,#6716,#6717,#6718));
#6720=FACE_OUTER_BOUND('',#6719,.F.);
#6722=CARTESIAN_POINT('',(5.607E0,3.625E0,0.E0));
#6723=DIRECTION('',(-1.E0,0.E0,0.E0));
#6724=DIRECTION('',(0.E0,-1.E0,0.E0));
#6725=AXIS2_PLACEMENT_3D('',#6722,#6723,#6724);
#6726=PLANE('',#6725);
#6727=ORIENTED_EDGE('',*,*,#6634,.T.);
#6728=ORIENTED_EDGE('',*,*,#6656,.F.);
#6730=ORIENTED_EDGE('',*,*,#6729,.T.);
#6732=ORIENTED_EDGE('',*,*,#6731,.F.);
#6733=ORIENTED_EDGE('',*,*,#6709,.F.);
#6734=ORIENTED_EDGE('',*,*,#6614,.F.);
#6735=EDGE_LOOP('',(#6727,#6728,#6730,#6732,#6733,#6734));
#6736=FACE_OUTER_BOUND('',#6735,.F.);
#6738=CARTESIAN_POINT('',(-6.565E0,3.18E0,-6.2E-1));
#6739=DIRECTION('',(1.E0,0.E0,0.E0));
#6740=DIRECTION('',(0.E0,0.E0,-1.E0));
#6741=AXIS2_PLACEMENT_3D('',#6738,#6739,#6740);
#6742=CYLINDRICAL_SURFACE('',#6741,3.02E-1);
#6744=ORIENTED_EDGE('',*,*,#6743,.T.);
#6746=ORIENTED_EDGE('',*,*,#6745,.F.);
#6747=ORIENTED_EDGE('',*,*,#6729,.F.);
#6748=ORIENTED_EDGE('',*,*,#6654,.F.);
#6749=ORIENTED_EDGE('',*,*,#6698,.T.);
#6751=ORIENTED_EDGE('',*,*,#6750,.F.);
#6752=EDGE_LOOP('',(#6744,#6746,#6747,#6748,#6749,#6751));
#6753=FACE_OUTER_BOUND('',#6752,.F.);
#6755=CARTESIAN_POINT('',(-6.565E0,2.878E0,-1.4E1));
#6756=DIRECTION('',(0.E0,1.E0,0.E0));
#6757=DIRECTION('',(0.E0,0.E0,1.E0));
#6758=AXIS2_PLACEMENT_3D('',#6755,#6756,#6757);
#6759=PLANE('',#6758);
#6760=ORIENTED_EDGE('',*,*,#6743,.F.);
#6762=ORIENTED_EDGE('',*,*,#6761,.F.);
#6764=ORIENTED_EDGE('',*,*,#6763,.T.);
#6766=ORIENTED_EDGE('',*,*,#6765,.T.);
#6768=ORIENTED_EDGE('',*,*,#6767,.T.);
#6770=ORIENTED_EDGE('',*,*,#6769,.F.);
#6771=EDGE_LOOP('',(#6760,#6762,#6764,#6766,#6768,#6770));
#6772=FACE_OUTER_BOUND('',#6771,.F.);
#6774=ORIENTED_EDGE('',*,*,#6773,.F.);
#6776=ORIENTED_EDGE('',*,*,#6775,.F.);
#6778=ORIENTED_EDGE('',*,*,#6777,.F.);
#6780=ORIENTED_EDGE('',*,*,#6779,.F.);
#6782=ORIENTED_EDGE('',*,*,#6781,.F.);
#6784=ORIENTED_EDGE('',*,*,#6783,.T.);
#6785=EDGE_LOOP('',(#6774,#6776,#6778,#6780,#6782,#6784));
#6786=FACE_BOUND('',#6785,.F.);
#6788=ORIENTED_EDGE('',*,*,#6787,.F.);
#6790=ORIENTED_EDGE('',*,*,#6789,.F.);
#6792=ORIENTED_EDGE('',*,*,#6791,.F.);
#6794=ORIENTED_EDGE('',*,*,#6793,.F.);
#6796=ORIENTED_EDGE('',*,*,#6795,.F.);
#6798=ORIENTED_EDGE('',*,*,#6797,.T.);
#6799=EDGE_LOOP('',(#6788,#6790,#6792,#6794,#6796,#6798));
#6800=FACE_BOUND('',#6799,.F.);
#6802=CARTESIAN_POINT('',(3.895579770790E0,2.878E0,-1.563686509856E0));
#6803=DIRECTION('',(9.911595415809E-1,0.E0,1.326754051556E-1));
#6804=DIRECTION('',(1.326754051556E-1,0.E0,-9.911595415809E-1));
#6805=AXIS2_PLACEMENT_3D('',#6802,#6803,#6804);
#6806=PLANE('',#6805);
#6808=ORIENTED_EDGE('',*,*,#6807,.F.);
#6809=ORIENTED_EDGE('',*,*,#6787,.T.);
#6811=ORIENTED_EDGE('',*,*,#6810,.T.);
#6813=ORIENTED_EDGE('',*,*,#6812,.F.);
#6814=EDGE_LOOP('',(#6808,#6809,#6811,#6813));
#6815=FACE_OUTER_BOUND('',#6814,.F.);
#6817=CARTESIAN_POINT('',(3.895579770790E0,2.878E0,-1.563686509856E0));
#6818=DIRECTION('',(9.911595415809E-1,0.E0,1.326754051556E-1));
#6819=DIRECTION('',(1.326754051556E-1,0.E0,-9.911595415809E-1));
#6820=AXIS2_PLACEMENT_3D('',#6817,#6818,#6819);
#6821=PLANE('',#6820);
#6823=ORIENTED_EDGE('',*,*,#6822,.F.);
#6825=ORIENTED_EDGE('',*,*,#6824,.F.);
#6827=ORIENTED_EDGE('',*,*,#6826,.T.);
#6829=ORIENTED_EDGE('',*,*,#6828,.T.);
#6830=EDGE_LOOP('',(#6823,#6825,#6827,#6829));
#6831=FACE_OUTER_BOUND('',#6830,.F.);
#6833=CARTESIAN_POINT('',(4.468765132771E0,1.875079942307E0,-7.73E0));
#6834=DIRECTION('',(0.E0,1.E0,0.E0));
#6835=DIRECTION('',(0.E0,0.E0,-1.E0));
#6836=AXIS2_PLACEMENT_3D('',#6833,#6834,#6835);
#6837=CYLINDRICAL_SURFACE('',#6836,2.5E-1);
#6839=ORIENTED_EDGE('',*,*,#6838,.T.);
#6841=ORIENTED_EDGE('',*,*,#6840,.T.);
#6843=ORIENTED_EDGE('',*,*,#6842,.T.);
#6845=ORIENTED_EDGE('',*,*,#6844,.T.);
#6846=ORIENTED_EDGE('',*,*,#6789,.T.);
#6847=ORIENTED_EDGE('',*,*,#6807,.T.);
#6848=EDGE_LOOP('',(#6839,#6841,#6843,#6845,#6846,#6847));
#6849=FACE_OUTER_BOUND('',#6848,.F.);
#6851=CARTESIAN_POINT('',(-6.565E0,2.56E0,-6.2E-1));
#6852=DIRECTION('',(0.E0,-1.E0,0.E0));
#6853=DIRECTION('',(0.E0,0.E0,-1.E0));
#6854=AXIS2_PLACEMENT_3D('',#6851,#6852,#6853);
#6855=PLANE('',#6854);
#6856=ORIENTED_EDGE('',*,*,#6713,.F.);
#6858=ORIENTED_EDGE('',*,*,#6857,.T.);
#6860=ORIENTED_EDGE('',*,*,#6859,.T.);
#6862=ORIENTED_EDGE('',*,*,#6861,.F.);
#6864=ORIENTED_EDGE('',*,*,#6863,.T.);
#6866=ORIENTED_EDGE('',*,*,#6865,.T.);
#6867=EDGE_LOOP('',(#6856,#6858,#6860,#6862,#6864,#6866));
#6868=FACE_OUTER_BOUND('',#6867,.F.);
#6870=ORIENTED_EDGE('',*,*,#6869,.F.);
#6872=ORIENTED_EDGE('',*,*,#6871,.F.);
#6874=ORIENTED_EDGE('',*,*,#6873,.T.);
#6876=ORIENTED_EDGE('',*,*,#6875,.F.);
#6878=ORIENTED_EDGE('',*,*,#6877,.T.);
#6880=ORIENTED_EDGE('',*,*,#6879,.F.);
#6881=EDGE_LOOP('',(#6870,#6872,#6874,#6876,#6878,#6880));
#6882=FACE_BOUND('',#6881,.F.);
#6884=ORIENTED_EDGE('',*,*,#6883,.F.);
#6885=ORIENTED_EDGE('',*,*,#6838,.F.);
#6886=ORIENTED_EDGE('',*,*,#6812,.T.);
#6888=ORIENTED_EDGE('',*,*,#6887,.F.);
#6890=ORIENTED_EDGE('',*,*,#6889,.T.);
#6892=ORIENTED_EDGE('',*,*,#6891,.F.);
#6893=EDGE_LOOP('',(#6884,#6885,#6886,#6888,#6890,#6892));
#6894=FACE_BOUND('',#6893,.F.);
#6896=CARTESIAN_POINT('',(1.75E0,2.495694215325E0,-3.954888284615E0));
#6897=DIRECTION('',(0.E0,-9.998724057555E-1,-1.597411057715E-2));
#6898=DIRECTION('',(0.E0,1.597411057715E-2,-9.998724057555E-1));
#6899=AXIS2_PLACEMENT_3D('',#6896,#6897,#6898);
#6900=PLANE('',#6899);
#6901=ORIENTED_EDGE('',*,*,#6883,.T.);
#6903=ORIENTED_EDGE('',*,*,#6902,.F.);
#6905=ORIENTED_EDGE('',*,*,#6904,.F.);
#6907=ORIENTED_EDGE('',*,*,#6906,.T.);
#6909=ORIENTED_EDGE('',*,*,#6908,.T.);
#6910=ORIENTED_EDGE('',*,*,#6840,.F.);
#6911=EDGE_LOOP('',(#6901,#6903,#6905,#6907,#6909,#6910));
#6912=FACE_OUTER_BOUND('',#6911,.F.);
#6914=CARTESIAN_POINT('',(1.531234867229E0,-2.880898617683E0,-7.73E0));
#6915=DIRECTION('',(0.E0,1.E0,0.E0));
#6916=DIRECTION('',(0.E0,0.E0,-1.E0));
#6917=AXIS2_PLACEMENT_3D('',#6914,#6915,#6916);
#6918=CYLINDRICAL_SURFACE('',#6917,2.5E-1);
#6920=ORIENTED_EDGE('',*,*,#6919,.T.);
#6922=ORIENTED_EDGE('',*,*,#6921,.T.);
#6923=ORIENTED_EDGE('',*,*,#6902,.T.);
#6924=ORIENTED_EDGE('',*,*,#6891,.T.);
#6926=ORIENTED_EDGE('',*,*,#6925,.T.);
#6927=ORIENTED_EDGE('',*,*,#6793,.T.);
#6928=EDGE_LOOP('',(#6920,#6922,#6923,#6924,#6926,#6927));
#6929=FACE_OUTER_BOUND('',#6928,.F.);
#6931=CARTESIAN_POINT('',(1.75E0,2.878E0,-7.98E0));
#6932=DIRECTION('',(0.E0,9.998724057555E-1,1.597411057715E-2));
#6933=DIRECTION('',(0.E0,-1.597411057715E-2,9.998724057555E-1));
#6934=AXIS2_PLACEMENT_3D('',#6931,#6932,#6933);
#6935=PLANE('',#6934);
#6937=ORIENTED_EDGE('',*,*,#6936,.T.);
#6938=ORIENTED_EDGE('',*,*,#6919,.F.);
#6939=ORIENTED_EDGE('',*,*,#6791,.T.);
#6940=ORIENTED_EDGE('',*,*,#6844,.F.);
#6942=ORIENTED_EDGE('',*,*,#6941,.F.);
#6944=ORIENTED_EDGE('',*,*,#6943,.F.);
#6945=EDGE_LOOP('',(#6937,#6938,#6939,#6940,#6942,#6944));
#6946=FACE_OUTER_BOUND('',#6945,.F.);
#6948=CARTESIAN_POINT('',(2.6E0,4.4007E0,-1.630024212433E0));
#6949=DIRECTION('',(9.911595415809E-1,0.E0,-1.326754051556E-1));
#6950=DIRECTION('',(-1.326754051556E-1,0.E0,-9.911595415809E-1));
#6951=AXIS2_PLACEMENT_3D('',#6948,#6949,#6950);
#6952=PLANE('',#6951);
#6954=ORIENTED_EDGE('',*,*,#6953,.T.);
#6956=ORIENTED_EDGE('',*,*,#6955,.T.);
#6958=ORIENTED_EDGE('',*,*,#6957,.F.);
#6960=ORIENTED_EDGE('',*,*,#6959,.F.);
#6961=ORIENTED_EDGE('',*,*,#6904,.T.);
#6962=ORIENTED_EDGE('',*,*,#6921,.F.);
#6963=ORIENTED_EDGE('',*,*,#6936,.F.);
#6965=ORIENTED_EDGE('',*,*,#6964,.T.);
#6967=ORIENTED_EDGE('',*,*,#6966,.F.);
#6969=ORIENTED_EDGE('',*,*,#6968,.T.);
#6970=EDGE_LOOP('',(#6954,#6956,#6958,#6960,#6961,#6962,#6963,#6965,#6967,
#6969));
#6971=FACE_OUTER_BOUND('',#6970,.F.);
#6973=CARTESIAN_POINT('',(1.390115077210E0,1.37370252E1,-1.368341861182E1));
#6974=DIRECTION('',(9.423127788110E-2,-7.039603917370E-1,7.039603917370E-1));
#6975=DIRECTION('',(0.E0,7.071067811865E-1,7.071067811865E-1));
#6976=AXIS2_PLACEMENT_3D('',#6973,#6974,#6975);
#6977=CYLINDRICAL_SURFACE('',#6976,4.E-1);
#6979=ORIENTED_EDGE('',*,*,#6978,.T.);
#6980=ORIENTED_EDGE('',*,*,#6953,.F.);
#6982=ORIENTED_EDGE('',*,*,#6981,.T.);
#6984=ORIENTED_EDGE('',*,*,#6983,.T.);
#6985=EDGE_LOOP('',(#6979,#6980,#6982,#6984));
#6986=FACE_OUTER_BOUND('',#6985,.F.);
#6988=CARTESIAN_POINT('',(1.75E0,2.653168734419E0,-2.033876721286E0));
#6989=DIRECTION('',(0.E0,-7.071067811865E-1,7.071067811865E-1));
#6990=DIRECTION('',(0.E0,-7.071067811865E-1,-7.071067811865E-1));
#6991=AXIS2_PLACEMENT_3D('',#6988,#6989,#6990);
#6992=PLANE('',#6991);
#6994=ORIENTED_EDGE('',*,*,#6993,.F.);
#6996=ORIENTED_EDGE('',*,*,#6995,.T.);
#6998=ORIENTED_EDGE('',*,*,#6997,.F.);
#6999=ORIENTED_EDGE('',*,*,#6955,.F.);
#7000=ORIENTED_EDGE('',*,*,#6978,.F.);
#7002=ORIENTED_EDGE('',*,*,#7001,.T.);
#7003=EDGE_LOOP('',(#6994,#6996,#6998,#6999,#7000,#7002));
#7004=FACE_OUTER_BOUND('',#7003,.F.);
#7006=CARTESIAN_POINT('',(8.643757057994E-1,-1.42440252E1,1.429763178818E1));
#7007=DIRECTION('',(9.423127788110E-2,7.039603917370E-1,-7.039603917370E-1));
#7008=DIRECTION('',(0.E0,7.071067811865E-1,7.071067811865E-1));
#7009=AXIS2_PLACEMENT_3D('',#7006,#7007,#7008);
#7010=CYLINDRICAL_SURFACE('',#7009,4.E-1);
#7012=ORIENTED_EDGE('',*,*,#7011,.T.);
#7014=ORIENTED_EDGE('',*,*,#7013,.F.);
#7015=ORIENTED_EDGE('',*,*,#6993,.T.);
#7017=ORIENTED_EDGE('',*,*,#7016,.T.);
#7018=EDGE_LOOP('',(#7012,#7014,#7015,#7017));
#7019=FACE_OUTER_BOUND('',#7018,.F.);
#7021=CARTESIAN_POINT('',(1.75E0,2.287353993434E0,-2.849353993434E0));
#7022=DIRECTION('',(0.E0,7.071067811865E-1,-7.071067811865E-1));
#7023=DIRECTION('',(0.E0,7.071067811865E-1,7.071067811865E-1));
#7024=AXIS2_PLACEMENT_3D('',#7021,#7022,#7023);
#7025=PLANE('',#7024);
#7026=ORIENTED_EDGE('',*,*,#7011,.F.);
#7028=ORIENTED_EDGE('',*,*,#7027,.F.);
#7029=ORIENTED_EDGE('',*,*,#6981,.F.);
#7030=ORIENTED_EDGE('',*,*,#6968,.F.);
#7032=ORIENTED_EDGE('',*,*,#7031,.T.);
#7034=ORIENTED_EDGE('',*,*,#7033,.T.);
#7035=EDGE_LOOP('',(#7026,#7028,#7029,#7030,#7032,#7034));
#7036=FACE_OUTER_BOUND('',#7035,.F.);
#7038=CARTESIAN_POINT('',(1.75E0,2.878E0,-2.258707986867E0));
#7039=DIRECTION('',(0.E0,7.071067811865E-1,7.071067811865E-1));
#7040=DIRECTION('',(0.E0,-7.071067811865E-1,7.071067811865E-1));
#7041=AXIS2_PLACEMENT_3D('',#7038,#7039,#7040);
#7042=PLANE('',#7041);
#7043=ORIENTED_EDGE('',*,*,#7016,.F.);
#7044=ORIENTED_EDGE('',*,*,#7001,.F.);
#7045=ORIENTED_EDGE('',*,*,#6983,.F.);
#7046=ORIENTED_EDGE('',*,*,#7027,.T.);
#7047=EDGE_LOOP('',(#7043,#7044,#7045,#7046));
#7048=FACE_OUTER_BOUND('',#7047,.F.);
#7050=CARTESIAN_POINT('',(1.75E0,2.508E0,-3.07E0));
#7051=DIRECTION('',(1.E0,0.E0,0.E0));
#7052=DIRECTION('',(0.E0,0.E0,-1.E0));
#7053=AXIS2_PLACEMENT_3D('',#7050,#7051,#7052);
#7054=CYLINDRICAL_SURFACE('',#7053,3.120405749698E-1);
#7056=ORIENTED_EDGE('',*,*,#7055,.F.);
#7057=ORIENTED_EDGE('',*,*,#7031,.F.);
#7058=ORIENTED_EDGE('',*,*,#6966,.T.);
#7060=ORIENTED_EDGE('',*,*,#7059,.T.);
#7061=EDGE_LOOP('',(#7056,#7057,#7058,#7060));
#7062=FACE_OUTER_BOUND('',#7061,.F.);
#7064=CARTESIAN_POINT('',(4.25E0,4.4007E0,-7.98E0));
#7065=DIRECTION('',(-9.911595415809E-1,0.E0,-1.326754051556E-1));
#7066=DIRECTION('',(-1.326754051556E-1,0.E0,9.911595415809E-1));
#7067=AXIS2_PLACEMENT_3D('',#7064,#7065,#7066);
#7068=PLANE('',#7067);
#7069=ORIENTED_EDGE('',*,*,#7013,.T.);
#7070=ORIENTED_EDGE('',*,*,#7033,.F.);
#7071=ORIENTED_EDGE('',*,*,#7055,.T.);
#7073=ORIENTED_EDGE('',*,*,#7072,.F.);
#7074=ORIENTED_EDGE('',*,*,#6941,.T.);
#7075=ORIENTED_EDGE('',*,*,#6842,.F.);
#7076=ORIENTED_EDGE('',*,*,#6908,.F.);
#7078=ORIENTED_EDGE('',*,*,#7077,.T.);
#7080=ORIENTED_EDGE('',*,*,#7079,.F.);
#7081=ORIENTED_EDGE('',*,*,#6995,.F.);
#7082=EDGE_LOOP('',(#7069,#7070,#7071,#7073,#7074,#7075,#7076,#7078,#7080,
#7081));
#7083=FACE_OUTER_BOUND('',#7082,.F.);
#7085=CARTESIAN_POINT('',(1.75E0,2.175735045483E0,-3.96E0));
#7086=DIRECTION('',(1.E0,0.E0,0.E0));
#7087=DIRECTION('',(0.E0,0.E0,-1.E0));
#7088=AXIS2_PLACEMENT_3D('',#7085,#7086,#7087);
#7089=CYLINDRICAL_SURFACE('',#7088,6.379594250302E-1);
#7090=ORIENTED_EDGE('',*,*,#7072,.T.);
#7091=ORIENTED_EDGE('',*,*,#7059,.F.);
#7092=ORIENTED_EDGE('',*,*,#6964,.F.);
#7093=ORIENTED_EDGE('',*,*,#6943,.T.);
#7094=EDGE_LOOP('',(#7090,#7091,#7092,#7093));
#7095=FACE_OUTER_BOUND('',#7094,.F.);
#7097=CARTESIAN_POINT('',(1.75E0,2.175735045483E0,-3.96E0));
#7098=DIRECTION('',(1.E0,0.E0,0.E0));
#7099=DIRECTION('',(0.E0,0.E0,-1.E0));
#7100=AXIS2_PLACEMENT_3D('',#7097,#7098,#7099);
#7101=CYLINDRICAL_SURFACE('',#7100,3.2E-1);
#7102=ORIENTED_EDGE('',*,*,#7077,.F.);
#7103=ORIENTED_EDGE('',*,*,#6906,.F.);
#7104=ORIENTED_EDGE('',*,*,#6959,.T.);
#7106=ORIENTED_EDGE('',*,*,#7105,.T.);
#7107=EDGE_LOOP('',(#7102,#7103,#7104,#7106));
#7108=FACE_OUTER_BOUND('',#7107,.F.);
#7110=CARTESIAN_POINT('',(1.75E0,2.508E0,-3.07E0));
#7111=DIRECTION('',(1.E0,0.E0,0.E0));
#7112=DIRECTION('',(0.E0,0.E0,-1.E0));
#7113=AXIS2_PLACEMENT_3D('',#7110,#7111,#7112);
#7114=CYLINDRICAL_SURFACE('',#7113,6.3E-1);
#7115=ORIENTED_EDGE('',*,*,#7079,.T.);
#7116=ORIENTED_EDGE('',*,*,#7105,.F.);
#7117=ORIENTED_EDGE('',*,*,#6957,.T.);
#7118=ORIENTED_EDGE('',*,*,#6997,.T.);
#7119=EDGE_LOOP('',(#7115,#7116,#7117,#7118));
#7120=FACE_OUTER_BOUND('',#7119,.F.);
#7122=CARTESIAN_POINT('',(1.245540345399E0,2.878E0,-7.98E0));
#7123=DIRECTION('',(-9.911595415809E-1,0.E0,1.326754051556E-1));
#7124=DIRECTION('',(1.326754051556E-1,0.E0,9.911595415809E-1));
#7125=AXIS2_PLACEMENT_3D('',#7122,#7123,#7124);
#7126=PLANE('',#7125);
#7127=ORIENTED_EDGE('',*,*,#6925,.F.);
#7128=ORIENTED_EDGE('',*,*,#6889,.F.);
#7130=ORIENTED_EDGE('',*,*,#7129,.F.);
#7131=ORIENTED_EDGE('',*,*,#6795,.T.);
#7132=EDGE_LOOP('',(#7127,#7128,#7130,#7131));
#7133=FACE_OUTER_BOUND('',#7132,.F.);
#7135=CARTESIAN_POINT('',(1.245540345399E0,2.878E0,-7.98E0));
#7136=DIRECTION('',(-9.911595415809E-1,0.E0,1.326754051556E-1));
#7137=DIRECTION('',(1.326754051556E-1,0.E0,9.911595415809E-1));
#7138=AXIS2_PLACEMENT_3D('',#7135,#7136,#7137);
#7139=PLANE('',#7138);
#7141=ORIENTED_EDGE('',*,*,#7140,.F.);
#7143=ORIENTED_EDGE('',*,*,#7142,.T.);
#7145=ORIENTED_EDGE('',*,*,#7144,.F.);
#7147=ORIENTED_EDGE('',*,*,#7146,.F.);
#7148=EDGE_LOOP('',(#7141,#7143,#7145,#7147));
#7149=FACE_OUTER_BOUND('',#7148,.F.);
#7151=CARTESIAN_POINT('',(3.E0,2.878E0,-1.683567723681E0));
#7152=DIRECTION('',(0.E0,1.E0,0.E0));
#7153=DIRECTION('',(-1.E0,0.E0,0.E0));
#7154=AXIS2_PLACEMENT_3D('',#7151,#7152,#7153);
#7155=CYLINDRICAL_SURFACE('',#7154,9.035677236805E-1);
#7156=ORIENTED_EDGE('',*,*,#6887,.T.);
#7157=ORIENTED_EDGE('',*,*,#6810,.F.);
#7158=ORIENTED_EDGE('',*,*,#6797,.F.);
#7159=ORIENTED_EDGE('',*,*,#7129,.T.);
#7160=EDGE_LOOP('',(#7156,#7157,#7158,#7159));
#7161=FACE_OUTER_BOUND('',#7160,.F.);
#7163=CARTESIAN_POINT('',(3.E0,2.878E0,-1.683567723681E0));
#7164=DIRECTION('',(0.E0,1.E0,0.E0));
#7165=DIRECTION('',(-1.E0,0.E0,0.E0));
#7166=AXIS2_PLACEMENT_3D('',#7163,#7164,#7165);
#7167=CYLINDRICAL_SURFACE('',#7166,9.035677236805E-1);
#7169=ORIENTED_EDGE('',*,*,#7168,.F.);
#7170=ORIENTED_EDGE('',*,*,#7144,.T.);
#7172=ORIENTED_EDGE('',*,*,#7171,.T.);
#7173=ORIENTED_EDGE('',*,*,#6826,.F.);
#7174=EDGE_LOOP('',(#7169,#7170,#7172,#7173));
#7175=FACE_OUTER_BOUND('',#7174,.F.);
#7177=CARTESIAN_POINT('',(-6.565E0,-2.56E0,-8.88E0));
#7178=DIRECTION('',(0.E0,1.E0,0.E0));
#7179=DIRECTION('',(0.E0,0.E0,1.E0));
#7180=AXIS2_PLACEMENT_3D('',#7177,#7178,#7179);
#7181=PLANE('',#7180);
#7183=ORIENTED_EDGE('',*,*,#7182,.F.);
#7185=ORIENTED_EDGE('',*,*,#7184,.F.);
#7187=ORIENTED_EDGE('',*,*,#7186,.T.);
#7189=ORIENTED_EDGE('',*,*,#7188,.T.);
#7191=ORIENTED_EDGE('',*,*,#7190,.T.);
#7193=ORIENTED_EDGE('',*,*,#7192,.F.);
#7194=EDGE_LOOP('',(#7183,#7185,#7187,#7189,#7191,#7193));
#7195=FACE_OUTER_BOUND('',#7194,.F.);
#7197=ORIENTED_EDGE('',*,*,#7196,.T.);
#7199=ORIENTED_EDGE('',*,*,#7198,.F.);
#7201=ORIENTED_EDGE('',*,*,#7200,.F.);
#7203=ORIENTED_EDGE('',*,*,#7202,.F.);
#7205=ORIENTED_EDGE('',*,*,#7204,.T.);
#7207=ORIENTED_EDGE('',*,*,#7206,.T.);
#7208=EDGE_LOOP('',(#7197,#7199,#7201,#7203,#7205,#7207));
#7209=FACE_BOUND('',#7208,.F.);
#7211=ORIENTED_EDGE('',*,*,#7210,.F.);
#7213=ORIENTED_EDGE('',*,*,#7212,.F.);
#7214=ORIENTED_EDGE('',*,*,#7146,.T.);
#7215=ORIENTED_EDGE('',*,*,#7168,.T.);
#7216=ORIENTED_EDGE('',*,*,#6824,.T.);
#7218=ORIENTED_EDGE('',*,*,#7217,.F.);
#7219=EDGE_LOOP('',(#7211,#7213,#7214,#7215,#7216,#7218));
#7220=FACE_BOUND('',#7219,.F.);
#7222=CARTESIAN_POINT('',(1.75E0,-2.56E0,-7.98E0));
#7223=DIRECTION('',(0.E0,9.998724057555E-1,-1.597411057715E-2));
#7224=DIRECTION('',(0.E0,1.597411057715E-2,9.998724057555E-1));
#7225=AXIS2_PLACEMENT_3D('',#7222,#7223,#7224);
#7226=PLANE('',#7225);
#7227=ORIENTED_EDGE('',*,*,#7210,.T.);
#7229=ORIENTED_EDGE('',*,*,#7228,.F.);
#7231=ORIENTED_EDGE('',*,*,#7230,.F.);
#7233=ORIENTED_EDGE('',*,*,#7232,.F.);
#7235=ORIENTED_EDGE('',*,*,#7234,.T.);
#7237=ORIENTED_EDGE('',*,*,#7236,.F.);
#7238=EDGE_LOOP('',(#7227,#7229,#7231,#7233,#7235,#7237));
#7239=FACE_OUTER_BOUND('',#7238,.F.);
#7241=CARTESIAN_POINT('',(4.468765132771E0,2.881392386878E0,-7.73E0));
#7242=DIRECTION('',(0.E0,-1.E0,0.E0));
#7243=DIRECTION('',(0.E0,0.E0,-1.E0));
#7244=AXIS2_PLACEMENT_3D('',#7241,#7242,#7243);
#7245=CYLINDRICAL_SURFACE('',#7244,2.5E-1);
#7247=ORIENTED_EDGE('',*,*,#7246,.T.);
#7249=ORIENTED_EDGE('',*,*,#7248,.T.);
#7251=ORIENTED_EDGE('',*,*,#7250,.T.);
#7252=ORIENTED_EDGE('',*,*,#7228,.T.);
#7253=ORIENTED_EDGE('',*,*,#7217,.T.);
#7254=ORIENTED_EDGE('',*,*,#6822,.T.);
#7255=EDGE_LOOP('',(#7247,#7249,#7251,#7252,#7253,#7254));
#7256=FACE_OUTER_BOUND('',#7255,.F.);
#7258=CARTESIAN_POINT('',(-6.565E0,-2.878E0,-6.2E-1));
#7259=DIRECTION('',(0.E0,-1.E0,0.E0));
#7260=DIRECTION('',(0.E0,0.E0,-1.E0));
#7261=AXIS2_PLACEMENT_3D('',#7258,#7259,#7260);
#7262=PLANE('',#7261);
#7264=ORIENTED_EDGE('',*,*,#7263,.F.);
#7266=ORIENTED_EDGE('',*,*,#7265,.T.);
#7268=ORIENTED_EDGE('',*,*,#7267,.T.);
#7270=ORIENTED_EDGE('',*,*,#7269,.T.);
#7272=ORIENTED_EDGE('',*,*,#7271,.T.);
#7274=ORIENTED_EDGE('',*,*,#7273,.T.);
#7275=EDGE_LOOP('',(#7264,#7266,#7268,#7270,#7272,#7274));
#7276=FACE_OUTER_BOUND('',#7275,.F.);
#7278=ORIENTED_EDGE('',*,*,#7277,.F.);
#7280=ORIENTED_EDGE('',*,*,#7279,.F.);
#7282=ORIENTED_EDGE('',*,*,#7281,.F.);
#7284=ORIENTED_EDGE('',*,*,#7283,.F.);
#7286=ORIENTED_EDGE('',*,*,#7285,.F.);
#7288=ORIENTED_EDGE('',*,*,#7287,.F.);
#7289=EDGE_LOOP('',(#7278,#7280,#7282,#7284,#7286,#7288));
#7290=FACE_BOUND('',#7289,.F.);
#7291=ORIENTED_EDGE('',*,*,#7142,.F.);
#7293=ORIENTED_EDGE('',*,*,#7292,.F.);
#7295=ORIENTED_EDGE('',*,*,#7294,.F.);
#7296=ORIENTED_EDGE('',*,*,#7246,.F.);
#7297=ORIENTED_EDGE('',*,*,#6828,.F.);
#7298=ORIENTED_EDGE('',*,*,#7171,.F.);
#7299=EDGE_LOOP('',(#7291,#7293,#7295,#7296,#7297,#7298));
#7300=FACE_BOUND('',#7299,.F.);
#7302=CARTESIAN_POINT('',(1.531234867229E0,-1.875079942307E0,-7.73E0));
#7303=DIRECTION('',(0.E0,-1.E0,0.E0));
#7304=DIRECTION('',(0.E0,0.E0,-1.E0));
#7305=AXIS2_PLACEMENT_3D('',#7302,#7303,#7304);
#7306=CYLINDRICAL_SURFACE('',#7305,2.5E-1);
#7307=ORIENTED_EDGE('',*,*,#7236,.T.);
#7309=ORIENTED_EDGE('',*,*,#7308,.T.);
#7311=ORIENTED_EDGE('',*,*,#7310,.T.);
#7312=ORIENTED_EDGE('',*,*,#7292,.T.);
#7313=ORIENTED_EDGE('',*,*,#7140,.T.);
#7314=ORIENTED_EDGE('',*,*,#7212,.T.);
#7315=EDGE_LOOP('',(#7307,#7309,#7311,#7312,#7313,#7314));
#7316=FACE_OUTER_BOUND('',#7315,.F.);
#7318=CARTESIAN_POINT('',(2.6E0,-4.9077E0,-1.630024212433E0));
#7319=DIRECTION('',(-9.911595415809E-1,0.E0,1.326754051556E-1));
#7320=DIRECTION('',(-1.326754051556E-1,0.E0,-9.911595415809E-1));
#7321=AXIS2_PLACEMENT_3D('',#7318,#7319,#7320);
#7322=PLANE('',#7321);
#7324=ORIENTED_EDGE('',*,*,#7323,.T.);
#7326=ORIENTED_EDGE('',*,*,#7325,.T.);
#7328=ORIENTED_EDGE('',*,*,#7327,.F.);
#7330=ORIENTED_EDGE('',*,*,#7329,.T.);
#7332=ORIENTED_EDGE('',*,*,#7331,.T.);
#7333=ORIENTED_EDGE('',*,*,#7308,.F.);
#7334=ORIENTED_EDGE('',*,*,#7234,.F.);
#7336=ORIENTED_EDGE('',*,*,#7335,.F.);
#7338=ORIENTED_EDGE('',*,*,#7337,.F.);
#7340=ORIENTED_EDGE('',*,*,#7339,.T.);
#7341=EDGE_LOOP('',(#7324,#7326,#7328,#7330,#7332,#7333,#7334,#7336,#7338,
#7340));
#7342=FACE_OUTER_BOUND('',#7341,.F.);
#7344=CARTESIAN_POINT('',(5.067757893695E0,1.37370252E1,1.379063178818E1));
#7345=DIRECTION('',(-9.423127788110E-2,-7.039603917370E-1,-7.039603917370E-1));
#7346=DIRECTION('',(0.E0,-7.071067811865E-1,7.071067811865E-1));
#7347=AXIS2_PLACEMENT_3D('',#7344,#7345,#7346);
#7348=CYLINDRICAL_SURFACE('',#7347,4.E-1);
#7350=ORIENTED_EDGE('',*,*,#7349,.T.);
#7351=ORIENTED_EDGE('',*,*,#7323,.F.);
#7353=ORIENTED_EDGE('',*,*,#7352,.T.);
#7355=ORIENTED_EDGE('',*,*,#7354,.T.);
#7356=EDGE_LOOP('',(#7350,#7351,#7353,#7355));
#7357=FACE_OUTER_BOUND('',#7356,.F.);
#7359=CARTESIAN_POINT('',(1.75E0,-2.878E0,-2.258707986867E0));
#7360=DIRECTION('',(0.E0,-7.071067811865E-1,-7.071067811865E-1));
#7361=DIRECTION('',(0.E0,7.071067811865E-1,-7.071067811865E-1));
#7362=AXIS2_PLACEMENT_3D('',#7359,#7360,#7361);
#7363=PLANE('',#7362);
#7365=ORIENTED_EDGE('',*,*,#7364,.F.);
#7367=ORIENTED_EDGE('',*,*,#7366,.T.);
#7369=ORIENTED_EDGE('',*,*,#7368,.F.);
#7370=ORIENTED_EDGE('',*,*,#7325,.F.);
#7371=ORIENTED_EDGE('',*,*,#7349,.F.);
#7373=ORIENTED_EDGE('',*,*,#7372,.T.);
#7374=EDGE_LOOP('',(#7365,#7367,#7369,#7370,#7371,#7373));
#7375=FACE_OUTER_BOUND('',#7374,.F.);
#7377=CARTESIAN_POINT('',(4.677751323296E0,-1.42440252E1,-1.419041861182E1));
#7378=DIRECTION('',(-9.423127788110E-2,7.039603917370E-1,7.039603917370E-1));
#7379=DIRECTION('',(0.E0,-7.071067811865E-1,7.071067811865E-1));
#7380=AXIS2_PLACEMENT_3D('',#7377,#7378,#7379);
#7381=CYLINDRICAL_SURFACE('',#7380,4.E-1);
#7383=ORIENTED_EDGE('',*,*,#7382,.T.);
#7385=ORIENTED_EDGE('',*,*,#7384,.F.);
#7386=ORIENTED_EDGE('',*,*,#7364,.T.);
#7388=ORIENTED_EDGE('',*,*,#7387,.T.);
#7389=EDGE_LOOP('',(#7383,#7385,#7386,#7388));
#7390=FACE_OUTER_BOUND('',#7389,.F.);
#7392=CARTESIAN_POINT('',(1.75E0,-2.062522727852E0,-2.624522727852E0));
#7393=DIRECTION('',(0.E0,7.071067811865E-1,7.071067811865E-1));
#7394=DIRECTION('',(0.E0,-7.071067811865E-1,7.071067811865E-1));
#7395=AXIS2_PLACEMENT_3D('',#7392,#7393,#7394);
#7396=PLANE('',#7395);
#7397=ORIENTED_EDGE('',*,*,#7382,.F.);
#7399=ORIENTED_EDGE('',*,*,#7398,.F.);
#7400=ORIENTED_EDGE('',*,*,#7352,.F.);
#7401=ORIENTED_EDGE('',*,*,#7339,.F.);
#7403=ORIENTED_EDGE('',*,*,#7402,.T.);
#7405=ORIENTED_EDGE('',*,*,#7404,.T.);
#7406=EDGE_LOOP('',(#7397,#7399,#7400,#7401,#7403,#7405));
#7407=FACE_OUTER_BOUND('',#7406,.F.);
#7409=CARTESIAN_POINT('',(1.75E0,-2.653168734419E0,-2.033876721286E0));
#7410=DIRECTION('',(0.E0,-7.071067811865E-1,7.071067811865E-1));
#7411=DIRECTION('',(0.E0,-7.071067811865E-1,-7.071067811865E-1));
#7412=AXIS2_PLACEMENT_3D('',#7409,#7410,#7411);
#7413=PLANE('',#7412);
#7414=ORIENTED_EDGE('',*,*,#7387,.F.);
#7415=ORIENTED_EDGE('',*,*,#7372,.F.);
#7416=ORIENTED_EDGE('',*,*,#7354,.F.);
#7417=ORIENTED_EDGE('',*,*,#7398,.T.);
#7418=EDGE_LOOP('',(#7414,#7415,#7416,#7417));
#7419=FACE_OUTER_BOUND('',#7418,.F.);
#7421=CARTESIAN_POINT('',(1.75E0,-2.508E0,-3.07E0));
#7422=DIRECTION('',(1.E0,0.E0,0.E0));
#7423=DIRECTION('',(0.E0,0.E0,-1.E0));
#7424=AXIS2_PLACEMENT_3D('',#7421,#7422,#7423);
#7425=CYLINDRICAL_SURFACE('',#7424,6.3E-1);
#7427=ORIENTED_EDGE('',*,*,#7426,.T.);
#7428=ORIENTED_EDGE('',*,*,#7402,.F.);
#7429=ORIENTED_EDGE('',*,*,#7337,.T.);
#7431=ORIENTED_EDGE('',*,*,#7430,.T.);
#7432=EDGE_LOOP('',(#7427,#7428,#7429,#7431));
#7433=FACE_OUTER_BOUND('',#7432,.F.);
#7435=CARTESIAN_POINT('',(4.25E0,-4.9077E0,-7.98E0));
#7436=DIRECTION('',(9.911595415809E-1,0.E0,1.326754051556E-1));
#7437=DIRECTION('',(-1.326754051556E-1,0.E0,9.911595415809E-1));
#7438=AXIS2_PLACEMENT_3D('',#7435,#7436,#7437);
#7439=PLANE('',#7438);
#7440=ORIENTED_EDGE('',*,*,#7384,.T.);
#7441=ORIENTED_EDGE('',*,*,#7404,.F.);
#7442=ORIENTED_EDGE('',*,*,#7426,.F.);
#7444=ORIENTED_EDGE('',*,*,#7443,.T.);
#7445=ORIENTED_EDGE('',*,*,#7230,.T.);
#7446=ORIENTED_EDGE('',*,*,#7250,.F.);
#7448=ORIENTED_EDGE('',*,*,#7447,.F.);
#7450=ORIENTED_EDGE('',*,*,#7449,.F.);
#7452=ORIENTED_EDGE('',*,*,#7451,.T.);
#7453=ORIENTED_EDGE('',*,*,#7366,.F.);
#7454=EDGE_LOOP('',(#7440,#7441,#7442,#7444,#7445,#7446,#7448,#7450,#7452,
#7453));
#7455=FACE_OUTER_BOUND('',#7454,.F.);
#7457=CARTESIAN_POINT('',(1.75E0,-2.175735045483E0,-3.96E0));
#7458=DIRECTION('',(1.E0,0.E0,0.E0));
#7459=DIRECTION('',(0.E0,0.E0,-1.E0));
#7460=AXIS2_PLACEMENT_3D('',#7457,#7458,#7459);
#7461=CYLINDRICAL_SURFACE('',#7460,3.2E-1);
#7462=ORIENTED_EDGE('',*,*,#7443,.F.);
#7463=ORIENTED_EDGE('',*,*,#7430,.F.);
#7464=ORIENTED_EDGE('',*,*,#7335,.T.);
#7465=ORIENTED_EDGE('',*,*,#7232,.T.);
#7466=EDGE_LOOP('',(#7462,#7463,#7464,#7465));
#7467=FACE_OUTER_BOUND('',#7466,.F.);
#7469=CARTESIAN_POINT('',(1.75E0,-2.813613070563E0,-3.949809165601E0));
#7470=DIRECTION('',(0.E0,-9.998724057555E-1,1.597411057715E-2));
#7471=DIRECTION('',(0.E0,-1.597411057715E-2,-9.998724057555E-1));
#7472=AXIS2_PLACEMENT_3D('',#7469,#7470,#7471);
#7473=PLANE('',#7472);
#7474=ORIENTED_EDGE('',*,*,#7447,.T.);
#7475=ORIENTED_EDGE('',*,*,#7248,.F.);
#7476=ORIENTED_EDGE('',*,*,#7294,.T.);
#7477=ORIENTED_EDGE('',*,*,#7310,.F.);
#7478=ORIENTED_EDGE('',*,*,#7331,.F.);
#7480=ORIENTED_EDGE('',*,*,#7479,.T.);
#7481=EDGE_LOOP('',(#7474,#7475,#7476,#7477,#7478,#7480));
#7482=FACE_OUTER_BOUND('',#7481,.F.);
#7484=CARTESIAN_POINT('',(1.75E0,-2.175735045483E0,-3.96E0));
#7485=DIRECTION('',(1.E0,0.E0,0.E0));
#7486=DIRECTION('',(0.E0,0.E0,-1.E0));
#7487=AXIS2_PLACEMENT_3D('',#7484,#7485,#7486);
#7488=CYLINDRICAL_SURFACE('',#7487,6.379594250302E-1);
#7489=ORIENTED_EDGE('',*,*,#7449,.T.);
#7490=ORIENTED_EDGE('',*,*,#7479,.F.);
#7491=ORIENTED_EDGE('',*,*,#7329,.F.);
#7493=ORIENTED_EDGE('',*,*,#7492,.T.);
#7494=EDGE_LOOP('',(#7489,#7490,#7491,#7493));
#7495=FACE_OUTER_BOUND('',#7494,.F.);
#7497=CARTESIAN_POINT('',(1.75E0,-2.508E0,-3.07E0));
#7498=DIRECTION('',(1.E0,0.E0,0.E0));
#7499=DIRECTION('',(0.E0,0.E0,-1.E0));
#7500=AXIS2_PLACEMENT_3D('',#7497,#7498,#7499);
#7501=CYLINDRICAL_SURFACE('',#7500,3.120405749698E-1);
#7502=ORIENTED_EDGE('',*,*,#7451,.F.);
#7503=ORIENTED_EDGE('',*,*,#7492,.F.);
#7504=ORIENTED_EDGE('',*,*,#7327,.T.);
#7505=ORIENTED_EDGE('',*,*,#7368,.T.);
#7506=EDGE_LOOP('',(#7502,#7503,#7504,#7505));
#7507=FACE_OUTER_BOUND('',#7506,.F.);
#7509=CARTESIAN_POINT('',(-1.75E0,-2.813613070563E0,-3.949809165601E0));
#7510=DIRECTION('',(0.E0,9.998724057555E-1,-1.597411057715E-2));
#7511=DIRECTION('',(0.E0,-1.597411057715E-2,-9.998724057555E-1));
#7512=AXIS2_PLACEMENT_3D('',#7509,#7510,#7511);
#7513=PLANE('',#7512);
#7515=ORIENTED_EDGE('',*,*,#7514,.T.);
#7517=ORIENTED_EDGE('',*,*,#7516,.F.);
#7518=ORIENTED_EDGE('',*,*,#7277,.T.);
#7520=ORIENTED_EDGE('',*,*,#7519,.F.);
#7522=ORIENTED_EDGE('',*,*,#7521,.F.);
#7524=ORIENTED_EDGE('',*,*,#7523,.F.);
#7525=EDGE_LOOP('',(#7515,#7517,#7518,#7520,#7522,#7524));
#7526=FACE_OUTER_BOUND('',#7525,.F.);
#7528=CARTESIAN_POINT('',(-1.75E0,-4.9077E0,-7.98E0));
#7529=DIRECTION('',(9.911595415809E-1,0.E0,1.326754051556E-1));
#7530=DIRECTION('',(-1.326754051556E-1,0.E0,9.911595415809E-1));
#7531=AXIS2_PLACEMENT_3D('',#7528,#7529,#7530);
#7532=PLANE('',#7531);
#7534=ORIENTED_EDGE('',*,*,#7533,.T.);
#7536=ORIENTED_EDGE('',*,*,#7535,.F.);
#7538=ORIENTED_EDGE('',*,*,#7537,.F.);
#7540=ORIENTED_EDGE('',*,*,#7539,.T.);
#7542=ORIENTED_EDGE('',*,*,#7541,.T.);
#7544=ORIENTED_EDGE('',*,*,#7543,.F.);
#7545=ORIENTED_EDGE('',*,*,#7514,.F.);
#7547=ORIENTED_EDGE('',*,*,#7546,.F.);
#7549=ORIENTED_EDGE('',*,*,#7548,.T.);
#7551=ORIENTED_EDGE('',*,*,#7550,.F.);
#7552=EDGE_LOOP('',(#7534,#7536,#7538,#7540,#7542,#7544,#7545,#7547,#7549,
#7551));
#7553=FACE_OUTER_BOUND('',#7552,.F.);
#7555=CARTESIAN_POINT('',(-1.322248676704E0,-1.42440252E1,-1.419041861182E1));
#7556=DIRECTION('',(-9.423127788110E-2,7.039603917370E-1,7.039603917370E-1));
#7557=DIRECTION('',(0.E0,-7.071067811865E-1,7.071067811865E-1));
#7558=AXIS2_PLACEMENT_3D('',#7555,#7556,#7557);
#7559=CYLINDRICAL_SURFACE('',#7558,4.E-1);
#7561=ORIENTED_EDGE('',*,*,#7560,.T.);
#7562=ORIENTED_EDGE('',*,*,#7533,.F.);
#7564=ORIENTED_EDGE('',*,*,#7563,.T.);
#7566=ORIENTED_EDGE('',*,*,#7565,.T.);
#7567=EDGE_LOOP('',(#7561,#7562,#7564,#7566));
#7568=FACE_OUTER_BOUND('',#7567,.F.);
#7570=CARTESIAN_POINT('',(-1.75E0,-2.062522727852E0,-2.624522727852E0));
#7571=DIRECTION('',(0.E0,-7.071067811865E-1,-7.071067811865E-1));
#7572=DIRECTION('',(0.E0,-7.071067811865E-1,7.071067811865E-1));
#7573=AXIS2_PLACEMENT_3D('',#7570,#7571,#7572);
#7574=PLANE('',#7573);
#7575=ORIENTED_EDGE('',*,*,#7560,.F.);
#7577=ORIENTED_EDGE('',*,*,#7576,.T.);
#7579=ORIENTED_EDGE('',*,*,#7578,.F.);
#7581=ORIENTED_EDGE('',*,*,#7580,.F.);
#7583=ORIENTED_EDGE('',*,*,#7582,.F.);
#7584=ORIENTED_EDGE('',*,*,#7535,.T.);
#7585=EDGE_LOOP('',(#7575,#7577,#7579,#7581,#7583,#7584));
#7586=FACE_OUTER_BOUND('',#7585,.F.);
#7588=CARTESIAN_POINT('',(-1.75E0,-2.653168734419E0,-2.033876721286E0));
#7589=DIRECTION('',(0.E0,7.071067811865E-1,-7.071067811865E-1));
#7590=DIRECTION('',(0.E0,-7.071067811865E-1,-7.071067811865E-1));
#7591=AXIS2_PLACEMENT_3D('',#7588,#7589,#7590);
#7592=PLANE('',#7591);
#7593=ORIENTED_EDGE('',*,*,#7565,.F.);
#7595=ORIENTED_EDGE('',*,*,#7594,.T.);
#7597=ORIENTED_EDGE('',*,*,#7596,.F.);
#7598=ORIENTED_EDGE('',*,*,#7576,.F.);
#7599=EDGE_LOOP('',(#7593,#7595,#7597,#7598));
#7600=FACE_OUTER_BOUND('',#7599,.F.);
#7602=CARTESIAN_POINT('',(-1.75E0,-2.878E0,-2.258707986867E0));
#7603=DIRECTION('',(0.E0,7.071067811865E-1,7.071067811865E-1));
#7604=DIRECTION('',(0.E0,7.071067811865E-1,-7.071067811865E-1));
#7605=AXIS2_PLACEMENT_3D('',#7602,#7603,#7604);
#7606=PLANE('',#7605);
#7607=ORIENTED_EDGE('',*,*,#7563,.F.);
#7608=ORIENTED_EDGE('',*,*,#7550,.T.);
#7610=ORIENTED_EDGE('',*,*,#7609,.T.);
#7612=ORIENTED_EDGE('',*,*,#7611,.F.);
#7614=ORIENTED_EDGE('',*,*,#7613,.F.);
#7615=ORIENTED_EDGE('',*,*,#7594,.F.);
#7616=EDGE_LOOP('',(#7607,#7608,#7610,#7612,#7614,#7615));
#7617=FACE_OUTER_BOUND('',#7616,.F.);
#7619=CARTESIAN_POINT('',(-1.75E0,-2.508E0,-3.07E0));
#7620=DIRECTION('',(1.E0,0.E0,0.E0));
#7621=DIRECTION('',(0.E0,0.E0,-1.E0));
#7622=AXIS2_PLACEMENT_3D('',#7619,#7620,#7621);
#7623=CYLINDRICAL_SURFACE('',#7622,3.120405749698E-1);
#7624=ORIENTED_EDGE('',*,*,#7548,.F.);
#7626=ORIENTED_EDGE('',*,*,#7625,.T.);
#7628=ORIENTED_EDGE('',*,*,#7627,.T.);
#7629=ORIENTED_EDGE('',*,*,#7609,.F.);
#7630=EDGE_LOOP('',(#7624,#7626,#7628,#7629));
#7631=FACE_OUTER_BOUND('',#7630,.F.);
#7633=CARTESIAN_POINT('',(-1.75E0,-2.175735045483E0,-3.96E0));
#7634=DIRECTION('',(1.E0,0.E0,0.E0));
#7635=DIRECTION('',(0.E0,0.E0,-1.E0));
#7636=AXIS2_PLACEMENT_3D('',#7633,#7634,#7635);
#7637=CYLINDRICAL_SURFACE('',#7636,6.379594250302E-1);
#7638=ORIENTED_EDGE('',*,*,#7546,.T.);
#7639=ORIENTED_EDGE('',*,*,#7523,.T.);
#7641=ORIENTED_EDGE('',*,*,#7640,.F.);
#7642=ORIENTED_EDGE('',*,*,#7625,.F.);
#7643=EDGE_LOOP('',(#7638,#7639,#7641,#7642));
#7644=FACE_OUTER_BOUND('',#7643,.F.);
#7646=CARTESIAN_POINT('',(-3.4E0,-4.9077E0,-1.630024212433E0));
#7647=DIRECTION('',(-9.911595415809E-1,0.E0,1.326754051556E-1));
#7648=DIRECTION('',(-1.326754051556E-1,0.E0,-9.911595415809E-1));
#7649=AXIS2_PLACEMENT_3D('',#7646,#7647,#7648);
#7650=PLANE('',#7649);
#7652=ORIENTED_EDGE('',*,*,#7651,.T.);
#7653=ORIENTED_EDGE('',*,*,#7611,.T.);
#7654=ORIENTED_EDGE('',*,*,#7627,.F.);
#7655=ORIENTED_EDGE('',*,*,#7640,.T.);
#7656=ORIENTED_EDGE('',*,*,#7521,.T.);
#7658=ORIENTED_EDGE('',*,*,#7657,.F.);
#7660=ORIENTED_EDGE('',*,*,#7659,.F.);
#7662=ORIENTED_EDGE('',*,*,#7661,.F.);
#7664=ORIENTED_EDGE('',*,*,#7663,.F.);
#7665=ORIENTED_EDGE('',*,*,#7580,.T.);
#7666=EDGE_LOOP('',(#7652,#7653,#7654,#7655,#7656,#7658,#7660,#7662,#7664,
#7665));
#7667=FACE_OUTER_BOUND('',#7666,.F.);
#7669=CARTESIAN_POINT('',(-9.322421063051E-1,1.37370252E1,1.379063178818E1));
#7670=DIRECTION('',(-9.423127788110E-2,-7.039603917370E-1,-7.039603917370E-1));
#7671=DIRECTION('',(0.E0,-7.071067811865E-1,7.071067811865E-1));
#7672=AXIS2_PLACEMENT_3D('',#7669,#7670,#7671);
#7673=CYLINDRICAL_SURFACE('',#7672,4.E-1);
#7674=ORIENTED_EDGE('',*,*,#7613,.T.);
#7675=ORIENTED_EDGE('',*,*,#7651,.F.);
#7676=ORIENTED_EDGE('',*,*,#7578,.T.);
#7677=ORIENTED_EDGE('',*,*,#7596,.T.);
#7678=EDGE_LOOP('',(#7674,#7675,#7676,#7677));
#7679=FACE_OUTER_BOUND('',#7678,.F.);
#7681=CARTESIAN_POINT('',(-4.468765132771E0,-1.875079942307E0,-7.73E0));
#7682=DIRECTION('',(0.E0,-1.E0,0.E0));
#7683=DIRECTION('',(0.E0,0.E0,-1.E0));
#7684=AXIS2_PLACEMENT_3D('',#7681,#7682,#7683);
#7685=CYLINDRICAL_SURFACE('',#7684,2.5E-1);
#7686=ORIENTED_EDGE('',*,*,#7287,.T.);
#7688=ORIENTED_EDGE('',*,*,#7687,.T.);
#7689=ORIENTED_EDGE('',*,*,#7202,.T.);
#7691=ORIENTED_EDGE('',*,*,#7690,.T.);
#7692=ORIENTED_EDGE('',*,*,#7657,.T.);
#7693=ORIENTED_EDGE('',*,*,#7519,.T.);
#7694=EDGE_LOOP('',(#7686,#7688,#7689,#7691,#7692,#7693));
#7695=FACE_OUTER_BOUND('',#7694,.F.);
#7697=CARTESIAN_POINT('',(-4.754459654601E0,2.878E0,-7.98E0));
#7698=DIRECTION('',(-9.911595415809E-1,0.E0,1.326754051556E-1));
#7699=DIRECTION('',(1.326754051556E-1,0.E0,9.911595415809E-1));
#7700=AXIS2_PLACEMENT_3D('',#7697,#7698,#7699);
#7701=PLANE('',#7700);
#7703=ORIENTED_EDGE('',*,*,#7702,.F.);
#7704=ORIENTED_EDGE('',*,*,#6877,.F.);
#7706=ORIENTED_EDGE('',*,*,#7705,.F.);
#7707=ORIENTED_EDGE('',*,*,#6781,.T.);
#7708=EDGE_LOOP('',(#7703,#7704,#7706,#7707));
#7709=FACE_OUTER_BOUND('',#7708,.F.);
#7711=CARTESIAN_POINT('',(-4.754459654601E0,2.878E0,-7.98E0));
#7712=DIRECTION('',(-9.911595415809E-1,0.E0,1.326754051556E-1));
#7713=DIRECTION('',(1.326754051556E-1,0.E0,9.911595415809E-1));
#7714=AXIS2_PLACEMENT_3D('',#7711,#7712,#7713);
#7715=PLANE('',#7714);
#7716=ORIENTED_EDGE('',*,*,#7687,.F.);
#7717=ORIENTED_EDGE('',*,*,#7285,.T.);
#7719=ORIENTED_EDGE('',*,*,#7718,.F.);
#7720=ORIENTED_EDGE('',*,*,#7204,.F.);
#7721=EDGE_LOOP('',(#7716,#7717,#7719,#7720));
#7722=FACE_OUTER_BOUND('',#7721,.F.);
#7724=CARTESIAN_POINT('',(-4.468765132771E0,2.881392386878E0,-7.73E0));
#7725=DIRECTION('',(0.E0,-1.E0,0.E0));
#7726=DIRECTION('',(0.E0,0.E0,-1.E0));
#7727=AXIS2_PLACEMENT_3D('',#7724,#7725,#7726);
#7728=CYLINDRICAL_SURFACE('',#7727,2.5E-1);
#7730=ORIENTED_EDGE('',*,*,#7729,.T.);
#7732=ORIENTED_EDGE('',*,*,#7731,.T.);
#7734=ORIENTED_EDGE('',*,*,#7733,.T.);
#7735=ORIENTED_EDGE('',*,*,#6879,.T.);
#7736=ORIENTED_EDGE('',*,*,#7702,.T.);
#7737=ORIENTED_EDGE('',*,*,#6779,.T.);
#7738=EDGE_LOOP('',(#7730,#7732,#7734,#7735,#7736,#7737));
#7739=FACE_OUTER_BOUND('',#7738,.F.);
#7741=CARTESIAN_POINT('',(-1.75E0,2.878E0,-7.98E0));
#7742=DIRECTION('',(0.E0,-9.998724057555E-1,-1.597411057715E-2));
#7743=DIRECTION('',(0.E0,-1.597411057715E-2,9.998724057555E-1));
#7744=AXIS2_PLACEMENT_3D('',#7741,#7742,#7743);
#7745=PLANE('',#7744);
#7746=ORIENTED_EDGE('',*,*,#6777,.T.);
#7748=ORIENTED_EDGE('',*,*,#7747,.F.);
#7750=ORIENTED_EDGE('',*,*,#7749,.F.);
#7752=ORIENTED_EDGE('',*,*,#7751,.T.);
#7754=ORIENTED_EDGE('',*,*,#7753,.T.);
#7755=ORIENTED_EDGE('',*,*,#7729,.F.);
#7756=EDGE_LOOP('',(#7746,#7748,#7750,#7752,#7754,#7755));
#7757=FACE_OUTER_BOUND('',#7756,.F.);
#7759=CARTESIAN_POINT('',(-1.531234867229E0,2.881392386878E0,-7.73E0));
#7760=DIRECTION('',(0.E0,-1.E0,0.E0));
#7761=DIRECTION('',(0.E0,0.E0,-1.E0));
#7762=AXIS2_PLACEMENT_3D('',#7759,#7760,#7761);
#7763=CYLINDRICAL_SURFACE('',#7762,2.5E-1);
#7764=ORIENTED_EDGE('',*,*,#6871,.T.);
#7766=ORIENTED_EDGE('',*,*,#7765,.T.);
#7768=ORIENTED_EDGE('',*,*,#7767,.T.);
#7769=ORIENTED_EDGE('',*,*,#7747,.T.);
#7770=ORIENTED_EDGE('',*,*,#6775,.T.);
#7772=ORIENTED_EDGE('',*,*,#7771,.T.);
#7773=EDGE_LOOP('',(#7764,#7766,#7768,#7769,#7770,#7772));
#7774=FACE_OUTER_BOUND('',#7773,.F.);
#7776=CARTESIAN_POINT('',(-1.75E0,2.495694215325E0,-3.954888284615E0));
#7777=DIRECTION('',(0.E0,9.998724057555E-1,1.597411057715E-2));
#7778=DIRECTION('',(0.E0,1.597411057715E-2,-9.998724057555E-1));
#7779=AXIS2_PLACEMENT_3D('',#7776,#7777,#7778);
#7780=PLANE('',#7779);
#7782=ORIENTED_EDGE('',*,*,#7781,.T.);
#7783=ORIENTED_EDGE('',*,*,#7765,.F.);
#7784=ORIENTED_EDGE('',*,*,#6869,.T.);
#7785=ORIENTED_EDGE('',*,*,#7733,.F.);
#7787=ORIENTED_EDGE('',*,*,#7786,.F.);
#7789=ORIENTED_EDGE('',*,*,#7788,.F.);
#7790=EDGE_LOOP('',(#7782,#7783,#7784,#7785,#7787,#7789));
#7791=FACE_OUTER_BOUND('',#7790,.F.);
#7793=CARTESIAN_POINT('',(-1.75E0,4.4007E0,-7.98E0));
#7794=DIRECTION('',(-9.911595415809E-1,0.E0,-1.326754051556E-1));
#7795=DIRECTION('',(-1.326754051556E-1,0.E0,9.911595415809E-1));
#7796=AXIS2_PLACEMENT_3D('',#7793,#7794,#7795);
#7797=PLANE('',#7796);
#7799=ORIENTED_EDGE('',*,*,#7798,.T.);
#7801=ORIENTED_EDGE('',*,*,#7800,.F.);
#7803=ORIENTED_EDGE('',*,*,#7802,.T.);
#7805=ORIENTED_EDGE('',*,*,#7804,.F.);
#7806=ORIENTED_EDGE('',*,*,#7749,.T.);
#7807=ORIENTED_EDGE('',*,*,#7767,.F.);
#7808=ORIENTED_EDGE('',*,*,#7781,.F.);
#7810=ORIENTED_EDGE('',*,*,#7809,.T.);
#7812=ORIENTED_EDGE('',*,*,#7811,.F.);
#7814=ORIENTED_EDGE('',*,*,#7813,.F.);
#7815=EDGE_LOOP('',(#7799,#7801,#7803,#7805,#7806,#7807,#7808,#7810,#7812,
#7814));
#7816=FACE_OUTER_BOUND('',#7815,.F.);
#7818=CARTESIAN_POINT('',(-5.135624294201E0,-1.42440252E1,1.429763178818E1));
#7819=DIRECTION('',(9.423127788110E-2,7.039603917370E-1,-7.039603917370E-1));
#7820=DIRECTION('',(0.E0,7.071067811865E-1,7.071067811865E-1));
#7821=AXIS2_PLACEMENT_3D('',#7818,#7819,#7820);
#7822=CYLINDRICAL_SURFACE('',#7821,4.E-1);
#7824=ORIENTED_EDGE('',*,*,#7823,.T.);
#7825=ORIENTED_EDGE('',*,*,#7798,.F.);
#7827=ORIENTED_EDGE('',*,*,#7826,.T.);
#7829=ORIENTED_EDGE('',*,*,#7828,.T.);
#7830=EDGE_LOOP('',(#7824,#7825,#7827,#7829));
#7831=FACE_OUTER_BOUND('',#7830,.F.);
#7833=CARTESIAN_POINT('',(-1.75E0,2.287353993434E0,-2.849353993434E0));
#7834=DIRECTION('',(0.E0,-7.071067811865E-1,7.071067811865E-1));
#7835=DIRECTION('',(0.E0,7.071067811865E-1,7.071067811865E-1));
#7836=AXIS2_PLACEMENT_3D('',#7833,#7834,#7835);
#7837=PLANE('',#7836);
#7838=ORIENTED_EDGE('',*,*,#7823,.F.);
#7840=ORIENTED_EDGE('',*,*,#7839,.T.);
#7842=ORIENTED_EDGE('',*,*,#7841,.F.);
#7844=ORIENTED_EDGE('',*,*,#7843,.F.);
#7846=ORIENTED_EDGE('',*,*,#7845,.F.);
#7847=ORIENTED_EDGE('',*,*,#7800,.T.);
#7848=EDGE_LOOP('',(#7838,#7840,#7842,#7844,#7846,#7847));
#7849=FACE_OUTER_BOUND('',#7848,.F.);
#7851=CARTESIAN_POINT('',(-1.75E0,2.878E0,-2.258707986867E0));
#7852=DIRECTION('',(0.E0,-7.071067811865E-1,-7.071067811865E-1));
#7853=DIRECTION('',(0.E0,-7.071067811865E-1,7.071067811865E-1));
#7854=AXIS2_PLACEMENT_3D('',#7851,#7852,#7853);
#7855=PLANE('',#7854);
#7856=ORIENTED_EDGE('',*,*,#7828,.F.);
#7858=ORIENTED_EDGE('',*,*,#7857,.T.);
#7860=ORIENTED_EDGE('',*,*,#7859,.F.);
#7861=ORIENTED_EDGE('',*,*,#7839,.F.);
#7862=EDGE_LOOP('',(#7856,#7858,#7860,#7861));
#7863=FACE_OUTER_BOUND('',#7862,.F.);
#7865=CARTESIAN_POINT('',(-1.75E0,2.653168734419E0,-2.033876721286E0));
#7866=DIRECTION('',(0.E0,7.071067811865E-1,-7.071067811865E-1));
#7867=DIRECTION('',(0.E0,-7.071067811865E-1,-7.071067811865E-1));
#7868=AXIS2_PLACEMENT_3D('',#7865,#7866,#7867);
#7869=PLANE('',#7868);
#7870=ORIENTED_EDGE('',*,*,#7826,.F.);
#7871=ORIENTED_EDGE('',*,*,#7813,.T.);
#7873=ORIENTED_EDGE('',*,*,#7872,.T.);
#7875=ORIENTED_EDGE('',*,*,#7874,.F.);
#7877=ORIENTED_EDGE('',*,*,#7876,.F.);
#7878=ORIENTED_EDGE('',*,*,#7857,.F.);
#7879=EDGE_LOOP('',(#7870,#7871,#7873,#7875,#7877,#7878));
#7880=FACE_OUTER_BOUND('',#7879,.F.);
#7882=CARTESIAN_POINT('',(-1.75E0,2.508E0,-3.07E0));
#7883=DIRECTION('',(1.E0,0.E0,0.E0));
#7884=DIRECTION('',(0.E0,0.E0,-1.E0));
#7885=AXIS2_PLACEMENT_3D('',#7882,#7883,#7884);
#7886=CYLINDRICAL_SURFACE('',#7885,6.3E-1);
#7887=ORIENTED_EDGE('',*,*,#7811,.T.);
#7889=ORIENTED_EDGE('',*,*,#7888,.T.);
#7891=ORIENTED_EDGE('',*,*,#7890,.T.);
#7892=ORIENTED_EDGE('',*,*,#7872,.F.);
#7893=EDGE_LOOP('',(#7887,#7889,#7891,#7892));
#7894=FACE_OUTER_BOUND('',#7893,.F.);
#7896=CARTESIAN_POINT('',(-1.75E0,2.175735045483E0,-3.96E0));
#7897=DIRECTION('',(1.E0,0.E0,0.E0));
#7898=DIRECTION('',(0.E0,0.E0,-1.E0));
#7899=AXIS2_PLACEMENT_3D('',#7896,#7897,#7898);
#7900=CYLINDRICAL_SURFACE('',#7899,3.2E-1);
#7901=ORIENTED_EDGE('',*,*,#7809,.F.);
#7902=ORIENTED_EDGE('',*,*,#7788,.T.);
#7904=ORIENTED_EDGE('',*,*,#7903,.T.);
#7905=ORIENTED_EDGE('',*,*,#7888,.F.);
#7906=EDGE_LOOP('',(#7901,#7902,#7904,#7905));
#7907=FACE_OUTER_BOUND('',#7906,.F.);
#7909=CARTESIAN_POINT('',(-3.4E0,4.4007E0,-1.630024212433E0));
#7910=DIRECTION('',(9.911595415809E-1,0.E0,-1.326754051556E-1));
#7911=DIRECTION('',(-1.326754051556E-1,0.E0,-9.911595415809E-1));
#7912=AXIS2_PLACEMENT_3D('',#7909,#7910,#7911);
#7913=PLANE('',#7912);
#7915=ORIENTED_EDGE('',*,*,#7914,.T.);
#7916=ORIENTED_EDGE('',*,*,#7874,.T.);
#7917=ORIENTED_EDGE('',*,*,#7890,.F.);
#7918=ORIENTED_EDGE('',*,*,#7903,.F.);
#7919=ORIENTED_EDGE('',*,*,#7786,.T.);
#7920=ORIENTED_EDGE('',*,*,#7731,.F.);
#7921=ORIENTED_EDGE('',*,*,#7753,.F.);
#7923=ORIENTED_EDGE('',*,*,#7922,.T.);
#7925=ORIENTED_EDGE('',*,*,#7924,.F.);
#7926=ORIENTED_EDGE('',*,*,#7843,.T.);
#7927=EDGE_LOOP('',(#7915,#7916,#7917,#7918,#7919,#7920,#7921,#7923,#7925,
#7926));
#7928=FACE_OUTER_BOUND('',#7927,.F.);
#7930=CARTESIAN_POINT('',(-4.609884922790E0,1.37370252E1,-1.368341861182E1));
#7931=DIRECTION('',(9.423127788110E-2,-7.039603917370E-1,7.039603917370E-1));
#7932=DIRECTION('',(0.E0,7.071067811865E-1,7.071067811865E-1));
#7933=AXIS2_PLACEMENT_3D('',#7930,#7931,#7932);
#7934=CYLINDRICAL_SURFACE('',#7933,4.E-1);
#7935=ORIENTED_EDGE('',*,*,#7876,.T.);
#7936=ORIENTED_EDGE('',*,*,#7914,.F.);
#7937=ORIENTED_EDGE('',*,*,#7841,.T.);
#7938=ORIENTED_EDGE('',*,*,#7859,.T.);
#7939=EDGE_LOOP('',(#7935,#7936,#7937,#7938));
#7940=FACE_OUTER_BOUND('',#7939,.F.);
#7942=CARTESIAN_POINT('',(-1.75E0,2.175735045483E0,-3.96E0));
#7943=DIRECTION('',(1.E0,0.E0,0.E0));
#7944=DIRECTION('',(0.E0,0.E0,-1.E0));
#7945=AXIS2_PLACEMENT_3D('',#7942,#7943,#7944);
#7946=CYLINDRICAL_SURFACE('',#7945,6.379594250302E-1);
#7947=ORIENTED_EDGE('',*,*,#7804,.T.);
#7949=ORIENTED_EDGE('',*,*,#7948,.T.);
#7950=ORIENTED_EDGE('',*,*,#7922,.F.);
#7951=ORIENTED_EDGE('',*,*,#7751,.F.);
#7952=EDGE_LOOP('',(#7947,#7949,#7950,#7951));
#7953=FACE_OUTER_BOUND('',#7952,.F.);
#7955=CARTESIAN_POINT('',(-1.75E0,2.508E0,-3.07E0));
#7956=DIRECTION('',(1.E0,0.E0,0.E0));
#7957=DIRECTION('',(0.E0,0.E0,-1.E0));
#7958=AXIS2_PLACEMENT_3D('',#7955,#7956,#7957);
#7959=CYLINDRICAL_SURFACE('',#7958,3.120405749698E-1);
#7960=ORIENTED_EDGE('',*,*,#7802,.F.);
#7961=ORIENTED_EDGE('',*,*,#7845,.T.);
#7962=ORIENTED_EDGE('',*,*,#7924,.T.);
#7963=ORIENTED_EDGE('',*,*,#7948,.F.);
#7964=EDGE_LOOP('',(#7960,#7961,#7962,#7963));
#7965=FACE_OUTER_BOUND('',#7964,.F.);
#7967=CARTESIAN_POINT('',(-2.104420229210E0,2.878E0,-1.563686509856E0));
#7968=DIRECTION('',(9.911595415809E-1,0.E0,1.326754051556E-1));
#7969=DIRECTION('',(1.326754051556E-1,0.E0,-9.911595415809E-1));
#7970=AXIS2_PLACEMENT_3D('',#7967,#7968,#7969);
#7971=PLANE('',#7970);
#7973=ORIENTED_EDGE('',*,*,#7972,.F.);
#7974=ORIENTED_EDGE('',*,*,#7196,.F.);
#7976=ORIENTED_EDGE('',*,*,#7975,.T.);
#7977=ORIENTED_EDGE('',*,*,#7281,.T.);
#7978=EDGE_LOOP('',(#7973,#7974,#7976,#7977));
#7979=FACE_OUTER_BOUND('',#7978,.F.);
#7981=CARTESIAN_POINT('',(-2.104420229210E0,2.878E0,-1.563686509856E0));
#7982=DIRECTION('',(9.911595415809E-1,0.E0,1.326754051556E-1));
#7983=DIRECTION('',(1.326754051556E-1,0.E0,-9.911595415809E-1));
#7984=AXIS2_PLACEMENT_3D('',#7981,#7982,#7983);
#7985=PLANE('',#7984);
#7986=ORIENTED_EDGE('',*,*,#7771,.F.);
#7987=ORIENTED_EDGE('',*,*,#6773,.T.);
#7989=ORIENTED_EDGE('',*,*,#7988,.T.);
#7990=ORIENTED_EDGE('',*,*,#6873,.F.);
#7991=EDGE_LOOP('',(#7986,#7987,#7989,#7990));
#7992=FACE_OUTER_BOUND('',#7991,.F.);
#7994=CARTESIAN_POINT('',(-1.531234867229E0,2.881392386878E0,-7.73E0));
#7995=DIRECTION('',(0.E0,-1.E0,0.E0));
#7996=DIRECTION('',(0.E0,0.E0,-1.E0));
#7997=AXIS2_PLACEMENT_3D('',#7994,#7995,#7996);
#7998=CYLINDRICAL_SURFACE('',#7997,2.5E-1);
#7999=ORIENTED_EDGE('',*,*,#7279,.T.);
#8000=ORIENTED_EDGE('',*,*,#7516,.T.);
#8001=ORIENTED_EDGE('',*,*,#7543,.T.);
#8003=ORIENTED_EDGE('',*,*,#8002,.T.);
#8004=ORIENTED_EDGE('',*,*,#7198,.T.);
#8005=ORIENTED_EDGE('',*,*,#7972,.T.);
#8006=EDGE_LOOP('',(#7999,#8000,#8001,#8003,#8004,#8005));
#8007=FACE_OUTER_BOUND('',#8006,.F.);
#8009=CARTESIAN_POINT('',(-1.75E0,-2.56E0,-7.98E0));
#8010=DIRECTION('',(0.E0,-9.998724057555E-1,1.597411057715E-2));
#8011=DIRECTION('',(0.E0,1.597411057715E-2,9.998724057555E-1));
#8012=AXIS2_PLACEMENT_3D('',#8009,#8010,#8011);
#8013=PLANE('',#8012);
#8014=ORIENTED_EDGE('',*,*,#7200,.T.);
#8015=ORIENTED_EDGE('',*,*,#8002,.F.);
#8016=ORIENTED_EDGE('',*,*,#7541,.F.);
#8018=ORIENTED_EDGE('',*,*,#8017,.T.);
#8019=ORIENTED_EDGE('',*,*,#7659,.T.);
#8020=ORIENTED_EDGE('',*,*,#7690,.F.);
#8021=EDGE_LOOP('',(#8014,#8015,#8016,#8018,#8019,#8020));
#8022=FACE_OUTER_BOUND('',#8021,.F.);
#8024=CARTESIAN_POINT('',(-1.75E0,-2.175735045483E0,-3.96E0));
#8025=DIRECTION('',(1.E0,0.E0,0.E0));
#8026=DIRECTION('',(0.E0,0.E0,-1.E0));
#8027=AXIS2_PLACEMENT_3D('',#8024,#8025,#8026);
#8028=CYLINDRICAL_SURFACE('',#8027,3.2E-1);
#8029=ORIENTED_EDGE('',*,*,#7539,.F.);
#8031=ORIENTED_EDGE('',*,*,#8030,.T.);
#8032=ORIENTED_EDGE('',*,*,#7661,.T.);
#8033=ORIENTED_EDGE('',*,*,#8017,.F.);
#8034=EDGE_LOOP('',(#8029,#8031,#8032,#8033));
#8035=FACE_OUTER_BOUND('',#8034,.F.);
#8037=CARTESIAN_POINT('',(-1.75E0,-2.508E0,-3.07E0));
#8038=DIRECTION('',(1.E0,0.E0,0.E0));
#8039=DIRECTION('',(0.E0,0.E0,-1.E0));
#8040=AXIS2_PLACEMENT_3D('',#8037,#8038,#8039);
#8041=CYLINDRICAL_SURFACE('',#8040,6.3E-1);
#8042=ORIENTED_EDGE('',*,*,#7537,.T.);
#8043=ORIENTED_EDGE('',*,*,#7582,.T.);
#8044=ORIENTED_EDGE('',*,*,#7663,.T.);
#8045=ORIENTED_EDGE('',*,*,#8030,.F.);
#8046=EDGE_LOOP('',(#8042,#8043,#8044,#8045));
#8047=FACE_OUTER_BOUND('',#8046,.F.);
#8049=CARTESIAN_POINT('',(-3.E0,2.878E0,-1.683567723681E0));
#8050=DIRECTION('',(0.E0,1.E0,0.E0));
#8051=DIRECTION('',(-1.E0,0.E0,0.E0));
#8052=AXIS2_PLACEMENT_3D('',#8049,#8050,#8051);
#8053=CYLINDRICAL_SURFACE('',#8052,9.035677236805E-1);
#8054=ORIENTED_EDGE('',*,*,#6875,.T.);
#8055=ORIENTED_EDGE('',*,*,#7988,.F.);
#8056=ORIENTED_EDGE('',*,*,#6783,.F.);
#8057=ORIENTED_EDGE('',*,*,#7705,.T.);
#8058=EDGE_LOOP('',(#8054,#8055,#8056,#8057));
#8059=FACE_OUTER_BOUND('',#8058,.F.);
#8061=CARTESIAN_POINT('',(-3.E0,2.878E0,-1.683567723681E0));
#8062=DIRECTION('',(0.E0,1.E0,0.E0));
#8063=DIRECTION('',(-1.E0,0.E0,0.E0));
#8064=AXIS2_PLACEMENT_3D('',#8061,#8062,#8063);
#8065=CYLINDRICAL_SURFACE('',#8064,9.035677236805E-1);
#8066=ORIENTED_EDGE('',*,*,#7206,.F.);
#8067=ORIENTED_EDGE('',*,*,#7718,.T.);
#8068=ORIENTED_EDGE('',*,*,#7283,.T.);
#8069=ORIENTED_EDGE('',*,*,#7975,.F.);
#8070=EDGE_LOOP('',(#8066,#8067,#8068,#8069));
#8071=FACE_OUTER_BOUND('',#8070,.F.);
#8073=CARTESIAN_POINT('',(-6.565E0,-3.18E0,-6.2E-1));
#8074=DIRECTION('',(1.E0,0.E0,0.E0));
#8075=DIRECTION('',(0.E0,0.E0,-1.E0));
#8076=AXIS2_PLACEMENT_3D('',#8073,#8074,#8075);
#8077=CYLINDRICAL_SURFACE('',#8076,3.02E-1);
#8079=ORIENTED_EDGE('',*,*,#8078,.F.);
#8081=ORIENTED_EDGE('',*,*,#8080,.F.);
#8082=ORIENTED_EDGE('',*,*,#7263,.T.);
#8084=ORIENTED_EDGE('',*,*,#8083,.F.);
#8086=ORIENTED_EDGE('',*,*,#8085,.T.);
#8088=ORIENTED_EDGE('',*,*,#8087,.T.);
#8089=EDGE_LOOP('',(#8079,#8081,#8082,#8084,#8086,#8088));
#8090=FACE_OUTER_BOUND('',#8089,.F.);
#8092=CARTESIAN_POINT('',(5.607E0,-2.56E0,0.E0));
#8093=DIRECTION('',(-1.E0,0.E0,0.E0));
#8094=DIRECTION('',(0.E0,-1.E0,0.E0));
#8095=AXIS2_PLACEMENT_3D('',#8092,#8093,#8094);
#8096=PLANE('',#8095);
#8098=ORIENTED_EDGE('',*,*,#8097,.T.);
#8100=ORIENTED_EDGE('',*,*,#8099,.F.);
#8102=ORIENTED_EDGE('',*,*,#8101,.F.);
#8104=ORIENTED_EDGE('',*,*,#8103,.F.);
#8105=ORIENTED_EDGE('',*,*,#8078,.T.);
#8107=ORIENTED_EDGE('',*,*,#8106,.F.);
#8108=EDGE_LOOP('',(#8098,#8100,#8102,#8104,#8105,#8107));
#8109=FACE_OUTER_BOUND('',#8108,.F.);
#8111=CARTESIAN_POINT('',(5.307E0,-3.325E0,-3.22504E1));
#8112=DIRECTION('',(0.E0,0.E0,1.E0));
#8113=DIRECTION('',(0.E0,-1.E0,0.E0));
#8114=AXIS2_PLACEMENT_3D('',#8111,#8112,#8113);
#8115=CYLINDRICAL_SURFACE('',#8114,3.E-1);
#8117=ORIENTED_EDGE('',*,*,#8116,.T.);
#8118=ORIENTED_EDGE('',*,*,#8097,.F.);
#8120=ORIENTED_EDGE('',*,*,#8119,.T.);
#8122=ORIENTED_EDGE('',*,*,#8121,.T.);
#8123=EDGE_LOOP('',(#8117,#8118,#8120,#8122));
#8124=FACE_OUTER_BOUND('',#8123,.F.);
#8126=CARTESIAN_POINT('',(-6.565E0,-3.18E0,0.E0));
#8127=DIRECTION('',(0.E0,0.E0,1.E0));
#8128=DIRECTION('',(0.E0,-1.E0,0.E0));
#8129=AXIS2_PLACEMENT_3D('',#8126,#8127,#8128);
#8130=PLANE('',#8129);
#8132=ORIENTED_EDGE('',*,*,#8131,.F.);
#8134=ORIENTED_EDGE('',*,*,#8133,.F.);
#8136=ORIENTED_EDGE('',*,*,#8135,.T.);
#8137=ORIENTED_EDGE('',*,*,#8099,.T.);
#8138=ORIENTED_EDGE('',*,*,#8116,.F.);
#8140=ORIENTED_EDGE('',*,*,#8139,.F.);
#8141=EDGE_LOOP('',(#8132,#8134,#8136,#8137,#8138,#8140));
#8142=FACE_OUTER_BOUND('',#8141,.F.);
#8144=CARTESIAN_POINT('',(-5.307E0,-3.325E0,1.82504E1));
#8145=DIRECTION('',(0.E0,0.E0,-1.E0));
#8146=DIRECTION('',(0.E0,-1.E0,0.E0));
#8147=AXIS2_PLACEMENT_3D('',#8144,#8145,#8146);
#8148=CYLINDRICAL_SURFACE('',#8147,3.E-1);
#8150=ORIENTED_EDGE('',*,*,#8149,.T.);
#8152=ORIENTED_EDGE('',*,*,#8151,.F.);
#8153=ORIENTED_EDGE('',*,*,#8131,.T.);
#8155=ORIENTED_EDGE('',*,*,#8154,.T.);
#8156=EDGE_LOOP('',(#8150,#8152,#8153,#8155));
#8157=FACE_OUTER_BOUND('',#8156,.F.);
#8159=CARTESIAN_POINT('',(-6.565E0,-3.625E0,-3.18E-1));
#8160=DIRECTION('',(0.E0,0.E0,-1.E0));
#8161=DIRECTION('',(0.E0,1.E0,0.E0));
#8162=AXIS2_PLACEMENT_3D('',#8159,#8160,#8161);
#8163=PLANE('',#8162);
#8164=ORIENTED_EDGE('',*,*,#8149,.F.);
#8166=ORIENTED_EDGE('',*,*,#8165,.T.);
#8167=ORIENTED_EDGE('',*,*,#8119,.F.);
#8168=ORIENTED_EDGE('',*,*,#8106,.T.);
#8169=ORIENTED_EDGE('',*,*,#8087,.F.);
#8171=ORIENTED_EDGE('',*,*,#8170,.F.);
#8172=EDGE_LOOP('',(#8164,#8166,#8167,#8168,#8169,#8171));
#8173=FACE_OUTER_BOUND('',#8172,.F.);
#8175=CARTESIAN_POINT('',(-6.565E0,-3.625E0,0.E0));
#8176=DIRECTION('',(0.E0,-1.E0,0.E0));
#8177=DIRECTION('',(0.E0,0.E0,-1.E0));
#8178=AXIS2_PLACEMENT_3D('',#8175,#8176,#8177);
#8179=PLANE('',#8178);
#8180=ORIENTED_EDGE('',*,*,#8154,.F.);
#8181=ORIENTED_EDGE('',*,*,#8139,.T.);
#8182=ORIENTED_EDGE('',*,*,#8121,.F.);
#8183=ORIENTED_EDGE('',*,*,#8165,.F.);
#8184=EDGE_LOOP('',(#8180,#8181,#8182,#8183));
#8185=FACE_OUTER_BOUND('',#8184,.F.);
#8187=CARTESIAN_POINT('',(-5.607E0,-3.625E0,0.E0));
#8188=DIRECTION('',(1.E0,0.E0,0.E0));
#8189=DIRECTION('',(0.E0,1.E0,0.E0));
#8190=AXIS2_PLACEMENT_3D('',#8187,#8188,#8189);
#8191=PLANE('',#8190);
#8192=ORIENTED_EDGE('',*,*,#8151,.T.);
#8193=ORIENTED_EDGE('',*,*,#8170,.T.);
#8194=ORIENTED_EDGE('',*,*,#8085,.F.);
#8196=ORIENTED_EDGE('',*,*,#8195,.F.);
#8198=ORIENTED_EDGE('',*,*,#8197,.T.);
#8199=ORIENTED_EDGE('',*,*,#8133,.T.);
#8200=EDGE_LOOP('',(#8192,#8193,#8194,#8196,#8198,#8199));
#8201=FACE_OUTER_BOUND('',#8200,.F.);
#8203=CARTESIAN_POINT('',(-5.907E0,1.37370252E1,-3.2E-1));
#8204=DIRECTION('',(0.E0,-1.E0,0.E0));
#8205=DIRECTION('',(0.E0,0.E0,-1.E0));
#8206=AXIS2_PLACEMENT_3D('',#8203,#8204,#8205);
#8207=CYLINDRICAL_SURFACE('',#8206,3.E-1);
#8209=ORIENTED_EDGE('',*,*,#8208,.F.);
#8211=ORIENTED_EDGE('',*,*,#8210,.T.);
#8212=ORIENTED_EDGE('',*,*,#8195,.T.);
#8213=ORIENTED_EDGE('',*,*,#8083,.T.);
#8214=EDGE_LOOP('',(#8209,#8211,#8212,#8213));
#8215=FACE_OUTER_BOUND('',#8214,.F.);
#8217=CARTESIAN_POINT('',(0.E0,0.E0,-6.2E-1));
#8218=DIRECTION('',(0.E0,0.E0,1.E0));
#8219=DIRECTION('',(-1.E0,0.E0,0.E0));
#8220=AXIS2_PLACEMENT_3D('',#8217,#8218,#8219);
#8221=PLANE('',#8220);
#8223=ORIENTED_EDGE('',*,*,#8222,.T.);
#8225=ORIENTED_EDGE('',*,*,#8224,.F.);
#8227=ORIENTED_EDGE('',*,*,#8226,.F.);
#8228=ORIENTED_EDGE('',*,*,#7184,.T.);
#8229=ORIENTED_EDGE('',*,*,#8208,.T.);
#8230=ORIENTED_EDGE('',*,*,#7273,.F.);
#8232=ORIENTED_EDGE('',*,*,#8231,.F.);
#8234=ORIENTED_EDGE('',*,*,#8233,.T.);
#8235=EDGE_LOOP('',(#8223,#8225,#8227,#8228,#8229,#8230,#8232,#8234));
#8236=FACE_OUTER_BOUND('',#8235,.F.);
#8238=CARTESIAN_POINT('',(0.E0,0.E0,-6.2E-1));
#8239=DIRECTION('',(0.E0,0.E0,1.E0));
#8240=DIRECTION('',(-1.E0,0.E0,0.E0));
#8241=AXIS2_PLACEMENT_3D('',#8238,#8239,#8240);
#8242=PLANE('',#8241);
#8244=ORIENTED_EDGE('',*,*,#8243,.T.);
#8245=ORIENTED_EDGE('',*,*,#7192,.T.);
#8247=ORIENTED_EDGE('',*,*,#8246,.F.);
#8249=ORIENTED_EDGE('',*,*,#8248,.T.);
#8251=ORIENTED_EDGE('',*,*,#8250,.T.);
#8253=ORIENTED_EDGE('',*,*,#8252,.F.);
#8255=ORIENTED_EDGE('',*,*,#8254,.F.);
#8256=ORIENTED_EDGE('',*,*,#7265,.F.);
#8257=EDGE_LOOP('',(#8244,#8245,#8247,#8249,#8251,#8253,#8255,#8256));
#8258=FACE_OUTER_BOUND('',#8257,.F.);
#8260=CARTESIAN_POINT('',(0.E0,0.E0,-6.2E-1));
#8261=DIRECTION('',(0.E0,0.E0,1.E0));
#8262=DIRECTION('',(-1.E0,0.E0,0.E0));
#8263=AXIS2_PLACEMENT_3D('',#8260,#8261,#8262);
#8264=PLANE('',#8263);
#8266=ORIENTED_EDGE('',*,*,#8265,.T.);
#8268=ORIENTED_EDGE('',*,*,#8267,.T.);
#8270=ORIENTED_EDGE('',*,*,#8269,.F.);
#8271=ORIENTED_EDGE('',*,*,#6857,.F.);
#8273=ORIENTED_EDGE('',*,*,#8272,.T.);
#8274=ORIENTED_EDGE('',*,*,#6769,.T.);
#8276=ORIENTED_EDGE('',*,*,#8275,.F.);
#8278=ORIENTED_EDGE('',*,*,#8277,.F.);
#8279=EDGE_LOOP('',(#8266,#8268,#8270,#8271,#8273,#8274,#8276,#8278));
#8280=FACE_OUTER_BOUND('',#8279,.F.);
#8282=CARTESIAN_POINT('',(0.E0,0.E0,-6.2E-1));
#8283=DIRECTION('',(0.E0,0.E0,1.E0));
#8284=DIRECTION('',(-1.E0,0.E0,0.E0));
#8285=AXIS2_PLACEMENT_3D('',#8282,#8283,#8284);
#8286=PLANE('',#8285);
#8288=ORIENTED_EDGE('',*,*,#8287,.T.);
#8289=ORIENTED_EDGE('',*,*,#6865,.F.);
#8291=ORIENTED_EDGE('',*,*,#8290,.F.);
#8293=ORIENTED_EDGE('',*,*,#8292,.F.);
#8295=ORIENTED_EDGE('',*,*,#8294,.T.);
#8297=ORIENTED_EDGE('',*,*,#8296,.T.);
#8299=ORIENTED_EDGE('',*,*,#8298,.F.);
#8300=ORIENTED_EDGE('',*,*,#6761,.T.);
#8301=EDGE_LOOP('',(#8288,#8289,#8291,#8293,#8295,#8297,#8299,#8300));
#8302=FACE_OUTER_BOUND('',#8301,.F.);
#8304=CARTESIAN_POINT('',(-2.63758464E1,-2.22E0,-3.2E-1));
#8305=DIRECTION('',(1.E0,0.E0,0.E0));
#8306=DIRECTION('',(0.E0,0.E0,-1.E0));
#8307=AXIS2_PLACEMENT_3D('',#8304,#8305,#8306);
#8308=CYLINDRICAL_SURFACE('',#8307,3.E-1);
#8309=ORIENTED_EDGE('',*,*,#8222,.F.);
#8311=ORIENTED_EDGE('',*,*,#8310,.T.);
#8313=ORIENTED_EDGE('',*,*,#8312,.T.);
#8315=ORIENTED_EDGE('',*,*,#8314,.T.);
#8316=EDGE_LOOP('',(#8309,#8311,#8313,#8315));
#8317=FACE_OUTER_BOUND('',#8316,.F.);
#8319=CARTESIAN_POINT('',(-6.867E0,-2.878E0,-6.2E-1));
#8320=DIRECTION('',(0.E0,1.E0,0.E0));
#8321=DIRECTION('',(-1.E0,0.E0,0.E0));
#8322=AXIS2_PLACEMENT_3D('',#8319,#8320,#8321);
#8323=CYLINDRICAL_SURFACE('',#8322,3.02E-1);
#8325=ORIENTED_EDGE('',*,*,#8324,.T.);
#8327=ORIENTED_EDGE('',*,*,#8326,.F.);
#8329=ORIENTED_EDGE('',*,*,#8328,.F.);
#8331=ORIENTED_EDGE('',*,*,#8330,.F.);
#8333=ORIENTED_EDGE('',*,*,#8332,.T.);
#8334=ORIENTED_EDGE('',*,*,#8310,.F.);
#8335=EDGE_LOOP('',(#8325,#8327,#8329,#8331,#8333,#8334));
#8336=FACE_OUTER_BOUND('',#8335,.F.);
#8338=CARTESIAN_POINT('',(-6.565E0,0.E0,0.E0));
#8339=DIRECTION('',(1.E0,0.E0,0.E0));
#8340=DIRECTION('',(0.E0,0.E0,-1.E0));
#8341=AXIS2_PLACEMENT_3D('',#8338,#8339,#8340);
#8342=PLANE('',#8341);
#8344=ORIENTED_EDGE('',*,*,#8343,.T.);
#8346=ORIENTED_EDGE('',*,*,#8345,.T.);
#8348=ORIENTED_EDGE('',*,*,#8347,.F.);
#8349=ORIENTED_EDGE('',*,*,#8296,.F.);
#8350=ORIENTED_EDGE('',*,*,#8324,.F.);
#8351=ORIENTED_EDGE('',*,*,#8233,.F.);
#8353=ORIENTED_EDGE('',*,*,#8352,.F.);
#8355=ORIENTED_EDGE('',*,*,#8354,.F.);
#8357=ORIENTED_EDGE('',*,*,#8356,.F.);
#8358=EDGE_LOOP('',(#8344,#8346,#8348,#8349,#8350,#8351,#8353,#8355,#8357));
#8359=FACE_OUTER_BOUND('',#8358,.F.);
#8361=ORIENTED_EDGE('',*,*,#8360,.F.);
#8363=ORIENTED_EDGE('',*,*,#8362,.F.);
#8365=ORIENTED_EDGE('',*,*,#8364,.F.);
#8367=ORIENTED_EDGE('',*,*,#8366,.F.);
#8369=ORIENTED_EDGE('',*,*,#8368,.F.);
#8371=ORIENTED_EDGE('',*,*,#8370,.T.);
#8373=ORIENTED_EDGE('',*,*,#8372,.F.);
#8375=ORIENTED_EDGE('',*,*,#8374,.F.);
#8377=ORIENTED_EDGE('',*,*,#8376,.F.);
#8379=ORIENTED_EDGE('',*,*,#8378,.F.);
#8381=ORIENTED_EDGE('',*,*,#8380,.F.);
#8383=ORIENTED_EDGE('',*,*,#8382,.F.);
#8384=EDGE_LOOP('',(#8361,#8363,#8365,#8367,#8369,#8371,#8373,#8375,#8377,#8379,
#8381,#8383));
#8385=FACE_BOUND('',#8384,.F.);
#8387=ORIENTED_EDGE('',*,*,#8386,.T.);
#8389=ORIENTED_EDGE('',*,*,#8388,.T.);
#8391=ORIENTED_EDGE('',*,*,#8390,.T.);
#8393=ORIENTED_EDGE('',*,*,#8392,.T.);
#8395=ORIENTED_EDGE('',*,*,#8394,.T.);
#8397=ORIENTED_EDGE('',*,*,#8396,.T.);
#8399=ORIENTED_EDGE('',*,*,#8398,.T.);
#8401=ORIENTED_EDGE('',*,*,#8400,.T.);
#8402=EDGE_LOOP('',(#8387,#8389,#8391,#8393,#8395,#8397,#8399,#8401));
#8403=FACE_BOUND('',#8402,.F.);
#8405=CARTESIAN_POINT('',(-6.565E0,-2.172E0,-1.058E1));
#8406=DIRECTION('',(-1.E0,0.E0,0.E0));
#8407=DIRECTION('',(0.E0,0.E0,-1.E0));
#8408=AXIS2_PLACEMENT_3D('',#8405,#8406,#8407);
#8409=CYLINDRICAL_SURFACE('',#8408,1.3E-1);
#8410=ORIENTED_EDGE('',*,*,#8386,.F.);
#8412=ORIENTED_EDGE('',*,*,#8411,.T.);
#8414=ORIENTED_EDGE('',*,*,#8413,.T.);
#8416=ORIENTED_EDGE('',*,*,#8415,.F.);
#8417=EDGE_LOOP('',(#8410,#8412,#8414,#8416));
#8418=FACE_OUTER_BOUND('',#8417,.F.);
#8420=CARTESIAN_POINT('',(-6.565E0,-2.302E0,-1.243E1));
#8421=DIRECTION('',(0.E0,-1.E0,0.E0));
#8422=DIRECTION('',(0.E0,0.E0,1.E0));
#8423=AXIS2_PLACEMENT_3D('',#8420,#8421,#8422);
#8424=PLANE('',#8423);
#8425=ORIENTED_EDGE('',*,*,#8400,.F.);
#8427=ORIENTED_EDGE('',*,*,#8426,.T.);
#8429=ORIENTED_EDGE('',*,*,#8428,.T.);
#8430=ORIENTED_EDGE('',*,*,#8411,.F.);
#8431=EDGE_LOOP('',(#8425,#8427,#8429,#8430));
#8432=FACE_OUTER_BOUND('',#8431,.F.);
#8434=CARTESIAN_POINT('',(-6.565E0,-2.172E0,-1.243E1));
#8435=DIRECTION('',(-1.E0,0.E0,0.E0));
#8436=DIRECTION('',(0.E0,0.E0,-1.E0));
#8437=AXIS2_PLACEMENT_3D('',#8434,#8435,#8436);
#8438=CYLINDRICAL_SURFACE('',#8437,1.3E-1);
#8439=ORIENTED_EDGE('',*,*,#8398,.F.);
#8441=ORIENTED_EDGE('',*,*,#8440,.T.);
#8443=ORIENTED_EDGE('',*,*,#8442,.T.);
#8444=ORIENTED_EDGE('',*,*,#8426,.F.);
#8445=EDGE_LOOP('',(#8439,#8441,#8443,#8444));
#8446=FACE_OUTER_BOUND('',#8445,.F.);
#8448=CARTESIAN_POINT('',(-6.565E0,-8.32E-1,-1.256E1));
#8449=DIRECTION('',(0.E0,0.E0,-1.E0));
#8450=DIRECTION('',(0.E0,-1.E0,0.E0));
#8451=AXIS2_PLACEMENT_3D('',#8448,#8449,#8450);
#8452=PLANE('',#8451);
#8453=ORIENTED_EDGE('',*,*,#8396,.F.);
#8455=ORIENTED_EDGE('',*,*,#8454,.T.);
#8457=ORIENTED_EDGE('',*,*,#8456,.T.);
#8458=ORIENTED_EDGE('',*,*,#8440,.F.);
#8459=EDGE_LOOP('',(#8453,#8455,#8457,#8458));
#8460=FACE_OUTER_BOUND('',#8459,.F.);
#8462=CARTESIAN_POINT('',(-6.565E0,-8.32E-1,-1.243E1));
#8463=DIRECTION('',(-1.E0,0.E0,0.E0));
#8464=DIRECTION('',(0.E0,0.E0,-1.E0));
#8465=AXIS2_PLACEMENT_3D('',#8462,#8463,#8464);
#8466=CYLINDRICAL_SURFACE('',#8465,1.3E-1);
#8467=ORIENTED_EDGE('',*,*,#8394,.F.);
#8469=ORIENTED_EDGE('',*,*,#8468,.T.);
#8471=ORIENTED_EDGE('',*,*,#8470,.T.);
#8472=ORIENTED_EDGE('',*,*,#8454,.F.);
#8473=EDGE_LOOP('',(#8467,#8469,#8471,#8472));
#8474=FACE_OUTER_BOUND('',#8473,.F.);
#8476=CARTESIAN_POINT('',(-6.565E0,-7.02E-1,-1.058E1));
#8477=DIRECTION('',(0.E0,1.E0,0.E0));
#8478=DIRECTION('',(0.E0,0.E0,-1.E0));
#8479=AXIS2_PLACEMENT_3D('',#8476,#8477,#8478);
#8480=PLANE('',#8479);
#8481=ORIENTED_EDGE('',*,*,#8392,.F.);
#8483=ORIENTED_EDGE('',*,*,#8482,.T.);
#8485=ORIENTED_EDGE('',*,*,#8484,.T.);
#8486=ORIENTED_EDGE('',*,*,#8468,.F.);
#8487=EDGE_LOOP('',(#8481,#8483,#8485,#8486));
#8488=FACE_OUTER_BOUND('',#8487,.F.);
#8490=CARTESIAN_POINT('',(-6.565E0,-8.32E-1,-1.058E1));
#8491=DIRECTION('',(-1.E0,0.E0,0.E0));
#8492=DIRECTION('',(0.E0,0.E0,-1.E0));
#8493=AXIS2_PLACEMENT_3D('',#8490,#8491,#8492);
#8494=CYLINDRICAL_SURFACE('',#8493,1.3E-1);
#8495=ORIENTED_EDGE('',*,*,#8390,.F.);
#8497=ORIENTED_EDGE('',*,*,#8496,.T.);
#8499=ORIENTED_EDGE('',*,*,#8498,.T.);
#8500=ORIENTED_EDGE('',*,*,#8482,.F.);
#8501=EDGE_LOOP('',(#8495,#8497,#8499,#8500));
#8502=FACE_OUTER_BOUND('',#8501,.F.);
#8504=CARTESIAN_POINT('',(-6.565E0,-2.172E0,-1.045E1));
#8505=DIRECTION('',(0.E0,0.E0,1.E0));
#8506=DIRECTION('',(0.E0,1.E0,0.E0));
#8507=AXIS2_PLACEMENT_3D('',#8504,#8505,#8506);
#8508=PLANE('',#8507);
#8509=ORIENTED_EDGE('',*,*,#8388,.F.);
#8510=ORIENTED_EDGE('',*,*,#8415,.T.);
#8512=ORIENTED_EDGE('',*,*,#8511,.T.);
#8513=ORIENTED_EDGE('',*,*,#8496,.F.);
#8514=EDGE_LOOP('',(#8509,#8510,#8512,#8513));
#8515=FACE_OUTER_BOUND('',#8514,.F.);
#8517=CARTESIAN_POINT('',(-6.247E0,-2.878E0,-6.2E-1));
#8518=DIRECTION('',(1.E0,0.E0,0.E0));
#8519=DIRECTION('',(0.E0,0.E0,-1.E0));
#8520=AXIS2_PLACEMENT_3D('',#8517,#8518,#8519);
#8521=PLANE('',#8520);
#8522=ORIENTED_EDGE('',*,*,#8413,.F.);
#8523=ORIENTED_EDGE('',*,*,#8428,.F.);
#8524=ORIENTED_EDGE('',*,*,#8442,.F.);
#8525=ORIENTED_EDGE('',*,*,#8456,.F.);
#8526=ORIENTED_EDGE('',*,*,#8470,.F.);
#8527=ORIENTED_EDGE('',*,*,#8484,.F.);
#8528=ORIENTED_EDGE('',*,*,#8498,.F.);
#8529=ORIENTED_EDGE('',*,*,#8511,.F.);
#8530=EDGE_LOOP('',(#8522,#8523,#8524,#8525,#8526,#8527,#8528,#8529));
#8531=FACE_OUTER_BOUND('',#8530,.F.);
#8533=ORIENTED_EDGE('',*,*,#8532,.F.);
#8535=ORIENTED_EDGE('',*,*,#8534,.T.);
#8537=ORIENTED_EDGE('',*,*,#8536,.T.);
#8539=ORIENTED_EDGE('',*,*,#8538,.F.);
#8540=EDGE_LOOP('',(#8533,#8535,#8537,#8539));
#8541=FACE_BOUND('',#8540,.F.);
#8543=CARTESIAN_POINT('',(0.E0,-9.72E-1,-1.045E1));
#8544=DIRECTION('',(0.E0,-1.E0,0.E0));
#8545=DIRECTION('',(0.E0,0.E0,1.E0));
#8546=AXIS2_PLACEMENT_3D('',#8543,#8544,#8545);
#8547=PLANE('',#8546);
#8549=ORIENTED_EDGE('',*,*,#8548,.F.);
#8551=ORIENTED_EDGE('',*,*,#8550,.T.);
#8553=ORIENTED_EDGE('',*,*,#8552,.T.);
#8555=ORIENTED_EDGE('',*,*,#8554,.T.);
#8556=EDGE_LOOP('',(#8549,#8551,#8553,#8555));
#8557=FACE_OUTER_BOUND('',#8556,.F.);
#8559=CARTESIAN_POINT('',(0.E0,-9.72E-1,-1.045E1));
#8560=DIRECTION('',(0.E0,-1.E0,0.E0));
#8561=DIRECTION('',(0.E0,0.E0,1.E0));
#8562=AXIS2_PLACEMENT_3D('',#8559,#8560,#8561);
#8563=PLANE('',#8562);
#8564=ORIENTED_EDGE('',*,*,#8532,.T.);
#8566=ORIENTED_EDGE('',*,*,#8565,.T.);
#8568=ORIENTED_EDGE('',*,*,#8567,.T.);
#8570=ORIENTED_EDGE('',*,*,#8569,.T.);
#8571=EDGE_LOOP('',(#8564,#8566,#8568,#8570));
#8572=FACE_OUTER_BOUND('',#8571,.F.);
#8574=CARTESIAN_POINT('',(6.247E0,-2.878E0,-8.88E0));
#8575=DIRECTION('',(-1.E0,0.E0,0.E0));
#8576=DIRECTION('',(0.E0,0.E0,1.E0));
#8577=AXIS2_PLACEMENT_3D('',#8574,#8575,#8576);
#8578=PLANE('',#8577);
#8580=ORIENTED_EDGE('',*,*,#8579,.F.);
#8582=ORIENTED_EDGE('',*,*,#8581,.F.);
#8584=ORIENTED_EDGE('',*,*,#8583,.F.);
#8586=ORIENTED_EDGE('',*,*,#8585,.F.);
#8588=ORIENTED_EDGE('',*,*,#8587,.F.);
#8590=ORIENTED_EDGE('',*,*,#8589,.F.);
#8592=ORIENTED_EDGE('',*,*,#8591,.F.);
#8594=ORIENTED_EDGE('',*,*,#8593,.F.);
#8595=EDGE_LOOP('',(#8580,#8582,#8584,#8586,#8588,#8590,#8592,#8594));
#8596=FACE_OUTER_BOUND('',#8595,.F.);
#8597=ORIENTED_EDGE('',*,*,#8548,.T.);
#8599=ORIENTED_EDGE('',*,*,#8598,.T.);
#8601=ORIENTED_EDGE('',*,*,#8600,.F.);
#8603=ORIENTED_EDGE('',*,*,#8602,.F.);
#8604=EDGE_LOOP('',(#8597,#8599,#8601,#8603));
#8605=FACE_BOUND('',#8604,.F.);
#8607=CARTESIAN_POINT('',(6.565E0,-2.172E0,-1.243E1));
#8608=DIRECTION('',(1.E0,0.E0,0.E0));
#8609=DIRECTION('',(0.E0,0.E0,1.E0));
#8610=AXIS2_PLACEMENT_3D('',#8607,#8608,#8609);
#8611=CYLINDRICAL_SURFACE('',#8610,1.3E-1);
#8613=ORIENTED_EDGE('',*,*,#8612,.F.);
#8615=ORIENTED_EDGE('',*,*,#8614,.T.);
#8616=ORIENTED_EDGE('',*,*,#8579,.T.);
#8618=ORIENTED_EDGE('',*,*,#8617,.F.);
#8619=EDGE_LOOP('',(#8613,#8615,#8616,#8618));
#8620=FACE_OUTER_BOUND('',#8619,.F.);
#8622=CARTESIAN_POINT('',(6.565E0,0.E0,0.E0));
#8623=DIRECTION('',(1.E0,0.E0,0.E0));
#8624=DIRECTION('',(0.E0,0.E0,-1.E0));
#8625=AXIS2_PLACEMENT_3D('',#8622,#8623,#8624);
#8626=PLANE('',#8625);
#8628=ORIENTED_EDGE('',*,*,#8627,.T.);
#8630=ORIENTED_EDGE('',*,*,#8629,.T.);
#8632=ORIENTED_EDGE('',*,*,#8631,.F.);
#8634=ORIENTED_EDGE('',*,*,#8633,.F.);
#8635=ORIENTED_EDGE('',*,*,#8252,.T.);
#8637=ORIENTED_EDGE('',*,*,#8636,.F.);
#8638=ORIENTED_EDGE('',*,*,#8277,.T.);
#8640=ORIENTED_EDGE('',*,*,#8639,.F.);
#8642=ORIENTED_EDGE('',*,*,#8641,.F.);
#8643=EDGE_LOOP('',(#8628,#8630,#8632,#8634,#8635,#8637,#8638,#8640,#8642));
#8644=FACE_OUTER_BOUND('',#8643,.F.);
#8646=ORIENTED_EDGE('',*,*,#8645,.T.);
#8648=ORIENTED_EDGE('',*,*,#8647,.F.);
#8650=ORIENTED_EDGE('',*,*,#8649,.F.);
#8652=ORIENTED_EDGE('',*,*,#8651,.F.);
#8654=ORIENTED_EDGE('',*,*,#8653,.T.);
#8656=ORIENTED_EDGE('',*,*,#8655,.T.);
#8658=ORIENTED_EDGE('',*,*,#8657,.T.);
#8660=ORIENTED_EDGE('',*,*,#8659,.T.);
#8662=ORIENTED_EDGE('',*,*,#8661,.T.);
#8664=ORIENTED_EDGE('',*,*,#8663,.T.);
#8666=ORIENTED_EDGE('',*,*,#8665,.T.);
#8668=ORIENTED_EDGE('',*,*,#8667,.F.);
#8669=EDGE_LOOP('',(#8646,#8648,#8650,#8652,#8654,#8656,#8658,#8660,#8662,#8664,
#8666,#8668));
#8670=FACE_BOUND('',#8669,.F.);
#8671=ORIENTED_EDGE('',*,*,#8612,.T.);
#8673=ORIENTED_EDGE('',*,*,#8672,.T.);
#8675=ORIENTED_EDGE('',*,*,#8674,.T.);
#8677=ORIENTED_EDGE('',*,*,#8676,.T.);
#8679=ORIENTED_EDGE('',*,*,#8678,.T.);
#8681=ORIENTED_EDGE('',*,*,#8680,.T.);
#8683=ORIENTED_EDGE('',*,*,#8682,.T.);
#8685=ORIENTED_EDGE('',*,*,#8684,.T.);
#8686=EDGE_LOOP('',(#8671,#8673,#8675,#8677,#8679,#8681,#8683,#8685));
#8687=FACE_BOUND('',#8686,.F.);
#8689=CARTESIAN_POINT('',(6.565E0,-2.172E0,-1.256E1));
#8690=DIRECTION('',(0.E0,0.E0,-1.E0));
#8691=DIRECTION('',(0.E0,1.E0,0.E0));
#8692=AXIS2_PLACEMENT_3D('',#8689,#8690,#8691);
#8693=PLANE('',#8692);
#8694=ORIENTED_EDGE('',*,*,#8672,.F.);
#8695=ORIENTED_EDGE('',*,*,#8617,.T.);
#8696=ORIENTED_EDGE('',*,*,#8593,.T.);
#8698=ORIENTED_EDGE('',*,*,#8697,.F.);
#8699=EDGE_LOOP('',(#8694,#8695,#8696,#8698));
#8700=FACE_OUTER_BOUND('',#8699,.F.);
#8702=CARTESIAN_POINT('',(6.565E0,-8.32E-1,-1.243E1));
#8703=DIRECTION('',(1.E0,0.E0,0.E0));
#8704=DIRECTION('',(0.E0,0.E0,1.E0));
#8705=AXIS2_PLACEMENT_3D('',#8702,#8703,#8704);
#8706=CYLINDRICAL_SURFACE('',#8705,1.3E-1);
#8707=ORIENTED_EDGE('',*,*,#8674,.F.);
#8708=ORIENTED_EDGE('',*,*,#8697,.T.);
#8709=ORIENTED_EDGE('',*,*,#8591,.T.);
#8711=ORIENTED_EDGE('',*,*,#8710,.F.);
#8712=EDGE_LOOP('',(#8707,#8708,#8709,#8711));
#8713=FACE_OUTER_BOUND('',#8712,.F.);
#8715=CARTESIAN_POINT('',(6.565E0,-7.02E-1,-1.243E1));
#8716=DIRECTION('',(0.E0,1.E0,0.E0));
#8717=DIRECTION('',(0.E0,0.E0,1.E0));
#8718=AXIS2_PLACEMENT_3D('',#8715,#8716,#8717);
#8719=PLANE('',#8718);
#8720=ORIENTED_EDGE('',*,*,#8676,.F.);
#8721=ORIENTED_EDGE('',*,*,#8710,.T.);
#8722=ORIENTED_EDGE('',*,*,#8589,.T.);
#8724=ORIENTED_EDGE('',*,*,#8723,.F.);
#8725=EDGE_LOOP('',(#8720,#8721,#8722,#8724));
#8726=FACE_OUTER_BOUND('',#8725,.F.);
#8728=CARTESIAN_POINT('',(6.565E0,-8.32E-1,-1.058E1));
#8729=DIRECTION('',(1.E0,0.E0,0.E0));
#8730=DIRECTION('',(0.E0,0.E0,1.E0));
#8731=AXIS2_PLACEMENT_3D('',#8728,#8729,#8730);
#8732=CYLINDRICAL_SURFACE('',#8731,1.3E-1);
#8733=ORIENTED_EDGE('',*,*,#8678,.F.);
#8734=ORIENTED_EDGE('',*,*,#8723,.T.);
#8735=ORIENTED_EDGE('',*,*,#8587,.T.);
#8737=ORIENTED_EDGE('',*,*,#8736,.F.);
#8738=EDGE_LOOP('',(#8733,#8734,#8735,#8737));
#8739=FACE_OUTER_BOUND('',#8738,.F.);
#8741=CARTESIAN_POINT('',(6.565E0,-8.32E-1,-1.045E1));
#8742=DIRECTION('',(0.E0,0.E0,1.E0));
#8743=DIRECTION('',(0.E0,-1.E0,0.E0));
#8744=AXIS2_PLACEMENT_3D('',#8741,#8742,#8743);
#8745=PLANE('',#8744);
#8746=ORIENTED_EDGE('',*,*,#8680,.F.);
#8747=ORIENTED_EDGE('',*,*,#8736,.T.);
#8748=ORIENTED_EDGE('',*,*,#8585,.T.);
#8750=ORIENTED_EDGE('',*,*,#8749,.F.);
#8751=EDGE_LOOP('',(#8746,#8747,#8748,#8750));
#8752=FACE_OUTER_BOUND('',#8751,.F.);
#8754=CARTESIAN_POINT('',(6.565E0,-2.172E0,-1.058E1));
#8755=DIRECTION('',(1.E0,0.E0,0.E0));
#8756=DIRECTION('',(0.E0,0.E0,1.E0));
#8757=AXIS2_PLACEMENT_3D('',#8754,#8755,#8756);
#8758=CYLINDRICAL_SURFACE('',#8757,1.3E-1);
#8759=ORIENTED_EDGE('',*,*,#8682,.F.);
#8760=ORIENTED_EDGE('',*,*,#8749,.T.);
#8761=ORIENTED_EDGE('',*,*,#8583,.T.);
#8763=ORIENTED_EDGE('',*,*,#8762,.F.);
#8764=EDGE_LOOP('',(#8759,#8760,#8761,#8763));
#8765=FACE_OUTER_BOUND('',#8764,.F.);
#8767=CARTESIAN_POINT('',(6.565E0,-2.302E0,-1.058E1));
#8768=DIRECTION('',(0.E0,-1.E0,0.E0));
#8769=DIRECTION('',(0.E0,0.E0,-1.E0));
#8770=AXIS2_PLACEMENT_3D('',#8767,#8768,#8769);
#8771=PLANE('',#8770);
#8772=ORIENTED_EDGE('',*,*,#8684,.F.);
#8773=ORIENTED_EDGE('',*,*,#8762,.T.);
#8774=ORIENTED_EDGE('',*,*,#8581,.T.);
#8775=ORIENTED_EDGE('',*,*,#8614,.F.);
#8776=EDGE_LOOP('',(#8772,#8773,#8774,#8775));
#8777=FACE_OUTER_BOUND('',#8776,.F.);
#8779=CARTESIAN_POINT('',(6.565E0,1.201763053179E0,-4.725918951285E0));
#8780=DIRECTION('',(0.E0,9.953500135553E-1,-9.632419486019E-2));
#8781=DIRECTION('',(0.E0,9.632419486019E-2,9.953500135553E-1));
#8782=AXIS2_PLACEMENT_3D('',#8779,#8780,#8781);
#8783=PLANE('',#8782);
#8784=ORIENTED_EDGE('',*,*,#8645,.F.);
#8786=ORIENTED_EDGE('',*,*,#8785,.T.);
#8788=ORIENTED_EDGE('',*,*,#8787,.T.);
#8790=ORIENTED_EDGE('',*,*,#8789,.F.);
#8791=EDGE_LOOP('',(#8784,#8786,#8788,#8790));
#8792=FACE_OUTER_BOUND('',#8791,.F.);
#8794=CARTESIAN_POINT('',(6.565E0,1.201763053179E0,-4.725918951285E0));
#8795=DIRECTION('',(0.E0,9.953500135553E-1,-9.632419486019E-2));
#8796=DIRECTION('',(0.E0,9.632419486019E-2,9.953500135553E-1));
#8797=AXIS2_PLACEMENT_3D('',#8794,#8795,#8796);
#8798=PLANE('',#8797);
#8799=ORIENTED_EDGE('',*,*,#8368,.T.);
#8801=ORIENTED_EDGE('',*,*,#8800,.F.);
#8803=ORIENTED_EDGE('',*,*,#8802,.F.);
#8805=ORIENTED_EDGE('',*,*,#8804,.T.);
#8806=EDGE_LOOP('',(#8799,#8801,#8803,#8805));
#8807=FACE_OUTER_BOUND('',#8806,.F.);
#8809=CARTESIAN_POINT('',(6.565E0,1.450600556568E0,-4.75E0));
#8810=DIRECTION('',(1.E0,0.E0,0.E0));
#8811=DIRECTION('',(0.E0,0.E0,1.E0));
#8812=AXIS2_PLACEMENT_3D('',#8809,#8810,#8811);
#8813=CYLINDRICAL_SURFACE('',#8812,2.5E-1);
#8814=ORIENTED_EDGE('',*,*,#8667,.T.);
#8816=ORIENTED_EDGE('',*,*,#8815,.T.);
#8818=ORIENTED_EDGE('',*,*,#8817,.F.);
#8819=ORIENTED_EDGE('',*,*,#8785,.F.);
#8820=EDGE_LOOP('',(#8814,#8816,#8818,#8819));
#8821=FACE_OUTER_BOUND('',#8820,.F.);
#8823=CARTESIAN_POINT('',(6.565E0,1.450600556568E0,-4.75E0));
#8824=DIRECTION('',(1.E0,0.E0,0.E0));
#8825=DIRECTION('',(0.E0,0.E0,1.E0));
#8826=AXIS2_PLACEMENT_3D('',#8823,#8824,#8825);
#8827=CYLINDRICAL_SURFACE('',#8826,2.5E-1);
#8828=ORIENTED_EDGE('',*,*,#8370,.F.);
#8829=ORIENTED_EDGE('',*,*,#8804,.F.);
#8831=ORIENTED_EDGE('',*,*,#8830,.T.);
#8833=ORIENTED_EDGE('',*,*,#8832,.T.);
#8834=EDGE_LOOP('',(#8828,#8829,#8831,#8833));
#8835=FACE_OUTER_BOUND('',#8834,.F.);
#8837=CARTESIAN_POINT('',(6.565E0,1.748E0,-5.E0));
#8838=DIRECTION('',(0.E0,0.E0,1.E0));
#8839=DIRECTION('',(0.E0,-1.E0,0.E0));
#8840=AXIS2_PLACEMENT_3D('',#8837,#8838,#8839);
#8841=PLANE('',#8840);
#8842=ORIENTED_EDGE('',*,*,#8665,.F.);
#8844=ORIENTED_EDGE('',*,*,#8843,.T.);
#8846=ORIENTED_EDGE('',*,*,#8845,.T.);
#8847=ORIENTED_EDGE('',*,*,#8815,.F.);
#8848=EDGE_LOOP('',(#8842,#8844,#8846,#8847));
#8849=FACE_OUTER_BOUND('',#8848,.F.);
#8851=CARTESIAN_POINT('',(6.565E0,1.748E0,-5.E0));
#8852=DIRECTION('',(0.E0,0.E0,1.E0));
#8853=DIRECTION('',(0.E0,-1.E0,0.E0));
#8854=AXIS2_PLACEMENT_3D('',#8851,#8852,#8853);
#8855=PLANE('',#8854);
#8856=ORIENTED_EDGE('',*,*,#8372,.T.);
#8857=ORIENTED_EDGE('',*,*,#8832,.F.);
#8859=ORIENTED_EDGE('',*,*,#8858,.F.);
#8861=ORIENTED_EDGE('',*,*,#8860,.T.);
#8862=EDGE_LOOP('',(#8856,#8857,#8859,#8861));
#8863=FACE_OUTER_BOUND('',#8862,.F.);
#8865=CARTESIAN_POINT('',(6.565E0,1.748E0,-5.13E0));
#8866=DIRECTION('',(1.E0,0.E0,0.E0));
#8867=DIRECTION('',(0.E0,0.E0,1.E0));
#8868=AXIS2_PLACEMENT_3D('',#8865,#8866,#8867);
#8869=CYLINDRICAL_SURFACE('',#8868,1.3E-1);
#8870=ORIENTED_EDGE('',*,*,#8663,.F.);
#8872=ORIENTED_EDGE('',*,*,#8871,.T.);
#8874=ORIENTED_EDGE('',*,*,#8873,.T.);
#8875=ORIENTED_EDGE('',*,*,#8843,.F.);
#8876=EDGE_LOOP('',(#8870,#8872,#8874,#8875));
#8877=FACE_OUTER_BOUND('',#8876,.F.);
#8879=CARTESIAN_POINT('',(6.565E0,1.748E0,-5.13E0));
#8880=DIRECTION('',(1.E0,0.E0,0.E0));
#8881=DIRECTION('',(0.E0,0.E0,1.E0));
#8882=AXIS2_PLACEMENT_3D('',#8879,#8880,#8881);
#8883=CYLINDRICAL_SURFACE('',#8882,1.3E-1);
#8884=ORIENTED_EDGE('',*,*,#8374,.T.);
#8885=ORIENTED_EDGE('',*,*,#8860,.F.);
#8887=ORIENTED_EDGE('',*,*,#8886,.F.);
#8889=ORIENTED_EDGE('',*,*,#8888,.T.);
#8890=EDGE_LOOP('',(#8884,#8885,#8887,#8889));
#8891=FACE_OUTER_BOUND('',#8890,.F.);
#8893=CARTESIAN_POINT('',(6.565E0,1.878E0,-8.41E0));
#8894=DIRECTION('',(0.E0,1.E0,0.E0));
#8895=DIRECTION('',(0.E0,0.E0,1.E0));
#8896=AXIS2_PLACEMENT_3D('',#8893,#8894,#8895);
#8897=PLANE('',#8896);
#8898=ORIENTED_EDGE('',*,*,#8661,.F.);
#8900=ORIENTED_EDGE('',*,*,#8899,.T.);
#8902=ORIENTED_EDGE('',*,*,#8901,.T.);
#8903=ORIENTED_EDGE('',*,*,#8871,.F.);
#8904=EDGE_LOOP('',(#8898,#8900,#8902,#8903));
#8905=FACE_OUTER_BOUND('',#8904,.F.);
#8907=CARTESIAN_POINT('',(6.565E0,1.878E0,-8.41E0));
#8908=DIRECTION('',(0.E0,1.E0,0.E0));
#8909=DIRECTION('',(0.E0,0.E0,1.E0));
#8910=AXIS2_PLACEMENT_3D('',#8907,#8908,#8909);
#8911=PLANE('',#8910);
#8912=ORIENTED_EDGE('',*,*,#8376,.T.);
#8913=ORIENTED_EDGE('',*,*,#8888,.F.);
#8915=ORIENTED_EDGE('',*,*,#8914,.F.);
#8917=ORIENTED_EDGE('',*,*,#8916,.T.);
#8918=EDGE_LOOP('',(#8912,#8913,#8915,#8917));
#8919=FACE_OUTER_BOUND('',#8918,.F.);
#8921=CARTESIAN_POINT('',(6.565E0,1.748E0,-8.41E0));
#8922=DIRECTION('',(1.E0,0.E0,0.E0));
#8923=DIRECTION('',(0.E0,0.E0,1.E0));
#8924=AXIS2_PLACEMENT_3D('',#8921,#8922,#8923);
#8925=CYLINDRICAL_SURFACE('',#8924,1.3E-1);
#8926=ORIENTED_EDGE('',*,*,#8659,.F.);
#8928=ORIENTED_EDGE('',*,*,#8927,.T.);
#8930=ORIENTED_EDGE('',*,*,#8929,.T.);
#8931=ORIENTED_EDGE('',*,*,#8899,.F.);
#8932=EDGE_LOOP('',(#8926,#8928,#8930,#8931));
#8933=FACE_OUTER_BOUND('',#8932,.F.);
#8935=CARTESIAN_POINT('',(6.565E0,1.748E0,-8.41E0));
#8936=DIRECTION('',(1.E0,0.E0,0.E0));
#8937=DIRECTION('',(0.E0,0.E0,1.E0));
#8938=AXIS2_PLACEMENT_3D('',#8935,#8936,#8937);
#8939=CYLINDRICAL_SURFACE('',#8938,1.3E-1);
#8940=ORIENTED_EDGE('',*,*,#8378,.T.);
#8941=ORIENTED_EDGE('',*,*,#8916,.F.);
#8943=ORIENTED_EDGE('',*,*,#8942,.F.);
#8945=ORIENTED_EDGE('',*,*,#8944,.T.);
#8946=EDGE_LOOP('',(#8940,#8941,#8943,#8945));
#8947=FACE_OUTER_BOUND('',#8946,.F.);
#8949=CARTESIAN_POINT('',(6.565E0,-6.056840564903E-1,-8.54E0));
#8950=DIRECTION('',(0.E0,0.E0,-1.E0));
#8951=DIRECTION('',(0.E0,1.E0,0.E0));
#8952=AXIS2_PLACEMENT_3D('',#8949,#8950,#8951);
#8953=PLANE('',#8952);
#8954=ORIENTED_EDGE('',*,*,#8657,.F.);
#8956=ORIENTED_EDGE('',*,*,#8955,.T.);
#8958=ORIENTED_EDGE('',*,*,#8957,.T.);
#8959=ORIENTED_EDGE('',*,*,#8927,.F.);
#8960=EDGE_LOOP('',(#8954,#8956,#8958,#8959));
#8961=FACE_OUTER_BOUND('',#8960,.F.);
#8963=CARTESIAN_POINT('',(6.565E0,-6.056840564903E-1,-8.54E0));
#8964=DIRECTION('',(0.E0,0.E0,-1.E0));
#8965=DIRECTION('',(0.E0,1.E0,0.E0));
#8966=AXIS2_PLACEMENT_3D('',#8963,#8964,#8965);
#8967=PLANE('',#8966);
#8968=ORIENTED_EDGE('',*,*,#8380,.T.);
#8969=ORIENTED_EDGE('',*,*,#8944,.F.);
#8971=ORIENTED_EDGE('',*,*,#8970,.F.);
#8973=ORIENTED_EDGE('',*,*,#8972,.T.);
#8974=EDGE_LOOP('',(#8968,#8969,#8971,#8973));
#8975=FACE_OUTER_BOUND('',#8974,.F.);
#8977=CARTESIAN_POINT('',(6.565E0,-6.056840564903E-1,-8.29E0));
#8978=DIRECTION('',(1.E0,0.E0,0.E0));
#8979=DIRECTION('',(0.E0,0.E0,1.E0));
#8980=AXIS2_PLACEMENT_3D('',#8977,#8978,#8979);
#8981=CYLINDRICAL_SURFACE('',#8980,2.5E-1);
#8982=ORIENTED_EDGE('',*,*,#8655,.F.);
#8984=ORIENTED_EDGE('',*,*,#8983,.T.);
#8986=ORIENTED_EDGE('',*,*,#8985,.T.);
#8987=ORIENTED_EDGE('',*,*,#8955,.F.);
#8988=EDGE_LOOP('',(#8982,#8984,#8986,#8987));
#8989=FACE_OUTER_BOUND('',#8988,.F.);
#8991=CARTESIAN_POINT('',(6.565E0,-6.056840564903E-1,-8.29E0));
#8992=DIRECTION('',(1.E0,0.E0,0.E0));
#8993=DIRECTION('',(0.E0,0.E0,1.E0));
#8994=AXIS2_PLACEMENT_3D('',#8991,#8992,#8993);
#8995=CYLINDRICAL_SURFACE('',#8994,2.5E-1);
#8996=ORIENTED_EDGE('',*,*,#8382,.T.);
#8997=ORIENTED_EDGE('',*,*,#8972,.F.);
#8999=ORIENTED_EDGE('',*,*,#8998,.F.);
#9001=ORIENTED_EDGE('',*,*,#9000,.T.);
#9002=EDGE_LOOP('',(#8996,#8997,#8999,#9001));
#9003=FACE_OUTER_BOUND('',#9002,.F.);
#9005=CARTESIAN_POINT('',(6.565E0,-1.502335854916E0,-1.62E0));
#9006=DIRECTION('',(0.E0,-9.953500135553E-1,-9.632419486019E-2));
#9007=DIRECTION('',(0.E0,9.632419486019E-2,-9.953500135553E-1));
#9008=AXIS2_PLACEMENT_3D('',#9005,#9006,#9007);
#9009=PLANE('',#9008);
#9010=ORIENTED_EDGE('',*,*,#8653,.F.);
#9012=ORIENTED_EDGE('',*,*,#9011,.T.);
#9014=ORIENTED_EDGE('',*,*,#9013,.T.);
#9015=ORIENTED_EDGE('',*,*,#8983,.F.);
#9016=EDGE_LOOP('',(#9010,#9012,#9014,#9015));
#9017=FACE_OUTER_BOUND('',#9016,.F.);
#9019=CARTESIAN_POINT('',(6.565E0,-1.502335854916E0,-1.62E0));
#9020=DIRECTION('',(0.E0,-9.953500135553E-1,-9.632419486019E-2));
#9021=DIRECTION('',(0.E0,9.632419486019E-2,-9.953500135553E-1));
#9022=AXIS2_PLACEMENT_3D('',#9019,#9020,#9021);
#9023=PLANE('',#9022);
#9024=ORIENTED_EDGE('',*,*,#8360,.T.);
#9025=ORIENTED_EDGE('',*,*,#9000,.F.);
#9027=ORIENTED_EDGE('',*,*,#9026,.F.);
#9029=ORIENTED_EDGE('',*,*,#9028,.T.);
#9030=EDGE_LOOP('',(#9024,#9025,#9027,#9029));
#9031=FACE_OUTER_BOUND('',#9030,.F.);
#9033=CARTESIAN_POINT('',(6.568392386878E0,-1.226974379071E0,-1.87E0));
#9034=DIRECTION('',(-1.E0,0.E0,0.E0));
#9035=DIRECTION('',(0.E0,-9.953500135553E-1,-9.632419486019E-2));
#9036=AXIS2_PLACEMENT_3D('',#9033,#9034,#9035);
#9037=CYLINDRICAL_SURFACE('',#9036,2.5E-1);
#9039=ORIENTED_EDGE('',*,*,#9038,.T.);
#9041=ORIENTED_EDGE('',*,*,#9040,.T.);
#9042=ORIENTED_EDGE('',*,*,#9011,.F.);
#9043=ORIENTED_EDGE('',*,*,#8651,.T.);
#9045=ORIENTED_EDGE('',*,*,#9044,.T.);
#9046=EDGE_LOOP('',(#9039,#9041,#9042,#9043,#9045));
#9047=FACE_OUTER_BOUND('',#9046,.F.);
#9049=CARTESIAN_POINT('',(6.565E0,1.502335854916E0,-1.62E0));
#9050=DIRECTION('',(0.E0,0.E0,1.E0));
#9051=DIRECTION('',(0.E0,-1.E0,0.E0));
#9052=AXIS2_PLACEMENT_3D('',#9049,#9050,#9051);
#9053=PLANE('',#9052);
#9055=ORIENTED_EDGE('',*,*,#9054,.T.);
#9057=ORIENTED_EDGE('',*,*,#9056,.T.);
#9059=ORIENTED_EDGE('',*,*,#9058,.F.);
#9060=EDGE_LOOP('',(#9055,#9057,#9059));
#9061=FACE_OUTER_BOUND('',#9060,.F.);
#9063=CARTESIAN_POINT('',(6.565E0,1.502335854916E0,-1.62E0));
#9064=DIRECTION('',(0.E0,0.E0,1.E0));
#9065=DIRECTION('',(0.E0,-1.E0,0.E0));
#9066=AXIS2_PLACEMENT_3D('',#9063,#9064,#9065);
#9067=PLANE('',#9066);
#9069=ORIENTED_EDGE('',*,*,#9068,.F.);
#9071=ORIENTED_EDGE('',*,*,#9070,.F.);
#9073=ORIENTED_EDGE('',*,*,#9072,.T.);
#9074=EDGE_LOOP('',(#9069,#9071,#9073));
#9075=FACE_OUTER_BOUND('',#9074,.F.);
#9077=CARTESIAN_POINT('',(6.565E0,1.502335854916E0,-1.62E0));
#9078=DIRECTION('',(0.E0,0.E0,1.E0));
#9079=DIRECTION('',(0.E0,-1.E0,0.E0));
#9080=AXIS2_PLACEMENT_3D('',#9077,#9078,#9079);
#9081=PLANE('',#9080);
#9083=ORIENTED_EDGE('',*,*,#9082,.T.);
#9085=ORIENTED_EDGE('',*,*,#9084,.T.);
#9087=ORIENTED_EDGE('',*,*,#9086,.T.);
#9088=EDGE_LOOP('',(#9083,#9085,#9087));
#9089=FACE_OUTER_BOUND('',#9088,.F.);
#9091=CARTESIAN_POINT('',(6.565E0,1.502335854916E0,-1.62E0));
#9092=DIRECTION('',(0.E0,0.E0,1.E0));
#9093=DIRECTION('',(0.E0,-1.E0,0.E0));
#9094=AXIS2_PLACEMENT_3D('',#9091,#9092,#9093);
#9095=PLANE('',#9094);
#9096=ORIENTED_EDGE('',*,*,#9038,.F.);
#9098=ORIENTED_EDGE('',*,*,#9097,.T.);
#9100=ORIENTED_EDGE('',*,*,#9099,.T.);
#9101=EDGE_LOOP('',(#9096,#9098,#9100));
#9102=FACE_OUTER_BOUND('',#9101,.F.);
#9104=CARTESIAN_POINT('',(6.568392386878E0,1.226974379071E0,-1.87E0));
#9105=DIRECTION('',(-1.E0,0.E0,0.E0));
#9106=DIRECTION('',(0.E0,0.E0,1.E0));
#9107=AXIS2_PLACEMENT_3D('',#9104,#9105,#9106);
#9108=CYLINDRICAL_SURFACE('',#9107,2.5E-1);
#9110=ORIENTED_EDGE('',*,*,#9109,.T.);
#9111=ORIENTED_EDGE('',*,*,#8800,.T.);
#9112=ORIENTED_EDGE('',*,*,#8366,.T.);
#9114=ORIENTED_EDGE('',*,*,#9113,.T.);
#9115=ORIENTED_EDGE('',*,*,#9054,.F.);
#9116=EDGE_LOOP('',(#9110,#9111,#9112,#9114,#9115));
#9117=FACE_OUTER_BOUND('',#9116,.F.);
#9119=CARTESIAN_POINT('',(-6.247E0,-2.878E0,-6.2E-1));
#9120=DIRECTION('',(1.E0,0.E0,0.E0));
#9121=DIRECTION('',(0.E0,0.E0,-1.E0));
#9122=AXIS2_PLACEMENT_3D('',#9119,#9120,#9121);
#9123=PLANE('',#9122);
#9125=ORIENTED_EDGE('',*,*,#9124,.F.);
#9126=ORIENTED_EDGE('',*,*,#8292,.T.);
#9128=ORIENTED_EDGE('',*,*,#9127,.F.);
#9130=ORIENTED_EDGE('',*,*,#9129,.F.);
#9132=ORIENTED_EDGE('',*,*,#9131,.F.);
#9133=ORIENTED_EDGE('',*,*,#8224,.T.);
#9134=EDGE_LOOP('',(#9125,#9126,#9128,#9130,#9132,#9133));
#9135=FACE_OUTER_BOUND('',#9134,.F.);
#9136=ORIENTED_EDGE('',*,*,#9070,.T.);
#9138=ORIENTED_EDGE('',*,*,#9137,.F.);
#9139=ORIENTED_EDGE('',*,*,#9026,.T.);
#9140=ORIENTED_EDGE('',*,*,#8998,.T.);
#9141=ORIENTED_EDGE('',*,*,#8970,.T.);
#9142=ORIENTED_EDGE('',*,*,#8942,.T.);
#9143=ORIENTED_EDGE('',*,*,#8914,.T.);
#9144=ORIENTED_EDGE('',*,*,#8886,.T.);
#9145=ORIENTED_EDGE('',*,*,#8858,.T.);
#9146=ORIENTED_EDGE('',*,*,#8830,.F.);
#9147=ORIENTED_EDGE('',*,*,#8802,.T.);
#9148=ORIENTED_EDGE('',*,*,#9109,.F.);
#9149=ORIENTED_EDGE('',*,*,#9058,.T.);
#9151=ORIENTED_EDGE('',*,*,#9150,.F.);
#9152=EDGE_LOOP('',(#9136,#9138,#9139,#9140,#9141,#9142,#9143,#9144,#9145,#9146,
#9147,#9148,#9149,#9151));
#9153=FACE_BOUND('',#9152,.F.);
#9155=CARTESIAN_POINT('',(6.568392386878E0,-1.226974379071E0,-1.87E0));
#9156=DIRECTION('',(-1.E0,0.E0,0.E0));
#9157=DIRECTION('',(0.E0,-9.953500135553E-1,-9.632419486019E-2));
#9158=AXIS2_PLACEMENT_3D('',#9155,#9156,#9157);
#9159=CYLINDRICAL_SURFACE('',#9158,2.5E-1);
#9160=ORIENTED_EDGE('',*,*,#9028,.F.);
#9161=ORIENTED_EDGE('',*,*,#9137,.T.);
#9162=ORIENTED_EDGE('',*,*,#9068,.T.);
#9164=ORIENTED_EDGE('',*,*,#9163,.T.);
#9165=ORIENTED_EDGE('',*,*,#8362,.T.);
#9166=EDGE_LOOP('',(#9160,#9161,#9162,#9164,#9165));
#9167=FACE_OUTER_BOUND('',#9166,.F.);
#9169=CARTESIAN_POINT('',(6.588005422828E0,-1.095735544329E0,-1.87E0));
#9170=DIRECTION('',(-9.999501783723E-1,-9.982022496225E-3,0.E0));
#9171=DIRECTION('',(0.E0,0.E0,1.E0));
#9172=AXIS2_PLACEMENT_3D('',#9169,#9170,#9171);
#9173=CYLINDRICAL_SURFACE('',#9172,2.5E-1);
#9175=ORIENTED_EDGE('',*,*,#9174,.T.);
#9177=ORIENTED_EDGE('',*,*,#9176,.T.);
#9179=ORIENTED_EDGE('',*,*,#9178,.T.);
#9181=ORIENTED_EDGE('',*,*,#9180,.T.);
#9183=ORIENTED_EDGE('',*,*,#9182,.T.);
#9184=ORIENTED_EDGE('',*,*,#9163,.F.);
#9185=ORIENTED_EDGE('',*,*,#9072,.F.);
#9186=EDGE_LOOP('',(#9175,#9177,#9179,#9181,#9183,#9184,#9185));
#9187=FACE_OUTER_BOUND('',#9186,.F.);
#9189=CARTESIAN_POINT('',(-5.929000000001E0,0.E0,-1.62E0));
#9190=DIRECTION('',(0.E0,-1.E0,0.E0));
#9191=DIRECTION('',(-1.E0,0.E0,-1.256856254294E-14));
#9192=AXIS2_PLACEMENT_3D('',#9189,#9190,#9191);
#9193=CYLINDRICAL_SURFACE('',#9192,3.179999999994E-1);
#9195=ORIENTED_EDGE('',*,*,#9194,.T.);
#9196=ORIENTED_EDGE('',*,*,#9174,.F.);
#9197=ORIENTED_EDGE('',*,*,#9150,.T.);
#9199=ORIENTED_EDGE('',*,*,#9198,.F.);
#9200=EDGE_LOOP('',(#9195,#9196,#9197,#9199));
#9201=FACE_OUTER_BOUND('',#9200,.F.);
#9203=CARTESIAN_POINT('',(-5.962854441082E0,0.E0,-4.383434977853E0));
#9204=DIRECTION('',(9.946929125360E-1,0.E0,1.028883363194E-1));
#9205=DIRECTION('',(0.E0,1.E0,0.E0));
#9206=AXIS2_PLACEMENT_3D('',#9203,#9204,#9205);
#9207=PLANE('',#9206);
#9209=ORIENTED_EDGE('',*,*,#9208,.F.);
#9210=ORIENTED_EDGE('',*,*,#9176,.F.);
#9211=ORIENTED_EDGE('',*,*,#9194,.F.);
#9213=ORIENTED_EDGE('',*,*,#9212,.F.);
#9215=ORIENTED_EDGE('',*,*,#9214,.T.);
#9217=ORIENTED_EDGE('',*,*,#9216,.T.);
#9218=EDGE_LOOP('',(#9209,#9210,#9211,#9213,#9215,#9217));
#9219=FACE_OUTER_BOUND('',#9218,.F.);
#9221=CARTESIAN_POINT('',(-6.121010614175E0,-7.272843883859E-1,
-4.399794223327E0));
#9222=DIRECTION('',(-9.935864082574E-3,9.953262543147E-1,9.605688979337E-2));
#9223=DIRECTION('',(9.946929125360E-1,0.E0,1.028883363194E-1));
#9224=AXIS2_PLACEMENT_3D('',#9221,#9222,#9223);
#9225=PLANE('',#9224);
#9226=ORIENTED_EDGE('',*,*,#9178,.F.);
#9227=ORIENTED_EDGE('',*,*,#9208,.T.);
#9229=ORIENTED_EDGE('',*,*,#9228,.T.);
#9231=ORIENTED_EDGE('',*,*,#9230,.F.);
#9232=EDGE_LOOP('',(#9226,#9227,#9229,#9231));
#9233=FACE_OUTER_BOUND('',#9232,.F.);
#9235=CARTESIAN_POINT('',(-5.675271294770E0,-4.619933191747E-1,
-7.102763231011E0));
#9236=CARTESIAN_POINT('',(-5.664439904659E0,-4.529227121400E-1,
-7.192756818818E0));
#9237=CARTESIAN_POINT('',(-5.681122706625E0,-4.415845723877E-1,
-7.379436319962E0));
#9238=CARTESIAN_POINT('',(-5.821944304539E0,-4.347820463700E-1,
-7.626484332703E0));
#9239=CARTESIAN_POINT('',(-6.053190331433E0,-4.279796646217E-1,
-7.791979781711E0));
#9240=CARTESIAN_POINT('',(-6.237162298462E0,-4.166418134084E-1,
-7.827783425223E0));
#9241=CARTESIAN_POINT('',(-6.327792779975E0,-4.075713987329E-1,
-7.826269885961E0));
#9242=CARTESIAN_POINT('',(-5.784727708926E0,-4.618115423842E-1,
-7.115883969718E0));
#9243=CARTESIAN_POINT('',(-5.775681803437E0,-4.543126794813E-1,
-7.190980772987E0));
#9244=CARTESIAN_POINT('',(-5.789818269649E0,-4.438058720158E-1,
-7.346053357188E0));
#9245=CARTESIAN_POINT('',(-5.906468607435E0,-4.347820859461E-1,
-7.550252972639E0));
#9246=CARTESIAN_POINT('',(-6.097580912588E0,-4.257583951131E-1,
-7.687296328586E0));
#9247=CARTESIAN_POINT('',(-6.250375716377E0,-4.152517781210E-1,
-7.717314783256E0));
#9248=CARTESIAN_POINT('',(-6.326004735050E0,-4.077530422004E-1,
-7.716044374960E0));
#9249=CARTESIAN_POINT('',(-5.894180903376E0,-4.616297655936E-1,
-7.129031513715E0));
#9250=CARTESIAN_POINT('',(-5.886952025501E0,-4.557026468227E-1,
-7.189000203707E0));
#9251=CARTESIAN_POINT('',(-5.898390285360E0,-4.460271716439E-1,
-7.312346701332E0));
#9252=CARTESIAN_POINT('',(-5.990946478340E0,-4.347821255223E-1,
-7.474063480704E0));
#9253=CARTESIAN_POINT('',(-6.142280750278E0,-4.235371256045E-1,
-7.582769075246E0));
#9254=CARTESIAN_POINT('',(-6.263795496673E0,-4.138617428336E-1,
-7.606839016379E0));
#9255=CARTESIAN_POINT('',(-6.324189715617E0,-4.079346856680E-1,
-7.605819307984E0));
#9256=CARTESIAN_POINT('',(-6.003630868274E0,-4.614479888031E-1,
-7.142205861816E0));
#9257=CARTESIAN_POINT('',(-5.998250731118E0,-4.570926141641E-1,
-7.186815131668E0));
#9258=CARTESIAN_POINT('',(-6.006837197743E0,-4.482484712720E-1,
-7.278316906523E0));
#9259=CARTESIAN_POINT('',(-6.075378484083E0,-4.347821650984E-1,
-7.397915345700E0));
#9260=CARTESIAN_POINT('',(-6.187289133204E0,-4.213158560960E-1,
-7.478399512350E0));
#9261=CARTESIAN_POINT('',(-6.277421635264E0,-4.124717075463E-1,
-7.496355963164E0));
#9262=CARTESIAN_POINT('',(-6.322347721841E0,-4.081163291355E-1,
-7.495594694935E0));
#9263=B_SPLINE_SURFACE_WITH_KNOTS('',3,3,((#9235,#9236,#9237,#9238,#9239,#9240,
#9241),(#9242,#9243,#9244,#9245,#9246,#9247,#9248),(#9249,#9250,#9251,#9252,
#9253,#9254,#9255),(#9256,#9257,#9258,#9259,#9260,#9261,#9262)),.UNSPECIFIED.,
.F.,.F.,.F.,(4,4),(4,1,1,1,4),(-2.E-2,1.02E0),(-1.695064832908E-2,
4.099884235627E-1,8.369274954544E-1,1.263866567346E0,1.690805639238E0),
.UNSPECIFIED.);
#9264=ORIENTED_EDGE('',*,*,#9228,.F.);
#9266=ORIENTED_EDGE('',*,*,#9265,.T.);
#9268=ORIENTED_EDGE('',*,*,#9267,.T.);
#9270=ORIENTED_EDGE('',*,*,#9269,.F.);
#9271=EDGE_LOOP('',(#9264,#9266,#9268,#9270));
#9272=FACE_OUTER_BOUND('',#9271,.F.);
#9274=CARTESIAN_POINT('',(-6.317E0,0.E0,-7.18E0));
#9275=DIRECTION('',(0.E0,1.E0,0.E0));
#9276=DIRECTION('',(9.946929125360E-1,0.E0,1.028883363194E-1));
#9277=AXIS2_PLACEMENT_3D('',#9274,#9275,#9276);
#9278=CYLINDRICAL_SURFACE('',#9277,6.4E-1);
#9279=ORIENTED_EDGE('',*,*,#9216,.F.);
#9281=ORIENTED_EDGE('',*,*,#9280,.T.);
#9283=ORIENTED_EDGE('',*,*,#9282,.T.);
#9284=ORIENTED_EDGE('',*,*,#9265,.F.);
#9285=EDGE_LOOP('',(#9279,#9281,#9283,#9284));
#9286=FACE_OUTER_BOUND('',#9285,.F.);
#9288=CARTESIAN_POINT('',(-6.003630868274E0,4.614479888031E-1,
-7.142205861816E0));
#9289=CARTESIAN_POINT('',(-5.998250731118E0,4.570926141641E-1,
-7.186815131668E0));
#9290=CARTESIAN_POINT('',(-6.006837197743E0,4.482484712720E-1,
-7.278316906523E0));
#9291=CARTESIAN_POINT('',(-6.075378484083E0,4.347821650984E-1,
-7.397915345700E0));
#9292=CARTESIAN_POINT('',(-6.187289133204E0,4.213158560960E-1,
-7.478399512350E0));
#9293=CARTESIAN_POINT('',(-6.277421635264E0,4.124717075463E-1,
-7.496355963164E0));
#9294=CARTESIAN_POINT('',(-6.322347721841E0,4.081163291355E-1,
-7.495594694935E0));
#9295=CARTESIAN_POINT('',(-5.894180903376E0,4.616297655936E-1,
-7.129031513715E0));
#9296=CARTESIAN_POINT('',(-5.886952025501E0,4.557026468227E-1,
-7.189000203707E0));
#9297=CARTESIAN_POINT('',(-5.898390285360E0,4.460271716439E-1,
-7.312346701332E0));
#9298=CARTESIAN_POINT('',(-5.990946478340E0,4.347821255223E-1,
-7.474063480704E0));
#9299=CARTESIAN_POINT('',(-6.142280750278E0,4.235371256045E-1,
-7.582769075246E0));
#9300=CARTESIAN_POINT('',(-6.263795496673E0,4.138617428336E-1,
-7.606839016379E0));
#9301=CARTESIAN_POINT('',(-6.324189715617E0,4.079346856680E-1,
-7.605819307984E0));
#9302=CARTESIAN_POINT('',(-5.784727708926E0,4.618115423842E-1,
-7.115883969718E0));
#9303=CARTESIAN_POINT('',(-5.775681803437E0,4.543126794813E-1,
-7.190980772987E0));
#9304=CARTESIAN_POINT('',(-5.789818269649E0,4.438058720158E-1,
-7.346053357188E0));
#9305=CARTESIAN_POINT('',(-5.906468607435E0,4.347820859461E-1,
-7.550252972639E0));
#9306=CARTESIAN_POINT('',(-6.097580912588E0,4.257583951131E-1,
-7.687296328586E0));
#9307=CARTESIAN_POINT('',(-6.250375716377E0,4.152517781210E-1,
-7.717314783256E0));
#9308=CARTESIAN_POINT('',(-6.326004735050E0,4.077530422004E-1,
-7.716044374960E0));
#9309=CARTESIAN_POINT('',(-5.675271294770E0,4.619933191747E-1,
-7.102763231011E0));
#9310=CARTESIAN_POINT('',(-5.664439904659E0,4.529227121400E-1,
-7.192756818818E0));
#9311=CARTESIAN_POINT('',(-5.681122706625E0,4.415845723877E-1,
-7.379436319962E0));
#9312=CARTESIAN_POINT('',(-5.821944304539E0,4.347820463700E-1,
-7.626484332703E0));
#9313=CARTESIAN_POINT('',(-6.053190331433E0,4.279796646217E-1,
-7.791979781711E0));
#9314=CARTESIAN_POINT('',(-6.237162298462E0,4.166418134084E-1,
-7.827783425223E0));
#9315=CARTESIAN_POINT('',(-6.327792779975E0,4.075713987329E-1,
-7.826269885961E0));
#9316=B_SPLINE_SURFACE_WITH_KNOTS('',3,3,((#9288,#9289,#9290,#9291,#9292,#9293,
#9294),(#9295,#9296,#9297,#9298,#9299,#9300,#9301),(#9302,#9303,#9304,#9305,
#9306,#9307,#9308),(#9309,#9310,#9311,#9312,#9313,#9314,#9315)),.UNSPECIFIED.,
.F.,.F.,.F.,(4,4),(4,1,1,1,4),(-2.E-2,1.02E0),(-1.695064832909E-2,
4.099884235627E-1,8.369274954544E-1,1.263866567346E0,1.690805639238E0),
.UNSPECIFIED.);
#9318=ORIENTED_EDGE('',*,*,#9317,.F.);
#9320=ORIENTED_EDGE('',*,*,#9319,.T.);
#9322=ORIENTED_EDGE('',*,*,#9321,.T.);
#9323=ORIENTED_EDGE('',*,*,#9280,.F.);
#9324=EDGE_LOOP('',(#9318,#9320,#9322,#9323));
#9325=FACE_OUTER_BOUND('',#9324,.F.);
#9327=CARTESIAN_POINT('',(-6.121010614175E0,7.272843883859E-1,
-4.399794223327E0));
#9328=DIRECTION('',(9.935864082574E-3,9.953262543147E-1,-9.605688979337E-2));
#9329=DIRECTION('',(9.946929125360E-1,0.E0,1.028883363194E-1));
#9330=AXIS2_PLACEMENT_3D('',#9327,#9328,#9329);
#9331=PLANE('',#9330);
#9333=ORIENTED_EDGE('',*,*,#9332,.F.);
#9335=ORIENTED_EDGE('',*,*,#9334,.T.);
#9336=ORIENTED_EDGE('',*,*,#9317,.T.);
#9337=ORIENTED_EDGE('',*,*,#9214,.F.);
#9338=EDGE_LOOP('',(#9333,#9335,#9336,#9337));
#9339=FACE_OUTER_BOUND('',#9338,.F.);
#9341=CARTESIAN_POINT('',(-6.582759072687E0,1.227212962235E0,-1.87E0));
#9342=DIRECTION('',(9.999501783723E-1,-9.982022496226E-3,0.E0));
#9343=DIRECTION('',(0.E0,0.E0,1.E0));
#9344=AXIS2_PLACEMENT_3D('',#9341,#9342,#9343);
#9345=CYLINDRICAL_SURFACE('',#9344,2.5E-1);
#9347=ORIENTED_EDGE('',*,*,#9346,.T.);
#9348=ORIENTED_EDGE('',*,*,#9332,.T.);
#9349=ORIENTED_EDGE('',*,*,#9212,.T.);
#9350=ORIENTED_EDGE('',*,*,#9198,.T.);
#9351=ORIENTED_EDGE('',*,*,#9056,.F.);
#9352=ORIENTED_EDGE('',*,*,#9113,.F.);
#9354=ORIENTED_EDGE('',*,*,#9353,.T.);
#9355=EDGE_LOOP('',(#9347,#9348,#9349,#9350,#9351,#9352,#9354));
#9356=FACE_OUTER_BOUND('',#9355,.F.);
#9358=CARTESIAN_POINT('',(-6.279166787268E0,0.E0,-4.416153468802E0));
#9359=DIRECTION('',(9.946929125360E-1,0.E0,1.028883363194E-1));
#9360=DIRECTION('',(0.E0,1.E0,0.E0));
#9361=AXIS2_PLACEMENT_3D('',#9358,#9359,#9360);
#9362=PLANE('',#9361);
#9364=ORIENTED_EDGE('',*,*,#9363,.F.);
#9365=ORIENTED_EDGE('',*,*,#9180,.F.);
#9366=ORIENTED_EDGE('',*,*,#9230,.T.);
#9368=ORIENTED_EDGE('',*,*,#9367,.T.);
#9369=ORIENTED_EDGE('',*,*,#9334,.F.);
#9370=ORIENTED_EDGE('',*,*,#9346,.F.);
#9371=EDGE_LOOP('',(#9364,#9365,#9366,#9368,#9369,#9370));
#9372=FACE_OUTER_BOUND('',#9371,.F.);
#9374=CARTESIAN_POINT('',(-5.929000000001E0,0.E0,-1.62E0));
#9375=DIRECTION('',(0.E0,-1.E0,0.E0));
#9376=DIRECTION('',(-1.E0,0.E0,-1.256856254294E-14));
#9377=AXIS2_PLACEMENT_3D('',#9374,#9375,#9376);
#9378=CYLINDRICAL_SURFACE('',#9377,6.359999999994E-1);
#9379=ORIENTED_EDGE('',*,*,#8364,.T.);
#9380=ORIENTED_EDGE('',*,*,#9182,.F.);
#9381=ORIENTED_EDGE('',*,*,#9363,.T.);
#9382=ORIENTED_EDGE('',*,*,#9353,.F.);
#9383=EDGE_LOOP('',(#9379,#9380,#9381,#9382));
#9384=FACE_OUTER_BOUND('',#9383,.F.);
#9386=CARTESIAN_POINT('',(-6.317E0,0.E0,-7.18E0));
#9387=DIRECTION('',(0.E0,1.E0,0.E0));
#9388=DIRECTION('',(9.946929125360E-1,0.E0,1.028883363194E-1));
#9389=AXIS2_PLACEMENT_3D('',#9386,#9387,#9388);
#9390=CYLINDRICAL_SURFACE('',#9389,3.22E-1);
#9391=ORIENTED_EDGE('',*,*,#9367,.F.);
#9392=ORIENTED_EDGE('',*,*,#9269,.T.);
#9394=ORIENTED_EDGE('',*,*,#9393,.T.);
#9395=ORIENTED_EDGE('',*,*,#9319,.F.);
#9396=EDGE_LOOP('',(#9391,#9392,#9394,#9395));
#9397=FACE_OUTER_BOUND('',#9396,.F.);
#9399=CARTESIAN_POINT('',(-6.3615E0,0.E0,-7.502E0));
#9400=DIRECTION('',(0.E0,0.E0,1.E0));
#9401=DIRECTION('',(1.E0,0.E0,0.E0));
#9402=AXIS2_PLACEMENT_3D('',#9399,#9400,#9401);
#9403=PLANE('',#9402);
#9404=ORIENTED_EDGE('',*,*,#9393,.F.);
#9406=ORIENTED_EDGE('',*,*,#9405,.T.);
#9408=ORIENTED_EDGE('',*,*,#9407,.T.);
#9410=ORIENTED_EDGE('',*,*,#9409,.F.);
#9411=EDGE_LOOP('',(#9404,#9406,#9408,#9410));
#9412=FACE_OUTER_BOUND('',#9411,.F.);
#9414=CARTESIAN_POINT('',(-6.3615E0,-4.043175169202E-1,-7.661E0));
#9415=DIRECTION('',(9.656939200307E-2,9.953262543147E-1,0.E0));
#9416=DIRECTION('',(9.953262543147E-1,-9.656939200307E-2,0.E0));
#9417=AXIS2_PLACEMENT_3D('',#9414,#9415,#9416);
#9418=PLANE('',#9417);
#9419=ORIENTED_EDGE('',*,*,#9267,.F.);
#9421=ORIENTED_EDGE('',*,*,#9420,.T.);
#9423=ORIENTED_EDGE('',*,*,#9422,.T.);
#9424=ORIENTED_EDGE('',*,*,#9405,.F.);
#9425=EDGE_LOOP('',(#9419,#9421,#9423,#9424));
#9426=FACE_OUTER_BOUND('',#9425,.F.);
#9428=CARTESIAN_POINT('',(-6.3615E0,0.E0,-7.82E0));
#9429=DIRECTION('',(0.E0,0.E0,1.E0));
#9430=DIRECTION('',(1.E0,0.E0,0.E0));
#9431=AXIS2_PLACEMENT_3D('',#9428,#9429,#9430);
#9432=PLANE('',#9431);
#9433=ORIENTED_EDGE('',*,*,#9282,.F.);
#9435=ORIENTED_EDGE('',*,*,#9434,.T.);
#9437=ORIENTED_EDGE('',*,*,#9436,.T.);
#9438=ORIENTED_EDGE('',*,*,#9420,.F.);
#9439=EDGE_LOOP('',(#9433,#9435,#9437,#9438));
#9440=FACE_OUTER_BOUND('',#9439,.F.);
#9442=CARTESIAN_POINT('',(-6.3615E0,4.043175169202E-1,-7.661E0));
#9443=DIRECTION('',(-9.656939200307E-2,9.953262543147E-1,0.E0));
#9444=DIRECTION('',(9.953262543147E-1,9.656939200307E-2,0.E0));
#9445=AXIS2_PLACEMENT_3D('',#9442,#9443,#9444);
#9446=PLANE('',#9445);
#9447=ORIENTED_EDGE('',*,*,#9321,.F.);
#9448=ORIENTED_EDGE('',*,*,#9409,.T.);
#9450=ORIENTED_EDGE('',*,*,#9449,.T.);
#9451=ORIENTED_EDGE('',*,*,#9434,.F.);
#9452=EDGE_LOOP('',(#9447,#9448,#9450,#9451));
#9453=FACE_OUTER_BOUND('',#9452,.F.);
#9455=CARTESIAN_POINT('',(-6.406E0,0.E0,-7.502E0));
#9456=DIRECTION('',(-1.E0,0.E0,0.E0));
#9457=DIRECTION('',(0.E0,0.E0,1.E0));
#9458=AXIS2_PLACEMENT_3D('',#9455,#9456,#9457);
#9459=PLANE('',#9458);
#9460=ORIENTED_EDGE('',*,*,#9449,.F.);
#9461=ORIENTED_EDGE('',*,*,#9407,.F.);
#9462=ORIENTED_EDGE('',*,*,#9422,.F.);
#9463=ORIENTED_EDGE('',*,*,#9436,.F.);
#9464=EDGE_LOOP('',(#9460,#9461,#9462,#9463));
#9465=FACE_OUTER_BOUND('',#9464,.F.);
#9467=CARTESIAN_POINT('',(-6.867E0,-2.878E0,-6.2E-1));
#9468=DIRECTION('',(0.E0,1.E0,0.E0));
#9469=DIRECTION('',(-1.E0,0.E0,0.E0));
#9470=AXIS2_PLACEMENT_3D('',#9467,#9468,#9469);
#9471=CYLINDRICAL_SURFACE('',#9470,6.2E-1);
#9473=ORIENTED_EDGE('',*,*,#9472,.T.);
#9475=ORIENTED_EDGE('',*,*,#9474,.F.);
#9476=ORIENTED_EDGE('',*,*,#9124,.T.);
#9477=ORIENTED_EDGE('',*,*,#8314,.F.);
#9479=ORIENTED_EDGE('',*,*,#9478,.F.);
#9481=ORIENTED_EDGE('',*,*,#9480,.T.);
#9482=EDGE_LOOP('',(#9473,#9475,#9476,#9477,#9479,#9481));
#9483=FACE_OUTER_BOUND('',#9482,.F.);
#9485=CARTESIAN_POINT('',(-7.312E0,1.92E0,0.E0));
#9486=DIRECTION('',(0.E0,-1.E0,0.E0));
#9487=DIRECTION('',(1.E0,0.E0,0.E0));
#9488=AXIS2_PLACEMENT_3D('',#9485,#9486,#9487);
#9489=PLANE('',#9488);
#9491=ORIENTED_EDGE('',*,*,#9490,.F.);
#9492=ORIENTED_EDGE('',*,*,#9472,.F.);
#9494=ORIENTED_EDGE('',*,*,#9493,.F.);
#9496=ORIENTED_EDGE('',*,*,#9495,.T.);
#9498=ORIENTED_EDGE('',*,*,#9497,.F.);
#9499=ORIENTED_EDGE('',*,*,#8328,.T.);
#9500=EDGE_LOOP('',(#9491,#9492,#9494,#9496,#9498,#9499));
#9501=FACE_OUTER_BOUND('',#9500,.F.);
#9503=CARTESIAN_POINT('',(2.441165086761E1,2.22E0,-3.2E-1));
#9504=DIRECTION('',(-1.E0,0.E0,0.E0));
#9505=DIRECTION('',(0.E0,0.E0,-1.E0));
#9506=AXIS2_PLACEMENT_3D('',#9503,#9504,#9505);
#9507=CYLINDRICAL_SURFACE('',#9506,3.E-1);
#9508=ORIENTED_EDGE('',*,*,#8294,.F.);
#9509=ORIENTED_EDGE('',*,*,#9474,.T.);
#9510=ORIENTED_EDGE('',*,*,#9490,.T.);
#9511=ORIENTED_EDGE('',*,*,#8326,.T.);
#9512=EDGE_LOOP('',(#9508,#9509,#9510,#9511));
#9513=FACE_OUTER_BOUND('',#9512,.F.);
#9515=CARTESIAN_POINT('',(-7.312E0,-2.878E0,0.E0));
#9516=DIRECTION('',(0.E0,0.E0,1.E0));
#9517=DIRECTION('',(1.E0,0.E0,0.E0));
#9518=AXIS2_PLACEMENT_3D('',#9515,#9516,#9517);
#9519=PLANE('',#9518);
#9521=ORIENTED_EDGE('',*,*,#9520,.F.);
#9523=ORIENTED_EDGE('',*,*,#9522,.T.);
#9525=ORIENTED_EDGE('',*,*,#9524,.F.);
#9526=ORIENTED_EDGE('',*,*,#9493,.T.);
#9527=ORIENTED_EDGE('',*,*,#9480,.F.);
#9529=ORIENTED_EDGE('',*,*,#9528,.F.);
#9530=EDGE_LOOP('',(#9521,#9523,#9525,#9526,#9527,#9529));
#9531=FACE_OUTER_BOUND('',#9530,.F.);
#9533=CARTESIAN_POINT('',(-7.012E0,-1.62E0,-3.214943666059E-1));
#9534=DIRECTION('',(0.E0,0.E0,1.E0));
#9535=DIRECTION('',(-1.E0,0.E0,0.E0));
#9536=AXIS2_PLACEMENT_3D('',#9533,#9534,#9535);
#9537=CYLINDRICAL_SURFACE('',#9536,3.E-1);
#9538=ORIENTED_EDGE('',*,*,#9520,.T.);
#9540=ORIENTED_EDGE('',*,*,#9539,.F.);
#9542=ORIENTED_EDGE('',*,*,#9541,.T.);
#9544=ORIENTED_EDGE('',*,*,#9543,.T.);
#9545=EDGE_LOOP('',(#9538,#9540,#9542,#9544));
#9546=FACE_OUTER_BOUND('',#9545,.F.);
#9548=CARTESIAN_POINT('',(-6.247E0,-1.92E0,0.E0));
#9549=DIRECTION('',(0.E0,1.E0,0.E0));
#9550=DIRECTION('',(-1.E0,0.E0,0.E0));
#9551=AXIS2_PLACEMENT_3D('',#9548,#9549,#9550);
#9552=PLANE('',#9551);
#9553=ORIENTED_EDGE('',*,*,#8312,.F.);
#9554=ORIENTED_EDGE('',*,*,#8332,.F.);
#9556=ORIENTED_EDGE('',*,*,#9555,.T.);
#9557=ORIENTED_EDGE('',*,*,#9539,.T.);
#9558=ORIENTED_EDGE('',*,*,#9528,.T.);
#9559=ORIENTED_EDGE('',*,*,#9478,.T.);
#9560=EDGE_LOOP('',(#9553,#9554,#9556,#9557,#9558,#9559));
#9561=FACE_OUTER_BOUND('',#9560,.F.);
#9563=CARTESIAN_POINT('',(-6.867E0,-2.878E0,-3.18E-1));
#9564=DIRECTION('',(0.E0,0.E0,-1.E0));
#9565=DIRECTION('',(-1.E0,0.E0,0.E0));
#9566=AXIS2_PLACEMENT_3D('',#9563,#9564,#9565);
#9567=PLANE('',#9566);
#9568=ORIENTED_EDGE('',*,*,#9541,.F.);
#9569=ORIENTED_EDGE('',*,*,#9555,.F.);
#9570=ORIENTED_EDGE('',*,*,#8330,.T.);
#9571=ORIENTED_EDGE('',*,*,#9497,.T.);
#9573=ORIENTED_EDGE('',*,*,#9572,.F.);
#9575=ORIENTED_EDGE('',*,*,#9574,.F.);
#9576=EDGE_LOOP('',(#9568,#9569,#9570,#9571,#9573,#9575));
#9577=FACE_OUTER_BOUND('',#9576,.F.);
#9579=CARTESIAN_POINT('',(-7.012E0,1.62E0,3.205337325151E-3));
#9580=DIRECTION('',(0.E0,0.E0,-1.E0));
#9581=DIRECTION('',(-1.E0,0.E0,0.E0));
#9582=AXIS2_PLACEMENT_3D('',#9579,#9580,#9581);
#9583=CYLINDRICAL_SURFACE('',#9582,3.E-1);
#9584=ORIENTED_EDGE('',*,*,#9572,.T.);
#9585=ORIENTED_EDGE('',*,*,#9495,.F.);
#9586=ORIENTED_EDGE('',*,*,#9524,.T.);
#9588=ORIENTED_EDGE('',*,*,#9587,.T.);
#9589=EDGE_LOOP('',(#9584,#9585,#9586,#9588));
#9590=FACE_OUTER_BOUND('',#9589,.F.);
#9592=CARTESIAN_POINT('',(-7.312E0,-2.878E0,-3.18E-1));
#9593=DIRECTION('',(-1.E0,0.E0,0.E0));
#9594=DIRECTION('',(0.E0,0.E0,1.E0));
#9595=AXIS2_PLACEMENT_3D('',#9592,#9593,#9594);
#9596=PLANE('',#9595);
#9597=ORIENTED_EDGE('',*,*,#9543,.F.);
#9598=ORIENTED_EDGE('',*,*,#9574,.T.);
#9599=ORIENTED_EDGE('',*,*,#9587,.F.);
#9600=ORIENTED_EDGE('',*,*,#9522,.F.);
#9601=EDGE_LOOP('',(#9597,#9598,#9599,#9600));
#9602=FACE_OUTER_BOUND('',#9601,.F.);
#9604=CARTESIAN_POINT('',(-5.927E0,2.24E0,-8.883205337325E0));
#9605=DIRECTION('',(0.E0,0.E0,1.E0));
#9606=DIRECTION('',(0.E0,1.E0,0.E0));
#9607=AXIS2_PLACEMENT_3D('',#9604,#9605,#9606);
#9608=CYLINDRICAL_SURFACE('',#9607,3.2E-1);
#9609=ORIENTED_EDGE('',*,*,#6863,.F.);
#9611=ORIENTED_EDGE('',*,*,#9610,.T.);
#9612=ORIENTED_EDGE('',*,*,#9127,.T.);
#9613=ORIENTED_EDGE('',*,*,#8290,.T.);
#9614=EDGE_LOOP('',(#9609,#9611,#9612,#9613));
#9615=FACE_OUTER_BOUND('',#9614,.F.);
#9617=CARTESIAN_POINT('',(-6.565E0,2.56E0,-8.88E0));
#9618=DIRECTION('',(0.E0,0.E0,1.E0));
#9619=DIRECTION('',(0.E0,-1.E0,0.E0));
#9620=AXIS2_PLACEMENT_3D('',#9617,#9618,#9619);
#9621=PLANE('',#9620);
#9622=ORIENTED_EDGE('',*,*,#9610,.F.);
#9623=ORIENTED_EDGE('',*,*,#6861,.T.);
#9625=ORIENTED_EDGE('',*,*,#9624,.F.);
#9627=ORIENTED_EDGE('',*,*,#9626,.T.);
#9629=ORIENTED_EDGE('',*,*,#9628,.F.);
#9630=ORIENTED_EDGE('',*,*,#7188,.F.);
#9632=ORIENTED_EDGE('',*,*,#9631,.F.);
#9633=ORIENTED_EDGE('',*,*,#9129,.T.);
#9634=EDGE_LOOP('',(#9622,#9623,#9625,#9627,#9629,#9630,#9632,#9633));
#9635=FACE_OUTER_BOUND('',#9634,.F.);
#9637=ORIENTED_EDGE('',*,*,#9636,.T.);
#9639=ORIENTED_EDGE('',*,*,#9638,.F.);
#9641=ORIENTED_EDGE('',*,*,#9640,.T.);
#9643=ORIENTED_EDGE('',*,*,#9642,.F.);
#9645=ORIENTED_EDGE('',*,*,#9644,.F.);
#9647=ORIENTED_EDGE('',*,*,#9646,.T.);
#9649=ORIENTED_EDGE('',*,*,#9648,.T.);
#9651=ORIENTED_EDGE('',*,*,#9650,.T.);
#9653=ORIENTED_EDGE('',*,*,#9652,.F.);
#9655=ORIENTED_EDGE('',*,*,#9654,.F.);
#9657=ORIENTED_EDGE('',*,*,#9656,.F.);
#9659=ORIENTED_EDGE('',*,*,#9658,.F.);
#9661=ORIENTED_EDGE('',*,*,#9660,.T.);
#9663=ORIENTED_EDGE('',*,*,#9662,.T.);
#9665=ORIENTED_EDGE('',*,*,#9664,.T.);
#9667=ORIENTED_EDGE('',*,*,#9666,.T.);
#9668=EDGE_LOOP('',(#9637,#9639,#9641,#9643,#9645,#9647,#9649,#9651,#9653,#9655,
#9657,#9659,#9661,#9663,#9665,#9667));
#9669=FACE_BOUND('',#9668,.F.);
#9671=ORIENTED_EDGE('',*,*,#9670,.T.);
#9673=ORIENTED_EDGE('',*,*,#9672,.T.);
#9675=ORIENTED_EDGE('',*,*,#9674,.T.);
#9677=ORIENTED_EDGE('',*,*,#9676,.T.);
#9679=ORIENTED_EDGE('',*,*,#9678,.T.);
#9681=ORIENTED_EDGE('',*,*,#9680,.T.);
#9683=ORIENTED_EDGE('',*,*,#9682,.T.);
#9684=EDGE_LOOP('',(#9671,#9673,#9675,#9677,#9679,#9681,#9683));
#9685=FACE_BOUND('',#9684,.F.);
#9687=CARTESIAN_POINT('',(5.927E0,2.24E0,-6.165056333941E-1));
#9688=DIRECTION('',(0.E0,0.E0,-1.E0));
#9689=DIRECTION('',(0.E0,1.E0,0.E0));
#9690=AXIS2_PLACEMENT_3D('',#9687,#9688,#9689);
#9691=CYLINDRICAL_SURFACE('',#9690,3.2E-1);
#9692=ORIENTED_EDGE('',*,*,#9624,.T.);
#9693=ORIENTED_EDGE('',*,*,#6859,.F.);
#9694=ORIENTED_EDGE('',*,*,#8269,.T.);
#9696=ORIENTED_EDGE('',*,*,#9695,.T.);
#9697=EDGE_LOOP('',(#9692,#9693,#9694,#9696));
#9698=FACE_OUTER_BOUND('',#9697,.F.);
#9700=CARTESIAN_POINT('',(6.247E0,-2.878E0,-8.88E0));
#9701=DIRECTION('',(-1.E0,0.E0,0.E0));
#9702=DIRECTION('',(0.E0,0.E0,1.E0));
#9703=AXIS2_PLACEMENT_3D('',#9700,#9701,#9702);
#9704=PLANE('',#9703);
#9706=ORIENTED_EDGE('',*,*,#9705,.F.);
#9707=ORIENTED_EDGE('',*,*,#8248,.F.);
#9709=ORIENTED_EDGE('',*,*,#9708,.F.);
#9710=ORIENTED_EDGE('',*,*,#9626,.F.);
#9711=ORIENTED_EDGE('',*,*,#9695,.F.);
#9712=ORIENTED_EDGE('',*,*,#8267,.F.);
#9713=EDGE_LOOP('',(#9706,#9707,#9709,#9710,#9711,#9712));
#9714=FACE_OUTER_BOUND('',#9713,.F.);
#9715=ORIENTED_EDGE('',*,*,#9084,.F.);
#9717=ORIENTED_EDGE('',*,*,#9716,.F.);
#9718=ORIENTED_EDGE('',*,*,#8787,.F.);
#9719=ORIENTED_EDGE('',*,*,#8817,.T.);
#9720=ORIENTED_EDGE('',*,*,#8845,.F.);
#9721=ORIENTED_EDGE('',*,*,#8873,.F.);
#9722=ORIENTED_EDGE('',*,*,#8901,.F.);
#9723=ORIENTED_EDGE('',*,*,#8929,.F.);
#9724=ORIENTED_EDGE('',*,*,#8957,.F.);
#9725=ORIENTED_EDGE('',*,*,#8985,.F.);
#9726=ORIENTED_EDGE('',*,*,#9013,.F.);
#9727=ORIENTED_EDGE('',*,*,#9040,.F.);
#9728=ORIENTED_EDGE('',*,*,#9099,.F.);
#9730=ORIENTED_EDGE('',*,*,#9729,.F.);
#9731=EDGE_LOOP('',(#9715,#9717,#9718,#9719,#9720,#9721,#9722,#9723,#9724,#9725,
#9726,#9727,#9728,#9730));
#9732=FACE_BOUND('',#9731,.F.);
#9734=CARTESIAN_POINT('',(6.568392386878E0,1.226974379071E0,-1.87E0));
#9735=DIRECTION('',(-1.E0,0.E0,0.E0));
#9736=DIRECTION('',(0.E0,0.E0,1.E0));
#9737=AXIS2_PLACEMENT_3D('',#9734,#9735,#9736);
#9738=CYLINDRICAL_SURFACE('',#9737,2.5E-1);
#9739=ORIENTED_EDGE('',*,*,#8789,.T.);
#9740=ORIENTED_EDGE('',*,*,#9716,.T.);
#9741=ORIENTED_EDGE('',*,*,#9082,.F.);
#9743=ORIENTED_EDGE('',*,*,#9742,.T.);
#9744=ORIENTED_EDGE('',*,*,#8647,.T.);
#9745=EDGE_LOOP('',(#9739,#9740,#9741,#9743,#9744));
#9746=FACE_OUTER_BOUND('',#9745,.F.);
#9748=CARTESIAN_POINT('',(-6.582759072687E0,1.095787916124E0,-1.87E0));
#9749=DIRECTION('',(9.999501783723E-1,9.982022496224E-3,0.E0));
#9750=DIRECTION('',(0.E0,0.E0,1.E0));
#9751=AXIS2_PLACEMENT_3D('',#9748,#9749,#9750);
#9752=CYLINDRICAL_SURFACE('',#9751,2.5E-1);
#9753=ORIENTED_EDGE('',*,*,#9086,.F.);
#9755=ORIENTED_EDGE('',*,*,#9754,.T.);
#9757=ORIENTED_EDGE('',*,*,#9756,.T.);
#9759=ORIENTED_EDGE('',*,*,#9758,.T.);
#9761=ORIENTED_EDGE('',*,*,#9760,.T.);
#9763=ORIENTED_EDGE('',*,*,#9762,.T.);
#9764=ORIENTED_EDGE('',*,*,#9742,.F.);
#9765=EDGE_LOOP('',(#9753,#9755,#9757,#9759,#9761,#9763,#9764));
#9766=FACE_OUTER_BOUND('',#9765,.F.);
#9768=CARTESIAN_POINT('',(5.929000000001E0,0.E0,-1.62E0));
#9769=DIRECTION('',(0.E0,1.E0,0.E0));
#9770=DIRECTION('',(1.E0,0.E0,0.E0));
#9771=AXIS2_PLACEMENT_3D('',#9768,#9769,#9770);
#9772=CYLINDRICAL_SURFACE('',#9771,3.179999999993E-1);
#9774=ORIENTED_EDGE('',*,*,#9773,.T.);
#9775=ORIENTED_EDGE('',*,*,#9754,.F.);
#9776=ORIENTED_EDGE('',*,*,#9729,.T.);
#9778=ORIENTED_EDGE('',*,*,#9777,.F.);
#9779=EDGE_LOOP('',(#9774,#9775,#9776,#9778));
#9780=FACE_OUTER_BOUND('',#9779,.F.);
#9782=CARTESIAN_POINT('',(5.962854441082E0,0.E0,-4.383434977853E0));
#9783=DIRECTION('',(9.946929125360E-1,0.E0,-1.028883363194E-1));
#9784=DIRECTION('',(0.E0,1.E0,0.E0));
#9785=AXIS2_PLACEMENT_3D('',#9782,#9783,#9784);
#9786=PLANE('',#9785);
#9788=ORIENTED_EDGE('',*,*,#9787,.F.);
#9789=ORIENTED_EDGE('',*,*,#9756,.F.);
#9790=ORIENTED_EDGE('',*,*,#9773,.F.);
#9792=ORIENTED_EDGE('',*,*,#9791,.F.);
#9794=ORIENTED_EDGE('',*,*,#9793,.T.);
#9796=ORIENTED_EDGE('',*,*,#9795,.T.);
#9797=EDGE_LOOP('',(#9788,#9789,#9790,#9792,#9794,#9796));
#9798=FACE_OUTER_BOUND('',#9797,.F.);
#9800=CARTESIAN_POINT('',(6.121010614175E0,7.272843883859E-1,
-4.399794223327E0));
#9801=DIRECTION('',(-9.935864082573E-3,9.953262543147E-1,-9.605688979337E-2));
#9802=DIRECTION('',(9.946929125360E-1,0.E0,-1.028883363194E-1));
#9803=AXIS2_PLACEMENT_3D('',#9800,#9801,#9802);
#9804=PLANE('',#9803);
#9805=ORIENTED_EDGE('',*,*,#9758,.F.);
#9806=ORIENTED_EDGE('',*,*,#9787,.T.);
#9808=ORIENTED_EDGE('',*,*,#9807,.T.);
#9810=ORIENTED_EDGE('',*,*,#9809,.F.);
#9811=EDGE_LOOP('',(#9805,#9806,#9808,#9810));
#9812=FACE_OUTER_BOUND('',#9811,.F.);
#9814=CARTESIAN_POINT('',(5.675271294770E0,4.619933191747E-1,
-7.102763231011E0));
#9815=CARTESIAN_POINT('',(5.664439904659E0,4.529227121400E-1,
-7.192756818818E0));
#9816=CARTESIAN_POINT('',(5.681122706625E0,4.415845723877E-1,
-7.379436319962E0));
#9817=CARTESIAN_POINT('',(5.821944304539E0,4.347820463700E-1,
-7.626484332703E0));
#9818=CARTESIAN_POINT('',(6.053190331433E0,4.279796646217E-1,
-7.791979781711E0));
#9819=CARTESIAN_POINT('',(6.237162298462E0,4.166418134084E-1,
-7.827783425223E0));
#9820=CARTESIAN_POINT('',(6.327792779975E0,4.075713987329E-1,
-7.826269885961E0));
#9821=CARTESIAN_POINT('',(5.784727708926E0,4.618115423842E-1,
-7.115883969718E0));
#9822=CARTESIAN_POINT('',(5.775681803437E0,4.543126794813E-1,
-7.190980772987E0));
#9823=CARTESIAN_POINT('',(5.789818269649E0,4.438058720158E-1,
-7.346053357188E0));
#9824=CARTESIAN_POINT('',(5.906468607435E0,4.347820859461E-1,
-7.550252972639E0));
#9825=CARTESIAN_POINT('',(6.097580912588E0,4.257583951131E-1,
-7.687296328586E0));
#9826=CARTESIAN_POINT('',(6.250375716377E0,4.152517781210E-1,
-7.717314783256E0));
#9827=CARTESIAN_POINT('',(6.326004735050E0,4.077530422004E-1,
-7.716044374960E0));
#9828=CARTESIAN_POINT('',(5.894180903376E0,4.616297655936E-1,
-7.129031513715E0));
#9829=CARTESIAN_POINT('',(5.886952025501E0,4.557026468227E-1,
-7.189000203707E0));
#9830=CARTESIAN_POINT('',(5.898390285360E0,4.460271716439E-1,
-7.312346701332E0));
#9831=CARTESIAN_POINT('',(5.990946478340E0,4.347821255223E-1,
-7.474063480704E0));
#9832=CARTESIAN_POINT('',(6.142280750278E0,4.235371256045E-1,
-7.582769075246E0));
#9833=CARTESIAN_POINT('',(6.263795496673E0,4.138617428336E-1,
-7.606839016379E0));
#9834=CARTESIAN_POINT('',(6.324189715617E0,4.079346856680E-1,
-7.605819307984E0));
#9835=CARTESIAN_POINT('',(6.003630868274E0,4.614479888031E-1,
-7.142205861816E0));
#9836=CARTESIAN_POINT('',(5.998250731118E0,4.570926141641E-1,
-7.186815131668E0));
#9837=CARTESIAN_POINT('',(6.006837197743E0,4.482484712720E-1,
-7.278316906523E0));
#9838=CARTESIAN_POINT('',(6.075378484083E0,4.347821650984E-1,
-7.397915345700E0));
#9839=CARTESIAN_POINT('',(6.187289133204E0,4.213158560960E-1,
-7.478399512350E0));
#9840=CARTESIAN_POINT('',(6.277421635264E0,4.124717075463E-1,
-7.496355963164E0));
#9841=CARTESIAN_POINT('',(6.322347721841E0,4.081163291355E-1,
-7.495594694935E0));
#9842=B_SPLINE_SURFACE_WITH_KNOTS('',3,3,((#9814,#9815,#9816,#9817,#9818,#9819,
#9820),(#9821,#9822,#9823,#9824,#9825,#9826,#9827),(#9828,#9829,#9830,#9831,
#9832,#9833,#9834),(#9835,#9836,#9837,#9838,#9839,#9840,#9841)),.UNSPECIFIED.,
.F.,.F.,.F.,(4,4),(4,1,1,1,4),(-2.E-2,1.02E0),(-1.695064832908E-2,
4.099884235627E-1,8.369274954544E-1,1.263866567346E0,1.690805639238E0),
.UNSPECIFIED.);
#9843=ORIENTED_EDGE('',*,*,#9807,.F.);
#9845=ORIENTED_EDGE('',*,*,#9844,.T.);
#9847=ORIENTED_EDGE('',*,*,#9846,.T.);
#9849=ORIENTED_EDGE('',*,*,#9848,.F.);
#9850=EDGE_LOOP('',(#9843,#9845,#9847,#9849));
#9851=FACE_OUTER_BOUND('',#9850,.F.);
#9853=CARTESIAN_POINT('',(6.317E0,0.E0,-7.18E0));
#9854=DIRECTION('',(0.E0,-1.E0,0.E0));
#9855=DIRECTION('',(-9.946929125360E-1,0.E0,1.028883363194E-1));
#9856=AXIS2_PLACEMENT_3D('',#9853,#9854,#9855);
#9857=CYLINDRICAL_SURFACE('',#9856,6.4E-1);
#9858=ORIENTED_EDGE('',*,*,#9795,.F.);
#9860=ORIENTED_EDGE('',*,*,#9859,.T.);
#9862=ORIENTED_EDGE('',*,*,#9861,.T.);
#9863=ORIENTED_EDGE('',*,*,#9844,.F.);
#9864=EDGE_LOOP('',(#9858,#9860,#9862,#9863));
#9865=FACE_OUTER_BOUND('',#9864,.F.);
#9867=CARTESIAN_POINT('',(6.003630868274E0,-4.614479888031E-1,
-7.142205861816E0));
#9868=CARTESIAN_POINT('',(5.998250731118E0,-4.570926141641E-1,
-7.186815131668E0));
#9869=CARTESIAN_POINT('',(6.006837197743E0,-4.482484712720E-1,
-7.278316906523E0));
#9870=CARTESIAN_POINT('',(6.075378484083E0,-4.347821650984E-1,
-7.397915345700E0));
#9871=CARTESIAN_POINT('',(6.187289133204E0,-4.213158560960E-1,
-7.478399512350E0));
#9872=CARTESIAN_POINT('',(6.277421635264E0,-4.124717075463E-1,
-7.496355963164E0));
#9873=CARTESIAN_POINT('',(6.322347721841E0,-4.081163291355E-1,
-7.495594694935E0));
#9874=CARTESIAN_POINT('',(5.894180903376E0,-4.616297655936E-1,
-7.129031513715E0));
#9875=CARTESIAN_POINT('',(5.886952025501E0,-4.557026468227E-1,
-7.189000203707E0));
#9876=CARTESIAN_POINT('',(5.898390285360E0,-4.460271716439E-1,
-7.312346701332E0));
#9877=CARTESIAN_POINT('',(5.990946478340E0,-4.347821255223E-1,
-7.474063480704E0));
#9878=CARTESIAN_POINT('',(6.142280750278E0,-4.235371256045E-1,
-7.582769075246E0));
#9879=CARTESIAN_POINT('',(6.263795496673E0,-4.138617428336E-1,
-7.606839016379E0));
#9880=CARTESIAN_POINT('',(6.324189715617E0,-4.079346856680E-1,
-7.605819307984E0));
#9881=CARTESIAN_POINT('',(5.784727708926E0,-4.618115423842E-1,
-7.115883969718E0));
#9882=CARTESIAN_POINT('',(5.775681803437E0,-4.543126794813E-1,
-7.190980772987E0));
#9883=CARTESIAN_POINT('',(5.789818269649E0,-4.438058720158E-1,
-7.346053357188E0));
#9884=CARTESIAN_POINT('',(5.906468607435E0,-4.347820859461E-1,
-7.550252972639E0));
#9885=CARTESIAN_POINT('',(6.097580912588E0,-4.257583951131E-1,
-7.687296328586E0));
#9886=CARTESIAN_POINT('',(6.250375716377E0,-4.152517781210E-1,
-7.717314783256E0));
#9887=CARTESIAN_POINT('',(6.326004735050E0,-4.077530422004E-1,
-7.716044374960E0));
#9888=CARTESIAN_POINT('',(5.675271294770E0,-4.619933191747E-1,
-7.102763231011E0));
#9889=CARTESIAN_POINT('',(5.664439904659E0,-4.529227121400E-1,
-7.192756818818E0));
#9890=CARTESIAN_POINT('',(5.681122706625E0,-4.415845723877E-1,
-7.379436319962E0));
#9891=CARTESIAN_POINT('',(5.821944304539E0,-4.347820463700E-1,
-7.626484332703E0));
#9892=CARTESIAN_POINT('',(6.053190331433E0,-4.279796646217E-1,
-7.791979781711E0));
#9893=CARTESIAN_POINT('',(6.237162298462E0,-4.166418134084E-1,
-7.827783425223E0));
#9894=CARTESIAN_POINT('',(6.327792779975E0,-4.075713987329E-1,
-7.826269885961E0));
#9895=B_SPLINE_SURFACE_WITH_KNOTS('',3,3,((#9867,#9868,#9869,#9870,#9871,#9872,
#9873),(#9874,#9875,#9876,#9877,#9878,#9879,#9880),(#9881,#9882,#9883,#9884,
#9885,#9886,#9887),(#9888,#9889,#9890,#9891,#9892,#9893,#9894)),.UNSPECIFIED.,
.F.,.F.,.F.,(4,4),(4,1,1,1,4),(-2.E-2,1.02E0),(-1.695064832908E-2,
4.099884235627E-1,8.369274954544E-1,1.263866567346E0,1.690805639238E0),
.UNSPECIFIED.);
#9897=ORIENTED_EDGE('',*,*,#9896,.F.);
#9899=ORIENTED_EDGE('',*,*,#9898,.T.);
#9901=ORIENTED_EDGE('',*,*,#9900,.T.);
#9902=ORIENTED_EDGE('',*,*,#9859,.F.);
#9903=EDGE_LOOP('',(#9897,#9899,#9901,#9902));
#9904=FACE_OUTER_BOUND('',#9903,.F.);
#9906=CARTESIAN_POINT('',(6.121010614175E0,-7.272843883859E-1,
-4.399794223327E0));
#9907=DIRECTION('',(9.935864082574E-3,9.953262543147E-1,9.605688979337E-2));
#9908=DIRECTION('',(9.946929125360E-1,0.E0,-1.028883363194E-1));
#9909=AXIS2_PLACEMENT_3D('',#9906,#9907,#9908);
#9910=PLANE('',#9909);
#9912=ORIENTED_EDGE('',*,*,#9911,.F.);
#9914=ORIENTED_EDGE('',*,*,#9913,.T.);
#9915=ORIENTED_EDGE('',*,*,#9896,.T.);
#9916=ORIENTED_EDGE('',*,*,#9793,.F.);
#9917=EDGE_LOOP('',(#9912,#9914,#9915,#9916));
#9918=FACE_OUTER_BOUND('',#9917,.F.);
#9920=CARTESIAN_POINT('',(6.588005422828E0,-1.227265334029E0,-1.87E0));
#9921=DIRECTION('',(-9.999501783723E-1,9.982022496225E-3,0.E0));
#9922=DIRECTION('',(0.E0,0.E0,1.E0));
#9923=AXIS2_PLACEMENT_3D('',#9920,#9921,#9922);
#9924=CYLINDRICAL_SURFACE('',#9923,2.5E-1);
#9925=ORIENTED_EDGE('',*,*,#9911,.T.);
#9926=ORIENTED_EDGE('',*,*,#9791,.T.);
#9927=ORIENTED_EDGE('',*,*,#9777,.T.);
#9928=ORIENTED_EDGE('',*,*,#9097,.F.);
#9929=ORIENTED_EDGE('',*,*,#9044,.F.);
#9931=ORIENTED_EDGE('',*,*,#9930,.T.);
#9933=ORIENTED_EDGE('',*,*,#9932,.T.);
#9934=EDGE_LOOP('',(#9925,#9926,#9927,#9928,#9929,#9931,#9933));
#9935=FACE_OUTER_BOUND('',#9934,.F.);
#9937=CARTESIAN_POINT('',(5.929000000001E0,0.E0,-1.62E0));
#9938=DIRECTION('',(0.E0,1.E0,0.E0));
#9939=DIRECTION('',(1.E0,0.E0,0.E0));
#9940=AXIS2_PLACEMENT_3D('',#9937,#9938,#9939);
#9941=CYLINDRICAL_SURFACE('',#9940,6.359999999993E-1);
#9942=ORIENTED_EDGE('',*,*,#8649,.T.);
#9943=ORIENTED_EDGE('',*,*,#9762,.F.);
#9945=ORIENTED_EDGE('',*,*,#9944,.T.);
#9946=ORIENTED_EDGE('',*,*,#9930,.F.);
#9947=EDGE_LOOP('',(#9942,#9943,#9945,#9946));
#9948=FACE_OUTER_BOUND('',#9947,.F.);
#9950=CARTESIAN_POINT('',(6.279166787268E0,0.E0,-4.416153468802E0));
#9951=DIRECTION('',(9.946929125360E-1,0.E0,-1.028883363194E-1));
#9952=DIRECTION('',(0.E0,1.E0,0.E0));
#9953=AXIS2_PLACEMENT_3D('',#9950,#9951,#9952);
#9954=PLANE('',#9953);
#9955=ORIENTED_EDGE('',*,*,#9944,.F.);
#9956=ORIENTED_EDGE('',*,*,#9760,.F.);
#9957=ORIENTED_EDGE('',*,*,#9809,.T.);
#9959=ORIENTED_EDGE('',*,*,#9958,.T.);
#9960=ORIENTED_EDGE('',*,*,#9913,.F.);
#9961=ORIENTED_EDGE('',*,*,#9932,.F.);
#9962=EDGE_LOOP('',(#9955,#9956,#9957,#9959,#9960,#9961));
#9963=FACE_OUTER_BOUND('',#9962,.F.);
#9965=CARTESIAN_POINT('',(6.317E0,0.E0,-7.18E0));
#9966=DIRECTION('',(0.E0,-1.E0,0.E0));
#9967=DIRECTION('',(-9.946929125360E-1,0.E0,1.028883363194E-1));
#9968=AXIS2_PLACEMENT_3D('',#9965,#9966,#9967);
#9969=CYLINDRICAL_SURFACE('',#9968,3.22E-1);
#9970=ORIENTED_EDGE('',*,*,#9958,.F.);
#9971=ORIENTED_EDGE('',*,*,#9848,.T.);
#9973=ORIENTED_EDGE('',*,*,#9972,.T.);
#9974=ORIENTED_EDGE('',*,*,#9898,.F.);
#9975=EDGE_LOOP('',(#9970,#9971,#9973,#9974));
#9976=FACE_OUTER_BOUND('',#9975,.F.);
#9978=CARTESIAN_POINT('',(6.3615E0,0.E0,-7.502E0));
#9979=DIRECTION('',(1.995906561124E-14,0.E0,1.E0));
#9980=DIRECTION('',(1.E0,0.E0,-1.995906561124E-14));
#9981=AXIS2_PLACEMENT_3D('',#9978,#9979,#9980);
#9982=PLANE('',#9981);
#9983=ORIENTED_EDGE('',*,*,#9972,.F.);
#9985=ORIENTED_EDGE('',*,*,#9984,.T.);
#9987=ORIENTED_EDGE('',*,*,#9986,.T.);
#9989=ORIENTED_EDGE('',*,*,#9988,.F.);
#9990=EDGE_LOOP('',(#9983,#9985,#9987,#9989));
#9991=FACE_OUTER_BOUND('',#9990,.F.);
#9993=CARTESIAN_POINT('',(6.3615E0,4.043175169202E-1,-7.661E0));
#9994=DIRECTION('',(9.656939200307E-2,9.953262543147E-1,0.E0));
#9995=DIRECTION('',(9.953262543147E-1,-9.656939200307E-2,0.E0));
#9996=AXIS2_PLACEMENT_3D('',#9993,#9994,#9995);
#9997=PLANE('',#9996);
#9998=ORIENTED_EDGE('',*,*,#9846,.F.);
#10000=ORIENTED_EDGE('',*,*,#9999,.T.);
#10002=ORIENTED_EDGE('',*,*,#10001,.T.);
#10003=ORIENTED_EDGE('',*,*,#9984,.F.);
#10004=EDGE_LOOP('',(#9998,#10000,#10002,#10003));
#10005=FACE_OUTER_BOUND('',#10004,.F.);
#10007=CARTESIAN_POINT('',(6.3615E0,0.E0,-7.82E0));
#10008=DIRECTION('',(1.995906561124E-14,0.E0,1.E0));
#10009=DIRECTION('',(1.E0,0.E0,-1.995906561124E-14));
#10010=AXIS2_PLACEMENT_3D('',#10007,#10008,#10009);
#10011=PLANE('',#10010);
#10012=ORIENTED_EDGE('',*,*,#9861,.F.);
#10014=ORIENTED_EDGE('',*,*,#10013,.T.);
#10016=ORIENTED_EDGE('',*,*,#10015,.T.);
#10017=ORIENTED_EDGE('',*,*,#9999,.F.);
#10018=EDGE_LOOP('',(#10012,#10014,#10016,#10017));
#10019=FACE_OUTER_BOUND('',#10018,.F.);
#10021=CARTESIAN_POINT('',(6.3615E0,-4.043175169202E-1,-7.661E0));
#10022=DIRECTION('',(-9.656939200307E-2,9.953262543147E-1,0.E0));
#10023=DIRECTION('',(9.953262543147E-1,9.656939200307E-2,0.E0));
#10024=AXIS2_PLACEMENT_3D('',#10021,#10022,#10023);
#10025=PLANE('',#10024);
#10026=ORIENTED_EDGE('',*,*,#9900,.F.);
#10027=ORIENTED_EDGE('',*,*,#9988,.T.);
#10029=ORIENTED_EDGE('',*,*,#10028,.T.);
#10030=ORIENTED_EDGE('',*,*,#10013,.F.);
#10031=EDGE_LOOP('',(#10026,#10027,#10029,#10030));
#10032=FACE_OUTER_BOUND('',#10031,.F.);
#10034=CARTESIAN_POINT('',(6.406E0,0.E0,-7.502E0));
#10035=DIRECTION('',(1.E0,0.E0,0.E0));
#10036=DIRECTION('',(0.E0,0.E0,-1.E0));
#10037=AXIS2_PLACEMENT_3D('',#10034,#10035,#10036);
#10038=PLANE('',#10037);
#10039=ORIENTED_EDGE('',*,*,#9986,.F.);
#10040=ORIENTED_EDGE('',*,*,#10001,.F.);
#10041=ORIENTED_EDGE('',*,*,#10015,.F.);
#10042=ORIENTED_EDGE('',*,*,#10028,.F.);
#10043=EDGE_LOOP('',(#10039,#10040,#10041,#10042));
#10044=FACE_OUTER_BOUND('',#10043,.F.);
#10046=CARTESIAN_POINT('',(6.867E0,-2.878E0,-6.2E-1));
#10047=DIRECTION('',(0.E0,1.E0,0.E0));
#10048=DIRECTION('',(-1.E0,0.E0,0.E0));
#10049=AXIS2_PLACEMENT_3D('',#10046,#10047,#10048);
#10050=CYLINDRICAL_SURFACE('',#10049,6.2E-1);
#10052=ORIENTED_EDGE('',*,*,#10051,.F.);
#10054=ORIENTED_EDGE('',*,*,#10053,.F.);
#10055=ORIENTED_EDGE('',*,*,#9705,.T.);
#10057=ORIENTED_EDGE('',*,*,#10056,.F.);
#10059=ORIENTED_EDGE('',*,*,#10058,.T.);
#10061=ORIENTED_EDGE('',*,*,#10060,.F.);
#10062=EDGE_LOOP('',(#10052,#10054,#10055,#10057,#10059,#10061));
#10063=FACE_OUTER_BOUND('',#10062,.F.);
#10065=CARTESIAN_POINT('',(7.312E0,-1.92E0,0.E0));
#10066=DIRECTION('',(0.E0,1.E0,0.E0));
#10067=DIRECTION('',(-1.E0,0.E0,0.E0));
#10068=AXIS2_PLACEMENT_3D('',#10065,#10066,#10067);
#10069=PLANE('',#10068);
#10071=ORIENTED_EDGE('',*,*,#10070,.F.);
#10072=ORIENTED_EDGE('',*,*,#10051,.T.);
#10074=ORIENTED_EDGE('',*,*,#10073,.T.);
#10076=ORIENTED_EDGE('',*,*,#10075,.T.);
#10078=ORIENTED_EDGE('',*,*,#10077,.T.);
#10080=ORIENTED_EDGE('',*,*,#10079,.F.);
#10081=EDGE_LOOP('',(#10071,#10072,#10074,#10076,#10078,#10080));
#10082=FACE_OUTER_BOUND('',#10081,.F.);
#10084=CARTESIAN_POINT('',(-2.63758464E1,-2.22E0,-3.2E-1));
#10085=DIRECTION('',(1.E0,0.E0,0.E0));
#10086=DIRECTION('',(0.E0,0.E0,-1.E0));
#10087=AXIS2_PLACEMENT_3D('',#10084,#10085,#10086);
#10088=CYLINDRICAL_SURFACE('',#10087,3.E-1);
#10089=ORIENTED_EDGE('',*,*,#8250,.F.);
#10090=ORIENTED_EDGE('',*,*,#10053,.T.);
#10091=ORIENTED_EDGE('',*,*,#10070,.T.);
#10093=ORIENTED_EDGE('',*,*,#10092,.T.);
#10094=EDGE_LOOP('',(#10089,#10090,#10091,#10093));
#10095=FACE_OUTER_BOUND('',#10094,.F.);
#10097=CARTESIAN_POINT('',(6.867E0,-2.878E0,-6.2E-1));
#10098=DIRECTION('',(0.E0,1.E0,0.E0));
#10099=DIRECTION('',(-1.E0,0.E0,0.E0));
#10100=AXIS2_PLACEMENT_3D('',#10097,#10098,#10099);
#10101=CYLINDRICAL_SURFACE('',#10100,3.02E-1);
#10102=ORIENTED_EDGE('',*,*,#8636,.T.);
#10103=ORIENTED_EDGE('',*,*,#10092,.F.);
#10104=ORIENTED_EDGE('',*,*,#10079,.T.);
#10106=ORIENTED_EDGE('',*,*,#10105,.T.);
#10108=ORIENTED_EDGE('',*,*,#10107,.F.);
#10110=ORIENTED_EDGE('',*,*,#10109,.F.);
#10111=EDGE_LOOP('',(#10102,#10103,#10104,#10106,#10108,#10110));
#10112=FACE_OUTER_BOUND('',#10111,.F.);
#10114=CARTESIAN_POINT('',(7.312E0,-2.878E0,-3.18E-1));
#10115=DIRECTION('',(0.E0,0.E0,-1.E0));
#10116=DIRECTION('',(-1.E0,0.E0,0.E0));
#10117=AXIS2_PLACEMENT_3D('',#10114,#10115,#10116);
#10118=PLANE('',#10117);
#10120=ORIENTED_EDGE('',*,*,#10119,.F.);
#10122=ORIENTED_EDGE('',*,*,#10121,.T.);
#10123=ORIENTED_EDGE('',*,*,#10105,.F.);
#10124=ORIENTED_EDGE('',*,*,#10077,.F.);
#10126=ORIENTED_EDGE('',*,*,#10125,.F.);
#10128=ORIENTED_EDGE('',*,*,#10127,.T.);
#10129=EDGE_LOOP('',(#10120,#10122,#10123,#10124,#10126,#10128));
#10130=FACE_OUTER_BOUND('',#10129,.F.);
#10132=CARTESIAN_POINT('',(7.012E0,1.62E0,-3.212053373252E-1));
#10133=DIRECTION('',(0.E0,0.E0,1.E0));
#10134=DIRECTION('',(1.E0,0.E0,0.E0));
#10135=AXIS2_PLACEMENT_3D('',#10132,#10133,#10134);
#10136=CYLINDRICAL_SURFACE('',#10135,3.E-1);
#10138=ORIENTED_EDGE('',*,*,#10137,.T.);
#10140=ORIENTED_EDGE('',*,*,#10139,.F.);
#10141=ORIENTED_EDGE('',*,*,#10119,.T.);
#10143=ORIENTED_EDGE('',*,*,#10142,.T.);
#10144=EDGE_LOOP('',(#10138,#10140,#10141,#10143));
#10145=FACE_OUTER_BOUND('',#10144,.F.);
#10147=CARTESIAN_POINT('',(6.867E0,-2.878E0,0.E0));
#10148=DIRECTION('',(0.E0,0.E0,1.E0));
#10149=DIRECTION('',(1.E0,0.E0,0.E0));
#10150=AXIS2_PLACEMENT_3D('',#10147,#10148,#10149);
#10151=PLANE('',#10150);
#10152=ORIENTED_EDGE('',*,*,#10137,.F.);
#10154=ORIENTED_EDGE('',*,*,#10153,.F.);
#10156=ORIENTED_EDGE('',*,*,#10155,.F.);
#10157=ORIENTED_EDGE('',*,*,#10073,.F.);
#10158=ORIENTED_EDGE('',*,*,#10060,.T.);
#10160=ORIENTED_EDGE('',*,*,#10159,.T.);
#10161=EDGE_LOOP('',(#10152,#10154,#10156,#10157,#10158,#10160));
#10162=FACE_OUTER_BOUND('',#10161,.F.);
#10164=CARTESIAN_POINT('',(7.312E0,-2.878E0,0.E0));
#10165=DIRECTION('',(1.E0,0.E0,0.E0));
#10166=DIRECTION('',(0.E0,0.E0,-1.E0));
#10167=AXIS2_PLACEMENT_3D('',#10164,#10165,#10166);
#10168=PLANE('',#10167);
#10169=ORIENTED_EDGE('',*,*,#10142,.F.);
#10170=ORIENTED_EDGE('',*,*,#10127,.F.);
#10172=ORIENTED_EDGE('',*,*,#10171,.F.);
#10173=ORIENTED_EDGE('',*,*,#10153,.T.);
#10174=EDGE_LOOP('',(#10169,#10170,#10172,#10173));
#10175=FACE_OUTER_BOUND('',#10174,.F.);
#10177=CARTESIAN_POINT('',(7.012E0,-1.62E0,3.494366605911E-3));
#10178=DIRECTION('',(0.E0,0.E0,-1.E0));
#10179=DIRECTION('',(1.E0,0.E0,0.E0));
#10180=AXIS2_PLACEMENT_3D('',#10177,#10178,#10179);
#10181=CYLINDRICAL_SURFACE('',#10180,3.E-1);
#10182=ORIENTED_EDGE('',*,*,#10125,.T.);
#10183=ORIENTED_EDGE('',*,*,#10075,.F.);
#10184=ORIENTED_EDGE('',*,*,#10155,.T.);
#10185=ORIENTED_EDGE('',*,*,#10171,.T.);
#10186=EDGE_LOOP('',(#10182,#10183,#10184,#10185));
#10187=FACE_OUTER_BOUND('',#10186,.F.);
#10189=CARTESIAN_POINT('',(6.247E0,1.92E0,0.E0));
#10190=DIRECTION('',(0.E0,-1.E0,0.E0));
#10191=DIRECTION('',(1.E0,0.E0,0.E0));
#10192=AXIS2_PLACEMENT_3D('',#10189,#10190,#10191);
#10193=PLANE('',#10192);
#10195=ORIENTED_EDGE('',*,*,#10194,.F.);
#10196=ORIENTED_EDGE('',*,*,#10107,.T.);
#10197=ORIENTED_EDGE('',*,*,#10121,.F.);
#10198=ORIENTED_EDGE('',*,*,#10139,.T.);
#10199=ORIENTED_EDGE('',*,*,#10159,.F.);
#10200=ORIENTED_EDGE('',*,*,#10058,.F.);
#10201=EDGE_LOOP('',(#10195,#10196,#10197,#10198,#10199,#10200));
#10202=FACE_OUTER_BOUND('',#10201,.F.);
#10204=CARTESIAN_POINT('',(2.63758464E1,2.22E0,-3.2E-1));
#10205=DIRECTION('',(-1.E0,0.E0,0.E0));
#10206=DIRECTION('',(0.E0,0.E0,-1.E0));
#10207=AXIS2_PLACEMENT_3D('',#10204,#10205,#10206);
#10208=CYLINDRICAL_SURFACE('',#10207,3.E-1);
#10209=ORIENTED_EDGE('',*,*,#8265,.F.);
#10210=ORIENTED_EDGE('',*,*,#10109,.T.);
#10211=ORIENTED_EDGE('',*,*,#10194,.T.);
#10212=ORIENTED_EDGE('',*,*,#10056,.T.);
#10213=EDGE_LOOP('',(#10209,#10210,#10211,#10212));
#10214=FACE_OUTER_BOUND('',#10213,.F.);
#10216=CARTESIAN_POINT('',(5.927E0,-2.24E0,-8.883333592443E0));
#10217=DIRECTION('',(0.E0,0.E0,1.E0));
#10218=DIRECTION('',(0.E0,-1.E0,0.E0));
#10219=AXIS2_PLACEMENT_3D('',#10216,#10217,#10218);
#10220=CYLINDRICAL_SURFACE('',#10219,3.2E-1);
#10221=ORIENTED_EDGE('',*,*,#7190,.F.);
#10222=ORIENTED_EDGE('',*,*,#9628,.T.);
#10223=ORIENTED_EDGE('',*,*,#9708,.T.);
#10224=ORIENTED_EDGE('',*,*,#8246,.T.);
#10225=EDGE_LOOP('',(#10221,#10222,#10223,#10224));
#10226=FACE_OUTER_BOUND('',#10225,.F.);
#10228=CARTESIAN_POINT('',(-5.927E0,-2.24E0,-6.167946626748E-1));
#10229=DIRECTION('',(0.E0,0.E0,-1.E0));
#10230=DIRECTION('',(0.E0,-1.E0,0.E0));
#10231=AXIS2_PLACEMENT_3D('',#10228,#10229,#10230);
#10232=CYLINDRICAL_SURFACE('',#10231,3.2E-1);
#10233=ORIENTED_EDGE('',*,*,#9631,.T.);
#10234=ORIENTED_EDGE('',*,*,#7186,.F.);
#10235=ORIENTED_EDGE('',*,*,#8226,.T.);
#10236=ORIENTED_EDGE('',*,*,#9131,.T.);
#10237=EDGE_LOOP('',(#10233,#10234,#10235,#10236));
#10238=FACE_OUTER_BOUND('',#10237,.F.);
#10240=CARTESIAN_POINT('',(-5.55E0,0.E0,0.E0));
#10241=DIRECTION('',(1.E0,0.E0,0.E0));
#10242=DIRECTION('',(0.E0,0.E0,-1.E0));
#10243=AXIS2_PLACEMENT_3D('',#10240,#10241,#10242);
#10244=PLANE('',#10243);
#10246=ORIENTED_EDGE('',*,*,#10245,.F.);
#10248=ORIENTED_EDGE('',*,*,#10247,.F.);
#10249=ORIENTED_EDGE('',*,*,#9636,.F.);
#10251=ORIENTED_EDGE('',*,*,#10250,.T.);
#10253=ORIENTED_EDGE('',*,*,#10252,.T.);
#10255=ORIENTED_EDGE('',*,*,#10254,.F.);
#10256=ORIENTED_EDGE('',*,*,#9660,.F.);
#10258=ORIENTED_EDGE('',*,*,#10257,.F.);
#10259=EDGE_LOOP('',(#10246,#10248,#10249,#10251,#10253,#10255,#10256,#10258));
#10260=FACE_OUTER_BOUND('',#10259,.F.);
#10262=CARTESIAN_POINT('',(-5.3E0,8.28E-1,-9.330127018922E-1));
#10263=DIRECTION('',(-8.660254037844E-1,0.E0,5.E-1));
#10264=DIRECTION('',(5.E-1,0.E0,8.660254037844E-1));
#10265=AXIS2_PLACEMENT_3D('',#10262,#10263,#10264);
#10266=PLANE('',#10265);
#10268=ORIENTED_EDGE('',*,*,#10267,.T.);
#10270=ORIENTED_EDGE('',*,*,#10269,.T.);
#10272=ORIENTED_EDGE('',*,*,#10271,.F.);
#10274=ORIENTED_EDGE('',*,*,#10273,.T.);
#10276=ORIENTED_EDGE('',*,*,#10275,.T.);
#10277=ORIENTED_EDGE('',*,*,#10245,.T.);
#10278=EDGE_LOOP('',(#10268,#10270,#10272,#10274,#10276,#10277));
#10279=FACE_OUTER_BOUND('',#10278,.F.);
#10281=CARTESIAN_POINT('',(-4.91E0,1.238E0,-4.876408918070E-1));
#10282=DIRECTION('',(0.E0,0.E0,-1.E0));
#10283=DIRECTION('',(-1.E0,0.E0,0.E0));
#10284=AXIS2_PLACEMENT_3D('',#10281,#10282,#10283);
#10285=CYLINDRICAL_SURFACE('',#10284,6.4E-1);
#10286=ORIENTED_EDGE('',*,*,#10267,.F.);
#10287=ORIENTED_EDGE('',*,*,#10257,.T.);
#10288=ORIENTED_EDGE('',*,*,#9658,.T.);
#10290=ORIENTED_EDGE('',*,*,#10289,.F.);
#10292=ORIENTED_EDGE('',*,*,#10291,.T.);
#10293=EDGE_LOOP('',(#10286,#10287,#10288,#10290,#10292));
#10294=FACE_OUTER_BOUND('',#10293,.F.);
#10296=CARTESIAN_POINT('',(-5.55E0,1.878E0,-8.88E0));
#10297=DIRECTION('',(0.E0,1.E0,0.E0));
#10298=DIRECTION('',(0.E0,0.E0,1.E0));
#10299=AXIS2_PLACEMENT_3D('',#10296,#10297,#10298);
#10300=PLANE('',#10299);
#10302=ORIENTED_EDGE('',*,*,#10301,.T.);
#10304=ORIENTED_EDGE('',*,*,#10303,.F.);
#10305=ORIENTED_EDGE('',*,*,#10289,.T.);
#10306=ORIENTED_EDGE('',*,*,#9656,.T.);
#10307=EDGE_LOOP('',(#10302,#10304,#10305,#10306));
#10308=FACE_OUTER_BOUND('',#10307,.F.);
#10310=CARTESIAN_POINT('',(4.91E0,1.238E0,-8.890979807951E0));
#10311=DIRECTION('',(0.E0,0.E0,1.E0));
#10312=DIRECTION('',(1.E0,0.E0,0.E0));
#10313=AXIS2_PLACEMENT_3D('',#10310,#10311,#10312);
#10314=CYLINDRICAL_SURFACE('',#10313,6.4E-1);
#10316=ORIENTED_EDGE('',*,*,#10315,.F.);
#10318=ORIENTED_EDGE('',*,*,#10317,.T.);
#10319=ORIENTED_EDGE('',*,*,#10301,.F.);
#10320=ORIENTED_EDGE('',*,*,#9654,.T.);
#10322=ORIENTED_EDGE('',*,*,#10321,.T.);
#10323=EDGE_LOOP('',(#10316,#10318,#10319,#10320,#10322));
#10324=FACE_OUTER_BOUND('',#10323,.F.);
#10326=CARTESIAN_POINT('',(5.3E0,8.28E-1,-9.330127018922E-1));
#10327=DIRECTION('',(8.660254037844E-1,0.E0,5.E-1));
#10328=DIRECTION('',(-5.E-1,0.E0,8.660254037844E-1));
#10329=AXIS2_PLACEMENT_3D('',#10326,#10327,#10328);
#10330=PLANE('',#10329);
#10332=ORIENTED_EDGE('',*,*,#10331,.T.);
#10334=ORIENTED_EDGE('',*,*,#10333,.T.);
#10336=ORIENTED_EDGE('',*,*,#10335,.F.);
#10338=ORIENTED_EDGE('',*,*,#10337,.T.);
#10339=ORIENTED_EDGE('',*,*,#10315,.T.);
#10341=ORIENTED_EDGE('',*,*,#10340,.T.);
#10342=EDGE_LOOP('',(#10332,#10334,#10336,#10338,#10339,#10341));
#10343=FACE_OUTER_BOUND('',#10342,.F.);
#10345=CARTESIAN_POINT('',(5.42E0,1.68E-1,-4.876408918070E-1));
#10346=DIRECTION('',(0.E0,0.E0,-1.E0));
#10347=DIRECTION('',(1.E0,0.E0,0.E0));
#10348=AXIS2_PLACEMENT_3D('',#10345,#10346,#10347);
#10349=CYLINDRICAL_SURFACE('',#10348,1.3E-1);
#10350=ORIENTED_EDGE('',*,*,#10331,.F.);
#10352=ORIENTED_EDGE('',*,*,#10351,.T.);
#10353=ORIENTED_EDGE('',*,*,#9642,.T.);
#10355=ORIENTED_EDGE('',*,*,#10354,.F.);
#10357=ORIENTED_EDGE('',*,*,#10356,.T.);
#10358=EDGE_LOOP('',(#10350,#10352,#10353,#10355,#10357));
#10359=FACE_OUTER_BOUND('',#10358,.F.);
#10361=CARTESIAN_POINT('',(5.55E0,0.E0,0.E0));
#10362=DIRECTION('',(1.E0,0.E0,0.E0));
#10363=DIRECTION('',(0.E0,0.E0,-1.E0));
#10364=AXIS2_PLACEMENT_3D('',#10361,#10362,#10363);
#10365=PLANE('',#10364);
#10366=ORIENTED_EDGE('',*,*,#10340,.F.);
#10367=ORIENTED_EDGE('',*,*,#10321,.F.);
#10368=ORIENTED_EDGE('',*,*,#9652,.T.);
#10370=ORIENTED_EDGE('',*,*,#10369,.T.);
#10372=ORIENTED_EDGE('',*,*,#10371,.F.);
#10374=ORIENTED_EDGE('',*,*,#10373,.F.);
#10375=ORIENTED_EDGE('',*,*,#9644,.T.);
#10376=ORIENTED_EDGE('',*,*,#10351,.F.);
#10377=EDGE_LOOP('',(#10366,#10367,#10368,#10370,#10372,#10374,#10375,#10376));
#10378=FACE_OUTER_BOUND('',#10377,.F.);
#10380=CARTESIAN_POINT('',(5.661568542495E0,7.945685424949E-1,-8.88E0));
#10381=DIRECTION('',(7.071067811865E-1,7.071067811865E-1,0.E0));
#10382=DIRECTION('',(-7.071067811865E-1,7.071067811865E-1,0.E0));
#10383=AXIS2_PLACEMENT_3D('',#10380,#10381,#10382);
#10384=PLANE('',#10383);
#10385=ORIENTED_EDGE('',*,*,#9650,.F.);
#10387=ORIENTED_EDGE('',*,*,#10386,.T.);
#10389=ORIENTED_EDGE('',*,*,#10388,.T.);
#10390=ORIENTED_EDGE('',*,*,#10369,.F.);
#10391=EDGE_LOOP('',(#10385,#10387,#10389,#10390));
#10392=FACE_OUTER_BOUND('',#10391,.F.);
#10394=CARTESIAN_POINT('',(5.605E0,7.38E-1,-8.88E0));
#10395=DIRECTION('',(0.E0,0.E0,1.E0));
#10396=DIRECTION('',(1.E0,0.E0,0.E0));
#10397=AXIS2_PLACEMENT_3D('',#10394,#10395,#10396);
#10398=CYLINDRICAL_SURFACE('',#10397,8.E-2);
#10399=ORIENTED_EDGE('',*,*,#9648,.F.);
#10401=ORIENTED_EDGE('',*,*,#10400,.T.);
#10403=ORIENTED_EDGE('',*,*,#10402,.T.);
#10404=ORIENTED_EDGE('',*,*,#10386,.F.);
#10405=EDGE_LOOP('',(#10399,#10401,#10403,#10404));
#10406=FACE_OUTER_BOUND('',#10405,.F.);
#10408=CARTESIAN_POINT('',(5.55E0,5.698629150102E-1,-8.88E0));
#10409=DIRECTION('',(7.071067811865E-1,-7.071067811865E-1,0.E0));
#10410=DIRECTION('',(7.071067811865E-1,7.071067811865E-1,0.E0));
#10411=AXIS2_PLACEMENT_3D('',#10408,#10409,#10410);
#10412=PLANE('',#10411);
#10413=ORIENTED_EDGE('',*,*,#9646,.F.);
#10414=ORIENTED_EDGE('',*,*,#10373,.T.);
#10416=ORIENTED_EDGE('',*,*,#10415,.T.);
#10417=ORIENTED_EDGE('',*,*,#10400,.F.);
#10418=EDGE_LOOP('',(#10413,#10414,#10416,#10417));
#10419=FACE_OUTER_BOUND('',#10418,.F.);
#10421=CARTESIAN_POINT('',(-6.565E0,0.E0,-3.5E0));
#10422=DIRECTION('',(0.E0,0.E0,1.E0));
#10423=DIRECTION('',(1.E0,0.E0,0.E0));
#10424=AXIS2_PLACEMENT_3D('',#10421,#10422,#10423);
#10425=PLANE('',#10424);
#10426=ORIENTED_EDGE('',*,*,#10252,.F.);
#10428=ORIENTED_EDGE('',*,*,#10427,.F.);
#10430=ORIENTED_EDGE('',*,*,#10429,.F.);
#10432=ORIENTED_EDGE('',*,*,#10431,.F.);
#10433=EDGE_LOOP('',(#10426,#10428,#10430,#10432));
#10434=FACE_OUTER_BOUND('',#10433,.F.);
#10436=CARTESIAN_POINT('',(-6.565E0,0.E0,-3.5E0));
#10437=DIRECTION('',(0.E0,0.E0,1.E0));
#10438=DIRECTION('',(1.E0,0.E0,0.E0));
#10439=AXIS2_PLACEMENT_3D('',#10436,#10437,#10438);
#10440=PLANE('',#10439);
#10441=ORIENTED_EDGE('',*,*,#10371,.T.);
#10442=ORIENTED_EDGE('',*,*,#10388,.F.);
#10443=ORIENTED_EDGE('',*,*,#10402,.F.);
#10444=ORIENTED_EDGE('',*,*,#10415,.F.);
#10445=EDGE_LOOP('',(#10441,#10442,#10443,#10444));
#10446=FACE_OUTER_BOUND('',#10445,.F.);
#10448=CARTESIAN_POINT('',(-5.661568542495E0,6.814314575051E-1,-8.88E0));
#10449=DIRECTION('',(-7.071067811865E-1,-7.071067811865E-1,0.E0));
#10450=DIRECTION('',(7.071067811865E-1,-7.071067811865E-1,0.E0));
#10451=AXIS2_PLACEMENT_3D('',#10448,#10449,#10450);
#10452=PLANE('',#10451);
#10453=ORIENTED_EDGE('',*,*,#9666,.F.);
#10455=ORIENTED_EDGE('',*,*,#10454,.T.);
#10456=ORIENTED_EDGE('',*,*,#10427,.T.);
#10457=ORIENTED_EDGE('',*,*,#10250,.F.);
#10458=EDGE_LOOP('',(#10453,#10455,#10456,#10457));
#10459=FACE_OUTER_BOUND('',#10458,.F.);
#10461=CARTESIAN_POINT('',(-5.605E0,7.38E-1,-8.88E0));
#10462=DIRECTION('',(0.E0,0.E0,1.E0));
#10463=DIRECTION('',(1.E0,0.E0,0.E0));
#10464=AXIS2_PLACEMENT_3D('',#10461,#10462,#10463);
#10465=CYLINDRICAL_SURFACE('',#10464,8.E-2);
#10466=ORIENTED_EDGE('',*,*,#9664,.F.);
#10468=ORIENTED_EDGE('',*,*,#10467,.T.);
#10469=ORIENTED_EDGE('',*,*,#10429,.T.);
#10470=ORIENTED_EDGE('',*,*,#10454,.F.);
#10471=EDGE_LOOP('',(#10466,#10468,#10469,#10470));
#10472=FACE_OUTER_BOUND('',#10471,.F.);
#10474=CARTESIAN_POINT('',(-5.55E0,9.061370849898E-1,-8.88E0));
#10475=DIRECTION('',(-7.071067811865E-1,7.071067811865E-1,0.E0));
#10476=DIRECTION('',(-7.071067811865E-1,-7.071067811865E-1,0.E0));
#10477=AXIS2_PLACEMENT_3D('',#10474,#10475,#10476);
#10478=PLANE('',#10477);
#10479=ORIENTED_EDGE('',*,*,#9662,.F.);
#10480=ORIENTED_EDGE('',*,*,#10254,.T.);
#10481=ORIENTED_EDGE('',*,*,#10431,.T.);
#10482=ORIENTED_EDGE('',*,*,#10467,.F.);
#10483=EDGE_LOOP('',(#10479,#10480,#10481,#10482));
#10484=FACE_OUTER_BOUND('',#10483,.F.);
#10486=CARTESIAN_POINT('',(-5.55E0,3.8E-2,-1.158179306876E0));
#10487=DIRECTION('',(0.E0,-1.E0,0.E0));
#10488=DIRECTION('',(0.E0,0.E0,-1.E0));
#10489=AXIS2_PLACEMENT_3D('',#10486,#10487,#10488);
#10490=PLANE('',#10489);
#10491=ORIENTED_EDGE('',*,*,#10354,.T.);
#10492=ORIENTED_EDGE('',*,*,#9640,.F.);
#10494=ORIENTED_EDGE('',*,*,#10493,.T.);
#10496=ORIENTED_EDGE('',*,*,#10495,.T.);
#10497=EDGE_LOOP('',(#10491,#10492,#10494,#10496));
#10498=FACE_OUTER_BOUND('',#10497,.F.);
#10500=ORIENTED_EDGE('',*,*,#10499,.T.);
#10502=ORIENTED_EDGE('',*,*,#10501,.T.);
#10504=ORIENTED_EDGE('',*,*,#10503,.F.);
#10506=ORIENTED_EDGE('',*,*,#10505,.F.);
#10507=EDGE_LOOP('',(#10500,#10502,#10504,#10506));
#10508=FACE_BOUND('',#10507,.F.);
#10510=ORIENTED_EDGE('',*,*,#10509,.T.);
#10512=ORIENTED_EDGE('',*,*,#10511,.T.);
#10514=ORIENTED_EDGE('',*,*,#10513,.F.);
#10516=ORIENTED_EDGE('',*,*,#10515,.F.);
#10517=EDGE_LOOP('',(#10510,#10512,#10514,#10516));
#10518=FACE_BOUND('',#10517,.F.);
#10520=ORIENTED_EDGE('',*,*,#10519,.T.);
#10522=ORIENTED_EDGE('',*,*,#10521,.T.);
#10524=ORIENTED_EDGE('',*,*,#10523,.F.);
#10526=ORIENTED_EDGE('',*,*,#10525,.F.);
#10527=EDGE_LOOP('',(#10520,#10522,#10524,#10526));
#10528=FACE_BOUND('',#10527,.F.);
#10530=ORIENTED_EDGE('',*,*,#10529,.T.);
#10532=ORIENTED_EDGE('',*,*,#10531,.T.);
#10534=ORIENTED_EDGE('',*,*,#10533,.F.);
#10536=ORIENTED_EDGE('',*,*,#10535,.F.);
#10537=EDGE_LOOP('',(#10530,#10532,#10534,#10536));
#10538=FACE_BOUND('',#10537,.F.);
#10540=ORIENTED_EDGE('',*,*,#10539,.T.);
#10542=ORIENTED_EDGE('',*,*,#10541,.T.);
#10544=ORIENTED_EDGE('',*,*,#10543,.F.);
#10546=ORIENTED_EDGE('',*,*,#10545,.F.);
#10547=EDGE_LOOP('',(#10540,#10542,#10544,#10546));
#10548=FACE_BOUND('',#10547,.F.);
#10550=ORIENTED_EDGE('',*,*,#10549,.T.);
#10552=ORIENTED_EDGE('',*,*,#10551,.T.);
#10554=ORIENTED_EDGE('',*,*,#10553,.F.);
#10556=ORIENTED_EDGE('',*,*,#10555,.F.);
#10557=EDGE_LOOP('',(#10550,#10552,#10554,#10556));
#10558=FACE_BOUND('',#10557,.F.);
#10560=ORIENTED_EDGE('',*,*,#10559,.T.);
#10562=ORIENTED_EDGE('',*,*,#10561,.T.);
#10564=ORIENTED_EDGE('',*,*,#10563,.F.);
#10566=ORIENTED_EDGE('',*,*,#10565,.F.);
#10567=EDGE_LOOP('',(#10560,#10562,#10564,#10566));
#10568=FACE_BOUND('',#10567,.F.);
#10570=ORIENTED_EDGE('',*,*,#10569,.T.);
#10572=ORIENTED_EDGE('',*,*,#10571,.T.);
#10574=ORIENTED_EDGE('',*,*,#10573,.F.);
#10576=ORIENTED_EDGE('',*,*,#10575,.F.);
#10577=EDGE_LOOP('',(#10570,#10572,#10574,#10576));
#10578=FACE_BOUND('',#10577,.F.);
#10580=CARTESIAN_POINT('',(-5.42E0,1.68E-1,-8.890979807951E0));
#10581=DIRECTION('',(0.E0,0.E0,1.E0));
#10582=DIRECTION('',(-1.E0,0.E0,0.E0));
#10583=AXIS2_PLACEMENT_3D('',#10580,#10581,#10582);
#10584=CYLINDRICAL_SURFACE('',#10583,1.3E-1);
#10585=ORIENTED_EDGE('',*,*,#10275,.F.);
#10587=ORIENTED_EDGE('',*,*,#10586,.T.);
#10588=ORIENTED_EDGE('',*,*,#10493,.F.);
#10589=ORIENTED_EDGE('',*,*,#9638,.T.);
#10590=ORIENTED_EDGE('',*,*,#10247,.T.);
#10591=EDGE_LOOP('',(#10585,#10587,#10588,#10589,#10590));
#10592=FACE_OUTER_BOUND('',#10591,.F.);
#10594=CARTESIAN_POINT('',(-5.55E0,4.18E-1,-5.E-1));
#10595=DIRECTION('',(0.E0,-8.660254037844E-1,5.E-1));
#10596=DIRECTION('',(0.E0,-5.E-1,-8.660254037844E-1));
#10597=AXIS2_PLACEMENT_3D('',#10594,#10595,#10596);
#10598=PLANE('',#10597);
#10599=ORIENTED_EDGE('',*,*,#10273,.F.);
#10601=ORIENTED_EDGE('',*,*,#10600,.T.);
#10602=ORIENTED_EDGE('',*,*,#10333,.F.);
#10603=ORIENTED_EDGE('',*,*,#10356,.F.);
#10604=ORIENTED_EDGE('',*,*,#10495,.F.);
#10605=ORIENTED_EDGE('',*,*,#10586,.F.);
#10606=EDGE_LOOP('',(#10599,#10601,#10602,#10603,#10604,#10605));
#10607=FACE_OUTER_BOUND('',#10606,.F.);
#10609=CARTESIAN_POINT('',(-5.55E0,1.378E0,-5.E-1));
#10610=DIRECTION('',(0.E0,0.E0,1.E0));
#10611=DIRECTION('',(0.E0,-1.E0,0.E0));
#10612=AXIS2_PLACEMENT_3D('',#10609,#10610,#10611);
#10613=PLANE('',#10612);
#10614=ORIENTED_EDGE('',*,*,#10271,.T.);
#10616=ORIENTED_EDGE('',*,*,#10615,.T.);
#10617=ORIENTED_EDGE('',*,*,#10335,.T.);
#10618=ORIENTED_EDGE('',*,*,#10600,.F.);
#10619=EDGE_LOOP('',(#10614,#10616,#10617,#10618));
#10620=FACE_OUTER_BOUND('',#10619,.F.);
#10622=CARTESIAN_POINT('',(-5.55E0,1.878E0,-1.366025403784E0));
#10623=DIRECTION('',(0.E0,8.660254037844E-1,5.E-1));
#10624=DIRECTION('',(0.E0,-5.E-1,8.660254037844E-1));
#10625=AXIS2_PLACEMENT_3D('',#10622,#10623,#10624);
#10626=PLANE('',#10625);
#10627=ORIENTED_EDGE('',*,*,#10269,.F.);
#10628=ORIENTED_EDGE('',*,*,#10291,.F.);
#10629=ORIENTED_EDGE('',*,*,#10303,.T.);
#10630=ORIENTED_EDGE('',*,*,#10317,.F.);
#10631=ORIENTED_EDGE('',*,*,#10337,.F.);
#10632=ORIENTED_EDGE('',*,*,#10615,.F.);
#10633=EDGE_LOOP('',(#10627,#10628,#10629,#10630,#10631,#10632));
#10634=FACE_OUTER_BOUND('',#10633,.F.);
#10636=CARTESIAN_POINT('',(-3.E0,3.625E0,0.E0));
#10637=DIRECTION('',(-1.E0,0.E0,0.E0));
#10638=DIRECTION('',(0.E0,0.E0,1.E0));
#10639=AXIS2_PLACEMENT_3D('',#10636,#10637,#10638);
#10640=PLANE('',#10639);
#10641=ORIENTED_EDGE('',*,*,#10499,.F.);
#10643=ORIENTED_EDGE('',*,*,#10642,.T.);
#10645=ORIENTED_EDGE('',*,*,#10644,.T.);
#10646=ORIENTED_EDGE('',*,*,#10509,.F.);
#10648=ORIENTED_EDGE('',*,*,#10647,.T.);
#10650=ORIENTED_EDGE('',*,*,#10649,.T.);
#10651=EDGE_LOOP('',(#10641,#10643,#10645,#10646,#10648,#10650));
#10652=FACE_OUTER_BOUND('',#10651,.F.);
#10654=CARTESIAN_POINT('',(-3.E0,3.8E-2,-6.253659052624E0));
#10655=DIRECTION('',(0.E0,-9.563047559630E-1,-2.923717047227E-1));
#10656=DIRECTION('',(0.E0,-2.923717047227E-1,9.563047559630E-1));
#10657=AXIS2_PLACEMENT_3D('',#10654,#10655,#10656);
#10658=PLANE('',#10657);
#10659=ORIENTED_EDGE('',*,*,#10505,.T.);
#10661=ORIENTED_EDGE('',*,*,#10660,.T.);
#10663=ORIENTED_EDGE('',*,*,#10662,.F.);
#10664=ORIENTED_EDGE('',*,*,#10642,.F.);
#10665=EDGE_LOOP('',(#10659,#10661,#10663,#10664));
#10666=FACE_OUTER_BOUND('',#10665,.F.);
#10668=CARTESIAN_POINT('',(-4.E0,3.625E0,0.E0));
#10669=DIRECTION('',(-1.E0,0.E0,0.E0));
#10670=DIRECTION('',(0.E0,0.E0,1.E0));
#10671=AXIS2_PLACEMENT_3D('',#10668,#10669,#10670);
#10672=PLANE('',#10671);
#10673=ORIENTED_EDGE('',*,*,#10503,.T.);
#10675=ORIENTED_EDGE('',*,*,#10674,.F.);
#10677=ORIENTED_EDGE('',*,*,#10676,.F.);
#10678=ORIENTED_EDGE('',*,*,#10513,.T.);
#10680=ORIENTED_EDGE('',*,*,#10679,.F.);
#10681=ORIENTED_EDGE('',*,*,#10660,.F.);
#10682=EDGE_LOOP('',(#10673,#10675,#10677,#10678,#10680,#10681));
#10683=FACE_OUTER_BOUND('',#10682,.F.);
#10685=CARTESIAN_POINT('',(-3.E0,-3.188598812240E-1,-4.227926767112E0));
#10686=DIRECTION('',(0.E0,9.563047559630E-1,2.923717047227E-1));
#10687=DIRECTION('',(0.E0,2.923717047227E-1,-9.563047559630E-1));
#10688=AXIS2_PLACEMENT_3D('',#10685,#10686,#10687);
#10689=PLANE('',#10688);
#10690=ORIENTED_EDGE('',*,*,#10501,.F.);
#10691=ORIENTED_EDGE('',*,*,#10649,.F.);
#10693=ORIENTED_EDGE('',*,*,#10692,.T.);
#10694=ORIENTED_EDGE('',*,*,#10674,.T.);
#10695=EDGE_LOOP('',(#10690,#10691,#10693,#10694));
#10696=FACE_OUTER_BOUND('',#10695,.F.);
#10698=CARTESIAN_POINT('',(-3.E0,6.556146651024E-1,-3.93E0));
#10699=DIRECTION('',(-1.E0,0.E0,0.E0));
#10700=DIRECTION('',(0.E0,0.E0,1.E0));
#10701=AXIS2_PLACEMENT_3D('',#10698,#10699,#10700);
#10702=CYLINDRICAL_SURFACE('',#10701,1.019E0);
#10703=ORIENTED_EDGE('',*,*,#10515,.T.);
#10704=ORIENTED_EDGE('',*,*,#10676,.T.);
#10705=ORIENTED_EDGE('',*,*,#10692,.F.);
#10706=ORIENTED_EDGE('',*,*,#10647,.F.);
#10707=EDGE_LOOP('',(#10703,#10704,#10705,#10706));
#10708=FACE_OUTER_BOUND('',#10707,.F.);
#10710=CARTESIAN_POINT('',(-3.E0,6.556146651024E-1,-3.93E0));
#10711=DIRECTION('',(-1.E0,0.E0,0.E0));
#10712=DIRECTION('',(0.E0,0.E0,1.E0));
#10713=AXIS2_PLACEMENT_3D('',#10710,#10711,#10712);
#10714=CYLINDRICAL_SURFACE('',#10713,1.27E0);
#10715=ORIENTED_EDGE('',*,*,#10511,.F.);
#10716=ORIENTED_EDGE('',*,*,#10644,.F.);
#10717=ORIENTED_EDGE('',*,*,#10662,.T.);
#10718=ORIENTED_EDGE('',*,*,#10679,.T.);
#10719=EDGE_LOOP('',(#10715,#10716,#10717,#10718));
#10720=FACE_OUTER_BOUND('',#10719,.F.);
#10722=CARTESIAN_POINT('',(-5.E-1,3.625E0,0.E0));
#10723=DIRECTION('',(-1.E0,0.E0,0.E0));
#10724=DIRECTION('',(0.E0,0.E0,1.E0));
#10725=AXIS2_PLACEMENT_3D('',#10722,#10723,#10724);
#10726=PLANE('',#10725);
#10727=ORIENTED_EDGE('',*,*,#10519,.F.);
#10729=ORIENTED_EDGE('',*,*,#10728,.T.);
#10731=ORIENTED_EDGE('',*,*,#10730,.T.);
#10732=ORIENTED_EDGE('',*,*,#10529,.F.);
#10734=ORIENTED_EDGE('',*,*,#10733,.T.);
#10736=ORIENTED_EDGE('',*,*,#10735,.T.);
#10737=EDGE_LOOP('',(#10727,#10729,#10731,#10732,#10734,#10736));
#10738=FACE_OUTER_BOUND('',#10737,.F.);
#10740=CARTESIAN_POINT('',(-5.E-1,3.8E-2,-6.253659052624E0));
#10741=DIRECTION('',(0.E0,-9.563047559630E-1,-2.923717047227E-1));
#10742=DIRECTION('',(0.E0,-2.923717047227E-1,9.563047559630E-1));
#10743=AXIS2_PLACEMENT_3D('',#10740,#10741,#10742);
#10744=PLANE('',#10743);
#10745=ORIENTED_EDGE('',*,*,#10525,.T.);
#10747=ORIENTED_EDGE('',*,*,#10746,.T.);
#10749=ORIENTED_EDGE('',*,*,#10748,.F.);
#10750=ORIENTED_EDGE('',*,*,#10728,.F.);
#10751=EDGE_LOOP('',(#10745,#10747,#10749,#10750));
#10752=FACE_OUTER_BOUND('',#10751,.F.);
#10754=CARTESIAN_POINT('',(-1.5E0,3.625E0,0.E0));
#10755=DIRECTION('',(-1.E0,0.E0,0.E0));
#10756=DIRECTION('',(0.E0,0.E0,1.E0));
#10757=AXIS2_PLACEMENT_3D('',#10754,#10755,#10756);
#10758=PLANE('',#10757);
#10759=ORIENTED_EDGE('',*,*,#10523,.T.);
#10761=ORIENTED_EDGE('',*,*,#10760,.F.);
#10763=ORIENTED_EDGE('',*,*,#10762,.F.);
#10764=ORIENTED_EDGE('',*,*,#10533,.T.);
#10766=ORIENTED_EDGE('',*,*,#10765,.F.);
#10767=ORIENTED_EDGE('',*,*,#10746,.F.);
#10768=EDGE_LOOP('',(#10759,#10761,#10763,#10764,#10766,#10767));
#10769=FACE_OUTER_BOUND('',#10768,.F.);
#10771=CARTESIAN_POINT('',(-5.E-1,-3.188598812240E-1,-4.227926767112E0));
#10772=DIRECTION('',(0.E0,9.563047559630E-1,2.923717047227E-1));
#10773=DIRECTION('',(0.E0,2.923717047227E-1,-9.563047559630E-1));
#10774=AXIS2_PLACEMENT_3D('',#10771,#10772,#10773);
#10775=PLANE('',#10774);
#10776=ORIENTED_EDGE('',*,*,#10521,.F.);
#10777=ORIENTED_EDGE('',*,*,#10735,.F.);
#10779=ORIENTED_EDGE('',*,*,#10778,.T.);
#10780=ORIENTED_EDGE('',*,*,#10760,.T.);
#10781=EDGE_LOOP('',(#10776,#10777,#10779,#10780));
#10782=FACE_OUTER_BOUND('',#10781,.F.);
#10784=CARTESIAN_POINT('',(-5.E-1,6.556146651024E-1,-3.93E0));
#10785=DIRECTION('',(-1.E0,0.E0,0.E0));
#10786=DIRECTION('',(0.E0,0.E0,1.E0));
#10787=AXIS2_PLACEMENT_3D('',#10784,#10785,#10786);
#10788=CYLINDRICAL_SURFACE('',#10787,1.019E0);
#10789=ORIENTED_EDGE('',*,*,#10535,.T.);
#10790=ORIENTED_EDGE('',*,*,#10762,.T.);
#10791=ORIENTED_EDGE('',*,*,#10778,.F.);
#10792=ORIENTED_EDGE('',*,*,#10733,.F.);
#10793=EDGE_LOOP('',(#10789,#10790,#10791,#10792));
#10794=FACE_OUTER_BOUND('',#10793,.F.);
#10796=CARTESIAN_POINT('',(-5.E-1,6.556146651024E-1,-3.93E0));
#10797=DIRECTION('',(-1.E0,0.E0,0.E0));
#10798=DIRECTION('',(0.E0,0.E0,1.E0));
#10799=AXIS2_PLACEMENT_3D('',#10796,#10797,#10798);
#10800=CYLINDRICAL_SURFACE('',#10799,1.27E0);
#10801=ORIENTED_EDGE('',*,*,#10531,.F.);
#10802=ORIENTED_EDGE('',*,*,#10730,.F.);
#10803=ORIENTED_EDGE('',*,*,#10748,.T.);
#10804=ORIENTED_EDGE('',*,*,#10765,.T.);
#10805=EDGE_LOOP('',(#10801,#10802,#10803,#10804));
#10806=FACE_OUTER_BOUND('',#10805,.F.);
#10808=CARTESIAN_POINT('',(1.5E0,3.625E0,0.E0));
#10809=DIRECTION('',(-1.E0,0.E0,0.E0));
#10810=DIRECTION('',(0.E0,0.E0,1.E0));
#10811=AXIS2_PLACEMENT_3D('',#10808,#10809,#10810);
#10812=PLANE('',#10811);
#10813=ORIENTED_EDGE('',*,*,#10539,.F.);
#10815=ORIENTED_EDGE('',*,*,#10814,.T.);
#10817=ORIENTED_EDGE('',*,*,#10816,.T.);
#10818=ORIENTED_EDGE('',*,*,#10549,.F.);
#10820=ORIENTED_EDGE('',*,*,#10819,.T.);
#10822=ORIENTED_EDGE('',*,*,#10821,.T.);
#10823=EDGE_LOOP('',(#10813,#10815,#10817,#10818,#10820,#10822));
#10824=FACE_OUTER_BOUND('',#10823,.F.);
#10826=CARTESIAN_POINT('',(1.5E0,3.8E-2,-6.253659052624E0));
#10827=DIRECTION('',(0.E0,-9.563047559630E-1,-2.923717047227E-1));
#10828=DIRECTION('',(0.E0,-2.923717047227E-1,9.563047559630E-1));
#10829=AXIS2_PLACEMENT_3D('',#10826,#10827,#10828);
#10830=PLANE('',#10829);
#10831=ORIENTED_EDGE('',*,*,#10545,.T.);
#10833=ORIENTED_EDGE('',*,*,#10832,.T.);
#10835=ORIENTED_EDGE('',*,*,#10834,.F.);
#10836=ORIENTED_EDGE('',*,*,#10814,.F.);
#10837=EDGE_LOOP('',(#10831,#10833,#10835,#10836));
#10838=FACE_OUTER_BOUND('',#10837,.F.);
#10840=CARTESIAN_POINT('',(5.E-1,3.625E0,0.E0));
#10841=DIRECTION('',(-1.E0,0.E0,0.E0));
#10842=DIRECTION('',(0.E0,0.E0,1.E0));
#10843=AXIS2_PLACEMENT_3D('',#10840,#10841,#10842);
#10844=PLANE('',#10843);
#10845=ORIENTED_EDGE('',*,*,#10543,.T.);
#10847=ORIENTED_EDGE('',*,*,#10846,.F.);
#10849=ORIENTED_EDGE('',*,*,#10848,.F.);
#10850=ORIENTED_EDGE('',*,*,#10553,.T.);
#10852=ORIENTED_EDGE('',*,*,#10851,.F.);
#10853=ORIENTED_EDGE('',*,*,#10832,.F.);
#10854=EDGE_LOOP('',(#10845,#10847,#10849,#10850,#10852,#10853));
#10855=FACE_OUTER_BOUND('',#10854,.F.);
#10857=CARTESIAN_POINT('',(1.5E0,-3.188598812240E-1,-4.227926767112E0));
#10858=DIRECTION('',(0.E0,9.563047559630E-1,2.923717047227E-1));
#10859=DIRECTION('',(0.E0,2.923717047227E-1,-9.563047559630E-1));
#10860=AXIS2_PLACEMENT_3D('',#10857,#10858,#10859);
#10861=PLANE('',#10860);
#10862=ORIENTED_EDGE('',*,*,#10541,.F.);
#10863=ORIENTED_EDGE('',*,*,#10821,.F.);
#10865=ORIENTED_EDGE('',*,*,#10864,.T.);
#10866=ORIENTED_EDGE('',*,*,#10846,.T.);
#10867=EDGE_LOOP('',(#10862,#10863,#10865,#10866));
#10868=FACE_OUTER_BOUND('',#10867,.F.);
#10870=CARTESIAN_POINT('',(1.5E0,6.556146651024E-1,-3.93E0));
#10871=DIRECTION('',(-1.E0,0.E0,0.E0));
#10872=DIRECTION('',(0.E0,0.E0,1.E0));
#10873=AXIS2_PLACEMENT_3D('',#10870,#10871,#10872);
#10874=CYLINDRICAL_SURFACE('',#10873,1.019E0);
#10875=ORIENTED_EDGE('',*,*,#10555,.T.);
#10876=ORIENTED_EDGE('',*,*,#10848,.T.);
#10877=ORIENTED_EDGE('',*,*,#10864,.F.);
#10878=ORIENTED_EDGE('',*,*,#10819,.F.);
#10879=EDGE_LOOP('',(#10875,#10876,#10877,#10878));
#10880=FACE_OUTER_BOUND('',#10879,.F.);
#10882=CARTESIAN_POINT('',(1.5E0,6.556146651024E-1,-3.93E0));
#10883=DIRECTION('',(-1.E0,0.E0,0.E0));
#10884=DIRECTION('',(0.E0,0.E0,1.E0));
#10885=AXIS2_PLACEMENT_3D('',#10882,#10883,#10884);
#10886=CYLINDRICAL_SURFACE('',#10885,1.27E0);
#10887=ORIENTED_EDGE('',*,*,#10551,.F.);
#10888=ORIENTED_EDGE('',*,*,#10816,.F.);
#10889=ORIENTED_EDGE('',*,*,#10834,.T.);
#10890=ORIENTED_EDGE('',*,*,#10851,.T.);
#10891=EDGE_LOOP('',(#10887,#10888,#10889,#10890));
#10892=FACE_OUTER_BOUND('',#10891,.F.);
#10894=CARTESIAN_POINT('',(4.E0,3.625E0,0.E0));
#10895=DIRECTION('',(-1.E0,0.E0,0.E0));
#10896=DIRECTION('',(0.E0,0.E0,1.E0));
#10897=AXIS2_PLACEMENT_3D('',#10894,#10895,#10896);
#10898=PLANE('',#10897);
#10899=ORIENTED_EDGE('',*,*,#10559,.F.);
#10901=ORIENTED_EDGE('',*,*,#10900,.T.);
#10903=ORIENTED_EDGE('',*,*,#10902,.T.);
#10904=ORIENTED_EDGE('',*,*,#10569,.F.);
#10906=ORIENTED_EDGE('',*,*,#10905,.T.);
#10908=ORIENTED_EDGE('',*,*,#10907,.T.);
#10909=EDGE_LOOP('',(#10899,#10901,#10903,#10904,#10906,#10908));
#10910=FACE_OUTER_BOUND('',#10909,.F.);
#10912=CARTESIAN_POINT('',(4.E0,3.8E-2,-6.253659052624E0));
#10913=DIRECTION('',(0.E0,-9.563047559630E-1,-2.923717047227E-1));
#10914=DIRECTION('',(0.E0,-2.923717047227E-1,9.563047559630E-1));
#10915=AXIS2_PLACEMENT_3D('',#10912,#10913,#10914);
#10916=PLANE('',#10915);
#10917=ORIENTED_EDGE('',*,*,#10565,.T.);
#10919=ORIENTED_EDGE('',*,*,#10918,.T.);
#10921=ORIENTED_EDGE('',*,*,#10920,.F.);
#10922=ORIENTED_EDGE('',*,*,#10900,.F.);
#10923=EDGE_LOOP('',(#10917,#10919,#10921,#10922));
#10924=FACE_OUTER_BOUND('',#10923,.F.);
#10926=CARTESIAN_POINT('',(3.E0,3.625E0,0.E0));
#10927=DIRECTION('',(-1.E0,0.E0,0.E0));
#10928=DIRECTION('',(0.E0,0.E0,1.E0));
#10929=AXIS2_PLACEMENT_3D('',#10926,#10927,#10928);
#10930=PLANE('',#10929);
#10931=ORIENTED_EDGE('',*,*,#10563,.T.);
#10933=ORIENTED_EDGE('',*,*,#10932,.F.);
#10935=ORIENTED_EDGE('',*,*,#10934,.F.);
#10936=ORIENTED_EDGE('',*,*,#10573,.T.);
#10938=ORIENTED_EDGE('',*,*,#10937,.F.);
#10939=ORIENTED_EDGE('',*,*,#10918,.F.);
#10940=EDGE_LOOP('',(#10931,#10933,#10935,#10936,#10938,#10939));
#10941=FACE_OUTER_BOUND('',#10940,.F.);
#10943=CARTESIAN_POINT('',(4.E0,-3.188598812240E-1,-4.227926767112E0));
#10944=DIRECTION('',(0.E0,9.563047559630E-1,2.923717047227E-1));
#10945=DIRECTION('',(0.E0,2.923717047227E-1,-9.563047559630E-1));
#10946=AXIS2_PLACEMENT_3D('',#10943,#10944,#10945);
#10947=PLANE('',#10946);
#10948=ORIENTED_EDGE('',*,*,#10561,.F.);
#10949=ORIENTED_EDGE('',*,*,#10907,.F.);
#10951=ORIENTED_EDGE('',*,*,#10950,.T.);
#10952=ORIENTED_EDGE('',*,*,#10932,.T.);
#10953=EDGE_LOOP('',(#10948,#10949,#10951,#10952));
#10954=FACE_OUTER_BOUND('',#10953,.F.);
#10956=CARTESIAN_POINT('',(4.E0,6.556146651024E-1,-3.93E0));
#10957=DIRECTION('',(-1.E0,0.E0,0.E0));
#10958=DIRECTION('',(0.E0,0.E0,1.E0));
#10959=AXIS2_PLACEMENT_3D('',#10956,#10957,#10958);
#10960=CYLINDRICAL_SURFACE('',#10959,1.019E0);
#10961=ORIENTED_EDGE('',*,*,#10575,.T.);
#10962=ORIENTED_EDGE('',*,*,#10934,.T.);
#10963=ORIENTED_EDGE('',*,*,#10950,.F.);
#10964=ORIENTED_EDGE('',*,*,#10905,.F.);
#10965=EDGE_LOOP('',(#10961,#10962,#10963,#10964));
#10966=FACE_OUTER_BOUND('',#10965,.F.);
#10968=CARTESIAN_POINT('',(4.E0,6.556146651024E-1,-3.93E0));
#10969=DIRECTION('',(-1.E0,0.E0,0.E0));
#10970=DIRECTION('',(0.E0,0.E0,1.E0));
#10971=AXIS2_PLACEMENT_3D('',#10968,#10969,#10970);
#10972=CYLINDRICAL_SURFACE('',#10971,1.27E0);
#10973=ORIENTED_EDGE('',*,*,#10571,.F.);
#10974=ORIENTED_EDGE('',*,*,#10902,.F.);
#10975=ORIENTED_EDGE('',*,*,#10920,.T.);
#10976=ORIENTED_EDGE('',*,*,#10937,.T.);
#10977=EDGE_LOOP('',(#10973,#10974,#10975,#10976));
#10978=FACE_OUTER_BOUND('',#10977,.F.);
#10980=CARTESIAN_POINT('',(-3.4325E0,-1.7E0,-8.88E0));
#10981=DIRECTION('',(1.E0,0.E0,0.E0));
#10982=DIRECTION('',(0.E0,1.E0,0.E0));
#10983=AXIS2_PLACEMENT_3D('',#10980,#10981,#10982);
#10984=PLANE('',#10983);
#10985=ORIENTED_EDGE('',*,*,#9670,.F.);
#10987=ORIENTED_EDGE('',*,*,#10986,.T.);
#10989=ORIENTED_EDGE('',*,*,#10988,.T.);
#10991=ORIENTED_EDGE('',*,*,#10990,.F.);
#10992=EDGE_LOOP('',(#10985,#10987,#10989,#10991));
#10993=FACE_OUTER_BOUND('',#10992,.F.);
#10995=CARTESIAN_POINT('',(-3.51625E0,-1.7E0,-8.88E0));
#10996=DIRECTION('',(0.E0,-1.E0,0.E0));
#10997=DIRECTION('',(1.E0,0.E0,0.E0));
#10998=AXIS2_PLACEMENT_3D('',#10995,#10996,#10997);
#10999=PLANE('',#10998);
#11000=ORIENTED_EDGE('',*,*,#9682,.F.);
#11002=ORIENTED_EDGE('',*,*,#11001,.T.);
#11004=ORIENTED_EDGE('',*,*,#11003,.T.);
#11005=ORIENTED_EDGE('',*,*,#10986,.F.);
#11006=EDGE_LOOP('',(#11000,#11002,#11004,#11005));
#11007=FACE_OUTER_BOUND('',#11006,.F.);
#11009=CARTESIAN_POINT('',(-3.51625E0,-1.144042539597E0,-8.88E0));
#11010=DIRECTION('',(-1.E0,0.E0,0.E0));
#11011=DIRECTION('',(0.E0,-1.E0,0.E0));
#11012=AXIS2_PLACEMENT_3D('',#11009,#11010,#11011);
#11013=PLANE('',#11012);
#11014=ORIENTED_EDGE('',*,*,#9680,.F.);
#11016=ORIENTED_EDGE('',*,*,#11015,.T.);
#11018=ORIENTED_EDGE('',*,*,#11017,.T.);
#11019=ORIENTED_EDGE('',*,*,#11001,.F.);
#11020=EDGE_LOOP('',(#11014,#11016,#11018,#11019));
#11021=FACE_OUTER_BOUND('',#11020,.F.);
#11023=CARTESIAN_POINT('',(-3.6E0,-1.243829801679E0,-8.88E0));
#11024=DIRECTION('',(7.659743427825E-1,-6.428711427642E-1,0.E0));
#11025=DIRECTION('',(6.428711427642E-1,7.659743427825E-1,0.E0));
#11026=AXIS2_PLACEMENT_3D('',#11023,#11024,#11025);
#11027=PLANE('',#11026);
#11028=ORIENTED_EDGE('',*,*,#9678,.F.);
#11030=ORIENTED_EDGE('',*,*,#11029,.T.);
#11032=ORIENTED_EDGE('',*,*,#11031,.T.);
#11033=ORIENTED_EDGE('',*,*,#11015,.F.);
#11034=EDGE_LOOP('',(#11028,#11030,#11032,#11033));
#11035=FACE_OUTER_BOUND('',#11034,.F.);
#11037=CARTESIAN_POINT('',(-3.6E0,-1.129787222147E0,-8.88E0));
#11038=DIRECTION('',(-1.E0,0.E0,0.E0));
#11039=DIRECTION('',(0.E0,-1.E0,0.E0));
#11040=AXIS2_PLACEMENT_3D('',#11037,#11038,#11039);
#11041=PLANE('',#11040);
#11042=ORIENTED_EDGE('',*,*,#9676,.F.);
#11044=ORIENTED_EDGE('',*,*,#11043,.T.);
#11046=ORIENTED_EDGE('',*,*,#11045,.T.);
#11047=ORIENTED_EDGE('',*,*,#11029,.F.);
#11048=EDGE_LOOP('',(#11042,#11044,#11046,#11047));
#11049=FACE_OUTER_BOUND('',#11048,.F.);
#11051=CARTESIAN_POINT('',(-3.51625E0,-1.03E0,-8.88E0));
#11052=DIRECTION('',(-7.659742160926E-1,6.428712937139E-1,0.E0));
#11053=DIRECTION('',(-6.428712937139E-1,-7.659742160926E-1,0.E0));
#11054=AXIS2_PLACEMENT_3D('',#11051,#11052,#11053);
#11055=PLANE('',#11054);
#11056=ORIENTED_EDGE('',*,*,#9674,.F.);
#11058=ORIENTED_EDGE('',*,*,#11057,.T.);
#11060=ORIENTED_EDGE('',*,*,#11059,.T.);
#11061=ORIENTED_EDGE('',*,*,#11043,.F.);
#11062=EDGE_LOOP('',(#11056,#11058,#11060,#11061));
#11063=FACE_OUTER_BOUND('',#11062,.F.);
#11065=CARTESIAN_POINT('',(-3.4325E0,-1.03E0,-8.88E0));
#11066=DIRECTION('',(0.E0,1.E0,0.E0));
#11067=DIRECTION('',(-1.E0,0.E0,0.E0));
#11068=AXIS2_PLACEMENT_3D('',#11065,#11066,#11067);
#11069=PLANE('',#11068);
#11070=ORIENTED_EDGE('',*,*,#9672,.F.);
#11071=ORIENTED_EDGE('',*,*,#10990,.T.);
#11073=ORIENTED_EDGE('',*,*,#11072,.T.);
#11074=ORIENTED_EDGE('',*,*,#11057,.F.);
#11075=EDGE_LOOP('',(#11070,#11071,#11073,#11074));
#11076=FACE_OUTER_BOUND('',#11075,.F.);
#11078=CARTESIAN_POINT('',(-6.565E0,0.E0,-9.045E0));
#11079=DIRECTION('',(0.E0,0.E0,1.E0));
#11080=DIRECTION('',(1.E0,0.E0,0.E0));
#11081=AXIS2_PLACEMENT_3D('',#11078,#11079,#11080);
#11082=PLANE('',#11081);
#11083=ORIENTED_EDGE('',*,*,#10988,.F.);
#11084=ORIENTED_EDGE('',*,*,#11003,.F.);
#11085=ORIENTED_EDGE('',*,*,#11017,.F.);
#11086=ORIENTED_EDGE('',*,*,#11031,.F.);
#11087=ORIENTED_EDGE('',*,*,#11045,.F.);
#11088=ORIENTED_EDGE('',*,*,#11059,.F.);
#11089=ORIENTED_EDGE('',*,*,#11072,.F.);
#11090=EDGE_LOOP('',(#11083,#11084,#11085,#11086,#11087,#11088,#11089));
#11091=FACE_OUTER_BOUND('',#11090,.F.);
#11093=CARTESIAN_POINT('',(0.E0,-3.65E0,0.E0));
#11094=DIRECTION('',(0.E0,-1.E0,0.E0));
#11095=DIRECTION('',(1.E0,0.E0,0.E0));
#11096=AXIS2_PLACEMENT_3D('',#11093,#11094,#11095);
#11097=PLANE('',#11096);
#11098=ORIENTED_EDGE('',*,*,#8627,.F.);
#11100=ORIENTED_EDGE('',*,*,#11099,.F.);
#11102=ORIENTED_EDGE('',*,*,#11101,.F.);
#11104=ORIENTED_EDGE('',*,*,#11103,.T.);
#11105=EDGE_LOOP('',(#11098,#11100,#11102,#11104));
#11106=FACE_OUTER_BOUND('',#11105,.F.);
#11108=CARTESIAN_POINT('',(0.E0,-3.65E0,0.E0));
#11109=DIRECTION('',(0.E0,-1.E0,0.E0));
#11110=DIRECTION('',(1.E0,0.E0,0.E0));
#11111=AXIS2_PLACEMENT_3D('',#11108,#11109,#11110);
#11112=PLANE('',#11111);
#11114=ORIENTED_EDGE('',*,*,#11113,.F.);
#11116=ORIENTED_EDGE('',*,*,#11115,.F.);
#11117=ORIENTED_EDGE('',*,*,#8343,.F.);
#11119=ORIENTED_EDGE('',*,*,#11118,.T.);
#11120=EDGE_LOOP('',(#11114,#11116,#11117,#11119));
#11121=FACE_OUTER_BOUND('',#11120,.F.);
#11123=CARTESIAN_POINT('',(-6.565E0,-2.878E0,-1.4E1));
#11124=DIRECTION('',(0.E0,0.E0,-1.E0));
#11125=DIRECTION('',(0.E0,1.E0,0.E0));
#11126=AXIS2_PLACEMENT_3D('',#11123,#11124,#11125);
#11127=PLANE('',#11126);
#11129=ORIENTED_EDGE('',*,*,#11128,.F.);
#11130=ORIENTED_EDGE('',*,*,#8345,.F.);
#11131=ORIENTED_EDGE('',*,*,#11115,.T.);
#11133=ORIENTED_EDGE('',*,*,#11132,.F.);
#11135=ORIENTED_EDGE('',*,*,#11134,.F.);
#11137=ORIENTED_EDGE('',*,*,#11136,.F.);
#11139=ORIENTED_EDGE('',*,*,#11138,.T.);
#11141=ORIENTED_EDGE('',*,*,#11140,.T.);
#11143=ORIENTED_EDGE('',*,*,#11142,.T.);
#11145=ORIENTED_EDGE('',*,*,#11144,.F.);
#11147=ORIENTED_EDGE('',*,*,#11146,.T.);
#11149=ORIENTED_EDGE('',*,*,#11148,.T.);
#11151=ORIENTED_EDGE('',*,*,#11150,.T.);
#11153=ORIENTED_EDGE('',*,*,#11152,.F.);
#11155=ORIENTED_EDGE('',*,*,#11154,.T.);
#11157=ORIENTED_EDGE('',*,*,#11156,.F.);
#11159=ORIENTED_EDGE('',*,*,#11158,.F.);
#11161=ORIENTED_EDGE('',*,*,#11160,.F.);
#11162=ORIENTED_EDGE('',*,*,#11099,.T.);
#11163=ORIENTED_EDGE('',*,*,#8641,.T.);
#11165=ORIENTED_EDGE('',*,*,#11164,.F.);
#11166=ORIENTED_EDGE('',*,*,#6765,.F.);
#11167=EDGE_LOOP('',(#11129,#11130,#11131,#11133,#11135,#11137,#11139,#11141,
#11143,#11145,#11147,#11149,#11151,#11153,#11155,#11157,#11159,#11161,#11162,
#11163,#11165,#11166));
#11168=FACE_OUTER_BOUND('',#11167,.F.);
#11170=CARTESIAN_POINT('',(-5.927E0,2.24E0,-6.165056333941E-1));
#11171=DIRECTION('',(0.E0,0.E0,-1.E0));
#11172=DIRECTION('',(-1.E0,0.E0,0.E0));
#11173=AXIS2_PLACEMENT_3D('',#11170,#11171,#11172);
#11174=CYLINDRICAL_SURFACE('',#11173,6.38E-1);
#11175=ORIENTED_EDGE('',*,*,#11128,.T.);
#11176=ORIENTED_EDGE('',*,*,#6763,.F.);
#11177=ORIENTED_EDGE('',*,*,#8298,.T.);
#11178=ORIENTED_EDGE('',*,*,#8347,.T.);
#11179=EDGE_LOOP('',(#11175,#11176,#11177,#11178));
#11180=FACE_OUTER_BOUND('',#11179,.F.);
#11182=CARTESIAN_POINT('',(-6.247E0,-2.878E0,-1.4E1));
#11183=DIRECTION('',(1.E0,0.E0,0.E0));
#11184=DIRECTION('',(0.E0,0.E0,1.E0));
#11185=AXIS2_PLACEMENT_3D('',#11182,#11183,#11184);
#11186=PLANE('',#11185);
#11187=ORIENTED_EDGE('',*,*,#11113,.T.);
#11189=ORIENTED_EDGE('',*,*,#11188,.T.);
#11191=ORIENTED_EDGE('',*,*,#11190,.F.);
#11193=ORIENTED_EDGE('',*,*,#11192,.F.);
#11194=ORIENTED_EDGE('',*,*,#11132,.T.);
#11195=EDGE_LOOP('',(#11187,#11189,#11191,#11193,#11194));
#11196=FACE_OUTER_BOUND('',#11195,.F.);
#11198=CARTESIAN_POINT('',(-7.317509952116E0,-3.65E0,-9.26E0));
#11199=DIRECTION('',(0.E0,0.E0,1.E0));
#11200=DIRECTION('',(1.E0,0.E0,0.E0));
#11201=AXIS2_PLACEMENT_3D('',#11198,#11199,#11200);
#11202=CYLINDRICAL_SURFACE('',#11201,1.070509952116E0);
#11204=ORIENTED_EDGE('',*,*,#11203,.F.);
#11206=ORIENTED_EDGE('',*,*,#11205,.T.);
#11208=ORIENTED_EDGE('',*,*,#11207,.T.);
#11209=ORIENTED_EDGE('',*,*,#11188,.F.);
#11210=EDGE_LOOP('',(#11204,#11206,#11208,#11209));
#11211=FACE_OUTER_BOUND('',#11210,.F.);
#11213=CARTESIAN_POINT('',(-6.15E0,-7.742E0,-1.075724865743E1));
#11214=DIRECTION('',(0.E0,1.314856345777E-1,9.913180760481E-1));
#11215=DIRECTION('',(0.E0,9.913180760481E-1,-1.314856345777E-1));
#11216=AXIS2_PLACEMENT_3D('',#11213,#11214,#11215);
#11217=PLANE('',#11216);
#11219=ORIENTED_EDGE('',*,*,#11218,.F.);
#11221=ORIENTED_EDGE('',*,*,#11220,.T.);
#11223=ORIENTED_EDGE('',*,*,#11222,.F.);
#11225=ORIENTED_EDGE('',*,*,#11224,.T.);
#11226=ORIENTED_EDGE('',*,*,#11203,.T.);
#11227=ORIENTED_EDGE('',*,*,#11118,.F.);
#11229=ORIENTED_EDGE('',*,*,#11228,.F.);
#11231=ORIENTED_EDGE('',*,*,#11230,.T.);
#11233=ORIENTED_EDGE('',*,*,#11232,.T.);
#11235=ORIENTED_EDGE('',*,*,#11234,.T.);
#11236=EDGE_LOOP('',(#11219,#11221,#11223,#11225,#11226,#11227,#11229,#11231,
#11233,#11235));
#11237=FACE_OUTER_BOUND('',#11236,.F.);
#11239=CARTESIAN_POINT('',(-6.717765876364E0,-7.127681718552E0,
-1.083774437571E1));
#11240=CARTESIAN_POINT('',(-6.801923894768E0,-7.222827157304E0,
-1.082514681720E1));
#11241=CARTESIAN_POINT('',(-6.886081913171E0,-7.317972596056E0,
-1.081254925870E1));
#11242=CARTESIAN_POINT('',(-6.970239931575E0,-7.413118034809E0,
-1.079995170019E1));
#11243=CARTESIAN_POINT('',(-5.924960569914E0,-7.825012701396E0,
-1.080813060155E1));
#11244=CARTESIAN_POINT('',(-6.027025377999E0,-7.904407792431E0,
-1.079620191802E1));
#11245=CARTESIAN_POINT('',(-6.129090186085E0,-7.983802883467E0,
-1.078427323448E1));
#11246=CARTESIAN_POINT('',(-6.231154994170E0,-8.063197974502E0,
-1.077234455094E1));
#11247=CARTESIAN_POINT('',(-5.924960569914E0,-7.825012701396E0,
-9.751869398446E0));
#11248=CARTESIAN_POINT('',(-6.027025377999E0,-7.904407792431E0,
-9.763798081983E0));
#11249=CARTESIAN_POINT('',(-6.129090186085E0,-7.983802883467E0,
-9.775726765519E0));
#11250=CARTESIAN_POINT('',(-6.231154994170E0,-8.063197974502E0,
-9.787655449055E0));
#11251=CARTESIAN_POINT('',(-6.717765876364E0,-7.127681718552E0,
-9.722255624290E0));
#11252=CARTESIAN_POINT('',(-6.801923894768E0,-7.222827157304E0,
-9.734853182796E0));
#11253=CARTESIAN_POINT('',(-6.886081913171E0,-7.317972596056E0,
-9.747450741303E0));
#11254=CARTESIAN_POINT('',(-6.970239931575E0,-7.413118034809E0,
-9.760048299809E0));
#11255=(BOUNDED_SURFACE()B_SPLINE_SURFACE(3,3,((#11239,#11240,#11241,#11242),(
#11243,#11244,#11245,#11246),(#11247,#11248,#11249,#11250),(#11251,#11252,
#11253,#11254)),.UNSPECIFIED.,.F.,.F.,.F.)B_SPLINE_SURFACE_WITH_KNOTS((4,4),(4,
4),(0.E0,1.E0),(4.565549391734E-1,7.138120118977E-1),.UNSPECIFIED.)GEOMETRIC_REPRESENTATION_ITEM()RATIONAL_B_SPLINE_SURFACE(((1.945456383513E0,1.945456383513E0,
1.945456383513E0,1.945456383513E0),(6.848478721622E-1,6.848478721622E-1,
6.848478721622E-1,6.848478721622E-1),(6.848478721622E-1,6.848478721622E-1,
6.848478721622E-1,6.848478721622E-1),(1.945456383513E0,1.945456383513E0,
1.945456383513E0,1.945456383513E0)))REPRESENTATION_ITEM('')SURFACE());
#11257=ORIENTED_EDGE('',*,*,#11256,.T.);
#11259=ORIENTED_EDGE('',*,*,#11258,.F.);
#11261=ORIENTED_EDGE('',*,*,#11260,.T.);
#11262=ORIENTED_EDGE('',*,*,#11218,.T.);
#11263=EDGE_LOOP('',(#11257,#11259,#11261,#11262));
#11264=FACE_OUTER_BOUND('',#11263,.F.);
#11266=CARTESIAN_POINT('',(-8.001482091696E0,-6.223259294827E0,-9.26E0));
#11267=DIRECTION('',(-7.313537016192E-1,-6.819983600625E-1,0.E0));
#11268=DIRECTION('',(6.819983600625E-1,-7.313537016192E-1,0.E0));
#11269=AXIS2_PLACEMENT_3D('',#11266,#11267,#11268);
#11270=PLANE('',#11269);
#11271=ORIENTED_EDGE('',*,*,#11256,.F.);
#11272=ORIENTED_EDGE('',*,*,#11234,.F.);
#11274=ORIENTED_EDGE('',*,*,#11273,.T.);
#11276=ORIENTED_EDGE('',*,*,#11275,.T.);
#11277=EDGE_LOOP('',(#11271,#11272,#11274,#11276));
#11278=FACE_OUTER_BOUND('',#11277,.F.);
#11280=CARTESIAN_POINT('',(-7.687E0,-5.93E0,-9.26E0));
#11281=DIRECTION('',(0.E0,0.E0,1.E0));
#11282=DIRECTION('',(1.E0,0.E0,0.E0));
#11283=AXIS2_PLACEMENT_3D('',#11280,#11281,#11282);
#11284=CYLINDRICAL_SURFACE('',#11283,4.3E-1);
#11285=ORIENTED_EDGE('',*,*,#11232,.F.);
#11287=ORIENTED_EDGE('',*,*,#11286,.T.);
#11289=ORIENTED_EDGE('',*,*,#11288,.T.);
#11290=ORIENTED_EDGE('',*,*,#11273,.F.);
#11291=EDGE_LOOP('',(#11285,#11287,#11289,#11290));
#11292=FACE_OUTER_BOUND('',#11291,.F.);
#11294=CARTESIAN_POINT('',(-6.741053884906E0,-4.133704073386E0,-9.26E0));
#11295=DIRECTION('',(-7.660444431190E-1,6.427876096866E-1,0.E0));
#11296=DIRECTION('',(-6.427876096866E-1,-7.660444431190E-1,0.E0));
#11297=AXIS2_PLACEMENT_3D('',#11294,#11295,#11296);
#11298=PLANE('',#11297);
#11299=ORIENTED_EDGE('',*,*,#11230,.F.);
#11301=ORIENTED_EDGE('',*,*,#11300,.T.);
#11303=ORIENTED_EDGE('',*,*,#11302,.T.);
#11304=ORIENTED_EDGE('',*,*,#11286,.F.);
#11305=EDGE_LOOP('',(#11299,#11301,#11303,#11304));
#11306=FACE_OUTER_BOUND('',#11305,.F.);
#11308=CARTESIAN_POINT('',(-7.317509952116E0,-3.65E0,-9.26E0));
#11309=DIRECTION('',(0.E0,0.E0,1.E0));
#11310=DIRECTION('',(1.E0,0.E0,0.E0));
#11311=AXIS2_PLACEMENT_3D('',#11308,#11309,#11310);
#11312=CYLINDRICAL_SURFACE('',#11311,7.525099521162E-1);
#11313=ORIENTED_EDGE('',*,*,#11228,.T.);
#11314=ORIENTED_EDGE('',*,*,#8356,.T.);
#11316=ORIENTED_EDGE('',*,*,#11315,.F.);
#11317=ORIENTED_EDGE('',*,*,#11300,.F.);
#11318=EDGE_LOOP('',(#11313,#11314,#11316,#11317));
#11319=FACE_OUTER_BOUND('',#11318,.F.);
#11321=CARTESIAN_POINT('',(-6.15E0,-3.65E0,-9.26E0));
#11322=DIRECTION('',(0.E0,1.314856345777E-1,-9.913180760481E-1));
#11323=DIRECTION('',(0.E0,-9.913180760481E-1,-1.314856345777E-1));
#11324=AXIS2_PLACEMENT_3D('',#11321,#11322,#11323);
#11325=PLANE('',#11324);
#11326=ORIENTED_EDGE('',*,*,#11258,.T.);
#11327=ORIENTED_EDGE('',*,*,#11275,.F.);
#11328=ORIENTED_EDGE('',*,*,#11288,.F.);
#11329=ORIENTED_EDGE('',*,*,#11302,.F.);
#11330=ORIENTED_EDGE('',*,*,#11315,.T.);
#11332=ORIENTED_EDGE('',*,*,#11331,.T.);
#11333=ORIENTED_EDGE('',*,*,#11207,.F.);
#11335=ORIENTED_EDGE('',*,*,#11334,.F.);
#11337=ORIENTED_EDGE('',*,*,#11336,.T.);
#11339=ORIENTED_EDGE('',*,*,#11338,.F.);
#11340=EDGE_LOOP('',(#11326,#11327,#11328,#11329,#11330,#11332,#11333,#11335,
#11337,#11339));
#11341=FACE_OUTER_BOUND('',#11340,.F.);
#11343=CARTESIAN_POINT('',(6.565E0,-2.878E0,-9.26E0));
#11344=DIRECTION('',(0.E0,0.E0,1.E0));
#11345=DIRECTION('',(-1.E0,0.E0,0.E0));
#11346=AXIS2_PLACEMENT_3D('',#11343,#11344,#11345);
#11347=PLANE('',#11346);
#11349=ORIENTED_EDGE('',*,*,#11348,.T.);
#11351=ORIENTED_EDGE('',*,*,#11350,.F.);
#11353=ORIENTED_EDGE('',*,*,#11352,.F.);
#11354=ORIENTED_EDGE('',*,*,#8631,.T.);
#11355=EDGE_LOOP('',(#11349,#11351,#11353,#11354));
#11356=FACE_OUTER_BOUND('',#11355,.F.);
#11358=CARTESIAN_POINT('',(6.565E0,-2.878E0,-9.26E0));
#11359=DIRECTION('',(0.E0,0.E0,1.E0));
#11360=DIRECTION('',(-1.E0,0.E0,0.E0));
#11361=AXIS2_PLACEMENT_3D('',#11358,#11359,#11360);
#11362=PLANE('',#11361);
#11363=ORIENTED_EDGE('',*,*,#11331,.F.);
#11364=ORIENTED_EDGE('',*,*,#8354,.T.);
#11366=ORIENTED_EDGE('',*,*,#11365,.F.);
#11367=ORIENTED_EDGE('',*,*,#11190,.T.);
#11368=EDGE_LOOP('',(#11363,#11364,#11366,#11367));
#11369=FACE_OUTER_BOUND('',#11368,.F.);
#11371=CARTESIAN_POINT('',(6.15E0,-7.742E0,-9.802751342573E0));
#11372=DIRECTION('',(0.E0,1.314856345777E-1,-9.913180760481E-1));
#11373=DIRECTION('',(0.E0,9.913180760481E-1,1.314856345777E-1));
#11374=AXIS2_PLACEMENT_3D('',#11371,#11372,#11373);
#11375=PLANE('',#11374);
#11377=ORIENTED_EDGE('',*,*,#11376,.T.);
#11379=ORIENTED_EDGE('',*,*,#11378,.F.);
#11381=ORIENTED_EDGE('',*,*,#11380,.T.);
#11383=ORIENTED_EDGE('',*,*,#11382,.F.);
#11385=ORIENTED_EDGE('',*,*,#11384,.F.);
#11386=ORIENTED_EDGE('',*,*,#11348,.F.);
#11388=ORIENTED_EDGE('',*,*,#11387,.T.);
#11390=ORIENTED_EDGE('',*,*,#11389,.F.);
#11392=ORIENTED_EDGE('',*,*,#11391,.F.);
#11394=ORIENTED_EDGE('',*,*,#11393,.F.);
#11395=EDGE_LOOP('',(#11377,#11379,#11381,#11383,#11385,#11386,#11388,#11390,
#11392,#11394));
#11396=FACE_OUTER_BOUND('',#11395,.F.);
#11398=CARTESIAN_POINT('',(6.970239931575E0,-7.413118034809E0,
-1.079995170019E1));
#11399=CARTESIAN_POINT('',(6.886081913171E0,-7.317972596056E0,
-1.081254925870E1));
#11400=CARTESIAN_POINT('',(6.801923894768E0,-7.222827157304E0,
-1.082514681720E1));
#11401=CARTESIAN_POINT('',(6.717765876364E0,-7.127681718552E0,
-1.083774437571E1));
#11402=CARTESIAN_POINT('',(6.231154994170E0,-8.063197974502E0,
-1.077234455094E1));
#11403=CARTESIAN_POINT('',(6.129090186085E0,-7.983802883467E0,
-1.078427323448E1));
#11404=CARTESIAN_POINT('',(6.027025377999E0,-7.904407792431E0,
-1.079620191802E1));
#11405=CARTESIAN_POINT('',(5.924960569914E0,-7.825012701396E0,
-1.080813060155E1));
#11406=CARTESIAN_POINT('',(6.231154994170E0,-8.063197974502E0,
-9.787655449055E0));
#11407=CARTESIAN_POINT('',(6.129090186085E0,-7.983802883467E0,
-9.775726765519E0));
#11408=CARTESIAN_POINT('',(6.027025377999E0,-7.904407792431E0,
-9.763798081983E0));
#11409=CARTESIAN_POINT('',(5.924960569914E0,-7.825012701396E0,
-9.751869398446E0));
#11410=CARTESIAN_POINT('',(6.970239931575E0,-7.413118034809E0,
-9.760048299809E0));
#11411=CARTESIAN_POINT('',(6.886081913171E0,-7.317972596056E0,
-9.747450741303E0));
#11412=CARTESIAN_POINT('',(6.801923894768E0,-7.222827157304E0,
-9.734853182796E0));
#11413=CARTESIAN_POINT('',(6.717765876364E0,-7.127681718552E0,
-9.722255624290E0));
#11414=(BOUNDED_SURFACE()B_SPLINE_SURFACE(3,3,((#11398,#11399,#11400,#11401),(
#11402,#11403,#11404,#11405),(#11406,#11407,#11408,#11409),(#11410,#11411,
#11412,#11413)),.UNSPECIFIED.,.F.,.F.,.F.)B_SPLINE_SURFACE_WITH_KNOTS((4,4),(4,
4),(0.E0,1.E0),(2.857160222323E-1,5.431431909421E-1),.UNSPECIFIED.)GEOMETRIC_REPRESENTATION_ITEM()RATIONAL_B_SPLINE_SURFACE(((1.945456383513E0,1.945456383513E0,
1.945456383513E0,1.945456383513E0),(6.848478721622E-1,6.848478721622E-1,
6.848478721622E-1,6.848478721622E-1),(6.848478721622E-1,6.848478721622E-1,
6.848478721622E-1,6.848478721622E-1),(1.945456383513E0,1.945456383513E0,
1.945456383513E0,1.945456383513E0)))REPRESENTATION_ITEM('')SURFACE());
#11416=ORIENTED_EDGE('',*,*,#11415,.T.);
#11417=ORIENTED_EDGE('',*,*,#11376,.F.);
#11419=ORIENTED_EDGE('',*,*,#11418,.T.);
#11421=ORIENTED_EDGE('',*,*,#11420,.T.);
#11422=EDGE_LOOP('',(#11416,#11417,#11419,#11421));
#11423=FACE_OUTER_BOUND('',#11422,.F.);
#11425=CARTESIAN_POINT('',(7.768911614581E0,-6.006383816327E0,-9.26E0));
#11426=DIRECTION('',(-7.313537016192E-1,6.819983600625E-1,0.E0));
#11427=DIRECTION('',(-6.819983600625E-1,-7.313537016192E-1,0.E0));
#11428=AXIS2_PLACEMENT_3D('',#11425,#11426,#11427);
#11429=PLANE('',#11428);
#11430=ORIENTED_EDGE('',*,*,#11415,.F.);
#11432=ORIENTED_EDGE('',*,*,#11431,.F.);
#11434=ORIENTED_EDGE('',*,*,#11433,.T.);
#11435=ORIENTED_EDGE('',*,*,#11378,.T.);
#11436=EDGE_LOOP('',(#11430,#11432,#11434,#11435));
#11437=FACE_OUTER_BOUND('',#11436,.F.);
#11439=CARTESIAN_POINT('',(6.15E0,-3.65E0,-1.13E1));
#11440=DIRECTION('',(0.E0,1.314856345777E-1,9.913180760481E-1));
#11441=DIRECTION('',(0.E0,-9.913180760481E-1,1.314856345777E-1));
#11442=AXIS2_PLACEMENT_3D('',#11439,#11440,#11441);
#11443=PLANE('',#11442);
#11444=ORIENTED_EDGE('',*,*,#11420,.F.);
#11446=ORIENTED_EDGE('',*,*,#11445,.T.);
#11448=ORIENTED_EDGE('',*,*,#11447,.T.);
#11450=ORIENTED_EDGE('',*,*,#11449,.T.);
#11452=ORIENTED_EDGE('',*,*,#11451,.F.);
#11453=ORIENTED_EDGE('',*,*,#11103,.F.);
#11455=ORIENTED_EDGE('',*,*,#11454,.T.);
#11457=ORIENTED_EDGE('',*,*,#11456,.T.);
#11459=ORIENTED_EDGE('',*,*,#11458,.F.);
#11460=ORIENTED_EDGE('',*,*,#11431,.T.);
#11461=EDGE_LOOP('',(#11444,#11446,#11448,#11450,#11452,#11453,#11455,#11457,
#11459,#11460));
#11462=FACE_OUTER_BOUND('',#11461,.F.);
#11464=CARTESIAN_POINT('',(6.585233472191E0,-7.742E0,-9.26E0));
#11465=DIRECTION('',(7.313537016192E-1,-6.819983600625E-1,0.E0));
#11466=DIRECTION('',(6.819983600625E-1,7.313537016192E-1,0.E0));
#11467=AXIS2_PLACEMENT_3D('',#11464,#11465,#11466);
#11468=PLANE('',#11467);
#11469=ORIENTED_EDGE('',*,*,#11418,.F.);
#11470=ORIENTED_EDGE('',*,*,#11393,.T.);
#11472=ORIENTED_EDGE('',*,*,#11471,.F.);
#11473=ORIENTED_EDGE('',*,*,#11445,.F.);
#11474=EDGE_LOOP('',(#11469,#11470,#11472,#11473));
#11475=FACE_OUTER_BOUND('',#11474,.F.);
#11477=CARTESIAN_POINT('',(7.687E0,-5.93E0,-9.26E0));
#11478=DIRECTION('',(0.E0,0.E0,1.E0));
#11479=DIRECTION('',(1.E0,0.E0,0.E0));
#11480=AXIS2_PLACEMENT_3D('',#11477,#11478,#11479);
#11481=CYLINDRICAL_SURFACE('',#11480,4.3E-1);
#11482=ORIENTED_EDGE('',*,*,#11391,.T.);
#11484=ORIENTED_EDGE('',*,*,#11483,.F.);
#11485=ORIENTED_EDGE('',*,*,#11447,.F.);
#11486=ORIENTED_EDGE('',*,*,#11471,.T.);
#11487=EDGE_LOOP('',(#11482,#11484,#11485,#11486));
#11488=FACE_OUTER_BOUND('',#11487,.F.);
#11490=CARTESIAN_POINT('',(8.016399110541E0,-5.653601327835E0,-9.26E0));
#11491=DIRECTION('',(7.660444431190E-1,6.427876096866E-1,0.E0));
#11492=DIRECTION('',(-6.427876096866E-1,7.660444431190E-1,0.E0));
#11493=AXIS2_PLACEMENT_3D('',#11490,#11491,#11492);
#11494=PLANE('',#11493);
#11495=ORIENTED_EDGE('',*,*,#11389,.T.);
#11497=ORIENTED_EDGE('',*,*,#11496,.F.);
#11498=ORIENTED_EDGE('',*,*,#11449,.F.);
#11499=ORIENTED_EDGE('',*,*,#11483,.T.);
#11500=EDGE_LOOP('',(#11495,#11497,#11498,#11499));
#11501=FACE_OUTER_BOUND('',#11500,.F.);
#11503=CARTESIAN_POINT('',(7.317509952116E0,-3.65E0,-9.26E0));
#11504=DIRECTION('',(0.E0,0.E0,1.E0));
#11505=DIRECTION('',(1.E0,0.E0,0.E0));
#11506=AXIS2_PLACEMENT_3D('',#11503,#11504,#11505);
#11507=CYLINDRICAL_SURFACE('',#11506,7.525099521162E-1);
#11508=ORIENTED_EDGE('',*,*,#11387,.F.);
#11509=ORIENTED_EDGE('',*,*,#8629,.F.);
#11510=ORIENTED_EDGE('',*,*,#11451,.T.);
#11511=ORIENTED_EDGE('',*,*,#11496,.T.);
#11512=EDGE_LOOP('',(#11508,#11509,#11510,#11511));
#11513=FACE_OUTER_BOUND('',#11512,.F.);
#11515=CARTESIAN_POINT('',(7.317509952116E0,-3.65E0,-9.26E0));
#11516=DIRECTION('',(0.E0,0.E0,1.E0));
#11517=DIRECTION('',(1.E0,0.E0,0.E0));
#11518=AXIS2_PLACEMENT_3D('',#11515,#11516,#11517);
#11519=CYLINDRICAL_SURFACE('',#11518,1.070509952116E0);
#11520=ORIENTED_EDGE('',*,*,#11384,.T.);
#11522=ORIENTED_EDGE('',*,*,#11521,.F.);
#11523=ORIENTED_EDGE('',*,*,#11454,.F.);
#11525=ORIENTED_EDGE('',*,*,#11524,.T.);
#11526=EDGE_LOOP('',(#11520,#11522,#11523,#11525));
#11527=FACE_OUTER_BOUND('',#11526,.F.);
#11529=CARTESIAN_POINT('',(6.497451751994E0,-4.338110533266E0,-9.26E0));
#11530=DIRECTION('',(-7.660444431190E-1,-6.427876096866E-1,0.E0));
#11531=DIRECTION('',(6.427876096866E-1,-7.660444431190E-1,0.E0));
#11532=AXIS2_PLACEMENT_3D('',#11529,#11530,#11531);
#11533=PLANE('',#11532);
#11534=ORIENTED_EDGE('',*,*,#11382,.T.);
#11536=ORIENTED_EDGE('',*,*,#11535,.F.);
#11537=ORIENTED_EDGE('',*,*,#11456,.F.);
#11538=ORIENTED_EDGE('',*,*,#11521,.T.);
#11539=EDGE_LOOP('',(#11534,#11536,#11537,#11538));
#11540=FACE_OUTER_BOUND('',#11539,.F.);
#11542=CARTESIAN_POINT('',(7.687E0,-5.93E0,-9.26E0));
#11543=DIRECTION('',(0.E0,0.E0,1.E0));
#11544=DIRECTION('',(1.E0,0.E0,0.E0));
#11545=AXIS2_PLACEMENT_3D('',#11542,#11543,#11544);
#11546=CYLINDRICAL_SURFACE('',#11545,1.12E-1);
#11547=ORIENTED_EDGE('',*,*,#11380,.F.);
#11548=ORIENTED_EDGE('',*,*,#11433,.F.);
#11549=ORIENTED_EDGE('',*,*,#11458,.T.);
#11550=ORIENTED_EDGE('',*,*,#11535,.T.);
#11551=EDGE_LOOP('',(#11547,#11548,#11549,#11550));
#11552=FACE_OUTER_BOUND('',#11551,.F.);
#11554=CARTESIAN_POINT('',(6.247E0,-2.878E0,-9.26E0));
#11555=DIRECTION('',(-1.E0,0.E0,0.E0));
#11556=DIRECTION('',(0.E0,0.E0,-1.E0));
#11557=AXIS2_PLACEMENT_3D('',#11554,#11555,#11556);
#11558=PLANE('',#11557);
#11559=ORIENTED_EDGE('',*,*,#11101,.T.);
#11560=ORIENTED_EDGE('',*,*,#11160,.T.);
#11562=ORIENTED_EDGE('',*,*,#11561,.F.);
#11563=ORIENTED_EDGE('',*,*,#11350,.T.);
#11564=ORIENTED_EDGE('',*,*,#11524,.F.);
#11565=EDGE_LOOP('',(#11559,#11560,#11562,#11563,#11564));
#11566=FACE_OUTER_BOUND('',#11565,.F.);
#11568=CARTESIAN_POINT('',(5.927E0,-2.24E0,-6.166664075575E-1));
#11569=DIRECTION('',(0.E0,0.E0,-1.E0));
#11570=DIRECTION('',(1.E0,0.E0,0.E0));
#11571=AXIS2_PLACEMENT_3D('',#11568,#11569,#11570);
#11572=CYLINDRICAL_SURFACE('',#11571,6.38E-1);
#11573=ORIENTED_EDGE('',*,*,#11158,.T.);
#11575=ORIENTED_EDGE('',*,*,#11574,.T.);
#11577=ORIENTED_EDGE('',*,*,#11576,.T.);
#11578=ORIENTED_EDGE('',*,*,#7267,.F.);
#11579=ORIENTED_EDGE('',*,*,#8254,.T.);
#11580=ORIENTED_EDGE('',*,*,#8633,.T.);
#11581=ORIENTED_EDGE('',*,*,#11352,.T.);
#11582=ORIENTED_EDGE('',*,*,#11561,.T.);
#11583=EDGE_LOOP('',(#11573,#11575,#11577,#11578,#11579,#11580,#11581,#11582));
#11584=FACE_OUTER_BOUND('',#11583,.F.);
#11586=CARTESIAN_POINT('',(6.15E0,-2.878E0,-1.4E1));
#11587=DIRECTION('',(1.E0,0.E0,0.E0));
#11588=DIRECTION('',(0.E0,0.E0,1.E0));
#11589=AXIS2_PLACEMENT_3D('',#11586,#11587,#11588);
#11590=PLANE('',#11589);
#11592=ORIENTED_EDGE('',*,*,#11591,.T.);
#11593=ORIENTED_EDGE('',*,*,#11574,.F.);
#11594=ORIENTED_EDGE('',*,*,#11156,.T.);
#11596=ORIENTED_EDGE('',*,*,#11595,.T.);
#11597=EDGE_LOOP('',(#11592,#11593,#11594,#11596));
#11598=FACE_OUTER_BOUND('',#11597,.F.);
#11600=CARTESIAN_POINT('',(6.15E0,-2.878E0,-8.88E0));
#11601=DIRECTION('',(0.E0,0.E0,1.E0));
#11602=DIRECTION('',(-1.E0,0.E0,0.E0));
#11603=AXIS2_PLACEMENT_3D('',#11600,#11601,#11602);
#11604=PLANE('',#11603);
#11606=ORIENTED_EDGE('',*,*,#11605,.F.);
#11608=ORIENTED_EDGE('',*,*,#11607,.F.);
#11609=ORIENTED_EDGE('',*,*,#7269,.F.);
#11610=ORIENTED_EDGE('',*,*,#11576,.F.);
#11611=ORIENTED_EDGE('',*,*,#11591,.F.);
#11613=ORIENTED_EDGE('',*,*,#11612,.T.);
#11615=ORIENTED_EDGE('',*,*,#11614,.T.);
#11617=ORIENTED_EDGE('',*,*,#11616,.T.);
#11619=ORIENTED_EDGE('',*,*,#11618,.F.);
#11621=ORIENTED_EDGE('',*,*,#11620,.T.);
#11623=ORIENTED_EDGE('',*,*,#11622,.T.);
#11625=ORIENTED_EDGE('',*,*,#11624,.T.);
#11627=ORIENTED_EDGE('',*,*,#11626,.F.);
#11629=ORIENTED_EDGE('',*,*,#11628,.T.);
#11630=EDGE_LOOP('',(#11606,#11608,#11609,#11610,#11611,#11613,#11615,#11617,
#11619,#11621,#11623,#11625,#11627,#11629));
#11631=FACE_OUTER_BOUND('',#11630,.F.);
#11633=CARTESIAN_POINT('',(-6.15E0,-2.878E0,-8.88E0));
#11634=DIRECTION('',(-1.E0,0.E0,0.E0));
#11635=DIRECTION('',(0.E0,0.E0,-1.E0));
#11636=AXIS2_PLACEMENT_3D('',#11633,#11634,#11635);
#11637=PLANE('',#11636);
#11638=ORIENTED_EDGE('',*,*,#11136,.T.);
#11640=ORIENTED_EDGE('',*,*,#11639,.F.);
#11641=ORIENTED_EDGE('',*,*,#11605,.T.);
#11643=ORIENTED_EDGE('',*,*,#11642,.T.);
#11644=EDGE_LOOP('',(#11638,#11640,#11641,#11643));
#11645=FACE_OUTER_BOUND('',#11644,.F.);
#11647=CARTESIAN_POINT('',(-5.927E0,-2.24E0,-1.400320533733E1));
#11648=DIRECTION('',(0.E0,0.E0,1.E0));
#11649=DIRECTION('',(-1.E0,0.E0,0.E0));
#11650=AXIS2_PLACEMENT_3D('',#11647,#11648,#11649);
#11651=CYLINDRICAL_SURFACE('',#11650,6.38E-1);
#11652=ORIENTED_EDGE('',*,*,#8231,.T.);
#11653=ORIENTED_EDGE('',*,*,#7271,.F.);
#11654=ORIENTED_EDGE('',*,*,#11607,.T.);
#11655=ORIENTED_EDGE('',*,*,#11639,.T.);
#11656=ORIENTED_EDGE('',*,*,#11134,.T.);
#11657=ORIENTED_EDGE('',*,*,#11192,.T.);
#11658=ORIENTED_EDGE('',*,*,#11365,.T.);
#11659=ORIENTED_EDGE('',*,*,#8352,.T.);
#11660=EDGE_LOOP('',(#11652,#11653,#11654,#11655,#11656,#11657,#11658,#11659));
#11661=FACE_OUTER_BOUND('',#11660,.F.);
#11663=CARTESIAN_POINT('',(-5.55E0,-3.752E0,-1.158179306876E0));
#11664=DIRECTION('',(0.E0,-1.E0,0.E0));
#11665=DIRECTION('',(0.E0,0.E0,-1.E0));
#11666=AXIS2_PLACEMENT_3D('',#11663,#11664,#11665);
#11667=PLANE('',#11666);
#11668=ORIENTED_EDGE('',*,*,#11138,.F.);
#11669=ORIENTED_EDGE('',*,*,#11642,.F.);
#11670=ORIENTED_EDGE('',*,*,#11628,.F.);
#11672=ORIENTED_EDGE('',*,*,#11671,.T.);
#11674=ORIENTED_EDGE('',*,*,#11673,.T.);
#11676=ORIENTED_EDGE('',*,*,#11675,.F.);
#11677=ORIENTED_EDGE('',*,*,#11620,.F.);
#11679=ORIENTED_EDGE('',*,*,#11678,.T.);
#11681=ORIENTED_EDGE('',*,*,#11680,.T.);
#11683=ORIENTED_EDGE('',*,*,#11682,.F.);
#11684=ORIENTED_EDGE('',*,*,#11612,.F.);
#11685=ORIENTED_EDGE('',*,*,#11595,.F.);
#11686=ORIENTED_EDGE('',*,*,#11154,.F.);
#11688=ORIENTED_EDGE('',*,*,#11687,.T.);
#11690=ORIENTED_EDGE('',*,*,#11689,.T.);
#11692=ORIENTED_EDGE('',*,*,#11691,.F.);
#11693=ORIENTED_EDGE('',*,*,#11146,.F.);
#11695=ORIENTED_EDGE('',*,*,#11694,.T.);
#11697=ORIENTED_EDGE('',*,*,#11696,.T.);
#11699=ORIENTED_EDGE('',*,*,#11698,.F.);
#11700=EDGE_LOOP('',(#11668,#11669,#11670,#11672,#11674,#11676,#11677,#11679,
#11681,#11683,#11684,#11685,#11686,#11688,#11690,#11692,#11693,#11695,#11697,
#11699));
#11701=FACE_OUTER_BOUND('',#11700,.F.);
#11703=ORIENTED_EDGE('',*,*,#11702,.T.);
#11705=ORIENTED_EDGE('',*,*,#11704,.F.);
#11707=ORIENTED_EDGE('',*,*,#11706,.F.);
#11709=ORIENTED_EDGE('',*,*,#11708,.F.);
#11710=EDGE_LOOP('',(#11703,#11705,#11707,#11709));
#11711=FACE_BOUND('',#11710,.F.);
#11713=ORIENTED_EDGE('',*,*,#11712,.T.);
#11715=ORIENTED_EDGE('',*,*,#11714,.F.);
#11717=ORIENTED_EDGE('',*,*,#11716,.F.);
#11719=ORIENTED_EDGE('',*,*,#11718,.F.);
#11720=EDGE_LOOP('',(#11713,#11715,#11717,#11719));
#11721=FACE_BOUND('',#11720,.F.);
#11723=ORIENTED_EDGE('',*,*,#11722,.F.);
#11725=ORIENTED_EDGE('',*,*,#11724,.F.);
#11727=ORIENTED_EDGE('',*,*,#11726,.T.);
#11729=ORIENTED_EDGE('',*,*,#11728,.F.);
#11730=EDGE_LOOP('',(#11723,#11725,#11727,#11729));
#11731=FACE_BOUND('',#11730,.F.);
#11733=ORIENTED_EDGE('',*,*,#11732,.F.);
#11735=ORIENTED_EDGE('',*,*,#11734,.F.);
#11737=ORIENTED_EDGE('',*,*,#11736,.T.);
#11739=ORIENTED_EDGE('',*,*,#11738,.F.);
#11740=EDGE_LOOP('',(#11733,#11735,#11737,#11739));
#11741=FACE_BOUND('',#11740,.F.);
#11743=CARTESIAN_POINT('',(-5.05E0,-3.752E0,-8.88E0));
#11744=DIRECTION('',(-1.E0,0.E0,0.E0));
#11745=DIRECTION('',(0.E0,0.E0,-1.E0));
#11746=AXIS2_PLACEMENT_3D('',#11743,#11744,#11745);
#11747=PLANE('',#11746);
#11748=ORIENTED_EDGE('',*,*,#11626,.T.);
#11750=ORIENTED_EDGE('',*,*,#11749,.T.);
#11752=ORIENTED_EDGE('',*,*,#11751,.F.);
#11753=ORIENTED_EDGE('',*,*,#11671,.F.);
#11754=EDGE_LOOP('',(#11748,#11750,#11752,#11753));
#11755=FACE_OUTER_BOUND('',#11754,.F.);
#11757=CARTESIAN_POINT('',(0.E0,-4.132E0,0.E0));
#11758=DIRECTION('',(0.E0,-1.E0,0.E0));
#11759=DIRECTION('',(1.E0,0.E0,0.E0));
#11760=AXIS2_PLACEMENT_3D('',#11757,#11758,#11759);
#11761=PLANE('',#11760);
#11762=ORIENTED_EDGE('',*,*,#11150,.F.);
#11764=ORIENTED_EDGE('',*,*,#11763,.F.);
#11766=ORIENTED_EDGE('',*,*,#11765,.F.);
#11768=ORIENTED_EDGE('',*,*,#11767,.F.);
#11769=EDGE_LOOP('',(#11762,#11764,#11766,#11768));
#11770=FACE_OUTER_BOUND('',#11769,.F.);
#11772=CARTESIAN_POINT('',(0.E0,-4.132E0,0.E0));
#11773=DIRECTION('',(0.E0,-1.E0,0.E0));
#11774=DIRECTION('',(1.E0,0.E0,0.E0));
#11775=AXIS2_PLACEMENT_3D('',#11772,#11773,#11774);
#11776=PLANE('',#11775);
#11777=ORIENTED_EDGE('',*,*,#11616,.F.);
#11779=ORIENTED_EDGE('',*,*,#11778,.F.);
#11781=ORIENTED_EDGE('',*,*,#11780,.F.);
#11783=ORIENTED_EDGE('',*,*,#11782,.F.);
#11784=EDGE_LOOP('',(#11777,#11779,#11781,#11783));
#11785=FACE_OUTER_BOUND('',#11784,.F.);
#11787=CARTESIAN_POINT('',(0.E0,-4.132E0,0.E0));
#11788=DIRECTION('',(0.E0,-1.E0,0.E0));
#11789=DIRECTION('',(1.E0,0.E0,0.E0));
#11790=AXIS2_PLACEMENT_3D('',#11787,#11788,#11789);
#11791=PLANE('',#11790);
#11793=ORIENTED_EDGE('',*,*,#11792,.F.);
#11794=ORIENTED_EDGE('',*,*,#11142,.F.);
#11796=ORIENTED_EDGE('',*,*,#11795,.F.);
#11798=ORIENTED_EDGE('',*,*,#11797,.F.);
#11799=EDGE_LOOP('',(#11793,#11794,#11796,#11798));
#11800=FACE_OUTER_BOUND('',#11799,.F.);
#11802=CARTESIAN_POINT('',(0.E0,-4.132E0,0.E0));
#11803=DIRECTION('',(0.E0,-1.E0,0.E0));
#11804=DIRECTION('',(1.E0,0.E0,0.E0));
#11805=AXIS2_PLACEMENT_3D('',#11802,#11803,#11804);
#11806=PLANE('',#11805);
#11807=ORIENTED_EDGE('',*,*,#11624,.F.);
#11809=ORIENTED_EDGE('',*,*,#11808,.F.);
#11811=ORIENTED_EDGE('',*,*,#11810,.F.);
#11812=ORIENTED_EDGE('',*,*,#11749,.F.);
#11813=EDGE_LOOP('',(#11807,#11809,#11811,#11812));
#11814=FACE_OUTER_BOUND('',#11813,.F.);
#11816=CARTESIAN_POINT('',(1.75E0,-3.752E0,-1.188E1));
#11817=DIRECTION('',(-1.E0,0.E0,0.E0));
#11818=DIRECTION('',(0.E0,0.E0,-1.E0));
#11819=AXIS2_PLACEMENT_3D('',#11816,#11817,#11818);
#11820=PLANE('',#11819);
#11821=ORIENTED_EDGE('',*,*,#11148,.F.);
#11822=ORIENTED_EDGE('',*,*,#11691,.T.);
#11824=ORIENTED_EDGE('',*,*,#11823,.T.);
#11825=ORIENTED_EDGE('',*,*,#11763,.T.);
#11826=EDGE_LOOP('',(#11821,#11822,#11824,#11825));
#11827=FACE_OUTER_BOUND('',#11826,.F.);
#11829=CARTESIAN_POINT('',(2.4E0,-3.752E0,-1.188E1));
#11830=DIRECTION('',(0.E0,0.E0,1.E0));
#11831=DIRECTION('',(-1.E0,0.E0,0.E0));
#11832=AXIS2_PLACEMENT_3D('',#11829,#11830,#11831);
#11833=PLANE('',#11832);
#11835=ORIENTED_EDGE('',*,*,#11834,.T.);
#11836=ORIENTED_EDGE('',*,*,#11765,.T.);
#11837=ORIENTED_EDGE('',*,*,#11823,.F.);
#11838=ORIENTED_EDGE('',*,*,#11689,.F.);
#11839=EDGE_LOOP('',(#11835,#11836,#11837,#11838));
#11840=FACE_OUTER_BOUND('',#11839,.F.);
#11842=CARTESIAN_POINT('',(2.4E0,-3.752E0,-1.4E1));
#11843=DIRECTION('',(1.E0,0.E0,0.E0));
#11844=DIRECTION('',(0.E0,0.E0,1.E0));
#11845=AXIS2_PLACEMENT_3D('',#11842,#11843,#11844);
#11846=PLANE('',#11845);
#11847=ORIENTED_EDGE('',*,*,#11152,.T.);
#11848=ORIENTED_EDGE('',*,*,#11767,.T.);
#11849=ORIENTED_EDGE('',*,*,#11834,.F.);
#11850=ORIENTED_EDGE('',*,*,#11687,.F.);
#11851=EDGE_LOOP('',(#11847,#11848,#11849,#11850));
#11852=FACE_OUTER_BOUND('',#11851,.F.);
#11854=CARTESIAN_POINT('',(5.05E0,-3.752E0,-1.188E1));
#11855=DIRECTION('',(1.E0,0.E0,0.E0));
#11856=DIRECTION('',(0.E0,0.E0,1.E0));
#11857=AXIS2_PLACEMENT_3D('',#11854,#11855,#11856);
#11858=PLANE('',#11857);
#11860=ORIENTED_EDGE('',*,*,#11859,.T.);
#11861=ORIENTED_EDGE('',*,*,#11778,.T.);
#11862=ORIENTED_EDGE('',*,*,#11614,.F.);
#11863=ORIENTED_EDGE('',*,*,#11682,.T.);
#11864=EDGE_LOOP('',(#11860,#11861,#11862,#11863));
#11865=FACE_OUTER_BOUND('',#11864,.F.);
#11867=CARTESIAN_POINT('',(4.4E0,-3.752E0,-1.188E1));
#11868=DIRECTION('',(0.E0,0.E0,-1.E0));
#11869=DIRECTION('',(1.E0,0.E0,0.E0));
#11870=AXIS2_PLACEMENT_3D('',#11867,#11868,#11869);
#11871=PLANE('',#11870);
#11873=ORIENTED_EDGE('',*,*,#11872,.T.);
#11874=ORIENTED_EDGE('',*,*,#11780,.T.);
#11875=ORIENTED_EDGE('',*,*,#11859,.F.);
#11876=ORIENTED_EDGE('',*,*,#11680,.F.);
#11877=EDGE_LOOP('',(#11873,#11874,#11875,#11876));
#11878=FACE_OUTER_BOUND('',#11877,.F.);
#11880=CARTESIAN_POINT('',(4.4E0,-3.752E0,-8.88E0));
#11881=DIRECTION('',(-1.E0,0.E0,0.E0));
#11882=DIRECTION('',(0.E0,0.E0,-1.E0));
#11883=AXIS2_PLACEMENT_3D('',#11880,#11881,#11882);
#11884=PLANE('',#11883);
#11885=ORIENTED_EDGE('',*,*,#11872,.F.);
#11886=ORIENTED_EDGE('',*,*,#11678,.F.);
#11887=ORIENTED_EDGE('',*,*,#11618,.T.);
#11888=ORIENTED_EDGE('',*,*,#11782,.T.);
#11889=EDGE_LOOP('',(#11885,#11886,#11887,#11888));
#11890=FACE_OUTER_BOUND('',#11889,.F.);
#11892=CARTESIAN_POINT('',(-1.75E0,-3.752E0,-1.4E1));
#11893=DIRECTION('',(1.E0,0.E0,0.E0));
#11894=DIRECTION('',(0.E0,0.E0,1.E0));
#11895=AXIS2_PLACEMENT_3D('',#11892,#11893,#11894);
#11896=PLANE('',#11895);
#11897=ORIENTED_EDGE('',*,*,#11144,.T.);
#11898=ORIENTED_EDGE('',*,*,#11792,.T.);
#11900=ORIENTED_EDGE('',*,*,#11899,.F.);
#11901=ORIENTED_EDGE('',*,*,#11694,.F.);
#11902=EDGE_LOOP('',(#11897,#11898,#11900,#11901));
#11903=FACE_OUTER_BOUND('',#11902,.F.);
#11905=CARTESIAN_POINT('',(-1.75E0,-3.752E0,-1.188E1));
#11906=DIRECTION('',(0.E0,0.E0,1.E0));
#11907=DIRECTION('',(-1.E0,0.E0,0.E0));
#11908=AXIS2_PLACEMENT_3D('',#11905,#11906,#11907);
#11909=PLANE('',#11908);
#11910=ORIENTED_EDGE('',*,*,#11899,.T.);
#11911=ORIENTED_EDGE('',*,*,#11797,.T.);
#11913=ORIENTED_EDGE('',*,*,#11912,.F.);
#11914=ORIENTED_EDGE('',*,*,#11696,.F.);
#11915=EDGE_LOOP('',(#11910,#11911,#11913,#11914));
#11916=FACE_OUTER_BOUND('',#11915,.F.);
#11918=CARTESIAN_POINT('',(-2.4E0,-3.752E0,-1.188E1));
#11919=DIRECTION('',(-1.E0,0.E0,0.E0));
#11920=DIRECTION('',(0.E0,0.E0,-1.E0));
#11921=AXIS2_PLACEMENT_3D('',#11918,#11919,#11920);
#11922=PLANE('',#11921);
#11923=ORIENTED_EDGE('',*,*,#11912,.T.);
#11924=ORIENTED_EDGE('',*,*,#11795,.T.);
#11925=ORIENTED_EDGE('',*,*,#11140,.F.);
#11926=ORIENTED_EDGE('',*,*,#11698,.T.);
#11927=EDGE_LOOP('',(#11923,#11924,#11925,#11926));
#11928=FACE_OUTER_BOUND('',#11927,.F.);
#11930=CARTESIAN_POINT('',(-4.4E0,-3.752E0,-1.188E1));
#11931=DIRECTION('',(1.E0,0.E0,0.E0));
#11932=DIRECTION('',(0.E0,0.E0,1.E0));
#11933=AXIS2_PLACEMENT_3D('',#11930,#11931,#11932);
#11934=PLANE('',#11933);
#11935=ORIENTED_EDGE('',*,*,#11622,.F.);
#11936=ORIENTED_EDGE('',*,*,#11675,.T.);
#11938=ORIENTED_EDGE('',*,*,#11937,.T.);
#11939=ORIENTED_EDGE('',*,*,#11808,.T.);
#11940=EDGE_LOOP('',(#11935,#11936,#11938,#11939));
#11941=FACE_OUTER_BOUND('',#11940,.F.);
#11943=CARTESIAN_POINT('',(-5.05E0,-3.752E0,-1.188E1));
#11944=DIRECTION('',(0.E0,0.E0,-1.E0));
#11945=DIRECTION('',(1.E0,0.E0,0.E0));
#11946=AXIS2_PLACEMENT_3D('',#11943,#11944,#11945);
#11947=PLANE('',#11946);
#11948=ORIENTED_EDGE('',*,*,#11751,.T.);
#11949=ORIENTED_EDGE('',*,*,#11810,.T.);
#11950=ORIENTED_EDGE('',*,*,#11937,.F.);
#11951=ORIENTED_EDGE('',*,*,#11673,.F.);
#11952=EDGE_LOOP('',(#11948,#11949,#11950,#11951));
#11953=FACE_OUTER_BOUND('',#11952,.F.);
#11955=CARTESIAN_POINT('',(-3.E0,-3.631E0,-1.3161E1));
#11956=DIRECTION('',(-1.E0,0.E0,0.E0));
#11957=DIRECTION('',(0.E0,0.E0,1.E0));
#11958=AXIS2_PLACEMENT_3D('',#11955,#11956,#11957);
#11959=CYLINDRICAL_SURFACE('',#11958,5.01E-1);
#11961=ORIENTED_EDGE('',*,*,#11960,.F.);
#11963=ORIENTED_EDGE('',*,*,#11962,.T.);
#11965=ORIENTED_EDGE('',*,*,#11964,.T.);
#11966=ORIENTED_EDGE('',*,*,#11702,.F.);
#11967=EDGE_LOOP('',(#11961,#11963,#11965,#11966));
#11968=FACE_OUTER_BOUND('',#11967,.F.);
#11970=CARTESIAN_POINT('',(-3.2E0,-3.752E0,-1.267483130500E1));
#11971=DIRECTION('',(-1.E0,0.E0,0.E0));
#11972=DIRECTION('',(0.E0,0.E0,-1.E0));
#11973=AXIS2_PLACEMENT_3D('',#11970,#11971,#11972);
#11974=PLANE('',#11973);
#11976=ORIENTED_EDGE('',*,*,#11975,.F.);
#11978=ORIENTED_EDGE('',*,*,#11977,.T.);
#11980=ORIENTED_EDGE('',*,*,#11979,.T.);
#11982=ORIENTED_EDGE('',*,*,#11981,.T.);
#11983=ORIENTED_EDGE('',*,*,#11960,.T.);
#11984=ORIENTED_EDGE('',*,*,#11708,.T.);
#11985=EDGE_LOOP('',(#11976,#11978,#11980,#11982,#11983,#11984));
#11986=FACE_OUTER_BOUND('',#11985,.F.);
#11988=CARTESIAN_POINT('',(-3.E0,-3.631E0,-1.3161E1));
#11989=DIRECTION('',(-1.E0,0.E0,0.E0));
#11990=DIRECTION('',(0.E0,0.E0,1.E0));
#11991=AXIS2_PLACEMENT_3D('',#11988,#11989,#11990);
#11992=CYLINDRICAL_SURFACE('',#11991,2.5E-1);
#11993=ORIENTED_EDGE('',*,*,#11975,.T.);
#11994=ORIENTED_EDGE('',*,*,#11706,.T.);
#11996=ORIENTED_EDGE('',*,*,#11995,.F.);
#11998=ORIENTED_EDGE('',*,*,#11997,.F.);
#11999=EDGE_LOOP('',(#11993,#11994,#11996,#11998));
#12000=FACE_OUTER_BOUND('',#11999,.F.);
#12002=CARTESIAN_POINT('',(-3.8E0,-3.752E0,-1.516E1));
#12003=DIRECTION('',(1.E0,0.E0,0.E0));
#12004=DIRECTION('',(0.E0,0.E0,1.E0));
#12005=AXIS2_PLACEMENT_3D('',#12002,#12003,#12004);
#12006=PLANE('',#12005);
#12007=ORIENTED_EDGE('',*,*,#11995,.T.);
#12008=ORIENTED_EDGE('',*,*,#11704,.T.);
#12009=ORIENTED_EDGE('',*,*,#11964,.F.);
#12011=ORIENTED_EDGE('',*,*,#12010,.F.);
#12013=ORIENTED_EDGE('',*,*,#12012,.F.);
#12015=ORIENTED_EDGE('',*,*,#12014,.F.);
#12016=EDGE_LOOP('',(#12007,#12008,#12009,#12011,#12013,#12015));
#12017=FACE_OUTER_BOUND('',#12016,.F.);
#12019=CARTESIAN_POINT('',(-3.E0,-4.132E0,-1.516E1));
#12020=DIRECTION('',(0.E0,-1.E0,0.E0));
#12021=DIRECTION('',(0.E0,0.E0,1.E0));
#12022=AXIS2_PLACEMENT_3D('',#12019,#12020,#12021);
#12023=PLANE('',#12022);
#12024=ORIENTED_EDGE('',*,*,#11981,.F.);
#12026=ORIENTED_EDGE('',*,*,#12025,.T.);
#12027=ORIENTED_EDGE('',*,*,#12010,.T.);
#12028=ORIENTED_EDGE('',*,*,#11962,.F.);
#12029=EDGE_LOOP('',(#12024,#12026,#12027,#12028));
#12030=FACE_OUTER_BOUND('',#12029,.F.);
#12032=CARTESIAN_POINT('',(-3.E0,-3.881E0,-1.516E1));
#12033=DIRECTION('',(0.E0,0.E0,-1.E0));
#12034=DIRECTION('',(0.E0,-1.E0,0.E0));
#12035=AXIS2_PLACEMENT_3D('',#12032,#12033,#12034);
#12036=PLANE('',#12035);
#12037=ORIENTED_EDGE('',*,*,#11979,.F.);
#12039=ORIENTED_EDGE('',*,*,#12038,.T.);
#12040=ORIENTED_EDGE('',*,*,#12012,.T.);
#12041=ORIENTED_EDGE('',*,*,#12025,.F.);
#12042=EDGE_LOOP('',(#12037,#12039,#12040,#12041));
#12043=FACE_OUTER_BOUND('',#12042,.F.);
#12045=CARTESIAN_POINT('',(-3.E0,-3.881E0,-1.3161E1));
#12046=DIRECTION('',(0.E0,1.E0,0.E0));
#12047=DIRECTION('',(0.E0,0.E0,-1.E0));
#12048=AXIS2_PLACEMENT_3D('',#12045,#12046,#12047);
#12049=PLANE('',#12048);
#12050=ORIENTED_EDGE('',*,*,#11977,.F.);
#12051=ORIENTED_EDGE('',*,*,#11997,.T.);
#12052=ORIENTED_EDGE('',*,*,#12014,.T.);
#12053=ORIENTED_EDGE('',*,*,#12038,.F.);
#12054=EDGE_LOOP('',(#12050,#12051,#12052,#12053));
#12055=FACE_OUTER_BOUND('',#12054,.F.);
#12057=CARTESIAN_POINT('',(-5.E-1,-3.631E0,-1.3161E1));
#12058=DIRECTION('',(-1.E0,0.E0,0.E0));
#12059=DIRECTION('',(0.E0,0.E0,1.E0));
#12060=AXIS2_PLACEMENT_3D('',#12057,#12058,#12059);
#12061=CYLINDRICAL_SURFACE('',#12060,5.01E-1);
#12063=ORIENTED_EDGE('',*,*,#12062,.F.);
#12065=ORIENTED_EDGE('',*,*,#12064,.T.);
#12067=ORIENTED_EDGE('',*,*,#12066,.T.);
#12068=ORIENTED_EDGE('',*,*,#11712,.F.);
#12069=EDGE_LOOP('',(#12063,#12065,#12067,#12068));
#12070=FACE_OUTER_BOUND('',#12069,.F.);
#12072=CARTESIAN_POINT('',(-7.E-1,-3.752E0,-1.267483130500E1));
#12073=DIRECTION('',(-1.E0,0.E0,0.E0));
#12074=DIRECTION('',(0.E0,0.E0,-1.E0));
#12075=AXIS2_PLACEMENT_3D('',#12072,#12073,#12074);
#12076=PLANE('',#12075);
#12078=ORIENTED_EDGE('',*,*,#12077,.F.);
#12080=ORIENTED_EDGE('',*,*,#12079,.T.);
#12082=ORIENTED_EDGE('',*,*,#12081,.T.);
#12084=ORIENTED_EDGE('',*,*,#12083,.T.);
#12085=ORIENTED_EDGE('',*,*,#12062,.T.);
#12086=ORIENTED_EDGE('',*,*,#11718,.T.);
#12087=EDGE_LOOP('',(#12078,#12080,#12082,#12084,#12085,#12086));
#12088=FACE_OUTER_BOUND('',#12087,.F.);
#12090=CARTESIAN_POINT('',(-5.E-1,-3.631E0,-1.3161E1));
#12091=DIRECTION('',(-1.E0,0.E0,0.E0));
#12092=DIRECTION('',(0.E0,0.E0,1.E0));
#12093=AXIS2_PLACEMENT_3D('',#12090,#12091,#12092);
#12094=CYLINDRICAL_SURFACE('',#12093,2.5E-1);
#12095=ORIENTED_EDGE('',*,*,#12077,.T.);
#12096=ORIENTED_EDGE('',*,*,#11716,.T.);
#12098=ORIENTED_EDGE('',*,*,#12097,.F.);
#12100=ORIENTED_EDGE('',*,*,#12099,.F.);
#12101=EDGE_LOOP('',(#12095,#12096,#12098,#12100));
#12102=FACE_OUTER_BOUND('',#12101,.F.);
#12104=CARTESIAN_POINT('',(-1.3E0,-3.752E0,-1.516E1));
#12105=DIRECTION('',(1.E0,0.E0,0.E0));
#12106=DIRECTION('',(0.E0,0.E0,1.E0));
#12107=AXIS2_PLACEMENT_3D('',#12104,#12105,#12106);
#12108=PLANE('',#12107);
#12109=ORIENTED_EDGE('',*,*,#12097,.T.);
#12110=ORIENTED_EDGE('',*,*,#11714,.T.);
#12111=ORIENTED_EDGE('',*,*,#12066,.F.);
#12113=ORIENTED_EDGE('',*,*,#12112,.F.);
#12115=ORIENTED_EDGE('',*,*,#12114,.F.);
#12117=ORIENTED_EDGE('',*,*,#12116,.F.);
#12118=EDGE_LOOP('',(#12109,#12110,#12111,#12113,#12115,#12117));
#12119=FACE_OUTER_BOUND('',#12118,.F.);
#12121=CARTESIAN_POINT('',(-5.E-1,-4.132E0,-1.516E1));
#12122=DIRECTION('',(0.E0,-1.E0,0.E0));
#12123=DIRECTION('',(0.E0,0.E0,1.E0));
#12124=AXIS2_PLACEMENT_3D('',#12121,#12122,#12123);
#12125=PLANE('',#12124);
#12126=ORIENTED_EDGE('',*,*,#12083,.F.);
#12128=ORIENTED_EDGE('',*,*,#12127,.T.);
#12129=ORIENTED_EDGE('',*,*,#12112,.T.);
#12130=ORIENTED_EDGE('',*,*,#12064,.F.);
#12131=EDGE_LOOP('',(#12126,#12128,#12129,#12130));
#12132=FACE_OUTER_BOUND('',#12131,.F.);
#12134=CARTESIAN_POINT('',(-5.E-1,-3.881E0,-1.516E1));
#12135=DIRECTION('',(0.E0,0.E0,-1.E0));
#12136=DIRECTION('',(0.E0,-1.E0,0.E0));
#12137=AXIS2_PLACEMENT_3D('',#12134,#12135,#12136);
#12138=PLANE('',#12137);
#12139=ORIENTED_EDGE('',*,*,#12081,.F.);
#12141=ORIENTED_EDGE('',*,*,#12140,.T.);
#12142=ORIENTED_EDGE('',*,*,#12114,.T.);
#12143=ORIENTED_EDGE('',*,*,#12127,.F.);
#12144=EDGE_LOOP('',(#12139,#12141,#12142,#12143));
#12145=FACE_OUTER_BOUND('',#12144,.F.);
#12147=CARTESIAN_POINT('',(-5.E-1,-3.881E0,-1.3161E1));
#12148=DIRECTION('',(0.E0,1.E0,0.E0));
#12149=DIRECTION('',(0.E0,0.E0,-1.E0));
#12150=AXIS2_PLACEMENT_3D('',#12147,#12148,#12149);
#12151=PLANE('',#12150);
#12152=ORIENTED_EDGE('',*,*,#12079,.F.);
#12153=ORIENTED_EDGE('',*,*,#12099,.T.);
#12154=ORIENTED_EDGE('',*,*,#12116,.T.);
#12155=ORIENTED_EDGE('',*,*,#12140,.F.);
#12156=EDGE_LOOP('',(#12152,#12153,#12154,#12155));
#12157=FACE_OUTER_BOUND('',#12156,.F.);
#12159=CARTESIAN_POINT('',(1.5E0,-3.631E0,-1.3161E1));
#12160=DIRECTION('',(-1.E0,0.E0,0.E0));
#12161=DIRECTION('',(0.E0,0.E0,1.E0));
#12162=AXIS2_PLACEMENT_3D('',#12159,#12160,#12161);
#12163=CYLINDRICAL_SURFACE('',#12162,2.5E-1);
#12165=ORIENTED_EDGE('',*,*,#12164,.F.);
#12167=ORIENTED_EDGE('',*,*,#12166,.F.);
#12169=ORIENTED_EDGE('',*,*,#12168,.T.);
#12170=ORIENTED_EDGE('',*,*,#11722,.T.);
#12171=EDGE_LOOP('',(#12165,#12167,#12169,#12170));
#12172=FACE_OUTER_BOUND('',#12171,.F.);
#12174=CARTESIAN_POINT('',(7.E-1,-3.752E0,-1.516E1));
#12175=DIRECTION('',(1.E0,0.E0,0.E0));
#12176=DIRECTION('',(0.E0,0.E0,1.E0));
#12177=AXIS2_PLACEMENT_3D('',#12174,#12175,#12176);
#12178=PLANE('',#12177);
#12179=ORIENTED_EDGE('',*,*,#12164,.T.);
#12180=ORIENTED_EDGE('',*,*,#11728,.T.);
#12182=ORIENTED_EDGE('',*,*,#12181,.F.);
#12184=ORIENTED_EDGE('',*,*,#12183,.F.);
#12186=ORIENTED_EDGE('',*,*,#12185,.F.);
#12188=ORIENTED_EDGE('',*,*,#12187,.F.);
#12189=EDGE_LOOP('',(#12179,#12180,#12182,#12184,#12186,#12188));
#12190=FACE_OUTER_BOUND('',#12189,.F.);
#12192=CARTESIAN_POINT('',(1.5E0,-3.631E0,-1.3161E1));
#12193=DIRECTION('',(-1.E0,0.E0,0.E0));
#12194=DIRECTION('',(0.E0,0.E0,1.E0));
#12195=AXIS2_PLACEMENT_3D('',#12192,#12193,#12194);
#12196=CYLINDRICAL_SURFACE('',#12195,5.01E-1);
#12197=ORIENTED_EDGE('',*,*,#12181,.T.);
#12198=ORIENTED_EDGE('',*,*,#11726,.F.);
#12200=ORIENTED_EDGE('',*,*,#12199,.F.);
#12202=ORIENTED_EDGE('',*,*,#12201,.T.);
#12203=EDGE_LOOP('',(#12197,#12198,#12200,#12202));
#12204=FACE_OUTER_BOUND('',#12203,.F.);
#12206=CARTESIAN_POINT('',(1.3E0,-3.752E0,-1.267483130500E1));
#12207=DIRECTION('',(-1.E0,0.E0,0.E0));
#12208=DIRECTION('',(0.E0,0.E0,-1.E0));
#12209=AXIS2_PLACEMENT_3D('',#12206,#12207,#12208);
#12210=PLANE('',#12209);
#12211=ORIENTED_EDGE('',*,*,#12168,.F.);
#12213=ORIENTED_EDGE('',*,*,#12212,.T.);
#12215=ORIENTED_EDGE('',*,*,#12214,.T.);
#12217=ORIENTED_EDGE('',*,*,#12216,.T.);
#12218=ORIENTED_EDGE('',*,*,#12199,.T.);
#12219=ORIENTED_EDGE('',*,*,#11724,.T.);
#12220=EDGE_LOOP('',(#12211,#12213,#12215,#12217,#12218,#12219));
#12221=FACE_OUTER_BOUND('',#12220,.F.);
#12223=CARTESIAN_POINT('',(1.5E0,-3.881E0,-1.3161E1));
#12224=DIRECTION('',(0.E0,1.E0,0.E0));
#12225=DIRECTION('',(0.E0,0.E0,-1.E0));
#12226=AXIS2_PLACEMENT_3D('',#12223,#12224,#12225);
#12227=PLANE('',#12226);
#12228=ORIENTED_EDGE('',*,*,#12187,.T.);
#12230=ORIENTED_EDGE('',*,*,#12229,.F.);
#12231=ORIENTED_EDGE('',*,*,#12212,.F.);
#12232=ORIENTED_EDGE('',*,*,#12166,.T.);
#12233=EDGE_LOOP('',(#12228,#12230,#12231,#12232));
#12234=FACE_OUTER_BOUND('',#12233,.F.);
#12236=CARTESIAN_POINT('',(1.5E0,-3.881E0,-1.516E1));
#12237=DIRECTION('',(0.E0,0.E0,-1.E0));
#12238=DIRECTION('',(0.E0,-1.E0,0.E0));
#12239=AXIS2_PLACEMENT_3D('',#12236,#12237,#12238);
#12240=PLANE('',#12239);
#12241=ORIENTED_EDGE('',*,*,#12185,.T.);
#12243=ORIENTED_EDGE('',*,*,#12242,.F.);
#12244=ORIENTED_EDGE('',*,*,#12214,.F.);
#12245=ORIENTED_EDGE('',*,*,#12229,.T.);
#12246=EDGE_LOOP('',(#12241,#12243,#12244,#12245));
#12247=FACE_OUTER_BOUND('',#12246,.F.);
#12249=CARTESIAN_POINT('',(1.5E0,-4.132E0,-1.516E1));
#12250=DIRECTION('',(0.E0,-1.E0,0.E0));
#12251=DIRECTION('',(0.E0,0.E0,1.E0));
#12252=AXIS2_PLACEMENT_3D('',#12249,#12250,#12251);
#12253=PLANE('',#12252);
#12254=ORIENTED_EDGE('',*,*,#12183,.T.);
#12255=ORIENTED_EDGE('',*,*,#12201,.F.);
#12256=ORIENTED_EDGE('',*,*,#12216,.F.);
#12257=ORIENTED_EDGE('',*,*,#12242,.T.);
#12258=EDGE_LOOP('',(#12254,#12255,#12256,#12257));
#12259=FACE_OUTER_BOUND('',#12258,.F.);
#12261=CARTESIAN_POINT('',(4.E0,-3.631E0,-1.3161E1));
#12262=DIRECTION('',(-1.E0,0.E0,0.E0));
#12263=DIRECTION('',(0.E0,0.E0,1.E0));
#12264=AXIS2_PLACEMENT_3D('',#12261,#12262,#12263);
#12265=CYLINDRICAL_SURFACE('',#12264,2.5E-1);
#12267=ORIENTED_EDGE('',*,*,#12266,.F.);
#12269=ORIENTED_EDGE('',*,*,#12268,.F.);
#12271=ORIENTED_EDGE('',*,*,#12270,.T.);
#12272=ORIENTED_EDGE('',*,*,#11732,.T.);
#12273=EDGE_LOOP('',(#12267,#12269,#12271,#12272));
#12274=FACE_OUTER_BOUND('',#12273,.F.);
#12276=CARTESIAN_POINT('',(3.2E0,-3.752E0,-1.516E1));
#12277=DIRECTION('',(1.E0,0.E0,0.E0));
#12278=DIRECTION('',(0.E0,0.E0,1.E0));
#12279=AXIS2_PLACEMENT_3D('',#12276,#12277,#12278);
#12280=PLANE('',#12279);
#12281=ORIENTED_EDGE('',*,*,#12266,.T.);
#12282=ORIENTED_EDGE('',*,*,#11738,.T.);
#12284=ORIENTED_EDGE('',*,*,#12283,.F.);
#12286=ORIENTED_EDGE('',*,*,#12285,.F.);
#12288=ORIENTED_EDGE('',*,*,#12287,.F.);
#12290=ORIENTED_EDGE('',*,*,#12289,.F.);
#12291=EDGE_LOOP('',(#12281,#12282,#12284,#12286,#12288,#12290));
#12292=FACE_OUTER_BOUND('',#12291,.F.);
#12294=CARTESIAN_POINT('',(4.E0,-3.631E0,-1.3161E1));
#12295=DIRECTION('',(-1.E0,0.E0,0.E0));
#12296=DIRECTION('',(0.E0,0.E0,1.E0));
#12297=AXIS2_PLACEMENT_3D('',#12294,#12295,#12296);
#12298=CYLINDRICAL_SURFACE('',#12297,5.01E-1);
#12299=ORIENTED_EDGE('',*,*,#12283,.T.);
#12300=ORIENTED_EDGE('',*,*,#11736,.F.);
#12302=ORIENTED_EDGE('',*,*,#12301,.F.);
#12304=ORIENTED_EDGE('',*,*,#12303,.T.);
#12305=EDGE_LOOP('',(#12299,#12300,#12302,#12304));
#12306=FACE_OUTER_BOUND('',#12305,.F.);
#12308=CARTESIAN_POINT('',(3.8E0,-3.752E0,-1.267483130500E1));
#12309=DIRECTION('',(-1.E0,0.E0,0.E0));
#12310=DIRECTION('',(0.E0,0.E0,-1.E0));
#12311=AXIS2_PLACEMENT_3D('',#12308,#12309,#12310);
#12312=PLANE('',#12311);
#12313=ORIENTED_EDGE('',*,*,#12270,.F.);
#12315=ORIENTED_EDGE('',*,*,#12314,.T.);
#12317=ORIENTED_EDGE('',*,*,#12316,.T.);
#12319=ORIENTED_EDGE('',*,*,#12318,.T.);
#12320=ORIENTED_EDGE('',*,*,#12301,.T.);
#12321=ORIENTED_EDGE('',*,*,#11734,.T.);
#12322=EDGE_LOOP('',(#12313,#12315,#12317,#12319,#12320,#12321));
#12323=FACE_OUTER_BOUND('',#12322,.F.);
#12325=CARTESIAN_POINT('',(4.E0,-3.881E0,-1.3161E1));
#12326=DIRECTION('',(0.E0,1.E0,0.E0));
#12327=DIRECTION('',(0.E0,0.E0,-1.E0));
#12328=AXIS2_PLACEMENT_3D('',#12325,#12326,#12327);
#12329=PLANE('',#12328);
#12330=ORIENTED_EDGE('',*,*,#12289,.T.);
#12332=ORIENTED_EDGE('',*,*,#12331,.F.);
#12333=ORIENTED_EDGE('',*,*,#12314,.F.);
#12334=ORIENTED_EDGE('',*,*,#12268,.T.);
#12335=EDGE_LOOP('',(#12330,#12332,#12333,#12334));
#12336=FACE_OUTER_BOUND('',#12335,.F.);
#12338=CARTESIAN_POINT('',(4.E0,-3.881E0,-1.516E1));
#12339=DIRECTION('',(0.E0,0.E0,-1.E0));
#12340=DIRECTION('',(0.E0,-1.E0,0.E0));
#12341=AXIS2_PLACEMENT_3D('',#12338,#12339,#12340);
#12342=PLANE('',#12341);
#12343=ORIENTED_EDGE('',*,*,#12287,.T.);
#12345=ORIENTED_EDGE('',*,*,#12344,.F.);
#12346=ORIENTED_EDGE('',*,*,#12316,.F.);
#12347=ORIENTED_EDGE('',*,*,#12331,.T.);
#12348=EDGE_LOOP('',(#12343,#12345,#12346,#12347));
#12349=FACE_OUTER_BOUND('',#12348,.F.);
#12351=CARTESIAN_POINT('',(4.E0,-4.132E0,-1.516E1));
#12352=DIRECTION('',(0.E0,-1.E0,0.E0));
#12353=DIRECTION('',(0.E0,0.E0,1.E0));
#12354=AXIS2_PLACEMENT_3D('',#12351,#12352,#12353);
#12355=PLANE('',#12354);
#12356=ORIENTED_EDGE('',*,*,#12285,.T.);
#12357=ORIENTED_EDGE('',*,*,#12303,.F.);
#12358=ORIENTED_EDGE('',*,*,#12318,.F.);
#12359=ORIENTED_EDGE('',*,*,#12344,.T.);
#12360=EDGE_LOOP('',(#12356,#12357,#12358,#12359));
#12361=FACE_OUTER_BOUND('',#12360,.F.);
#12363=CARTESIAN_POINT('',(-7.772796977629E0,-5.858007787715E0,-9.26E0));
#12364=DIRECTION('',(7.660444431190E-1,-6.427876096866E-1,0.E0));
#12365=DIRECTION('',(6.427876096866E-1,7.660444431190E-1,0.E0));
#12366=AXIS2_PLACEMENT_3D('',#12363,#12364,#12365);
#12367=PLANE('',#12366);
#12368=ORIENTED_EDGE('',*,*,#11224,.F.);
#12370=ORIENTED_EDGE('',*,*,#12369,.T.);
#12371=ORIENTED_EDGE('',*,*,#11334,.T.);
#12372=ORIENTED_EDGE('',*,*,#11205,.F.);
#12373=EDGE_LOOP('',(#12368,#12370,#12371,#12372));
#12374=FACE_OUTER_BOUND('',#12373,.F.);
#12376=CARTESIAN_POINT('',(-7.687E0,-5.93E0,-9.26E0));
#12377=DIRECTION('',(0.E0,0.E0,1.E0));
#12378=DIRECTION('',(1.E0,0.E0,0.E0));
#12379=AXIS2_PLACEMENT_3D('',#12376,#12377,#12378);
#12380=CYLINDRICAL_SURFACE('',#12379,1.12E-1);
#12381=ORIENTED_EDGE('',*,*,#11222,.T.);
#12383=ORIENTED_EDGE('',*,*,#12382,.T.);
#12384=ORIENTED_EDGE('',*,*,#11336,.F.);
#12385=ORIENTED_EDGE('',*,*,#12369,.F.);
#12386=EDGE_LOOP('',(#12381,#12383,#12384,#12385));
#12387=FACE_OUTER_BOUND('',#12386,.F.);
#12389=CARTESIAN_POINT('',(-6.352662995076E0,-7.525124521500E0,-9.26E0));
#12390=DIRECTION('',(7.313537016192E-1,6.819983600625E-1,0.E0));
#12391=DIRECTION('',(-6.819983600625E-1,7.313537016192E-1,0.E0));
#12392=AXIS2_PLACEMENT_3D('',#12389,#12390,#12391);
#12393=PLANE('',#12392);
#12394=ORIENTED_EDGE('',*,*,#11260,.F.);
#12395=ORIENTED_EDGE('',*,*,#11338,.T.);
#12396=ORIENTED_EDGE('',*,*,#12382,.F.);
#12397=ORIENTED_EDGE('',*,*,#11220,.F.);
#12398=EDGE_LOOP('',(#12394,#12395,#12396,#12397));
#12399=FACE_OUTER_BOUND('',#12398,.F.);
#12401=CARTESIAN_POINT('',(5.927E0,2.24E0,-1.400320533733E1));
#12402=DIRECTION('',(0.E0,0.E0,1.E0));
#12403=DIRECTION('',(1.E0,0.E0,0.E0));
#12404=AXIS2_PLACEMENT_3D('',#12401,#12402,#12403);
#12405=CYLINDRICAL_SURFACE('',#12404,6.38E-1);
#12406=ORIENTED_EDGE('',*,*,#8275,.T.);
#12407=ORIENTED_EDGE('',*,*,#6767,.F.);
#12408=ORIENTED_EDGE('',*,*,#11164,.T.);
#12409=ORIENTED_EDGE('',*,*,#8639,.T.);
#12410=EDGE_LOOP('',(#12406,#12407,#12408,#12409));
#12411=FACE_OUTER_BOUND('',#12410,.F.);
#12413=CARTESIAN_POINT('',(6.68E0,-9.72E-1,-1.188E1));
#12414=DIRECTION('',(9.108989723403E-1,0.E0,4.126294490089E-1));
#12415=DIRECTION('',(-4.126294490089E-1,0.E0,9.108989723403E-1));
#12416=AXIS2_PLACEMENT_3D('',#12413,#12414,#12415);
#12417=PLANE('',#12416);
#12418=ORIENTED_EDGE('',*,*,#8598,.F.);
#12419=ORIENTED_EDGE('',*,*,#8554,.F.);
#12421=ORIENTED_EDGE('',*,*,#12420,.T.);
#12423=ORIENTED_EDGE('',*,*,#12422,.T.);
#12424=EDGE_LOOP('',(#12418,#12419,#12421,#12423));
#12425=FACE_OUTER_BOUND('',#12424,.F.);
#12427=CARTESIAN_POINT('',(6.68E0,-9.72E-1,-1.238E1));
#12428=DIRECTION('',(1.E0,0.E0,0.E0));
#12429=DIRECTION('',(0.E0,0.E0,1.E0));
#12430=AXIS2_PLACEMENT_3D('',#12427,#12428,#12429);
#12431=PLANE('',#12430);
#12432=ORIENTED_EDGE('',*,*,#8552,.F.);
#12434=ORIENTED_EDGE('',*,*,#12433,.T.);
#12436=ORIENTED_EDGE('',*,*,#12435,.T.);
#12437=ORIENTED_EDGE('',*,*,#12420,.F.);
#12438=EDGE_LOOP('',(#12432,#12434,#12436,#12437));
#12439=FACE_OUTER_BOUND('',#12438,.F.);
#12441=CARTESIAN_POINT('',(6.15E0,-9.72E-1,-1.238E1));
#12442=DIRECTION('',(0.E0,0.E0,-1.E0));
#12443=DIRECTION('',(1.E0,0.E0,0.E0));
#12444=AXIS2_PLACEMENT_3D('',#12441,#12442,#12443);
#12445=PLANE('',#12444);
#12446=ORIENTED_EDGE('',*,*,#8602,.T.);
#12448=ORIENTED_EDGE('',*,*,#12447,.T.);
#12449=ORIENTED_EDGE('',*,*,#12433,.F.);
#12450=ORIENTED_EDGE('',*,*,#8550,.F.);
#12451=EDGE_LOOP('',(#12446,#12448,#12449,#12450));
#12452=FACE_OUTER_BOUND('',#12451,.F.);
#12454=CARTESIAN_POINT('',(0.E0,-2.032E0,-1.045E1));
#12455=DIRECTION('',(0.E0,-1.E0,0.E0));
#12456=DIRECTION('',(0.E0,0.E0,1.E0));
#12457=AXIS2_PLACEMENT_3D('',#12454,#12455,#12456);
#12458=PLANE('',#12457);
#12459=ORIENTED_EDGE('',*,*,#8600,.T.);
#12460=ORIENTED_EDGE('',*,*,#12422,.F.);
#12461=ORIENTED_EDGE('',*,*,#12435,.F.);
#12462=ORIENTED_EDGE('',*,*,#12447,.F.);
#12463=EDGE_LOOP('',(#12459,#12460,#12461,#12462));
#12464=FACE_OUTER_BOUND('',#12463,.F.);
#12466=CARTESIAN_POINT('',(0.E0,-2.032E0,-1.045E1));
#12467=DIRECTION('',(0.E0,-1.E0,0.E0));
#12468=DIRECTION('',(0.E0,0.E0,1.E0));
#12469=AXIS2_PLACEMENT_3D('',#12466,#12467,#12468);
#12470=PLANE('',#12469);
#12471=ORIENTED_EDGE('',*,*,#8536,.F.);
#12473=ORIENTED_EDGE('',*,*,#12472,.F.);
#12475=ORIENTED_EDGE('',*,*,#12474,.F.);
#12477=ORIENTED_EDGE('',*,*,#12476,.F.);
#12478=EDGE_LOOP('',(#12471,#12473,#12475,#12477));
#12479=FACE_OUTER_BOUND('',#12478,.F.);
#12481=CARTESIAN_POINT('',(-6.68E0,-9.72E-1,-1.238E1));
#12482=DIRECTION('',(0.E0,0.E0,-1.E0));
#12483=DIRECTION('',(1.E0,0.E0,0.E0));
#12484=AXIS2_PLACEMENT_3D('',#12481,#12482,#12483);
#12485=PLANE('',#12484);
#12486=ORIENTED_EDGE('',*,*,#8534,.F.);
#12487=ORIENTED_EDGE('',*,*,#8569,.F.);
#12489=ORIENTED_EDGE('',*,*,#12488,.T.);
#12490=ORIENTED_EDGE('',*,*,#12472,.T.);
#12491=EDGE_LOOP('',(#12486,#12487,#12489,#12490));
#12492=FACE_OUTER_BOUND('',#12491,.F.);
#12494=CARTESIAN_POINT('',(-6.68E0,-9.72E-1,-1.188E1));
#12495=DIRECTION('',(-1.E0,0.E0,0.E0));
#12496=DIRECTION('',(0.E0,0.E0,-1.E0));
#12497=AXIS2_PLACEMENT_3D('',#12494,#12495,#12496);
#12498=PLANE('',#12497);
#12499=ORIENTED_EDGE('',*,*,#8567,.F.);
#12501=ORIENTED_EDGE('',*,*,#12500,.T.);
#12502=ORIENTED_EDGE('',*,*,#12474,.T.);
#12503=ORIENTED_EDGE('',*,*,#12488,.F.);
#12504=EDGE_LOOP('',(#12499,#12501,#12502,#12503));
#12505=FACE_OUTER_BOUND('',#12504,.F.);
#12507=CARTESIAN_POINT('',(-6.15E0,-9.72E-1,-1.071E1));
#12508=DIRECTION('',(-9.108989723403E-1,0.E0,4.126294490089E-1));
#12509=DIRECTION('',(-4.126294490089E-1,0.E0,-9.108989723403E-1));
#12510=AXIS2_PLACEMENT_3D('',#12507,#12508,#12509);
#12511=PLANE('',#12510);
#12512=ORIENTED_EDGE('',*,*,#8538,.T.);
#12513=ORIENTED_EDGE('',*,*,#12476,.T.);
#12514=ORIENTED_EDGE('',*,*,#12500,.F.);
#12515=ORIENTED_EDGE('',*,*,#8565,.F.);
#12516=EDGE_LOOP('',(#12512,#12513,#12514,#12515));
#12517=FACE_OUTER_BOUND('',#12516,.F.);
#12519=CARTESIAN_POINT('',(5.907E0,-1.42440252E1,-3.2E-1));
#12520=DIRECTION('',(0.E0,1.E0,0.E0));
#12521=DIRECTION('',(0.E0,0.E0,-1.E0));
#12522=AXIS2_PLACEMENT_3D('',#12519,#12520,#12521);
#12523=CYLINDRICAL_SURFACE('',#12522,3.E-1);
#12524=ORIENTED_EDGE('',*,*,#8243,.F.);
#12525=ORIENTED_EDGE('',*,*,#8080,.T.);
#12526=ORIENTED_EDGE('',*,*,#8103,.T.);
#12528=ORIENTED_EDGE('',*,*,#12527,.T.);
#12529=EDGE_LOOP('',(#12524,#12525,#12526,#12528));
#12530=FACE_OUTER_BOUND('',#12529,.F.);
#12532=CARTESIAN_POINT('',(-6.565E0,-3.18E0,-6.2E-1));
#12533=DIRECTION('',(1.E0,0.E0,0.E0));
#12534=DIRECTION('',(0.E0,0.E0,-1.E0));
#12535=AXIS2_PLACEMENT_3D('',#12532,#12533,#12534);
#12536=CYLINDRICAL_SURFACE('',#12535,6.2E-1);
#12537=ORIENTED_EDGE('',*,*,#7182,.T.);
#12538=ORIENTED_EDGE('',*,*,#12527,.F.);
#12539=ORIENTED_EDGE('',*,*,#8101,.T.);
#12540=ORIENTED_EDGE('',*,*,#8135,.F.);
#12541=ORIENTED_EDGE('',*,*,#8197,.F.);
#12542=ORIENTED_EDGE('',*,*,#8210,.F.);
#12543=EDGE_LOOP('',(#12537,#12538,#12539,#12540,#12541,#12542));
#12544=FACE_OUTER_BOUND('',#12543,.F.);
#12546=CARTESIAN_POINT('',(5.907E0,-1.42440252E1,-3.2E-1));
#12547=DIRECTION('',(0.E0,1.E0,0.E0));
#12548=DIRECTION('',(0.E0,0.E0,-1.E0));
#12549=AXIS2_PLACEMENT_3D('',#12546,#12547,#12548);
#12550=CYLINDRICAL_SURFACE('',#12549,3.E-1);
#12551=ORIENTED_EDGE('',*,*,#8272,.F.);
#12552=ORIENTED_EDGE('',*,*,#6711,.T.);
#12553=ORIENTED_EDGE('',*,*,#6731,.T.);
#12554=ORIENTED_EDGE('',*,*,#6745,.T.);
#12555=EDGE_LOOP('',(#12551,#12552,#12553,#12554));
#12556=FACE_OUTER_BOUND('',#12555,.F.);
#12558=CARTESIAN_POINT('',(-5.907E0,1.37370252E1,-3.2E-1));
#12559=DIRECTION('',(0.E0,-1.E0,0.E0));
#12560=DIRECTION('',(0.E0,0.E0,-1.E0));
#12561=AXIS2_PLACEMENT_3D('',#12558,#12559,#12560);
#12562=CYLINDRICAL_SURFACE('',#12561,3.E-1);
#12563=ORIENTED_EDGE('',*,*,#8287,.F.);
#12564=ORIENTED_EDGE('',*,*,#6750,.T.);
#12565=ORIENTED_EDGE('',*,*,#6696,.T.);
#12566=ORIENTED_EDGE('',*,*,#6715,.T.);
#12567=EDGE_LOOP('',(#12563,#12564,#12565,#12566));
#12568=FACE_OUTER_BOUND('',#12567,.F.);
#12570=CLOSED_SHELL('',(#6626,#6641,#6660,#6673,#6686,#6703,#6721,#6737,#6754,
#6801,#6816,#6832,#6850,#6895,#6913,#6930,#6947,#6972,#6987,#7005,#7020,#7037,
#7049,#7063,#7084,#7096,#7109,#7121,#7134,#7150,#7162,#7176,#7221,#7240,#7257,
#7301,#7317,#7343,#7358,#7376,#7391,#7408,#7420,#7434,#7456,#7468,#7483,#7496,
#7508,#7527,#7554,#7569,#7587,#7601,#7618,#7632,#7645,#7668,#7680,#7696,#7710,
#7723,#7740,#7758,#7775,#7792,#7817,#7832,#7850,#7864,#7881,#7895,#7908,#7929,
#7941,#7954,#7966,#7980,#7993,#8008,#8023,#8036,#8048,#8060,#8072,#8091,#8110,
#8125,#8143,#8158,#8174,#8186,#8202,#8216,#8237,#8259,#8281,#8303,#8318,#8337,
#8404,#8419,#8433,#8447,#8461,#8475,#8489,#8503,#8516,#8542,#8558,#8573,#8606,
#8621,#8688,#8701,#8714,#8727,#8740,#8753,#8766,#8778,#8793,#8808,#8822,#8836,
#8850,#8864,#8878,#8892,#8906,#8920,#8934,#8948,#8962,#8976,#8990,#9004,#9018,
#9032,#9048,#9062,#9076,#9090,#9103,#9118,#9154,#9168,#9188,#9202,#9220,#9234,
#9273,#9287,#9326,#9340,#9357,#9373,#9385,#9398,#9413,#9427,#9441,#9454,#9466,
#9484,#9502,#9514,#9532,#9547,#9562,#9578,#9591,#9603,#9616,#9686,#9699,#9733,
#9747,#9767,#9781,#9799,#9813,#9852,#9866,#9905,#9919,#9936,#9949,#9964,#9977,
#9992,#10006,#10020,#10033,#10045,#10064,#10083,#10096,#10113,#10131,#10146,
#10163,#10176,#10188,#10203,#10215,#10227,#10239,#10261,#10280,#10295,#10309,
#10325,#10344,#10360,#10379,#10393,#10407,#10420,#10435,#10447,#10460,#10473,
#10485,#10579,#10593,#10608,#10621,#10635,#10653,#10667,#10684,#10697,#10709,
#10721,#10739,#10753,#10770,#10783,#10795,#10807,#10825,#10839,#10856,#10869,
#10881,#10893,#10911,#10925,#10942,#10955,#10967,#10979,#10994,#11008,#11022,
#11036,#11050,#11064,#11077,#11092,#11107,#11122,#11169,#11181,#11197,#11212,
#11238,#11265,#11279,#11293,#11307,#11320,#11342,#11357,#11370,#11397,#11424,
#11438,#11463,#11476,#11489,#11502,#11514,#11528,#11541,#11553,#11567,#11585,
#11599,#11632,#11646,#11662,#11742,#11756,#11771,#11786,#11801,#11815,#11828,
#11841,#11853,#11866,#11879,#11891,#11904,#11917,#11929,#11942,#11954,#11969,
#11987,#12001,#12018,#12031,#12044,#12056,#12071,#12089,#12103,#12120,#12133,
#12146,#12158,#12173,#12191,#12205,#12222,#12235,#12248,#12260,#12275,#12293,
#12307,#12324,#12337,#12350,#12362,#12375,#12388,#12400,#12412,#12426,#12440,
#12453,#12465,#12480,#12493,#12506,#12518,#12531,#12545,#12557,#12569));
#12571=MANIFOLD_SOLID_BREP('',#12570);
#12574=PLANE_ANGLE_MEASURE_WITH_UNIT(PLANE_ANGLE_MEASURE(1.745329251994E-2),
#12573);
#12575=(CONVERSION_BASED_UNIT('DEGREE',#12574)NAMED_UNIT(*)PLANE_ANGLE_UNIT());
#12577=UNCERTAINTY_MEASURE_WITH_UNIT(LENGTH_MEASURE(2.495055300201E-4),#12572,
'distance_accuracy_value',
'Maximum model space distance between geometric entities at asserted connectivities');
#12580=APPLICATION_CONTEXT('automotive_design');
#12581=APPLICATION_PROTOCOL_DEFINITION('international standard',
'automotive_design',2001,#12580);
#12582=PRODUCT_DEFINITION_CONTEXT('part definition',#12580,'design');
#12583=PRODUCT_CONTEXT('',#12580,'mechanical');
#12584=PRODUCT('C-292303-7','C-292303-7','NOT SPECIFIED',(#12583));
#12585=PRODUCT_DEFINITION_FORMATION('1','LAST_VERSION',#12584);
#12593=DERIVED_UNIT_ELEMENT(#12592,2.E0);
#12594=DERIVED_UNIT((#12593));
#12595=MEASURE_REPRESENTATION_ITEM('surface area measure',AREA_MEASURE(
1.307677878765E3),#12594);
#12600=DERIVED_UNIT_ELEMENT(#12599,3.E0);
#12601=DERIVED_UNIT((#12600));
#12602=MEASURE_REPRESENTATION_ITEM('volume measure',VOLUME_MEASURE(
7.085770661343E2),#12601);
#12606=CARTESIAN_POINT('centre point',(5.333204399338E-5,-1.113204894723E-1,
-8.940734485596E0));
#12611=DERIVED_UNIT_ELEMENT(#12610,2.E0);
#12612=DERIVED_UNIT((#12611));
#12613=MEASURE_REPRESENTATION_ITEM('surface area measure',AREA_MEASURE(
1.307677878765E3),#12612);
#12618=DERIVED_UNIT_ELEMENT(#12617,3.E0);
#12619=DERIVED_UNIT((#12618));
#12620=MEASURE_REPRESENTATION_ITEM('volume measure',VOLUME_MEASURE(
7.085770661343E2),#12619);
#12624=CARTESIAN_POINT('centre point',(5.333204399338E-5,-1.113204894723E-1,
-8.940734485596E0));
#12629=PRODUCT_RELATED_PRODUCT_CATEGORY('part','',(#12584));
#1=DRAUGHTING_PRE_DEFINED_COLOUR('black');
#2=COLOUR_RGB('',0.E0,0.E0,3.6E-1);
#3=COLOUR_RGB('',0.E0,0.E0,4.8E-1);
#4=DRAUGHTING_PRE_DEFINED_COLOUR('blue');
#5=COLOUR_RGB('',0.E0,5.8824E-2,4.58824E-1);
#6=COLOUR_RGB('',0.E0,1.80392E-1,4.78431E-1);
#7=COLOUR_RGB('',0.E0,3.6E-1,9.E-2);
#8=COLOUR_RGB('',0.E0,3.6E-1,2.7E-1);
#9=COLOUR_RGB('',0.E0,5.6E-1,6.4E-1);
#10=COLOUR_RGB('',0.E0,5.8E-1,8.E-1);
#11=COLOUR_RGB('',0.E0,7.1E-1,6.6E-1);
#12=COLOUR_RGB('',0.E0,7.13E-1,0.E0);
#13=COLOUR_RGB('',0.E0,9.5E-1,8.4E-1);
#14=DRAUGHTING_PRE_DEFINED_COLOUR('green');
#15=DRAUGHTING_PRE_DEFINED_COLOUR('cyan');
#16=COLOUR_RGB('',1.1765E-2,1.9608E-2,3.9216E-2);
#17=COLOUR_RGB('',4.E-2,0.E0,1.6E-1);
#18=COLOUR_RGB('',3.9216E-2,2.19608E-1,1.21569E-1);
#19=COLOUR_RGB('',3.9216E-2,3.60784E-1,2.E-1);
#20=COLOUR_RGB('',5.098E-2,7.0588E-2,1.01961E-1);
#21=COLOUR_RGB('',9.E-2,0.E0,1.2E-1);
#22=COLOUR_RGB('',9.0196E-2,1.60784E-1,1.09804E-1);
#23=COLOUR_RGB('',9.0196E-2,3.80392E-1,6.70588E-1);
#24=COLOUR_RGB('',1.E-1,0.E0,2.5E-1);
#25=COLOUR_RGB('',1.01961E-1,4.78431E-1,3.88235E-1);
#26=COLOUR_RGB('',1.09804E-1,1.4902E-1,9.0196E-2);
#27=COLOUR_RGB('',1.4902E-1,3.09804E-1,5.29412E-1);
#28=COLOUR_RGB('',1.4902E-1,4.E-1,1.60784E-1);
#29=COLOUR_RGB('',1.6E-1,3.2E-2,0.E0);
#30=COLOUR_RGB('',1.60784E-1,4.5098E-1,7.21569E-1);
#31=COLOUR_RGB('',1.6E-1,4.6E-1,6.5E-1);
#32=COLOUR_RGB('',1.6E-1,1.E0,1.6E-1);
#33=COLOUR_RGB('',2.E-1,3.2E-2,0.E0);
#34=COLOUR_RGB('',2.11765E-1,4.11765E-1,1.4902E-1);
#35=COLOUR_RGB('',2.39216E-1,2.39216E-1,2.31373E-1);
#36=COLOUR_RGB('',2.39216E-1,2.70588E-1,1.80392E-1);
#37=COLOUR_RGB('',2.5098E-1,2.90196E-1,3.29412E-1);
#38=COLOUR_RGB('',2.90196E-1,4.31373E-1,2.E-1);
#39=COLOUR_RGB('',3.1E-1,3.1E-1,5.6E-1);
#40=COLOUR_RGB('',3.09804E-1,6.58824E-1,2.E-1);
#41=COLOUR_RGB('',3.2E-1,1.5E-1,0.E0);
#42=COLOUR_RGB('',3.60784E-1,3.1373E-2,1.68627E-1);
#43=COLOUR_RGB('',3.68627E-1,2.E-1,1.21569E-1);
#44=COLOUR_RGB('',3.88235E-1,2.39216E-1,6.11765E-1);
#45=COLOUR_RGB('',4.E-1,4.E-1,4.E-1);
#46=COLOUR_RGB('',4.11765E-1,5.8824E-2,7.8431E-2);
#47=COLOUR_RGB('',4.11765E-1,3.29412E-1,2.19608E-1);
#48=COLOUR_RGB('',4.2E-1,4.2E-1,1.E0);
#49=COLOUR_RGB('',4.4E-1,8.5E-1,1.E0);
#50=COLOUR_RGB('',4.58824E-1,4.5098E-1,3.09804E-1);
#51=COLOUR_RGB('',4.70588E-1,5.09804E-1,5.4902E-1);
#52=COLOUR_RGB('',4.78431E-1,4.90196E-1,4.58824E-1);
#53=COLOUR_RGB('',4.90196E-1,3.60784E-1,2.19608E-1);
#54=COLOUR_RGB('',4.9E-1,4.9E-1,0.E0);
#55=COLOUR_RGB('',4.9E-1,1.E0,0.E0);
#56=COLOUR_RGB('',5.E-1,0.E0,0.E0);
#57=COLOUR_RGB('',5.E-1,0.E0,2.3E-1);
#58=COLOUR_RGB('',5.E-1,5.E-1,5.E-1);
#59=COLOUR_RGB('',5.21569E-1,2.19608E-1,1.68627E-1);
#60=COLOUR_RGB('',5.3E-1,0.E0,0.E0);
#61=COLOUR_RGB('',5.29412E-1,5.80392E-1,6.5098E-1);
#62=COLOUR_RGB('',5.4E-1,0.E0,4.4E-1);
#63=COLOUR_RGB('',5.5E-1,3.E-1,0.E0);
#64=COLOUR_RGB('',5.6E-1,1.E-1,5.E-2);
#65=COLOUR_RGB('',5.60784E-1,5.80392E-1,6.19608E-1);
#66=COLOUR_RGB('',5.68627E-1,5.8824E-2,4.E-1);
#67=COLOUR_RGB('',5.8E-1,2.2E-1,1.E-2);
#68=COLOUR_RGB('',5.88235E-1,1.21569E-1,1.09804E-1);
#69=COLOUR_RGB('',6.E-1,6.E-1,6.E-1);
#70=COLOUR_RGB('',6.11765E-1,5.60784E-1,3.80392E-1);
#71=COLOUR_RGB('',6.11765E-1,6.11765E-1,6.5098E-1);
#72=COLOUR_RGB('',6.2E-1,0.E0,5.5E-1);
#73=COLOUR_RGB('',6.19608E-1,6.39216E-1,6.90196E-1);
#74=COLOUR_RGB('',6.4E-1,0.E0,2.5E-1);
#75=COLOUR_RGB('',6.4E-1,1.E-2,0.E0);
#76=COLOUR_RGB('',6.39216E-1,5.4902E-1,4.78431E-1);
#77=COLOUR_RGB('',6.5098E-1,6.70588E-1,7.09804E-1);
#78=COLOUR_RGB('',6.70588E-1,1.21569E-1,1.09804E-1);
#79=COLOUR_RGB('',6.78431E-1,4.78431E-1,3.09804E-1);
#80=COLOUR_RGB('',6.8E-1,7.5E-1,1.E0);
#81=COLOUR_RGB('',6.952E-1,7.426E-1,7.9E-1);
#82=COLOUR_RGB('',7.09804E-1,7.0588E-2,2.E-1);
#83=COLOUR_RGB('',7.1E-1,3.1E-1,0.E0);
#84=COLOUR_RGB('',7.2E-1,7.2E-1,7.2E-1);
#85=COLOUR_RGB('',7.29412E-1,7.41176E-1,7.29412E-1);
#86=COLOUR_RGB('',7.41176E-1,7.29412E-1,6.70588E-1);
#87=COLOUR_RGB('',7.4E-1,1.E0,2.6E-1);
#88=COLOUR_RGB('',7.5E-1,3.E-2,0.E0);
#89=COLOUR_RGB('',7.4902E-1,8.90196E-1,7.29412E-1);
#90=COLOUR_RGB('',7.6E-1,0.E0,4.7E-1);
#91=COLOUR_RGB('',7.80392E-1,9.0196E-2,7.0588E-2);
#92=COLOUR_RGB('',7.88235E-1,2.19608E-1,5.4902E-1);
#93=COLOUR_RGB('',8.1E-1,4.E-2,0.E0);
#94=COLOUR_RGB('',8.1E-1,6.1E-1,0.E0);
#95=COLOUR_RGB('',8.2E-1,4.E-2,6.6E-1);
#96=COLOUR_RGB('',8.31373E-1,8.5098E-1,8.58824E-1);
#97=COLOUR_RGB('',8.5098E-1,7.29412E-1,5.4902E-1);
#98=COLOUR_RGB('',8.5E-1,8.5E-1,8.5E-1);
#99=COLOUR_RGB('',8.78431E-1,3.68627E-1,1.21569E-1);
#100=COLOUR_RGB('',8.784E-1,9.49E-1,1.E0);
#101=COLOUR_RGB('',8.90196E-1,5.88235E-1,1.41176E-1);
#102=COLOUR_RGB('',9.E-1,1.E0,0.E0);
#103=COLOUR_RGB('',9.09804E-1,6.11765E-1,7.09804E-1);
#104=COLOUR_RGB('',9.37E-1,7.85E-1,0.E0);
#105=COLOUR_RGB('',9.41176E-1,9.29412E-1,9.01961E-1);
#106=COLOUR_RGB('',9.5E-1,2.2E-1,8.1E-1);
#107=COLOUR_RGB('',9.6E-1,3.7E-1,3.E-1);
#108=COLOUR_RGB('',9.6E-1,7.1E-1,3.75E-1);
#109=COLOUR_RGB('',9.80392E-1,1.E0,1.E0);
#110=COLOUR_RGB('',9.88235E-1,1.09804E-1,7.8431E-2);
#111=COLOUR_RGB('',9.88235E-1,7.21569E-1,1.29412E-1);
#112=COLOUR_RGB('',9.88235E-1,9.21569E-1,8.E-1);
#113=DRAUGHTING_PRE_DEFINED_COLOUR('red');
#114=COLOUR_RGB('',1.E0,0.E0,6.1E-1);
#115=COLOUR_RGB('',1.E0,4.E-2,0.E0);
#116=COLOUR_RGB('',1.E0,2.3E-1,0.E0);
#117=COLOUR_RGB('',1.E0,3.5E-1,5.2E-1);
#118=COLOUR_RGB('',1.E0,3.6E-1,0.E0);
#119=COLOUR_RGB('',1.E0,3.88235E-1,2.11765E-1);
#120=COLOUR_RGB('',1.E0,4.9E-1,3.7E-1);
#121=COLOUR_RGB('',1.E0,5.E-1,0.E0);
#122=COLOUR_RGB('',1.E0,5.6E-1,7.8E-1);
#123=COLOUR_RGB('',1.E0,6.4E-1,4.9E-1);
#124=COLOUR_RGB('',1.E0,6.7E-1,0.E0);
#125=COLOUR_RGB('',1.E0,7.6E-1,6.5E-1);
#126=COLOUR_RGB('',1.E0,8.39216E-1,3.01961E-1);
#127=COLOUR_RGB('',1.E0,8.6E-1,4.E-2);
#128=COLOUR_RGB('',1.E0,9.60784E-1,2.58824E-1);
#129=COLOUR_RGB('',1.E0,9.60784E-1,8.90196E-1);
#130=COLOUR_RGB('',1.E0,9.8E-1,7.2E-1);
#131=DRAUGHTING_PRE_DEFINED_COLOUR('yellow');
#132=COLOUR_RGB('',1.E0,1.E0,3.9216E-2);
#133=DRAUGHTING_PRE_DEFINED_COLOUR('white');
#138=CIRCLE('',#137,3.E-1);
#151=CIRCLE('',#150,3.E-1);
#160=CIRCLE('',#159,3.E-1);
#165=CIRCLE('',#164,3.E-1);
#198=CIRCLE('',#197,6.2E-1);
#207=CIRCLE('',#206,3.02E-1);
#224=CIRCLE('',#223,3.02E-1);
#233=CIRCLE('',#232,6.2E-1);
#242=CIRCLE('',#241,9.035677236805E-1);
#247=CIRCLE('',#246,9.035677236805E-1);
#296=CIRCLE('',#295,2.5E-1);
#306=B_SPLINE_CURVE_WITH_KNOTS('',3,(#297,#298,#299,#300,#301,#302,#303,#304,
#305),.UNSPECIFIED.,.F.,.F.,(4,1,1,1,1,1,4),(0.E0,1.25E-1,2.5E-1,5.E-1,7.5E-1,
8.75E-1,1.E0),.UNSPECIFIED.);
#316=B_SPLINE_CURVE_WITH_KNOTS('',3,(#307,#308,#309,#310,#311,#312,#313,#314,
#315),.UNSPECIFIED.,.F.,.F.,(4,1,1,1,1,1,4),(0.E0,1.25E-1,2.5E-1,5.E-1,7.5E-1,
8.75E-1,1.E0),.UNSPECIFIED.);
#321=CIRCLE('',#320,2.5E-1);
#330=CIRCLE('',#329,9.035677236805E-1);
#343=CIRCLE('',#342,9.035677236805E-1);
#389=B_SPLINE_CURVE_WITH_KNOTS('',3,(#380,#381,#382,#383,#384,#385,#386,#387,
#388),.UNSPECIFIED.,.F.,.F.,(4,1,1,1,1,1,4),(0.E0,1.25E-1,2.5E-1,5.E-1,7.5E-1,
8.75E-1,1.E0),.UNSPECIFIED.);
#399=B_SPLINE_CURVE_WITH_KNOTS('',3,(#390,#391,#392,#393,#394,#395,#396,#397,
#398),.UNSPECIFIED.,.F.,.F.,(4,1,1,1,1,1,4),(0.E0,1.25E-1,2.5E-1,5.E-1,7.5E-1,
8.75E-1,1.E0),.UNSPECIFIED.);
#404=CIRCLE('',#403,2.5E-1);
#409=CIRCLE('',#408,2.5E-1);
#439=B_SPLINE_CURVE_WITH_KNOTS('',3,(#430,#431,#432,#433,#434,#435,#436,#437,
#438),.UNSPECIFIED.,.F.,.F.,(4,1,1,1,1,1,4),(0.E0,1.25E-1,2.5E-1,5.E-1,7.5E-1,
8.75E-1,1.E0),.UNSPECIFIED.);
#457=B_SPLINE_CURVE_WITH_KNOTS('',3,(#448,#449,#450,#451,#452,#453,#454,#455,
#456),.UNSPECIFIED.,.F.,.F.,(4,1,1,1,1,1,4),(0.E0,1.25E-1,2.5E-1,5.E-1,7.5E-1,
8.75E-1,1.E0),.UNSPECIFIED.);
#471=B_SPLINE_CURVE_WITH_KNOTS('',3,(#462,#463,#464,#465,#466,#467,#468,#469,
#470),.UNSPECIFIED.,.F.,.F.,(4,1,1,1,1,1,4),(0.E0,1.25E-1,2.5E-1,5.E-1,7.5E-1,
8.75E-1,1.E0),.UNSPECIFIED.);
#481=B_SPLINE_CURVE_WITH_KNOTS('',3,(#472,#473,#474,#475,#476,#477,#478,#479,
#480),.UNSPECIFIED.,.F.,.F.,(4,1,1,1,1,1,4),(0.E0,1.25E-1,2.5E-1,5.E-1,7.5E-1,
8.75E-1,1.E0),.UNSPECIFIED.);
#519=B_SPLINE_CURVE_WITH_KNOTS('',3,(#506,#507,#508,#509,#510,#511,#512,#513,
#514,#515,#516,#517,#518),.UNSPECIFIED.,.F.,.F.,(4,1,1,1,1,1,1,1,1,1,4),(0.E0,
6.25E-2,1.25E-1,2.5E-1,3.75E-1,5.E-1,6.25E-1,7.5E-1,8.75E-1,9.375E-1,1.E0),
.UNSPECIFIED.);
#533=B_SPLINE_CURVE_WITH_KNOTS('',3,(#520,#521,#522,#523,#524,#525,#526,#527,
#528,#529,#530,#531,#532),.UNSPECIFIED.,.F.,.F.,(4,1,1,1,1,1,1,1,1,1,4),(0.E0,
6.25E-2,1.25E-1,2.5E-1,3.75E-1,5.E-1,6.25E-1,7.5E-1,8.75E-1,9.375E-1,1.E0),
.UNSPECIFIED.);
#555=B_SPLINE_CURVE_WITH_KNOTS('',3,(#546,#547,#548,#549,#550,#551,#552,#553,
#554),.UNSPECIFIED.,.F.,.F.,(4,1,1,1,1,1,4),(0.E0,1.25E-1,2.5E-1,5.E-1,7.5E-1,
8.75E-1,1.E0),.UNSPECIFIED.);
#565=B_SPLINE_CURVE_WITH_KNOTS('',3,(#556,#557,#558,#559,#560,#561,#562,#563,
#564),.UNSPECIFIED.,.F.,.F.,(4,1,1,1,1,1,4),(0.E0,1.25E-1,2.5E-1,5.E-1,7.5E-1,
8.75E-1,1.E0),.UNSPECIFIED.);
#577=B_SPLINE_CURVE_WITH_KNOTS('',3,(#570,#571,#572,#573,#574,#575,#576),
.UNSPECIFIED.,.F.,.F.,(4,1,1,1,4),(0.E0,2.5E-1,5.E-1,7.5E-1,1.E0),
.UNSPECIFIED.);
#585=B_SPLINE_CURVE_WITH_KNOTS('',3,(#578,#579,#580,#581,#582,#583,#584),
.UNSPECIFIED.,.F.,.F.,(4,1,1,1,4),(0.E0,2.5E-1,5.E-1,7.5E-1,1.E0),
.UNSPECIFIED.);
#605=B_SPLINE_CURVE_WITH_KNOTS('',3,(#590,#591,#592,#593,#594,#595,#596,#597,
#598,#599,#600,#601,#602,#603,#604),.UNSPECIFIED.,.F.,.F.,(4,1,1,1,1,1,1,1,1,1,
1,1,4),(0.E0,6.25E-2,1.25E-1,1.875E-1,2.5E-1,3.75E-1,5.E-1,6.25E-1,7.5E-1,
8.125E-1,8.75E-1,9.375E-1,1.E0),.UNSPECIFIED.);
#621=B_SPLINE_CURVE_WITH_KNOTS('',3,(#606,#607,#608,#609,#610,#611,#612,#613,
#614,#615,#616,#617,#618,#619,#620),.UNSPECIFIED.,.F.,.F.,(4,1,1,1,1,1,1,1,1,1,
1,1,4),(0.E0,6.25E-2,1.25E-1,1.875E-1,2.5E-1,3.75E-1,5.E-1,6.25E-1,7.5E-1,
8.125E-1,8.75E-1,9.375E-1,1.E0),.UNSPECIFIED.);
#658=CIRCLE('',#657,9.035677236805E-1);
#675=CIRCLE('',#674,9.035677236805E-1);
#712=CIRCLE('',#711,2.5E-1);
#722=B_SPLINE_CURVE_WITH_KNOTS('',3,(#713,#714,#715,#716,#717,#718,#719,#720,
#721),.UNSPECIFIED.,.F.,.F.,(4,1,1,1,1,1,4),(0.E0,1.25E-1,2.5E-1,5.E-1,7.5E-1,
8.75E-1,1.E0),.UNSPECIFIED.);
#732=B_SPLINE_CURVE_WITH_KNOTS('',3,(#723,#724,#725,#726,#727,#728,#729,#730,
#731),.UNSPECIFIED.,.F.,.F.,(4,1,1,1,1,1,4),(0.E0,1.25E-1,2.5E-1,5.E-1,7.5E-1,
8.75E-1,1.E0),.UNSPECIFIED.);
#737=CIRCLE('',#736,2.5E-1);
#742=CIRCLE('',#741,9.035677236805E-1);
#747=CIRCLE('',#746,9.035677236805E-1);
#777=B_SPLINE_CURVE_WITH_KNOTS('',3,(#768,#769,#770,#771,#772,#773,#774,#775,
#776),.UNSPECIFIED.,.F.,.F.,(4,1,1,1,1,1,4),(0.E0,1.25E-1,2.5E-1,5.E-1,7.5E-1,
8.75E-1,1.E0),.UNSPECIFIED.);
#787=B_SPLINE_CURVE_WITH_KNOTS('',3,(#778,#779,#780,#781,#782,#783,#784,#785,
#786),.UNSPECIFIED.,.F.,.F.,(4,1,1,1,1,1,4),(0.E0,1.25E-1,2.5E-1,5.E-1,7.5E-1,
8.75E-1,1.E0),.UNSPECIFIED.);
#792=CIRCLE('',#791,2.5E-1);
#797=CIRCLE('',#796,2.5E-1);
#815=B_SPLINE_CURVE_WITH_KNOTS('',3,(#806,#807,#808,#809,#810,#811,#812,#813,
#814),.UNSPECIFIED.,.F.,.F.,(4,1,1,1,1,1,4),(0.E0,1.25E-1,2.5E-1,5.E-1,7.5E-1,
8.75E-1,1.E0),.UNSPECIFIED.);
#833=B_SPLINE_CURVE_WITH_KNOTS('',3,(#824,#825,#826,#827,#828,#829,#830,#831,
#832),.UNSPECIFIED.,.F.,.F.,(4,1,1,1,1,1,4),(0.E0,1.25E-1,2.5E-1,5.E-1,7.5E-1,
8.75E-1,1.E0),.UNSPECIFIED.);
#847=B_SPLINE_CURVE_WITH_KNOTS('',3,(#838,#839,#840,#841,#842,#843,#844,#845,
#846),.UNSPECIFIED.,.F.,.F.,(4,1,1,1,1,1,4),(0.E0,1.25E-1,2.5E-1,5.E-1,7.5E-1,
8.75E-1,1.E0),.UNSPECIFIED.);
#857=B_SPLINE_CURVE_WITH_KNOTS('',3,(#848,#849,#850,#851,#852,#853,#854,#855,
#856),.UNSPECIFIED.,.F.,.F.,(4,1,1,1,1,1,4),(0.E0,1.25E-1,2.5E-1,5.E-1,7.5E-1,
8.75E-1,1.E0),.UNSPECIFIED.);
#897=B_SPLINE_CURVE_WITH_KNOTS('',3,(#882,#883,#884,#885,#886,#887,#888,#889,
#890,#891,#892,#893,#894,#895,#896),.UNSPECIFIED.,.F.,.F.,(4,1,1,1,1,1,1,1,1,1,
1,1,4),(0.E0,6.25E-2,1.25E-1,1.875E-1,2.5E-1,3.75E-1,5.E-1,6.25E-1,7.5E-1,
8.125E-1,8.75E-1,9.375E-1,1.E0),.UNSPECIFIED.);
#913=B_SPLINE_CURVE_WITH_KNOTS('',3,(#898,#899,#900,#901,#902,#903,#904,#905,
#906,#907,#908,#909,#910,#911,#912),.UNSPECIFIED.,.F.,.F.,(4,1,1,1,1,1,1,1,1,1,
1,1,4),(0.E0,6.25E-2,1.25E-1,1.875E-1,2.5E-1,3.75E-1,5.E-1,6.25E-1,7.5E-1,
8.125E-1,8.75E-1,9.375E-1,1.E0),.UNSPECIFIED.);
#933=B_SPLINE_CURVE_WITH_KNOTS('',3,(#926,#927,#928,#929,#930,#931,#932),
.UNSPECIFIED.,.F.,.F.,(4,1,1,1,4),(0.E0,2.5E-1,5.E-1,7.5E-1,1.E0),
.UNSPECIFIED.);
#941=B_SPLINE_CURVE_WITH_KNOTS('',3,(#934,#935,#936,#937,#938,#939,#940),
.UNSPECIFIED.,.F.,.F.,(4,1,1,1,4),(0.E0,2.5E-1,5.E-1,7.5E-1,1.E0),
.UNSPECIFIED.);
#971=B_SPLINE_CURVE_WITH_KNOTS('',3,(#962,#963,#964,#965,#966,#967,#968,#969,
#970),.UNSPECIFIED.,.F.,.F.,(4,1,1,1,1,1,4),(0.E0,1.25E-1,2.5E-1,5.E-1,7.5E-1,
8.75E-1,1.E0),.UNSPECIFIED.);
#981=B_SPLINE_CURVE_WITH_KNOTS('',3,(#972,#973,#974,#975,#976,#977,#978,#979,
#980),.UNSPECIFIED.,.F.,.F.,(4,1,1,1,1,1,4),(0.E0,1.25E-1,2.5E-1,5.E-1,7.5E-1,
8.75E-1,1.E0),.UNSPECIFIED.);
#999=B_SPLINE_CURVE_WITH_KNOTS('',3,(#986,#987,#988,#989,#990,#991,#992,#993,
#994,#995,#996,#997,#998),.UNSPECIFIED.,.F.,.F.,(4,1,1,1,1,1,1,1,1,1,4),(0.E0,
6.25E-2,1.25E-1,2.5E-1,3.75E-1,5.E-1,6.25E-1,7.5E-1,8.75E-1,9.375E-1,1.E0),
.UNSPECIFIED.);
#1013=B_SPLINE_CURVE_WITH_KNOTS('',3,(#1000,#1001,#1002,#1003,#1004,#1005,#1006,
#1007,#1008,#1009,#1010,#1011,#1012),.UNSPECIFIED.,.F.,.F.,(4,1,1,1,1,1,1,1,1,1,
4),(0.E0,6.25E-2,1.25E-1,2.5E-1,3.75E-1,5.E-1,6.25E-1,7.5E-1,8.75E-1,9.375E-1,
1.E0),.UNSPECIFIED.);
#1051=B_SPLINE_CURVE_WITH_KNOTS('',3,(#1042,#1043,#1044,#1045,#1046,#1047,#1048,
#1049,#1050),.UNSPECIFIED.,.F.,.F.,(4,1,1,1,1,1,4),(0.E0,1.25E-1,2.5E-1,5.E-1,
7.5E-1,8.75E-1,1.E0),.UNSPECIFIED.);
#1061=B_SPLINE_CURVE_WITH_KNOTS('',3,(#1052,#1053,#1054,#1055,#1056,#1057,#1058,
#1059,#1060),.UNSPECIFIED.,.F.,.F.,(4,1,1,1,1,1,4),(0.E0,1.25E-1,2.5E-1,5.E-1,
7.5E-1,8.75E-1,1.E0),.UNSPECIFIED.);
#1095=B_SPLINE_CURVE_WITH_KNOTS('',3,(#1086,#1087,#1088,#1089,#1090,#1091,#1092,
#1093,#1094),.UNSPECIFIED.,.F.,.F.,(4,1,1,1,1,1,4),(0.E0,1.25E-1,2.5E-1,5.E-1,
7.5E-1,8.75E-1,1.E0),.UNSPECIFIED.);
#1113=B_SPLINE_CURVE_WITH_KNOTS('',3,(#1104,#1105,#1106,#1107,#1108,#1109,#1110,
#1111,#1112),.UNSPECIFIED.,.F.,.F.,(4,1,1,1,1,1,4),(0.E0,1.25E-1,2.5E-1,5.E-1,
7.5E-1,8.75E-1,1.E0),.UNSPECIFIED.);
#1131=B_SPLINE_CURVE_WITH_KNOTS('',3,(#1118,#1119,#1120,#1121,#1122,#1123,#1124,
#1125,#1126,#1127,#1128,#1129,#1130),.UNSPECIFIED.,.F.,.F.,(4,1,1,1,1,1,1,1,1,1,
4),(0.E0,6.25E-2,1.25E-1,2.5E-1,3.75E-1,5.E-1,6.25E-1,7.5E-1,8.75E-1,9.375E-1,
1.E0),.UNSPECIFIED.);
#1145=B_SPLINE_CURVE_WITH_KNOTS('',3,(#1132,#1133,#1134,#1135,#1136,#1137,#1138,
#1139,#1140,#1141,#1142,#1143,#1144),.UNSPECIFIED.,.F.,.F.,(4,1,1,1,1,1,1,1,1,1,
4),(0.E0,6.25E-2,1.25E-1,2.5E-1,3.75E-1,5.E-1,6.25E-1,7.5E-1,8.75E-1,9.375E-1,
1.E0),.UNSPECIFIED.);
#1159=B_SPLINE_CURVE_WITH_KNOTS('',3,(#1150,#1151,#1152,#1153,#1154,#1155,#1156,
#1157,#1158),.UNSPECIFIED.,.F.,.F.,(4,1,1,1,1,1,4),(0.E0,1.25E-1,2.5E-1,5.E-1,
7.5E-1,8.75E-1,1.E0),.UNSPECIFIED.);
#1169=B_SPLINE_CURVE_WITH_KNOTS('',3,(#1160,#1161,#1162,#1163,#1164,#1165,#1166,
#1167,#1168),.UNSPECIFIED.,.F.,.F.,(4,1,1,1,1,1,4),(0.E0,1.25E-1,2.5E-1,5.E-1,
7.5E-1,8.75E-1,1.E0),.UNSPECIFIED.);
#1186=CIRCLE('',#1185,2.5E-1);
#1191=CIRCLE('',#1190,2.5E-1);
#1201=B_SPLINE_CURVE_WITH_KNOTS('',3,(#1192,#1193,#1194,#1195,#1196,#1197,#1198,
#1199,#1200),.UNSPECIFIED.,.F.,.F.,(4,1,1,1,1,1,4),(0.E0,1.25E-1,2.5E-1,5.E-1,
7.5E-1,8.75E-1,1.E0),.UNSPECIFIED.);
#1211=B_SPLINE_CURVE_WITH_KNOTS('',3,(#1202,#1203,#1204,#1205,#1206,#1207,#1208,
#1209,#1210),.UNSPECIFIED.,.F.,.F.,(4,1,1,1,1,1,4),(0.E0,1.25E-1,2.5E-1,5.E-1,
7.5E-1,8.75E-1,1.E0),.UNSPECIFIED.);
#1237=B_SPLINE_CURVE_WITH_KNOTS('',3,(#1228,#1229,#1230,#1231,#1232,#1233,#1234,
#1235,#1236),.UNSPECIFIED.,.F.,.F.,(4,1,1,1,1,1,4),(0.E0,1.25E-1,2.5E-1,5.E-1,
7.5E-1,8.75E-1,1.E0),.UNSPECIFIED.);
#1247=B_SPLINE_CURVE_WITH_KNOTS('',3,(#1238,#1239,#1240,#1241,#1242,#1243,#1244,
#1245,#1246),.UNSPECIFIED.,.F.,.F.,(4,1,1,1,1,1,4),(0.E0,1.25E-1,2.5E-1,5.E-1,
7.5E-1,8.75E-1,1.E0),.UNSPECIFIED.);
#1252=CIRCLE('',#1251,2.5E-1);
#1257=CIRCLE('',#1256,2.5E-1);
#1274=CIRCLE('',#1273,2.5E-1);
#1284=B_SPLINE_CURVE_WITH_KNOTS('',3,(#1275,#1276,#1277,#1278,#1279,#1280,#1281,
#1282,#1283),.UNSPECIFIED.,.F.,.F.,(4,1,1,1,1,1,4),(0.E0,1.25E-1,2.5E-1,5.E-1,
7.5E-1,8.75E-1,1.E0),.UNSPECIFIED.);
#1294=B_SPLINE_CURVE_WITH_KNOTS('',3,(#1285,#1286,#1287,#1288,#1289,#1290,#1291,
#1292,#1293),.UNSPECIFIED.,.F.,.F.,(4,1,1,1,1,1,4),(0.E0,1.25E-1,2.5E-1,5.E-1,
7.5E-1,8.75E-1,1.E0),.UNSPECIFIED.);
#1299=CIRCLE('',#1298,2.5E-1);
#1333=B_SPLINE_CURVE_WITH_KNOTS('',3,(#1324,#1325,#1326,#1327,#1328,#1329,#1330,
#1331,#1332),.UNSPECIFIED.,.F.,.F.,(4,1,1,1,1,1,4),(0.E0,1.25E-1,2.5E-1,5.E-1,
7.5E-1,8.75E-1,1.E0),.UNSPECIFIED.);
#1343=B_SPLINE_CURVE_WITH_KNOTS('',3,(#1334,#1335,#1336,#1337,#1338,#1339,#1340,
#1341,#1342),.UNSPECIFIED.,.F.,.F.,(4,1,1,1,1,1,4),(0.E0,1.25E-1,2.5E-1,5.E-1,
7.5E-1,8.75E-1,1.E0),.UNSPECIFIED.);
#1377=B_SPLINE_CURVE_WITH_KNOTS('',3,(#1368,#1369,#1370,#1371,#1372,#1373,#1374,
#1375,#1376),.UNSPECIFIED.,.F.,.F.,(4,1,1,1,1,1,4),(0.E0,1.25E-1,2.5E-1,5.E-1,
7.5E-1,8.75E-1,1.E0),.UNSPECIFIED.);
#1395=B_SPLINE_CURVE_WITH_KNOTS('',3,(#1386,#1387,#1388,#1389,#1390,#1391,#1392,
#1393,#1394),.UNSPECIFIED.,.F.,.F.,(4,1,1,1,1,1,4),(0.E0,1.25E-1,2.5E-1,5.E-1,
7.5E-1,8.75E-1,1.E0),.UNSPECIFIED.);
#1415=B_SPLINE_CURVE_WITH_KNOTS('',3,(#1400,#1401,#1402,#1403,#1404,#1405,#1406,
#1407,#1408,#1409,#1410,#1411,#1412,#1413,#1414),.UNSPECIFIED.,.F.,.F.,(4,1,1,1,
1,1,1,1,1,1,1,1,4),(0.E0,6.25E-2,1.25E-1,1.875E-1,2.5E-1,3.75E-1,5.E-1,6.25E-1,
7.5E-1,8.125E-1,8.75E-1,9.375E-1,1.E0),.UNSPECIFIED.);
#1431=B_SPLINE_CURVE_WITH_KNOTS('',3,(#1416,#1417,#1418,#1419,#1420,#1421,#1422,
#1423,#1424,#1425,#1426,#1427,#1428,#1429,#1430),.UNSPECIFIED.,.F.,.F.,(4,1,1,1,
1,1,1,1,1,1,1,1,4),(0.E0,6.25E-2,1.25E-1,1.875E-1,2.5E-1,3.75E-1,5.E-1,6.25E-1,
7.5E-1,8.125E-1,8.75E-1,9.375E-1,1.E0),.UNSPECIFIED.);
#1443=B_SPLINE_CURVE_WITH_KNOTS('',3,(#1436,#1437,#1438,#1439,#1440,#1441,
#1442),.UNSPECIFIED.,.F.,.F.,(4,1,1,1,4),(0.E0,2.5E-1,5.E-1,7.5E-1,1.E0),
.UNSPECIFIED.);
#1451=B_SPLINE_CURVE_WITH_KNOTS('',3,(#1444,#1445,#1446,#1447,#1448,#1449,
#1450),.UNSPECIFIED.,.F.,.F.,(4,1,1,1,4),(0.E0,2.5E-1,5.E-1,7.5E-1,1.E0),
.UNSPECIFIED.);
#1473=B_SPLINE_CURVE_WITH_KNOTS('',3,(#1464,#1465,#1466,#1467,#1468,#1469,#1470,
#1471,#1472),.UNSPECIFIED.,.F.,.F.,(4,1,1,1,1,1,4),(0.E0,1.25E-1,2.5E-1,5.E-1,
7.5E-1,8.75E-1,1.E0),.UNSPECIFIED.);
#1483=B_SPLINE_CURVE_WITH_KNOTS('',3,(#1474,#1475,#1476,#1477,#1478,#1479,#1480,
#1481,#1482),.UNSPECIFIED.,.F.,.F.,(4,1,1,1,1,1,4),(0.E0,1.25E-1,2.5E-1,5.E-1,
7.5E-1,8.75E-1,1.E0),.UNSPECIFIED.);
#1501=B_SPLINE_CURVE_WITH_KNOTS('',3,(#1488,#1489,#1490,#1491,#1492,#1493,#1494,
#1495,#1496,#1497,#1498,#1499,#1500),.UNSPECIFIED.,.F.,.F.,(4,1,1,1,1,1,1,1,1,1,
4),(0.E0,6.25E-2,1.25E-1,2.5E-1,3.75E-1,5.E-1,6.25E-1,7.5E-1,8.75E-1,9.375E-1,
1.E0),.UNSPECIFIED.);
#1515=B_SPLINE_CURVE_WITH_KNOTS('',3,(#1502,#1503,#1504,#1505,#1506,#1507,#1508,
#1509,#1510,#1511,#1512,#1513,#1514),.UNSPECIFIED.,.F.,.F.,(4,1,1,1,1,1,1,1,1,1,
4),(0.E0,6.25E-2,1.25E-1,2.5E-1,3.75E-1,5.E-1,6.25E-1,7.5E-1,8.75E-1,9.375E-1,
1.E0),.UNSPECIFIED.);
#1548=CIRCLE('',#1547,2.5E-1);
#1558=B_SPLINE_CURVE_WITH_KNOTS('',3,(#1549,#1550,#1551,#1552,#1553,#1554,#1555,
#1556,#1557),.UNSPECIFIED.,.F.,.F.,(4,1,1,1,1,1,4),(0.E0,1.25E-1,2.5E-1,5.E-1,
7.5E-1,8.75E-1,1.E0),.UNSPECIFIED.);
#1568=B_SPLINE_CURVE_WITH_KNOTS('',3,(#1559,#1560,#1561,#1562,#1563,#1564,#1565,
#1566,#1567),.UNSPECIFIED.,.F.,.F.,(4,1,1,1,1,1,4),(0.E0,1.25E-1,2.5E-1,5.E-1,
7.5E-1,8.75E-1,1.E0),.UNSPECIFIED.);
#1573=CIRCLE('',#1572,2.5E-1);
#1593=B_SPLINE_CURVE_WITH_KNOTS('',3,(#1586,#1587,#1588,#1589,#1590,#1591,
#1592),.UNSPECIFIED.,.F.,.F.,(4,1,1,1,4),(0.E0,2.5E-1,5.E-1,7.5E-1,1.E0),
.UNSPECIFIED.);
#1601=B_SPLINE_CURVE_WITH_KNOTS('',3,(#1594,#1595,#1596,#1597,#1598,#1599,
#1600),.UNSPECIFIED.,.F.,.F.,(4,1,1,1,4),(0.E0,2.5E-1,5.E-1,7.5E-1,1.E0),
.UNSPECIFIED.);
#1621=B_SPLINE_CURVE_WITH_KNOTS('',3,(#1606,#1607,#1608,#1609,#1610,#1611,#1612,
#1613,#1614,#1615,#1616,#1617,#1618,#1619,#1620),.UNSPECIFIED.,.F.,.F.,(4,1,1,1,
1,1,1,1,1,1,1,1,4),(0.E0,6.25E-2,1.25E-1,1.875E-1,2.5E-1,3.75E-1,5.E-1,6.25E-1,
7.5E-1,8.125E-1,8.75E-1,9.375E-1,1.E0),.UNSPECIFIED.);
#1637=B_SPLINE_CURVE_WITH_KNOTS('',3,(#1622,#1623,#1624,#1625,#1626,#1627,#1628,
#1629,#1630,#1631,#1632,#1633,#1634,#1635,#1636),.UNSPECIFIED.,.F.,.F.,(4,1,1,1,
1,1,1,1,1,1,1,1,4),(0.E0,6.25E-2,1.25E-1,1.875E-1,2.5E-1,3.75E-1,5.E-1,6.25E-1,
7.5E-1,8.125E-1,8.75E-1,9.375E-1,1.E0),.UNSPECIFIED.);
#1666=CIRCLE('',#1665,6.2E-1);
#1675=CIRCLE('',#1674,3.02E-1);
#1680=CIRCLE('',#1679,3.E-1);
#1697=CIRCLE('',#1696,3.E-1);
#1702=CIRCLE('',#1701,3.E-1);
#1711=CIRCLE('',#1710,3.E-1);
#1740=CIRCLE('',#1739,3.02E-1);
#1749=CIRCLE('',#1748,6.2E-1);
#1770=B_SPLINE_CURVE_WITH_KNOTS('',3,(#1750,#1751,#1752,#1753,#1754,#1755,#1756,
#1757,#1758,#1759,#1760,#1761,#1762,#1763,#1764,#1765,#1766,#1767,#1768,#1769),
.UNSPECIFIED.,.F.,.F.,(4,1,1,1,1,1,1,1,1,1,1,1,1,1,1,1,1,4),(0.E0,
5.882352941176E-2,1.176470588235E-1,1.764705882353E-1,2.352941176471E-1,
2.941176470588E-1,3.529411764706E-1,4.117647058824E-1,4.705882352941E-1,
5.294117647059E-1,5.882352941176E-1,6.470588235294E-1,7.058823529412E-1,
7.647058823529E-1,8.235294117647E-1,8.823529411765E-1,9.411764705882E-1,1.E0),
.UNSPECIFIED.);
#1797=B_SPLINE_CURVE_WITH_KNOTS('',3,(#1771,#1772,#1773,#1774,#1775,#1776,#1777,
#1778,#1779,#1780,#1781,#1782,#1783,#1784,#1785,#1786,#1787,#1788,#1789,#1790,
#1791,#1792,#1793,#1794,#1795,#1796),.UNSPECIFIED.,.F.,.F.,(4,1,1,1,1,1,1,1,1,1,
1,1,1,1,1,1,1,1,1,1,1,1,1,4),(0.E0,4.347826086957E-2,8.695652173913E-2,
1.304347826087E-1,1.739130434783E-1,2.173913043478E-1,2.608695652174E-1,
3.043478260870E-1,3.478260869565E-1,3.913043478261E-1,4.347826086957E-1,
4.782608695652E-1,5.217391304348E-1,5.652173913043E-1,6.086956521739E-1,
6.521739130435E-1,6.956521739130E-1,7.391304347826E-1,7.826086956522E-1,
8.260869565217E-1,8.695652173913E-1,9.130434782609E-1,9.565217391304E-1,1.E0),
.UNSPECIFIED.);
#1810=CIRCLE('',#1809,6.38E-1);
#1823=CIRCLE('',#1822,6.38E-1);
#1836=CIRCLE('',#1835,6.38E-1);
#1849=CIRCLE('',#1848,6.38E-1);
#1876=B_SPLINE_CURVE_WITH_KNOTS('',3,(#1850,#1851,#1852,#1853,#1854,#1855,#1856,
#1857,#1858,#1859,#1860,#1861,#1862,#1863,#1864,#1865,#1866,#1867,#1868,#1869,
#1870,#1871,#1872,#1873,#1874,#1875),.UNSPECIFIED.,.F.,.F.,(4,1,1,1,1,1,1,1,1,1,
1,1,1,1,1,1,1,1,1,1,1,1,1,4),(0.E0,4.347826086957E-2,8.695652173913E-2,
1.304347826087E-1,1.739130434783E-1,2.173913043478E-1,2.608695652174E-1,
3.043478260870E-1,3.478260869565E-1,3.913043478261E-1,4.347826086957E-1,
4.782608695652E-1,5.217391304348E-1,5.652173913043E-1,6.086956521739E-1,
6.521739130435E-1,6.956521739130E-1,7.391304347826E-1,7.826086956522E-1,
8.260869565217E-1,8.695652173913E-1,9.130434782609E-1,9.565217391304E-1,1.E0),
.UNSPECIFIED.);
#1897=B_SPLINE_CURVE_WITH_KNOTS('',3,(#1877,#1878,#1879,#1880,#1881,#1882,#1883,
#1884,#1885,#1886,#1887,#1888,#1889,#1890,#1891,#1892,#1893,#1894,#1895,#1896),
.UNSPECIFIED.,.F.,.F.,(4,1,1,1,1,1,1,1,1,1,1,1,1,1,1,1,1,4),(0.E0,
5.882352941176E-2,1.176470588235E-1,1.764705882353E-1,2.352941176471E-1,
2.941176470588E-1,3.529411764706E-1,4.117647058824E-1,4.705882352941E-1,
5.294117647059E-1,5.882352941176E-1,6.470588235294E-1,7.058823529412E-1,
7.647058823529E-1,8.235294117647E-1,8.823529411765E-1,9.411764705882E-1,1.E0),
.UNSPECIFIED.);
#1906=CIRCLE('',#1905,1.3E-1);
#1915=CIRCLE('',#1914,1.3E-1);
#1924=CIRCLE('',#1923,1.3E-1);
#1933=CIRCLE('',#1932,1.3E-1);
#1950=CIRCLE('',#1949,2.5E-1);
#1959=CIRCLE('',#1958,1.3E-1);
#1968=CIRCLE('',#1967,1.3E-1);
#1977=CIRCLE('',#1976,2.5E-1);
#2038=CIRCLE('',#2037,1.3E-1);
#2047=CIRCLE('',#2046,1.3E-1);
#2056=CIRCLE('',#2055,1.3E-1);
#2065=CIRCLE('',#2064,1.3E-1);
#2114=CIRCLE('',#2113,1.3E-1);
#2123=CIRCLE('',#2122,1.3E-1);
#2132=CIRCLE('',#2131,1.3E-1);
#2141=CIRCLE('',#2140,1.3E-1);
#2170=CIRCLE('',#2169,1.3E-1);
#2179=CIRCLE('',#2178,1.3E-1);
#2188=CIRCLE('',#2187,1.3E-1);
#2197=CIRCLE('',#2196,1.3E-1);
#2214=CIRCLE('',#2213,2.5E-1);
#2223=CIRCLE('',#2222,1.3E-1);
#2232=CIRCLE('',#2231,1.3E-1);
#2241=CIRCLE('',#2240,2.5E-1);
#2374=CIRCLE('',#2373,2.5E-1);
#2379=CIRCLE('',#2378,2.5E-1);
#2416=CIRCLE('',#2415,2.5E-1);
#2421=CIRCLE('',#2420,2.5E-1);
#2434=CIRCLE('',#2433,2.5E-1);
#2443=CIRCLE('',#2442,1.3E-1);
#2452=CIRCLE('',#2451,1.3E-1);
#2461=CIRCLE('',#2460,2.5E-1);
#2490=CIRCLE('',#2489,2.5E-1);
#2495=CIRCLE('',#2494,2.5E-1);
#2505=B_SPLINE_CURVE_WITH_KNOTS('',3,(#2496,#2497,#2498,#2499,#2500,#2501,#2502,
#2503,#2504),.UNSPECIFIED.,.F.,.F.,(4,1,1,1,1,1,4),(0.E0,1.666666666667E-1,
3.333333333333E-1,5.E-1,6.666666666667E-1,8.333333333333E-1,1.E0),
.UNSPECIFIED.);
#2513=B_SPLINE_CURVE_WITH_KNOTS('',3,(#2506,#2507,#2508,#2509,#2510,#2511,
#2512),.UNSPECIFIED.,.F.,.F.,(4,1,1,1,4),(0.E0,2.5E-1,5.E-1,7.5E-1,1.E0),
.UNSPECIFIED.);
#2519=B_SPLINE_CURVE_WITH_KNOTS('',3,(#2514,#2515,#2516,#2517,#2518),
.UNSPECIFIED.,.F.,.F.,(4,1,4),(0.E0,5.E-1,1.E0),.UNSPECIFIED.);
#2532=B_SPLINE_CURVE_WITH_KNOTS('',3,(#2520,#2521,#2522,#2523,#2524,#2525,#2526,
#2527,#2528,#2529,#2530,#2531),.UNSPECIFIED.,.F.,.F.,(4,1,1,1,1,1,1,1,1,4),
(0.E0,1.111111111111E-1,2.222222222222E-1,3.333333333333E-1,4.444444444444E-1,
5.555555555556E-1,6.666666666667E-1,7.777777777778E-1,8.888888888889E-1,1.E0),
.UNSPECIFIED.);
#2537=B_SPLINE_CURVE_WITH_KNOTS('',3,(#2533,#2534,#2535,#2536),.UNSPECIFIED.,
.F.,.F.,(4,4),(0.E0,1.E0),.UNSPECIFIED.);
#2586=B_SPLINE_CURVE_WITH_KNOTS('',3,(#2562,#2563,#2564,#2565,#2566,#2567,#2568,
#2569,#2570,#2571,#2572,#2573,#2574,#2575,#2576,#2577,#2578,#2579,#2580,#2581,
#2582,#2583,#2584,#2585),.UNSPECIFIED.,.F.,.F.,(4,1,1,1,1,1,1,1,1,1,1,1,1,1,1,1,
1,1,1,1,1,4),(0.E0,4.761904761905E-2,9.523809523810E-2,1.428571428571E-1,
1.904761904762E-1,2.380952380952E-1,2.857142857143E-1,3.333333333333E-1,
3.809523809524E-1,4.285714285714E-1,4.761904761905E-1,5.238095238095E-1,
5.714285714286E-1,6.190476190476E-1,6.666666666667E-1,7.142857142857E-1,
7.619047619048E-1,8.095238095238E-1,8.571428571429E-1,9.047619047619E-1,
9.523809523810E-1,1.E0),.UNSPECIFIED.);
#2615=B_SPLINE_CURVE_WITH_KNOTS('',3,(#2591,#2592,#2593,#2594,#2595,#2596,#2597,
#2598,#2599,#2600,#2601,#2602,#2603,#2604,#2605,#2606,#2607,#2608,#2609,#2610,
#2611,#2612,#2613,#2614),.UNSPECIFIED.,.F.,.F.,(4,1,1,1,1,1,1,1,1,1,1,1,1,1,1,1,
1,1,1,1,1,4),(0.E0,4.761904761905E-2,9.523809523810E-2,1.428571428571E-1,
1.904761904762E-1,2.380952380952E-1,2.857142857143E-1,3.333333333333E-1,
3.809523809524E-1,4.285714285714E-1,4.761904761905E-1,5.238095238095E-1,
5.714285714286E-1,6.190476190476E-1,6.666666666667E-1,7.142857142857E-1,
7.619047619048E-1,8.095238095238E-1,8.571428571429E-1,9.047619047619E-1,
9.523809523810E-1,1.E0),.UNSPECIFIED.);
#2641=B_SPLINE_CURVE_WITH_KNOTS('',3,(#2620,#2621,#2622,#2623,#2624,#2625,#2626,
#2627,#2628,#2629,#2630,#2631,#2632,#2633,#2634,#2635,#2636,#2637,#2638,#2639,
#2640),.UNSPECIFIED.,.F.,.F.,(4,1,1,1,1,1,1,1,1,1,1,1,1,1,1,1,1,1,4),(0.E0,
5.555555555556E-2,1.111111111111E-1,1.666666666667E-1,2.222222222222E-1,
2.777777777778E-1,3.333333333333E-1,3.888888888889E-1,4.444444444444E-1,5.E-1,
5.555555555556E-1,6.111111111111E-1,6.666666666667E-1,7.222222222222E-1,
7.777777777778E-1,8.333333333333E-1,8.888888888889E-1,9.444444444444E-1,1.E0),
.UNSPECIFIED.);
#2655=B_SPLINE_CURVE_WITH_KNOTS('',3,(#2650,#2651,#2652,#2653,#2654),
.UNSPECIFIED.,.F.,.F.,(4,1,4),(0.E0,5.E-1,1.E0),.UNSPECIFIED.);
#2663=B_SPLINE_CURVE_WITH_KNOTS('',3,(#2656,#2657,#2658,#2659,#2660,#2661,
#2662),.UNSPECIFIED.,.F.,.F.,(4,1,1,1,4),(0.E0,2.5E-1,5.E-1,7.5E-1,1.E0),
.UNSPECIFIED.);
#2673=B_SPLINE_CURVE_WITH_KNOTS('',3,(#2664,#2665,#2666,#2667,#2668,#2669,#2670,
#2671,#2672),.UNSPECIFIED.,.F.,.F.,(4,1,1,1,1,1,4),(0.E0,1.666666666667E-1,
3.333333333333E-1,5.E-1,6.666666666667E-1,8.333333333333E-1,1.E0),
.UNSPECIFIED.);
#2678=B_SPLINE_CURVE_WITH_KNOTS('',3,(#2674,#2675,#2676,#2677),.UNSPECIFIED.,
.F.,.F.,(4,4),(0.E0,1.E0),.UNSPECIFIED.);
#2691=B_SPLINE_CURVE_WITH_KNOTS('',3,(#2679,#2680,#2681,#2682,#2683,#2684,#2685,
#2686,#2687,#2688,#2689,#2690),.UNSPECIFIED.,.F.,.F.,(4,1,1,1,1,1,1,1,1,4),
(0.E0,1.111111111111E-1,2.222222222222E-1,3.333333333333E-1,4.444444444444E-1,
5.555555555556E-1,6.666666666667E-1,7.777777777778E-1,8.888888888889E-1,1.E0),
.UNSPECIFIED.);
#2729=B_SPLINE_CURVE_WITH_KNOTS('',3,(#2708,#2709,#2710,#2711,#2712,#2713,#2714,
#2715,#2716,#2717,#2718,#2719,#2720,#2721,#2722,#2723,#2724,#2725,#2726,#2727,
#2728),.UNSPECIFIED.,.F.,.F.,(4,1,1,1,1,1,1,1,1,1,1,1,1,1,1,1,1,1,4),(0.E0,
5.555555555556E-2,1.111111111111E-1,1.666666666667E-1,2.222222222222E-1,
2.777777777778E-1,3.333333333333E-1,3.888888888889E-1,4.444444444444E-1,5.E-1,
5.555555555556E-1,6.111111111111E-1,6.666666666667E-1,7.222222222222E-1,
7.777777777778E-1,8.333333333333E-1,8.888888888889E-1,9.444444444444E-1,1.E0),
.UNSPECIFIED.);
#2794=CIRCLE('',#2793,6.2E-1);
#2803=CIRCLE('',#2802,3.02E-1);
#2824=B_SPLINE_CURVE_WITH_KNOTS('',3,(#2804,#2805,#2806,#2807,#2808,#2809,#2810,
#2811,#2812,#2813,#2814,#2815,#2816,#2817,#2818,#2819,#2820,#2821,#2822,#2823),
.UNSPECIFIED.,.F.,.F.,(4,1,1,1,1,1,1,1,1,1,1,1,1,1,1,1,1,4),(0.E0,
5.882352941176E-2,1.176470588235E-1,1.764705882353E-1,2.352941176471E-1,
2.941176470588E-1,3.529411764706E-1,4.117647058824E-1,4.705882352941E-1,
5.294117647059E-1,5.882352941176E-1,6.470588235294E-1,7.058823529412E-1,
7.647058823529E-1,8.235294117647E-1,8.823529411765E-1,9.411764705882E-1,1.E0),
.UNSPECIFIED.);
#2851=B_SPLINE_CURVE_WITH_KNOTS('',3,(#2825,#2826,#2827,#2828,#2829,#2830,#2831,
#2832,#2833,#2834,#2835,#2836,#2837,#2838,#2839,#2840,#2841,#2842,#2843,#2844,
#2845,#2846,#2847,#2848,#2849,#2850),.UNSPECIFIED.,.F.,.F.,(4,1,1,1,1,1,1,1,1,1,
1,1,1,1,1,1,1,1,1,1,1,1,1,4),(0.E0,4.347826086957E-2,8.695652173913E-2,
1.304347826087E-1,1.739130434783E-1,2.173913043478E-1,2.608695652174E-1,
3.043478260870E-1,3.478260869565E-1,3.913043478261E-1,4.347826086957E-1,
4.782608695652E-1,5.217391304348E-1,5.652173913043E-1,6.086956521739E-1,
6.521739130435E-1,6.956521739130E-1,7.391304347826E-1,7.826086956522E-1,
8.260869565217E-1,8.695652173913E-1,9.130434782609E-1,9.565217391304E-1,1.E0),
.UNSPECIFIED.);
#2856=CIRCLE('',#2855,3.E-1);
#2865=CIRCLE('',#2864,3.E-1);
#2882=CIRCLE('',#2881,3.02E-1);
#2891=CIRCLE('',#2890,6.2E-1);
#2896=CIRCLE('',#2895,3.E-1);
#2913=CIRCLE('',#2912,3.E-1);
#2930=CIRCLE('',#2929,3.2E-1);
#2935=CIRCLE('',#2934,3.2E-1);
#2944=CIRCLE('',#2943,3.2E-1);
#2953=CIRCLE('',#2952,3.2E-1);
#2958=CIRCLE('',#2957,3.2E-1);
#2983=CIRCLE('',#2982,8.E-2);
#3008=CIRCLE('',#3007,8.E-2);
#3045=CIRCLE('',#3044,3.2E-1);
#3058=CIRCLE('',#3057,2.5E-1);
#3067=CIRCLE('',#3066,1.3E-1);
#3076=CIRCLE('',#3075,1.3E-1);
#3085=CIRCLE('',#3084,2.5E-1);
#3114=CIRCLE('',#3113,2.5E-1);
#3119=CIRCLE('',#3118,2.5E-1);
#3129=B_SPLINE_CURVE_WITH_KNOTS('',3,(#3120,#3121,#3122,#3123,#3124,#3125,#3126,
#3127,#3128),.UNSPECIFIED.,.F.,.F.,(4,1,1,1,1,1,4),(0.E0,1.666666666667E-1,
3.333333333333E-1,5.E-1,6.666666666667E-1,8.333333333333E-1,1.E0),
.UNSPECIFIED.);
#3137=B_SPLINE_CURVE_WITH_KNOTS('',3,(#3130,#3131,#3132,#3133,#3134,#3135,
#3136),.UNSPECIFIED.,.F.,.F.,(4,1,1,1,4),(0.E0,2.5E-1,5.E-1,7.5E-1,1.E0),
.UNSPECIFIED.);
#3143=B_SPLINE_CURVE_WITH_KNOTS('',3,(#3138,#3139,#3140,#3141,#3142),
.UNSPECIFIED.,.F.,.F.,(4,1,4),(0.E0,5.E-1,1.E0),.UNSPECIFIED.);
#3156=B_SPLINE_CURVE_WITH_KNOTS('',3,(#3144,#3145,#3146,#3147,#3148,#3149,#3150,
#3151,#3152,#3153,#3154,#3155),.UNSPECIFIED.,.F.,.F.,(4,1,1,1,1,1,1,1,1,4),
(0.E0,1.111111111111E-1,2.222222222222E-1,3.333333333333E-1,4.444444444444E-1,
5.555555555556E-1,6.666666666667E-1,7.777777777778E-1,8.888888888889E-1,1.E0),
.UNSPECIFIED.);
#3161=B_SPLINE_CURVE_WITH_KNOTS('',3,(#3157,#3158,#3159,#3160),.UNSPECIFIED.,
.F.,.F.,(4,4),(0.E0,1.E0),.UNSPECIFIED.);
#3210=B_SPLINE_CURVE_WITH_KNOTS('',3,(#3186,#3187,#3188,#3189,#3190,#3191,#3192,
#3193,#3194,#3195,#3196,#3197,#3198,#3199,#3200,#3201,#3202,#3203,#3204,#3205,
#3206,#3207,#3208,#3209),.UNSPECIFIED.,.F.,.F.,(4,1,1,1,1,1,1,1,1,1,1,1,1,1,1,1,
1,1,1,1,1,4),(0.E0,4.761904761905E-2,9.523809523810E-2,1.428571428571E-1,
1.904761904762E-1,2.380952380952E-1,2.857142857143E-1,3.333333333333E-1,
3.809523809524E-1,4.285714285714E-1,4.761904761905E-1,5.238095238095E-1,
5.714285714286E-1,6.190476190476E-1,6.666666666667E-1,7.142857142857E-1,
7.619047619048E-1,8.095238095238E-1,8.571428571429E-1,9.047619047619E-1,
9.523809523810E-1,1.E0),.UNSPECIFIED.);
#3239=B_SPLINE_CURVE_WITH_KNOTS('',3,(#3215,#3216,#3217,#3218,#3219,#3220,#3221,
#3222,#3223,#3224,#3225,#3226,#3227,#3228,#3229,#3230,#3231,#3232,#3233,#3234,
#3235,#3236,#3237,#3238),.UNSPECIFIED.,.F.,.F.,(4,1,1,1,1,1,1,1,1,1,1,1,1,1,1,1,
1,1,1,1,1,4),(0.E0,4.761904761905E-2,9.523809523810E-2,1.428571428571E-1,
1.904761904762E-1,2.380952380952E-1,2.857142857143E-1,3.333333333333E-1,
3.809523809524E-1,4.285714285714E-1,4.761904761905E-1,5.238095238095E-1,
5.714285714286E-1,6.190476190476E-1,6.666666666667E-1,7.142857142857E-1,
7.619047619048E-1,8.095238095238E-1,8.571428571429E-1,9.047619047619E-1,
9.523809523810E-1,1.E0),.UNSPECIFIED.);
#3265=B_SPLINE_CURVE_WITH_KNOTS('',3,(#3244,#3245,#3246,#3247,#3248,#3249,#3250,
#3251,#3252,#3253,#3254,#3255,#3256,#3257,#3258,#3259,#3260,#3261,#3262,#3263,
#3264),.UNSPECIFIED.,.F.,.F.,(4,1,1,1,1,1,1,1,1,1,1,1,1,1,1,1,1,1,4),(0.E0,
5.555555555556E-2,1.111111111111E-1,1.666666666667E-1,2.222222222222E-1,
2.777777777778E-1,3.333333333333E-1,3.888888888889E-1,4.444444444444E-1,5.E-1,
5.555555555556E-1,6.111111111111E-1,6.666666666667E-1,7.222222222222E-1,
7.777777777778E-1,8.333333333333E-1,8.888888888889E-1,9.444444444444E-1,1.E0),
.UNSPECIFIED.);
#3281=B_SPLINE_CURVE_WITH_KNOTS('',3,(#3274,#3275,#3276,#3277,#3278,#3279,
#3280),.UNSPECIFIED.,.F.,.F.,(4,1,1,1,4),(0.E0,2.5E-1,5.E-1,7.5E-1,1.E0),
.UNSPECIFIED.);
#3291=B_SPLINE_CURVE_WITH_KNOTS('',3,(#3282,#3283,#3284,#3285,#3286,#3287,#3288,
#3289,#3290),.UNSPECIFIED.,.F.,.F.,(4,1,1,1,1,1,4),(0.E0,1.666666666667E-1,
3.333333333333E-1,5.E-1,6.666666666667E-1,8.333333333333E-1,1.E0),
.UNSPECIFIED.);
#3296=B_SPLINE_CURVE_WITH_KNOTS('',3,(#3292,#3293,#3294,#3295),.UNSPECIFIED.,
.F.,.F.,(4,4),(0.E0,1.E0),.UNSPECIFIED.);
#3309=B_SPLINE_CURVE_WITH_KNOTS('',3,(#3297,#3298,#3299,#3300,#3301,#3302,#3303,
#3304,#3305,#3306,#3307,#3308),.UNSPECIFIED.,.F.,.F.,(4,1,1,1,1,1,1,1,1,4),
(0.E0,1.111111111111E-1,2.222222222222E-1,3.333333333333E-1,4.444444444444E-1,
5.555555555556E-1,6.666666666667E-1,7.777777777778E-1,8.888888888889E-1,1.E0),
.UNSPECIFIED.);
#3315=B_SPLINE_CURVE_WITH_KNOTS('',3,(#3310,#3311,#3312,#3313,#3314),
.UNSPECIFIED.,.F.,.F.,(4,1,4),(0.E0,5.E-1,1.E0),.UNSPECIFIED.);
#3353=B_SPLINE_CURVE_WITH_KNOTS('',3,(#3332,#3333,#3334,#3335,#3336,#3337,#3338,
#3339,#3340,#3341,#3342,#3343,#3344,#3345,#3346,#3347,#3348,#3349,#3350,#3351,
#3352),.UNSPECIFIED.,.F.,.F.,(4,1,1,1,1,1,1,1,1,1,1,1,1,1,1,1,1,1,4),(0.E0,
5.555555555556E-2,1.111111111111E-1,1.666666666667E-1,2.222222222222E-1,
2.777777777778E-1,3.333333333333E-1,3.888888888889E-1,4.444444444444E-1,5.E-1,
5.555555555556E-1,6.111111111111E-1,6.666666666667E-1,7.222222222222E-1,
7.777777777778E-1,8.333333333333E-1,8.888888888889E-1,9.444444444444E-1,1.E0),
.UNSPECIFIED.);
#3414=CIRCLE('',#3413,6.2E-1);
#3423=CIRCLE('',#3422,3.02E-1);
#3444=B_SPLINE_CURVE_WITH_KNOTS('',3,(#3424,#3425,#3426,#3427,#3428,#3429,#3430,
#3431,#3432,#3433,#3434,#3435,#3436,#3437,#3438,#3439,#3440,#3441,#3442,#3443),
.UNSPECIFIED.,.F.,.F.,(4,1,1,1,1,1,1,1,1,1,1,1,1,1,1,1,1,4),(0.E0,
5.882352941176E-2,1.176470588235E-1,1.764705882353E-1,2.352941176471E-1,
2.941176470588E-1,3.529411764706E-1,4.117647058824E-1,4.705882352941E-1,
5.294117647059E-1,5.882352941176E-1,6.470588235294E-1,7.058823529412E-1,
7.647058823529E-1,8.235294117647E-1,8.823529411765E-1,9.411764705882E-1,1.E0),
.UNSPECIFIED.);
#3471=B_SPLINE_CURVE_WITH_KNOTS('',3,(#3445,#3446,#3447,#3448,#3449,#3450,#3451,
#3452,#3453,#3454,#3455,#3456,#3457,#3458,#3459,#3460,#3461,#3462,#3463,#3464,
#3465,#3466,#3467,#3468,#3469,#3470),.UNSPECIFIED.,.F.,.F.,(4,1,1,1,1,1,1,1,1,1,
1,1,1,1,1,1,1,1,1,1,1,1,1,4),(0.E0,4.347826086957E-2,8.695652173913E-2,
1.304347826087E-1,1.739130434783E-1,2.173913043478E-1,2.608695652174E-1,
3.043478260870E-1,3.478260869565E-1,3.913043478261E-1,4.347826086957E-1,
4.782608695652E-1,5.217391304348E-1,5.652173913043E-1,6.086956521739E-1,
6.521739130435E-1,6.956521739130E-1,7.391304347826E-1,7.826086956522E-1,
8.260869565217E-1,8.695652173913E-1,9.130434782609E-1,9.565217391304E-1,1.E0),
.UNSPECIFIED.);
#3484=CIRCLE('',#3483,3.E-1);
#3497=CIRCLE('',#3496,3.E-1);
#3506=CIRCLE('',#3505,3.E-1);
#3511=CIRCLE('',#3510,3.E-1);
#3544=CIRCLE('',#3543,3.02E-1);
#3553=CIRCLE('',#3552,6.2E-1);
#3580=B_SPLINE_CURVE_WITH_KNOTS('',3,(#3554,#3555,#3556,#3557,#3558,#3559,#3560,
#3561,#3562,#3563,#3564,#3565,#3566,#3567,#3568,#3569,#3570,#3571,#3572,#3573,
#3574,#3575,#3576,#3577,#3578,#3579),.UNSPECIFIED.,.F.,.F.,(4,1,1,1,1,1,1,1,1,1,
1,1,1,1,1,1,1,1,1,1,1,1,1,4),(0.E0,4.347826086957E-2,8.695652173913E-2,
1.304347826087E-1,1.739130434783E-1,2.173913043478E-1,2.608695652174E-1,
3.043478260870E-1,3.478260869565E-1,3.913043478261E-1,4.347826086957E-1,
4.782608695652E-1,5.217391304348E-1,5.652173913043E-1,6.086956521739E-1,
6.521739130435E-1,6.956521739130E-1,7.391304347826E-1,7.826086956522E-1,
8.260869565217E-1,8.695652173913E-1,9.130434782609E-1,9.565217391304E-1,1.E0),
.UNSPECIFIED.);
#3601=B_SPLINE_CURVE_WITH_KNOTS('',3,(#3581,#3582,#3583,#3584,#3585,#3586,#3587,
#3588,#3589,#3590,#3591,#3592,#3593,#3594,#3595,#3596,#3597,#3598,#3599,#3600),
.UNSPECIFIED.,.F.,.F.,(4,1,1,1,1,1,1,1,1,1,1,1,1,1,1,1,1,4),(0.E0,
5.882352941176E-2,1.176470588235E-1,1.764705882353E-1,2.352941176471E-1,
2.941176470588E-1,3.529411764706E-1,4.117647058824E-1,4.705882352941E-1,
5.294117647059E-1,5.882352941176E-1,6.470588235294E-1,7.058823529412E-1,
7.647058823529E-1,8.235294117647E-1,8.823529411765E-1,9.411764705882E-1,1.E0),
.UNSPECIFIED.);
#3606=CIRCLE('',#3605,3.2E-1);
#3611=CIRCLE('',#3610,3.2E-1);
#3644=B_SPLINE_CURVE_WITH_KNOTS('',3,(#3636,#3637,#3638,#3639,#3640,#3641,#3642,
#3643),.UNSPECIFIED.,.F.,.F.,(4,1,1,1,1,4),(0.E0,1.25E-1,2.5E-1,5.E-1,7.5E-1,
1.E0),.UNSPECIFIED.);
#3649=CIRCLE('',#3648,6.4E-1);
#3666=B_SPLINE_CURVE_WITH_KNOTS('',3,(#3658,#3659,#3660,#3661,#3662,#3663,#3664,
#3665),.UNSPECIFIED.,.F.,.F.,(4,1,1,1,1,4),(0.E0,2.5E-1,5.E-1,7.5E-1,8.75E-1,
1.E0),.UNSPECIFIED.);
#3671=CIRCLE('',#3670,6.4E-1);
#3682=B_SPLINE_CURVE_WITH_KNOTS('',3,(#3672,#3673,#3674,#3675,#3676,#3677,#3678,
#3679,#3680,#3681),.UNSPECIFIED.,.F.,.F.,(4,1,1,1,1,1,1,4),(0.E0,6.25E-2,
1.25E-1,2.5E-1,3.75E-1,5.E-1,7.5E-1,1.E0),.UNSPECIFIED.);
#3687=CIRCLE('',#3686,1.3E-1);
#3728=CIRCLE('',#3727,8.E-2);
#3741=CIRCLE('',#3740,8.E-2);
#3904=B_SPLINE_CURVE_WITH_KNOTS('',3,(#3894,#3895,#3896,#3897,#3898,#3899,#3900,
#3901,#3902,#3903),.UNSPECIFIED.,.F.,.F.,(4,1,1,1,1,1,1,4),(0.E0,2.5E-1,5.E-1,
6.25E-1,7.5E-1,8.75E-1,9.375E-1,1.E0),.UNSPECIFIED.);
#3909=CIRCLE('',#3908,1.3E-1);
#3926=B_SPLINE_CURVE_WITH_KNOTS('',3,(#3922,#3923,#3924,#3925),.UNSPECIFIED.,
.F.,.F.,(4,4),(0.E0,1.E0),.UNSPECIFIED.);
#3931=B_SPLINE_CURVE_WITH_KNOTS('',3,(#3927,#3928,#3929,#3930),.UNSPECIFIED.,
.F.,.F.,(4,4),(0.E0,1.E0),.UNSPECIFIED.);
#3956=B_SPLINE_CURVE_WITH_KNOTS('',3,(#3948,#3949,#3950,#3951,#3952,#3953,#3954,
#3955),.UNSPECIFIED.,.F.,.F.,(4,1,1,1,1,4),(0.E0,1.25E-1,2.5E-1,5.E-1,7.5E-1,
1.E0),.UNSPECIFIED.);
#3969=B_SPLINE_CURVE_WITH_KNOTS('',3,(#3961,#3962,#3963,#3964,#3965,#3966,#3967,
#3968),.UNSPECIFIED.,.F.,.F.,(4,1,1,1,1,4),(0.E0,2.5E-1,5.E-1,7.5E-1,8.75E-1,
1.E0),.UNSPECIFIED.);
#3982=CIRCLE('',#3981,1.27E0);
#3987=CIRCLE('',#3986,1.019E0);
#4000=CIRCLE('',#3999,1.019E0);
#4005=CIRCLE('',#4004,1.27E0);
#4026=CIRCLE('',#4025,1.27E0);
#4031=CIRCLE('',#4030,1.019E0);
#4044=CIRCLE('',#4043,1.019E0);
#4049=CIRCLE('',#4048,1.27E0);
#4070=CIRCLE('',#4069,1.27E0);
#4075=CIRCLE('',#4074,1.019E0);
#4088=CIRCLE('',#4087,1.019E0);
#4093=CIRCLE('',#4092,1.27E0);
#4114=CIRCLE('',#4113,1.27E0);
#4119=CIRCLE('',#4118,1.019E0);
#4132=CIRCLE('',#4131,1.019E0);
#4137=CIRCLE('',#4136,1.27E0);
#4242=CIRCLE('',#4241,6.38E-1);
#4247=CIRCLE('',#4246,6.38E-1);
#4260=CIRCLE('',#4259,6.38E-1);
#4269=CIRCLE('',#4268,6.38E-1);
#4285=B_SPLINE_CURVE_WITH_KNOTS('',3,(#4278,#4279,#4280,#4281,#4282,#4283,
#4284),.UNSPECIFIED.,.F.,.F.,(4,1,1,1,4),(0.E0,2.5E-1,5.E-1,7.5E-1,1.E0),
.UNSPECIFIED.);
#4297=B_SPLINE_CURVE_WITH_KNOTS('',3,(#4290,#4291,#4292,#4293,#4294,#4295,
#4296),.UNSPECIFIED.,.F.,.F.,(4,1,1,1,4),(0.E0,2.5E-1,5.E-1,7.5E-1,1.E0),
.UNSPECIFIED.);
#4302=B_SPLINE_CURVE_WITH_KNOTS('',3,(#4298,#4299,#4300,#4301),.UNSPECIFIED.,
.F.,.F.,(4,4),(0.E0,1.E0),.UNSPECIFIED.);
#4340=B_SPLINE_CURVE_WITH_KNOTS('',3,(#4303,#4304,#4305,#4306,#4307,#4308,#4309,
#4310,#4311,#4312,#4313,#4314,#4315,#4316,#4317,#4318,#4319,#4320,#4321,#4322,
#4323,#4324,#4325,#4326,#4327,#4328,#4329,#4330,#4331,#4332,#4333,#4334,#4335,
#4336,#4337,#4338,#4339),.UNSPECIFIED.,.F.,.F.,(4,1,1,1,1,1,1,1,1,1,1,1,1,1,1,1,
1,1,1,1,1,1,1,1,1,1,1,1,1,1,1,1,1,1,4),(0.E0,2.941176470588E-2,
5.882352941176E-2,8.823529411765E-2,1.176470588235E-1,1.470588235294E-1,
1.764705882353E-1,2.058823529412E-1,2.352941176471E-1,2.647058823529E-1,
2.941176470588E-1,3.235294117647E-1,3.529411764706E-1,3.823529411765E-1,
4.117647058824E-1,4.411764705882E-1,4.705882352941E-1,5.E-1,5.294117647059E-1,
5.588235294118E-1,5.882352941176E-1,6.176470588235E-1,6.470588235294E-1,
6.764705882353E-1,7.058823529412E-1,7.352941176471E-1,7.647058823529E-1,
7.941176470588E-1,8.235294117647E-1,8.529411764706E-1,8.823529411765E-1,
9.117647058824E-1,9.411764705882E-1,9.705882352941E-1,1.E0),.UNSPECIFIED.);
#4362=B_SPLINE_CURVE_WITH_KNOTS('',3,(#4353,#4354,#4355,#4356,#4357,#4358,#4359,
#4360,#4361),.UNSPECIFIED.,.F.,.F.,(4,1,1,1,1,1,4),(0.E0,1.25E-1,2.5E-1,5.E-1,
7.5E-1,8.75E-1,1.E0),.UNSPECIFIED.);
#4376=B_SPLINE_CURVE_WITH_KNOTS('',3,(#4367,#4368,#4369,#4370,#4371,#4372,#4373,
#4374,#4375),.UNSPECIFIED.,.F.,.F.,(4,1,1,1,1,1,4),(0.E0,1.25E-1,2.5E-1,5.E-1,
7.5E-1,8.75E-1,1.E0),.UNSPECIFIED.);
#4394=B_SPLINE_CURVE_WITH_KNOTS('',3,(#4389,#4390,#4391,#4392,#4393),
.UNSPECIFIED.,.F.,.F.,(4,1,4),(0.E0,5.E-1,1.E0),.UNSPECIFIED.);
#4400=B_SPLINE_CURVE_WITH_KNOTS('',3,(#4395,#4396,#4397,#4398,#4399),
.UNSPECIFIED.,.F.,.F.,(4,1,4),(0.E0,5.E-1,1.E0),.UNSPECIFIED.);
#4405=B_SPLINE_CURVE_WITH_KNOTS('',3,(#4401,#4402,#4403,#4404),.UNSPECIFIED.,
.F.,.F.,(4,4),(0.E0,1.E0),.UNSPECIFIED.);
#4430=B_SPLINE_CURVE_WITH_KNOTS('',3,(#4426,#4427,#4428,#4429),.UNSPECIFIED.,
.F.,.F.,(4,4),(0.E0,1.E0),.UNSPECIFIED.);
#4469=B_SPLINE_CURVE_WITH_KNOTS('',3,(#4431,#4432,#4433,#4434,#4435,#4436,#4437,
#4438,#4439,#4440,#4441,#4442,#4443,#4444,#4445,#4446,#4447,#4448,#4449,#4450,
#4451,#4452,#4453,#4454,#4455,#4456,#4457,#4458,#4459,#4460,#4461,#4462,#4463,
#4464,#4465,#4466,#4467,#4468),.UNSPECIFIED.,.F.,.F.,(4,1,1,1,1,1,1,1,1,1,1,1,1,
1,1,1,1,1,1,1,1,1,1,1,1,1,1,1,1,1,1,1,1,1,1,4),(0.E0,2.857142857143E-2,
5.714285714286E-2,8.571428571429E-2,1.142857142857E-1,1.428571428571E-1,
1.714285714286E-1,2.E-1,2.285714285714E-1,2.571428571429E-1,2.857142857143E-1,
3.142857142857E-1,3.428571428571E-1,3.714285714286E-1,4.E-1,4.285714285714E-1,
4.571428571429E-1,4.857142857143E-1,5.142857142857E-1,5.428571428571E-1,
5.714285714286E-1,6.E-1,6.285714285714E-1,6.571428571429E-1,6.857142857143E-1,
7.142857142857E-1,7.428571428571E-1,7.714285714286E-1,8.E-1,8.285714285714E-1,
8.571428571429E-1,8.857142857143E-1,9.142857142857E-1,9.428571428571E-1,
9.714285714286E-1,1.E0),.UNSPECIFIED.);
#4486=B_SPLINE_CURVE_WITH_KNOTS('',3,(#4482,#4483,#4484,#4485),.UNSPECIFIED.,
.F.,.F.,(4,4),(0.E0,1.E0),.UNSPECIFIED.);
#4524=B_SPLINE_CURVE_WITH_KNOTS('',3,(#4487,#4488,#4489,#4490,#4491,#4492,#4493,
#4494,#4495,#4496,#4497,#4498,#4499,#4500,#4501,#4502,#4503,#4504,#4505,#4506,
#4507,#4508,#4509,#4510,#4511,#4512,#4513,#4514,#4515,#4516,#4517,#4518,#4519,
#4520,#4521,#4522,#4523),.UNSPECIFIED.,.F.,.F.,(4,1,1,1,1,1,1,1,1,1,1,1,1,1,1,1,
1,1,1,1,1,1,1,1,1,1,1,1,1,1,1,1,1,1,4),(0.E0,2.941176470588E-2,
5.882352941176E-2,8.823529411765E-2,1.176470588235E-1,1.470588235294E-1,
1.764705882353E-1,2.058823529412E-1,2.352941176471E-1,2.647058823529E-1,
2.941176470588E-1,3.235294117647E-1,3.529411764706E-1,3.823529411765E-1,
4.117647058824E-1,4.411764705882E-1,4.705882352941E-1,5.E-1,5.294117647059E-1,
5.588235294118E-1,5.882352941176E-1,6.176470588235E-1,6.470588235294E-1,
6.764705882353E-1,7.058823529412E-1,7.352941176471E-1,7.647058823529E-1,
7.941176470588E-1,8.235294117647E-1,8.529411764706E-1,8.823529411765E-1,
9.117647058824E-1,9.411764705882E-1,9.705882352941E-1,1.E0),.UNSPECIFIED.);
#4542=B_SPLINE_CURVE_WITH_KNOTS('',3,(#4533,#4534,#4535,#4536,#4537,#4538,#4539,
#4540,#4541),.UNSPECIFIED.,.F.,.F.,(4,1,1,1,1,1,4),(0.E0,1.25E-1,2.5E-1,5.E-1,
7.5E-1,8.75E-1,1.E0),.UNSPECIFIED.);
#4552=B_SPLINE_CURVE_WITH_KNOTS('',3,(#4543,#4544,#4545,#4546,#4547,#4548,#4549,
#4550,#4551),.UNSPECIFIED.,.F.,.F.,(4,1,1,1,1,1,4),(0.E0,1.25E-1,2.5E-1,5.E-1,
7.5E-1,8.75E-1,1.E0),.UNSPECIFIED.);
#4574=B_SPLINE_CURVE_WITH_KNOTS('',3,(#4569,#4570,#4571,#4572,#4573),
.UNSPECIFIED.,.F.,.F.,(4,1,4),(0.E0,5.E-1,1.E0),.UNSPECIFIED.);
#4580=B_SPLINE_CURVE_WITH_KNOTS('',3,(#4575,#4576,#4577,#4578,#4579),
.UNSPECIFIED.,.F.,.F.,(4,1,4),(0.E0,5.E-1,1.E0),.UNSPECIFIED.);
#4592=B_SPLINE_CURVE_WITH_KNOTS('',3,(#4585,#4586,#4587,#4588,#4589,#4590,
#4591),.UNSPECIFIED.,.F.,.F.,(4,1,1,1,4),(0.E0,2.5E-1,5.E-1,7.5E-1,1.E0),
.UNSPECIFIED.);
#4600=B_SPLINE_CURVE_WITH_KNOTS('',3,(#4593,#4594,#4595,#4596,#4597,#4598,
#4599),.UNSPECIFIED.,.F.,.F.,(4,1,1,1,4),(0.E0,2.5E-1,5.E-1,7.5E-1,1.E0),
.UNSPECIFIED.);
#4620=B_SPLINE_CURVE_WITH_KNOTS('',3,(#4613,#4614,#4615,#4616,#4617,#4618,
#4619),.UNSPECIFIED.,.F.,.F.,(4,1,1,1,4),(0.E0,2.5E-1,5.E-1,7.5E-1,1.E0),
.UNSPECIFIED.);
#4628=B_SPLINE_CURVE_WITH_KNOTS('',3,(#4621,#4622,#4623,#4624,#4625,#4626,
#4627),.UNSPECIFIED.,.F.,.F.,(4,1,1,1,4),(0.E0,2.5E-1,5.E-1,7.5E-1,1.E0),
.UNSPECIFIED.);
#4653=CIRCLE('',#4652,6.38E-1);
#4658=CIRCLE('',#4657,6.38E-1);
#4691=CIRCLE('',#4690,6.38E-1);
#4704=CIRCLE('',#4703,6.38E-1);
#4965=CIRCLE('',#4964,5.01E-1);
#4974=CIRCLE('',#4973,5.01E-1);
#4979=CIRCLE('',#4978,2.5E-1);
#4984=CIRCLE('',#4983,2.5E-1);
#5025=CIRCLE('',#5024,5.01E-1);
#5034=CIRCLE('',#5033,5.01E-1);
#5039=CIRCLE('',#5038,2.5E-1);
#5044=CIRCLE('',#5043,2.5E-1);
#5085=CIRCLE('',#5084,2.5E-1);
#5090=CIRCLE('',#5089,2.5E-1);
#5095=CIRCLE('',#5094,5.01E-1);
#5100=CIRCLE('',#5099,5.01E-1);
#5145=CIRCLE('',#5144,2.5E-1);
#5150=CIRCLE('',#5149,2.5E-1);
#5155=CIRCLE('',#5154,5.01E-1);
#5160=CIRCLE('',#5159,5.01E-1);
#5220=B_SPLINE_CURVE_WITH_KNOTS('',3,(#5213,#5214,#5215,#5216,#5217,#5218,
#5219),.UNSPECIFIED.,.F.,.F.,(4,1,1,1,4),(0.E0,2.5E-1,5.E-1,7.5E-1,1.E0),
.UNSPECIFIED.);
#5232=B_SPLINE_CURVE_WITH_KNOTS('',3,(#5225,#5226,#5227,#5228,#5229,#5230,
#5231),.UNSPECIFIED.,.F.,.F.,(4,1,1,1,4),(0.E0,2.5E-1,5.E-1,7.5E-1,1.E0),
.UNSPECIFIED.);
#5271=B_SPLINE_CURVE_WITH_KNOTS('',3,(#5233,#5234,#5235,#5236,#5237,#5238,#5239,
#5240,#5241,#5242,#5243,#5244,#5245,#5246,#5247,#5248,#5249,#5250,#5251,#5252,
#5253,#5254,#5255,#5256,#5257,#5258,#5259,#5260,#5261,#5262,#5263,#5264,#5265,
#5266,#5267,#5268,#5269,#5270),.UNSPECIFIED.,.F.,.F.,(4,1,1,1,1,1,1,1,1,1,1,1,1,
1,1,1,1,1,1,1,1,1,1,1,1,1,1,1,1,1,1,1,1,1,1,4),(0.E0,2.857142857143E-2,
5.714285714286E-2,8.571428571429E-2,1.142857142857E-1,1.428571428571E-1,
1.714285714286E-1,2.E-1,2.285714285714E-1,2.571428571429E-1,2.857142857143E-1,
3.142857142857E-1,3.428571428571E-1,3.714285714286E-1,4.E-1,4.285714285714E-1,
4.571428571429E-1,4.857142857143E-1,5.142857142857E-1,5.428571428571E-1,
5.714285714286E-1,6.E-1,6.285714285714E-1,6.571428571429E-1,6.857142857143E-1,
7.142857142857E-1,7.428571428571E-1,7.714285714286E-1,8.E-1,8.285714285714E-1,
8.571428571429E-1,8.857142857143E-1,9.142857142857E-1,9.428571428571E-1,
9.714285714286E-1,1.E0),.UNSPECIFIED.);
#5346=B_SPLINE_CURVE_WITH_KNOTS('',3,(#5320,#5321,#5322,#5323,#5324,#5325,#5326,
#5327,#5328,#5329,#5330,#5331,#5332,#5333,#5334,#5335,#5336,#5337,#5338,#5339,
#5340,#5341,#5342,#5343,#5344,#5345),.UNSPECIFIED.,.F.,.F.,(4,1,1,1,1,1,1,1,1,1,
1,1,1,1,1,1,1,1,1,1,1,1,1,4),(0.E0,4.347826086957E-2,8.695652173913E-2,
1.304347826087E-1,1.739130434783E-1,2.173913043478E-1,2.608695652174E-1,
3.043478260870E-1,3.478260869565E-1,3.913043478261E-1,4.347826086957E-1,
4.782608695652E-1,5.217391304348E-1,5.652173913043E-1,6.086956521739E-1,
6.521739130435E-1,6.956521739130E-1,7.391304347826E-1,7.826086956522E-1,
8.260869565217E-1,8.695652173913E-1,9.130434782609E-1,9.565217391304E-1,1.E0),
.UNSPECIFIED.);
#5367=B_SPLINE_CURVE_WITH_KNOTS('',3,(#5347,#5348,#5349,#5350,#5351,#5352,#5353,
#5354,#5355,#5356,#5357,#5358,#5359,#5360,#5361,#5362,#5363,#5364,#5365,#5366),
.UNSPECIFIED.,.F.,.F.,(4,1,1,1,1,1,1,1,1,1,1,1,1,1,1,1,1,4),(0.E0,
5.882352941176E-2,1.176470588235E-1,1.764705882353E-1,2.352941176471E-1,
2.941176470588E-1,3.529411764706E-1,4.117647058824E-1,4.705882352941E-1,
5.294117647059E-1,5.882352941176E-1,6.470588235294E-1,7.058823529412E-1,
7.647058823529E-1,8.235294117647E-1,8.823529411765E-1,9.411764705882E-1,1.E0),
.UNSPECIFIED.);
#5392=B_SPLINE_CURVE_WITH_KNOTS('',3,(#5372,#5373,#5374,#5375,#5376,#5377,#5378,
#5379,#5380,#5381,#5382,#5383,#5384,#5385,#5386,#5387,#5388,#5389,#5390,#5391),
.UNSPECIFIED.,.F.,.F.,(4,1,1,1,1,1,1,1,1,1,1,1,1,1,1,1,1,4),(0.E0,
5.882352941176E-2,1.176470588235E-1,1.764705882353E-1,2.352941176471E-1,
2.941176470588E-1,3.529411764706E-1,4.117647058824E-1,4.705882352941E-1,
5.294117647059E-1,5.882352941176E-1,6.470588235294E-1,7.058823529412E-1,
7.647058823529E-1,8.235294117647E-1,8.823529411765E-1,9.411764705882E-1,1.E0),
.UNSPECIFIED.);
#5419=B_SPLINE_CURVE_WITH_KNOTS('',3,(#5393,#5394,#5395,#5396,#5397,#5398,#5399,
#5400,#5401,#5402,#5403,#5404,#5405,#5406,#5407,#5408,#5409,#5410,#5411,#5412,
#5413,#5414,#5415,#5416,#5417,#5418),.UNSPECIFIED.,.F.,.F.,(4,1,1,1,1,1,1,1,1,1,
1,1,1,1,1,1,1,1,1,1,1,1,1,4),(0.E0,4.347826086957E-2,8.695652173913E-2,
1.304347826087E-1,1.739130434783E-1,2.173913043478E-1,2.608695652174E-1,
3.043478260870E-1,3.478260869565E-1,3.913043478261E-1,4.347826086957E-1,
4.782608695652E-1,5.217391304348E-1,5.652173913043E-1,6.086956521739E-1,
6.521739130435E-1,6.956521739130E-1,7.391304347826E-1,7.826086956522E-1,
8.260869565217E-1,8.695652173913E-1,9.130434782609E-1,9.565217391304E-1,1.E0),
.UNSPECIFIED.);
#5446=B_SPLINE_CURVE_WITH_KNOTS('',3,(#5420,#5421,#5422,#5423,#5424,#5425,#5426,
#5427,#5428,#5429,#5430,#5431,#5432,#5433,#5434,#5435,#5436,#5437,#5438,#5439,
#5440,#5441,#5442,#5443,#5444,#5445),.UNSPECIFIED.,.F.,.F.,(4,1,1,1,1,1,1,1,1,1,
1,1,1,1,1,1,1,1,1,1,1,1,1,4),(0.E0,4.347826086957E-2,8.695652173913E-2,
1.304347826087E-1,1.739130434783E-1,2.173913043478E-1,2.608695652174E-1,
3.043478260870E-1,3.478260869565E-1,3.913043478261E-1,4.347826086957E-1,
4.782608695652E-1,5.217391304348E-1,5.652173913043E-1,6.086956521739E-1,
6.521739130435E-1,6.956521739130E-1,7.391304347826E-1,7.826086956522E-1,
8.260869565217E-1,8.695652173913E-1,9.130434782609E-1,9.565217391304E-1,1.E0),
.UNSPECIFIED.);
#5467=B_SPLINE_CURVE_WITH_KNOTS('',3,(#5447,#5448,#5449,#5450,#5451,#5452,#5453,
#5454,#5455,#5456,#5457,#5458,#5459,#5460,#5461,#5462,#5463,#5464,#5465,#5466),
.UNSPECIFIED.,.F.,.F.,(4,1,1,1,1,1,1,1,1,1,1,1,1,1,1,1,1,4),(0.E0,
5.882352941176E-2,1.176470588235E-1,1.764705882353E-1,2.352941176471E-1,
2.941176470588E-1,3.529411764706E-1,4.117647058824E-1,4.705882352941E-1,
5.294117647059E-1,5.882352941176E-1,6.470588235294E-1,7.058823529412E-1,
7.647058823529E-1,8.235294117647E-1,8.823529411765E-1,9.411764705882E-1,1.E0),
.UNSPECIFIED.);
#6612=EDGE_CURVE('',#6556,#6558,#138,.T.);
#6614=EDGE_CURVE('',#6556,#5695,#142,.T.);
#6616=EDGE_CURVE('',#5694,#5695,#215,.T.);
#6618=EDGE_CURVE('',#6562,#5694,#146,.T.);
#6620=EDGE_CURVE('',#6561,#6562,#151,.T.);
#6622=EDGE_CURVE('',#6561,#6558,#155,.T.);
#6626=ADVANCED_FACE('',(#6625),#6611,.T.);
#6632=EDGE_CURVE('',#6553,#6554,#160,.T.);
#6634=EDGE_CURVE('',#6556,#6554,#219,.T.);
#6637=EDGE_CURVE('',#6558,#6553,#181,.T.);
#6641=ADVANCED_FACE('',(#6640),#6631,.T.);
#6648=EDGE_CURVE('',#6566,#6553,#189,.T.);
#6650=EDGE_CURVE('',#6564,#6566,#165,.T.);
#6652=EDGE_CURVE('',#5706,#6564,#169,.T.);
#6654=EDGE_CURVE('',#5706,#5707,#173,.T.);
#6656=EDGE_CURVE('',#5707,#6554,#177,.T.);
#6660=ADVANCED_FACE('',(#6659),#6646,.T.);
#6668=EDGE_CURVE('',#6566,#6561,#185,.T.);
#6673=ADVANCED_FACE('',(#6672),#6665,.T.);
#6680=EDGE_CURVE('',#6564,#6562,#193,.T.);
#6686=ADVANCED_FACE('',(#6685),#6678,.T.);
#6694=EDGE_CURVE('',#5694,#6526,#198,.T.);
#6696=EDGE_CURVE('',#6525,#6526,#202,.T.);
#6698=EDGE_CURVE('',#5706,#6525,#207,.T.);
#6703=ADVANCED_FACE('',(#6702),#6691,.F.);
#6709=EDGE_CURVE('',#5695,#6517,#233,.T.);
#6711=EDGE_CURVE('',#6513,#6517,#5392,.T.);
#6713=EDGE_CURVE('',#6513,#6522,#211,.T.);
#6715=EDGE_CURVE('',#6526,#6522,#5467,.T.);
#6721=ADVANCED_FACE('',(#6720),#6708,.T.);
#6729=EDGE_CURVE('',#5707,#6518,#224,.T.);
#6731=EDGE_CURVE('',#6517,#6518,#228,.T.);
#6737=ADVANCED_FACE('',(#6736),#6726,.F.);
#6743=EDGE_CURVE('',#6521,#6514,#237,.T.);
#6745=EDGE_CURVE('',#6518,#6514,#5419,.T.);
#6750=EDGE_CURVE('',#6521,#6525,#5446,.T.);
#6754=ADVANCED_FACE('',(#6753),#6742,.F.);
#6761=EDGE_CURVE('',#5881,#6521,#251,.T.);
#6763=EDGE_CURVE('',#5881,#5879,#255,.T.);
#6765=EDGE_CURVE('',#5879,#5913,#259,.T.);
#6767=EDGE_CURVE('',#5913,#5911,#263,.T.);
#6769=EDGE_CURVE('',#6514,#5911,#267,.T.);
#6773=EDGE_CURVE('',#6393,#5611,#1539,.T.);
#6775=EDGE_CURVE('',#6399,#6393,#1299,.T.);
#6777=EDGE_CURVE('',#6087,#6399,#1261,.T.);
#6779=EDGE_CURVE('',#6359,#6087,#1257,.T.);
#6781=EDGE_CURVE('',#5610,#6359,#1219,.T.);
#6783=EDGE_CURVE('',#5610,#5611,#247,.T.);
#6787=EDGE_CURVE('',#6310,#5475,#275,.T.);
#6789=EDGE_CURVE('',#6317,#6310,#321,.T.);
#6791=EDGE_CURVE('',#6075,#6317,#417,.T.);
#6793=EDGE_CURVE('',#6090,#6075,#409,.T.);
#6795=EDGE_CURVE('',#5474,#6090,#633,.T.);
#6797=EDGE_CURVE('',#5474,#5475,#242,.T.);
#6801=ADVANCED_FACE('',(#6772,#6786,#6800),#6759,.T.);
#6807=EDGE_CURVE('',#6310,#6073,#271,.T.);
#6810=EDGE_CURVE('',#5475,#5471,#279,.T.);
#6812=EDGE_CURVE('',#6073,#5471,#325,.T.);
#6816=ADVANCED_FACE('',(#6815),#6806,.F.);
#6822=EDGE_CURVE('',#6361,#6079,#283,.T.);
#6824=EDGE_CURVE('',#5595,#6361,#662,.T.);
#6826=EDGE_CURVE('',#5595,#5603,#287,.T.);
#6828=EDGE_CURVE('',#5603,#6079,#291,.T.);
#6832=ADVANCED_FACE('',(#6831),#6821,.F.);
#6838=EDGE_CURVE('',#6073,#6074,#296,.T.);
#6840=EDGE_CURVE('',#6074,#6091,#306,.T.);
#6842=EDGE_CURVE('',#6091,#6308,#545,.T.);
#6844=EDGE_CURVE('',#6308,#6317,#316,.T.);
#6850=ADVANCED_FACE('',(#6849),#6837,.F.);
#6857=EDGE_CURVE('',#6513,#5873,#351,.T.);
#6859=EDGE_CURVE('',#5873,#5871,#355,.T.);
#6861=EDGE_CURVE('',#5846,#5871,#2939,.T.);
#6863=EDGE_CURVE('',#5846,#5847,#359,.T.);
#6865=EDGE_CURVE('',#5847,#6522,#363,.T.);
#6869=EDGE_CURVE('',#6086,#6400,#1307,.T.);
#6871=EDGE_CURVE('',#6085,#6086,#1274,.T.);
#6873=EDGE_CURVE('',#6085,#5591,#338,.T.);
#6875=EDGE_CURVE('',#5590,#5591,#343,.T.);
#6877=EDGE_CURVE('',#5590,#6358,#347,.T.);
#6879=EDGE_CURVE('',#6400,#6358,#1252,.T.);
#6883=EDGE_CURVE('',#6074,#6316,#367,.T.);
#6887=EDGE_CURVE('',#5470,#5471,#330,.T.);
#6889=EDGE_CURVE('',#5470,#6312,#334,.T.);
#6891=EDGE_CURVE('',#6316,#6312,#404,.T.);
#6895=ADVANCED_FACE('',(#6868,#6882,#6894),#6855,.T.);
#6902=EDGE_CURVE('',#6314,#6316,#399,.T.);
#6904=EDGE_CURVE('',#6306,#6314,#371,.T.);
#6906=EDGE_CURVE('',#6306,#6305,#375,.T.);
#6908=EDGE_CURVE('',#6305,#6091,#379,.T.);
#6913=ADVANCED_FACE('',(#6912),#6900,.T.);
#6919=EDGE_CURVE('',#6075,#6076,#389,.T.);
#6921=EDGE_CURVE('',#6076,#6314,#429,.T.);
#6925=EDGE_CURVE('',#6312,#6090,#629,.T.);
#6930=ADVANCED_FACE('',(#6929),#6918,.F.);
#6936=EDGE_CURVE('',#6297,#6076,#413,.T.);
#6941=EDGE_CURVE('',#6295,#6308,#421,.T.);
#6943=EDGE_CURVE('',#6297,#6295,#569,.T.);
#6947=ADVANCED_FACE('',(#6946),#6935,.T.);
#6953=EDGE_CURVE('',#6575,#6573,#425,.T.);
#6955=EDGE_CURVE('',#6573,#6304,#447,.T.);
#6957=EDGE_CURVE('',#6303,#6304,#621,.T.);
#6959=EDGE_CURVE('',#6306,#6303,#585,.T.);
#6964=EDGE_CURVE('',#6297,#6298,#565,.T.);
#6966=EDGE_CURVE('',#6300,#6298,#533,.T.);
#6968=EDGE_CURVE('',#6300,#6575,#485,.T.);
#6972=ADVANCED_FACE('',(#6971),#6952,.F.);
#6978=EDGE_CURVE('',#6572,#6573,#457,.T.);
#6981=EDGE_CURVE('',#6575,#6576,#481,.T.);
#6983=EDGE_CURVE('',#6576,#6572,#501,.T.);
#6987=ADVANCED_FACE('',(#6986),#6977,.T.);
#6993=EDGE_CURVE('',#6570,#6571,#439,.T.);
#6995=EDGE_CURVE('',#6570,#6301,#443,.T.);
#6997=EDGE_CURVE('',#6304,#6301,#625,.T.);
#7001=EDGE_CURVE('',#6572,#6571,#461,.T.);
#7005=ADVANCED_FACE('',(#7004),#6992,.T.);
#7011=EDGE_CURVE('',#6567,#6568,#471,.T.);
#7013=EDGE_CURVE('',#6570,#6568,#541,.T.);
#7016=EDGE_CURVE('',#6571,#6567,#497,.T.);
#7020=ADVANCED_FACE('',(#7019),#7010,.T.);
#7027=EDGE_CURVE('',#6576,#6567,#505,.T.);
#7031=EDGE_CURVE('',#6300,#6299,#489,.T.);
#7033=EDGE_CURVE('',#6299,#6568,#493,.T.);
#7037=ADVANCED_FACE('',(#7036),#7025,.T.);
#7049=ADVANCED_FACE('',(#7048),#7042,.T.);
#7055=EDGE_CURVE('',#6299,#6296,#519,.T.);
#7059=EDGE_CURVE('',#6298,#6296,#537,.T.);
#7063=ADVANCED_FACE('',(#7062),#7054,.F.);
#7072=EDGE_CURVE('',#6295,#6296,#555,.T.);
#7077=EDGE_CURVE('',#6305,#6302,#577,.T.);
#7079=EDGE_CURVE('',#6301,#6302,#605,.T.);
#7084=ADVANCED_FACE('',(#7083),#7068,.F.);
#7096=ADVANCED_FACE('',(#7095),#7089,.T.);
#7105=EDGE_CURVE('',#6303,#6302,#589,.T.);
#7109=ADVANCED_FACE('',(#7108),#7101,.F.);
#7121=ADVANCED_FACE('',(#7120),#7114,.T.);
#7129=EDGE_CURVE('',#5474,#5470,#645,.T.);
#7134=ADVANCED_FACE('',(#7133),#7126,.F.);
#7140=EDGE_CURVE('',#6408,#6410,#637,.T.);
#7142=EDGE_CURVE('',#6408,#5602,#641,.T.);
#7144=EDGE_CURVE('',#5594,#5602,#649,.T.);
#7146=EDGE_CURVE('',#6410,#5594,#653,.T.);
#7150=ADVANCED_FACE('',(#7149),#7139,.F.);
#7162=ADVANCED_FACE('',(#7161),#7155,.F.);
#7168=EDGE_CURVE('',#5594,#5595,#658,.T.);
#7171=EDGE_CURVE('',#5602,#5603,#742,.T.);
#7176=ADVANCED_FACE('',(#7175),#7167,.F.);
#7182=EDGE_CURVE('',#6481,#6490,#5371,.T.);
#7184=EDGE_CURVE('',#5857,#6481,#679,.T.);
#7186=EDGE_CURVE('',#5857,#5855,#683,.T.);
#7188=EDGE_CURVE('',#5855,#5862,#687,.T.);
#7190=EDGE_CURVE('',#5862,#5863,#691,.T.);
#7192=EDGE_CURVE('',#6490,#5863,#695,.T.);
#7196=EDGE_CURVE('',#5599,#6363,#666,.T.);
#7198=EDGE_CURVE('',#6412,#6363,#1573,.T.);
#7200=EDGE_CURVE('',#6415,#6412,#1577,.T.);
#7202=EDGE_CURVE('',#6419,#6415,#1191,.T.);
#7204=EDGE_CURVE('',#6419,#5598,#670,.T.);
#7206=EDGE_CURVE('',#5598,#5599,#675,.T.);
#7210=EDGE_CURVE('',#6081,#6402,#699,.T.);
#7212=EDGE_CURVE('',#6410,#6081,#797,.T.);
#7217=EDGE_CURVE('',#6402,#6361,#737,.T.);
#7221=ADVANCED_FACE('',(#7195,#7209,#7220),#7181,.T.);
#7228=EDGE_CURVE('',#6404,#6402,#732,.T.);
#7230=EDGE_CURVE('',#6331,#6404,#703,.T.);
#7232=EDGE_CURVE('',#6333,#6331,#945,.T.);
#7234=EDGE_CURVE('',#6333,#6082,#707,.T.);
#7236=EDGE_CURVE('',#6081,#6082,#777,.T.);
#7240=ADVANCED_FACE('',(#7239),#7226,.T.);
#7246=EDGE_CURVE('',#6079,#6080,#712,.T.);
#7248=EDGE_CURVE('',#6080,#6403,#722,.T.);
#7250=EDGE_CURVE('',#6403,#6404,#925,.T.);
#7257=ADVANCED_FACE('',(#7256),#7245,.F.);
#7263=EDGE_CURVE('',#6489,#6482,#1653,.T.);
#7265=EDGE_CURVE('',#6489,#5902,#751,.T.);
#7267=EDGE_CURVE('',#5902,#5903,#755,.T.);
#7269=EDGE_CURVE('',#5903,#5889,#759,.T.);
#7271=EDGE_CURVE('',#5889,#5887,#763,.T.);
#7273=EDGE_CURVE('',#5887,#6482,#767,.T.);
#7277=EDGE_CURVE('',#6098,#6101,#1025,.T.);
#7279=EDGE_CURVE('',#6097,#6098,#1548,.T.);
#7281=EDGE_CURVE('',#5607,#6097,#1531,.T.);
#7283=EDGE_CURVE('',#5606,#5607,#747,.T.);
#7285=EDGE_CURVE('',#6102,#5606,#1227,.T.);
#7287=EDGE_CURVE('',#6101,#6102,#1186,.T.);
#7292=EDGE_CURVE('',#6406,#6408,#792,.T.);
#7294=EDGE_CURVE('',#6080,#6406,#953,.T.);
#7301=ADVANCED_FACE('',(#7276,#7290,#7300),#7262,.T.);
#7308=EDGE_CURVE('',#6082,#6405,#805,.T.);
#7310=EDGE_CURVE('',#6405,#6406,#787,.T.);
#7317=ADVANCED_FACE('',(#7316),#7306,.F.);
#7323=EDGE_CURVE('',#6595,#6593,#801,.T.);
#7325=EDGE_CURVE('',#6593,#6339,#823,.T.);
#7327=EDGE_CURVE('',#6338,#6339,#1013,.T.);
#7329=EDGE_CURVE('',#6338,#6341,#981,.T.);
#7331=EDGE_CURVE('',#6341,#6405,#957,.T.);
#7335=EDGE_CURVE('',#6332,#6333,#941,.T.);
#7337=EDGE_CURVE('',#6335,#6332,#913,.T.);
#7339=EDGE_CURVE('',#6335,#6595,#861,.T.);
#7343=ADVANCED_FACE('',(#7342),#7322,.T.);
#7349=EDGE_CURVE('',#6592,#6593,#833,.T.);
#7352=EDGE_CURVE('',#6595,#6596,#857,.T.);
#7354=EDGE_CURVE('',#6596,#6592,#877,.T.);
#7358=ADVANCED_FACE('',(#7357),#7348,.T.);
#7364=EDGE_CURVE('',#6590,#6591,#815,.T.);
#7366=EDGE_CURVE('',#6590,#6337,#819,.T.);
#7368=EDGE_CURVE('',#6339,#6337,#1017,.T.);
#7372=EDGE_CURVE('',#6592,#6591,#837,.T.);
#7376=ADVANCED_FACE('',(#7375),#7363,.T.);
#7382=EDGE_CURVE('',#6587,#6588,#847,.T.);
#7384=EDGE_CURVE('',#6590,#6588,#921,.T.);
#7387=EDGE_CURVE('',#6591,#6587,#873,.T.);
#7391=ADVANCED_FACE('',(#7390),#7381,.T.);
#7398=EDGE_CURVE('',#6596,#6587,#881,.T.);
#7402=EDGE_CURVE('',#6335,#6334,#865,.T.);
#7404=EDGE_CURVE('',#6334,#6588,#869,.T.);
#7408=ADVANCED_FACE('',(#7407),#7396,.T.);
#7420=ADVANCED_FACE('',(#7419),#7413,.T.);
#7426=EDGE_CURVE('',#6330,#6334,#897,.T.);
#7430=EDGE_CURVE('',#6332,#6330,#917,.T.);
#7434=ADVANCED_FACE('',(#7433),#7425,.T.);
#7443=EDGE_CURVE('',#6330,#6331,#933,.T.);
#7447=EDGE_CURVE('',#6340,#6403,#949,.T.);
#7449=EDGE_CURVE('',#6336,#6340,#971,.T.);
#7451=EDGE_CURVE('',#6336,#6337,#999,.T.);
#7456=ADVANCED_FACE('',(#7455),#7439,.T.);
#7468=ADVANCED_FACE('',(#7467),#7461,.F.);
#7479=EDGE_CURVE('',#6341,#6340,#961,.T.);
#7483=ADVANCED_FACE('',(#7482),#7473,.T.);
#7492=EDGE_CURVE('',#6338,#6336,#985,.T.);
#7496=ADVANCED_FACE('',(#7495),#7488,.T.);
#7508=ADVANCED_FACE('',(#7507),#7501,.F.);
#7514=EDGE_CURVE('',#6352,#6413,#1021,.T.);
#7516=EDGE_CURVE('',#6098,#6413,#1558,.T.);
#7519=EDGE_CURVE('',#6417,#6101,#1211,.T.);
#7521=EDGE_CURVE('',#6353,#6417,#1029,.T.);
#7523=EDGE_CURVE('',#6352,#6353,#1033,.T.);
#7527=ADVANCED_FACE('',(#7526),#7513,.F.);
#7533=EDGE_CURVE('',#6600,#6598,#1037,.T.);
#7535=EDGE_CURVE('',#6346,#6598,#1073,.T.);
#7537=EDGE_CURVE('',#6342,#6346,#1621,.T.);
#7539=EDGE_CURVE('',#6342,#6343,#1593,.T.);
#7541=EDGE_CURVE('',#6343,#6414,#1581,.T.);
#7543=EDGE_CURVE('',#6413,#6414,#1041,.T.);
#7546=EDGE_CURVE('',#6348,#6352,#1159,.T.);
#7548=EDGE_CURVE('',#6348,#6349,#1131,.T.);
#7550=EDGE_CURVE('',#6600,#6349,#1099,.T.);
#7554=ADVANCED_FACE('',(#7553),#7532,.T.);
#7560=EDGE_CURVE('',#6597,#6598,#1051,.T.);
#7563=EDGE_CURVE('',#6600,#6601,#1095,.T.);
#7565=EDGE_CURVE('',#6601,#6597,#1077,.T.);
#7569=ADVANCED_FACE('',(#7568),#7559,.T.);
#7576=EDGE_CURVE('',#6597,#6606,#1085,.T.);
#7578=EDGE_CURVE('',#6605,#6606,#1061,.T.);
#7580=EDGE_CURVE('',#6347,#6605,#1065,.T.);
#7582=EDGE_CURVE('',#6346,#6347,#1069,.T.);
#7587=ADVANCED_FACE('',(#7586),#7574,.F.);
#7594=EDGE_CURVE('',#6601,#6602,#1117,.T.);
#7596=EDGE_CURVE('',#6606,#6602,#1081,.T.);
#7601=ADVANCED_FACE('',(#7600),#7592,.F.);
#7609=EDGE_CURVE('',#6349,#6351,#1149,.T.);
#7611=EDGE_CURVE('',#6603,#6351,#1103,.T.);
#7613=EDGE_CURVE('',#6602,#6603,#1113,.T.);
#7618=ADVANCED_FACE('',(#7617),#7606,.F.);
#7625=EDGE_CURVE('',#6348,#6350,#1173,.T.);
#7627=EDGE_CURVE('',#6350,#6351,#1145,.T.);
#7632=ADVANCED_FACE('',(#7631),#7623,.F.);
#7640=EDGE_CURVE('',#6350,#6353,#1169,.T.);
#7645=ADVANCED_FACE('',(#7644),#7637,.T.);
#7651=EDGE_CURVE('',#6605,#6603,#1177,.T.);
#7657=EDGE_CURVE('',#6416,#6417,#1181,.T.);
#7659=EDGE_CURVE('',#6345,#6416,#1585,.T.);
#7661=EDGE_CURVE('',#6344,#6345,#1601,.T.);
#7663=EDGE_CURVE('',#6347,#6344,#1637,.T.);
#7668=ADVANCED_FACE('',(#7667),#7650,.T.);
#7680=ADVANCED_FACE('',(#7679),#7673,.T.);
#7687=EDGE_CURVE('',#6102,#6419,#1223,.T.);
#7690=EDGE_CURVE('',#6415,#6416,#1201,.T.);
#7696=ADVANCED_FACE('',(#7695),#7685,.F.);
#7702=EDGE_CURVE('',#6358,#6359,#1215,.T.);
#7705=EDGE_CURVE('',#5610,#5590,#1645,.T.);
#7710=ADVANCED_FACE('',(#7709),#7701,.F.);
#7718=EDGE_CURVE('',#5598,#5606,#1649,.T.);
#7723=ADVANCED_FACE('',(#7722),#7715,.F.);
#7729=EDGE_CURVE('',#6087,#6088,#1237,.T.);
#7731=EDGE_CURVE('',#6088,#6355,#1463,.T.);
#7733=EDGE_CURVE('',#6355,#6400,#1247,.T.);
#7740=ADVANCED_FACE('',(#7739),#7728,.F.);
#7747=EDGE_CURVE('',#6397,#6399,#1294,.T.);
#7749=EDGE_CURVE('',#6318,#6397,#1265,.T.);
#7751=EDGE_CURVE('',#6318,#6320,#1487,.T.);
#7753=EDGE_CURVE('',#6320,#6088,#1269,.T.);
#7758=ADVANCED_FACE('',(#7757),#7745,.F.);
#7765=EDGE_CURVE('',#6086,#6396,#1284,.T.);
#7767=EDGE_CURVE('',#6396,#6397,#1323,.T.);
#7771=EDGE_CURVE('',#6393,#6085,#1535,.T.);
#7775=ADVANCED_FACE('',(#7774),#7763,.F.);
#7781=EDGE_CURVE('',#6328,#6396,#1303,.T.);
#7786=EDGE_CURVE('',#6329,#6355,#1311,.T.);
#7788=EDGE_CURVE('',#6328,#6329,#1315,.T.);
#7792=ADVANCED_FACE('',(#7791),#7780,.F.);
#7798=EDGE_CURVE('',#6580,#6578,#1319,.T.);
#7800=EDGE_CURVE('',#6322,#6578,#1355,.T.);
#7802=EDGE_CURVE('',#6322,#6319,#1501,.T.);
#7804=EDGE_CURVE('',#6318,#6319,#1473,.T.);
#7809=EDGE_CURVE('',#6328,#6325,#1443,.T.);
#7811=EDGE_CURVE('',#6324,#6325,#1415,.T.);
#7813=EDGE_CURVE('',#6580,#6324,#1381,.T.);
#7817=ADVANCED_FACE('',(#7816),#7797,.F.);
#7823=EDGE_CURVE('',#6577,#6578,#1333,.T.);
#7826=EDGE_CURVE('',#6580,#6581,#1377,.T.);
#7828=EDGE_CURVE('',#6581,#6577,#1359,.T.);
#7832=ADVANCED_FACE('',(#7831),#7822,.T.);
#7839=EDGE_CURVE('',#6577,#6586,#1367,.T.);
#7841=EDGE_CURVE('',#6585,#6586,#1343,.T.);
#7843=EDGE_CURVE('',#6323,#6585,#1347,.T.);
#7845=EDGE_CURVE('',#6322,#6323,#1351,.T.);
#7850=ADVANCED_FACE('',(#7849),#7837,.F.);
#7857=EDGE_CURVE('',#6581,#6582,#1399,.T.);
#7859=EDGE_CURVE('',#6586,#6582,#1363,.T.);
#7864=ADVANCED_FACE('',(#7863),#7855,.F.);
#7872=EDGE_CURVE('',#6324,#6327,#1435,.T.);
#7874=EDGE_CURVE('',#6583,#6327,#1385,.T.);
#7876=EDGE_CURVE('',#6582,#6583,#1395,.T.);
#7881=ADVANCED_FACE('',(#7880),#7869,.F.);
#7888=EDGE_CURVE('',#6325,#6326,#1455,.T.);
#7890=EDGE_CURVE('',#6326,#6327,#1431,.T.);
#7895=ADVANCED_FACE('',(#7894),#7886,.T.);
#7903=EDGE_CURVE('',#6329,#6326,#1451,.T.);
#7908=ADVANCED_FACE('',(#7907),#7900,.F.);
#7914=EDGE_CURVE('',#6585,#6583,#1459,.T.);
#7922=EDGE_CURVE('',#6320,#6321,#1483,.T.);
#7924=EDGE_CURVE('',#6323,#6321,#1515,.T.);
#7929=ADVANCED_FACE('',(#7928),#7913,.F.);
#7941=ADVANCED_FACE('',(#7940),#7934,.T.);
#7948=EDGE_CURVE('',#6319,#6321,#1519,.T.);
#7954=ADVANCED_FACE('',(#7953),#7946,.T.);
#7966=ADVANCED_FACE('',(#7965),#7959,.F.);
#7972=EDGE_CURVE('',#6363,#6097,#1523,.T.);
#7975=EDGE_CURVE('',#5599,#5607,#1527,.T.);
#7980=ADVANCED_FACE('',(#7979),#7971,.F.);
#7988=EDGE_CURVE('',#5611,#5591,#1543,.T.);
#7993=ADVANCED_FACE('',(#7992),#7985,.F.);
#8002=EDGE_CURVE('',#6414,#6412,#1568,.T.);
#8008=ADVANCED_FACE('',(#8007),#7998,.F.);
#8017=EDGE_CURVE('',#6343,#6345,#1605,.T.);
#8023=ADVANCED_FACE('',(#8022),#8013,.F.);
#8030=EDGE_CURVE('',#6342,#6344,#1641,.T.);
#8036=ADVANCED_FACE('',(#8035),#8028,.F.);
#8048=ADVANCED_FACE('',(#8047),#8041,.T.);
#8060=ADVANCED_FACE('',(#8059),#8053,.F.);
#8072=ADVANCED_FACE('',(#8071),#8065,.F.);
#8078=EDGE_CURVE('',#6493,#5703,#1675,.T.);
#8080=EDGE_CURVE('',#6489,#6493,#5346,.T.);
#8083=EDGE_CURVE('',#6486,#6482,#1797,.T.);
#8085=EDGE_CURVE('',#6486,#5702,#1740,.T.);
#8087=EDGE_CURVE('',#5702,#5703,#1657,.T.);
#8091=ADVANCED_FACE('',(#8090),#8077,.F.);
#8097=EDGE_CURVE('',#6548,#6546,#1661,.T.);
#8099=EDGE_CURVE('',#5699,#6546,#1692,.T.);
#8101=EDGE_CURVE('',#6494,#5699,#1666,.T.);
#8103=EDGE_CURVE('',#6493,#6494,#1670,.T.);
#8106=EDGE_CURVE('',#6548,#5703,#1715,.T.);
#8110=ADVANCED_FACE('',(#8109),#8096,.F.);
#8116=EDGE_CURVE('',#6545,#6546,#1697,.T.);
#8119=EDGE_CURVE('',#6548,#6550,#1711,.T.);
#8121=EDGE_CURVE('',#6550,#6545,#1731,.T.);
#8125=ADVANCED_FACE('',(#8124),#8115,.T.);
#8131=EDGE_CURVE('',#6540,#6542,#1680,.T.);
#8133=EDGE_CURVE('',#5698,#6540,#1684,.T.);
#8135=EDGE_CURVE('',#5698,#5699,#1688,.T.);
#8139=EDGE_CURVE('',#6542,#6545,#1727,.T.);
#8143=ADVANCED_FACE('',(#8142),#8130,.T.);
#8149=EDGE_CURVE('',#6537,#6538,#1702,.T.);
#8151=EDGE_CURVE('',#6540,#6538,#1735,.T.);
#8154=EDGE_CURVE('',#6542,#6537,#1723,.T.);
#8158=ADVANCED_FACE('',(#8157),#8148,.T.);
#8165=EDGE_CURVE('',#6537,#6550,#1706,.T.);
#8170=EDGE_CURVE('',#6538,#5702,#1719,.T.);
#8174=ADVANCED_FACE('',(#8173),#8163,.T.);
#8186=ADVANCED_FACE('',(#8185),#8179,.T.);
#8195=EDGE_CURVE('',#6485,#6486,#1744,.T.);
#8197=EDGE_CURVE('',#6485,#5698,#1749,.T.);
#8202=ADVANCED_FACE('',(#8201),#8191,.F.);
#8208=EDGE_CURVE('',#6481,#6482,#1805,.T.);
#8210=EDGE_CURVE('',#6481,#6485,#1770,.T.);
#8216=ADVANCED_FACE('',(#8215),#8207,.F.);
#8222=EDGE_CURVE('',#6473,#6474,#1801,.T.);
#8224=EDGE_CURVE('',#5859,#6474,#2485,.T.);
#8226=EDGE_CURVE('',#5857,#5859,#3611,.T.);
#8231=EDGE_CURVE('',#5886,#5887,#1810,.T.);
#8233=EDGE_CURVE('',#5886,#6473,#1993,.T.);
#8237=ADVANCED_FACE('',(#8236),#8221,.T.);
#8243=EDGE_CURVE('',#6489,#6490,#1814,.T.);
#8246=EDGE_CURVE('',#5867,#5863,#3606,.T.);
#8248=EDGE_CURVE('',#5867,#6497,#3097,.T.);
#8250=EDGE_CURVE('',#6497,#6498,#1818,.T.);
#8252=EDGE_CURVE('',#5905,#6498,#2253,.T.);
#8254=EDGE_CURVE('',#5902,#5905,#1823,.T.);
#8259=ADVANCED_FACE('',(#8258),#8242,.T.);
#8265=EDGE_CURVE('',#6505,#6506,#1827,.T.);
#8267=EDGE_CURVE('',#6506,#5875,#3109,.T.);
#8269=EDGE_CURVE('',#5873,#5875,#3045,.T.);
#8272=EDGE_CURVE('',#6513,#6514,#1831,.T.);
#8275=EDGE_CURVE('',#5910,#5911,#1836,.T.);
#8277=EDGE_CURVE('',#6505,#5910,#2257,.T.);
#8281=ADVANCED_FACE('',(#8280),#8264,.T.);
#8287=EDGE_CURVE('',#6521,#6522,#1840,.T.);
#8290=EDGE_CURVE('',#5851,#5847,#2930,.T.);
#8292=EDGE_CURVE('',#6529,#5851,#2473,.T.);
#8294=EDGE_CURVE('',#6529,#6530,#1844,.T.);
#8296=EDGE_CURVE('',#6530,#5883,#1989,.T.);
#8298=EDGE_CURVE('',#5881,#5883,#1849,.T.);
#8303=ADVANCED_FACE('',(#8302),#8286,.T.);
#8310=EDGE_CURVE('',#6473,#6477,#1876,.T.);
#8312=EDGE_CURVE('',#6477,#6478,#2877,.T.);
#8314=EDGE_CURVE('',#6478,#6474,#1897,.T.);
#8318=ADVANCED_FACE('',(#8317),#8308,.F.);
#8324=EDGE_CURVE('',#6473,#6530,#1901,.T.);
#8326=EDGE_CURVE('',#6534,#6530,#2851,.T.);
#8328=EDGE_CURVE('',#5711,#6534,#2803,.T.);
#8330=EDGE_CURVE('',#5710,#5711,#2904,.T.);
#8332=EDGE_CURVE('',#5710,#6477,#2882,.T.);
#8337=ADVANCED_FACE('',(#8336),#8323,.F.);
#8343=EDGE_CURVE('',#6105,#5538,#4233,.T.);
#8345=EDGE_CURVE('',#5538,#5878,#1981,.T.);
#8347=EDGE_CURVE('',#5883,#5878,#1985,.T.);
#8352=EDGE_CURVE('',#5895,#5886,#1997,.T.);
#8354=EDGE_CURVE('',#6109,#5895,#4421,.T.);
#8356=EDGE_CURVE('',#6105,#6109,#2001,.T.);
#8360=EDGE_CURVE('',#6057,#5614,#1941,.T.);
#8362=EDGE_CURVE('',#6426,#6057,#2495,.T.);
#8364=EDGE_CURVE('',#6420,#6426,#2699,.T.);
#8366=EDGE_CURVE('',#6059,#6420,#2421,.T.);
#8368=EDGE_CURVE('',#5627,#6059,#1945,.T.);
#8370=EDGE_CURVE('',#5627,#5625,#1950,.T.);
#8372=EDGE_CURVE('',#5623,#5625,#1954,.T.);
#8374=EDGE_CURVE('',#5621,#5623,#1959,.T.);
#8376=EDGE_CURVE('',#5619,#5621,#1963,.T.);
#8378=EDGE_CURVE('',#5617,#5619,#1968,.T.);
#8380=EDGE_CURVE('',#5615,#5617,#1972,.T.);
#8382=EDGE_CURVE('',#5614,#5615,#1977,.T.);
#8386=EDGE_CURVE('',#6002,#6003,#1906,.T.);
#8388=EDGE_CURVE('',#6003,#6005,#1910,.T.);
#8390=EDGE_CURVE('',#6005,#6007,#1915,.T.);
#8392=EDGE_CURVE('',#6007,#6009,#1919,.T.);
#8394=EDGE_CURVE('',#6009,#6011,#1924,.T.);
#8396=EDGE_CURVE('',#6011,#6013,#1928,.T.);
#8398=EDGE_CURVE('',#6013,#6015,#1933,.T.);
#8400=EDGE_CURVE('',#6015,#6002,#1937,.T.);
#8404=ADVANCED_FACE('',(#8359,#8385,#8403),#8342,.F.);
#8411=EDGE_CURVE('',#6002,#5986,#2005,.T.);
#8413=EDGE_CURVE('',#5986,#5987,#2038,.T.);
#8415=EDGE_CURVE('',#6003,#5987,#2033,.T.);
#8419=ADVANCED_FACE('',(#8418),#8409,.F.);
#8426=EDGE_CURVE('',#6015,#5999,#2009,.T.);
#8428=EDGE_CURVE('',#5999,#5986,#2042,.T.);
#8433=ADVANCED_FACE('',(#8432),#8424,.F.);
#8440=EDGE_CURVE('',#6013,#5997,#2013,.T.);
#8442=EDGE_CURVE('',#5997,#5999,#2047,.T.);
#8447=ADVANCED_FACE('',(#8446),#8438,.F.);
#8454=EDGE_CURVE('',#6011,#5995,#2017,.T.);
#8456=EDGE_CURVE('',#5995,#5997,#2051,.T.);
#8461=ADVANCED_FACE('',(#8460),#8452,.F.);
#8468=EDGE_CURVE('',#6009,#5993,#2021,.T.);
#8470=EDGE_CURVE('',#5993,#5995,#2056,.T.);
#8475=ADVANCED_FACE('',(#8474),#8466,.F.);
#8482=EDGE_CURVE('',#6007,#5991,#2025,.T.);
#8484=EDGE_CURVE('',#5991,#5993,#2060,.T.);
#8489=ADVANCED_FACE('',(#8488),#8480,.F.);
#8496=EDGE_CURVE('',#6005,#5989,#2029,.T.);
#8498=EDGE_CURVE('',#5989,#5991,#2065,.T.);
#8503=ADVANCED_FACE('',(#8502),#8494,.F.);
#8511=EDGE_CURVE('',#5987,#5989,#2069,.T.);
#8516=ADVANCED_FACE('',(#8515),#8508,.F.);
#8532=EDGE_CURVE('',#6042,#6043,#2073,.T.);
#8534=EDGE_CURVE('',#6042,#6046,#2077,.T.);
#8536=EDGE_CURVE('',#6046,#6047,#2081,.T.);
#8538=EDGE_CURVE('',#6043,#6047,#2085,.T.);
#8542=ADVANCED_FACE('',(#8531,#8541),#8521,.F.);
#8548=EDGE_CURVE('',#6034,#6035,#2149,.T.);
#8550=EDGE_CURVE('',#6034,#6022,#2089,.T.);
#8552=EDGE_CURVE('',#6022,#6023,#2093,.T.);
#8554=EDGE_CURVE('',#6023,#6035,#2097,.T.);
#8558=ADVANCED_FACE('',(#8557),#8547,.F.);
#8565=EDGE_CURVE('',#6043,#6018,#2101,.T.);
#8567=EDGE_CURVE('',#6018,#6019,#2105,.T.);
#8569=EDGE_CURVE('',#6019,#6042,#2109,.T.);
#8573=ADVANCED_FACE('',(#8572),#8563,.F.);
#8579=EDGE_CURVE('',#5954,#5955,#2114,.T.);
#8581=EDGE_CURVE('',#5967,#5954,#2118,.T.);
#8583=EDGE_CURVE('',#5965,#5967,#2123,.T.);
#8585=EDGE_CURVE('',#5963,#5965,#2127,.T.);
#8587=EDGE_CURVE('',#5961,#5963,#2132,.T.);
#8589=EDGE_CURVE('',#5959,#5961,#2136,.T.);
#8591=EDGE_CURVE('',#5957,#5959,#2141,.T.);
#8593=EDGE_CURVE('',#5955,#5957,#2145,.T.);
#8598=EDGE_CURVE('',#6035,#6039,#2153,.T.);
#8600=EDGE_CURVE('',#6038,#6039,#2157,.T.);
#8602=EDGE_CURVE('',#6034,#6038,#2161,.T.);
#8606=ADVANCED_FACE('',(#8596,#8605),#8578,.F.);
#8612=EDGE_CURVE('',#5970,#5971,#2170,.T.);
#8614=EDGE_CURVE('',#5970,#5954,#2165,.T.);
#8617=EDGE_CURVE('',#5971,#5955,#2265,.T.);
#8621=ADVANCED_FACE('',(#8620),#8611,.F.);
#8627=EDGE_CURVE('',#5535,#5751,#4209,.T.);
#8629=EDGE_CURVE('',#5751,#5754,#2245,.T.);
#8631=EDGE_CURVE('',#5907,#5754,#4413,.T.);
#8633=EDGE_CURVE('',#5905,#5907,#2249,.T.);
#8636=EDGE_CURVE('',#6505,#6498,#3475,.T.);
#8639=EDGE_CURVE('',#5915,#5910,#2261,.T.);
#8641=EDGE_CURVE('',#5535,#5915,#4264,.T.);
#8645=EDGE_CURVE('',#5491,#6051,#2205,.T.);
#8647=EDGE_CURVE('',#6427,#6051,#3119,.T.);
#8649=EDGE_CURVE('',#6428,#6427,#3319,.T.);
#8651=EDGE_CURVE('',#6049,#6428,#2379,.T.);
#8653=EDGE_CURVE('',#6049,#5478,#2209,.T.);
#8655=EDGE_CURVE('',#5478,#5479,#2214,.T.);
#8657=EDGE_CURVE('',#5479,#5481,#2218,.T.);
#8659=EDGE_CURVE('',#5481,#5483,#2223,.T.);
#8661=EDGE_CURVE('',#5483,#5485,#2227,.T.);
#8663=EDGE_CURVE('',#5485,#5487,#2232,.T.);
#8665=EDGE_CURVE('',#5487,#5489,#2236,.T.);
#8667=EDGE_CURVE('',#5491,#5489,#2241,.T.);
#8672=EDGE_CURVE('',#5971,#5973,#2174,.T.);
#8674=EDGE_CURVE('',#5973,#5975,#2179,.T.);
#8676=EDGE_CURVE('',#5975,#5977,#2183,.T.);
#8678=EDGE_CURVE('',#5977,#5979,#2188,.T.);
#8680=EDGE_CURVE('',#5979,#5981,#2192,.T.);
#8682=EDGE_CURVE('',#5981,#5983,#2197,.T.);
#8684=EDGE_CURVE('',#5983,#5970,#2201,.T.);
#8688=ADVANCED_FACE('',(#8644,#8670,#8687),#8626,.T.);
#8697=EDGE_CURVE('',#5973,#5957,#2269,.T.);
#8701=ADVANCED_FACE('',(#8700),#8693,.F.);
#8710=EDGE_CURVE('',#5975,#5959,#2273,.T.);
#8714=ADVANCED_FACE('',(#8713),#8706,.F.);
#8723=EDGE_CURVE('',#5977,#5961,#2277,.T.);
#8727=ADVANCED_FACE('',(#8726),#8719,.F.);
#8736=EDGE_CURVE('',#5979,#5963,#2281,.T.);
#8740=ADVANCED_FACE('',(#8739),#8732,.F.);
#8749=EDGE_CURVE('',#5981,#5965,#2285,.T.);
#8753=ADVANCED_FACE('',(#8752),#8745,.F.);
#8762=EDGE_CURVE('',#5983,#5967,#2289,.T.);
#8766=ADVANCED_FACE('',(#8765),#8758,.F.);
#8778=ADVANCED_FACE('',(#8777),#8771,.F.);
#8785=EDGE_CURVE('',#5491,#5507,#2293,.T.);
#8787=EDGE_CURVE('',#5507,#6055,#3053,.T.);
#8789=EDGE_CURVE('',#6051,#6055,#2297,.T.);
#8793=ADVANCED_FACE('',(#8792),#8783,.F.);
#8800=EDGE_CURVE('',#6063,#6059,#2301,.T.);
#8802=EDGE_CURVE('',#5643,#6063,#2465,.T.);
#8804=EDGE_CURVE('',#5643,#5627,#2305,.T.);
#8808=ADVANCED_FACE('',(#8807),#8798,.F.);
#8815=EDGE_CURVE('',#5489,#5505,#2309,.T.);
#8817=EDGE_CURVE('',#5507,#5505,#3058,.T.);
#8822=ADVANCED_FACE('',(#8821),#8813,.T.);
#8830=EDGE_CURVE('',#5643,#5641,#2461,.T.);
#8832=EDGE_CURVE('',#5641,#5625,#2313,.T.);
#8836=ADVANCED_FACE('',(#8835),#8827,.T.);
#8843=EDGE_CURVE('',#5487,#5503,#2317,.T.);
#8845=EDGE_CURVE('',#5503,#5505,#3062,.T.);
#8850=ADVANCED_FACE('',(#8849),#8841,.F.);
#8858=EDGE_CURVE('',#5639,#5641,#2456,.T.);
#8860=EDGE_CURVE('',#5639,#5623,#2321,.T.);
#8864=ADVANCED_FACE('',(#8863),#8855,.F.);
#8871=EDGE_CURVE('',#5485,#5501,#2325,.T.);
#8873=EDGE_CURVE('',#5501,#5503,#3067,.T.);
#8878=ADVANCED_FACE('',(#8877),#8869,.F.);
#8886=EDGE_CURVE('',#5637,#5639,#2452,.T.);
#8888=EDGE_CURVE('',#5637,#5621,#2329,.T.);
#8892=ADVANCED_FACE('',(#8891),#8883,.F.);
#8899=EDGE_CURVE('',#5483,#5499,#2333,.T.);
#8901=EDGE_CURVE('',#5499,#5501,#3071,.T.);
#8906=ADVANCED_FACE('',(#8905),#8897,.F.);
#8914=EDGE_CURVE('',#5635,#5637,#2447,.T.);
#8916=EDGE_CURVE('',#5635,#5619,#2337,.T.);
#8920=ADVANCED_FACE('',(#8919),#8911,.F.);
#8927=EDGE_CURVE('',#5481,#5497,#2341,.T.);
#8929=EDGE_CURVE('',#5497,#5499,#3076,.T.);
#8934=ADVANCED_FACE('',(#8933),#8925,.F.);
#8942=EDGE_CURVE('',#5633,#5635,#2443,.T.);
#8944=EDGE_CURVE('',#5633,#5617,#2345,.T.);
#8948=ADVANCED_FACE('',(#8947),#8939,.F.);
#8955=EDGE_CURVE('',#5479,#5495,#2349,.T.);
#8957=EDGE_CURVE('',#5495,#5497,#3080,.T.);
#8962=ADVANCED_FACE('',(#8961),#8953,.F.);
#8970=EDGE_CURVE('',#5631,#5633,#2438,.T.);
#8972=EDGE_CURVE('',#5631,#5615,#2353,.T.);
#8976=ADVANCED_FACE('',(#8975),#8967,.F.);
#8983=EDGE_CURVE('',#5478,#5494,#2357,.T.);
#8985=EDGE_CURVE('',#5494,#5495,#3085,.T.);
#8990=ADVANCED_FACE('',(#8989),#8981,.F.);
#8998=EDGE_CURVE('',#5630,#5631,#2434,.T.);
#9000=EDGE_CURVE('',#5630,#5614,#2361,.T.);
#9004=ADVANCED_FACE('',(#9003),#8995,.F.);
#9011=EDGE_CURVE('',#6049,#6053,#2365,.T.);
#9013=EDGE_CURVE('',#6053,#5494,#3089,.T.);
#9018=ADVANCED_FACE('',(#9017),#9009,.F.);
#9026=EDGE_CURVE('',#6061,#5630,#2429,.T.);
#9028=EDGE_CURVE('',#6061,#6057,#2369,.T.);
#9032=ADVANCED_FACE('',(#9031),#9023,.F.);
#9038=EDGE_CURVE('',#6384,#6385,#2407,.T.);
#9040=EDGE_CURVE('',#6385,#6053,#2374,.T.);
#9044=EDGE_CURVE('',#6428,#6384,#3296,.T.);
#9048=ADVANCED_FACE('',(#9047),#9037,.F.);
#9054=EDGE_CURVE('',#6070,#6365,#2383,.T.);
#9056=EDGE_CURVE('',#6365,#6068,#2387,.T.);
#9058=EDGE_CURVE('',#6070,#6068,#2469,.T.);
#9062=ADVANCED_FACE('',(#9061),#9053,.F.);
#9068=EDGE_CURVE('',#6368,#6369,#2391,.T.);
#9070=EDGE_CURVE('',#6092,#6368,#2425,.T.);
#9072=EDGE_CURVE('',#6092,#6369,#2395,.T.);
#9076=ADVANCED_FACE('',(#9075),#9067,.F.);
#9082=EDGE_CURVE('',#6374,#6375,#2399,.T.);
#9084=EDGE_CURVE('',#6375,#6377,#3049,.T.);
#9086=EDGE_CURVE('',#6377,#6374,#2403,.T.);
#9090=ADVANCED_FACE('',(#9089),#9081,.F.);
#9097=EDGE_CURVE('',#6384,#6391,#2411,.T.);
#9099=EDGE_CURVE('',#6391,#6385,#3093,.T.);
#9103=ADVANCED_FACE('',(#9102),#9095,.F.);
#9109=EDGE_CURVE('',#6070,#6063,#2416,.T.);
#9113=EDGE_CURVE('',#6420,#6365,#2678,.T.);
#9118=ADVANCED_FACE('',(#9117),#9108,.F.);
#9124=EDGE_CURVE('',#6529,#6474,#2781,.T.);
#9127=EDGE_CURVE('',#5849,#5851,#2477,.T.);
#9129=EDGE_CURVE('',#5854,#5849,#2962,.T.);
#9131=EDGE_CURVE('',#5859,#5854,#2481,.T.);
#9137=EDGE_CURVE('',#6061,#6368,#2490,.T.);
#9150=EDGE_CURVE('',#6092,#6068,#2545,.T.);
#9154=ADVANCED_FACE('',(#9135,#9153),#9123,.T.);
#9163=EDGE_CURVE('',#6369,#6426,#2537,.T.);
#9168=ADVANCED_FACE('',(#9167),#9159,.F.);
#9174=EDGE_CURVE('',#6092,#6093,#2505,.T.);
#9176=EDGE_CURVE('',#6093,#6094,#2513,.T.);
#9178=EDGE_CURVE('',#6094,#6371,#2553,.T.);
#9180=EDGE_CURVE('',#6371,#6421,#2519,.T.);
#9182=EDGE_CURVE('',#6421,#6426,#2532,.T.);
#9188=ADVANCED_FACE('',(#9187),#9173,.F.);
#9194=EDGE_CURVE('',#6067,#6093,#2541,.T.);
#9198=EDGE_CURVE('',#6067,#6068,#2673,.T.);
#9202=ADVANCED_FACE('',(#9201),#9193,.F.);
#9208=EDGE_CURVE('',#6094,#5730,#2557,.T.);
#9212=EDGE_CURVE('',#6066,#6067,#2663,.T.);
#9214=EDGE_CURVE('',#6066,#5727,#2549,.T.);
#9216=EDGE_CURVE('',#5727,#5730,#2590,.T.);
#9220=ADVANCED_FACE('',(#9219),#9207,.T.);
#9228=EDGE_CURVE('',#5730,#5731,#2561,.T.);
#9230=EDGE_CURVE('',#6371,#5731,#2695,.T.);
#9234=ADVANCED_FACE('',(#9233),#9225,.F.);
#9265=EDGE_CURVE('',#5730,#5738,#2586,.T.);
#9267=EDGE_CURVE('',#5738,#5739,#2741,.T.);
#9269=EDGE_CURVE('',#5731,#5739,#2729,.T.);
#9273=ADVANCED_FACE('',(#9272),#9263,.T.);
#9280=EDGE_CURVE('',#5727,#5735,#2615,.T.);
#9282=EDGE_CURVE('',#5735,#5738,#2749,.T.);
#9287=ADVANCED_FACE('',(#9286),#9278,.T.);
#9317=EDGE_CURVE('',#5726,#5727,#2619,.T.);
#9319=EDGE_CURVE('',#5726,#5734,#2641,.T.);
#9321=EDGE_CURVE('',#5734,#5735,#2757,.T.);
#9326=ADVANCED_FACE('',(#9325),#9316,.T.);
#9332=EDGE_CURVE('',#6065,#6066,#2645,.T.);
#9334=EDGE_CURVE('',#6065,#5726,#2649,.T.);
#9340=ADVANCED_FACE('',(#9339),#9331,.T.);
#9346=EDGE_CURVE('',#6064,#6065,#2655,.T.);
#9353=EDGE_CURVE('',#6420,#6064,#2691,.T.);
#9357=ADVANCED_FACE('',(#9356),#9345,.F.);
#9363=EDGE_CURVE('',#6421,#6064,#2703,.T.);
#9367=EDGE_CURVE('',#5731,#5726,#2707,.T.);
#9373=ADVANCED_FACE('',(#9372),#9362,.F.);
#9385=ADVANCED_FACE('',(#9384),#9378,.T.);
#9393=EDGE_CURVE('',#5739,#5734,#2733,.T.);
#9398=ADVANCED_FACE('',(#9397),#9390,.F.);
#9405=EDGE_CURVE('',#5739,#5747,#2737,.T.);
#9407=EDGE_CURVE('',#5747,#5742,#2769,.T.);
#9409=EDGE_CURVE('',#5734,#5742,#2761,.T.);
#9413=ADVANCED_FACE('',(#9412),#9403,.T.);
#9420=EDGE_CURVE('',#5738,#5745,#2745,.T.);
#9422=EDGE_CURVE('',#5745,#5747,#2773,.T.);
#9427=ADVANCED_FACE('',(#9426),#9418,.F.);
#9434=EDGE_CURVE('',#5735,#5743,#2753,.T.);
#9436=EDGE_CURVE('',#5743,#5745,#2777,.T.);
#9441=ADVANCED_FACE('',(#9440),#9432,.F.);
#9449=EDGE_CURVE('',#5742,#5743,#2765,.T.);
#9454=ADVANCED_FACE('',(#9453),#9446,.T.);
#9466=ADVANCED_FACE('',(#9465),#9459,.T.);
#9472=EDGE_CURVE('',#5715,#6533,#2794,.T.);
#9474=EDGE_CURVE('',#6529,#6533,#2824,.T.);
#9478=EDGE_CURVE('',#5714,#6478,#2891,.T.);
#9480=EDGE_CURVE('',#5714,#5715,#2785,.T.);
#9484=ADVANCED_FACE('',(#9483),#9471,.T.);
#9490=EDGE_CURVE('',#6533,#6534,#2789,.T.);
#9493=EDGE_CURVE('',#6292,#5715,#2869,.T.);
#9495=EDGE_CURVE('',#6292,#6290,#2798,.T.);
#9497=EDGE_CURVE('',#5711,#6290,#2908,.T.);
#9502=ADVANCED_FACE('',(#9501),#9489,.F.);
#9514=ADVANCED_FACE('',(#9513),#9507,.F.);
#9520=EDGE_CURVE('',#6281,#6282,#2856,.T.);
#9522=EDGE_CURVE('',#6281,#6294,#2860,.T.);
#9524=EDGE_CURVE('',#6292,#6294,#2865,.T.);
#9528=EDGE_CURVE('',#6282,#5714,#2873,.T.);
#9532=ADVANCED_FACE('',(#9531),#9519,.T.);
#9539=EDGE_CURVE('',#6284,#6282,#2886,.T.);
#9541=EDGE_CURVE('',#6284,#6286,#2896,.T.);
#9543=EDGE_CURVE('',#6286,#6281,#2917,.T.);
#9547=ADVANCED_FACE('',(#9546),#9537,.T.);
#9555=EDGE_CURVE('',#5710,#6284,#2900,.T.);
#9562=ADVANCED_FACE('',(#9561),#9552,.F.);
#9572=EDGE_CURVE('',#6289,#6290,#2913,.T.);
#9574=EDGE_CURVE('',#6286,#6289,#2921,.T.);
#9578=ADVANCED_FACE('',(#9577),#9567,.T.);
#9587=EDGE_CURVE('',#6294,#6289,#2925,.T.);
#9591=ADVANCED_FACE('',(#9590),#9583,.T.);
#9603=ADVANCED_FACE('',(#9602),#9596,.T.);
#9610=EDGE_CURVE('',#5846,#5849,#2935,.T.);
#9616=ADVANCED_FACE('',(#9615),#9608,.F.);
#9624=EDGE_CURVE('',#5870,#5871,#2944,.T.);
#9626=EDGE_CURVE('',#5870,#5865,#2948,.T.);
#9628=EDGE_CURVE('',#5862,#5865,#2953,.T.);
#9631=EDGE_CURVE('',#5854,#5855,#2958,.T.);
#9636=EDGE_CURVE('',#6158,#6448,#2966,.T.);
#9638=EDGE_CURVE('',#6435,#6448,#3909,.T.);
#9640=EDGE_CURVE('',#6435,#6432,#2970,.T.);
#9642=EDGE_CURVE('',#6452,#6432,#3687,.T.);
#9644=EDGE_CURVE('',#6145,#6452,#2974,.T.);
#9646=EDGE_CURVE('',#6145,#6146,#2978,.T.);
#9648=EDGE_CURVE('',#6146,#6148,#2983,.T.);
#9650=EDGE_CURVE('',#6148,#6150,#2987,.T.);
#9652=EDGE_CURVE('',#6450,#6150,#2991,.T.);
#9654=EDGE_CURVE('',#6439,#6450,#3671,.T.);
#9656=EDGE_CURVE('',#6444,#6439,#2995,.T.);
#9658=EDGE_CURVE('',#6446,#6444,#3649,.T.);
#9660=EDGE_CURVE('',#6446,#6153,#2999,.T.);
#9662=EDGE_CURVE('',#6153,#6154,#3003,.T.);
#9664=EDGE_CURVE('',#6154,#6156,#3008,.T.);
#9666=EDGE_CURVE('',#6156,#6158,#3012,.T.);
#9670=EDGE_CURVE('',#5940,#5941,#3016,.T.);
#9672=EDGE_CURVE('',#5941,#5943,#3020,.T.);
#9674=EDGE_CURVE('',#5943,#5945,#3024,.T.);
#9676=EDGE_CURVE('',#5945,#5947,#3028,.T.);
#9678=EDGE_CURVE('',#5947,#5949,#3032,.T.);
#9680=EDGE_CURVE('',#5949,#5951,#3036,.T.);
#9682=EDGE_CURVE('',#5951,#5940,#3040,.T.);
#9686=ADVANCED_FACE('',(#9635,#9669,#9685),#9621,.T.);
#9695=EDGE_CURVE('',#5875,#5870,#3105,.T.);
#9699=ADVANCED_FACE('',(#9698),#9691,.F.);
#9705=EDGE_CURVE('',#6497,#6506,#3405,.T.);
#9708=EDGE_CURVE('',#5865,#5867,#3101,.T.);
#9716=EDGE_CURVE('',#6055,#6375,#3114,.T.);
#9729=EDGE_CURVE('',#6377,#6391,#3169,.T.);
#9733=ADVANCED_FACE('',(#9714,#9732),#9704,.T.);
#9742=EDGE_CURVE('',#6374,#6427,#3161,.T.);
#9747=ADVANCED_FACE('',(#9746),#9738,.F.);
#9754=EDGE_CURVE('',#6377,#6422,#3129,.T.);
#9756=EDGE_CURVE('',#6422,#6380,#3137,.T.);
#9758=EDGE_CURVE('',#6380,#6381,#3177,.T.);
#9760=EDGE_CURVE('',#6381,#6423,#3143,.T.);
#9762=EDGE_CURVE('',#6423,#6427,#3156,.T.);
#9767=ADVANCED_FACE('',(#9766),#9752,.F.);
#9773=EDGE_CURVE('',#6425,#6422,#3165,.T.);
#9777=EDGE_CURVE('',#6425,#6391,#3291,.T.);
#9781=ADVANCED_FACE('',(#9780),#9772,.F.);
#9787=EDGE_CURVE('',#6380,#5515,#3181,.T.);
#9791=EDGE_CURVE('',#6389,#6425,#3281,.T.);
#9793=EDGE_CURVE('',#6389,#5513,#3173,.T.);
#9795=EDGE_CURVE('',#5513,#5515,#3214,.T.);
#9799=ADVANCED_FACE('',(#9798),#9786,.F.);
#9807=EDGE_CURVE('',#5515,#5510,#3185,.T.);
#9809=EDGE_CURVE('',#6381,#5510,#3327,.T.);
#9813=ADVANCED_FACE('',(#9812),#9804,.T.);
#9844=EDGE_CURVE('',#5515,#5523,#3210,.T.);
#9846=EDGE_CURVE('',#5523,#5518,#3365,.T.);
#9848=EDGE_CURVE('',#5510,#5518,#3353,.T.);
#9852=ADVANCED_FACE('',(#9851),#9842,.T.);
#9859=EDGE_CURVE('',#5513,#5521,#3239,.T.);
#9861=EDGE_CURVE('',#5521,#5523,#3373,.T.);
#9866=ADVANCED_FACE('',(#9865),#9857,.T.);
#9896=EDGE_CURVE('',#5511,#5513,#3243,.T.);
#9898=EDGE_CURVE('',#5511,#5519,#3265,.T.);
#9900=EDGE_CURVE('',#5519,#5521,#3381,.T.);
#9905=ADVANCED_FACE('',(#9904),#9895,.T.);
#9911=EDGE_CURVE('',#6388,#6389,#3269,.T.);
#9913=EDGE_CURVE('',#6388,#5511,#3273,.T.);
#9919=ADVANCED_FACE('',(#9918),#9910,.F.);
#9930=EDGE_CURVE('',#6428,#6424,#3309,.T.);
#9932=EDGE_CURVE('',#6424,#6388,#3315,.T.);
#9936=ADVANCED_FACE('',(#9935),#9924,.F.);
#9944=EDGE_CURVE('',#6423,#6424,#3323,.T.);
#9949=ADVANCED_FACE('',(#9948),#9941,.T.);
#9958=EDGE_CURVE('',#5510,#5511,#3331,.T.);
#9964=ADVANCED_FACE('',(#9963),#9954,.T.);
#9972=EDGE_CURVE('',#5518,#5519,#3357,.T.);
#9977=ADVANCED_FACE('',(#9976),#9969,.F.);
#9984=EDGE_CURVE('',#5518,#5526,#3361,.T.);
#9986=EDGE_CURVE('',#5526,#5527,#3389,.T.);
#9988=EDGE_CURVE('',#5519,#5527,#3385,.T.);
#9992=ADVANCED_FACE('',(#9991),#9982,.T.);
#9999=EDGE_CURVE('',#5523,#5531,#3369,.T.);
#10001=EDGE_CURVE('',#5531,#5526,#3393,.T.);
#10006=ADVANCED_FACE('',(#10005),#9997,.T.);
#10013=EDGE_CURVE('',#5521,#5529,#3377,.T.);
#10015=EDGE_CURVE('',#5529,#5531,#3397,.T.);
#10020=ADVANCED_FACE('',(#10019),#10011,.F.);
#10028=EDGE_CURVE('',#5527,#5529,#3401,.T.);
#10033=ADVANCED_FACE('',(#10032),#10025,.F.);
#10045=ADVANCED_FACE('',(#10044),#10038,.T.);
#10051=EDGE_CURVE('',#6501,#5718,#3414,.T.);
#10053=EDGE_CURVE('',#6497,#6501,#3444,.T.);
#10056=EDGE_CURVE('',#6510,#6506,#3601,.T.);
#10058=EDGE_CURVE('',#6510,#5719,#3553,.T.);
#10060=EDGE_CURVE('',#5718,#5719,#3519,.T.);
#10064=ADVANCED_FACE('',(#10063),#10050,.T.);
#10070=EDGE_CURVE('',#6501,#6502,#3409,.T.);
#10073=EDGE_CURVE('',#5718,#6276,#3515,.T.);
#10075=EDGE_CURVE('',#6276,#6274,#3418,.T.);
#10077=EDGE_CURVE('',#6274,#5722,#3492,.T.);
#10079=EDGE_CURVE('',#6502,#5722,#3423,.T.);
#10083=ADVANCED_FACE('',(#10082),#10069,.F.);
#10092=EDGE_CURVE('',#6502,#6498,#3471,.T.);
#10096=ADVANCED_FACE('',(#10095),#10088,.F.);
#10105=EDGE_CURVE('',#5722,#5723,#3479,.T.);
#10107=EDGE_CURVE('',#6509,#5723,#3544,.T.);
#10109=EDGE_CURVE('',#6505,#6509,#3580,.T.);
#10113=ADVANCED_FACE('',(#10112),#10101,.F.);
#10119=EDGE_CURVE('',#6268,#6270,#3484,.T.);
#10121=EDGE_CURVE('',#6268,#5723,#3488,.T.);
#10125=EDGE_CURVE('',#6273,#6274,#3497,.T.);
#10127=EDGE_CURVE('',#6273,#6270,#3501,.T.);
#10131=ADVANCED_FACE('',(#10130),#10118,.T.);
#10137=EDGE_CURVE('',#6265,#6266,#3506,.T.);
#10139=EDGE_CURVE('',#6268,#6266,#3548,.T.);
#10142=EDGE_CURVE('',#6270,#6265,#3527,.T.);
#10146=ADVANCED_FACE('',(#10145),#10136,.T.);
#10153=EDGE_CURVE('',#6278,#6265,#3535,.T.);
#10155=EDGE_CURVE('',#6276,#6278,#3511,.T.);
#10159=EDGE_CURVE('',#5719,#6266,#3523,.T.);
#10163=ADVANCED_FACE('',(#10162),#10151,.T.);
#10171=EDGE_CURVE('',#6278,#6273,#3531,.T.);
#10176=ADVANCED_FACE('',(#10175),#10168,.T.);
#10188=ADVANCED_FACE('',(#10187),#10181,.T.);
#10194=EDGE_CURVE('',#6509,#6510,#3539,.T.);
#10203=ADVANCED_FACE('',(#10202),#10193,.F.);
#10215=ADVANCED_FACE('',(#10214),#10208,.F.);
#10227=ADVANCED_FACE('',(#10226),#10220,.F.);
#10239=ADVANCED_FACE('',(#10238),#10232,.F.);
#10245=EDGE_CURVE('',#6461,#6453,#3615,.T.);
#10247=EDGE_CURVE('',#6448,#6461,#3619,.T.);
#10250=EDGE_CURVE('',#6158,#6161,#3623,.T.);
#10252=EDGE_CURVE('',#6161,#6162,#3627,.T.);
#10254=EDGE_CURVE('',#6153,#6162,#3631,.T.);
#10257=EDGE_CURVE('',#6453,#6446,#3635,.T.);
#10261=ADVANCED_FACE('',(#10260),#10244,.F.);
#10267=EDGE_CURVE('',#6453,#6454,#3644,.T.);
#10269=EDGE_CURVE('',#6454,#6456,#3947,.T.);
#10271=EDGE_CURVE('',#6458,#6456,#3935,.T.);
#10273=EDGE_CURVE('',#6458,#6460,#3913,.T.);
#10275=EDGE_CURVE('',#6460,#6461,#3904,.T.);
#10280=ADVANCED_FACE('',(#10279),#10266,.T.);
#10289=EDGE_CURVE('',#6443,#6444,#3657,.T.);
#10291=EDGE_CURVE('',#6443,#6454,#3956,.T.);
#10295=ADVANCED_FACE('',(#10294),#10285,.T.);
#10301=EDGE_CURVE('',#6439,#6440,#3653,.T.);
#10303=EDGE_CURVE('',#6443,#6440,#3960,.T.);
#10309=ADVANCED_FACE('',(#10308),#10300,.T.);
#10315=EDGE_CURVE('',#6469,#6470,#3666,.T.);
#10317=EDGE_CURVE('',#6469,#6440,#3969,.T.);
#10321=EDGE_CURVE('',#6450,#6470,#3695,.T.);
#10325=ADVANCED_FACE('',(#10324),#10314,.T.);
#10331=EDGE_CURVE('',#6462,#6463,#3682,.T.);
#10333=EDGE_CURVE('',#6463,#6465,#3921,.T.);
#10335=EDGE_CURVE('',#6467,#6465,#3943,.T.);
#10337=EDGE_CURVE('',#6467,#6469,#3973,.T.);
#10340=EDGE_CURVE('',#6470,#6462,#3691,.T.);
#10344=ADVANCED_FACE('',(#10343),#10330,.T.);
#10351=EDGE_CURVE('',#6462,#6452,#3711,.T.);
#10354=EDGE_CURVE('',#6431,#6432,#3757,.T.);
#10356=EDGE_CURVE('',#6431,#6463,#3926,.T.);
#10360=ADVANCED_FACE('',(#10359),#10349,.T.);
#10369=EDGE_CURVE('',#6150,#6166,#3699,.T.);
#10371=EDGE_CURVE('',#6165,#6166,#3703,.T.);
#10373=EDGE_CURVE('',#6145,#6165,#3707,.T.);
#10379=ADVANCED_FACE('',(#10378),#10365,.T.);
#10386=EDGE_CURVE('',#6148,#6138,#3715,.T.);
#10388=EDGE_CURVE('',#6138,#6166,#3736,.T.);
#10393=ADVANCED_FACE('',(#10392),#10384,.T.);
#10400=EDGE_CURVE('',#6146,#6137,#3719,.T.);
#10402=EDGE_CURVE('',#6137,#6138,#3741,.T.);
#10407=ADVANCED_FACE('',(#10406),#10398,.T.);
#10415=EDGE_CURVE('',#6165,#6137,#3745,.T.);
#10420=ADVANCED_FACE('',(#10419),#10412,.T.);
#10427=EDGE_CURVE('',#6142,#6161,#3723,.T.);
#10429=EDGE_CURVE('',#6141,#6142,#3728,.T.);
#10431=EDGE_CURVE('',#6162,#6141,#3732,.T.);
#10435=ADVANCED_FACE('',(#10434),#10425,.T.);
#10447=ADVANCED_FACE('',(#10446),#10440,.T.);
#10454=EDGE_CURVE('',#6156,#6142,#3749,.T.);
#10460=ADVANCED_FACE('',(#10459),#10452,.T.);
#10467=EDGE_CURVE('',#6154,#6141,#3753,.T.);
#10473=ADVANCED_FACE('',(#10472),#10465,.T.);
#10485=ADVANCED_FACE('',(#10484),#10478,.T.);
#10493=EDGE_CURVE('',#6435,#6436,#3761,.T.);
#10495=EDGE_CURVE('',#6436,#6431,#3765,.T.);
#10499=EDGE_CURVE('',#5654,#5655,#3769,.T.);
#10501=EDGE_CURVE('',#5655,#5663,#3773,.T.);
#10503=EDGE_CURVE('',#5662,#5663,#3777,.T.);
#10505=EDGE_CURVE('',#5654,#5662,#3781,.T.);
#10509=EDGE_CURVE('',#5658,#5659,#3785,.T.);
#10511=EDGE_CURVE('',#5659,#5667,#3789,.T.);
#10513=EDGE_CURVE('',#5666,#5667,#3793,.T.);
#10515=EDGE_CURVE('',#5658,#5666,#3797,.T.);
#10519=EDGE_CURVE('',#5678,#5679,#3801,.T.);
#10521=EDGE_CURVE('',#5679,#5687,#3805,.T.);
#10523=EDGE_CURVE('',#5686,#5687,#3809,.T.);
#10525=EDGE_CURVE('',#5678,#5686,#3813,.T.);
#10529=EDGE_CURVE('',#5682,#5683,#3817,.T.);
#10531=EDGE_CURVE('',#5683,#5691,#3821,.T.);
#10533=EDGE_CURVE('',#5690,#5691,#3825,.T.);
#10535=EDGE_CURVE('',#5682,#5690,#3829,.T.);
#10539=EDGE_CURVE('',#5806,#5807,#3833,.T.);
#10541=EDGE_CURVE('',#5807,#5815,#3837,.T.);
#10543=EDGE_CURVE('',#5814,#5815,#3841,.T.);
#10545=EDGE_CURVE('',#5806,#5814,#3845,.T.);
#10549=EDGE_CURVE('',#5810,#5811,#3849,.T.);
#10551=EDGE_CURVE('',#5811,#5819,#3853,.T.);
#10553=EDGE_CURVE('',#5818,#5819,#3857,.T.);
#10555=EDGE_CURVE('',#5810,#5818,#3861,.T.);
#10559=EDGE_CURVE('',#5830,#5831,#3865,.T.);
#10561=EDGE_CURVE('',#5831,#5839,#3869,.T.);
#10563=EDGE_CURVE('',#5838,#5839,#3873,.T.);
#10565=EDGE_CURVE('',#5830,#5838,#3877,.T.);
#10569=EDGE_CURVE('',#5834,#5835,#3881,.T.);
#10571=EDGE_CURVE('',#5835,#5843,#3885,.T.);
#10573=EDGE_CURVE('',#5842,#5843,#3889,.T.);
#10575=EDGE_CURVE('',#5834,#5842,#3893,.T.);
#10579=ADVANCED_FACE('',(#10498,#10508,#10518,#10528,#10538,#10548,#10558,
#10568,#10578),#10490,.T.);
#10586=EDGE_CURVE('',#6460,#6436,#3931,.T.);
#10593=ADVANCED_FACE('',(#10592),#10584,.T.);
#10600=EDGE_CURVE('',#6458,#6465,#3917,.T.);
#10608=ADVANCED_FACE('',(#10607),#10598,.T.);
#10615=EDGE_CURVE('',#6456,#6467,#3939,.T.);
#10621=ADVANCED_FACE('',(#10620),#10613,.T.);
#10635=ADVANCED_FACE('',(#10634),#10626,.T.);
#10642=EDGE_CURVE('',#5654,#5646,#3977,.T.);
#10644=EDGE_CURVE('',#5646,#5659,#3982,.T.);
#10647=EDGE_CURVE('',#5658,#5650,#3987,.T.);
#10649=EDGE_CURVE('',#5650,#5655,#3991,.T.);
#10653=ADVANCED_FACE('',(#10652),#10640,.F.);
#10660=EDGE_CURVE('',#5662,#5647,#4009,.T.);
#10662=EDGE_CURVE('',#5646,#5647,#4017,.T.);
#10667=ADVANCED_FACE('',(#10666),#10658,.T.);
#10674=EDGE_CURVE('',#5651,#5663,#3995,.T.);
#10676=EDGE_CURVE('',#5666,#5651,#4000,.T.);
#10679=EDGE_CURVE('',#5647,#5667,#4005,.T.);
#10684=ADVANCED_FACE('',(#10683),#10672,.T.);
#10692=EDGE_CURVE('',#5650,#5651,#4013,.T.);
#10697=ADVANCED_FACE('',(#10696),#10689,.T.);
#10709=ADVANCED_FACE('',(#10708),#10702,.F.);
#10721=ADVANCED_FACE('',(#10720),#10714,.T.);
#10728=EDGE_CURVE('',#5678,#5670,#4021,.T.);
#10730=EDGE_CURVE('',#5670,#5683,#4026,.T.);
#10733=EDGE_CURVE('',#5682,#5674,#4031,.T.);
#10735=EDGE_CURVE('',#5674,#5679,#4035,.T.);
#10739=ADVANCED_FACE('',(#10738),#10726,.F.);
#10746=EDGE_CURVE('',#5686,#5671,#4053,.T.);
#10748=EDGE_CURVE('',#5670,#5671,#4061,.T.);
#10753=ADVANCED_FACE('',(#10752),#10744,.T.);
#10760=EDGE_CURVE('',#5675,#5687,#4039,.T.);
#10762=EDGE_CURVE('',#5690,#5675,#4044,.T.);
#10765=EDGE_CURVE('',#5671,#5691,#4049,.T.);
#10770=ADVANCED_FACE('',(#10769),#10758,.T.);
#10778=EDGE_CURVE('',#5674,#5675,#4057,.T.);
#10783=ADVANCED_FACE('',(#10782),#10775,.T.);
#10795=ADVANCED_FACE('',(#10794),#10788,.F.);
#10807=ADVANCED_FACE('',(#10806),#10800,.T.);
#10814=EDGE_CURVE('',#5806,#5798,#4065,.T.);
#10816=EDGE_CURVE('',#5798,#5811,#4070,.T.);
#10819=EDGE_CURVE('',#5810,#5802,#4075,.T.);
#10821=EDGE_CURVE('',#5802,#5807,#4079,.T.);
#10825=ADVANCED_FACE('',(#10824),#10812,.F.);
#10832=EDGE_CURVE('',#5814,#5799,#4097,.T.);
#10834=EDGE_CURVE('',#5798,#5799,#4105,.T.);
#10839=ADVANCED_FACE('',(#10838),#10830,.T.);
#10846=EDGE_CURVE('',#5803,#5815,#4083,.T.);
#10848=EDGE_CURVE('',#5818,#5803,#4088,.T.);
#10851=EDGE_CURVE('',#5799,#5819,#4093,.T.);
#10856=ADVANCED_FACE('',(#10855),#10844,.T.);
#10864=EDGE_CURVE('',#5802,#5803,#4101,.T.);
#10869=ADVANCED_FACE('',(#10868),#10861,.T.);
#10881=ADVANCED_FACE('',(#10880),#10874,.F.);
#10893=ADVANCED_FACE('',(#10892),#10886,.T.);
#10900=EDGE_CURVE('',#5830,#5822,#4109,.T.);
#10902=EDGE_CURVE('',#5822,#5835,#4114,.T.);
#10905=EDGE_CURVE('',#5834,#5826,#4119,.T.);
#10907=EDGE_CURVE('',#5826,#5831,#4123,.T.);
#10911=ADVANCED_FACE('',(#10910),#10898,.F.);
#10918=EDGE_CURVE('',#5838,#5823,#4141,.T.);
#10920=EDGE_CURVE('',#5822,#5823,#4149,.T.);
#10925=ADVANCED_FACE('',(#10924),#10916,.T.);
#10932=EDGE_CURVE('',#5827,#5839,#4127,.T.);
#10934=EDGE_CURVE('',#5842,#5827,#4132,.T.);
#10937=EDGE_CURVE('',#5823,#5843,#4137,.T.);
#10942=ADVANCED_FACE('',(#10941),#10930,.T.);
#10950=EDGE_CURVE('',#5826,#5827,#4145,.T.);
#10955=ADVANCED_FACE('',(#10954),#10947,.T.);
#10967=ADVANCED_FACE('',(#10966),#10960,.F.);
#10979=ADVANCED_FACE('',(#10978),#10972,.T.);
#10986=EDGE_CURVE('',#5940,#5926,#4153,.T.);
#10988=EDGE_CURVE('',#5926,#5927,#4181,.T.);
#10990=EDGE_CURVE('',#5941,#5927,#4177,.T.);
#10994=ADVANCED_FACE('',(#10993),#10984,.F.);
#11001=EDGE_CURVE('',#5951,#5937,#4157,.T.);
#11003=EDGE_CURVE('',#5937,#5926,#4185,.T.);
#11008=ADVANCED_FACE('',(#11007),#10999,.F.);
#11015=EDGE_CURVE('',#5949,#5935,#4161,.T.);
#11017=EDGE_CURVE('',#5935,#5937,#4189,.T.);
#11022=ADVANCED_FACE('',(#11021),#11013,.F.);
#11029=EDGE_CURVE('',#5947,#5933,#4165,.T.);
#11031=EDGE_CURVE('',#5933,#5935,#4193,.T.);
#11036=ADVANCED_FACE('',(#11035),#11027,.F.);
#11043=EDGE_CURVE('',#5945,#5931,#4169,.T.);
#11045=EDGE_CURVE('',#5931,#5933,#4197,.T.);
#11050=ADVANCED_FACE('',(#11049),#11041,.F.);
#11057=EDGE_CURVE('',#5943,#5929,#4173,.T.);
#11059=EDGE_CURVE('',#5929,#5931,#4201,.T.);
#11064=ADVANCED_FACE('',(#11063),#11055,.F.);
#11072=EDGE_CURVE('',#5927,#5929,#4205,.T.);
#11077=ADVANCED_FACE('',(#11076),#11069,.F.);
#11092=ADVANCED_FACE('',(#11091),#11082,.T.);
#11099=EDGE_CURVE('',#5534,#5535,#4213,.T.);
#11101=EDGE_CURVE('',#5750,#5534,#4217,.T.);
#11103=EDGE_CURVE('',#5750,#5751,#4221,.T.);
#11107=ADVANCED_FACE('',(#11106),#11097,.T.);
#11113=EDGE_CURVE('',#5539,#6106,#4225,.T.);
#11115=EDGE_CURVE('',#5538,#5539,#4229,.T.);
#11118=EDGE_CURVE('',#6105,#6106,#4237,.T.);
#11122=ADVANCED_FACE('',(#11121),#11112,.T.);
#11128=EDGE_CURVE('',#5878,#5879,#4242,.T.);
#11132=EDGE_CURVE('',#5893,#5539,#4277,.T.);
#11134=EDGE_CURVE('',#5892,#5893,#4247,.T.);
#11136=EDGE_CURVE('',#5547,#5892,#4682,.T.);
#11138=EDGE_CURVE('',#5547,#5565,#4708,.T.);
#11140=EDGE_CURVE('',#5565,#5779,#4251,.T.);
#11142=EDGE_CURVE('',#5779,#5774,#4892,.T.);
#11144=EDGE_CURVE('',#5568,#5774,#4944,.T.);
#11146=EDGE_CURVE('',#5568,#5569,#4772,.T.);
#11148=EDGE_CURVE('',#5569,#5550,#4255,.T.);
#11150=EDGE_CURVE('',#5550,#5551,#4856,.T.);
#11152=EDGE_CURVE('',#5571,#5551,#4928,.T.);
#11154=EDGE_CURVE('',#5571,#5542,#4756,.T.);
#11156=EDGE_CURVE('',#5899,#5542,#4670,.T.);
#11158=EDGE_CURVE('',#5898,#5899,#4260,.T.);
#11160=EDGE_CURVE('',#5534,#5898,#4636,.T.);
#11164=EDGE_CURVE('',#5913,#5915,#4269,.T.);
#11169=ADVANCED_FACE('',(#11168),#11127,.T.);
#11181=ADVANCED_FACE('',(#11180),#11174,.T.);
#11188=EDGE_CURVE('',#6106,#6110,#4273,.T.);
#11190=EDGE_CURVE('',#5919,#6110,#4425,.T.);
#11192=EDGE_CURVE('',#5893,#5919,#4699,.T.);
#11197=ADVANCED_FACE('',(#11196),#11186,.T.);
#11203=EDGE_CURVE('',#6116,#6106,#4285,.T.);
#11205=EDGE_CURVE('',#6116,#6118,#4289,.T.);
#11207=EDGE_CURVE('',#6118,#6110,#4297,.T.);
#11212=ADVANCED_FACE('',(#11211),#11202,.T.);
#11218=EDGE_CURVE('',#6130,#6127,#4302,.T.);
#11220=EDGE_CURVE('',#6130,#6112,#5279,.T.);
#11222=EDGE_CURVE('',#6111,#6112,#5220,.T.);
#11224=EDGE_CURVE('',#6111,#6116,#5204,.T.);
#11228=EDGE_CURVE('',#6119,#6105,#4394,.T.);
#11230=EDGE_CURVE('',#6119,#6122,#4380,.T.);
#11232=EDGE_CURVE('',#6122,#6125,#4362,.T.);
#11234=EDGE_CURVE('',#6125,#6127,#4344,.T.);
#11238=ADVANCED_FACE('',(#11237),#11217,.F.);
#11256=EDGE_CURVE('',#6127,#6128,#4340,.T.);
#11258=EDGE_CURVE('',#6129,#6128,#4405,.T.);
#11260=EDGE_CURVE('',#6129,#6130,#5271,.T.);
#11265=ADVANCED_FACE('',(#11264),#11255,.T.);
#11273=EDGE_CURVE('',#6125,#6126,#4348,.T.);
#11275=EDGE_CURVE('',#6126,#6128,#4352,.T.);
#11279=ADVANCED_FACE('',(#11278),#11270,.T.);
#11286=EDGE_CURVE('',#6122,#6124,#4366,.T.);
#11288=EDGE_CURVE('',#6124,#6126,#4376,.T.);
#11293=ADVANCED_FACE('',(#11292),#11284,.T.);
#11300=EDGE_CURVE('',#6119,#6120,#4384,.T.);
#11302=EDGE_CURVE('',#6120,#6124,#4388,.T.);
#11307=ADVANCED_FACE('',(#11306),#11298,.T.);
#11315=EDGE_CURVE('',#6120,#6109,#4400,.T.);
#11320=ADVANCED_FACE('',(#11319),#11312,.F.);
#11331=EDGE_CURVE('',#6109,#6110,#4417,.T.);
#11334=EDGE_CURVE('',#6113,#6118,#5212,.T.);
#11336=EDGE_CURVE('',#6113,#6114,#5232,.T.);
#11338=EDGE_CURVE('',#6129,#6114,#5275,.T.);
#11342=ADVANCED_FACE('',(#11341),#11325,.F.);
#11348=EDGE_CURVE('',#5754,#5755,#4409,.T.);
#11350=EDGE_CURVE('',#5921,#5755,#4640,.T.);
#11352=EDGE_CURVE('',#5907,#5921,#4658,.T.);
#11357=ADVANCED_FACE('',(#11356),#11347,.T.);
#11365=EDGE_CURVE('',#5919,#5895,#4704,.T.);
#11370=ADVANCED_FACE('',(#11369),#11362,.T.);
#11376=EDGE_CURVE('',#6133,#6132,#4430,.T.);
#11378=EDGE_CURVE('',#5770,#6132,#4481,.T.);
#11380=EDGE_CURVE('',#5770,#5767,#4620,.T.);
#11382=EDGE_CURVE('',#5764,#5767,#4604,.T.);
#11384=EDGE_CURVE('',#5755,#5764,#4592,.T.);
#11387=EDGE_CURVE('',#5754,#5761,#4574,.T.);
#11389=EDGE_CURVE('',#5757,#5761,#4560,.T.);
#11391=EDGE_CURVE('',#5756,#5757,#4542,.T.);
#11393=EDGE_CURVE('',#6133,#5756,#4528,.T.);
#11397=ADVANCED_FACE('',(#11396),#11375,.F.);
#11415=EDGE_CURVE('',#6131,#6132,#4469,.T.);
#11418=EDGE_CURVE('',#6133,#6134,#4524,.T.);
#11420=EDGE_CURVE('',#6134,#6131,#4486,.T.);
#11424=ADVANCED_FACE('',(#11423),#11414,.T.);
#11431=EDGE_CURVE('',#5771,#6131,#4473,.T.);
#11433=EDGE_CURVE('',#5771,#5770,#4477,.T.);
#11438=ADVANCED_FACE('',(#11437),#11429,.T.);
#11445=EDGE_CURVE('',#6134,#5758,#4532,.T.);
#11447=EDGE_CURVE('',#5758,#5759,#4552,.T.);
#11449=EDGE_CURVE('',#5759,#5763,#4564,.T.);
#11451=EDGE_CURVE('',#5751,#5763,#4580,.T.);
#11454=EDGE_CURVE('',#5750,#5765,#4600,.T.);
#11456=EDGE_CURVE('',#5765,#5769,#4608,.T.);
#11458=EDGE_CURVE('',#5771,#5769,#4628,.T.);
#11463=ADVANCED_FACE('',(#11462),#11443,.F.);
#11471=EDGE_CURVE('',#5758,#5756,#4556,.T.);
#11476=ADVANCED_FACE('',(#11475),#11468,.T.);
#11483=EDGE_CURVE('',#5759,#5757,#4568,.T.);
#11489=ADVANCED_FACE('',(#11488),#11481,.T.);
#11496=EDGE_CURVE('',#5763,#5761,#4584,.T.);
#11502=ADVANCED_FACE('',(#11501),#11494,.T.);
#11514=ADVANCED_FACE('',(#11513),#11507,.F.);
#11521=EDGE_CURVE('',#5765,#5764,#4612,.T.);
#11524=EDGE_CURVE('',#5750,#5755,#4644,.T.);
#11528=ADVANCED_FACE('',(#11527),#11519,.T.);
#11535=EDGE_CURVE('',#5769,#5767,#4632,.T.);
#11541=ADVANCED_FACE('',(#11540),#11533,.T.);
#11553=ADVANCED_FACE('',(#11552),#11546,.F.);
#11561=EDGE_CURVE('',#5921,#5898,#4662,.T.);
#11567=ADVANCED_FACE('',(#11566),#11558,.T.);
#11574=EDGE_CURVE('',#5899,#5923,#4648,.T.);
#11576=EDGE_CURVE('',#5923,#5903,#4653,.T.);
#11585=ADVANCED_FACE('',(#11584),#11572,.T.);
#11591=EDGE_CURVE('',#5543,#5923,#4666,.T.);
#11595=EDGE_CURVE('',#5542,#5543,#4752,.T.);
#11599=ADVANCED_FACE('',(#11598),#11590,.T.);
#11605=EDGE_CURVE('',#5917,#5546,#4686,.T.);
#11607=EDGE_CURVE('',#5889,#5917,#4691,.T.);
#11612=EDGE_CURVE('',#5543,#5573,#4748,.T.);
#11614=EDGE_CURVE('',#5573,#5563,#4674,.T.);
#11616=EDGE_CURVE('',#5563,#5558,#4872,.T.);
#11618=EDGE_CURVE('',#5576,#5558,#4940,.T.);
#11620=EDGE_CURVE('',#5576,#5577,#4732,.T.);
#11622=EDGE_CURVE('',#5577,#5782,#4678,.T.);
#11624=EDGE_CURVE('',#5782,#5783,#4904,.T.);
#11626=EDGE_CURVE('',#5579,#5783,#4852,.T.);
#11628=EDGE_CURVE('',#5579,#5546,#4716,.T.);
#11632=ADVANCED_FACE('',(#11631),#11604,.T.);
#11639=EDGE_CURVE('',#5917,#5892,#4695,.T.);
#11642=EDGE_CURVE('',#5546,#5547,#4712,.T.);
#11646=ADVANCED_FACE('',(#11645),#11637,.T.);
#11662=ADVANCED_FACE('',(#11661),#11651,.T.);
#11671=EDGE_CURVE('',#5579,#5793,#4720,.T.);
#11673=EDGE_CURVE('',#5793,#5795,#4724,.T.);
#11675=EDGE_CURVE('',#5577,#5795,#4728,.T.);
#11678=EDGE_CURVE('',#5576,#5585,#4736,.T.);
#11680=EDGE_CURVE('',#5585,#5587,#4740,.T.);
#11682=EDGE_CURVE('',#5573,#5587,#4744,.T.);
#11687=EDGE_CURVE('',#5571,#5581,#4760,.T.);
#11689=EDGE_CURVE('',#5581,#5583,#4764,.T.);
#11691=EDGE_CURVE('',#5569,#5583,#4768,.T.);
#11694=EDGE_CURVE('',#5568,#5789,#4776,.T.);
#11696=EDGE_CURVE('',#5789,#5791,#4780,.T.);
#11698=EDGE_CURVE('',#5565,#5791,#4784,.T.);
#11702=EDGE_CURVE('',#6188,#6190,#4788,.T.);
#11704=EDGE_CURVE('',#6174,#6190,#4792,.T.);
#11706=EDGE_CURVE('',#6170,#6174,#4796,.T.);
#11708=EDGE_CURVE('',#6188,#6170,#4800,.T.);
#11712=EDGE_CURVE('',#6212,#6214,#4804,.T.);
#11714=EDGE_CURVE('',#6198,#6214,#4808,.T.);
#11716=EDGE_CURVE('',#6194,#6198,#4812,.T.);
#11718=EDGE_CURVE('',#6212,#6194,#4816,.T.);
#11722=EDGE_CURVE('',#6222,#6218,#4820,.T.);
#11724=EDGE_CURVE('',#6238,#6222,#4824,.T.);
#11726=EDGE_CURVE('',#6238,#6236,#4828,.T.);
#11728=EDGE_CURVE('',#6218,#6236,#4832,.T.);
#11732=EDGE_CURVE('',#6246,#6242,#4836,.T.);
#11734=EDGE_CURVE('',#6262,#6246,#4840,.T.);
#11736=EDGE_CURVE('',#6262,#6260,#4844,.T.);
#11738=EDGE_CURVE('',#6242,#6260,#4848,.T.);
#11742=ADVANCED_FACE('',(#11701,#11711,#11721,#11731,#11741),#11667,.T.);
#11749=EDGE_CURVE('',#5783,#5785,#4916,.T.);
#11751=EDGE_CURVE('',#5793,#5785,#4960,.T.);
#11756=ADVANCED_FACE('',(#11755),#11747,.T.);
#11763=EDGE_CURVE('',#5555,#5550,#4860,.T.);
#11765=EDGE_CURVE('',#5553,#5555,#4864,.T.);
#11767=EDGE_CURVE('',#5551,#5553,#4868,.T.);
#11771=ADVANCED_FACE('',(#11770),#11761,.T.);
#11778=EDGE_CURVE('',#5561,#5563,#4876,.T.);
#11780=EDGE_CURVE('',#5559,#5561,#4880,.T.);
#11782=EDGE_CURVE('',#5558,#5559,#4884,.T.);
#11786=ADVANCED_FACE('',(#11785),#11776,.T.);
#11792=EDGE_CURVE('',#5774,#5775,#4888,.T.);
#11795=EDGE_CURVE('',#5777,#5779,#4896,.T.);
#11797=EDGE_CURVE('',#5775,#5777,#4900,.T.);
#11801=ADVANCED_FACE('',(#11800),#11791,.T.);
#11808=EDGE_CURVE('',#5787,#5782,#4908,.T.);
#11810=EDGE_CURVE('',#5785,#5787,#4912,.T.);
#11815=ADVANCED_FACE('',(#11814),#11806,.T.);
#11823=EDGE_CURVE('',#5583,#5555,#4920,.T.);
#11828=ADVANCED_FACE('',(#11827),#11820,.T.);
#11834=EDGE_CURVE('',#5581,#5553,#4924,.T.);
#11841=ADVANCED_FACE('',(#11840),#11833,.T.);
#11853=ADVANCED_FACE('',(#11852),#11846,.T.);
#11859=EDGE_CURVE('',#5587,#5561,#4932,.T.);
#11866=ADVANCED_FACE('',(#11865),#11858,.T.);
#11872=EDGE_CURVE('',#5585,#5559,#4936,.T.);
#11879=ADVANCED_FACE('',(#11878),#11871,.T.);
#11891=ADVANCED_FACE('',(#11890),#11884,.T.);
#11899=EDGE_CURVE('',#5789,#5775,#4948,.T.);
#11904=ADVANCED_FACE('',(#11903),#11896,.T.);
#11912=EDGE_CURVE('',#5791,#5777,#4952,.T.);
#11917=ADVANCED_FACE('',(#11916),#11909,.T.);
#11929=ADVANCED_FACE('',(#11928),#11922,.T.);
#11937=EDGE_CURVE('',#5795,#5787,#4956,.T.);
#11942=ADVANCED_FACE('',(#11941),#11934,.T.);
#11954=ADVANCED_FACE('',(#11953),#11947,.T.);
#11960=EDGE_CURVE('',#6184,#6188,#4965,.T.);
#11962=EDGE_CURVE('',#6184,#6186,#4969,.T.);
#11964=EDGE_CURVE('',#6186,#6190,#4974,.T.);
#11969=ADVANCED_FACE('',(#11968),#11959,.T.);
#11975=EDGE_CURVE('',#6169,#6170,#4979,.T.);
#11977=EDGE_CURVE('',#6169,#6176,#5012,.T.);
#11979=EDGE_CURVE('',#6176,#6180,#5000,.T.);
#11981=EDGE_CURVE('',#6180,#6184,#4988,.T.);
#11987=ADVANCED_FACE('',(#11986),#11974,.F.);
#11995=EDGE_CURVE('',#6173,#6174,#4984,.T.);
#11997=EDGE_CURVE('',#6169,#6173,#5016,.T.);
#12001=ADVANCED_FACE('',(#12000),#11992,.F.);
#12010=EDGE_CURVE('',#6182,#6186,#4996,.T.);
#12012=EDGE_CURVE('',#6178,#6182,#5008,.T.);
#12014=EDGE_CURVE('',#6173,#6178,#5020,.T.);
#12018=ADVANCED_FACE('',(#12017),#12006,.F.);
#12025=EDGE_CURVE('',#6180,#6182,#4992,.T.);
#12031=ADVANCED_FACE('',(#12030),#12023,.T.);
#12038=EDGE_CURVE('',#6176,#6178,#5004,.T.);
#12044=ADVANCED_FACE('',(#12043),#12036,.T.);
#12056=ADVANCED_FACE('',(#12055),#12049,.T.);
#12062=EDGE_CURVE('',#6208,#6212,#5025,.T.);
#12064=EDGE_CURVE('',#6208,#6210,#5029,.T.);
#12066=EDGE_CURVE('',#6210,#6214,#5034,.T.);
#12071=ADVANCED_FACE('',(#12070),#12061,.T.);
#12077=EDGE_CURVE('',#6193,#6194,#5039,.T.);
#12079=EDGE_CURVE('',#6193,#6200,#5072,.T.);
#12081=EDGE_CURVE('',#6200,#6204,#5060,.T.);
#12083=EDGE_CURVE('',#6204,#6208,#5048,.T.);
#12089=ADVANCED_FACE('',(#12088),#12076,.F.);
#12097=EDGE_CURVE('',#6197,#6198,#5044,.T.);
#12099=EDGE_CURVE('',#6193,#6197,#5076,.T.);
#12103=ADVANCED_FACE('',(#12102),#12094,.F.);
#12112=EDGE_CURVE('',#6206,#6210,#5056,.T.);
#12114=EDGE_CURVE('',#6202,#6206,#5068,.T.);
#12116=EDGE_CURVE('',#6197,#6202,#5080,.T.);
#12120=ADVANCED_FACE('',(#12119),#12108,.F.);
#12127=EDGE_CURVE('',#6204,#6206,#5052,.T.);
#12133=ADVANCED_FACE('',(#12132),#12125,.T.);
#12140=EDGE_CURVE('',#6200,#6202,#5064,.T.);
#12146=ADVANCED_FACE('',(#12145),#12138,.T.);
#12158=ADVANCED_FACE('',(#12157),#12151,.T.);
#12164=EDGE_CURVE('',#6217,#6218,#5085,.T.);
#12166=EDGE_CURVE('',#6221,#6217,#5116,.T.);
#12168=EDGE_CURVE('',#6221,#6222,#5090,.T.);
#12173=ADVANCED_FACE('',(#12172),#12163,.F.);
#12181=EDGE_CURVE('',#6232,#6236,#5095,.T.);
#12183=EDGE_CURVE('',#6228,#6232,#5132,.T.);
#12185=EDGE_CURVE('',#6224,#6228,#5120,.T.);
#12187=EDGE_CURVE('',#6217,#6224,#5108,.T.);
#12191=ADVANCED_FACE('',(#12190),#12178,.F.);
#12199=EDGE_CURVE('',#6234,#6238,#5100,.T.);
#12201=EDGE_CURVE('',#6234,#6232,#5104,.T.);
#12205=ADVANCED_FACE('',(#12204),#12196,.T.);
#12212=EDGE_CURVE('',#6221,#6226,#5112,.T.);
#12214=EDGE_CURVE('',#6226,#6230,#5124,.T.);
#12216=EDGE_CURVE('',#6230,#6234,#5136,.T.);
#12222=ADVANCED_FACE('',(#12221),#12210,.F.);
#12229=EDGE_CURVE('',#6226,#6224,#5128,.T.);
#12235=ADVANCED_FACE('',(#12234),#12227,.T.);
#12242=EDGE_CURVE('',#6230,#6228,#5140,.T.);
#12248=ADVANCED_FACE('',(#12247),#12240,.T.);
#12260=ADVANCED_FACE('',(#12259),#12253,.T.);
#12266=EDGE_CURVE('',#6241,#6242,#5145,.T.);
#12268=EDGE_CURVE('',#6245,#6241,#5176,.T.);
#12270=EDGE_CURVE('',#6245,#6246,#5150,.T.);
#12275=ADVANCED_FACE('',(#12274),#12265,.F.);
#12283=EDGE_CURVE('',#6256,#6260,#5155,.T.);
#12285=EDGE_CURVE('',#6252,#6256,#5192,.T.);
#12287=EDGE_CURVE('',#6248,#6252,#5180,.T.);
#12289=EDGE_CURVE('',#6241,#6248,#5168,.T.);
#12293=ADVANCED_FACE('',(#12292),#12280,.F.);
#12301=EDGE_CURVE('',#6258,#6262,#5160,.T.);
#12303=EDGE_CURVE('',#6258,#6256,#5164,.T.);
#12307=ADVANCED_FACE('',(#12306),#12298,.T.);
#12314=EDGE_CURVE('',#6245,#6250,#5172,.T.);
#12316=EDGE_CURVE('',#6250,#6254,#5184,.T.);
#12318=EDGE_CURVE('',#6254,#6258,#5196,.T.);
#12324=ADVANCED_FACE('',(#12323),#12312,.F.);
#12331=EDGE_CURVE('',#6250,#6248,#5188,.T.);
#12337=ADVANCED_FACE('',(#12336),#12329,.T.);
#12344=EDGE_CURVE('',#6254,#6252,#5200,.T.);
#12350=ADVANCED_FACE('',(#12349),#12342,.T.);
#12362=ADVANCED_FACE('',(#12361),#12355,.T.);
#12369=EDGE_CURVE('',#6111,#6113,#5208,.T.);
#12375=ADVANCED_FACE('',(#12374),#12367,.T.);
#12382=EDGE_CURVE('',#6112,#6114,#5224,.T.);
#12388=ADVANCED_FACE('',(#12387),#12380,.F.);
#12400=ADVANCED_FACE('',(#12399),#12393,.T.);
#12412=ADVANCED_FACE('',(#12411),#12405,.T.);
#12420=EDGE_CURVE('',#6023,#6031,#5283,.T.);
#12422=EDGE_CURVE('',#6031,#6039,#5291,.T.);
#12426=ADVANCED_FACE('',(#12425),#12417,.T.);
#12433=EDGE_CURVE('',#6022,#6030,#5287,.T.);
#12435=EDGE_CURVE('',#6030,#6031,#5295,.T.);
#12440=ADVANCED_FACE('',(#12439),#12431,.T.);
#12447=EDGE_CURVE('',#6038,#6030,#5299,.T.);
#12453=ADVANCED_FACE('',(#12452),#12445,.T.);
#12465=ADVANCED_FACE('',(#12464),#12458,.T.);
#12472=EDGE_CURVE('',#6027,#6046,#5303,.T.);
#12474=EDGE_CURVE('',#6026,#6027,#5307,.T.);
#12476=EDGE_CURVE('',#6047,#6026,#5311,.T.);
#12480=ADVANCED_FACE('',(#12479),#12470,.T.);
#12488=EDGE_CURVE('',#6019,#6027,#5315,.T.);
#12493=ADVANCED_FACE('',(#12492),#12485,.T.);
#12500=EDGE_CURVE('',#6018,#6026,#5319,.T.);
#12506=ADVANCED_FACE('',(#12505),#12498,.T.);
#12518=ADVANCED_FACE('',(#12517),#12511,.T.);
#12527=EDGE_CURVE('',#6494,#6490,#5367,.T.);
#12531=ADVANCED_FACE('',(#12530),#12523,.F.);
#12545=ADVANCED_FACE('',(#12544),#12536,.T.);
#12557=ADVANCED_FACE('',(#12556),#12550,.F.);
#12569=ADVANCED_FACE('',(#12568),#12562,.F.);
#12572=(LENGTH_UNIT()NAMED_UNIT(*)SI_UNIT(.MILLI.,.METRE.));
#12573=(NAMED_UNIT(*)PLANE_ANGLE_UNIT()SI_UNIT($,.RADIAN.));
#12576=(NAMED_UNIT(*)SI_UNIT($,.STERADIAN.)SOLID_ANGLE_UNIT());
#12578=(GEOMETRIC_REPRESENTATION_CONTEXT(3)GLOBAL_UNCERTAINTY_ASSIGNED_CONTEXT((
#12577))GLOBAL_UNIT_ASSIGNED_CONTEXT((#12572,#12575,#12576))REPRESENTATION_CONTEXT('ID1','3'));
#12579=ADVANCED_BREP_SHAPE_REPRESENTATION('',(#12571),#12578);
#12586=PRODUCT_DEFINITION('part definition','',#12585,#12582);
#12587=PRODUCT_DEFINITION_SHAPE('','SHAPE FOR C-292303-7.',#12586);
#12588=SHAPE_ASPECT('','solid data associated with C-292303-7',#12587,.F.);
#12589=PROPERTY_DEFINITION('',
'shape for solid data with which properties are associated',#12588);
#12590=SHAPE_REPRESENTATION('',(#12571),#12578);
#12591=SHAPE_DEFINITION_REPRESENTATION(#12589,#12590);
#12592=(LENGTH_UNIT()NAMED_UNIT(*)SI_UNIT(.MILLI.,.METRE.));
#12596=PROPERTY_DEFINITION('geometric validation property','area of C-292303-7',
#12588);
#12597=REPRESENTATION('surface area',(#12595),#12578);
#12598=PROPERTY_DEFINITION_REPRESENTATION(#12596,#12597);
#12599=(LENGTH_UNIT()NAMED_UNIT(*)SI_UNIT(.MILLI.,.METRE.));
#12603=PROPERTY_DEFINITION('geometric validation property',
'volume of C-292303-7',#12588);
#12604=REPRESENTATION('volume',(#12602),#12578);
#12605=PROPERTY_DEFINITION_REPRESENTATION(#12603,#12604);
#12607=PROPERTY_DEFINITION('geometric validation property',
'centroid of C-292303-7',#12588);
#12608=REPRESENTATION('centroid',(#12606),#12578);
#12609=PROPERTY_DEFINITION_REPRESENTATION(#12607,#12608);
#12610=(LENGTH_UNIT()NAMED_UNIT(*)SI_UNIT(.MILLI.,.METRE.));
#12614=PROPERTY_DEFINITION('geometric validation property','area of C-292303-7',
#12587);
#12615=REPRESENTATION('surface area',(#12613),#12578);
#12616=PROPERTY_DEFINITION_REPRESENTATION(#12614,#12615);
#12617=(LENGTH_UNIT()NAMED_UNIT(*)SI_UNIT(.MILLI.,.METRE.));
#12621=PROPERTY_DEFINITION('geometric validation property',
'volume of C-292303-7',#12587);
#12622=REPRESENTATION('volume',(#12620),#12578);
#12623=PROPERTY_DEFINITION_REPRESENTATION(#12621,#12622);
#12625=PROPERTY_DEFINITION('geometric validation property',
'centroid of C-292303-7',#12587);
#12626=REPRESENTATION('centroid',(#12624),#12578);
#12627=PROPERTY_DEFINITION_REPRESENTATION(#12625,#12626);
#12628=SHAPE_DEFINITION_REPRESENTATION(#12587,#12579);
ENDSEC;
END-ISO-10303-21;
