ISO-10303-21;
HEADER;
/* Generated by software containing ST-Developer
 * from STEP Tools, Inc. (www.steptools.com) 
 */
/* OPTION: using custom renumber hook */

FILE_DESCRIPTION(
/* description */ ('STEP AP242 Edition 2',
'CAx-IF Rec.Pracs.---Representation and Presentation of Product Manufa
cturing Information (PMI)---4.0---2014-10-13',
'CAx-IF Rec.Pracs.---3D Tessellated Geometry---0.4---2014-09-14','2;1',
'CAx-IF Rec.Pracs.---User Defined Attributes---1.5---2016-08-15'),
/* implementation_level */ '2;1');

FILE_NAME(
/* name */ 'USB-A_4',
/* time_stamp */ '2026-09-17T22:52:30Z',
/* author */ (''),
/* organization */ (''),
/* preprocessor_version */ 'ST-DEVELOPER v20',
/* originating_system */ 'ONSHAPE BY PTC INC, 1.220',
/* authorisation */ '  ');

FILE_SCHEMA (('AP242_MANAGED_MODEL_BASED_3D_ENGINEERING_MIM_LF { 1 0 10303 442 3 1 4 }'));
ENDSEC;

DATA;
#10=MANIFOLD_SURFACE_SHAPE_REPRESENTATION('',(#481),#15320);
#11=MANIFOLD_SURFACE_SHAPE_REPRESENTATION('',(#482),#15321);
#12=MANIFOLD_SURFACE_SHAPE_REPRESENTATION('',(#483),#15322);
#13=MANIFOLD_SURFACE_SHAPE_REPRESENTATION('',(#484),#15323);
#14=MANIFOLD_SURFACE_SHAPE_REPRESENTATION('',(#485),#15324);
#15=MANIFOLD_SURFACE_SHAPE_REPRESENTATION('',(#486),#15325);
#16=MANIFOLD_SURFACE_SHAPE_REPRESENTATION('',(#487),#15326);
#17=MANIFOLD_SURFACE_SHAPE_REPRESENTATION('',(#488),#15327);
#18=ELLIPSE('',#9560,0.00025003190263172,0.00025);
#19=ELLIPSE('',#9561,0.00025003190263172,0.00025);
#20=ELLIPSE('',#9570,0.00025003190263172,0.00025);
#21=ELLIPSE('',#9571,0.00025003190263172,0.00025);
#22=ELLIPSE('',#9572,0.000643649582399897,0.0006379594250302);
#23=ELLIPSE('',#9573,0.000643649582399897,0.0006379594250302);
#24=ELLIPSE('',#9574,0.000314823761341292,0.0003120405749698);
#25=ELLIPSE('',#9575,0.000314823761341292,0.0003120405749698);
#26=ELLIPSE('',#9576,0.000401787821864141,0.0004);
#27=ELLIPSE('',#9577,0.000401787821864141,0.0004);
#28=ELLIPSE('',#9578,0.000401787821864141,0.0004);
#29=ELLIPSE('',#9579,0.000401787821864141,0.0004);
#30=ELLIPSE('',#9580,0.0003228541789444,0.00032);
#31=ELLIPSE('',#9581,0.0003228541789444,0.00032);
#32=ELLIPSE('',#9582,0.00025003190263172,0.00025);
#33=ELLIPSE('',#9583,0.00025003190263172,0.00025);
#34=ELLIPSE('',#9584,0.00025003190263172,0.00025);
#35=ELLIPSE('',#9585,0.00025003190263172,0.00025);
#36=ELLIPSE('',#9586,0.0003228541789444,0.00032);
#37=ELLIPSE('',#9587,0.0003228541789444,0.00032);
#38=ELLIPSE('',#9588,0.000643649582399897,0.0006379594250302);
#39=ELLIPSE('',#9589,0.000643649582399897,0.0006379594250302);
#40=ELLIPSE('',#9590,0.000314823761341292,0.0003120405749698);
#41=ELLIPSE('',#9591,0.000314823761341292,0.0003120405749698);
#42=ELLIPSE('',#9592,0.000401787821864141,0.0004);
#43=ELLIPSE('',#9593,0.000401787821864141,0.0004);
#44=ELLIPSE('',#9594,0.000401787821864141,0.0004);
#45=ELLIPSE('',#9595,0.000401787821864141,0.0004);
#46=ELLIPSE('',#9626,0.00025003190263172,0.00025);
#47=ELLIPSE('',#9627,0.00025003190263172,0.00025);
#48=ELLIPSE('',#9628,0.00025003190263172,0.00025);
#49=ELLIPSE('',#9629,0.00025003190263172,0.00025);
#50=ELLIPSE('',#9630,0.000635619164796789,0.00063);
#51=ELLIPSE('',#9631,0.0003228541789444,0.00032);
#52=ELLIPSE('',#9632,0.000643649582399897,0.0006379594250302);
#53=ELLIPSE('',#9633,0.000314823761341292,0.0003120405749698);
#54=ELLIPSE('',#9634,0.000401787821864141,0.0004);
#55=ELLIPSE('',#9635,0.000401787821864141,0.0004);
#56=ELLIPSE('',#9636,0.000401787821864141,0.0004);
#57=ELLIPSE('',#9637,0.000401787821864141,0.0004);
#58=ELLIPSE('',#9638,0.000635619164796789,0.00063);
#59=ELLIPSE('',#9639,0.000314823761341292,0.0003120405749698);
#60=ELLIPSE('',#9640,0.000643649582399897,0.0006379594250302);
#61=ELLIPSE('',#9641,0.0003228541789444,0.00032);
#62=ELLIPSE('',#9642,0.00025003190263172,0.00025);
#63=ELLIPSE('',#9643,0.00025003190263172,0.00025);
#64=ELLIPSE('',#9644,0.000314823761341292,0.0003120405749698);
#65=ELLIPSE('',#9645,0.000643649582399897,0.0006379594250302);
#66=ELLIPSE('',#9646,0.0003228541789444,0.00032);
#67=ELLIPSE('',#9647,0.000635619164796789,0.00063);
#68=ELLIPSE('',#9648,0.000401787821864141,0.0004);
#69=ELLIPSE('',#9649,0.000401787821864141,0.0004);
#70=ELLIPSE('',#9650,0.000401787821864141,0.0004);
#71=ELLIPSE('',#9651,0.000401787821864141,0.0004);
#72=ELLIPSE('',#9652,0.000314823761341292,0.0003120405749698);
#73=ELLIPSE('',#9653,0.000643649582399897,0.0006379594250302);
#74=ELLIPSE('',#9654,0.000635619164796789,0.00063);
#75=ELLIPSE('',#9655,0.0003228541789444,0.00032);
#76=ELLIPSE('',#9656,0.00025003190263172,0.00025);
#77=ELLIPSE('',#9657,0.00025003190263172,0.00025);
#78=ELLIPSE('',#9692,0.000251346373213889,0.00025);
#79=ELLIPSE('',#9693,0.000251346373213889,0.00025);
#80=ELLIPSE('',#9694,0.000251346373213889,0.00025);
#81=ELLIPSE('',#9695,0.000251346373213889,0.00025);
#82=ELLIPSE('',#9719,0.000251346373213889,0.00025);
#83=ELLIPSE('',#9720,0.000251346373213889,0.00025);
#84=ELLIPSE('',#9721,0.000251346373213889,0.00025);
#85=ELLIPSE('',#9722,0.000251346373213889,0.00025);
#86=ELLIPSE('',#9731,0.000259999999999991,0.00013);
#87=ELLIPSE('',#9732,0.00127999999999996,0.00064);
#88=ELLIPSE('',#9733,0.00127999999999996,0.00064);
#89=ELLIPSE('',#9734,0.00127999999999996,0.00064);
#90=ELLIPSE('',#9735,0.00127999999999996,0.00064);
#91=ELLIPSE('',#9736,0.000259999999999991,0.00013);
#92=ELLIPSE('',#9760,0.000112980891508091,0.000112);
#93=ELLIPSE('',#9761,0.000759100404096425,0.0007525099521162);
#94=ELLIPSE('',#9762,0.00043376592275428,0.00043);
#95=ELLIPSE('',#9763,0.00043376592275428,0.00043);
#96=ELLIPSE('',#9764,0.000759100404096425,0.0007525099521162);
#97=ELLIPSE('',#9765,0.00107988543534241,0.001070509952116);
#98=ELLIPSE('',#9766,0.000112980891508091,0.000112);
#99=ELLIPSE('',#9771,0.00107988543534241,0.001070509952116);
#100=ELLIPSE('',#9772,0.00043376592275428,0.00043);
#101=ELLIPSE('',#9773,0.000759100404096425,0.0007525099521162);
#102=ELLIPSE('',#9774,0.000112980891508091,0.000112);
#103=ELLIPSE('',#9775,0.00043376592275428,0.00043);
#104=ELLIPSE('',#9776,0.000759100404096425,0.0007525099521162);
#105=ELLIPSE('',#9777,0.000112980891508091,0.000112);
#106=ELLIPSE('',#9799,0.000314823761341292,0.0003120405749698);
#107=ELLIPSE('',#9800,0.000643649582399897,0.0006379594250302);
#108=ELLIPSE('',#9801,0.0003228541789444,0.00032);
#109=ELLIPSE('',#9802,0.000635619164796789,0.00063);
#110=ELLIPSE('',#9804,0.000635619164796789,0.00063);
#111=ELLIPSE('',#9805,0.0003228541789444,0.00032);
#112=ELLIPSE('',#9806,0.000643649582399897,0.0006379594250302);
#113=ELLIPSE('',#9807,0.000314823761341292,0.0003120405749698);
#114=ELLIPSE('',#9809,0.000635619164796789,0.00063);
#115=ELLIPSE('',#9810,0.000635619164796789,0.00063);
#116=ELLIPSE('',#9812,0.000635619164796789,0.00063);
#117=ELLIPSE('',#9813,0.0003228541789444,0.00032);
#118=ELLIPSE('',#9814,0.000643649582399897,0.0006379594250302);
#119=ELLIPSE('',#9815,0.000314823761341292,0.0003120405749698);
#120=ELLIPSE('',#9817,0.000635619164796789,0.00063);
#121=ELLIPSE('',#9818,0.000635619164796789,0.00063);
#122=ELLIPSE('',#9820,0.000314823761341292,0.0003120405749698);
#123=ELLIPSE('',#9821,0.000643649582399897,0.0006379594250302);
#124=ELLIPSE('',#9822,0.0003228541789444,0.00032);
#125=ELLIPSE('',#9823,0.000635619164796789,0.00063);
#126=B_SPLINE_CURVE_WITH_KNOTS('',3,(#11261,#11262,#11263,#11264),
 .UNSPECIFIED.,.F.,.F.,(4,4),(0.00073987556768414,0.00121806815786715),
 .UNSPECIFIED.);
#127=B_SPLINE_CURVE_WITH_KNOTS('',3,(#11268,#11269,#11270,#11271),
 .UNSPECIFIED.,.F.,.F.,(4,4),(0.000133775509145932,0.00061666951198938),
 .UNSPECIFIED.);
#128=B_SPLINE_CURVE_WITH_KNOTS('',3,(#11289,#11290,#11291,#11292,#11293),
 .UNSPECIFIED.,.F.,.F.,(4,1,4),(0.000133167628941709,0.000436288920365615,
0.000739410211789521),.UNSPECIFIED.);
#129=B_SPLINE_CURVE_WITH_KNOTS('',3,(#11295,#11296,#11297,#11298,#11299),
 .UNSPECIFIED.,.F.,.F.,(4,1,4),(0.000153485654829435,0.000452984621616948,
0.000752483588404462),.UNSPECIFIED.);
#130=B_SPLINE_CURVE_WITH_KNOTS('',3,(#12253,#12254,#12255,#12256,#12257),
 .UNSPECIFIED.,.F.,.F.,(4,1,4),(0.000153485654829434,0.000452984621616936,
0.000752483588404439),.UNSPECIFIED.);
#131=B_SPLINE_CURVE_WITH_KNOTS('',3,(#12258,#12259,#12260,#12261,#12262),
 .UNSPECIFIED.,.F.,.F.,(4,1,4),(0.000133167628941711,0.000436288920365671,
0.000739410211789632),.UNSPECIFIED.);
#132=B_SPLINE_CURVE_WITH_KNOTS('',3,(#12340,#12341,#12342,#12343),
 .UNSPECIFIED.,.F.,.F.,(4,4),(0.000133775509145938,0.000616669511989385),
 .UNSPECIFIED.);
#133=B_SPLINE_CURVE_WITH_KNOTS('',3,(#12366,#12367,#12368,#12369),
 .UNSPECIFIED.,.F.,.F.,(4,4),(0.000739875567684142,0.00121806815786714),
 .UNSPECIFIED.);
#134=B_SPLINE_CURVE_WITH_KNOTS('',3,(#12373,#12374,#12375,#12376,#12377),
 .UNSPECIFIED.,.F.,.F.,(4,1,4),(0.000133167628941711,0.000436288920365616,
0.000739410211789522),.UNSPECIFIED.);
#135=B_SPLINE_CURVE_WITH_KNOTS('',3,(#12392,#12393,#12394,#12395,#12396),
 .UNSPECIFIED.,.F.,.F.,(4,1,4),(0.000153485654829437,0.000452984621616946,
0.000752483588404455),.UNSPECIFIED.);
#136=B_SPLINE_CURVE_WITH_KNOTS('',3,(#12696,#12697,#12698,#12699),
 .UNSPECIFIED.,.F.,.F.,(4,4),(0.000106540726134622,0.000291228315103576),
 .UNSPECIFIED.);
#137=B_SPLINE_CURVE_WITH_KNOTS('',3,(#12701,#12702,#12703,#12704),
 .UNSPECIFIED.,.F.,.F.,(4,4),(0.000156008592319022,0.000286689236689302),
 .UNSPECIFIED.);
#138=B_SPLINE_CURVE_WITH_KNOTS('',3,(#12719,#12720,#12721,#12722),
 .UNSPECIFIED.,.F.,.F.,(4,4),(0.000119326575216928,0.000249932430902291),
 .UNSPECIFIED.);
#139=B_SPLINE_CURVE_WITH_KNOTS('',3,(#12729,#12730,#12731,#12732),
 .UNSPECIFIED.,.F.,.F.,(4,4),(3.44636730903154E-12,1.),.UNSPECIFIED.);
#140=B_SPLINE_CURVE_WITH_KNOTS('',3,(#12750,#12751,#12752,#12753),
 .UNSPECIFIED.,.F.,.F.,(4,4),(9.95966009067995E-5,0.000282300306734476),
 .UNSPECIFIED.);
#141=B_SPLINE_CURVE_WITH_KNOTS('',3,(#12846,#12847,#12848,#12849),
 .UNSPECIFIED.,.F.,.F.,(4,4),(2.40793541197633E-15,0.000538833247159076),
 .UNSPECIFIED.);
#142=B_SPLINE_CURVE_WITH_KNOTS('',3,(#12851,#12852,#12853,#12854),
 .UNSPECIFIED.,.F.,.F.,(4,4),(0.,0.318),.UNSPECIFIED.);
#143=B_SPLINE_CURVE_WITH_KNOTS('',3,(#12856,#12857,#12858,#12859,#12860),
 .UNSPECIFIED.,.F.,.F.,(4,1,4),(1.1827057215423E-13,0.000533829816336834,
0.0010676596325554),.UNSPECIFIED.);
#144=B_SPLINE_CURVE_WITH_KNOTS('',3,(#12871,#12872,#12873,#12874,#12875),
 .UNSPECIFIED.,.F.,.F.,(4,1,4),(2.69186462390238E-12,0.000533829750919589,
0.00106765949914731),.UNSPECIFIED.);
#145=B_SPLINE_CURVE_WITH_KNOTS('',3,(#12948,#12949,#12950,#12951),
 .UNSPECIFIED.,.F.,.F.,(4,4),(2.43681114640981E-15,0.000538833226907047),
 .UNSPECIFIED.);
#146=B_SPLINE_CURVE_WITH_KNOTS('',3,(#12953,#12954,#12955,#12956),
 .UNSPECIFIED.,.F.,.F.,(4,4),(0.,0.317999999999484),.UNSPECIFIED.);
#147=B_SPLINE_CURVE_WITH_KNOTS('',3,(#13029,#13030,#13031,#13032),
 .UNSPECIFIED.,.F.,.F.,(4,4),(0.000133775509145935,0.000616669511989384),
 .UNSPECIFIED.);
#148=B_SPLINE_CURVE_WITH_KNOTS('',3,(#13278,#13279,#13280,#13281),
 .UNSPECIFIED.,.F.,.F.,(4,4),(0.,1.),.UNSPECIFIED.);
#149=B_SPLINE_CURVE_WITH_KNOTS('',3,(#13290,#13291,#13292,#13293),
 .UNSPECIFIED.,.F.,.F.,(4,4),(0.000156008592319209,0.000286689187457779),
 .UNSPECIFIED.);
#150=B_SPLINE_CURVE_WITH_KNOTS('',3,(#13295,#13296,#13297,#13298),
 .UNSPECIFIED.,.F.,.F.,(4,4),(0.000119326575109197,0.000249932430827062),
 .UNSPECIFIED.);
#151=B_SPLINE_CURVE_WITH_KNOTS('',3,(#13309,#13310,#13311,#13312),
 .UNSPECIFIED.,.F.,.F.,(4,4),(1.90619217480867E-5,1.01476804382507),
 .UNSPECIFIED.);
#152=B_SPLINE_CURVE_WITH_KNOTS('',3,(#13321,#13322,#13323,#13324),
 .UNSPECIFIED.,.F.,.F.,(4,4),(9.95812769449298E-5,0.000282300306730088),
 .UNSPECIFIED.);
#153=B_SPLINE_CURVE_WITH_KNOTS('',3,(#13419,#13420,#13421,#13422),
 .UNSPECIFIED.,.F.,.F.,(4,4),(2.40794067144815E-15,0.000538833247159079),
 .UNSPECIFIED.);
#154=B_SPLINE_CURVE_WITH_KNOTS('',3,(#13424,#13425,#13426,#13427),
 .UNSPECIFIED.,.F.,.F.,(4,4),(0.,0.318),.UNSPECIFIED.);
#155=B_SPLINE_CURVE_WITH_KNOTS('',3,(#13429,#13430,#13431,#13432,#13433),
 .UNSPECIFIED.,.F.,.F.,(4,1,4),(1.18268837708733E-13,0.000533829816336833,
0.0010676596325554),.UNSPECIFIED.);
#156=B_SPLINE_CURVE_WITH_KNOTS('',3,(#13444,#13445,#13446,#13447,#13448),
 .UNSPECIFIED.,.F.,.F.,(4,1,4),(2.69186722557087E-12,0.000533829750919595,
0.00106765949914732),.UNSPECIFIED.);
#157=B_SPLINE_CURVE_WITH_KNOTS('',3,(#13521,#13522,#13523,#13524),
 .UNSPECIFIED.,.F.,.F.,(4,4),(2.43767776407786E-15,0.000538833226907043),
 .UNSPECIFIED.);
#158=B_SPLINE_CURVE_WITH_KNOTS('',3,(#13526,#13527,#13528,#13529),
 .UNSPECIFIED.,.F.,.F.,(4,4),(0.,0.317999999999484),.UNSPECIFIED.);
#159=B_SPLINE_CURVE_WITH_KNOTS('',3,(#13547,#13548,#13549,#13550),
 .UNSPECIFIED.,.F.,.F.,(4,4),(0.000106540725453256,0.00029122831510384),
 .UNSPECIFIED.);
#160=B_SPLINE_CURVE_WITH_KNOTS('',3,(#13619,#13620,#13621,#13622),
 .UNSPECIFIED.,.F.,.F.,(4,4),(2.71050543121376E-19,0.000481400885592124),
 .UNSPECIFIED.);
#161=B_SPLINE_CURVE_WITH_KNOTS('',3,(#13623,#13624,#13625,#13626),
 .UNSPECIFIED.,.F.,.F.,(4,4),(4.47028007668187E-19,0.000481199846904327),
 .UNSPECIFIED.);
#162=B_SPLINE_CURVE_WITH_KNOTS('',3,(#13650,#13651,#13652,#13653,#13654),
 .UNSPECIFIED.,.F.,.F.,(4,1,4),(8.94056015336375E-19,0.000302085124784358,
0.000604170249568716),.UNSPECIFIED.);
#163=B_SPLINE_CURVE_WITH_KNOTS('',3,(#13663,#13664,#13665,#13666,#13667),
 .UNSPECIFIED.,.F.,.F.,(4,1,4),(9.67859208857508E-18,0.000302037201284202,
0.000604074402568394),.UNSPECIFIED.);
#164=B_SPLINE_CURVE_WITH_KNOTS('',3,(#14281,#14282,#14283,#14284),
 .UNSPECIFIED.,.F.,.F.,(4,4),(0.000481990701595907,0.00123372617662456),
 .UNSPECIFIED.);
#165=B_SPLINE_CURVE_WITH_KNOTS('',3,(#14293,#14294,#14295,#14296),
 .UNSPECIFIED.,.F.,.F.,(4,4),(0.,1.),.UNSPECIFIED.);
#166=B_SPLINE_CURVE_WITH_KNOTS('',3,(#14311,#14312,#14313,#14314,#14315),
 .UNSPECIFIED.,.F.,.F.,(4,1,4),(0.0025735223559872,0.00334395811183287,
0.00411439386767854),.UNSPECIFIED.);
#167=B_SPLINE_CURVE_WITH_KNOTS('',3,(#14317,#14318,#14319,#14320),
 .UNSPECIFIED.,.F.,.F.,(4,4),(0.,1.),.UNSPECIFIED.);
#168=B_SPLINE_CURVE_WITH_KNOTS('',3,(#14322,#14323,#14324,#14325,#14326),
 .UNSPECIFIED.,.F.,.F.,(4,1,4),(0.00212331474996253,0.00294159305132708,
0.00375987135269163),.UNSPECIFIED.);
#169=B_SPLINE_CURVE_WITH_KNOTS('',3,(#14493,#14494,#14495,#14496),
 .UNSPECIFIED.,.F.,.F.,(4,4),(0.00027048684797946,0.00101742210402787),
 .UNSPECIFIED.);
#170=B_SPLINE_CURVE_WITH_KNOTS('',3,(#14515,#14516,#14517,#14518),
 .UNSPECIFIED.,.F.,.F.,(4,4),(0.,1.),.UNSPECIFIED.);
#171=B_SPLINE_CURVE_WITH_KNOTS('',3,(#14533,#14534,#14535,#14536,#14537),
 .UNSPECIFIED.,.F.,.F.,(4,1,4),(0.00212331494470816,0.00294159324741991,
0.00375987155013166),.UNSPECIFIED.);
#172=B_SPLINE_CURVE_WITH_KNOTS('',3,(#14539,#14540,#14541,#14542),
 .UNSPECIFIED.,.F.,.F.,(4,4),(0.,1.),.UNSPECIFIED.);
#173=B_SPLINE_CURVE_WITH_KNOTS('',3,(#14544,#14545,#14546,#14547,#14548),
 .UNSPECIFIED.,.F.,.F.,(4,1,4),(0.00257352235739667,0.00334395811325454,
0.00411439386911241),.UNSPECIFIED.);
#174=B_SPLINE_CURVE_WITH_KNOTS('',3,(#15027,#15028,#15029,#15030),
 .UNSPECIFIED.,.F.,.F.,(4,4),(0.000739875567684154,0.00121806815786716),
 .UNSPECIFIED.);
#175=(
BOUNDED_SURFACE()
B_SPLINE_SURFACE(3,1,((#11204,#11205),(#11206,#11207),(#11208,#11209),(#11210,
#11211)),.CYLINDRICAL_SURF.,.F.,.F.,.F.)
B_SPLINE_SURFACE_WITH_KNOTS((4,4),(2,2),(0.,1.),(0.,1.),
 .PIECEWISE_BEZIER_KNOTS.)
GEOMETRIC_REPRESENTATION_ITEM()
RATIONAL_B_SPLINE_SURFACE(((1.,1.),(0.708055585234754,0.708055585234754),
(0.708055585234754,0.708055585234754),(1.,1.)))
REPRESENTATION_ITEM('')
SURFACE()
);
#176=(
BOUNDED_SURFACE()
B_SPLINE_SURFACE(3,1,((#11235,#11236),(#11237,#11238),(#11239,#11240),(#11241,
#11242)),.CYLINDRICAL_SURF.,.F.,.F.,.F.)
B_SPLINE_SURFACE_WITH_KNOTS((4,4),(2,2),(0.,1.),(0.,1.),
 .PIECEWISE_BEZIER_KNOTS.)
GEOMETRIC_REPRESENTATION_ITEM()
RATIONAL_B_SPLINE_SURFACE(((1.,1.),(0.708055585234754,0.708055585234754),
(0.708055585234754,0.708055585234754),(1.,1.)))
REPRESENTATION_ITEM('')
SURFACE()
);
#177=(
BOUNDED_SURFACE()
B_SPLINE_SURFACE(3,1,((#11253,#11254),(#11255,#11256),(#11257,#11258),(#11259,
#11260)),.CYLINDRICAL_SURF.,.F.,.F.,.F.)
B_SPLINE_SURFACE_WITH_KNOTS((4,4),(2,2),(0.,1.),(0.,1.),
 .PIECEWISE_BEZIER_KNOTS.)
GEOMETRIC_REPRESENTATION_ITEM()
RATIONAL_B_SPLINE_SURFACE(((1.,1.),(0.708055585234754,0.708055585234754),
(0.708055585234754,0.708055585234754),(1.,1.)))
REPRESENTATION_ITEM('')
SURFACE()
);
#178=(
BOUNDED_SURFACE()
B_SPLINE_SURFACE(3,1,((#11281,#11282),(#11283,#11284),(#11285,#11286),(#11287,
#11288)),.CYLINDRICAL_SURF.,.F.,.F.,.F.)
B_SPLINE_SURFACE_WITH_KNOTS((4,4),(2,2),(0.,1.),(0.,1.),
 .PIECEWISE_BEZIER_KNOTS.)
GEOMETRIC_REPRESENTATION_ITEM()
RATIONAL_B_SPLINE_SURFACE(((1.,1.),(0.708055585234754,0.708055585234754),
(0.708055585234754,0.708055585234754),(1.,1.)))
REPRESENTATION_ITEM('')
SURFACE()
);
#179=(
BOUNDED_SURFACE()
B_SPLINE_SURFACE(3,1,((#11352,#11353),(#11354,#11355),(#11356,#11357),(#11358,
#11359)),.CYLINDRICAL_SURF.,.F.,.F.,.F.)
B_SPLINE_SURFACE_WITH_KNOTS((4,4),(2,2),(0.,1.),(0.0454545454545456,0.954545454545455),
 .PIECEWISE_BEZIER_KNOTS.)
GEOMETRIC_REPRESENTATION_ITEM()
RATIONAL_B_SPLINE_SURFACE(((1.,1.),(0.33333333333326,0.33333333333326),
(0.33333333333326,0.33333333333326),(1.,1.)))
REPRESENTATION_ITEM('')
SURFACE()
);
#180=(
BOUNDED_SURFACE()
B_SPLINE_SURFACE(3,1,((#11414,#11415),(#11416,#11417),(#11418,#11419),(#11420,
#11421)),.CYLINDRICAL_SURF.,.F.,.F.,.F.)
B_SPLINE_SURFACE_WITH_KNOTS((4,4),(2,2),(0.,1.),(0.0454545454545437,0.954545454545453),
 .PIECEWISE_BEZIER_KNOTS.)
GEOMETRIC_REPRESENTATION_ITEM()
RATIONAL_B_SPLINE_SURFACE(((1.,1.),(0.333333333333238,0.333333333333238),
(0.333333333333238,0.333333333333238),(1.,1.)))
REPRESENTATION_ITEM('')
SURFACE()
);
#181=(
BOUNDED_SURFACE()
B_SPLINE_SURFACE(3,1,((#11435,#11436),(#11437,#11438),(#11439,#11440),(#11441,
#11442)),.CYLINDRICAL_SURF.,.F.,.F.,.F.)
B_SPLINE_SURFACE_WITH_KNOTS((4,4),(2,2),(0.,1.),(0.,1.),
 .PIECEWISE_BEZIER_KNOTS.)
GEOMETRIC_REPRESENTATION_ITEM()
RATIONAL_B_SPLINE_SURFACE(((1.,1.),(0.803862745488138,0.803862745488138),
(0.803862745488138,0.803862745488138),(1.,1.)))
REPRESENTATION_ITEM('')
SURFACE()
);
#182=(
BOUNDED_SURFACE()
B_SPLINE_SURFACE(3,1,((#11448,#11449),(#11450,#11451),(#11452,#11453),(#11454,
#11455)),.CYLINDRICAL_SURF.,.F.,.F.,.F.)
B_SPLINE_SURFACE_WITH_KNOTS((4,4),(2,2),(0.,1.),(0.,1.),
 .PIECEWISE_BEZIER_KNOTS.)
GEOMETRIC_REPRESENTATION_ITEM()
RATIONAL_B_SPLINE_SURFACE(((1.,1.),(0.582381443464522,0.582381443464522),
(0.582381443464522,0.582381443464522),(1.,1.)))
REPRESENTATION_ITEM('')
SURFACE()
);
#183=(
BOUNDED_SURFACE()
B_SPLINE_SURFACE(3,1,((#11474,#11475),(#11476,#11477),(#11478,#11479),(#11480,
#11481)),.CYLINDRICAL_SURF.,.F.,.F.,.F.)
B_SPLINE_SURFACE_WITH_KNOTS((4,4),(2,2),(0.,1.),(0.,1.),
 .PIECEWISE_BEZIER_KNOTS.)
GEOMETRIC_REPRESENTATION_ITEM()
RATIONAL_B_SPLINE_SURFACE(((1.,1.),(0.733535127440611,0.733535127440611),
(0.733535127440611,0.733535127440611),(1.,1.)))
REPRESENTATION_ITEM('')
SURFACE()
);
#184=(
BOUNDED_SURFACE()
B_SPLINE_SURFACE(3,1,((#11500,#11501),(#11502,#11503),(#11504,#11505),(#11506,
#11507)),.CYLINDRICAL_SURF.,.F.,.F.,.F.)
B_SPLINE_SURFACE_WITH_KNOTS((4,4),(2,2),(0.,1.),(0.,1.),
 .PIECEWISE_BEZIER_KNOTS.)
GEOMETRIC_REPRESENTATION_ITEM()
RATIONAL_B_SPLINE_SURFACE(((1.,1.),(0.733535127440312,0.733535127440312),
(0.733535127440312,0.733535127440312),(1.,1.)))
REPRESENTATION_ITEM('')
SURFACE()
);
#185=(
BOUNDED_SURFACE()
B_SPLINE_SURFACE(3,1,((#11519,#11520),(#11521,#11522),(#11523,#11524),(#11525,
#11526),(#11527,#11528),(#11529,#11530),(#11531,#11532)),
 .CYLINDRICAL_SURF.,.F.,.F.,.F.)
B_SPLINE_SURFACE_WITH_KNOTS((4,3,4),(2,2),(0.,0.5,1.),(0.,1.),
 .PIECEWISE_BEZIER_KNOTS.)
GEOMETRIC_REPRESENTATION_ITEM()
RATIONAL_B_SPLINE_SURFACE(((1.,1.),(0.791494047761536,0.791494047761536),
(0.791494047761536,0.791494047761536),(1.,1.),(0.791494047761536,0.791494047761536),
(0.791494047761536,0.791494047761536),(1.,1.)))
REPRESENTATION_ITEM('')
SURFACE()
);
#186=(
BOUNDED_SURFACE()
B_SPLINE_SURFACE(3,1,((#11533,#11534),(#11535,#11536),(#11537,#11538),(#11539,
#11540)),.CYLINDRICAL_SURF.,.F.,.F.,.F.)
B_SPLINE_SURFACE_WITH_KNOTS((4,4),(2,2),(0.,1.),(0.,1.),
 .PIECEWISE_BEZIER_KNOTS.)
GEOMETRIC_REPRESENTATION_ITEM()
RATIONAL_B_SPLINE_SURFACE(((1.,1.),(0.803862745488366,0.803862745488366),
(0.803862745488366,0.803862745488366),(1.,1.)))
REPRESENTATION_ITEM('')
SURFACE()
);
#187=(
BOUNDED_SURFACE()
B_SPLINE_SURFACE(3,1,((#11552,#11553),(#11554,#11555),(#11556,#11557),(#11558,
#11559)),.CYLINDRICAL_SURF.,.F.,.F.,.F.)
B_SPLINE_SURFACE_WITH_KNOTS((4,4),(2,2),(0.,1.),(0.0454545454545451,0.954545454545454),
 .PIECEWISE_BEZIER_KNOTS.)
GEOMETRIC_REPRESENTATION_ITEM()
RATIONAL_B_SPLINE_SURFACE(((1.,1.),(0.333333333333061,0.333333333333061),
(0.333333333333061,0.333333333333061),(1.,1.)))
REPRESENTATION_ITEM('')
SURFACE()
);
#188=(
BOUNDED_SURFACE()
B_SPLINE_SURFACE(3,1,((#11576,#11577),(#11578,#11579),(#11580,#11581),(#11582,
#11583)),.CYLINDRICAL_SURF.,.F.,.F.,.F.)
B_SPLINE_SURFACE_WITH_KNOTS((4,4),(2,2),(0.,1.),(0.0454545454545459,0.954545454545454),
 .PIECEWISE_BEZIER_KNOTS.)
GEOMETRIC_REPRESENTATION_ITEM()
RATIONAL_B_SPLINE_SURFACE(((1.,1.),(0.333333333333258,0.333333333333258),
(0.333333333333258,0.333333333333258),(1.,1.)))
REPRESENTATION_ITEM('')
SURFACE()
);
#189=(
BOUNDED_SURFACE()
B_SPLINE_SURFACE(3,1,((#11597,#11598),(#11599,#11600),(#11601,#11602),(#11603,
#11604)),.CYLINDRICAL_SURF.,.F.,.F.,.F.)
B_SPLINE_SURFACE_WITH_KNOTS((4,4),(2,2),(0.,1.),(0.,1.),
 .PIECEWISE_BEZIER_KNOTS.)
GEOMETRIC_REPRESENTATION_ITEM()
RATIONAL_B_SPLINE_SURFACE(((1.,1.),(0.803862745488366,0.803862745488366),
(0.803862745488366,0.803862745488366),(1.,1.)))
REPRESENTATION_ITEM('')
SURFACE()
);
#190=(
BOUNDED_SURFACE()
B_SPLINE_SURFACE(3,1,((#11615,#11616),(#11617,#11618),(#11619,#11620),(#11621,
#11622),(#11623,#11624),(#11625,#11626),(#11627,#11628)),
 .CYLINDRICAL_SURF.,.F.,.F.,.F.)
B_SPLINE_SURFACE_WITH_KNOTS((4,3,4),(2,2),(0.,0.5,1.),(0.,1.),
 .PIECEWISE_BEZIER_KNOTS.)
GEOMETRIC_REPRESENTATION_ITEM()
RATIONAL_B_SPLINE_SURFACE(((1.,1.),(0.791494047761545,0.791494047761545),
(0.791494047761545,0.791494047761545),(1.,1.),(0.791494047761545,0.791494047761545),
(0.791494047761545,0.791494047761545),(1.,1.)))
REPRESENTATION_ITEM('')
SURFACE()
);
#191=(
BOUNDED_SURFACE()
B_SPLINE_SURFACE(3,1,((#11629,#11630),(#11631,#11632),(#11633,#11634),(#11635,
#11636)),.CYLINDRICAL_SURF.,.F.,.F.,.F.)
B_SPLINE_SURFACE_WITH_KNOTS((4,4),(2,2),(0.,1.),(0.,1.),
 .PIECEWISE_BEZIER_KNOTS.)
GEOMETRIC_REPRESENTATION_ITEM()
RATIONAL_B_SPLINE_SURFACE(((1.,1.),(0.803862745488137,0.803862745488137),
(0.803862745488137,0.803862745488137),(1.,1.)))
REPRESENTATION_ITEM('')
SURFACE()
);
#192=(
BOUNDED_SURFACE()
B_SPLINE_SURFACE(3,1,((#11642,#11643),(#11644,#11645),(#11646,#11647),(#11648,
#11649)),.CYLINDRICAL_SURF.,.F.,.F.,.F.)
B_SPLINE_SURFACE_WITH_KNOTS((4,4),(2,2),(0.,1.),(0.,1.),
 .PIECEWISE_BEZIER_KNOTS.)
GEOMETRIC_REPRESENTATION_ITEM()
RATIONAL_B_SPLINE_SURFACE(((1.,1.),(0.582381443464521,0.582381443464521),
(0.582381443464521,0.582381443464521),(1.,1.)))
REPRESENTATION_ITEM('')
SURFACE()
);
#193=(
BOUNDED_SURFACE()
B_SPLINE_SURFACE(3,1,((#11668,#11669),(#11670,#11671),(#11672,#11673),(#11674,
#11675)),.CYLINDRICAL_SURF.,.F.,.F.,.F.)
B_SPLINE_SURFACE_WITH_KNOTS((4,4),(2,2),(0.,1.),(0.,1.),
 .PIECEWISE_BEZIER_KNOTS.)
GEOMETRIC_REPRESENTATION_ITEM()
RATIONAL_B_SPLINE_SURFACE(((1.,1.),(0.73353512743999,0.73353512743999),
(0.73353512743999,0.73353512743999),(1.,1.)))
REPRESENTATION_ITEM('')
SURFACE()
);
#194=(
BOUNDED_SURFACE()
B_SPLINE_SURFACE(3,1,((#11699,#11700),(#11701,#11702),(#11703,#11704),(#11705,
#11706)),.CYLINDRICAL_SURF.,.F.,.F.,.F.)
B_SPLINE_SURFACE_WITH_KNOTS((4,4),(2,2),(0.,1.),(0.,1.),
 .PIECEWISE_BEZIER_KNOTS.)
GEOMETRIC_REPRESENTATION_ITEM()
RATIONAL_B_SPLINE_SURFACE(((1.,1.),(0.733535127440614,0.733535127440614),
(0.733535127440614,0.733535127440614),(1.,1.)))
REPRESENTATION_ITEM('')
SURFACE()
);
#195=(
BOUNDED_SURFACE()
B_SPLINE_SURFACE(3,1,((#11848,#11849),(#11850,#11851),(#11852,#11853),(#11854,
#11855),(#11856,#11857),(#11858,#11859),(#11860,#11861)),
 .CYLINDRICAL_SURF.,.F.,.F.,.F.)
B_SPLINE_SURFACE_WITH_KNOTS((4,3,4),(2,2),(0.,0.5,1.),(0.,1.),
 .PIECEWISE_BEZIER_KNOTS.)
GEOMETRIC_REPRESENTATION_ITEM()
RATIONAL_B_SPLINE_SURFACE(((1.,1.),(0.791494047761536,0.791494047761536),
(0.791494047761536,0.791494047761536),(1.,1.),(0.791494047761536,0.791494047761536),
(0.791494047761536,0.791494047761536),(1.,1.)))
REPRESENTATION_ITEM('')
SURFACE()
);
#196=(
BOUNDED_SURFACE()
B_SPLINE_SURFACE(3,1,((#11906,#11907),(#11908,#11909),(#11910,#11911),(#11912,
#11913)),.CYLINDRICAL_SURF.,.F.,.F.,.F.)
B_SPLINE_SURFACE_WITH_KNOTS((4,4),(2,2),(0.,1.),(0.0454545454545489,0.954545454544981),
 .PIECEWISE_BEZIER_KNOTS.)
GEOMETRIC_REPRESENTATION_ITEM()
RATIONAL_B_SPLINE_SURFACE(((1.,1.),(0.33333333333326,0.33333333333326),
(0.33333333333326,0.33333333333326),(1.,1.)))
REPRESENTATION_ITEM('')
SURFACE()
);
#197=(
BOUNDED_SURFACE()
B_SPLINE_SURFACE(3,1,((#11930,#11931),(#11932,#11933),(#11934,#11935),(#11936,
#11937)),.CYLINDRICAL_SURF.,.F.,.F.,.F.)
B_SPLINE_SURFACE_WITH_KNOTS((4,4),(2,2),(0.,1.),(0.0454545454545479,0.954545454544977),
 .PIECEWISE_BEZIER_KNOTS.)
GEOMETRIC_REPRESENTATION_ITEM()
RATIONAL_B_SPLINE_SURFACE(((1.,1.),(0.333333333333237,0.333333333333237),
(0.333333333333237,0.333333333333237),(1.,1.)))
REPRESENTATION_ITEM('')
SURFACE()
);
#198=(
BOUNDED_SURFACE()
B_SPLINE_SURFACE(3,1,((#11960,#11961),(#11962,#11963),(#11964,#11965),(#11966,
#11967)),.CYLINDRICAL_SURF.,.F.,.F.,.F.)
B_SPLINE_SURFACE_WITH_KNOTS((4,4),(2,2),(0.,1.),(0.,1.),
 .PIECEWISE_BEZIER_KNOTS.)
GEOMETRIC_REPRESENTATION_ITEM()
RATIONAL_B_SPLINE_SURFACE(((1.,1.),(0.733535127440283,0.733535127440283),
(0.733535127440283,0.733535127440283),(1.,1.)))
REPRESENTATION_ITEM('')
SURFACE()
);
#199=(
BOUNDED_SURFACE()
B_SPLINE_SURFACE(3,1,((#11984,#11985),(#11986,#11987),(#11988,#11989),(#11990,
#11991)),.CYLINDRICAL_SURF.,.F.,.F.,.F.)
B_SPLINE_SURFACE_WITH_KNOTS((4,4),(2,2),(0.,1.),(0.,1.),
 .PIECEWISE_BEZIER_KNOTS.)
GEOMETRIC_REPRESENTATION_ITEM()
RATIONAL_B_SPLINE_SURFACE(((1.,1.),(0.73353512744042,0.73353512744042),
(0.73353512744042,0.73353512744042),(1.,1.)))
REPRESENTATION_ITEM('')
SURFACE()
);
#200=(
BOUNDED_SURFACE()
B_SPLINE_SURFACE(3,1,((#12009,#12010),(#12011,#12012),(#12013,#12014),(#12015,
#12016)),.CYLINDRICAL_SURF.,.F.,.F.,.F.)
B_SPLINE_SURFACE_WITH_KNOTS((4,4),(2,2),(0.,1.),(0.,1.),
 .PIECEWISE_BEZIER_KNOTS.)
GEOMETRIC_REPRESENTATION_ITEM()
RATIONAL_B_SPLINE_SURFACE(((1.,1.),(0.58238144346457,0.58238144346457),
(0.58238144346457,0.58238144346457),(1.,1.)))
REPRESENTATION_ITEM('')
SURFACE()
);
#201=(
BOUNDED_SURFACE()
B_SPLINE_SURFACE(3,1,((#12030,#12031),(#12032,#12033),(#12034,#12035),(#12036,
#12037)),.CYLINDRICAL_SURF.,.F.,.F.,.F.)
B_SPLINE_SURFACE_WITH_KNOTS((4,4),(2,2),(0.,1.),(0.,1.),
 .PIECEWISE_BEZIER_KNOTS.)
GEOMETRIC_REPRESENTATION_ITEM()
RATIONAL_B_SPLINE_SURFACE(((1.,1.),(0.803862745488365,0.803862745488365),
(0.803862745488365,0.803862745488365),(1.,1.)))
REPRESENTATION_ITEM('')
SURFACE()
);
#202=(
BOUNDED_SURFACE()
B_SPLINE_SURFACE(3,1,((#12043,#12044),(#12045,#12046),(#12047,#12048),(#12049,
#12050)),.CYLINDRICAL_SURF.,.F.,.F.,.F.)
B_SPLINE_SURFACE_WITH_KNOTS((4,4),(2,2),(0.,1.),(0.,1.),
 .PIECEWISE_BEZIER_KNOTS.)
GEOMETRIC_REPRESENTATION_ITEM()
RATIONAL_B_SPLINE_SURFACE(((1.,1.),(0.803862745488137,0.803862745488137),
(0.803862745488137,0.803862745488137),(1.,1.)))
REPRESENTATION_ITEM('')
SURFACE()
);
#203=(
BOUNDED_SURFACE()
B_SPLINE_SURFACE(3,1,((#12052,#12053),(#12054,#12055),(#12056,#12057),(#12058,
#12059)),.CYLINDRICAL_SURF.,.F.,.F.,.F.)
B_SPLINE_SURFACE_WITH_KNOTS((4,4),(2,2),(0.,1.),(0.,1.),
 .PIECEWISE_BEZIER_KNOTS.)
GEOMETRIC_REPRESENTATION_ITEM()
RATIONAL_B_SPLINE_SURFACE(((1.,1.),(0.582381443464521,0.582381443464521),
(0.582381443464521,0.582381443464521),(1.,1.)))
REPRESENTATION_ITEM('')
SURFACE()
);
#204=(
BOUNDED_SURFACE()
B_SPLINE_SURFACE(3,1,((#12094,#12095),(#12096,#12097),(#12098,#12099),(#12100,
#12101)),.CYLINDRICAL_SURF.,.F.,.F.,.F.)
B_SPLINE_SURFACE_WITH_KNOTS((4,4),(2,2),(0.,1.),(0.,1.),
 .PIECEWISE_BEZIER_KNOTS.)
GEOMETRIC_REPRESENTATION_ITEM()
RATIONAL_B_SPLINE_SURFACE(((1.,1.),(0.733535127440302,0.733535127440302),
(0.733535127440302,0.733535127440302),(1.,1.)))
REPRESENTATION_ITEM('')
SURFACE()
);
#205=(
BOUNDED_SURFACE()
B_SPLINE_SURFACE(3,1,((#12134,#12135),(#12136,#12137),(#12138,#12139),(#12140,
#12141)),.CYLINDRICAL_SURF.,.F.,.F.,.F.)
B_SPLINE_SURFACE_WITH_KNOTS((4,4),(2,2),(0.,1.),(0.,1.),
 .PIECEWISE_BEZIER_KNOTS.)
GEOMETRIC_REPRESENTATION_ITEM()
RATIONAL_B_SPLINE_SURFACE(((1.,1.),(0.582381443464522,0.582381443464522),
(0.582381443464522,0.582381443464522),(1.,1.)))
REPRESENTATION_ITEM('')
SURFACE()
);
#206=(
BOUNDED_SURFACE()
B_SPLINE_SURFACE(3,1,((#12145,#12146),(#12147,#12148),(#12149,#12150),(#12151,
#12152)),.CYLINDRICAL_SURF.,.F.,.F.,.F.)
B_SPLINE_SURFACE_WITH_KNOTS((4,4),(2,2),(0.,1.),(0.,1.),
 .PIECEWISE_BEZIER_KNOTS.)
GEOMETRIC_REPRESENTATION_ITEM()
RATIONAL_B_SPLINE_SURFACE(((1.,1.),(0.803862745488338,0.803862745488338),
(0.803862745488338,0.803862745488338),(1.,1.)))
REPRESENTATION_ITEM('')
SURFACE()
);
#207=(
BOUNDED_SURFACE()
B_SPLINE_SURFACE(3,1,((#12166,#12167),(#12168,#12169),(#12170,#12171),(#12172,
#12173)),.CYLINDRICAL_SURF.,.F.,.F.,.F.)
B_SPLINE_SURFACE_WITH_KNOTS((4,4),(2,2),(0.,1.),(0.,1.),
 .PIECEWISE_BEZIER_KNOTS.)
GEOMETRIC_REPRESENTATION_ITEM()
RATIONAL_B_SPLINE_SURFACE(((1.,1.),(0.733535127440251,0.733535127440251),
(0.733535127440251,0.733535127440251),(1.,1.)))
REPRESENTATION_ITEM('')
SURFACE()
);
#208=(
BOUNDED_SURFACE()
B_SPLINE_SURFACE(3,1,((#12174,#12175),(#12176,#12177),(#12178,#12179),(#12180,
#12181)),.CYLINDRICAL_SURF.,.F.,.F.,.F.)
B_SPLINE_SURFACE_WITH_KNOTS((4,4),(2,2),(0.,1.),(0.0454545454545479,0.954545454544978),
 .PIECEWISE_BEZIER_KNOTS.)
GEOMETRIC_REPRESENTATION_ITEM()
RATIONAL_B_SPLINE_SURFACE(((1.,1.),(0.333333333333061,0.333333333333061),
(0.333333333333061,0.333333333333061),(1.,1.)))
REPRESENTATION_ITEM('')
SURFACE()
);
#209=(
BOUNDED_SURFACE()
B_SPLINE_SURFACE(3,1,((#12189,#12190),(#12191,#12192),(#12193,#12194),(#12195,
#12196),(#12197,#12198),(#12199,#12200),(#12201,#12202)),
 .CYLINDRICAL_SURF.,.F.,.F.,.F.)
B_SPLINE_SURFACE_WITH_KNOTS((4,3,4),(2,2),(0.,0.5,1.),(0.,1.),
 .PIECEWISE_BEZIER_KNOTS.)
GEOMETRIC_REPRESENTATION_ITEM()
RATIONAL_B_SPLINE_SURFACE(((1.,1.),(0.791494047761545,0.791494047761545),
(0.791494047761545,0.791494047761545),(1.,1.),(0.791494047761545,0.791494047761545),
(0.791494047761545,0.791494047761545),(1.,1.)))
REPRESENTATION_ITEM('')
SURFACE()
);
#210=(
BOUNDED_SURFACE()
B_SPLINE_SURFACE(3,1,((#12209,#12210),(#12211,#12212),(#12213,#12214),(#12215,
#12216)),.CYLINDRICAL_SURF.,.F.,.F.,.F.)
B_SPLINE_SURFACE_WITH_KNOTS((4,4),(2,2),(0.,1.),(0.045454545454549,0.954545454544979),
 .PIECEWISE_BEZIER_KNOTS.)
GEOMETRIC_REPRESENTATION_ITEM()
RATIONAL_B_SPLINE_SURFACE(((1.,1.),(0.333333333333258,0.333333333333258),
(0.333333333333258,0.333333333333258),(1.,1.)))
REPRESENTATION_ITEM('')
SURFACE()
);
#211=(
BOUNDED_SURFACE()
B_SPLINE_SURFACE(3,1,((#12223,#12224),(#12225,#12226),(#12227,#12228),(#12229,
#12230)),.CYLINDRICAL_SURF.,.F.,.F.,.F.)
B_SPLINE_SURFACE_WITH_KNOTS((4,4),(2,2),(0.,1.),(0.,1.),
 .PIECEWISE_BEZIER_KNOTS.)
GEOMETRIC_REPRESENTATION_ITEM()
RATIONAL_B_SPLINE_SURFACE(((1.,1.),(0.803862745488366,0.803862745488366),
(0.803862745488366,0.803862745488366),(1.,1.)))
REPRESENTATION_ITEM('')
SURFACE()
);
#212=(
BOUNDED_SURFACE()
B_SPLINE_SURFACE(3,1,((#12232,#12233),(#12234,#12235),(#12236,#12237),(#12238,
#12239)),.CYLINDRICAL_SURF.,.F.,.F.,.F.)
B_SPLINE_SURFACE_WITH_KNOTS((4,4),(2,2),(0.,1.),(0.,1.),
 .PIECEWISE_BEZIER_KNOTS.)
GEOMETRIC_REPRESENTATION_ITEM()
RATIONAL_B_SPLINE_SURFACE(((1.,1.),(0.582381443464572,0.582381443464572),
(0.582381443464572,0.582381443464572),(1.,1.)))
REPRESENTATION_ITEM('')
SURFACE()
);
#213=(
BOUNDED_SURFACE()
B_SPLINE_SURFACE(3,1,((#12240,#12241),(#12242,#12243),(#12244,#12245),(#12246,
#12247)),.CYLINDRICAL_SURF.,.F.,.F.,.F.)
B_SPLINE_SURFACE_WITH_KNOTS((4,4),(2,2),(0.,1.),(0.,1.),
 .PIECEWISE_BEZIER_KNOTS.)
GEOMETRIC_REPRESENTATION_ITEM()
RATIONAL_B_SPLINE_SURFACE(((1.,1.),(0.708055585234753,0.708055585234753),
(0.708055585234753,0.708055585234753),(1.,1.)))
REPRESENTATION_ITEM('')
SURFACE()
);
#214=(
BOUNDED_SURFACE()
B_SPLINE_SURFACE(3,1,((#12278,#12279),(#12280,#12281),(#12282,#12283),(#12284,
#12285)),.CYLINDRICAL_SURF.,.F.,.F.,.F.)
B_SPLINE_SURFACE_WITH_KNOTS((4,4),(2,2),(0.,1.),(0.,1.),
 .PIECEWISE_BEZIER_KNOTS.)
GEOMETRIC_REPRESENTATION_ITEM()
RATIONAL_B_SPLINE_SURFACE(((1.,1.),(0.708055585234753,0.708055585234753),
(0.708055585234753,0.708055585234753),(1.,1.)))
REPRESENTATION_ITEM('')
SURFACE()
);
#215=(
BOUNDED_SURFACE()
B_SPLINE_SURFACE(3,1,((#12302,#12303),(#12304,#12305),(#12306,#12307),(#12308,
#12309)),.CYLINDRICAL_SURF.,.F.,.F.,.F.)
B_SPLINE_SURFACE_WITH_KNOTS((4,4),(2,2),(0.,1.),(0.,1.),
 .PIECEWISE_BEZIER_KNOTS.)
GEOMETRIC_REPRESENTATION_ITEM()
RATIONAL_B_SPLINE_SURFACE(((1.,1.),(0.708055585234753,0.708055585234753),
(0.708055585234753,0.708055585234753),(1.,1.)))
REPRESENTATION_ITEM('')
SURFACE()
);
#216=(
BOUNDED_SURFACE()
B_SPLINE_SURFACE(3,1,((#12332,#12333),(#12334,#12335),(#12336,#12337),(#12338,
#12339)),.CYLINDRICAL_SURF.,.F.,.F.,.F.)
B_SPLINE_SURFACE_WITH_KNOTS((4,4),(2,2),(0.,1.),(0.,1.),
 .PIECEWISE_BEZIER_KNOTS.)
GEOMETRIC_REPRESENTATION_ITEM()
RATIONAL_B_SPLINE_SURFACE(((1.,1.),(0.708055585234751,0.708055585234751),
(0.708055585234751,0.708055585234751),(1.,1.)))
REPRESENTATION_ITEM('')
SURFACE()
);
#217=(
BOUNDED_SURFACE()
B_SPLINE_SURFACE(3,1,((#12358,#12359),(#12360,#12361),(#12362,#12363),(#12364,
#12365)),.CYLINDRICAL_SURF.,.F.,.F.,.F.)
B_SPLINE_SURFACE_WITH_KNOTS((4,4),(2,2),(0.,1.),(0.,1.),
 .PIECEWISE_BEZIER_KNOTS.)
GEOMETRIC_REPRESENTATION_ITEM()
RATIONAL_B_SPLINE_SURFACE(((1.,1.),(0.708055585234746,0.708055585234746),
(0.708055585234746,0.708055585234746),(1.,1.)))
REPRESENTATION_ITEM('')
SURFACE()
);
#218=(
BOUNDED_SURFACE()
B_SPLINE_SURFACE(3,1,((#12378,#12379),(#12380,#12381),(#12382,#12383),(#12384,
#12385)),.CYLINDRICAL_SURF.,.F.,.F.,.F.)
B_SPLINE_SURFACE_WITH_KNOTS((4,4),(2,2),(0.,1.),(0.,1.),
 .PIECEWISE_BEZIER_KNOTS.)
GEOMETRIC_REPRESENTATION_ITEM()
RATIONAL_B_SPLINE_SURFACE(((1.,1.),(0.708055585234753,0.708055585234753),
(0.708055585234753,0.708055585234753),(1.,1.)))
REPRESENTATION_ITEM('')
SURFACE()
);
#219=(
BOUNDED_SURFACE()
B_SPLINE_SURFACE(3,1,((#12467,#12468),(#12469,#12470),(#12471,#12472),(#12473,
#12474)),.CYLINDRICAL_SURF.,.F.,.F.,.F.)
B_SPLINE_SURFACE_WITH_KNOTS((4,4),(2,2),(0.,1.),(0.,1.),
 .PIECEWISE_BEZIER_KNOTS.)
GEOMETRIC_REPRESENTATION_ITEM()
RATIONAL_B_SPLINE_SURFACE(((1.,1.),(0.708055585234754,0.708055585234754),
(0.708055585234754,0.708055585234754),(1.,1.)))
REPRESENTATION_ITEM('')
SURFACE()
);
#220=(
BOUNDED_SURFACE()
B_SPLINE_SURFACE(3,1,((#12487,#12488),(#12489,#12490),(#12491,#12492),(#12493,
#12494)),.CYLINDRICAL_SURF.,.F.,.F.,.F.)
B_SPLINE_SURFACE_WITH_KNOTS((4,4),(2,2),(0.,1.),(0.,1.),
 .PIECEWISE_BEZIER_KNOTS.)
GEOMETRIC_REPRESENTATION_ITEM()
RATIONAL_B_SPLINE_SURFACE(((1.,1.),(0.708055585234754,0.708055585234754),
(0.708055585234754,0.708055585234754),(1.,1.)))
REPRESENTATION_ITEM('')
SURFACE()
);
#221=(
BOUNDED_SURFACE()
B_SPLINE_SURFACE(3,1,((#12505,#12506),(#12507,#12508),(#12509,#12510),(#12511,
#12512)),.CYLINDRICAL_SURF.,.F.,.F.,.F.)
B_SPLINE_SURFACE_WITH_KNOTS((4,4),(2,2),(0.,1.),(0.,1.),
 .PIECEWISE_BEZIER_KNOTS.)
GEOMETRIC_REPRESENTATION_ITEM()
RATIONAL_B_SPLINE_SURFACE(((1.,1.),(0.708055585234754,0.708055585234754),
(0.708055585234754,0.708055585234754),(1.,1.)))
REPRESENTATION_ITEM('')
SURFACE()
);
#222=(
BOUNDED_SURFACE()
B_SPLINE_SURFACE(3,1,((#12523,#12524),(#12525,#12526),(#12527,#12528),(#12529,
#12530)),.CYLINDRICAL_SURF.,.F.,.F.,.F.)
B_SPLINE_SURFACE_WITH_KNOTS((4,4),(2,2),(0.,1.),(0.,1.),
 .PIECEWISE_BEZIER_KNOTS.)
GEOMETRIC_REPRESENTATION_ITEM()
RATIONAL_B_SPLINE_SURFACE(((1.,1.),(0.708055585234753,0.708055585234753),
(0.708055585234753,0.708055585234753),(1.,1.)))
REPRESENTATION_ITEM('')
SURFACE()
);
#223=(
BOUNDED_SURFACE()
B_SPLINE_SURFACE(3,1,((#12592,#12593),(#12594,#12595),(#12596,#12597),(#12598,
#12599)),.CYLINDRICAL_SURF.,.F.,.F.,.F.)
B_SPLINE_SURFACE_WITH_KNOTS((4,4),(2,2),(0.,1.),(0.,1.),
 .PIECEWISE_BEZIER_KNOTS.)
GEOMETRIC_REPRESENTATION_ITEM()
RATIONAL_B_SPLINE_SURFACE(((1.,1.),(0.68103283644621,0.68103283644621),
(0.68103283644621,0.68103283644621),(1.,1.)))
REPRESENTATION_ITEM('')
SURFACE()
);
#224=(
BOUNDED_SURFACE()
B_SPLINE_SURFACE(3,1,((#12610,#12611),(#12612,#12613),(#12614,#12615),(#12616,
#12617)),.CYLINDRICAL_SURF.,.F.,.F.,.F.)
B_SPLINE_SURFACE_WITH_KNOTS((4,4),(2,2),(0.,1.),(0.,1.),
 .PIECEWISE_BEZIER_KNOTS.)
GEOMETRIC_REPRESENTATION_ITEM()
RATIONAL_B_SPLINE_SURFACE(((1.,1.),(0.708055585234753,0.708055585234753),
(0.708055585234753,0.708055585234753),(1.,1.)))
REPRESENTATION_ITEM('')
SURFACE()
);
#225=(
BOUNDED_SURFACE()
B_SPLINE_SURFACE(3,1,((#12628,#12629),(#12630,#12631),(#12632,#12633),(#12634,
#12635)),.CYLINDRICAL_SURF.,.F.,.F.,.F.)
B_SPLINE_SURFACE_WITH_KNOTS((4,4),(2,2),(0.,1.),(0.,1.),
 .PIECEWISE_BEZIER_KNOTS.)
GEOMETRIC_REPRESENTATION_ITEM()
RATIONAL_B_SPLINE_SURFACE(((1.,1.),(0.708055585234753,0.708055585234753),
(0.708055585234753,0.708055585234753),(1.,1.)))
REPRESENTATION_ITEM('')
SURFACE()
);
#226=(
BOUNDED_SURFACE()
B_SPLINE_SURFACE(3,1,((#12646,#12647),(#12648,#12649),(#12650,#12651),(#12652,
#12653)),.CYLINDRICAL_SURF.,.F.,.F.,.F.)
B_SPLINE_SURFACE_WITH_KNOTS((4,4),(2,2),(0.,1.),(0.,1.),
 .PIECEWISE_BEZIER_KNOTS.)
GEOMETRIC_REPRESENTATION_ITEM()
RATIONAL_B_SPLINE_SURFACE(((1.,1.),(0.734206600338762,0.734206600338762),
(0.734206600338762,0.734206600338762),(1.,1.)))
REPRESENTATION_ITEM('')
SURFACE()
);
#227=(
BOUNDED_SURFACE()
B_SPLINE_SURFACE(3,1,((#12679,#12680),(#12681,#12682),(#12683,#12684),(#12685,
#12686)),.CYLINDRICAL_SURF.,.F.,.F.,.F.)
B_SPLINE_SURFACE_WITH_KNOTS((4,4),(2,2),(0.105242199631824,0.895356190460814),
(0.0454545454545459,0.954545454545459),.PIECEWISE_BEZIER_KNOTS.)
GEOMETRIC_REPRESENTATION_ITEM()
RATIONAL_B_SPLINE_SURFACE(((0.908579246048317,0.908579246048317),(0.706706076285889,
0.706706076285889),(0.706859080108287,0.706859080108287),(0.90903825751551,
0.90903825751551)))
REPRESENTATION_ITEM('')
SURFACE()
);
#228=(
BOUNDED_SURFACE()
B_SPLINE_SURFACE(3,1,((#12688,#12689),(#12690,#12691),(#12692,#12693),(#12694,
#12695)),.CYLINDRICAL_SURF.,.F.,.F.,.F.)
B_SPLINE_SURFACE_WITH_KNOTS((4,4),(2,2),(0.105833131410057,0.887437490784883),
(0.0454545454545538,0.954545454545457),.PIECEWISE_BEZIER_KNOTS.)
GEOMETRIC_REPRESENTATION_ITEM()
RATIONAL_B_SPLINE_SURFACE(((0.923851410520331,0.923851410520331),(0.758580098801182,
0.758580098801182),(0.757169309126146,0.757169309126146),(0.919619041495223,
0.919619041495223)))
REPRESENTATION_ITEM('')
SURFACE()
);
#229=(
BOUNDED_SURFACE()
B_SPLINE_SURFACE(3,1,((#12711,#12712),(#12713,#12714),(#12715,#12716),(#12717,
#12718)),.CYLINDRICAL_SURF.,.F.,.F.,.F.)
B_SPLINE_SURFACE_WITH_KNOTS((4,4),(2,2),(0.391179382275591,0.606859251333667),
(0.0454545454545455,0.954545454545455),.PIECEWISE_BEZIER_KNOTS.)
GEOMETRIC_REPRESENTATION_ITEM()
RATIONAL_B_SPLINE_SURFACE(((0.986344312848748,0.986344312848748),(0.985447136554874,
0.985447136554874),(0.985439051269814,0.985439051269814),(0.986320056993568,
0.986320056993568)))
REPRESENTATION_ITEM('')
SURFACE()
);
#230=(
BOUNDED_SURFACE()
B_SPLINE_SURFACE(3,1,((#12734,#12735),(#12736,#12737),(#12738,#12739),(#12740,
#12741)),.CYLINDRICAL_SURF.,.F.,.F.,.F.)
B_SPLINE_SURFACE_WITH_KNOTS((4,4),(2,2),(0.104643801763195,0.894757807958285),
(0.0454545454545424,0.954545454545462),.PIECEWISE_BEZIER_KNOTS.)
GEOMETRIC_REPRESENTATION_ITEM()
RATIONAL_B_SPLINE_SURFACE(((0.909038245377415,0.909038245377415),(0.706859019814673,
0.706859019814673),(0.706706015911313,0.706706015911313),(0.908579233667335,
0.908579233667335)))
REPRESENTATION_ITEM('')
SURFACE()
);
#231=(
BOUNDED_SURFACE()
B_SPLINE_SURFACE(3,1,((#12742,#12743),(#12744,#12745),(#12746,#12747),(#12748,
#12749)),.CYLINDRICAL_SURF.,.F.,.F.,.F.)
B_SPLINE_SURFACE_WITH_KNOTS((4,4),(2,2),(0.104729070268159,0.887035731884156),
(0.0454545454545525,0.954545454545656),.PIECEWISE_BEZIER_KNOTS.)
GEOMETRIC_REPRESENTATION_ITEM()
RATIONAL_B_SPLINE_SURFACE(((0.925216801339538,0.925216801339538),(0.760793656379956,
0.760793656379956),(0.759080834834492,0.759080834834492),(0.920078336703145,
0.920078336703145)))
REPRESENTATION_ITEM('')
SURFACE()
);
#232=(
BOUNDED_SURFACE()
B_SPLINE_SURFACE(3,1,((#12861,#12862),(#12863,#12864),(#12865,#12866),(#12867,
#12868)),.CYLINDRICAL_SURF.,.F.,.F.,.F.)
B_SPLINE_SURFACE_WITH_KNOTS((4,4),(2,2),(0.0999195444354813,0.894769238485033),
(0.0454545454545453,0.954545454545455),.PIECEWISE_BEZIER_KNOTS.)
GEOMETRIC_REPRESENTATION_ITEM()
RATIONAL_B_SPLINE_SURFACE(((0.912660347930384,0.912660347930384),(0.706777214599311,
0.706777214599311),(0.705410626955604,0.705410626955604),(0.908560584999265,
0.908560584999265)))
REPRESENTATION_ITEM('')
SURFACE()
);
#233=(
BOUNDED_SURFACE()
B_SPLINE_SURFACE(3,1,((#12968,#12969),(#12970,#12971),(#12972,#12973),(#12974,
#12975)),.CYLINDRICAL_SURF.,.F.,.F.,.F.)
B_SPLINE_SURFACE_WITH_KNOTS((4,4),(2,2),(0.,1.),(0.,1.),
 .PIECEWISE_BEZIER_KNOTS.)
GEOMETRIC_REPRESENTATION_ITEM()
RATIONAL_B_SPLINE_SURFACE(((1.,1.),(0.980887082600698,0.980887082600698),
(0.980887082600698,0.980887082600698),(1.,1.)))
REPRESENTATION_ITEM('')
SURFACE()
);
#234=(
BOUNDED_SURFACE()
B_SPLINE_SURFACE(3,1,((#12976,#12977),(#12978,#12979),(#12980,#12981),(#12982,
#12983)),.CYLINDRICAL_SURF.,.F.,.F.,.F.)
B_SPLINE_SURFACE_WITH_KNOTS((4,4),(2,2),(0.10024052553079,0.895019243565595),
(0.0454545454545454,0.954545454545455),.PIECEWISE_BEZIER_KNOTS.)
GEOMETRIC_REPRESENTATION_ITEM()
RATIONAL_B_SPLINE_SURFACE(((0.913186615230977,0.913186615230977),(0.709308475724332,
0.709308475724332),(0.708099712056199,0.708099712056199),(0.909560324226577,
0.909560324226577)))
REPRESENTATION_ITEM('')
SURFACE()
);
#235=(
BOUNDED_SURFACE()
B_SPLINE_SURFACE(3,1,((#13017,#13018),(#13019,#13020),(#13021,#13022),(#13023,
#13024)),.CYLINDRICAL_SURF.,.F.,.F.,.F.)
B_SPLINE_SURFACE_WITH_KNOTS((4,4),(2,2),(0.,1.),(0.,1.),
 .PIECEWISE_BEZIER_KNOTS.)
GEOMETRIC_REPRESENTATION_ITEM()
RATIONAL_B_SPLINE_SURFACE(((1.,1.),(0.708055585234753,0.708055585234753),
(0.708055585234753,0.708055585234753),(1.,1.)))
REPRESENTATION_ITEM('')
SURFACE()
);
#236=(
BOUNDED_SURFACE()
B_SPLINE_SURFACE(3,1,((#13045,#13046),(#13047,#13048),(#13049,#13050),(#13051,
#13052)),.CYLINDRICAL_SURF.,.F.,.F.,.F.)
B_SPLINE_SURFACE_WITH_KNOTS((4,4),(2,2),(0.,1.),(0.,1.),
 .PIECEWISE_BEZIER_KNOTS.)
GEOMETRIC_REPRESENTATION_ITEM()
RATIONAL_B_SPLINE_SURFACE(((1.,1.),(0.708055585234746,0.708055585234746),
(0.708055585234746,0.708055585234746),(1.,1.)))
REPRESENTATION_ITEM('')
SURFACE()
);
#237=(
BOUNDED_SURFACE()
B_SPLINE_SURFACE(3,1,((#13064,#13065),(#13066,#13067),(#13068,#13069),(#13070,
#13071)),.CYLINDRICAL_SURF.,.F.,.F.,.F.)
B_SPLINE_SURFACE_WITH_KNOTS((4,4),(2,2),(0.,1.),(0.,1.),
 .PIECEWISE_BEZIER_KNOTS.)
GEOMETRIC_REPRESENTATION_ITEM()
RATIONAL_B_SPLINE_SURFACE(((1.,1.),(0.708055585234754,0.708055585234754),
(0.708055585234754,0.708055585234754),(1.,1.)))
REPRESENTATION_ITEM('')
SURFACE()
);
#238=(
BOUNDED_SURFACE()
B_SPLINE_SURFACE(3,1,((#13089,#13090),(#13091,#13092),(#13093,#13094),(#13095,
#13096)),.CYLINDRICAL_SURF.,.F.,.F.,.F.)
B_SPLINE_SURFACE_WITH_KNOTS((4,4),(2,2),(0.,1.),(0.,1.),
 .PIECEWISE_BEZIER_KNOTS.)
GEOMETRIC_REPRESENTATION_ITEM()
RATIONAL_B_SPLINE_SURFACE(((1.,1.),(0.708055585234754,0.708055585234754),
(0.708055585234754,0.708055585234754),(1.,1.)))
REPRESENTATION_ITEM('')
SURFACE()
);
#239=(
BOUNDED_SURFACE()
B_SPLINE_SURFACE(3,1,((#13102,#13103),(#13104,#13105),(#13106,#13107),(#13108,
#13109)),.CYLINDRICAL_SURF.,.F.,.F.,.F.)
B_SPLINE_SURFACE_WITH_KNOTS((4,4),(2,2),(0.,1.),(0.,1.),
 .PIECEWISE_BEZIER_KNOTS.)
GEOMETRIC_REPRESENTATION_ITEM()
RATIONAL_B_SPLINE_SURFACE(((1.,1.),(0.708055585234754,0.708055585234754),
(0.708055585234754,0.708055585234754),(1.,1.)))
REPRESENTATION_ITEM('')
SURFACE()
);
#240=(
BOUNDED_SURFACE()
B_SPLINE_SURFACE(3,1,((#13169,#13170),(#13171,#13172),(#13173,#13174),(#13175,
#13176)),.CYLINDRICAL_SURF.,.F.,.F.,.F.)
B_SPLINE_SURFACE_WITH_KNOTS((4,4),(2,2),(0.,1.),(0.,1.),
 .PIECEWISE_BEZIER_KNOTS.)
GEOMETRIC_REPRESENTATION_ITEM()
RATIONAL_B_SPLINE_SURFACE(((1.,1.),(0.708055585234754,0.708055585234754),
(0.708055585234754,0.708055585234754),(1.,1.)))
REPRESENTATION_ITEM('')
SURFACE()
);
#241=(
BOUNDED_SURFACE()
B_SPLINE_SURFACE(3,1,((#13214,#13215),(#13216,#13217),(#13218,#13219),(#13220,
#13221)),.CYLINDRICAL_SURF.,.F.,.F.,.F.)
B_SPLINE_SURFACE_WITH_KNOTS((4,4),(2,2),(0.,1.),(0.,1.),
 .PIECEWISE_BEZIER_KNOTS.)
GEOMETRIC_REPRESENTATION_ITEM()
RATIONAL_B_SPLINE_SURFACE(((1.,1.),(0.681032836446198,0.681032836446198),
(0.681032836446198,0.681032836446198),(1.,1.)))
REPRESENTATION_ITEM('')
SURFACE()
);
#242=(
BOUNDED_SURFACE()
B_SPLINE_SURFACE(3,1,((#13228,#13229),(#13230,#13231),(#13232,#13233),(#13234,
#13235)),.CYLINDRICAL_SURF.,.F.,.F.,.F.)
B_SPLINE_SURFACE_WITH_KNOTS((4,4),(2,2),(0.,1.),(0.,1.),
 .PIECEWISE_BEZIER_KNOTS.)
GEOMETRIC_REPRESENTATION_ITEM()
RATIONAL_B_SPLINE_SURFACE(((1.,1.),(0.708055585234753,0.708055585234753),
(0.708055585234753,0.708055585234753),(1.,1.)))
REPRESENTATION_ITEM('')
SURFACE()
);
#243=(
BOUNDED_SURFACE()
B_SPLINE_SURFACE(3,1,((#13242,#13243),(#13244,#13245),(#13246,#13247),(#13248,
#13249)),.CYLINDRICAL_SURF.,.F.,.F.,.F.)
B_SPLINE_SURFACE_WITH_KNOTS((4,4),(2,2),(0.,1.),(0.,1.),
 .PIECEWISE_BEZIER_KNOTS.)
GEOMETRIC_REPRESENTATION_ITEM()
RATIONAL_B_SPLINE_SURFACE(((1.,1.),(0.708055585234753,0.708055585234753),
(0.708055585234753,0.708055585234753),(1.,1.)))
REPRESENTATION_ITEM('')
SURFACE()
);
#244=(
BOUNDED_SURFACE()
B_SPLINE_SURFACE(3,1,((#13256,#13257),(#13258,#13259),(#13260,#13261),(#13262,
#13263)),.CYLINDRICAL_SURF.,.F.,.F.,.F.)
B_SPLINE_SURFACE_WITH_KNOTS((4,4),(2,2),(0.,1.),(0.,1.),
 .PIECEWISE_BEZIER_KNOTS.)
GEOMETRIC_REPRESENTATION_ITEM()
RATIONAL_B_SPLINE_SURFACE(((1.,1.),(0.734206600338762,0.734206600338762),
(0.734206600338762,0.734206600338762),(1.,1.)))
REPRESENTATION_ITEM('')
SURFACE()
);
#245=(
BOUNDED_SURFACE()
B_SPLINE_SURFACE(3,1,((#13270,#13271),(#13272,#13273),(#13274,#13275),(#13276,
#13277)),.CYLINDRICAL_SURF.,.F.,.F.,.F.)
B_SPLINE_SURFACE_WITH_KNOTS((4,4),(2,2),(0.104643802717981,0.898084918962264),
(0.045454545454547,0.954545454545455),.PIECEWISE_BEZIER_KNOTS.)
GEOMETRIC_REPRESENTATION_ITEM()
RATIONAL_B_SPLINE_SURFACE(((0.90903824686781,0.90903824686781),(0.706007665400217,
0.706007665400217),(0.706708317057143,0.706708317057143),(0.911140201838588,
0.911140201838588)))
REPRESENTATION_ITEM('')
SURFACE()
);
#246=(
BOUNDED_SURFACE()
B_SPLINE_SURFACE(3,1,((#13282,#13283),(#13284,#13285),(#13286,#13287),(#13288,
#13289)),.CYLINDRICAL_SURF.,.F.,.F.,.F.)
B_SPLINE_SURFACE_WITH_KNOTS((4,4),(2,2),(0.391179403487261,0.606859251334342),
(0.0454545454544515,0.954545454561206),.PIECEWISE_BEZIER_KNOTS.)
GEOMETRIC_REPRESENTATION_ITEM()
RATIONAL_B_SPLINE_SURFACE(((0.986344312584041,0.986344312584041),(0.98544713655328,
0.98544713655328),(0.985439051356458,0.985439051356459),(0.986320056993576,
0.986320056993576)))
REPRESENTATION_ITEM('')
SURFACE()
);
#247=(
BOUNDED_SURFACE()
B_SPLINE_SURFACE(3,1,((#13301,#13302),(#13303,#13304),(#13305,#13306),(#13307,
#13308)),.CYLINDRICAL_SURF.,.F.,.F.,.F.)
B_SPLINE_SURFACE_WITH_KNOTS((4,4),(2,2),(0.10524219213773,0.895356198237656),
(0.045454545454545,0.954545454545456),.PIECEWISE_BEZIER_KNOTS.)
GEOMETRIC_REPRESENTATION_ITEM()
RATIONAL_B_SPLINE_SURFACE(((0.90857923359173,0.90857923359173),(0.706706015904683,
0.706706015904683),(0.706859019832796,0.706859019832796),(0.909038245376068,
0.909038245376068)))
REPRESENTATION_ITEM('')
SURFACE()
);
#248=(
BOUNDED_SURFACE()
B_SPLINE_SURFACE(3,1,((#13313,#13314),(#13315,#13316),(#13317,#13318),(#13319,
#13320)),.CYLINDRICAL_SURF.,.F.,.F.,.F.)
B_SPLINE_SURFACE_WITH_KNOTS((4,4),(2,2),(0.104729070191691,0.887035731884099),
(0.0454545435137961,0.954545779946806),.PIECEWISE_BEZIER_KNOTS.)
GEOMETRIC_REPRESENTATION_ITEM()
RATIONAL_B_SPLINE_SURFACE(((0.925216801387736,0.925216801387736),(0.760793656380247,
0.760793656380247),(0.759080834818699,0.759080834818699),(0.920078336703091,
0.920078336703091)))
REPRESENTATION_ITEM('')
SURFACE()
);
#249=(
BOUNDED_SURFACE()
B_SPLINE_SURFACE(3,1,((#13434,#13435),(#13436,#13437),(#13438,#13439),(#13440,
#13441)),.CYLINDRICAL_SURF.,.F.,.F.,.F.)
B_SPLINE_SURFACE_WITH_KNOTS((4,4),(2,2),(0.0999195444354811,0.894769238485033),
(0.0454545454545456,0.954545454545455),.PIECEWISE_BEZIER_KNOTS.)
GEOMETRIC_REPRESENTATION_ITEM()
RATIONAL_B_SPLINE_SURFACE(((0.912660347930384,0.912660347930384),(0.706777214599311,
0.706777214599311),(0.705410626955604,0.705410626955604),(0.908560584999264,
0.908560584999264)))
REPRESENTATION_ITEM('')
SURFACE()
);
#250=(
BOUNDED_SURFACE()
B_SPLINE_SURFACE(3,1,((#13537,#13538),(#13539,#13540),(#13541,#13542),(#13543,
#13544)),.CYLINDRICAL_SURF.,.F.,.F.,.F.)
B_SPLINE_SURFACE_WITH_KNOTS((4,4),(2,2),(0.109444605853777,0.887437490784939),
(0.0454545454363659,0.954545454545564),.PIECEWISE_BEZIER_KNOTS.)
GEOMETRIC_REPRESENTATION_ITEM()
RATIONAL_B_SPLINE_SURFACE(((0.921570952076194,0.921570952076194),(0.758570559835716,
0.758570559835716),(0.757919922975395,0.757919922975395),(0.919619041495232,
0.919619041495232)))
REPRESENTATION_ITEM('')
SURFACE()
);
#251=(
BOUNDED_SURFACE()
B_SPLINE_SURFACE(3,1,((#13551,#13552),(#13553,#13554),(#13555,#13556),(#13557,
#13558)),.CYLINDRICAL_SURF.,.F.,.F.,.F.)
B_SPLINE_SURFACE_WITH_KNOTS((4,4),(2,2),(0.,1.),(0.,1.),
 .PIECEWISE_BEZIER_KNOTS.)
GEOMETRIC_REPRESENTATION_ITEM()
RATIONAL_B_SPLINE_SURFACE(((1.,1.),(0.980887082600698,0.980887082600698),
(0.980887082600698,0.980887082600698),(1.,1.)))
REPRESENTATION_ITEM('')
SURFACE()
);
#252=(
BOUNDED_SURFACE()
B_SPLINE_SURFACE(3,1,((#13565,#13566),(#13567,#13568),(#13569,#13570),(#13571,
#13572)),.CYLINDRICAL_SURF.,.F.,.F.,.F.)
B_SPLINE_SURFACE_WITH_KNOTS((4,4),(2,2),(0.100240525530787,0.895019243565596),
(0.0454545454545455,0.954545454545455),.PIECEWISE_BEZIER_KNOTS.)
GEOMETRIC_REPRESENTATION_ITEM()
RATIONAL_B_SPLINE_SURFACE(((0.913186615230979,0.913186615230979),(0.709308475724331,
0.709308475724331),(0.708099712056197,0.708099712056197),(0.909560324226578,
0.909560324226578)))
REPRESENTATION_ITEM('')
SURFACE()
);
#253=(
BOUNDED_SURFACE()
B_SPLINE_SURFACE(3,1,((#13606,#13607),(#13608,#13609),(#13610,#13611),(#13612,
#13613)),.CYLINDRICAL_SURF.,.F.,.F.,.F.)
B_SPLINE_SURFACE_WITH_KNOTS((4,4),(2,2),(0.,1.),(0.,1.),
 .PIECEWISE_BEZIER_KNOTS.)
GEOMETRIC_REPRESENTATION_ITEM()
RATIONAL_B_SPLINE_SURFACE(((1.,1.),(0.708055585234754,0.708055585234754),
(0.708055585234754,0.708055585234754),(1.,1.)))
REPRESENTATION_ITEM('')
SURFACE()
);
#254=(
BOUNDED_SURFACE()
B_SPLINE_SURFACE(3,1,((#13642,#13643),(#13644,#13645),(#13646,#13647),(#13648,
#13649)),.CYLINDRICAL_SURF.,.F.,.F.,.F.)
B_SPLINE_SURFACE_WITH_KNOTS((4,4),(2,2),(0.,1.),(0.,1.),
 .PIECEWISE_BEZIER_KNOTS.)
GEOMETRIC_REPRESENTATION_ITEM()
RATIONAL_B_SPLINE_SURFACE(((1.,1.),(0.70805558523475,0.70805558523475),
(0.70805558523475,0.70805558523475),(1.,1.)))
REPRESENTATION_ITEM('')
SURFACE()
);
#255=(
BOUNDED_SURFACE()
B_SPLINE_SURFACE(3,1,((#13655,#13656),(#13657,#13658),(#13659,#13660),(#13661,
#13662)),.CYLINDRICAL_SURF.,.F.,.F.,.F.)
B_SPLINE_SURFACE_WITH_KNOTS((4,4),(2,2),(0.,1.),(0.,1.),
 .PIECEWISE_BEZIER_KNOTS.)
GEOMETRIC_REPRESENTATION_ITEM()
RATIONAL_B_SPLINE_SURFACE(((1.,1.),(0.708055585234753,0.708055585234753),
(0.708055585234753,0.708055585234753),(1.,1.)))
REPRESENTATION_ITEM('')
SURFACE()
);
#256=(
BOUNDED_SURFACE()
B_SPLINE_SURFACE(3,1,((#13683,#13684),(#13685,#13686),(#13687,#13688),(#13689,
#13690)),.CYLINDRICAL_SURF.,.F.,.F.,.F.)
B_SPLINE_SURFACE_WITH_KNOTS((4,4),(2,2),(0.,1.),(0.,1.),
 .PIECEWISE_BEZIER_KNOTS.)
GEOMETRIC_REPRESENTATION_ITEM()
RATIONAL_B_SPLINE_SURFACE(((1.,1.),(0.708055585234754,0.708055585234754),
(0.708055585234754,0.708055585234754),(1.,1.)))
REPRESENTATION_ITEM('')
SURFACE()
);
#257=(
BOUNDED_SURFACE()
B_SPLINE_SURFACE(3,1,((#13709,#13710),(#13711,#13712),(#13713,#13714),(#13715,
#13716)),.CYLINDRICAL_SURF.,.F.,.F.,.F.)
B_SPLINE_SURFACE_WITH_KNOTS((4,4),(2,2),(0.,1.),(0.,1.),
 .PIECEWISE_BEZIER_KNOTS.)
GEOMETRIC_REPRESENTATION_ITEM()
RATIONAL_B_SPLINE_SURFACE(((1.,1.),(0.708055585234754,0.708055585234754),
(0.708055585234754,0.708055585234754),(1.,1.)))
REPRESENTATION_ITEM('')
SURFACE()
);
#258=(
BOUNDED_SURFACE()
B_SPLINE_SURFACE(3,1,((#13722,#13723),(#13724,#13725),(#13726,#13727),(#13728,
#13729)),.CYLINDRICAL_SURF.,.F.,.F.,.F.)
B_SPLINE_SURFACE_WITH_KNOTS((4,4),(2,2),(0.,1.),(0.,1.),
 .PIECEWISE_BEZIER_KNOTS.)
GEOMETRIC_REPRESENTATION_ITEM()
RATIONAL_B_SPLINE_SURFACE(((1.,1.),(0.708055585234751,0.708055585234751),
(0.708055585234751,0.708055585234751),(1.,1.)))
REPRESENTATION_ITEM('')
SURFACE()
);
#259=(
BOUNDED_SURFACE()
B_SPLINE_SURFACE(3,1,((#13730,#13731),(#13732,#13733),(#13734,#13735),(#13736,
#13737)),.CYLINDRICAL_SURF.,.F.,.F.,.F.)
B_SPLINE_SURFACE_WITH_KNOTS((4,4),(2,2),(0.,1.),(0.,1.),
 .PIECEWISE_BEZIER_KNOTS.)
GEOMETRIC_REPRESENTATION_ITEM()
RATIONAL_B_SPLINE_SURFACE(((1.,1.),(0.708055585234754,0.708055585234754),
(0.708055585234754,0.708055585234754),(1.,1.)))
REPRESENTATION_ITEM('')
SURFACE()
);
#260=(
BOUNDED_SURFACE()
B_SPLINE_SURFACE(3,1,((#13738,#13739),(#13740,#13741),(#13742,#13743),(#13744,
#13745)),.CYLINDRICAL_SURF.,.F.,.F.,.F.)
B_SPLINE_SURFACE_WITH_KNOTS((4,4),(2,2),(0.,1.),(0.,1.),
 .PIECEWISE_BEZIER_KNOTS.)
GEOMETRIC_REPRESENTATION_ITEM()
RATIONAL_B_SPLINE_SURFACE(((1.,1.),(0.708055585234754,0.708055585234754),
(0.708055585234754,0.708055585234754),(1.,1.)))
REPRESENTATION_ITEM('')
SURFACE()
);
#261=(
BOUNDED_SURFACE()
B_SPLINE_SURFACE(3,1,((#13773,#13774),(#13775,#13776),(#13777,#13778),(#13779,
#13780)),.CYLINDRICAL_SURF.,.F.,.F.,.F.)
B_SPLINE_SURFACE_WITH_KNOTS((4,4),(2,2),(0.,1.),(0.,1.),
 .PIECEWISE_BEZIER_KNOTS.)
GEOMETRIC_REPRESENTATION_ITEM()
RATIONAL_B_SPLINE_SURFACE(((1.,1.),(0.708055585234753,0.708055585234753),
(0.708055585234753,0.708055585234753),(1.,1.)))
REPRESENTATION_ITEM('')
SURFACE()
);
#262=(
BOUNDED_SURFACE()
B_SPLINE_SURFACE(3,1,((#13795,#13796),(#13797,#13798),(#13799,#13800),(#13801,
#13802)),.CYLINDRICAL_SURF.,.F.,.F.,.F.)
B_SPLINE_SURFACE_WITH_KNOTS((4,4),(2,2),(0.,1.),(0.,1.),
 .PIECEWISE_BEZIER_KNOTS.)
GEOMETRIC_REPRESENTATION_ITEM()
RATIONAL_B_SPLINE_SURFACE(((1.,1.),(0.708055585234753,0.708055585234753),
(0.708055585234753,0.708055585234753),(1.,1.)))
REPRESENTATION_ITEM('')
SURFACE()
);
#263=(
BOUNDED_SURFACE()
B_SPLINE_SURFACE(3,1,((#13818,#13819),(#13820,#13821),(#13822,#13823),(#13824,
#13825)),.CYLINDRICAL_SURF.,.F.,.F.,.F.)
B_SPLINE_SURFACE_WITH_KNOTS((4,4),(2,2),(0.,1.),(0.,1.),
 .PIECEWISE_BEZIER_KNOTS.)
GEOMETRIC_REPRESENTATION_ITEM()
RATIONAL_B_SPLINE_SURFACE(((1.,1.),(0.708055585234754,0.708055585234754),
(0.708055585234754,0.708055585234754),(1.,1.)))
REPRESENTATION_ITEM('')
SURFACE()
);
#264=(
BOUNDED_SURFACE()
B_SPLINE_SURFACE(3,1,((#13844,#13845),(#13846,#13847),(#13848,#13849),(#13850,
#13851)),.CYLINDRICAL_SURF.,.F.,.F.,.F.)
B_SPLINE_SURFACE_WITH_KNOTS((4,4),(2,2),(0.,1.),(0.,1.),
 .PIECEWISE_BEZIER_KNOTS.)
GEOMETRIC_REPRESENTATION_ITEM()
RATIONAL_B_SPLINE_SURFACE(((1.,1.),(0.70805558523493,0.70805558523493),
(0.70805558523493,0.70805558523493),(1.,1.)))
REPRESENTATION_ITEM('')
SURFACE()
);
#265=(
BOUNDED_SURFACE()
B_SPLINE_SURFACE(3,1,((#13936,#13937),(#13938,#13939),(#13940,#13941),(#13942,
#13943)),.CYLINDRICAL_SURF.,.F.,.F.,.F.)
B_SPLINE_SURFACE_WITH_KNOTS((4,4),(2,2),(0.,1.),(0.,1.),
 .PIECEWISE_BEZIER_KNOTS.)
GEOMETRIC_REPRESENTATION_ITEM()
RATIONAL_B_SPLINE_SURFACE(((1.,1.),(0.708055585234754,0.708055585234754),
(0.708055585234754,0.708055585234754),(1.,1.)))
REPRESENTATION_ITEM('')
SURFACE()
);
#266=(
BOUNDED_SURFACE()
B_SPLINE_SURFACE(3,1,((#13983,#13984),(#13985,#13986),(#13987,#13988),(#13989,
#13990)),.CYLINDRICAL_SURF.,.F.,.F.,.F.)
B_SPLINE_SURFACE_WITH_KNOTS((4,4),(2,2),(0.,1.),(0.,1.),
 .PIECEWISE_BEZIER_KNOTS.)
GEOMETRIC_REPRESENTATION_ITEM()
RATIONAL_B_SPLINE_SURFACE(((1.,1.),(0.799392797415046,0.799392797415046),
(0.799392797415046,0.799392797415046),(1.,1.)))
REPRESENTATION_ITEM('')
SURFACE()
);
#267=(
BOUNDED_SURFACE()
B_SPLINE_SURFACE(3,1,((#13991,#13992),(#13993,#13994),(#13995,#13996),(#13997,
#13998)),.CYLINDRICAL_SURF.,.F.,.F.,.F.)
B_SPLINE_SURFACE_WITH_KNOTS((4,4),(2,2),(0.,1.),(0.,1.),
 .PIECEWISE_BEZIER_KNOTS.)
GEOMETRIC_REPRESENTATION_ITEM()
RATIONAL_B_SPLINE_SURFACE(((1.,1.),(0.76407548451082,0.76407548451082),
(0.76407548451082,0.76407548451082),(1.,1.)))
REPRESENTATION_ITEM('')
SURFACE()
);
#268=(
BOUNDED_SURFACE()
B_SPLINE_SURFACE(3,1,((#14029,#14030),(#14031,#14032),(#14033,#14034),(#14035,
#14036)),.CYLINDRICAL_SURF.,.F.,.F.,.F.)
B_SPLINE_SURFACE_WITH_KNOTS((4,4),(2,2),(0.,1.),(0.,1.),
 .PIECEWISE_BEZIER_KNOTS.)
GEOMETRIC_REPRESENTATION_ITEM()
RATIONAL_B_SPLINE_SURFACE(((1.,1.),(0.799392797415046,0.799392797415046),
(0.799392797415046,0.799392797415046),(1.,1.)))
REPRESENTATION_ITEM('')
SURFACE()
);
#269=(
BOUNDED_SURFACE()
B_SPLINE_SURFACE(3,1,((#14037,#14038),(#14039,#14040),(#14041,#14042),(#14043,
#14044)),.CYLINDRICAL_SURF.,.F.,.F.,.F.)
B_SPLINE_SURFACE_WITH_KNOTS((4,4),(2,2),(0.,1.),(0.,1.),
 .PIECEWISE_BEZIER_KNOTS.)
GEOMETRIC_REPRESENTATION_ITEM()
RATIONAL_B_SPLINE_SURFACE(((1.,1.),(0.76407548451082,0.76407548451082),
(0.76407548451082,0.76407548451082),(1.,1.)))
REPRESENTATION_ITEM('')
SURFACE()
);
#270=(
BOUNDED_SURFACE()
B_SPLINE_SURFACE(3,1,((#14075,#14076),(#14077,#14078),(#14079,#14080),(#14081,
#14082)),.CYLINDRICAL_SURF.,.F.,.F.,.F.)
B_SPLINE_SURFACE_WITH_KNOTS((4,4),(2,2),(0.,1.),(0.,1.),
 .PIECEWISE_BEZIER_KNOTS.)
GEOMETRIC_REPRESENTATION_ITEM()
RATIONAL_B_SPLINE_SURFACE(((1.,1.),(0.799392797415046,0.799392797415046),
(0.799392797415046,0.799392797415046),(1.,1.)))
REPRESENTATION_ITEM('')
SURFACE()
);
#271=(
BOUNDED_SURFACE()
B_SPLINE_SURFACE(3,1,((#14083,#14084),(#14085,#14086),(#14087,#14088),(#14089,
#14090)),.CYLINDRICAL_SURF.,.F.,.F.,.F.)
B_SPLINE_SURFACE_WITH_KNOTS((4,4),(2,2),(0.,1.),(0.,1.),
 .PIECEWISE_BEZIER_KNOTS.)
GEOMETRIC_REPRESENTATION_ITEM()
RATIONAL_B_SPLINE_SURFACE(((1.,1.),(0.76407548451082,0.76407548451082),
(0.76407548451082,0.76407548451082),(1.,1.)))
REPRESENTATION_ITEM('')
SURFACE()
);
#272=(
BOUNDED_SURFACE()
B_SPLINE_SURFACE(3,1,((#14121,#14122),(#14123,#14124),(#14125,#14126),(#14127,
#14128)),.CYLINDRICAL_SURF.,.F.,.F.,.F.)
B_SPLINE_SURFACE_WITH_KNOTS((4,4),(2,2),(0.,1.),(0.,1.),
 .PIECEWISE_BEZIER_KNOTS.)
GEOMETRIC_REPRESENTATION_ITEM()
RATIONAL_B_SPLINE_SURFACE(((1.,1.),(0.799392797415046,0.799392797415046),
(0.799392797415046,0.799392797415046),(1.,1.)))
REPRESENTATION_ITEM('')
SURFACE()
);
#273=(
BOUNDED_SURFACE()
B_SPLINE_SURFACE(3,1,((#14129,#14130),(#14131,#14132),(#14133,#14134),(#14135,
#14136)),.CYLINDRICAL_SURF.,.F.,.F.,.F.)
B_SPLINE_SURFACE_WITH_KNOTS((4,4),(2,2),(0.,1.),(0.,1.),
 .PIECEWISE_BEZIER_KNOTS.)
GEOMETRIC_REPRESENTATION_ITEM()
RATIONAL_B_SPLINE_SURFACE(((1.,1.),(0.76407548451082,0.76407548451082),
(0.76407548451082,0.76407548451082),(1.,1.)))
REPRESENTATION_ITEM('')
SURFACE()
);
#274=(
BOUNDED_SURFACE()
B_SPLINE_SURFACE(3,1,((#14151,#14152),(#14153,#14154),(#14155,#14156),(#14157,
#14158)),.CYLINDRICAL_SURF.,.F.,.F.,.F.)
B_SPLINE_SURFACE_WITH_KNOTS((4,4),(2,2),(0.,1.),(0.,1.),
 .PIECEWISE_BEZIER_KNOTS.)
GEOMETRIC_REPRESENTATION_ITEM()
RATIONAL_B_SPLINE_SURFACE(((1.,1.),(0.708055585234905,0.708055585234905),
(0.708055585234905,0.708055585234905),(1.,1.)))
REPRESENTATION_ITEM('')
SURFACE()
);
#275=(
BOUNDED_SURFACE()
B_SPLINE_SURFACE(1,3,((#14297,#14298,#14299,#14300,#14301,#14302,#14303),
(#14304,#14305,#14306,#14307,#14308,#14309,#14310)),.CONICAL_SURF.,.F.,
 .F.,.F.)
B_SPLINE_SURFACE_WITH_KNOTS((2,2),(4,3,4),(0.00329038414799281,0.0691266950590939),
(0.066129414253251,0.5,0.939077032774924),.PIECEWISE_BEZIER_KNOTS.)
GEOMETRIC_REPRESENTATION_ITEM()
RATIONAL_B_SPLINE_SURFACE(((0.922839644321541,0.77981181567943,0.805531934238916,
1.,0.803198317450135,0.779218832538485,0.928061545265049),(0.922839644321541,
0.77981181567943,0.805531934238916,1.,0.803198317450135,0.779218832538485,
0.928061545265049)))
REPRESENTATION_ITEM('')
SURFACE()
);
#276=(
BOUNDED_SURFACE()
B_SPLINE_SURFACE(3,1,((#14354,#14355),(#14356,#14357),(#14358,#14359),(#14360,
#14361)),.CYLINDRICAL_SURF.,.F.,.F.,.F.)
B_SPLINE_SURFACE_WITH_KNOTS((4,4),(2,2),(0.,1.),(0.,1.),
 .PIECEWISE_BEZIER_KNOTS.)
GEOMETRIC_REPRESENTATION_ITEM()
RATIONAL_B_SPLINE_SURFACE(((1.,1.),(0.905973264620397,0.905973264620397),
(0.905973264620397,0.905973264620397),(1.,1.)))
REPRESENTATION_ITEM('')
SURFACE()
);
#277=(
BOUNDED_SURFACE()
B_SPLINE_SURFACE(3,1,((#14368,#14369),(#14370,#14371),(#14372,#14373),(#14374,
#14375)),.CYLINDRICAL_SURF.,.F.,.F.,.F.)
B_SPLINE_SURFACE_WITH_KNOTS((4,4),(2,2),(0.,1.),(0.,1.),
 .PIECEWISE_BEZIER_KNOTS.)
GEOMETRIC_REPRESENTATION_ITEM()
RATIONAL_B_SPLINE_SURFACE(((1.,1.),(0.741018026790429,0.741018026790429),
(0.741018026790429,0.741018026790429),(1.,1.)))
REPRESENTATION_ITEM('')
SURFACE()
);
#278=(
BOUNDED_SURFACE()
B_SPLINE_SURFACE(3,1,((#14381,#14382),(#14383,#14384),(#14385,#14386),(#14387,
#14388)),.CYLINDRICAL_SURF.,.F.,.F.,.F.)
B_SPLINE_SURFACE_WITH_KNOTS((4,4),(2,2),(0.,1.),(0.,1.),
 .PIECEWISE_BEZIER_KNOTS.)
GEOMETRIC_REPRESENTATION_ITEM()
RATIONAL_B_SPLINE_SURFACE(((1.,1.),(0.905973264620476,0.905973264620476),
(0.905973264620476,0.905973264620476),(1.,1.)))
REPRESENTATION_ITEM('')
SURFACE()
);
#279=(
BOUNDED_SURFACE()
B_SPLINE_SURFACE(3,1,((#14396,#14397),(#14398,#14399),(#14400,#14401),(#14402,
#14403)),.CYLINDRICAL_SURF.,.F.,.F.,.F.)
B_SPLINE_SURFACE_WITH_KNOTS((4,4),(2,2),(0.,1.),(0.,1.),
 .PIECEWISE_BEZIER_KNOTS.)
GEOMETRIC_REPRESENTATION_ITEM()
RATIONAL_B_SPLINE_SURFACE(((1.,1.),(0.741018026789299,0.741018026789299),
(0.741018026789299,0.741018026789299),(1.,1.)))
REPRESENTATION_ITEM('')
SURFACE()
);
#280=(
BOUNDED_SURFACE()
B_SPLINE_SURFACE(3,1,((#14414,#14415),(#14416,#14417),(#14418,#14419),(#14420,
#14421)),.CYLINDRICAL_SURF.,.F.,.F.,.F.)
B_SPLINE_SURFACE_WITH_KNOTS((4,4),(2,2),(0.,1.),(0.,1.),
 .PIECEWISE_BEZIER_KNOTS.)
GEOMETRIC_REPRESENTATION_ITEM()
RATIONAL_B_SPLINE_SURFACE(((1.,1.),(0.708055585234754,0.708055585234754),
(0.708055585234754,0.708055585234754),(1.,1.)))
REPRESENTATION_ITEM('')
SURFACE()
);
#281=(
BOUNDED_SURFACE()
B_SPLINE_SURFACE(3,1,((#14463,#14464),(#14465,#14466),(#14467,#14468),(#14469,
#14470)),.CYLINDRICAL_SURF.,.F.,.F.,.F.)
B_SPLINE_SURFACE_WITH_KNOTS((4,4),(2,2),(0.,1.),(0.,1.),
 .PIECEWISE_BEZIER_KNOTS.)
GEOMETRIC_REPRESENTATION_ITEM()
RATIONAL_B_SPLINE_SURFACE(((1.,1.),(0.708055585234754,0.708055585234754),
(0.708055585234754,0.708055585234754),(1.,1.)))
REPRESENTATION_ITEM('')
SURFACE()
);
#282=(
BOUNDED_SURFACE()
B_SPLINE_SURFACE(3,1,((#14481,#14482),(#14483,#14484),(#14485,#14486),(#14487,
#14488)),.CYLINDRICAL_SURF.,.F.,.F.,.F.)
B_SPLINE_SURFACE_WITH_KNOTS((4,4),(2,2),(0.,1.),(0.,1.),
 .PIECEWISE_BEZIER_KNOTS.)
GEOMETRIC_REPRESENTATION_ITEM()
RATIONAL_B_SPLINE_SURFACE(((1.,1.),(0.905973264620475,0.905973264620475),
(0.905973264620475,0.905973264620475),(1.,1.)))
REPRESENTATION_ITEM('')
SURFACE()
);
#283=(
BOUNDED_SURFACE()
B_SPLINE_SURFACE(1,3,((#14519,#14520,#14521,#14522,#14523,#14524,#14525),
(#14526,#14527,#14528,#14529,#14530,#14531,#14532)),.CONICAL_SURF.,.F.,
 .F.,.F.)
B_SPLINE_SURFACE_WITH_KNOTS((2,2),(4,3,4),(0.00329038406343796,0.0691266949801879),
(0.0661294086269539,0.5,0.939077032539832),.PIECEWISE_BEZIER_KNOTS.)
GEOMETRIC_REPRESENTATION_ITEM()
RATIONAL_B_SPLINE_SURFACE(((0.922839650715514,0.779811817380189,0.805531933808351,
1.,0.803198319671838,0.77921883493836,0.928061545799566),(0.922839650715514,
0.779811817380189,0.805531933808351,1.,0.803198319671838,0.77921883493836,
0.928061545799566)))
REPRESENTATION_ITEM('')
SURFACE()
);
#284=(
BOUNDED_SURFACE()
B_SPLINE_SURFACE(3,1,((#14556,#14557),(#14558,#14559),(#14560,#14561),(#14562,
#14563)),.CYLINDRICAL_SURF.,.F.,.F.,.F.)
B_SPLINE_SURFACE_WITH_KNOTS((4,4),(2,2),(0.,1.),(0.,1.),
 .PIECEWISE_BEZIER_KNOTS.)
GEOMETRIC_REPRESENTATION_ITEM()
RATIONAL_B_SPLINE_SURFACE(((1.,1.),(0.741018026790371,0.741018026790371),
(0.741018026790371,0.741018026790371),(1.,1.)))
REPRESENTATION_ITEM('')
SURFACE()
);
#285=(
BOUNDED_SURFACE()
B_SPLINE_SURFACE(3,1,((#14574,#14575),(#14576,#14577),(#14578,#14579),(#14580,
#14581)),.CYLINDRICAL_SURF.,.F.,.F.,.F.)
B_SPLINE_SURFACE_WITH_KNOTS((4,4),(2,2),(0.,1.),(0.,1.),
 .PIECEWISE_BEZIER_KNOTS.)
GEOMETRIC_REPRESENTATION_ITEM()
RATIONAL_B_SPLINE_SURFACE(((1.,1.),(0.905973264620411,0.905973264620411),
(0.905973264620411,0.905973264620411),(1.,1.)))
REPRESENTATION_ITEM('')
SURFACE()
);
#286=(
BOUNDED_SURFACE()
B_SPLINE_SURFACE(3,1,((#14602,#14603),(#14604,#14605),(#14606,#14607),(#14608,
#14609)),.CYLINDRICAL_SURF.,.F.,.F.,.F.)
B_SPLINE_SURFACE_WITH_KNOTS((4,4),(2,2),(0.,1.),(0.,1.),
 .PIECEWISE_BEZIER_KNOTS.)
GEOMETRIC_REPRESENTATION_ITEM()
RATIONAL_B_SPLINE_SURFACE(((1.,1.),(0.741018026789307,0.741018026789307),
(0.741018026789307,0.741018026789307),(1.,1.)))
REPRESENTATION_ITEM('')
SURFACE()
);
#287=(
BOUNDED_SURFACE()
B_SPLINE_SURFACE(3,1,((#14763,#14764),(#14765,#14766),(#14767,#14768),(#14769,
#14770)),.CYLINDRICAL_SURF.,.F.,.F.,.F.)
B_SPLINE_SURFACE_WITH_KNOTS((4,4),(2,2),(0.,1.),(0.,1.),
 .PIECEWISE_BEZIER_KNOTS.)
GEOMETRIC_REPRESENTATION_ITEM()
RATIONAL_B_SPLINE_SURFACE(((1.,1.),(0.772354968554668,0.772354968554668),
(0.772354968554668,0.772354968554668),(1.,1.)))
REPRESENTATION_ITEM('')
SURFACE()
);
#288=(
BOUNDED_SURFACE()
B_SPLINE_SURFACE(3,1,((#14787,#14788),(#14789,#14790),(#14791,#14792),(#14793,
#14794)),.CYLINDRICAL_SURF.,.F.,.F.,.F.)
B_SPLINE_SURFACE_WITH_KNOTS((4,4),(2,2),(0.,1.),(0.,1.),
 .PIECEWISE_BEZIER_KNOTS.)
GEOMETRIC_REPRESENTATION_ITEM()
RATIONAL_B_SPLINE_SURFACE(((1.,1.),(0.833972436896158,0.833972436896158),
(0.833972436896158,0.833972436896158),(1.,1.)))
REPRESENTATION_ITEM('')
SURFACE()
);
#289=(
BOUNDED_SURFACE()
B_SPLINE_SURFACE(3,1,((#14821,#14822),(#14823,#14824),(#14825,#14826),(#14827,
#14828)),.CYLINDRICAL_SURF.,.F.,.F.,.F.)
B_SPLINE_SURFACE_WITH_KNOTS((4,4),(2,2),(0.,1.),(0.,1.),
 .PIECEWISE_BEZIER_KNOTS.)
GEOMETRIC_REPRESENTATION_ITEM()
RATIONAL_B_SPLINE_SURFACE(((1.,1.),(0.772354968554668,0.772354968554668),
(0.772354968554668,0.772354968554668),(1.,1.)))
REPRESENTATION_ITEM('')
SURFACE()
);
#290=(
BOUNDED_SURFACE()
B_SPLINE_SURFACE(3,1,((#14845,#14846),(#14847,#14848),(#14849,#14850),(#14851,
#14852)),.CYLINDRICAL_SURF.,.F.,.F.,.F.)
B_SPLINE_SURFACE_WITH_KNOTS((4,4),(2,2),(0.,1.),(0.,1.),
 .PIECEWISE_BEZIER_KNOTS.)
GEOMETRIC_REPRESENTATION_ITEM()
RATIONAL_B_SPLINE_SURFACE(((1.,1.),(0.833972436896158,0.833972436896158),
(0.833972436896158,0.833972436896158),(1.,1.)))
REPRESENTATION_ITEM('')
SURFACE()
);
#291=(
BOUNDED_SURFACE()
B_SPLINE_SURFACE(3,1,((#14879,#14880),(#14881,#14882),(#14883,#14884),(#14885,
#14886)),.CYLINDRICAL_SURF.,.F.,.F.,.F.)
B_SPLINE_SURFACE_WITH_KNOTS((4,4),(2,2),(0.,1.),(0.,1.),
 .PIECEWISE_BEZIER_KNOTS.)
GEOMETRIC_REPRESENTATION_ITEM()
RATIONAL_B_SPLINE_SURFACE(((1.,1.),(0.833972436896158,0.833972436896158),
(0.833972436896158,0.833972436896158),(1.,1.)))
REPRESENTATION_ITEM('')
SURFACE()
);
#292=(
BOUNDED_SURFACE()
B_SPLINE_SURFACE(3,1,((#14903,#14904),(#14905,#14906),(#14907,#14908),(#14909,
#14910)),.CYLINDRICAL_SURF.,.F.,.F.,.F.)
B_SPLINE_SURFACE_WITH_KNOTS((4,4),(2,2),(0.,1.),(0.,1.),
 .PIECEWISE_BEZIER_KNOTS.)
GEOMETRIC_REPRESENTATION_ITEM()
RATIONAL_B_SPLINE_SURFACE(((1.,1.),(0.772354968554668,0.772354968554668),
(0.772354968554668,0.772354968554668),(1.,1.)))
REPRESENTATION_ITEM('')
SURFACE()
);
#293=(
BOUNDED_SURFACE()
B_SPLINE_SURFACE(3,1,((#14937,#14938),(#14939,#14940),(#14941,#14942),(#14943,
#14944)),.CYLINDRICAL_SURF.,.F.,.F.,.F.)
B_SPLINE_SURFACE_WITH_KNOTS((4,4),(2,2),(0.,1.),(0.,1.),
 .PIECEWISE_BEZIER_KNOTS.)
GEOMETRIC_REPRESENTATION_ITEM()
RATIONAL_B_SPLINE_SURFACE(((1.,1.),(0.833972436896158,0.833972436896158),
(0.833972436896158,0.833972436896158),(1.,1.)))
REPRESENTATION_ITEM('')
SURFACE()
);
#294=(
BOUNDED_SURFACE()
B_SPLINE_SURFACE(3,1,((#14961,#14962),(#14963,#14964),(#14965,#14966),(#14967,
#14968)),.CYLINDRICAL_SURF.,.F.,.F.,.F.)
B_SPLINE_SURFACE_WITH_KNOTS((4,4),(2,2),(0.,1.),(0.,1.),
 .PIECEWISE_BEZIER_KNOTS.)
GEOMETRIC_REPRESENTATION_ITEM()
RATIONAL_B_SPLINE_SURFACE(((1.,1.),(0.772354968554668,0.772354968554668),
(0.772354968554668,0.772354968554668),(1.,1.)))
REPRESENTATION_ITEM('')
SURFACE()
);
#295=(
BOUNDED_SURFACE()
B_SPLINE_SURFACE(3,1,((#14995,#14996),(#14997,#14998),(#14999,#15000),(#15001,
#15002)),.CYLINDRICAL_SURF.,.F.,.F.,.F.)
B_SPLINE_SURFACE_WITH_KNOTS((4,4),(2,2),(0.,1.),(0.,1.),
 .PIECEWISE_BEZIER_KNOTS.)
GEOMETRIC_REPRESENTATION_ITEM()
RATIONAL_B_SPLINE_SURFACE(((1.,1.),(0.708055585234754,0.708055585234754),
(0.708055585234754,0.708055585234754),(1.,1.)))
REPRESENTATION_ITEM('')
SURFACE()
);
#296=(
BOUNDED_SURFACE()
B_SPLINE_SURFACE(3,1,((#15003,#15004),(#15005,#15006),(#15007,#15008),(#15009,
#15010)),.CYLINDRICAL_SURF.,.F.,.F.,.F.)
B_SPLINE_SURFACE_WITH_KNOTS((4,4),(2,2),(0.,1.),(0.,1.),
 .PIECEWISE_BEZIER_KNOTS.)
GEOMETRIC_REPRESENTATION_ITEM()
RATIONAL_B_SPLINE_SURFACE(((1.,1.),(0.708055585234754,0.708055585234754),
(0.708055585234754,0.708055585234754),(1.,1.)))
REPRESENTATION_ITEM('')
SURFACE()
);
#297=(
BOUNDED_SURFACE()
B_SPLINE_SURFACE(3,1,((#15011,#15012),(#15013,#15014),(#15015,#15016),(#15017,
#15018)),.CYLINDRICAL_SURF.,.F.,.F.,.F.)
B_SPLINE_SURFACE_WITH_KNOTS((4,4),(2,2),(0.,1.),(0.,1.),
 .PIECEWISE_BEZIER_KNOTS.)
GEOMETRIC_REPRESENTATION_ITEM()
RATIONAL_B_SPLINE_SURFACE(((1.,1.),(0.708055585234745,0.708055585234745),
(0.708055585234745,0.708055585234745),(1.,1.)))
REPRESENTATION_ITEM('')
SURFACE()
);
#298=(
BOUNDED_SURFACE()
B_SPLINE_SURFACE(3,1,((#15019,#15020),(#15021,#15022),(#15023,#15024),(#15025,
#15026)),.CYLINDRICAL_SURF.,.F.,.F.,.F.)
B_SPLINE_SURFACE_WITH_KNOTS((4,4),(2,2),(0.,1.),(0.,1.),
 .PIECEWISE_BEZIER_KNOTS.)
GEOMETRIC_REPRESENTATION_ITEM()
RATIONAL_B_SPLINE_SURFACE(((1.,1.),(0.708055585234753,0.708055585234753),
(0.708055585234753,0.708055585234753),(1.,1.)))
REPRESENTATION_ITEM('')
SURFACE()
);
#299=(
BOUNDED_SURFACE()
B_SPLINE_SURFACE(3,1,((#15031,#15032),(#15033,#15034),(#15035,#15036),(#15037,
#15038)),.CYLINDRICAL_SURF.,.F.,.F.,.F.)
B_SPLINE_SURFACE_WITH_KNOTS((4,4),(2,2),(0.,1.),(0.,1.),
 .PIECEWISE_BEZIER_KNOTS.)
GEOMETRIC_REPRESENTATION_ITEM()
RATIONAL_B_SPLINE_SURFACE(((1.,1.),(0.708055585234751,0.708055585234751),
(0.708055585234751,0.708055585234751),(1.,1.)))
REPRESENTATION_ITEM('')
SURFACE()
);
#300=(
BOUNDED_SURFACE()
B_SPLINE_SURFACE(3,1,((#15039,#15040),(#15041,#15042),(#15043,#15044),(#15045,
#15046)),.CYLINDRICAL_SURF.,.F.,.F.,.F.)
B_SPLINE_SURFACE_WITH_KNOTS((4,4),(2,2),(0.,1.),(0.,1.),
 .PIECEWISE_BEZIER_KNOTS.)
GEOMETRIC_REPRESENTATION_ITEM()
RATIONAL_B_SPLINE_SURFACE(((1.,1.),(0.708055585234754,0.708055585234754),
(0.708055585234754,0.708055585234754),(1.,1.)))
REPRESENTATION_ITEM('')
SURFACE()
);
#301=(
BOUNDED_SURFACE()
B_SPLINE_SURFACE(3,1,((#15114,#15115),(#15116,#15117),(#15118,#15119),(#15120,
#15121)),.CYLINDRICAL_SURF.,.F.,.F.,.F.)
B_SPLINE_SURFACE_WITH_KNOTS((4,4),(2,2),(0.,1.),(0.,1.),
 .PIECEWISE_BEZIER_KNOTS.)
GEOMETRIC_REPRESENTATION_ITEM()
RATIONAL_B_SPLINE_SURFACE(((1.,1.),(0.708055585234753,0.708055585234753),
(0.708055585234753,0.708055585234753),(1.,1.)))
REPRESENTATION_ITEM('')
SURFACE()
);
#302=(
BOUNDED_SURFACE()
B_SPLINE_SURFACE(3,1,((#15128,#15129),(#15130,#15131),(#15132,#15133),(#15134,
#15135)),.CYLINDRICAL_SURF.,.F.,.F.,.F.)
B_SPLINE_SURFACE_WITH_KNOTS((4,4),(2,2),(0.,1.),(0.,1.),
 .PIECEWISE_BEZIER_KNOTS.)
GEOMETRIC_REPRESENTATION_ITEM()
RATIONAL_B_SPLINE_SURFACE(((1.,1.),(0.708055585234754,0.708055585234754),
(0.708055585234754,0.708055585234754),(1.,1.)))
REPRESENTATION_ITEM('')
SURFACE()
);
#303=(
BOUNDED_SURFACE()
B_SPLINE_SURFACE(3,1,((#15142,#15143),(#15144,#15145),(#15146,#15147),(#15148,
#15149)),.CYLINDRICAL_SURF.,.F.,.F.,.F.)
B_SPLINE_SURFACE_WITH_KNOTS((4,4),(2,2),(0.,1.),(0.,1.),
 .PIECEWISE_BEZIER_KNOTS.)
GEOMETRIC_REPRESENTATION_ITEM()
RATIONAL_B_SPLINE_SURFACE(((1.,1.),(0.708055585234754,0.708055585234754),
(0.708055585234754,0.708055585234754),(1.,1.)))
REPRESENTATION_ITEM('')
SURFACE()
);
#304=(
BOUNDED_SURFACE()
B_SPLINE_SURFACE(3,1,((#15155,#15156),(#15157,#15158),(#15159,#15160),(#15161,
#15162)),.CYLINDRICAL_SURF.,.F.,.F.,.F.)
B_SPLINE_SURFACE_WITH_KNOTS((4,4),(2,2),(0.,1.),(0.,1.),
 .PIECEWISE_BEZIER_KNOTS.)
GEOMETRIC_REPRESENTATION_ITEM()
RATIONAL_B_SPLINE_SURFACE(((1.,1.),(0.708055585234745,0.708055585234745),
(0.708055585234745,0.708055585234745),(1.,1.)))
REPRESENTATION_ITEM('')
SURFACE()
);
#305=(
BOUNDED_SURFACE()
B_SPLINE_SURFACE(3,1,((#15214,#15215),(#15216,#15217),(#15218,#15219),(#15220,
#15221)),.CYLINDRICAL_SURF.,.F.,.F.,.F.)
B_SPLINE_SURFACE_WITH_KNOTS((4,4),(2,2),(0.,1.),(0.,1.),
 .PIECEWISE_BEZIER_KNOTS.)
GEOMETRIC_REPRESENTATION_ITEM()
RATIONAL_B_SPLINE_SURFACE(((1.,1.),(0.58238144346457,0.58238144346457),
(0.58238144346457,0.58238144346457),(1.,1.)))
REPRESENTATION_ITEM('')
SURFACE()
);
#306=(
BOUNDED_SURFACE()
B_SPLINE_SURFACE(3,1,((#15256,#15257),(#15258,#15259),(#15260,#15261),(#15262,
#15263)),.CYLINDRICAL_SURF.,.F.,.F.,.F.)
B_SPLINE_SURFACE_WITH_KNOTS((4,4),(2,2),(0.,1.),(0.,1.),
 .PIECEWISE_BEZIER_KNOTS.)
GEOMETRIC_REPRESENTATION_ITEM()
RATIONAL_B_SPLINE_SURFACE(((1.,1.),(0.582381443464568,0.582381443464568),
(0.582381443464568,0.582381443464568),(1.,1.)))
REPRESENTATION_ITEM('')
SURFACE()
);
#307=CIRCLE('',#9544,0.0003);
#308=CIRCLE('',#9545,0.0003);
#309=CIRCLE('',#9546,0.0003);
#310=CIRCLE('',#9547,0.0003);
#311=CIRCLE('',#9548,0.000302);
#312=CIRCLE('',#9549,0.00062);
#313=CIRCLE('',#9550,0.00062);
#314=CIRCLE('',#9551,0.000302);
#315=CIRCLE('',#9552,0.0009035677236805);
#316=CIRCLE('',#9553,0.00025);
#317=CIRCLE('',#9554,0.00025);
#318=CIRCLE('',#9555,0.0009035677236805);
#319=CIRCLE('',#9556,0.0009035677236805);
#320=CIRCLE('',#9557,0.00025);
#321=CIRCLE('',#9558,0.00025);
#322=CIRCLE('',#9559,0.0009035677236805);
#323=CIRCLE('',#9562,0.00025);
#324=CIRCLE('',#9563,0.00025);
#325=CIRCLE('',#9564,0.0009035677236805);
#326=CIRCLE('',#9565,0.0009035677236805);
#327=CIRCLE('',#9566,0.00025);
#328=CIRCLE('',#9567,0.00025);
#329=CIRCLE('',#9568,0.0009035677236805);
#330=CIRCLE('',#9569,0.0009035677236805);
#331=CIRCLE('',#9596,0.000638);
#332=CIRCLE('',#9597,0.00032);
#333=CIRCLE('',#9598,0.00025);
#334=CIRCLE('',#9599,0.00013);
#335=CIRCLE('',#9600,0.00013);
#336=CIRCLE('',#9601,0.00025);
#337=CIRCLE('',#9602,0.00025);
#338=CIRCLE('',#9603,0.00025);
#339=CIRCLE('',#9604,0.00013);
#340=CIRCLE('',#9605,0.00013);
#341=CIRCLE('',#9606,0.00013);
#342=CIRCLE('',#9607,0.00013);
#343=CIRCLE('',#9608,0.000638);
#344=CIRCLE('',#9609,0.00032);
#345=CIRCLE('',#9610,0.0009035677236805);
#346=CIRCLE('',#9611,0.00025);
#347=CIRCLE('',#9612,0.00025);
#348=CIRCLE('',#9613,0.0009035677236805);
#349=CIRCLE('',#9614,0.00025);
#350=CIRCLE('',#9615,0.0009035677236805);
#351=CIRCLE('',#9616,0.0009035677236805);
#352=CIRCLE('',#9617,0.00025);
#353=CIRCLE('',#9618,0.0009035677236805);
#354=CIRCLE('',#9619,0.0009035677236805);
#355=CIRCLE('',#9620,0.00025);
#356=CIRCLE('',#9621,0.0009035677236805);
#357=CIRCLE('',#9622,0.0009035677236805);
#358=CIRCLE('',#9623,0.00025);
#359=CIRCLE('',#9624,0.00025);
#360=CIRCLE('',#9625,0.00025);
#361=CIRCLE('',#9658,0.000302);
#362=CIRCLE('',#9659,0.000302);
#363=CIRCLE('',#9660,0.00062);
#364=CIRCLE('',#9661,0.0003);
#365=CIRCLE('',#9662,0.0003);
#366=CIRCLE('',#9663,0.0003);
#367=CIRCLE('',#9664,0.0003);
#368=CIRCLE('',#9665,0.00062);
#369=CIRCLE('',#9666,0.000638);
#370=CIRCLE('',#9667,0.00032);
#371=CIRCLE('',#9668,0.000302);
#372=CIRCLE('',#9669,0.000302);
#373=CIRCLE('',#9670,0.000638);
#374=CIRCLE('',#9671,0.00032);
#375=CIRCLE('',#9672,0.00025);
#376=CIRCLE('',#9673,0.00013);
#377=CIRCLE('',#9674,0.00013);
#378=CIRCLE('',#9675,0.00025);
#379=CIRCLE('',#9676,0.00025);
#380=CIRCLE('',#9677,0.00025);
#381=CIRCLE('',#9678,0.00013);
#382=CIRCLE('',#9679,0.00013);
#383=CIRCLE('',#9680,0.00013);
#384=CIRCLE('',#9681,0.00013);
#385=CIRCLE('',#9682,0.00013);
#386=CIRCLE('',#9683,0.00013);
#387=CIRCLE('',#9684,0.00013);
#388=CIRCLE('',#9685,0.00013);
#389=CIRCLE('',#9686,0.00025);
#390=CIRCLE('',#9687,0.00013);
#391=CIRCLE('',#9688,0.00013);
#392=CIRCLE('',#9689,0.00025);
#393=CIRCLE('',#9690,0.00025);
#394=CIRCLE('',#9691,0.00025);
#395=CIRCLE('',#9696,0.00062);
#396=CIRCLE('',#9697,0.00062);
#397=CIRCLE('',#9698,0.0003);
#398=CIRCLE('',#9699,0.0003);
#399=CIRCLE('',#9700,0.0003);
#400=CIRCLE('',#9701,0.0003);
#401=CIRCLE('',#9702,0.00032);
#402=CIRCLE('',#9703,0.00032);
#403=CIRCLE('',#9704,0.00032);
#404=CIRCLE('',#9705,0.00032);
#405=CIRCLE('',#9706,8.E-5);
#406=CIRCLE('',#9707,0.00064);
#407=CIRCLE('',#9708,0.00064);
#408=CIRCLE('',#9709,8.E-5);
#409=CIRCLE('',#9710,8.E-5);
#410=CIRCLE('',#9711,0.00013);
#411=CIRCLE('',#9712,0.00013);
#412=CIRCLE('',#9713,0.00025);
#413=CIRCLE('',#9714,0.00025);
#414=CIRCLE('',#9715,0.00013);
#415=CIRCLE('',#9716,0.00013);
#416=CIRCLE('',#9717,0.00025);
#417=CIRCLE('',#9718,0.00025);
#418=CIRCLE('',#9723,0.00062);
#419=CIRCLE('',#9724,0.00062);
#420=CIRCLE('',#9725,0.000302);
#421=CIRCLE('',#9726,0.000302);
#422=CIRCLE('',#9727,0.0003);
#423=CIRCLE('',#9728,0.0003);
#424=CIRCLE('',#9729,0.0003);
#425=CIRCLE('',#9730,0.0003);
#426=CIRCLE('',#9737,8.E-5);
#427=CIRCLE('',#9738,8.E-5);
#428=CIRCLE('',#9739,0.001019);
#429=CIRCLE('',#9740,0.00127);
#430=CIRCLE('',#9741,0.00127);
#431=CIRCLE('',#9742,0.001019);
#432=CIRCLE('',#9743,0.001019);
#433=CIRCLE('',#9744,0.00127);
#434=CIRCLE('',#9745,0.00127);
#435=CIRCLE('',#9746,0.001019);
#436=CIRCLE('',#9747,0.001019);
#437=CIRCLE('',#9748,0.00127);
#438=CIRCLE('',#9749,0.00127);
#439=CIRCLE('',#9750,0.001019);
#440=CIRCLE('',#9751,0.001019);
#441=CIRCLE('',#9752,0.00127);
#442=CIRCLE('',#9753,0.00127);
#443=CIRCLE('',#9754,0.001019);
#444=CIRCLE('',#9755,8.E-5);
#445=CIRCLE('',#9756,0.000638);
#446=CIRCLE('',#9757,0.000638);
#447=CIRCLE('',#9758,0.000638);
#448=CIRCLE('',#9759,0.000638);
#449=CIRCLE('',#9767,0.000638);
#450=CIRCLE('',#9768,0.000638);
#451=CIRCLE('',#9769,0.000638);
#452=CIRCLE('',#9770,0.000638);
#453=CIRCLE('',#9778,0.000501);
#454=CIRCLE('',#9779,0.000501);
#455=CIRCLE('',#9780,0.00025);
#456=CIRCLE('',#9781,0.00025);
#457=CIRCLE('',#9782,0.000501);
#458=CIRCLE('',#9783,0.000501);
#459=CIRCLE('',#9784,0.00025);
#460=CIRCLE('',#9785,0.00025);
#461=CIRCLE('',#9786,0.00025);
#462=CIRCLE('',#9787,0.00025);
#463=CIRCLE('',#9788,0.000501);
#464=CIRCLE('',#9789,0.000501);
#465=CIRCLE('',#9790,0.00025);
#466=CIRCLE('',#9791,0.00025);
#467=CIRCLE('',#9792,0.000501);
#468=CIRCLE('',#9793,0.000501);
#469=CIRCLE('',#9794,0.00013);
#470=CIRCLE('',#9795,0.00013);
#471=CIRCLE('',#9796,0.00013);
#472=CIRCLE('',#9797,0.00013);
#473=OPEN_SHELL('',(#6716,#6717,#6718,#6719,#6720,#6721,#6722,#6723,#6724,
#6725,#6726,#6727,#6728,#6729,#6730,#6731,#6732,#6733,#6734,#6735,#6736,
#6737,#6738,#6739,#6740,#6741,#6742,#6743,#6744,#6745,#6746,#6747,#6748,
#6749,#6750,#6751,#6752,#6753,#6754,#6755,#6756,#6757,#6758,#6759,#6760,
#6761,#6762,#6763,#6764,#6765,#6766,#6767,#6768,#6769,#6770,#6771,#6772,
#6773,#6774,#6775,#6776,#6777,#6778,#6779,#6780,#6781,#6782,#6783,#6784,
#6785,#6786,#6787,#6788,#6789,#6790,#6791,#6792,#6793,#6794,#6795,#6796,
#6797,#6798,#6799,#6800,#6801,#6802,#6803,#6804,#6805,#6806,#6807,#6808,
#6809,#6810,#6811,#6812,#6813,#6814,#6815,#6816,#6817,#6818,#6819,#6820,
#6821,#6822,#6823,#6824,#6825,#6826,#6827,#6828,#6829,#6830,#6831,#6832,
#6833,#6834,#6835,#6836,#6837,#6838,#6839,#6840,#6841,#6842,#6843,#6844,
#6845,#6846,#6847,#6848,#6849,#6850,#6851,#6852,#6853,#6854,#6855,#6856,
#6857,#6858,#6859,#6860,#6861,#6862,#6863,#6864,#6865,#6866,#6867,#6868,
#6869,#6870,#6871,#6872,#6873,#6874,#6875,#6876,#6877,#6878,#6879,#6880,
#6881,#6882,#6883,#6884,#6885,#6886,#6887,#6888,#6889,#6890,#6891,#6892,
#6893,#6894,#6895,#6896,#6897,#6898,#6899,#6900,#6901,#6902,#6903,#6904,
#6905,#6906,#6907,#6908,#6909,#6910,#6911,#6912,#6913,#6914,#6915,#6916,
#6917,#6918,#6919,#6920,#6921,#6922,#6923,#6924,#6925,#6926,#6927,#6928,
#6929,#6930,#6931,#6932,#6933,#6934,#6935,#6936,#6937,#6938,#6939,#6940,
#6941,#6942,#6943,#6944,#6945,#6946,#6947,#6948,#6949,#6950,#6951,#6952,
#6953,#6954,#6955,#6956,#6957,#6958,#6959,#6960,#6961,#6962,#6963,#6964,
#6965,#6966,#6967,#6968,#6969,#6970,#6971,#6972,#6973,#6974,#6975,#6976,
#6977,#6978,#6979,#6980,#6981,#6982,#6983,#6984,#6985,#6986,#6987,#6988,
#6989,#6990,#6991,#6992,#6993,#6994,#6995,#6996,#6997,#6998,#6999,#7000,
#7001,#7002,#7003,#7004,#7005,#7006,#7007,#7008,#7009,#7010,#7011,#7012,
#7013,#7014,#7015,#7016,#7017,#7018,#7019,#7020,#7021,#7022,#7023,#7024,
#7025,#7026,#7027,#7028,#7029,#7030,#7031,#7032,#7033,#7034,#7035,#7036,
#7037,#7038,#7039,#7040,#7041,#7042,#7043,#7044,#7045,#7046,#7047,#7048,
#7049,#7050,#7051,#7052,#7053,#7054,#7055,#7056,#7057,#7058,#7059,#7060));
#474=OPEN_SHELL('',(#7061));
#475=OPEN_SHELL('',(#7062));
#476=OPEN_SHELL('',(#7063));
#477=OPEN_SHELL('',(#7064));
#478=OPEN_SHELL('',(#7065));
#479=OPEN_SHELL('',(#7066));
#480=OPEN_SHELL('',(#7067));
#481=SHELL_BASED_SURFACE_MODEL($,(#473));
#482=SHELL_BASED_SURFACE_MODEL($,(#474));
#483=SHELL_BASED_SURFACE_MODEL($,(#475));
#484=SHELL_BASED_SURFACE_MODEL($,(#476));
#485=SHELL_BASED_SURFACE_MODEL($,(#477));
#486=SHELL_BASED_SURFACE_MODEL($,(#478));
#487=SHELL_BASED_SURFACE_MODEL($,(#479));
#488=SHELL_BASED_SURFACE_MODEL($,(#480));
#489=SHAPE_REPRESENTATION_RELATIONSHIP('','',#9533,#498);
#490=SHAPE_REPRESENTATION_RELATIONSHIP('','',#9534,#10);
#491=SHAPE_REPRESENTATION_RELATIONSHIP('','',#9535,#11);
#492=SHAPE_REPRESENTATION_RELATIONSHIP('','',#9536,#12);
#493=SHAPE_REPRESENTATION_RELATIONSHIP('','',#9537,#13);
#494=SHAPE_REPRESENTATION_RELATIONSHIP('','',#9538,#14);
#495=SHAPE_REPRESENTATION_RELATIONSHIP('','',#9539,#15);
#496=SHAPE_REPRESENTATION_RELATIONSHIP('','',#9540,#16);
#497=SHAPE_REPRESENTATION_RELATIONSHIP('','',#9541,#17);
#498=ADVANCED_BREP_SHAPE_REPRESENTATION('',(#9523),#15319);
#499=ORIENTED_EDGE('',*,*,#2497,.F.);
#500=ORIENTED_EDGE('',*,*,#2498,.T.);
#501=ORIENTED_EDGE('',*,*,#2499,.T.);
#502=ORIENTED_EDGE('',*,*,#2500,.F.);
#503=ORIENTED_EDGE('',*,*,#2501,.F.);
#504=ORIENTED_EDGE('',*,*,#2500,.T.);
#505=ORIENTED_EDGE('',*,*,#2502,.T.);
#506=ORIENTED_EDGE('',*,*,#2503,.F.);
#507=ORIENTED_EDGE('',*,*,#2504,.F.);
#508=ORIENTED_EDGE('',*,*,#2503,.T.);
#509=ORIENTED_EDGE('',*,*,#2505,.T.);
#510=ORIENTED_EDGE('',*,*,#2506,.F.);
#511=ORIENTED_EDGE('',*,*,#2507,.F.);
#512=ORIENTED_EDGE('',*,*,#2506,.T.);
#513=ORIENTED_EDGE('',*,*,#2508,.T.);
#514=ORIENTED_EDGE('',*,*,#2509,.F.);
#515=ORIENTED_EDGE('',*,*,#2510,.F.);
#516=ORIENTED_EDGE('',*,*,#2509,.T.);
#517=ORIENTED_EDGE('',*,*,#2511,.T.);
#518=ORIENTED_EDGE('',*,*,#2512,.F.);
#519=ORIENTED_EDGE('',*,*,#2513,.F.);
#520=ORIENTED_EDGE('',*,*,#2512,.T.);
#521=ORIENTED_EDGE('',*,*,#2514,.T.);
#522=ORIENTED_EDGE('',*,*,#2515,.F.);
#523=ORIENTED_EDGE('',*,*,#2516,.F.);
#524=ORIENTED_EDGE('',*,*,#2515,.T.);
#525=ORIENTED_EDGE('',*,*,#2517,.T.);
#526=ORIENTED_EDGE('',*,*,#2498,.F.);
#527=ORIENTED_EDGE('',*,*,#2499,.F.);
#528=ORIENTED_EDGE('',*,*,#2517,.F.);
#529=ORIENTED_EDGE('',*,*,#2514,.F.);
#530=ORIENTED_EDGE('',*,*,#2511,.F.);
#531=ORIENTED_EDGE('',*,*,#2508,.F.);
#532=ORIENTED_EDGE('',*,*,#2505,.F.);
#533=ORIENTED_EDGE('',*,*,#2502,.F.);
#534=ORIENTED_EDGE('',*,*,#2516,.T.);
#535=ORIENTED_EDGE('',*,*,#2497,.T.);
#536=ORIENTED_EDGE('',*,*,#2501,.T.);
#537=ORIENTED_EDGE('',*,*,#2504,.T.);
#538=ORIENTED_EDGE('',*,*,#2507,.T.);
#539=ORIENTED_EDGE('',*,*,#2510,.T.);
#540=ORIENTED_EDGE('',*,*,#2513,.T.);
#541=ORIENTED_EDGE('',*,*,#2518,.F.);
#542=ORIENTED_EDGE('',*,*,#2519,.T.);
#543=ORIENTED_EDGE('',*,*,#2520,.T.);
#544=ORIENTED_EDGE('',*,*,#2521,.T.);
#545=ORIENTED_EDGE('',*,*,#2522,.F.);
#546=ORIENTED_EDGE('',*,*,#2523,.T.);
#547=ORIENTED_EDGE('',*,*,#2524,.F.);
#548=ORIENTED_EDGE('',*,*,#2523,.F.);
#549=ORIENTED_EDGE('',*,*,#2525,.T.);
#550=ORIENTED_EDGE('',*,*,#2526,.F.);
#551=ORIENTED_EDGE('',*,*,#2527,.F.);
#552=ORIENTED_EDGE('',*,*,#2528,.F.);
#553=ORIENTED_EDGE('',*,*,#2529,.T.);
#554=ORIENTED_EDGE('',*,*,#2530,.T.);
#555=ORIENTED_EDGE('',*,*,#2531,.T.);
#556=ORIENTED_EDGE('',*,*,#2526,.T.);
#557=ORIENTED_EDGE('',*,*,#2531,.F.);
#558=ORIENTED_EDGE('',*,*,#2532,.T.);
#559=ORIENTED_EDGE('',*,*,#2518,.T.);
#560=ORIENTED_EDGE('',*,*,#2524,.T.);
#561=ORIENTED_EDGE('',*,*,#2532,.F.);
#562=ORIENTED_EDGE('',*,*,#2530,.F.);
#563=ORIENTED_EDGE('',*,*,#2533,.T.);
#564=ORIENTED_EDGE('',*,*,#2519,.F.);
#565=ORIENTED_EDGE('',*,*,#2529,.F.);
#566=ORIENTED_EDGE('',*,*,#2534,.T.);
#567=ORIENTED_EDGE('',*,*,#2535,.T.);
#568=ORIENTED_EDGE('',*,*,#2536,.F.);
#569=ORIENTED_EDGE('',*,*,#2520,.F.);
#570=ORIENTED_EDGE('',*,*,#2533,.F.);
#571=ORIENTED_EDGE('',*,*,#2521,.F.);
#572=ORIENTED_EDGE('',*,*,#2536,.T.);
#573=ORIENTED_EDGE('',*,*,#2537,.T.);
#574=ORIENTED_EDGE('',*,*,#2538,.F.);
#575=ORIENTED_EDGE('',*,*,#2539,.T.);
#576=ORIENTED_EDGE('',*,*,#2540,.F.);
#577=ORIENTED_EDGE('',*,*,#2522,.T.);
#578=ORIENTED_EDGE('',*,*,#2540,.T.);
#579=ORIENTED_EDGE('',*,*,#2541,.T.);
#580=ORIENTED_EDGE('',*,*,#2542,.F.);
#581=ORIENTED_EDGE('',*,*,#2527,.T.);
#582=ORIENTED_EDGE('',*,*,#2525,.F.);
#583=ORIENTED_EDGE('',*,*,#2543,.T.);
#584=ORIENTED_EDGE('',*,*,#2534,.F.);
#585=ORIENTED_EDGE('',*,*,#2528,.T.);
#586=ORIENTED_EDGE('',*,*,#2542,.T.);
#587=ORIENTED_EDGE('',*,*,#2544,.T.);
#588=ORIENTED_EDGE('',*,*,#2545,.F.);
#589=ORIENTED_EDGE('',*,*,#2546,.T.);
#590=ORIENTED_EDGE('',*,*,#2547,.F.);
#591=ORIENTED_EDGE('',*,*,#2548,.F.);
#592=ORIENTED_EDGE('',*,*,#2549,.F.);
#593=ORIENTED_EDGE('',*,*,#2550,.T.);
#594=ORIENTED_EDGE('',*,*,#2545,.T.);
#595=ORIENTED_EDGE('',*,*,#2551,.F.);
#596=ORIENTED_EDGE('',*,*,#2552,.T.);
#597=ORIENTED_EDGE('',*,*,#2553,.T.);
#598=ORIENTED_EDGE('',*,*,#2554,.T.);
#599=ORIENTED_EDGE('',*,*,#2555,.T.);
#600=ORIENTED_EDGE('',*,*,#2556,.T.);
#601=ORIENTED_EDGE('',*,*,#2557,.F.);
#602=ORIENTED_EDGE('',*,*,#2558,.F.);
#603=ORIENTED_EDGE('',*,*,#2559,.T.);
#604=ORIENTED_EDGE('',*,*,#2560,.T.);
#605=ORIENTED_EDGE('',*,*,#2561,.T.);
#606=ORIENTED_EDGE('',*,*,#2562,.T.);
#607=ORIENTED_EDGE('',*,*,#2563,.T.);
#608=ORIENTED_EDGE('',*,*,#2564,.F.);
#609=ORIENTED_EDGE('',*,*,#2565,.T.);
#610=ORIENTED_EDGE('',*,*,#2566,.F.);
#611=ORIENTED_EDGE('',*,*,#2563,.F.);
#612=ORIENTED_EDGE('',*,*,#2567,.T.);
#613=ORIENTED_EDGE('',*,*,#2567,.F.);
#614=ORIENTED_EDGE('',*,*,#2562,.F.);
#615=ORIENTED_EDGE('',*,*,#2568,.F.);
#616=ORIENTED_EDGE('',*,*,#2569,.F.);
#617=ORIENTED_EDGE('',*,*,#2570,.F.);
#618=ORIENTED_EDGE('',*,*,#2571,.F.);
#619=ORIENTED_EDGE('',*,*,#2572,.F.);
#620=ORIENTED_EDGE('',*,*,#2573,.F.);
#621=ORIENTED_EDGE('',*,*,#2574,.T.);
#622=ORIENTED_EDGE('',*,*,#2575,.F.);
#623=ORIENTED_EDGE('',*,*,#2576,.F.);
#624=ORIENTED_EDGE('',*,*,#2538,.T.);
#625=ORIENTED_EDGE('',*,*,#2577,.T.);
#626=ORIENTED_EDGE('',*,*,#2578,.F.);
#627=ORIENTED_EDGE('',*,*,#2579,.T.);
#628=ORIENTED_EDGE('',*,*,#2580,.T.);
#629=ORIENTED_EDGE('',*,*,#2581,.F.);
#630=ORIENTED_EDGE('',*,*,#2582,.T.);
#631=ORIENTED_EDGE('',*,*,#2583,.T.);
#632=ORIENTED_EDGE('',*,*,#2584,.T.);
#633=ORIENTED_EDGE('',*,*,#2585,.F.);
#634=ORIENTED_EDGE('',*,*,#2586,.T.);
#635=ORIENTED_EDGE('',*,*,#2587,.T.);
#636=ORIENTED_EDGE('',*,*,#2565,.F.);
#637=ORIENTED_EDGE('',*,*,#2571,.T.);
#638=ORIENTED_EDGE('',*,*,#2588,.T.);
#639=ORIENTED_EDGE('',*,*,#2570,.T.);
#640=ORIENTED_EDGE('',*,*,#2589,.F.);
#641=ORIENTED_EDGE('',*,*,#2590,.F.);
#642=ORIENTED_EDGE('',*,*,#2591,.T.);
#643=ORIENTED_EDGE('',*,*,#2592,.T.);
#644=ORIENTED_EDGE('',*,*,#2588,.F.);
#645=ORIENTED_EDGE('',*,*,#2560,.F.);
#646=ORIENTED_EDGE('',*,*,#2593,.F.);
#647=ORIENTED_EDGE('',*,*,#2584,.F.);
#648=ORIENTED_EDGE('',*,*,#2592,.F.);
#649=ORIENTED_EDGE('',*,*,#2594,.F.);
#650=ORIENTED_EDGE('',*,*,#2595,.F.);
#651=ORIENTED_EDGE('',*,*,#2596,.T.);
#652=ORIENTED_EDGE('',*,*,#2597,.T.);
#653=ORIENTED_EDGE('',*,*,#2568,.T.);
#654=ORIENTED_EDGE('',*,*,#2561,.F.);
#655=ORIENTED_EDGE('',*,*,#2595,.T.);
#656=ORIENTED_EDGE('',*,*,#2598,.F.);
#657=ORIENTED_EDGE('',*,*,#2596,.F.);
#658=ORIENTED_EDGE('',*,*,#2599,.T.);
#659=ORIENTED_EDGE('',*,*,#2600,.T.);
#660=ORIENTED_EDGE('',*,*,#2601,.F.);
#661=ORIENTED_EDGE('',*,*,#2600,.F.);
#662=ORIENTED_EDGE('',*,*,#2602,.F.);
#663=ORIENTED_EDGE('',*,*,#2603,.T.);
#664=ORIENTED_EDGE('',*,*,#2604,.T.);
#665=ORIENTED_EDGE('',*,*,#2605,.F.);
#666=ORIENTED_EDGE('',*,*,#2603,.F.);
#667=ORIENTED_EDGE('',*,*,#2606,.T.);
#668=ORIENTED_EDGE('',*,*,#2607,.T.);
#669=ORIENTED_EDGE('',*,*,#2608,.T.);
#670=ORIENTED_EDGE('',*,*,#2609,.T.);
#671=ORIENTED_EDGE('',*,*,#2610,.F.);
#672=ORIENTED_EDGE('',*,*,#2607,.F.);
#673=ORIENTED_EDGE('',*,*,#2611,.T.);
#674=ORIENTED_EDGE('',*,*,#2612,.F.);
#675=ORIENTED_EDGE('',*,*,#2613,.F.);
#676=ORIENTED_EDGE('',*,*,#2612,.T.);
#677=ORIENTED_EDGE('',*,*,#2614,.T.);
#678=ORIENTED_EDGE('',*,*,#2615,.T.);
#679=ORIENTED_EDGE('',*,*,#2616,.F.);
#680=ORIENTED_EDGE('',*,*,#2617,.T.);
#681=ORIENTED_EDGE('',*,*,#2618,.F.);
#682=ORIENTED_EDGE('',*,*,#2617,.F.);
#683=ORIENTED_EDGE('',*,*,#2619,.T.);
#684=ORIENTED_EDGE('',*,*,#2609,.F.);
#685=ORIENTED_EDGE('',*,*,#2608,.F.);
#686=ORIENTED_EDGE('',*,*,#2610,.T.);
#687=ORIENTED_EDGE('',*,*,#2613,.T.);
#688=ORIENTED_EDGE('',*,*,#2618,.T.);
#689=ORIENTED_EDGE('',*,*,#2559,.F.);
#690=ORIENTED_EDGE('',*,*,#2620,.T.);
#691=ORIENTED_EDGE('',*,*,#2585,.T.);
#692=ORIENTED_EDGE('',*,*,#2593,.T.);
#693=ORIENTED_EDGE('',*,*,#2620,.F.);
#694=ORIENTED_EDGE('',*,*,#2558,.T.);
#695=ORIENTED_EDGE('',*,*,#2564,.T.);
#696=ORIENTED_EDGE('',*,*,#2566,.T.);
#697=ORIENTED_EDGE('',*,*,#2587,.F.);
#698=ORIENTED_EDGE('',*,*,#2586,.F.);
#699=ORIENTED_EDGE('',*,*,#2621,.F.);
#700=ORIENTED_EDGE('',*,*,#2622,.F.);
#701=ORIENTED_EDGE('',*,*,#2590,.T.);
#702=ORIENTED_EDGE('',*,*,#2623,.T.);
#703=ORIENTED_EDGE('',*,*,#2552,.F.);
#704=ORIENTED_EDGE('',*,*,#2624,.T.);
#705=ORIENTED_EDGE('',*,*,#2578,.T.);
#706=ORIENTED_EDGE('',*,*,#2625,.T.);
#707=ORIENTED_EDGE('',*,*,#2553,.F.);
#708=ORIENTED_EDGE('',*,*,#2625,.F.);
#709=ORIENTED_EDGE('',*,*,#2577,.F.);
#710=ORIENTED_EDGE('',*,*,#2626,.F.);
#711=ORIENTED_EDGE('',*,*,#2627,.F.);
#712=ORIENTED_EDGE('',*,*,#2628,.F.);
#713=ORIENTED_EDGE('',*,*,#2628,.T.);
#714=ORIENTED_EDGE('',*,*,#2629,.F.);
#715=ORIENTED_EDGE('',*,*,#2630,.F.);
#716=ORIENTED_EDGE('',*,*,#2631,.T.);
#717=ORIENTED_EDGE('',*,*,#2632,.T.);
#718=ORIENTED_EDGE('',*,*,#2554,.F.);
#719=ORIENTED_EDGE('',*,*,#2633,.F.);
#720=ORIENTED_EDGE('',*,*,#2555,.F.);
#721=ORIENTED_EDGE('',*,*,#2632,.F.);
#722=ORIENTED_EDGE('',*,*,#2634,.F.);
#723=ORIENTED_EDGE('',*,*,#2635,.F.);
#724=ORIENTED_EDGE('',*,*,#2582,.F.);
#725=ORIENTED_EDGE('',*,*,#2636,.T.);
#726=ORIENTED_EDGE('',*,*,#2637,.T.);
#727=ORIENTED_EDGE('',*,*,#2626,.T.);
#728=ORIENTED_EDGE('',*,*,#2583,.F.);
#729=ORIENTED_EDGE('',*,*,#2635,.T.);
#730=ORIENTED_EDGE('',*,*,#2638,.F.);
#731=ORIENTED_EDGE('',*,*,#2639,.T.);
#732=ORIENTED_EDGE('',*,*,#2640,.F.);
#733=ORIENTED_EDGE('',*,*,#2636,.F.);
#734=ORIENTED_EDGE('',*,*,#2641,.T.);
#735=ORIENTED_EDGE('',*,*,#2581,.T.);
#736=ORIENTED_EDGE('',*,*,#2642,.F.);
#737=ORIENTED_EDGE('',*,*,#2556,.F.);
#738=ORIENTED_EDGE('',*,*,#2633,.T.);
#739=ORIENTED_EDGE('',*,*,#2624,.F.);
#740=ORIENTED_EDGE('',*,*,#2551,.T.);
#741=ORIENTED_EDGE('',*,*,#2557,.T.);
#742=ORIENTED_EDGE('',*,*,#2642,.T.);
#743=ORIENTED_EDGE('',*,*,#2580,.F.);
#744=ORIENTED_EDGE('',*,*,#2579,.F.);
#745=ORIENTED_EDGE('',*,*,#2630,.T.);
#746=ORIENTED_EDGE('',*,*,#2643,.T.);
#747=ORIENTED_EDGE('',*,*,#2644,.F.);
#748=ORIENTED_EDGE('',*,*,#2645,.F.);
#749=ORIENTED_EDGE('',*,*,#2644,.T.);
#750=ORIENTED_EDGE('',*,*,#2646,.F.);
#751=ORIENTED_EDGE('',*,*,#2647,.F.);
#752=ORIENTED_EDGE('',*,*,#2648,.T.);
#753=ORIENTED_EDGE('',*,*,#2649,.F.);
#754=ORIENTED_EDGE('',*,*,#2647,.T.);
#755=ORIENTED_EDGE('',*,*,#2650,.T.);
#756=ORIENTED_EDGE('',*,*,#2651,.T.);
#757=ORIENTED_EDGE('',*,*,#2652,.F.);
#758=ORIENTED_EDGE('',*,*,#2653,.T.);
#759=ORIENTED_EDGE('',*,*,#2654,.F.);
#760=ORIENTED_EDGE('',*,*,#2655,.F.);
#761=ORIENTED_EDGE('',*,*,#2656,.T.);
#762=ORIENTED_EDGE('',*,*,#2653,.F.);
#763=ORIENTED_EDGE('',*,*,#2652,.T.);
#764=ORIENTED_EDGE('',*,*,#2657,.T.);
#765=ORIENTED_EDGE('',*,*,#2658,.F.);
#766=ORIENTED_EDGE('',*,*,#2654,.T.);
#767=ORIENTED_EDGE('',*,*,#2658,.T.);
#768=ORIENTED_EDGE('',*,*,#2659,.T.);
#769=ORIENTED_EDGE('',*,*,#2660,.T.);
#770=ORIENTED_EDGE('',*,*,#2661,.F.);
#771=ORIENTED_EDGE('',*,*,#2662,.F.);
#772=ORIENTED_EDGE('',*,*,#2655,.T.);
#773=ORIENTED_EDGE('',*,*,#2657,.F.);
#774=ORIENTED_EDGE('',*,*,#2651,.F.);
#775=ORIENTED_EDGE('',*,*,#2663,.T.);
#776=ORIENTED_EDGE('',*,*,#2659,.F.);
#777=ORIENTED_EDGE('',*,*,#2664,.T.);
#778=ORIENTED_EDGE('',*,*,#2665,.T.);
#779=ORIENTED_EDGE('',*,*,#2546,.F.);
#780=ORIENTED_EDGE('',*,*,#2666,.F.);
#781=ORIENTED_EDGE('',*,*,#2576,.T.);
#782=ORIENTED_EDGE('',*,*,#2667,.T.);
#783=ORIENTED_EDGE('',*,*,#2668,.F.);
#784=ORIENTED_EDGE('',*,*,#2669,.F.);
#785=ORIENTED_EDGE('',*,*,#2670,.T.);
#786=ORIENTED_EDGE('',*,*,#2671,.T.);
#787=ORIENTED_EDGE('',*,*,#2664,.F.);
#788=ORIENTED_EDGE('',*,*,#2672,.T.);
#789=ORIENTED_EDGE('',*,*,#2673,.F.);
#790=ORIENTED_EDGE('',*,*,#2674,.T.);
#791=ORIENTED_EDGE('',*,*,#2675,.T.);
#792=ORIENTED_EDGE('',*,*,#2676,.F.);
#793=ORIENTED_EDGE('',*,*,#2677,.F.);
#794=ORIENTED_EDGE('',*,*,#2678,.T.);
#795=ORIENTED_EDGE('',*,*,#2679,.F.);
#796=ORIENTED_EDGE('',*,*,#2680,.F.);
#797=ORIENTED_EDGE('',*,*,#2681,.F.);
#798=ORIENTED_EDGE('',*,*,#2682,.F.);
#799=ORIENTED_EDGE('',*,*,#2683,.F.);
#800=ORIENTED_EDGE('',*,*,#2684,.F.);
#801=ORIENTED_EDGE('',*,*,#2685,.F.);
#802=ORIENTED_EDGE('',*,*,#2686,.T.);
#803=ORIENTED_EDGE('',*,*,#2687,.T.);
#804=ORIENTED_EDGE('',*,*,#2688,.T.);
#805=ORIENTED_EDGE('',*,*,#2689,.F.);
#806=ORIENTED_EDGE('',*,*,#2690,.F.);
#807=ORIENTED_EDGE('',*,*,#2691,.F.);
#808=ORIENTED_EDGE('',*,*,#2692,.F.);
#809=ORIENTED_EDGE('',*,*,#2693,.F.);
#810=ORIENTED_EDGE('',*,*,#2694,.F.);
#811=ORIENTED_EDGE('',*,*,#2695,.F.);
#812=ORIENTED_EDGE('',*,*,#2696,.F.);
#813=ORIENTED_EDGE('',*,*,#2697,.F.);
#814=ORIENTED_EDGE('',*,*,#2698,.T.);
#815=ORIENTED_EDGE('',*,*,#2699,.T.);
#816=ORIENTED_EDGE('',*,*,#2673,.T.);
#817=ORIENTED_EDGE('',*,*,#2700,.F.);
#818=ORIENTED_EDGE('',*,*,#2701,.F.);
#819=ORIENTED_EDGE('',*,*,#2702,.T.);
#820=ORIENTED_EDGE('',*,*,#2703,.F.);
#821=ORIENTED_EDGE('',*,*,#2704,.F.);
#822=ORIENTED_EDGE('',*,*,#2703,.T.);
#823=ORIENTED_EDGE('',*,*,#2705,.F.);
#824=ORIENTED_EDGE('',*,*,#2706,.F.);
#825=ORIENTED_EDGE('',*,*,#2707,.F.);
#826=ORIENTED_EDGE('',*,*,#2708,.T.);
#827=ORIENTED_EDGE('',*,*,#2709,.T.);
#828=ORIENTED_EDGE('',*,*,#2710,.F.);
#829=ORIENTED_EDGE('',*,*,#2711,.F.);
#830=ORIENTED_EDGE('',*,*,#2712,.T.);
#831=ORIENTED_EDGE('',*,*,#2713,.T.);
#832=ORIENTED_EDGE('',*,*,#2714,.T.);
#833=ORIENTED_EDGE('',*,*,#2715,.F.);
#834=ORIENTED_EDGE('',*,*,#2716,.F.);
#835=ORIENTED_EDGE('',*,*,#2717,.T.);
#836=ORIENTED_EDGE('',*,*,#2718,.F.);
#837=ORIENTED_EDGE('',*,*,#2719,.F.);
#838=ORIENTED_EDGE('',*,*,#2720,.F.);
#839=ORIENTED_EDGE('',*,*,#2721,.F.);
#840=ORIENTED_EDGE('',*,*,#2722,.T.);
#841=ORIENTED_EDGE('',*,*,#2723,.T.);
#842=ORIENTED_EDGE('',*,*,#2724,.F.);
#843=ORIENTED_EDGE('',*,*,#2725,.F.);
#844=ORIENTED_EDGE('',*,*,#2718,.T.);
#845=ORIENTED_EDGE('',*,*,#2726,.T.);
#846=ORIENTED_EDGE('',*,*,#2725,.T.);
#847=ORIENTED_EDGE('',*,*,#2727,.F.);
#848=ORIENTED_EDGE('',*,*,#2728,.F.);
#849=ORIENTED_EDGE('',*,*,#2729,.F.);
#850=ORIENTED_EDGE('',*,*,#2720,.T.);
#851=ORIENTED_EDGE('',*,*,#2719,.T.);
#852=ORIENTED_EDGE('',*,*,#2721,.T.);
#853=ORIENTED_EDGE('',*,*,#2729,.T.);
#854=ORIENTED_EDGE('',*,*,#2730,.F.);
#855=ORIENTED_EDGE('',*,*,#2731,.T.);
#856=ORIENTED_EDGE('',*,*,#2732,.F.);
#857=ORIENTED_EDGE('',*,*,#2733,.F.);
#858=ORIENTED_EDGE('',*,*,#2734,.F.);
#859=ORIENTED_EDGE('',*,*,#2735,.F.);
#860=ORIENTED_EDGE('',*,*,#2698,.F.);
#861=ORIENTED_EDGE('',*,*,#2736,.T.);
#862=ORIENTED_EDGE('',*,*,#2737,.T.);
#863=ORIENTED_EDGE('',*,*,#2738,.T.);
#864=ORIENTED_EDGE('',*,*,#2739,.T.);
#865=ORIENTED_EDGE('',*,*,#2740,.T.);
#866=ORIENTED_EDGE('',*,*,#2741,.T.);
#867=ORIENTED_EDGE('',*,*,#2742,.T.);
#868=ORIENTED_EDGE('',*,*,#2743,.T.);
#869=ORIENTED_EDGE('',*,*,#2728,.T.);
#870=ORIENTED_EDGE('',*,*,#2727,.T.);
#871=ORIENTED_EDGE('',*,*,#2724,.T.);
#872=ORIENTED_EDGE('',*,*,#2744,.T.);
#873=ORIENTED_EDGE('',*,*,#2745,.T.);
#874=ORIENTED_EDGE('',*,*,#2746,.T.);
#875=ORIENTED_EDGE('',*,*,#2730,.T.);
#876=ORIENTED_EDGE('',*,*,#2726,.F.);
#877=ORIENTED_EDGE('',*,*,#2717,.F.);
#878=ORIENTED_EDGE('',*,*,#2747,.F.);
#879=ORIENTED_EDGE('',*,*,#2748,.F.);
#880=ORIENTED_EDGE('',*,*,#2749,.F.);
#881=ORIENTED_EDGE('',*,*,#2744,.F.);
#882=ORIENTED_EDGE('',*,*,#2750,.T.);
#883=ORIENTED_EDGE('',*,*,#2751,.F.);
#884=ORIENTED_EDGE('',*,*,#2752,.T.);
#885=ORIENTED_EDGE('',*,*,#2753,.T.);
#886=ORIENTED_EDGE('',*,*,#2747,.T.);
#887=ORIENTED_EDGE('',*,*,#2723,.F.);
#888=ORIENTED_EDGE('',*,*,#2722,.F.);
#889=ORIENTED_EDGE('',*,*,#2731,.F.);
#890=ORIENTED_EDGE('',*,*,#2746,.F.);
#891=ORIENTED_EDGE('',*,*,#2754,.F.);
#892=ORIENTED_EDGE('',*,*,#2755,.F.);
#893=ORIENTED_EDGE('',*,*,#2750,.F.);
#894=ORIENTED_EDGE('',*,*,#2756,.F.);
#895=ORIENTED_EDGE('',*,*,#2757,.T.);
#896=ORIENTED_EDGE('',*,*,#2758,.T.);
#897=ORIENTED_EDGE('',*,*,#2751,.T.);
#898=ORIENTED_EDGE('',*,*,#2755,.T.);
#899=ORIENTED_EDGE('',*,*,#2759,.F.);
#900=ORIENTED_EDGE('',*,*,#2760,.F.);
#901=ORIENTED_EDGE('',*,*,#2761,.T.);
#902=ORIENTED_EDGE('',*,*,#2762,.F.);
#903=ORIENTED_EDGE('',*,*,#2763,.F.);
#904=ORIENTED_EDGE('',*,*,#2764,.F.);
#905=ORIENTED_EDGE('',*,*,#2765,.F.);
#906=ORIENTED_EDGE('',*,*,#2763,.T.);
#907=ORIENTED_EDGE('',*,*,#2766,.F.);
#908=ORIENTED_EDGE('',*,*,#2767,.F.);
#909=ORIENTED_EDGE('',*,*,#2766,.T.);
#910=ORIENTED_EDGE('',*,*,#2762,.T.);
#911=ORIENTED_EDGE('',*,*,#2768,.T.);
#912=ORIENTED_EDGE('',*,*,#2769,.F.);
#913=ORIENTED_EDGE('',*,*,#2770,.T.);
#914=ORIENTED_EDGE('',*,*,#2771,.F.);
#915=ORIENTED_EDGE('',*,*,#2770,.F.);
#916=ORIENTED_EDGE('',*,*,#2772,.T.);
#917=ORIENTED_EDGE('',*,*,#2773,.F.);
#918=ORIENTED_EDGE('',*,*,#2774,.F.);
#919=ORIENTED_EDGE('',*,*,#2775,.F.);
#920=ORIENTED_EDGE('',*,*,#2756,.T.);
#921=ORIENTED_EDGE('',*,*,#2765,.T.);
#922=ORIENTED_EDGE('',*,*,#2776,.T.);
#923=ORIENTED_EDGE('',*,*,#2773,.T.);
#924=ORIENTED_EDGE('',*,*,#2776,.F.);
#925=ORIENTED_EDGE('',*,*,#2764,.T.);
#926=ORIENTED_EDGE('',*,*,#2767,.T.);
#927=ORIENTED_EDGE('',*,*,#2771,.T.);
#928=ORIENTED_EDGE('',*,*,#2777,.F.);
#929=ORIENTED_EDGE('',*,*,#2757,.F.);
#930=ORIENTED_EDGE('',*,*,#2775,.T.);
#931=ORIENTED_EDGE('',*,*,#2778,.F.);
#932=ORIENTED_EDGE('',*,*,#2769,.T.);
#933=ORIENTED_EDGE('',*,*,#2779,.F.);
#934=ORIENTED_EDGE('',*,*,#2780,.T.);
#935=ORIENTED_EDGE('',*,*,#2781,.T.);
#936=ORIENTED_EDGE('',*,*,#2748,.T.);
#937=ORIENTED_EDGE('',*,*,#2753,.F.);
#938=ORIENTED_EDGE('',*,*,#2782,.F.);
#939=ORIENTED_EDGE('',*,*,#2778,.T.);
#940=ORIENTED_EDGE('',*,*,#2774,.T.);
#941=ORIENTED_EDGE('',*,*,#2772,.F.);
#942=ORIENTED_EDGE('',*,*,#2752,.F.);
#943=ORIENTED_EDGE('',*,*,#2758,.F.);
#944=ORIENTED_EDGE('',*,*,#2777,.T.);
#945=ORIENTED_EDGE('',*,*,#2782,.T.);
#946=ORIENTED_EDGE('',*,*,#2783,.F.);
#947=ORIENTED_EDGE('',*,*,#2759,.T.);
#948=ORIENTED_EDGE('',*,*,#2754,.T.);
#949=ORIENTED_EDGE('',*,*,#2745,.F.);
#950=ORIENTED_EDGE('',*,*,#2749,.T.);
#951=ORIENTED_EDGE('',*,*,#2781,.F.);
#952=ORIENTED_EDGE('',*,*,#2784,.F.);
#953=ORIENTED_EDGE('',*,*,#2760,.T.);
#954=ORIENTED_EDGE('',*,*,#2783,.T.);
#955=ORIENTED_EDGE('',*,*,#2780,.F.);
#956=ORIENTED_EDGE('',*,*,#2768,.F.);
#957=ORIENTED_EDGE('',*,*,#2761,.F.);
#958=ORIENTED_EDGE('',*,*,#2784,.T.);
#959=ORIENTED_EDGE('',*,*,#2779,.T.);
#960=ORIENTED_EDGE('',*,*,#2785,.T.);
#961=ORIENTED_EDGE('',*,*,#2786,.T.);
#962=ORIENTED_EDGE('',*,*,#2787,.T.);
#963=ORIENTED_EDGE('',*,*,#2743,.F.);
#964=ORIENTED_EDGE('',*,*,#2788,.T.);
#965=ORIENTED_EDGE('',*,*,#2789,.F.);
#966=ORIENTED_EDGE('',*,*,#2790,.T.);
#967=ORIENTED_EDGE('',*,*,#2791,.F.);
#968=ORIENTED_EDGE('',*,*,#2792,.T.);
#969=ORIENTED_EDGE('',*,*,#2789,.T.);
#970=ORIENTED_EDGE('',*,*,#2793,.T.);
#971=ORIENTED_EDGE('',*,*,#2794,.F.);
#972=ORIENTED_EDGE('',*,*,#2795,.F.);
#973=ORIENTED_EDGE('',*,*,#2796,.T.);
#974=ORIENTED_EDGE('',*,*,#2797,.T.);
#975=ORIENTED_EDGE('',*,*,#2798,.F.);
#976=ORIENTED_EDGE('',*,*,#2799,.F.);
#977=ORIENTED_EDGE('',*,*,#2800,.F.);
#978=ORIENTED_EDGE('',*,*,#2798,.T.);
#979=ORIENTED_EDGE('',*,*,#2801,.F.);
#980=ORIENTED_EDGE('',*,*,#2797,.F.);
#981=ORIENTED_EDGE('',*,*,#2802,.T.);
#982=ORIENTED_EDGE('',*,*,#2803,.T.);
#983=ORIENTED_EDGE('',*,*,#2804,.T.);
#984=ORIENTED_EDGE('',*,*,#2805,.F.);
#985=ORIENTED_EDGE('',*,*,#2801,.T.);
#986=ORIENTED_EDGE('',*,*,#2805,.T.);
#987=ORIENTED_EDGE('',*,*,#2806,.T.);
#988=ORIENTED_EDGE('',*,*,#2807,.F.);
#989=ORIENTED_EDGE('',*,*,#2799,.T.);
#990=ORIENTED_EDGE('',*,*,#2807,.T.);
#991=ORIENTED_EDGE('',*,*,#2808,.T.);
#992=ORIENTED_EDGE('',*,*,#2809,.T.);
#993=ORIENTED_EDGE('',*,*,#2810,.F.);
#994=ORIENTED_EDGE('',*,*,#2790,.F.);
#995=ORIENTED_EDGE('',*,*,#2800,.T.);
#996=ORIENTED_EDGE('',*,*,#2810,.T.);
#997=ORIENTED_EDGE('',*,*,#2811,.F.);
#998=ORIENTED_EDGE('',*,*,#2812,.F.);
#999=ORIENTED_EDGE('',*,*,#2791,.T.);
#1000=ORIENTED_EDGE('',*,*,#2812,.T.);
#1001=ORIENTED_EDGE('',*,*,#2813,.T.);
#1002=ORIENTED_EDGE('',*,*,#2785,.F.);
#1003=ORIENTED_EDGE('',*,*,#2792,.F.);
#1004=ORIENTED_EDGE('',*,*,#2803,.F.);
#1005=ORIENTED_EDGE('',*,*,#2814,.T.);
#1006=ORIENTED_EDGE('',*,*,#2815,.T.);
#1007=ORIENTED_EDGE('',*,*,#2816,.T.);
#1008=ORIENTED_EDGE('',*,*,#2817,.T.);
#1009=ORIENTED_EDGE('',*,*,#2786,.F.);
#1010=ORIENTED_EDGE('',*,*,#2813,.F.);
#1011=ORIENTED_EDGE('',*,*,#2811,.T.);
#1012=ORIENTED_EDGE('',*,*,#2809,.F.);
#1013=ORIENTED_EDGE('',*,*,#2818,.F.);
#1014=ORIENTED_EDGE('',*,*,#2806,.F.);
#1015=ORIENTED_EDGE('',*,*,#2804,.F.);
#1016=ORIENTED_EDGE('',*,*,#2818,.T.);
#1017=ORIENTED_EDGE('',*,*,#2808,.F.);
#1018=ORIENTED_EDGE('',*,*,#2787,.F.);
#1019=ORIENTED_EDGE('',*,*,#2817,.F.);
#1020=ORIENTED_EDGE('',*,*,#2819,.F.);
#1021=ORIENTED_EDGE('',*,*,#2712,.F.);
#1022=ORIENTED_EDGE('',*,*,#2820,.F.);
#1023=ORIENTED_EDGE('',*,*,#2737,.F.);
#1024=ORIENTED_EDGE('',*,*,#2711,.T.);
#1025=ORIENTED_EDGE('',*,*,#2821,.T.);
#1026=ORIENTED_EDGE('',*,*,#2738,.F.);
#1027=ORIENTED_EDGE('',*,*,#2820,.T.);
#1028=ORIENTED_EDGE('',*,*,#2822,.T.);
#1029=ORIENTED_EDGE('',*,*,#2740,.F.);
#1030=ORIENTED_EDGE('',*,*,#2739,.F.);
#1031=ORIENTED_EDGE('',*,*,#2821,.F.);
#1032=ORIENTED_EDGE('',*,*,#2710,.T.);
#1033=ORIENTED_EDGE('',*,*,#2716,.T.);
#1034=ORIENTED_EDGE('',*,*,#2741,.F.);
#1035=ORIENTED_EDGE('',*,*,#2822,.F.);
#1036=ORIENTED_EDGE('',*,*,#2715,.T.);
#1037=ORIENTED_EDGE('',*,*,#2823,.T.);
#1038=ORIENTED_EDGE('',*,*,#2823,.F.);
#1039=ORIENTED_EDGE('',*,*,#2714,.F.);
#1040=ORIENTED_EDGE('',*,*,#2824,.F.);
#1041=ORIENTED_EDGE('',*,*,#2793,.F.);
#1042=ORIENTED_EDGE('',*,*,#2788,.F.);
#1043=ORIENTED_EDGE('',*,*,#2742,.F.);
#1044=ORIENTED_EDGE('',*,*,#2819,.T.);
#1045=ORIENTED_EDGE('',*,*,#2816,.F.);
#1046=ORIENTED_EDGE('',*,*,#2825,.F.);
#1047=ORIENTED_EDGE('',*,*,#2794,.T.);
#1048=ORIENTED_EDGE('',*,*,#2824,.T.);
#1049=ORIENTED_EDGE('',*,*,#2713,.F.);
#1050=ORIENTED_EDGE('',*,*,#2825,.T.);
#1051=ORIENTED_EDGE('',*,*,#2815,.F.);
#1052=ORIENTED_EDGE('',*,*,#2826,.F.);
#1053=ORIENTED_EDGE('',*,*,#2795,.T.);
#1054=ORIENTED_EDGE('',*,*,#2826,.T.);
#1055=ORIENTED_EDGE('',*,*,#2814,.F.);
#1056=ORIENTED_EDGE('',*,*,#2802,.F.);
#1057=ORIENTED_EDGE('',*,*,#2796,.F.);
#1058=ORIENTED_EDGE('',*,*,#2827,.F.);
#1059=ORIENTED_EDGE('',*,*,#2828,.F.);
#1060=ORIENTED_EDGE('',*,*,#2829,.T.);
#1061=ORIENTED_EDGE('',*,*,#2736,.F.);
#1062=ORIENTED_EDGE('',*,*,#2830,.T.);
#1063=ORIENTED_EDGE('',*,*,#2831,.T.);
#1064=ORIENTED_EDGE('',*,*,#2832,.T.);
#1065=ORIENTED_EDGE('',*,*,#2831,.F.);
#1066=ORIENTED_EDGE('',*,*,#2833,.T.);
#1067=ORIENTED_EDGE('',*,*,#2834,.T.);
#1068=ORIENTED_EDGE('',*,*,#2835,.T.);
#1069=ORIENTED_EDGE('',*,*,#2836,.F.);
#1070=ORIENTED_EDGE('',*,*,#2837,.F.);
#1071=ORIENTED_EDGE('',*,*,#2838,.F.);
#1072=ORIENTED_EDGE('',*,*,#2836,.T.);
#1073=ORIENTED_EDGE('',*,*,#2839,.F.);
#1074=ORIENTED_EDGE('',*,*,#2840,.T.);
#1075=ORIENTED_EDGE('',*,*,#2839,.T.);
#1076=ORIENTED_EDGE('',*,*,#2835,.F.);
#1077=ORIENTED_EDGE('',*,*,#2841,.F.);
#1078=ORIENTED_EDGE('',*,*,#2842,.T.);
#1079=ORIENTED_EDGE('',*,*,#2843,.T.);
#1080=ORIENTED_EDGE('',*,*,#2844,.F.);
#1081=ORIENTED_EDGE('',*,*,#2843,.F.);
#1082=ORIENTED_EDGE('',*,*,#2845,.T.);
#1083=ORIENTED_EDGE('',*,*,#2846,.F.);
#1084=ORIENTED_EDGE('',*,*,#2847,.T.);
#1085=ORIENTED_EDGE('',*,*,#2827,.T.);
#1086=ORIENTED_EDGE('',*,*,#2832,.F.);
#1087=ORIENTED_EDGE('',*,*,#2838,.T.);
#1088=ORIENTED_EDGE('',*,*,#2848,.F.);
#1089=ORIENTED_EDGE('',*,*,#2846,.T.);
#1090=ORIENTED_EDGE('',*,*,#2848,.T.);
#1091=ORIENTED_EDGE('',*,*,#2837,.T.);
#1092=ORIENTED_EDGE('',*,*,#2840,.F.);
#1093=ORIENTED_EDGE('',*,*,#2844,.T.);
#1094=ORIENTED_EDGE('',*,*,#2842,.F.);
#1095=ORIENTED_EDGE('',*,*,#2849,.F.);
#1096=ORIENTED_EDGE('',*,*,#2850,.T.);
#1097=ORIENTED_EDGE('',*,*,#2828,.T.);
#1098=ORIENTED_EDGE('',*,*,#2847,.F.);
#1099=ORIENTED_EDGE('',*,*,#2845,.F.);
#1100=ORIENTED_EDGE('',*,*,#2829,.F.);
#1101=ORIENTED_EDGE('',*,*,#2850,.F.);
#1102=ORIENTED_EDGE('',*,*,#2851,.F.);
#1103=ORIENTED_EDGE('',*,*,#2852,.T.);
#1104=ORIENTED_EDGE('',*,*,#2853,.F.);
#1105=ORIENTED_EDGE('',*,*,#2854,.T.);
#1106=ORIENTED_EDGE('',*,*,#2732,.T.);
#1107=ORIENTED_EDGE('',*,*,#2852,.F.);
#1108=ORIENTED_EDGE('',*,*,#2708,.F.);
#1109=ORIENTED_EDGE('',*,*,#2855,.T.);
#1110=ORIENTED_EDGE('',*,*,#2856,.T.);
#1111=ORIENTED_EDGE('',*,*,#2857,.F.);
#1112=ORIENTED_EDGE('',*,*,#2858,.F.);
#1113=ORIENTED_EDGE('',*,*,#2859,.F.);
#1114=ORIENTED_EDGE('',*,*,#2860,.F.);
#1115=ORIENTED_EDGE('',*,*,#2857,.T.);
#1116=ORIENTED_EDGE('',*,*,#2860,.T.);
#1117=ORIENTED_EDGE('',*,*,#2861,.F.);
#1118=ORIENTED_EDGE('',*,*,#2862,.T.);
#1119=ORIENTED_EDGE('',*,*,#2863,.T.);
#1120=ORIENTED_EDGE('',*,*,#2864,.T.);
#1121=ORIENTED_EDGE('',*,*,#2865,.F.);
#1122=ORIENTED_EDGE('',*,*,#2550,.F.);
#1123=ORIENTED_EDGE('',*,*,#2866,.T.);
#1124=ORIENTED_EDGE('',*,*,#2867,.F.);
#1125=ORIENTED_EDGE('',*,*,#2868,.F.);
#1126=ORIENTED_EDGE('',*,*,#2869,.T.);
#1127=ORIENTED_EDGE('',*,*,#2870,.T.);
#1128=ORIENTED_EDGE('',*,*,#2572,.T.);
#1129=ORIENTED_EDGE('',*,*,#2871,.F.);
#1130=ORIENTED_EDGE('',*,*,#2872,.T.);
#1131=ORIENTED_EDGE('',*,*,#2873,.T.);
#1132=ORIENTED_EDGE('',*,*,#2874,.T.);
#1133=ORIENTED_EDGE('',*,*,#2853,.T.);
#1134=ORIENTED_EDGE('',*,*,#2865,.T.);
#1135=ORIENTED_EDGE('',*,*,#2867,.T.);
#1136=ORIENTED_EDGE('',*,*,#2875,.T.);
#1137=ORIENTED_EDGE('',*,*,#2876,.F.);
#1138=ORIENTED_EDGE('',*,*,#2877,.F.);
#1139=ORIENTED_EDGE('',*,*,#2878,.T.);
#1140=ORIENTED_EDGE('',*,*,#2879,.T.);
#1141=ORIENTED_EDGE('',*,*,#2880,.T.);
#1142=ORIENTED_EDGE('',*,*,#2881,.T.);
#1143=ORIENTED_EDGE('',*,*,#2882,.T.);
#1144=ORIENTED_EDGE('',*,*,#2883,.T.);
#1145=ORIENTED_EDGE('',*,*,#2884,.F.);
#1146=ORIENTED_EDGE('',*,*,#2885,.T.);
#1147=ORIENTED_EDGE('',*,*,#2886,.T.);
#1148=ORIENTED_EDGE('',*,*,#2887,.T.);
#1149=ORIENTED_EDGE('',*,*,#2888,.T.);
#1150=ORIENTED_EDGE('',*,*,#2889,.T.);
#1151=ORIENTED_EDGE('',*,*,#2890,.F.);
#1152=ORIENTED_EDGE('',*,*,#2891,.F.);
#1153=ORIENTED_EDGE('',*,*,#2892,.F.);
#1154=ORIENTED_EDGE('',*,*,#2893,.F.);
#1155=ORIENTED_EDGE('',*,*,#2894,.F.);
#1156=ORIENTED_EDGE('',*,*,#2895,.F.);
#1157=ORIENTED_EDGE('',*,*,#2896,.F.);
#1158=ORIENTED_EDGE('',*,*,#2897,.F.);
#1159=ORIENTED_EDGE('',*,*,#2898,.T.);
#1160=ORIENTED_EDGE('',*,*,#2899,.F.);
#1161=ORIENTED_EDGE('',*,*,#2900,.F.);
#1162=ORIENTED_EDGE('',*,*,#2897,.T.);
#1163=ORIENTED_EDGE('',*,*,#2900,.T.);
#1164=ORIENTED_EDGE('',*,*,#2901,.F.);
#1165=ORIENTED_EDGE('',*,*,#2902,.F.);
#1166=ORIENTED_EDGE('',*,*,#2890,.T.);
#1167=ORIENTED_EDGE('',*,*,#2902,.T.);
#1168=ORIENTED_EDGE('',*,*,#2903,.F.);
#1169=ORIENTED_EDGE('',*,*,#2904,.F.);
#1170=ORIENTED_EDGE('',*,*,#2891,.T.);
#1171=ORIENTED_EDGE('',*,*,#2904,.T.);
#1172=ORIENTED_EDGE('',*,*,#2905,.F.);
#1173=ORIENTED_EDGE('',*,*,#2906,.F.);
#1174=ORIENTED_EDGE('',*,*,#2892,.T.);
#1175=ORIENTED_EDGE('',*,*,#2906,.T.);
#1176=ORIENTED_EDGE('',*,*,#2907,.F.);
#1177=ORIENTED_EDGE('',*,*,#2908,.F.);
#1178=ORIENTED_EDGE('',*,*,#2893,.T.);
#1179=ORIENTED_EDGE('',*,*,#2908,.T.);
#1180=ORIENTED_EDGE('',*,*,#2909,.F.);
#1181=ORIENTED_EDGE('',*,*,#2910,.F.);
#1182=ORIENTED_EDGE('',*,*,#2894,.T.);
#1183=ORIENTED_EDGE('',*,*,#2910,.T.);
#1184=ORIENTED_EDGE('',*,*,#2911,.F.);
#1185=ORIENTED_EDGE('',*,*,#2912,.F.);
#1186=ORIENTED_EDGE('',*,*,#2895,.T.);
#1187=ORIENTED_EDGE('',*,*,#2912,.T.);
#1188=ORIENTED_EDGE('',*,*,#2913,.F.);
#1189=ORIENTED_EDGE('',*,*,#2898,.F.);
#1190=ORIENTED_EDGE('',*,*,#2896,.T.);
#1191=ORIENTED_EDGE('',*,*,#2913,.T.);
#1192=ORIENTED_EDGE('',*,*,#2911,.T.);
#1193=ORIENTED_EDGE('',*,*,#2909,.T.);
#1194=ORIENTED_EDGE('',*,*,#2907,.T.);
#1195=ORIENTED_EDGE('',*,*,#2905,.T.);
#1196=ORIENTED_EDGE('',*,*,#2903,.T.);
#1197=ORIENTED_EDGE('',*,*,#2901,.T.);
#1198=ORIENTED_EDGE('',*,*,#2899,.T.);
#1199=ORIENTED_EDGE('',*,*,#2914,.T.);
#1200=ORIENTED_EDGE('',*,*,#2915,.F.);
#1201=ORIENTED_EDGE('',*,*,#2916,.F.);
#1202=ORIENTED_EDGE('',*,*,#2917,.T.);
#1203=ORIENTED_EDGE('',*,*,#2918,.F.);
#1204=ORIENTED_EDGE('',*,*,#2919,.F.);
#1205=ORIENTED_EDGE('',*,*,#2920,.F.);
#1206=ORIENTED_EDGE('',*,*,#2917,.F.);
#1207=ORIENTED_EDGE('',*,*,#2921,.F.);
#1208=ORIENTED_EDGE('',*,*,#2922,.F.);
#1209=ORIENTED_EDGE('',*,*,#2918,.T.);
#1210=ORIENTED_EDGE('',*,*,#2916,.T.);
#1211=ORIENTED_EDGE('',*,*,#2923,.T.);
#1212=ORIENTED_EDGE('',*,*,#2924,.T.);
#1213=ORIENTED_EDGE('',*,*,#2921,.T.);
#1214=ORIENTED_EDGE('',*,*,#2915,.T.);
#1215=ORIENTED_EDGE('',*,*,#2922,.T.);
#1216=ORIENTED_EDGE('',*,*,#2924,.F.);
#1217=ORIENTED_EDGE('',*,*,#2925,.F.);
#1218=ORIENTED_EDGE('',*,*,#2919,.T.);
#1219=ORIENTED_EDGE('',*,*,#2920,.T.);
#1220=ORIENTED_EDGE('',*,*,#2925,.T.);
#1221=ORIENTED_EDGE('',*,*,#2923,.F.);
#1222=ORIENTED_EDGE('',*,*,#2914,.F.);
#1223=ORIENTED_EDGE('',*,*,#2926,.F.);
#1224=ORIENTED_EDGE('',*,*,#2927,.T.);
#1225=ORIENTED_EDGE('',*,*,#2928,.T.);
#1226=ORIENTED_EDGE('',*,*,#2885,.F.);
#1227=ORIENTED_EDGE('',*,*,#2929,.F.);
#1228=ORIENTED_EDGE('',*,*,#2930,.F.);
#1229=ORIENTED_EDGE('',*,*,#2926,.T.);
#1230=ORIENTED_EDGE('',*,*,#2884,.T.);
#1231=ORIENTED_EDGE('',*,*,#2931,.F.);
#1232=ORIENTED_EDGE('',*,*,#2932,.T.);
#1233=ORIENTED_EDGE('',*,*,#2929,.T.);
#1234=ORIENTED_EDGE('',*,*,#2883,.F.);
#1235=ORIENTED_EDGE('',*,*,#2933,.F.);
#1236=ORIENTED_EDGE('',*,*,#2934,.T.);
#1237=ORIENTED_EDGE('',*,*,#2931,.T.);
#1238=ORIENTED_EDGE('',*,*,#2882,.F.);
#1239=ORIENTED_EDGE('',*,*,#2935,.F.);
#1240=ORIENTED_EDGE('',*,*,#2936,.T.);
#1241=ORIENTED_EDGE('',*,*,#2933,.T.);
#1242=ORIENTED_EDGE('',*,*,#2881,.F.);
#1243=ORIENTED_EDGE('',*,*,#2937,.F.);
#1244=ORIENTED_EDGE('',*,*,#2938,.T.);
#1245=ORIENTED_EDGE('',*,*,#2935,.T.);
#1246=ORIENTED_EDGE('',*,*,#2880,.F.);
#1247=ORIENTED_EDGE('',*,*,#2939,.F.);
#1248=ORIENTED_EDGE('',*,*,#2940,.T.);
#1249=ORIENTED_EDGE('',*,*,#2937,.T.);
#1250=ORIENTED_EDGE('',*,*,#2879,.F.);
#1251=ORIENTED_EDGE('',*,*,#2941,.F.);
#1252=ORIENTED_EDGE('',*,*,#2942,.T.);
#1253=ORIENTED_EDGE('',*,*,#2939,.T.);
#1254=ORIENTED_EDGE('',*,*,#2878,.F.);
#1255=ORIENTED_EDGE('',*,*,#2943,.F.);
#1256=ORIENTED_EDGE('',*,*,#2944,.T.);
#1257=ORIENTED_EDGE('',*,*,#2941,.T.);
#1258=ORIENTED_EDGE('',*,*,#2889,.F.);
#1259=ORIENTED_EDGE('',*,*,#2856,.F.);
#1260=ORIENTED_EDGE('',*,*,#2945,.T.);
#1261=ORIENTED_EDGE('',*,*,#2946,.T.);
#1262=ORIENTED_EDGE('',*,*,#2947,.T.);
#1263=ORIENTED_EDGE('',*,*,#2869,.F.);
#1264=ORIENTED_EDGE('',*,*,#2948,.T.);
#1265=ORIENTED_EDGE('',*,*,#2949,.T.);
#1266=ORIENTED_EDGE('',*,*,#2950,.T.);
#1267=ORIENTED_EDGE('',*,*,#2927,.F.);
#1268=ORIENTED_EDGE('',*,*,#2930,.T.);
#1269=ORIENTED_EDGE('',*,*,#2932,.F.);
#1270=ORIENTED_EDGE('',*,*,#2934,.F.);
#1271=ORIENTED_EDGE('',*,*,#2936,.F.);
#1272=ORIENTED_EDGE('',*,*,#2938,.F.);
#1273=ORIENTED_EDGE('',*,*,#2940,.F.);
#1274=ORIENTED_EDGE('',*,*,#2942,.F.);
#1275=ORIENTED_EDGE('',*,*,#2944,.F.);
#1276=ORIENTED_EDGE('',*,*,#2951,.T.);
#1277=ORIENTED_EDGE('',*,*,#2952,.T.);
#1278=ORIENTED_EDGE('',*,*,#2886,.F.);
#1279=ORIENTED_EDGE('',*,*,#2928,.F.);
#1280=ORIENTED_EDGE('',*,*,#2950,.F.);
#1281=ORIENTED_EDGE('',*,*,#2953,.F.);
#1282=ORIENTED_EDGE('',*,*,#2952,.F.);
#1283=ORIENTED_EDGE('',*,*,#2954,.F.);
#1284=ORIENTED_EDGE('',*,*,#2955,.F.);
#1285=ORIENTED_EDGE('',*,*,#2956,.F.);
#1286=ORIENTED_EDGE('',*,*,#2957,.F.);
#1287=ORIENTED_EDGE('',*,*,#2954,.T.);
#1288=ORIENTED_EDGE('',*,*,#2949,.F.);
#1289=ORIENTED_EDGE('',*,*,#2958,.T.);
#1290=ORIENTED_EDGE('',*,*,#2959,.F.);
#1291=ORIENTED_EDGE('',*,*,#2960,.F.);
#1292=ORIENTED_EDGE('',*,*,#2961,.T.);
#1293=ORIENTED_EDGE('',*,*,#2888,.F.);
#1294=ORIENTED_EDGE('',*,*,#2961,.F.);
#1295=ORIENTED_EDGE('',*,*,#2951,.F.);
#1296=ORIENTED_EDGE('',*,*,#2943,.T.);
#1297=ORIENTED_EDGE('',*,*,#2960,.T.);
#1298=ORIENTED_EDGE('',*,*,#2962,.F.);
#1299=ORIENTED_EDGE('',*,*,#2963,.F.);
#1300=ORIENTED_EDGE('',*,*,#2964,.F.);
#1301=ORIENTED_EDGE('',*,*,#2965,.F.);
#1302=ORIENTED_EDGE('',*,*,#2958,.F.);
#1303=ORIENTED_EDGE('',*,*,#2966,.F.);
#1304=ORIENTED_EDGE('',*,*,#2967,.F.);
#1305=ORIENTED_EDGE('',*,*,#2955,.T.);
#1306=ORIENTED_EDGE('',*,*,#2959,.T.);
#1307=ORIENTED_EDGE('',*,*,#2965,.T.);
#1308=ORIENTED_EDGE('',*,*,#2968,.T.);
#1309=ORIENTED_EDGE('',*,*,#2969,.T.);
#1310=ORIENTED_EDGE('',*,*,#2970,.F.);
#1311=ORIENTED_EDGE('',*,*,#2968,.F.);
#1312=ORIENTED_EDGE('',*,*,#2964,.T.);
#1313=ORIENTED_EDGE('',*,*,#2971,.T.);
#1314=ORIENTED_EDGE('',*,*,#2972,.F.);
#1315=ORIENTED_EDGE('',*,*,#2973,.F.);
#1316=ORIENTED_EDGE('',*,*,#2970,.T.);
#1317=ORIENTED_EDGE('',*,*,#2973,.T.);
#1318=ORIENTED_EDGE('',*,*,#2974,.F.);
#1319=ORIENTED_EDGE('',*,*,#2975,.F.);
#1320=ORIENTED_EDGE('',*,*,#2966,.T.);
#1321=ORIENTED_EDGE('',*,*,#2975,.T.);
#1322=ORIENTED_EDGE('',*,*,#2976,.F.);
#1323=ORIENTED_EDGE('',*,*,#2977,.F.);
#1324=ORIENTED_EDGE('',*,*,#2978,.T.);
#1325=ORIENTED_EDGE('',*,*,#2967,.T.);
#1326=ORIENTED_EDGE('',*,*,#2978,.F.);
#1327=ORIENTED_EDGE('',*,*,#2979,.F.);
#1328=ORIENTED_EDGE('',*,*,#2956,.T.);
#1329=ORIENTED_EDGE('',*,*,#2957,.T.);
#1330=ORIENTED_EDGE('',*,*,#2979,.T.);
#1331=ORIENTED_EDGE('',*,*,#2980,.F.);
#1332=ORIENTED_EDGE('',*,*,#2969,.F.);
#1333=ORIENTED_EDGE('',*,*,#2963,.T.);
#1334=ORIENTED_EDGE('',*,*,#2981,.T.);
#1335=ORIENTED_EDGE('',*,*,#2953,.T.);
#1336=ORIENTED_EDGE('',*,*,#2981,.F.);
#1337=ORIENTED_EDGE('',*,*,#2962,.T.);
#1338=ORIENTED_EDGE('',*,*,#2887,.F.);
#1339=ORIENTED_EDGE('',*,*,#2977,.T.);
#1340=ORIENTED_EDGE('',*,*,#2982,.F.);
#1341=ORIENTED_EDGE('',*,*,#2971,.F.);
#1342=ORIENTED_EDGE('',*,*,#2980,.T.);
#1343=ORIENTED_EDGE('',*,*,#2983,.T.);
#1344=ORIENTED_EDGE('',*,*,#2984,.F.);
#1345=ORIENTED_EDGE('',*,*,#2985,.F.);
#1346=ORIENTED_EDGE('',*,*,#2982,.T.);
#1347=ORIENTED_EDGE('',*,*,#2985,.T.);
#1348=ORIENTED_EDGE('',*,*,#2986,.F.);
#1349=ORIENTED_EDGE('',*,*,#2987,.F.);
#1350=ORIENTED_EDGE('',*,*,#2972,.T.);
#1351=ORIENTED_EDGE('',*,*,#2987,.T.);
#1352=ORIENTED_EDGE('',*,*,#2988,.F.);
#1353=ORIENTED_EDGE('',*,*,#2989,.F.);
#1354=ORIENTED_EDGE('',*,*,#2974,.T.);
#1355=ORIENTED_EDGE('',*,*,#2989,.T.);
#1356=ORIENTED_EDGE('',*,*,#2990,.F.);
#1357=ORIENTED_EDGE('',*,*,#2983,.F.);
#1358=ORIENTED_EDGE('',*,*,#2976,.T.);
#1359=ORIENTED_EDGE('',*,*,#2988,.T.);
#1360=ORIENTED_EDGE('',*,*,#2986,.T.);
#1361=ORIENTED_EDGE('',*,*,#2984,.T.);
#1362=ORIENTED_EDGE('',*,*,#2990,.T.);
#1363=ORIENTED_EDGE('',*,*,#2991,.F.);
#1364=ORIENTED_EDGE('',*,*,#2992,.T.);
#1365=ORIENTED_EDGE('',*,*,#2858,.T.);
#1366=ORIENTED_EDGE('',*,*,#2948,.F.);
#1367=ORIENTED_EDGE('',*,*,#2993,.T.);
#1368=ORIENTED_EDGE('',*,*,#2994,.F.);
#1369=ORIENTED_EDGE('',*,*,#2863,.F.);
#1370=ORIENTED_EDGE('',*,*,#2995,.T.);
#1371=ORIENTED_EDGE('',*,*,#2996,.F.);
#1372=ORIENTED_EDGE('',*,*,#2997,.T.);
#1373=ORIENTED_EDGE('',*,*,#2994,.T.);
#1374=ORIENTED_EDGE('',*,*,#2998,.T.);
#1375=ORIENTED_EDGE('',*,*,#2864,.F.);
#1376=ORIENTED_EDGE('',*,*,#2998,.F.);
#1377=ORIENTED_EDGE('',*,*,#2993,.F.);
#1378=ORIENTED_EDGE('',*,*,#2868,.T.);
#1379=ORIENTED_EDGE('',*,*,#2999,.T.);
#1380=ORIENTED_EDGE('',*,*,#2991,.T.);
#1381=ORIENTED_EDGE('',*,*,#2997,.F.);
#1382=ORIENTED_EDGE('',*,*,#3000,.T.);
#1383=ORIENTED_EDGE('',*,*,#3001,.F.);
#1384=ORIENTED_EDGE('',*,*,#3002,.T.);
#1385=ORIENTED_EDGE('',*,*,#3003,.F.);
#1386=ORIENTED_EDGE('',*,*,#3004,.F.);
#1387=ORIENTED_EDGE('',*,*,#3005,.T.);
#1388=ORIENTED_EDGE('',*,*,#3002,.F.);
#1389=ORIENTED_EDGE('',*,*,#2992,.F.);
#1390=ORIENTED_EDGE('',*,*,#2999,.F.);
#1391=ORIENTED_EDGE('',*,*,#3005,.F.);
#1392=ORIENTED_EDGE('',*,*,#3006,.F.);
#1393=ORIENTED_EDGE('',*,*,#2861,.T.);
#1394=ORIENTED_EDGE('',*,*,#2859,.T.);
#1395=ORIENTED_EDGE('',*,*,#3007,.T.);
#1396=ORIENTED_EDGE('',*,*,#3008,.T.);
#1397=ORIENTED_EDGE('',*,*,#2995,.F.);
#1398=ORIENTED_EDGE('',*,*,#2862,.F.);
#1399=ORIENTED_EDGE('',*,*,#3006,.T.);
#1400=ORIENTED_EDGE('',*,*,#3004,.T.);
#1401=ORIENTED_EDGE('',*,*,#3009,.F.);
#1402=ORIENTED_EDGE('',*,*,#3000,.F.);
#1403=ORIENTED_EDGE('',*,*,#2996,.T.);
#1404=ORIENTED_EDGE('',*,*,#3008,.F.);
#1405=ORIENTED_EDGE('',*,*,#3001,.T.);
#1406=ORIENTED_EDGE('',*,*,#3009,.T.);
#1407=ORIENTED_EDGE('',*,*,#3007,.F.);
#1408=ORIENTED_EDGE('',*,*,#3003,.T.);
#1409=ORIENTED_EDGE('',*,*,#2870,.F.);
#1410=ORIENTED_EDGE('',*,*,#2947,.F.);
#1411=ORIENTED_EDGE('',*,*,#3010,.F.);
#1412=ORIENTED_EDGE('',*,*,#2573,.T.);
#1413=ORIENTED_EDGE('',*,*,#2946,.F.);
#1414=ORIENTED_EDGE('',*,*,#3011,.T.);
#1415=ORIENTED_EDGE('',*,*,#2706,.T.);
#1416=ORIENTED_EDGE('',*,*,#3012,.T.);
#1417=ORIENTED_EDGE('',*,*,#3013,.F.);
#1418=ORIENTED_EDGE('',*,*,#3014,.T.);
#1419=ORIENTED_EDGE('',*,*,#2574,.F.);
#1420=ORIENTED_EDGE('',*,*,#3010,.T.);
#1421=ORIENTED_EDGE('',*,*,#3015,.F.);
#1422=ORIENTED_EDGE('',*,*,#3016,.F.);
#1423=ORIENTED_EDGE('',*,*,#3017,.F.);
#1424=ORIENTED_EDGE('',*,*,#3018,.F.);
#1425=ORIENTED_EDGE('',*,*,#3019,.T.);
#1426=ORIENTED_EDGE('',*,*,#3020,.T.);
#1427=ORIENTED_EDGE('',*,*,#3021,.T.);
#1428=ORIENTED_EDGE('',*,*,#3022,.T.);
#1429=ORIENTED_EDGE('',*,*,#3023,.F.);
#1430=ORIENTED_EDGE('',*,*,#3024,.F.);
#1431=ORIENTED_EDGE('',*,*,#3025,.F.);
#1432=ORIENTED_EDGE('',*,*,#3026,.F.);
#1433=ORIENTED_EDGE('',*,*,#3027,.T.);
#1434=ORIENTED_EDGE('',*,*,#3028,.T.);
#1435=ORIENTED_EDGE('',*,*,#3029,.F.);
#1436=ORIENTED_EDGE('',*,*,#3030,.T.);
#1437=ORIENTED_EDGE('',*,*,#3031,.F.);
#1438=ORIENTED_EDGE('',*,*,#3032,.F.);
#1439=ORIENTED_EDGE('',*,*,#3033,.F.);
#1440=ORIENTED_EDGE('',*,*,#3034,.F.);
#1441=ORIENTED_EDGE('',*,*,#3035,.F.);
#1442=ORIENTED_EDGE('',*,*,#3036,.F.);
#1443=ORIENTED_EDGE('',*,*,#3037,.F.);
#1444=ORIENTED_EDGE('',*,*,#3038,.F.);
#1445=ORIENTED_EDGE('',*,*,#3039,.F.);
#1446=ORIENTED_EDGE('',*,*,#2667,.F.);
#1447=ORIENTED_EDGE('',*,*,#2575,.T.);
#1448=ORIENTED_EDGE('',*,*,#3014,.F.);
#1449=ORIENTED_EDGE('',*,*,#2668,.T.);
#1450=ORIENTED_EDGE('',*,*,#3039,.T.);
#1451=ORIENTED_EDGE('',*,*,#3013,.T.);
#1452=ORIENTED_EDGE('',*,*,#3040,.T.);
#1453=ORIENTED_EDGE('',*,*,#2701,.T.);
#1454=ORIENTED_EDGE('',*,*,#3041,.T.);
#1455=ORIENTED_EDGE('',*,*,#3042,.T.);
#1456=ORIENTED_EDGE('',*,*,#3043,.T.);
#1457=ORIENTED_EDGE('',*,*,#3044,.T.);
#1458=ORIENTED_EDGE('',*,*,#3045,.T.);
#1459=ORIENTED_EDGE('',*,*,#3046,.T.);
#1460=ORIENTED_EDGE('',*,*,#3047,.T.);
#1461=ORIENTED_EDGE('',*,*,#3048,.T.);
#1462=ORIENTED_EDGE('',*,*,#3049,.T.);
#1463=ORIENTED_EDGE('',*,*,#3050,.T.);
#1464=ORIENTED_EDGE('',*,*,#3051,.F.);
#1465=ORIENTED_EDGE('',*,*,#3052,.T.);
#1466=ORIENTED_EDGE('',*,*,#3053,.T.);
#1467=ORIENTED_EDGE('',*,*,#3054,.T.);
#1468=ORIENTED_EDGE('',*,*,#3052,.F.);
#1469=ORIENTED_EDGE('',*,*,#3055,.F.);
#1470=ORIENTED_EDGE('',*,*,#2689,.T.);
#1471=ORIENTED_EDGE('',*,*,#3055,.T.);
#1472=ORIENTED_EDGE('',*,*,#3051,.T.);
#1473=ORIENTED_EDGE('',*,*,#3056,.F.);
#1474=ORIENTED_EDGE('',*,*,#2678,.F.);
#1475=ORIENTED_EDGE('',*,*,#3056,.T.);
#1476=ORIENTED_EDGE('',*,*,#3050,.F.);
#1477=ORIENTED_EDGE('',*,*,#3057,.F.);
#1478=ORIENTED_EDGE('',*,*,#2679,.T.);
#1479=ORIENTED_EDGE('',*,*,#3057,.T.);
#1480=ORIENTED_EDGE('',*,*,#3049,.F.);
#1481=ORIENTED_EDGE('',*,*,#3058,.F.);
#1482=ORIENTED_EDGE('',*,*,#2680,.T.);
#1483=ORIENTED_EDGE('',*,*,#3058,.T.);
#1484=ORIENTED_EDGE('',*,*,#3048,.F.);
#1485=ORIENTED_EDGE('',*,*,#3059,.F.);
#1486=ORIENTED_EDGE('',*,*,#2681,.T.);
#1487=ORIENTED_EDGE('',*,*,#3059,.T.);
#1488=ORIENTED_EDGE('',*,*,#3047,.F.);
#1489=ORIENTED_EDGE('',*,*,#3060,.F.);
#1490=ORIENTED_EDGE('',*,*,#2682,.T.);
#1491=ORIENTED_EDGE('',*,*,#3060,.T.);
#1492=ORIENTED_EDGE('',*,*,#3046,.F.);
#1493=ORIENTED_EDGE('',*,*,#3061,.F.);
#1494=ORIENTED_EDGE('',*,*,#2683,.T.);
#1495=ORIENTED_EDGE('',*,*,#3061,.T.);
#1496=ORIENTED_EDGE('',*,*,#3045,.F.);
#1497=ORIENTED_EDGE('',*,*,#3062,.F.);
#1498=ORIENTED_EDGE('',*,*,#2684,.T.);
#1499=ORIENTED_EDGE('',*,*,#3062,.T.);
#1500=ORIENTED_EDGE('',*,*,#3044,.F.);
#1501=ORIENTED_EDGE('',*,*,#3063,.F.);
#1502=ORIENTED_EDGE('',*,*,#2685,.T.);
#1503=ORIENTED_EDGE('',*,*,#3064,.F.);
#1504=ORIENTED_EDGE('',*,*,#2686,.F.);
#1505=ORIENTED_EDGE('',*,*,#3063,.T.);
#1506=ORIENTED_EDGE('',*,*,#3043,.F.);
#1507=ORIENTED_EDGE('',*,*,#3065,.T.);
#1508=ORIENTED_EDGE('',*,*,#3042,.F.);
#1509=ORIENTED_EDGE('',*,*,#3066,.T.);
#1510=ORIENTED_EDGE('',*,*,#3067,.F.);
#1511=ORIENTED_EDGE('',*,*,#2688,.F.);
#1512=ORIENTED_EDGE('',*,*,#3068,.F.);
#1513=ORIENTED_EDGE('',*,*,#3053,.F.);
#1514=ORIENTED_EDGE('',*,*,#3054,.F.);
#1515=ORIENTED_EDGE('',*,*,#3068,.T.);
#1516=ORIENTED_EDGE('',*,*,#3069,.F.);
#1517=ORIENTED_EDGE('',*,*,#3070,.F.);
#1518=ORIENTED_EDGE('',*,*,#3071,.F.);
#1519=ORIENTED_EDGE('',*,*,#3072,.F.);
#1520=ORIENTED_EDGE('',*,*,#3066,.F.);
#1521=ORIENTED_EDGE('',*,*,#3073,.F.);
#1522=ORIENTED_EDGE('',*,*,#3074,.F.);
#1523=ORIENTED_EDGE('',*,*,#3075,.T.);
#1524=ORIENTED_EDGE('',*,*,#3067,.T.);
#1525=ORIENTED_EDGE('',*,*,#3072,.T.);
#1526=ORIENTED_EDGE('',*,*,#3076,.T.);
#1527=ORIENTED_EDGE('',*,*,#3077,.T.);
#1528=ORIENTED_EDGE('',*,*,#3078,.F.);
#1529=ORIENTED_EDGE('',*,*,#3076,.F.);
#1530=ORIENTED_EDGE('',*,*,#3071,.T.);
#1531=ORIENTED_EDGE('',*,*,#3079,.T.);
#1532=ORIENTED_EDGE('',*,*,#3080,.F.);
#1533=ORIENTED_EDGE('',*,*,#3081,.F.);
#1534=ORIENTED_EDGE('',*,*,#3078,.T.);
#1535=ORIENTED_EDGE('',*,*,#3081,.T.);
#1536=ORIENTED_EDGE('',*,*,#3082,.F.);
#1537=ORIENTED_EDGE('',*,*,#3083,.F.);
#1538=ORIENTED_EDGE('',*,*,#3073,.T.);
#1539=ORIENTED_EDGE('',*,*,#3083,.T.);
#1540=ORIENTED_EDGE('',*,*,#3084,.F.);
#1541=ORIENTED_EDGE('',*,*,#3085,.F.);
#1542=ORIENTED_EDGE('',*,*,#3086,.T.);
#1543=ORIENTED_EDGE('',*,*,#3074,.T.);
#1544=ORIENTED_EDGE('',*,*,#3086,.F.);
#1545=ORIENTED_EDGE('',*,*,#3087,.F.);
#1546=ORIENTED_EDGE('',*,*,#3088,.T.);
#1547=ORIENTED_EDGE('',*,*,#3089,.F.);
#1548=ORIENTED_EDGE('',*,*,#3090,.F.);
#1549=ORIENTED_EDGE('',*,*,#3064,.T.);
#1550=ORIENTED_EDGE('',*,*,#3065,.F.);
#1551=ORIENTED_EDGE('',*,*,#3075,.F.);
#1552=ORIENTED_EDGE('',*,*,#3088,.F.);
#1553=ORIENTED_EDGE('',*,*,#3090,.T.);
#1554=ORIENTED_EDGE('',*,*,#3091,.F.);
#1555=ORIENTED_EDGE('',*,*,#3069,.T.);
#1556=ORIENTED_EDGE('',*,*,#2687,.F.);
#1557=ORIENTED_EDGE('',*,*,#3089,.T.);
#1558=ORIENTED_EDGE('',*,*,#3087,.T.);
#1559=ORIENTED_EDGE('',*,*,#3092,.F.);
#1560=ORIENTED_EDGE('',*,*,#3077,.F.);
#1561=ORIENTED_EDGE('',*,*,#3070,.T.);
#1562=ORIENTED_EDGE('',*,*,#3091,.T.);
#1563=ORIENTED_EDGE('',*,*,#3085,.T.);
#1564=ORIENTED_EDGE('',*,*,#3093,.F.);
#1565=ORIENTED_EDGE('',*,*,#3079,.F.);
#1566=ORIENTED_EDGE('',*,*,#3092,.T.);
#1567=ORIENTED_EDGE('',*,*,#3094,.T.);
#1568=ORIENTED_EDGE('',*,*,#3095,.F.);
#1569=ORIENTED_EDGE('',*,*,#3096,.F.);
#1570=ORIENTED_EDGE('',*,*,#3093,.T.);
#1571=ORIENTED_EDGE('',*,*,#3096,.T.);
#1572=ORIENTED_EDGE('',*,*,#3097,.F.);
#1573=ORIENTED_EDGE('',*,*,#3098,.F.);
#1574=ORIENTED_EDGE('',*,*,#3080,.T.);
#1575=ORIENTED_EDGE('',*,*,#3098,.T.);
#1576=ORIENTED_EDGE('',*,*,#3099,.F.);
#1577=ORIENTED_EDGE('',*,*,#3100,.F.);
#1578=ORIENTED_EDGE('',*,*,#3082,.T.);
#1579=ORIENTED_EDGE('',*,*,#3100,.T.);
#1580=ORIENTED_EDGE('',*,*,#3101,.F.);
#1581=ORIENTED_EDGE('',*,*,#3094,.F.);
#1582=ORIENTED_EDGE('',*,*,#3084,.T.);
#1583=ORIENTED_EDGE('',*,*,#3101,.T.);
#1584=ORIENTED_EDGE('',*,*,#3099,.T.);
#1585=ORIENTED_EDGE('',*,*,#3097,.T.);
#1586=ORIENTED_EDGE('',*,*,#3095,.T.);
#1587=ORIENTED_EDGE('',*,*,#3102,.T.);
#1588=ORIENTED_EDGE('',*,*,#3103,.F.);
#1589=ORIENTED_EDGE('',*,*,#3104,.T.);
#1590=ORIENTED_EDGE('',*,*,#3041,.F.);
#1591=ORIENTED_EDGE('',*,*,#3105,.T.);
#1592=ORIENTED_EDGE('',*,*,#3106,.T.);
#1593=ORIENTED_EDGE('',*,*,#3107,.T.);
#1594=ORIENTED_EDGE('',*,*,#3108,.F.);
#1595=ORIENTED_EDGE('',*,*,#3109,.F.);
#1596=ORIENTED_EDGE('',*,*,#3110,.F.);
#1597=ORIENTED_EDGE('',*,*,#3106,.F.);
#1598=ORIENTED_EDGE('',*,*,#3111,.T.);
#1599=ORIENTED_EDGE('',*,*,#3112,.F.);
#1600=ORIENTED_EDGE('',*,*,#3111,.F.);
#1601=ORIENTED_EDGE('',*,*,#3105,.F.);
#1602=ORIENTED_EDGE('',*,*,#2700,.T.);
#1603=ORIENTED_EDGE('',*,*,#3113,.T.);
#1604=ORIENTED_EDGE('',*,*,#3114,.T.);
#1605=ORIENTED_EDGE('',*,*,#3115,.F.);
#1606=ORIENTED_EDGE('',*,*,#3107,.F.);
#1607=ORIENTED_EDGE('',*,*,#3112,.T.);
#1608=ORIENTED_EDGE('',*,*,#2672,.F.);
#1609=ORIENTED_EDGE('',*,*,#3116,.F.);
#1610=ORIENTED_EDGE('',*,*,#3117,.T.);
#1611=ORIENTED_EDGE('',*,*,#3108,.T.);
#1612=ORIENTED_EDGE('',*,*,#3115,.T.);
#1613=ORIENTED_EDGE('',*,*,#3118,.F.);
#1614=ORIENTED_EDGE('',*,*,#3119,.T.);
#1615=ORIENTED_EDGE('',*,*,#3120,.F.);
#1616=ORIENTED_EDGE('',*,*,#3119,.F.);
#1617=ORIENTED_EDGE('',*,*,#3121,.T.);
#1618=ORIENTED_EDGE('',*,*,#3122,.F.);
#1619=ORIENTED_EDGE('',*,*,#3123,.F.);
#1620=ORIENTED_EDGE('',*,*,#3102,.F.);
#1621=ORIENTED_EDGE('',*,*,#3110,.T.);
#1622=ORIENTED_EDGE('',*,*,#3124,.T.);
#1623=ORIENTED_EDGE('',*,*,#3125,.T.);
#1624=ORIENTED_EDGE('',*,*,#3122,.T.);
#1625=ORIENTED_EDGE('',*,*,#3125,.F.);
#1626=ORIENTED_EDGE('',*,*,#3126,.T.);
#1627=ORIENTED_EDGE('',*,*,#3116,.T.);
#1628=ORIENTED_EDGE('',*,*,#3120,.T.);
#1629=ORIENTED_EDGE('',*,*,#3126,.F.);
#1630=ORIENTED_EDGE('',*,*,#3124,.F.);
#1631=ORIENTED_EDGE('',*,*,#3109,.T.);
#1632=ORIENTED_EDGE('',*,*,#3117,.F.);
#1633=ORIENTED_EDGE('',*,*,#3103,.T.);
#1634=ORIENTED_EDGE('',*,*,#3123,.T.);
#1635=ORIENTED_EDGE('',*,*,#3121,.F.);
#1636=ORIENTED_EDGE('',*,*,#3118,.T.);
#1637=ORIENTED_EDGE('',*,*,#3114,.F.);
#1638=ORIENTED_EDGE('',*,*,#3127,.T.);
#1639=ORIENTED_EDGE('',*,*,#3104,.F.);
#1640=ORIENTED_EDGE('',*,*,#3127,.F.);
#1641=ORIENTED_EDGE('',*,*,#3113,.F.);
#1642=ORIENTED_EDGE('',*,*,#2669,.T.);
#1643=ORIENTED_EDGE('',*,*,#2702,.F.);
#1644=ORIENTED_EDGE('',*,*,#3040,.F.);
#1645=ORIENTED_EDGE('',*,*,#3012,.F.);
#1646=ORIENTED_EDGE('',*,*,#2705,.T.);
#1647=ORIENTED_EDGE('',*,*,#2945,.F.);
#1648=ORIENTED_EDGE('',*,*,#2855,.F.);
#1649=ORIENTED_EDGE('',*,*,#2707,.T.);
#1650=ORIENTED_EDGE('',*,*,#3011,.F.);
#1651=ORIENTED_EDGE('',*,*,#3128,.T.);
#1652=ORIENTED_EDGE('',*,*,#3018,.T.);
#1653=ORIENTED_EDGE('',*,*,#3129,.T.);
#1654=ORIENTED_EDGE('',*,*,#3130,.F.);
#1655=ORIENTED_EDGE('',*,*,#3131,.F.);
#1656=ORIENTED_EDGE('',*,*,#3031,.T.);
#1657=ORIENTED_EDGE('',*,*,#3132,.T.);
#1658=ORIENTED_EDGE('',*,*,#3133,.T.);
#1659=ORIENTED_EDGE('',*,*,#3133,.F.);
#1660=ORIENTED_EDGE('',*,*,#3134,.F.);
#1661=ORIENTED_EDGE('',*,*,#3135,.F.);
#1662=ORIENTED_EDGE('',*,*,#3136,.T.);
#1663=ORIENTED_EDGE('',*,*,#3137,.F.);
#1664=ORIENTED_EDGE('',*,*,#3138,.F.);
#1665=ORIENTED_EDGE('',*,*,#3139,.F.);
#1666=ORIENTED_EDGE('',*,*,#3140,.T.);
#1667=ORIENTED_EDGE('',*,*,#3019,.F.);
#1668=ORIENTED_EDGE('',*,*,#3128,.F.);
#1669=ORIENTED_EDGE('',*,*,#3138,.T.);
#1670=ORIENTED_EDGE('',*,*,#3141,.T.);
#1671=ORIENTED_EDGE('',*,*,#3142,.T.);
#1672=ORIENTED_EDGE('',*,*,#3143,.T.);
#1673=ORIENTED_EDGE('',*,*,#3144,.F.);
#1674=ORIENTED_EDGE('',*,*,#3139,.T.);
#1675=ORIENTED_EDGE('',*,*,#3137,.T.);
#1676=ORIENTED_EDGE('',*,*,#3145,.F.);
#1677=ORIENTED_EDGE('',*,*,#3021,.F.);
#1678=ORIENTED_EDGE('',*,*,#3146,.T.);
#1679=ORIENTED_EDGE('',*,*,#3143,.F.);
#1680=ORIENTED_EDGE('',*,*,#3147,.T.);
#1681=ORIENTED_EDGE('',*,*,#3148,.F.);
#1682=ORIENTED_EDGE('',*,*,#3147,.F.);
#1683=ORIENTED_EDGE('',*,*,#3142,.F.);
#1684=ORIENTED_EDGE('',*,*,#3149,.T.);
#1685=ORIENTED_EDGE('',*,*,#3150,.F.);
#1686=ORIENTED_EDGE('',*,*,#3151,.F.);
#1687=ORIENTED_EDGE('',*,*,#3151,.T.);
#1688=ORIENTED_EDGE('',*,*,#3152,.T.);
#1689=ORIENTED_EDGE('',*,*,#3028,.F.);
#1690=ORIENTED_EDGE('',*,*,#3153,.F.);
#1691=ORIENTED_EDGE('',*,*,#3153,.T.);
#1692=ORIENTED_EDGE('',*,*,#3027,.F.);
#1693=ORIENTED_EDGE('',*,*,#3154,.T.);
#1694=ORIENTED_EDGE('',*,*,#3155,.T.);
#1695=ORIENTED_EDGE('',*,*,#3156,.F.);
#1696=ORIENTED_EDGE('',*,*,#3022,.F.);
#1697=ORIENTED_EDGE('',*,*,#3145,.T.);
#1698=ORIENTED_EDGE('',*,*,#3148,.T.);
#1699=ORIENTED_EDGE('',*,*,#3156,.T.);
#1700=ORIENTED_EDGE('',*,*,#3157,.F.);
#1701=ORIENTED_EDGE('',*,*,#3158,.F.);
#1702=ORIENTED_EDGE('',*,*,#3023,.T.);
#1703=ORIENTED_EDGE('',*,*,#3158,.T.);
#1704=ORIENTED_EDGE('',*,*,#3159,.F.);
#1705=ORIENTED_EDGE('',*,*,#3160,.F.);
#1706=ORIENTED_EDGE('',*,*,#3161,.F.);
#1707=ORIENTED_EDGE('',*,*,#3025,.T.);
#1708=ORIENTED_EDGE('',*,*,#3024,.T.);
#1709=ORIENTED_EDGE('',*,*,#3161,.T.);
#1710=ORIENTED_EDGE('',*,*,#3162,.F.);
#1711=ORIENTED_EDGE('',*,*,#3154,.F.);
#1712=ORIENTED_EDGE('',*,*,#3026,.T.);
#1713=ORIENTED_EDGE('',*,*,#3162,.T.);
#1714=ORIENTED_EDGE('',*,*,#3160,.T.);
#1715=ORIENTED_EDGE('',*,*,#3159,.T.);
#1716=ORIENTED_EDGE('',*,*,#3157,.T.);
#1717=ORIENTED_EDGE('',*,*,#3155,.F.);
#1718=ORIENTED_EDGE('',*,*,#3163,.F.);
#1719=ORIENTED_EDGE('',*,*,#3164,.F.);
#1720=ORIENTED_EDGE('',*,*,#3029,.T.);
#1721=ORIENTED_EDGE('',*,*,#3152,.F.);
#1722=ORIENTED_EDGE('',*,*,#3165,.T.);
#1723=ORIENTED_EDGE('',*,*,#3166,.T.);
#1724=ORIENTED_EDGE('',*,*,#3167,.F.);
#1725=ORIENTED_EDGE('',*,*,#3168,.F.);
#1726=ORIENTED_EDGE('',*,*,#3169,.T.);
#1727=ORIENTED_EDGE('',*,*,#3170,.T.);
#1728=ORIENTED_EDGE('',*,*,#3171,.F.);
#1729=ORIENTED_EDGE('',*,*,#3172,.F.);
#1730=ORIENTED_EDGE('',*,*,#3173,.T.);
#1731=ORIENTED_EDGE('',*,*,#3174,.T.);
#1732=ORIENTED_EDGE('',*,*,#3175,.F.);
#1733=ORIENTED_EDGE('',*,*,#3176,.F.);
#1734=ORIENTED_EDGE('',*,*,#3177,.T.);
#1735=ORIENTED_EDGE('',*,*,#3178,.T.);
#1736=ORIENTED_EDGE('',*,*,#3179,.F.);
#1737=ORIENTED_EDGE('',*,*,#3180,.F.);
#1738=ORIENTED_EDGE('',*,*,#3181,.T.);
#1739=ORIENTED_EDGE('',*,*,#3182,.T.);
#1740=ORIENTED_EDGE('',*,*,#3183,.F.);
#1741=ORIENTED_EDGE('',*,*,#3184,.F.);
#1742=ORIENTED_EDGE('',*,*,#3185,.T.);
#1743=ORIENTED_EDGE('',*,*,#3186,.T.);
#1744=ORIENTED_EDGE('',*,*,#3187,.F.);
#1745=ORIENTED_EDGE('',*,*,#3188,.F.);
#1746=ORIENTED_EDGE('',*,*,#3189,.T.);
#1747=ORIENTED_EDGE('',*,*,#3190,.T.);
#1748=ORIENTED_EDGE('',*,*,#3191,.F.);
#1749=ORIENTED_EDGE('',*,*,#3192,.F.);
#1750=ORIENTED_EDGE('',*,*,#3193,.T.);
#1751=ORIENTED_EDGE('',*,*,#3194,.T.);
#1752=ORIENTED_EDGE('',*,*,#3195,.F.);
#1753=ORIENTED_EDGE('',*,*,#3196,.F.);
#1754=ORIENTED_EDGE('',*,*,#3132,.F.);
#1755=ORIENTED_EDGE('',*,*,#3030,.F.);
#1756=ORIENTED_EDGE('',*,*,#3164,.T.);
#1757=ORIENTED_EDGE('',*,*,#3134,.T.);
#1758=ORIENTED_EDGE('',*,*,#3135,.T.);
#1759=ORIENTED_EDGE('',*,*,#3163,.T.);
#1760=ORIENTED_EDGE('',*,*,#3150,.T.);
#1761=ORIENTED_EDGE('',*,*,#3197,.F.);
#1762=ORIENTED_EDGE('',*,*,#3197,.T.);
#1763=ORIENTED_EDGE('',*,*,#3149,.F.);
#1764=ORIENTED_EDGE('',*,*,#3141,.F.);
#1765=ORIENTED_EDGE('',*,*,#3136,.F.);
#1766=ORIENTED_EDGE('',*,*,#3198,.F.);
#1767=ORIENTED_EDGE('',*,*,#3199,.F.);
#1768=ORIENTED_EDGE('',*,*,#3172,.T.);
#1769=ORIENTED_EDGE('',*,*,#3200,.F.);
#1770=ORIENTED_EDGE('',*,*,#3201,.F.);
#1771=ORIENTED_EDGE('',*,*,#3168,.T.);
#1772=ORIENTED_EDGE('',*,*,#3201,.T.);
#1773=ORIENTED_EDGE('',*,*,#3202,.T.);
#1774=ORIENTED_EDGE('',*,*,#3203,.F.);
#1775=ORIENTED_EDGE('',*,*,#3165,.F.);
#1776=ORIENTED_EDGE('',*,*,#3203,.T.);
#1777=ORIENTED_EDGE('',*,*,#3204,.T.);
#1778=ORIENTED_EDGE('',*,*,#3170,.F.);
#1779=ORIENTED_EDGE('',*,*,#3205,.T.);
#1780=ORIENTED_EDGE('',*,*,#3206,.T.);
#1781=ORIENTED_EDGE('',*,*,#3166,.F.);
#1782=ORIENTED_EDGE('',*,*,#3206,.F.);
#1783=ORIENTED_EDGE('',*,*,#3207,.F.);
#1784=ORIENTED_EDGE('',*,*,#3198,.T.);
#1785=ORIENTED_EDGE('',*,*,#3167,.T.);
#1786=ORIENTED_EDGE('',*,*,#3199,.T.);
#1787=ORIENTED_EDGE('',*,*,#3207,.T.);
#1788=ORIENTED_EDGE('',*,*,#3205,.F.);
#1789=ORIENTED_EDGE('',*,*,#3169,.F.);
#1790=ORIENTED_EDGE('',*,*,#3204,.F.);
#1791=ORIENTED_EDGE('',*,*,#3202,.F.);
#1792=ORIENTED_EDGE('',*,*,#3200,.T.);
#1793=ORIENTED_EDGE('',*,*,#3171,.T.);
#1794=ORIENTED_EDGE('',*,*,#3208,.F.);
#1795=ORIENTED_EDGE('',*,*,#3209,.F.);
#1796=ORIENTED_EDGE('',*,*,#3180,.T.);
#1797=ORIENTED_EDGE('',*,*,#3210,.F.);
#1798=ORIENTED_EDGE('',*,*,#3211,.F.);
#1799=ORIENTED_EDGE('',*,*,#3176,.T.);
#1800=ORIENTED_EDGE('',*,*,#3211,.T.);
#1801=ORIENTED_EDGE('',*,*,#3212,.T.);
#1802=ORIENTED_EDGE('',*,*,#3213,.F.);
#1803=ORIENTED_EDGE('',*,*,#3173,.F.);
#1804=ORIENTED_EDGE('',*,*,#3213,.T.);
#1805=ORIENTED_EDGE('',*,*,#3214,.T.);
#1806=ORIENTED_EDGE('',*,*,#3178,.F.);
#1807=ORIENTED_EDGE('',*,*,#3215,.T.);
#1808=ORIENTED_EDGE('',*,*,#3216,.T.);
#1809=ORIENTED_EDGE('',*,*,#3174,.F.);
#1810=ORIENTED_EDGE('',*,*,#3216,.F.);
#1811=ORIENTED_EDGE('',*,*,#3217,.F.);
#1812=ORIENTED_EDGE('',*,*,#3208,.T.);
#1813=ORIENTED_EDGE('',*,*,#3175,.T.);
#1814=ORIENTED_EDGE('',*,*,#3209,.T.);
#1815=ORIENTED_EDGE('',*,*,#3217,.T.);
#1816=ORIENTED_EDGE('',*,*,#3215,.F.);
#1817=ORIENTED_EDGE('',*,*,#3177,.F.);
#1818=ORIENTED_EDGE('',*,*,#3214,.F.);
#1819=ORIENTED_EDGE('',*,*,#3212,.F.);
#1820=ORIENTED_EDGE('',*,*,#3210,.T.);
#1821=ORIENTED_EDGE('',*,*,#3179,.T.);
#1822=ORIENTED_EDGE('',*,*,#3218,.F.);
#1823=ORIENTED_EDGE('',*,*,#3219,.F.);
#1824=ORIENTED_EDGE('',*,*,#3188,.T.);
#1825=ORIENTED_EDGE('',*,*,#3220,.F.);
#1826=ORIENTED_EDGE('',*,*,#3221,.F.);
#1827=ORIENTED_EDGE('',*,*,#3184,.T.);
#1828=ORIENTED_EDGE('',*,*,#3221,.T.);
#1829=ORIENTED_EDGE('',*,*,#3222,.T.);
#1830=ORIENTED_EDGE('',*,*,#3223,.F.);
#1831=ORIENTED_EDGE('',*,*,#3181,.F.);
#1832=ORIENTED_EDGE('',*,*,#3223,.T.);
#1833=ORIENTED_EDGE('',*,*,#3224,.T.);
#1834=ORIENTED_EDGE('',*,*,#3186,.F.);
#1835=ORIENTED_EDGE('',*,*,#3225,.T.);
#1836=ORIENTED_EDGE('',*,*,#3226,.T.);
#1837=ORIENTED_EDGE('',*,*,#3182,.F.);
#1838=ORIENTED_EDGE('',*,*,#3226,.F.);
#1839=ORIENTED_EDGE('',*,*,#3227,.F.);
#1840=ORIENTED_EDGE('',*,*,#3218,.T.);
#1841=ORIENTED_EDGE('',*,*,#3183,.T.);
#1842=ORIENTED_EDGE('',*,*,#3219,.T.);
#1843=ORIENTED_EDGE('',*,*,#3227,.T.);
#1844=ORIENTED_EDGE('',*,*,#3225,.F.);
#1845=ORIENTED_EDGE('',*,*,#3185,.F.);
#1846=ORIENTED_EDGE('',*,*,#3224,.F.);
#1847=ORIENTED_EDGE('',*,*,#3222,.F.);
#1848=ORIENTED_EDGE('',*,*,#3220,.T.);
#1849=ORIENTED_EDGE('',*,*,#3187,.T.);
#1850=ORIENTED_EDGE('',*,*,#3228,.F.);
#1851=ORIENTED_EDGE('',*,*,#3229,.F.);
#1852=ORIENTED_EDGE('',*,*,#3196,.T.);
#1853=ORIENTED_EDGE('',*,*,#3230,.F.);
#1854=ORIENTED_EDGE('',*,*,#3231,.F.);
#1855=ORIENTED_EDGE('',*,*,#3192,.T.);
#1856=ORIENTED_EDGE('',*,*,#3231,.T.);
#1857=ORIENTED_EDGE('',*,*,#3232,.T.);
#1858=ORIENTED_EDGE('',*,*,#3233,.F.);
#1859=ORIENTED_EDGE('',*,*,#3189,.F.);
#1860=ORIENTED_EDGE('',*,*,#3233,.T.);
#1861=ORIENTED_EDGE('',*,*,#3234,.T.);
#1862=ORIENTED_EDGE('',*,*,#3194,.F.);
#1863=ORIENTED_EDGE('',*,*,#3235,.T.);
#1864=ORIENTED_EDGE('',*,*,#3236,.T.);
#1865=ORIENTED_EDGE('',*,*,#3190,.F.);
#1866=ORIENTED_EDGE('',*,*,#3236,.F.);
#1867=ORIENTED_EDGE('',*,*,#3237,.F.);
#1868=ORIENTED_EDGE('',*,*,#3228,.T.);
#1869=ORIENTED_EDGE('',*,*,#3191,.T.);
#1870=ORIENTED_EDGE('',*,*,#3229,.T.);
#1871=ORIENTED_EDGE('',*,*,#3237,.T.);
#1872=ORIENTED_EDGE('',*,*,#3235,.F.);
#1873=ORIENTED_EDGE('',*,*,#3193,.F.);
#1874=ORIENTED_EDGE('',*,*,#3234,.F.);
#1875=ORIENTED_EDGE('',*,*,#3232,.F.);
#1876=ORIENTED_EDGE('',*,*,#3230,.T.);
#1877=ORIENTED_EDGE('',*,*,#3195,.T.);
#1878=ORIENTED_EDGE('',*,*,#3238,.T.);
#1879=ORIENTED_EDGE('',*,*,#3239,.T.);
#1880=ORIENTED_EDGE('',*,*,#3240,.T.);
#1881=ORIENTED_EDGE('',*,*,#3130,.T.);
#1882=ORIENTED_EDGE('',*,*,#3131,.T.);
#1883=ORIENTED_EDGE('',*,*,#3240,.F.);
#1884=ORIENTED_EDGE('',*,*,#3241,.F.);
#1885=ORIENTED_EDGE('',*,*,#3015,.T.);
#1886=ORIENTED_EDGE('',*,*,#3241,.T.);
#1887=ORIENTED_EDGE('',*,*,#3239,.F.);
#1888=ORIENTED_EDGE('',*,*,#3242,.F.);
#1889=ORIENTED_EDGE('',*,*,#3016,.T.);
#1890=ORIENTED_EDGE('',*,*,#3242,.T.);
#1891=ORIENTED_EDGE('',*,*,#3238,.F.);
#1892=ORIENTED_EDGE('',*,*,#3129,.F.);
#1893=ORIENTED_EDGE('',*,*,#3017,.T.);
#1894=ORIENTED_EDGE('',*,*,#3243,.T.);
#1895=ORIENTED_EDGE('',*,*,#3244,.F.);
#1896=ORIENTED_EDGE('',*,*,#3245,.F.);
#1897=ORIENTED_EDGE('',*,*,#3038,.T.);
#1898=ORIENTED_EDGE('',*,*,#3245,.T.);
#1899=ORIENTED_EDGE('',*,*,#3246,.F.);
#1900=ORIENTED_EDGE('',*,*,#3247,.F.);
#1901=ORIENTED_EDGE('',*,*,#3032,.T.);
#1902=ORIENTED_EDGE('',*,*,#3247,.T.);
#1903=ORIENTED_EDGE('',*,*,#3248,.F.);
#1904=ORIENTED_EDGE('',*,*,#3249,.F.);
#1905=ORIENTED_EDGE('',*,*,#3033,.T.);
#1906=ORIENTED_EDGE('',*,*,#3249,.T.);
#1907=ORIENTED_EDGE('',*,*,#3250,.F.);
#1908=ORIENTED_EDGE('',*,*,#3251,.F.);
#1909=ORIENTED_EDGE('',*,*,#3034,.T.);
#1910=ORIENTED_EDGE('',*,*,#3251,.T.);
#1911=ORIENTED_EDGE('',*,*,#3252,.F.);
#1912=ORIENTED_EDGE('',*,*,#3253,.F.);
#1913=ORIENTED_EDGE('',*,*,#3035,.T.);
#1914=ORIENTED_EDGE('',*,*,#3253,.T.);
#1915=ORIENTED_EDGE('',*,*,#3254,.F.);
#1916=ORIENTED_EDGE('',*,*,#3255,.F.);
#1917=ORIENTED_EDGE('',*,*,#3036,.T.);
#1918=ORIENTED_EDGE('',*,*,#3255,.T.);
#1919=ORIENTED_EDGE('',*,*,#3256,.F.);
#1920=ORIENTED_EDGE('',*,*,#3243,.F.);
#1921=ORIENTED_EDGE('',*,*,#3037,.T.);
#1922=ORIENTED_EDGE('',*,*,#3256,.T.);
#1923=ORIENTED_EDGE('',*,*,#3254,.T.);
#1924=ORIENTED_EDGE('',*,*,#3252,.T.);
#1925=ORIENTED_EDGE('',*,*,#3250,.T.);
#1926=ORIENTED_EDGE('',*,*,#3248,.T.);
#1927=ORIENTED_EDGE('',*,*,#3246,.T.);
#1928=ORIENTED_EDGE('',*,*,#3244,.T.);
#1929=ORIENTED_EDGE('',*,*,#3257,.F.);
#1930=ORIENTED_EDGE('',*,*,#2877,.T.);
#1931=ORIENTED_EDGE('',*,*,#3258,.T.);
#1932=ORIENTED_EDGE('',*,*,#3259,.T.);
#1933=ORIENTED_EDGE('',*,*,#2548,.T.);
#1934=ORIENTED_EDGE('',*,*,#3260,.T.);
#1935=ORIENTED_EDGE('',*,*,#2670,.F.);
#1936=ORIENTED_EDGE('',*,*,#3261,.F.);
#1937=ORIENTED_EDGE('',*,*,#3262,.T.);
#1938=ORIENTED_EDGE('',*,*,#3263,.T.);
#1939=ORIENTED_EDGE('',*,*,#3264,.T.);
#1940=ORIENTED_EDGE('',*,*,#3265,.F.);
#1941=ORIENTED_EDGE('',*,*,#3266,.T.);
#1942=ORIENTED_EDGE('',*,*,#3267,.F.);
#1943=ORIENTED_EDGE('',*,*,#3268,.F.);
#1944=ORIENTED_EDGE('',*,*,#3269,.F.);
#1945=ORIENTED_EDGE('',*,*,#3270,.T.);
#1946=ORIENTED_EDGE('',*,*,#3271,.F.);
#1947=ORIENTED_EDGE('',*,*,#3272,.F.);
#1948=ORIENTED_EDGE('',*,*,#3273,.F.);
#1949=ORIENTED_EDGE('',*,*,#3274,.T.);
#1950=ORIENTED_EDGE('',*,*,#3275,.T.);
#1951=ORIENTED_EDGE('',*,*,#3276,.T.);
#1952=ORIENTED_EDGE('',*,*,#3258,.F.);
#1953=ORIENTED_EDGE('',*,*,#2876,.T.);
#1954=ORIENTED_EDGE('',*,*,#3277,.T.);
#1955=ORIENTED_EDGE('',*,*,#3278,.F.);
#1956=ORIENTED_EDGE('',*,*,#3279,.T.);
#1957=ORIENTED_EDGE('',*,*,#3261,.T.);
#1958=ORIENTED_EDGE('',*,*,#2677,.T.);
#1959=ORIENTED_EDGE('',*,*,#3280,.F.);
#1960=ORIENTED_EDGE('',*,*,#3281,.T.);
#1961=ORIENTED_EDGE('',*,*,#3282,.F.);
#1962=ORIENTED_EDGE('',*,*,#3283,.F.);
#1963=ORIENTED_EDGE('',*,*,#3278,.T.);
#1964=ORIENTED_EDGE('',*,*,#3284,.T.);
#1965=ORIENTED_EDGE('',*,*,#3285,.F.);
#1966=ORIENTED_EDGE('',*,*,#3286,.F.);
#1967=ORIENTED_EDGE('',*,*,#3287,.F.);
#1968=ORIENTED_EDGE('',*,*,#3288,.T.);
#1969=ORIENTED_EDGE('',*,*,#3288,.F.);
#1970=ORIENTED_EDGE('',*,*,#3289,.F.);
#1971=ORIENTED_EDGE('',*,*,#3290,.T.);
#1972=ORIENTED_EDGE('',*,*,#3291,.F.);
#1973=ORIENTED_EDGE('',*,*,#3292,.T.);
#1974=ORIENTED_EDGE('',*,*,#3293,.T.);
#1975=ORIENTED_EDGE('',*,*,#3294,.T.);
#1976=ORIENTED_EDGE('',*,*,#3295,.F.);
#1977=ORIENTED_EDGE('',*,*,#3296,.T.);
#1978=ORIENTED_EDGE('',*,*,#3297,.T.);
#1979=ORIENTED_EDGE('',*,*,#3298,.T.);
#1980=ORIENTED_EDGE('',*,*,#3299,.F.);
#1981=ORIENTED_EDGE('',*,*,#3300,.T.);
#1982=ORIENTED_EDGE('',*,*,#3290,.F.);
#1983=ORIENTED_EDGE('',*,*,#2675,.F.);
#1984=ORIENTED_EDGE('',*,*,#3301,.T.);
#1985=ORIENTED_EDGE('',*,*,#3302,.T.);
#1986=ORIENTED_EDGE('',*,*,#3296,.F.);
#1987=ORIENTED_EDGE('',*,*,#3303,.F.);
#1988=ORIENTED_EDGE('',*,*,#3284,.F.);
#1989=ORIENTED_EDGE('',*,*,#2676,.T.);
#1990=ORIENTED_EDGE('',*,*,#3295,.T.);
#1991=ORIENTED_EDGE('',*,*,#3304,.F.);
#1992=ORIENTED_EDGE('',*,*,#3285,.T.);
#1993=ORIENTED_EDGE('',*,*,#3303,.T.);
#1994=ORIENTED_EDGE('',*,*,#3294,.F.);
#1995=ORIENTED_EDGE('',*,*,#3305,.F.);
#1996=ORIENTED_EDGE('',*,*,#3286,.T.);
#1997=ORIENTED_EDGE('',*,*,#3304,.T.);
#1998=ORIENTED_EDGE('',*,*,#3293,.F.);
#1999=ORIENTED_EDGE('',*,*,#3287,.T.);
#2000=ORIENTED_EDGE('',*,*,#3305,.T.);
#2001=ORIENTED_EDGE('',*,*,#3292,.F.);
#2002=ORIENTED_EDGE('',*,*,#3289,.T.);
#2003=ORIENTED_EDGE('',*,*,#3306,.F.);
#2004=ORIENTED_EDGE('',*,*,#3283,.T.);
#2005=ORIENTED_EDGE('',*,*,#3307,.T.);
#2006=ORIENTED_EDGE('',*,*,#3297,.F.);
#2007=ORIENTED_EDGE('',*,*,#3307,.F.);
#2008=ORIENTED_EDGE('',*,*,#3282,.T.);
#2009=ORIENTED_EDGE('',*,*,#3308,.T.);
#2010=ORIENTED_EDGE('',*,*,#3298,.F.);
#2011=ORIENTED_EDGE('',*,*,#3308,.F.);
#2012=ORIENTED_EDGE('',*,*,#3281,.F.);
#2013=ORIENTED_EDGE('',*,*,#3309,.T.);
#2014=ORIENTED_EDGE('',*,*,#3299,.T.);
#2015=ORIENTED_EDGE('',*,*,#3300,.F.);
#2016=ORIENTED_EDGE('',*,*,#3309,.F.);
#2017=ORIENTED_EDGE('',*,*,#3280,.T.);
#2018=ORIENTED_EDGE('',*,*,#3291,.T.);
#2019=ORIENTED_EDGE('',*,*,#3306,.T.);
#2020=ORIENTED_EDGE('',*,*,#3302,.F.);
#2021=ORIENTED_EDGE('',*,*,#3310,.T.);
#2022=ORIENTED_EDGE('',*,*,#3262,.F.);
#2023=ORIENTED_EDGE('',*,*,#3279,.F.);
#2024=ORIENTED_EDGE('',*,*,#3310,.F.);
#2025=ORIENTED_EDGE('',*,*,#3301,.F.);
#2026=ORIENTED_EDGE('',*,*,#2674,.F.);
#2027=ORIENTED_EDGE('',*,*,#2699,.F.);
#2028=ORIENTED_EDGE('',*,*,#2735,.T.);
#2029=ORIENTED_EDGE('',*,*,#3311,.F.);
#2030=ORIENTED_EDGE('',*,*,#3312,.F.);
#2031=ORIENTED_EDGE('',*,*,#3263,.F.);
#2032=ORIENTED_EDGE('',*,*,#3313,.F.);
#2033=ORIENTED_EDGE('',*,*,#3264,.F.);
#2034=ORIENTED_EDGE('',*,*,#3312,.T.);
#2035=ORIENTED_EDGE('',*,*,#3314,.F.);
#2036=ORIENTED_EDGE('',*,*,#3315,.F.);
#2037=ORIENTED_EDGE('',*,*,#3316,.T.);
#2038=ORIENTED_EDGE('',*,*,#3317,.F.);
#2039=ORIENTED_EDGE('',*,*,#3318,.F.);
#2040=ORIENTED_EDGE('',*,*,#3319,.F.);
#2041=ORIENTED_EDGE('',*,*,#3320,.T.);
#2042=ORIENTED_EDGE('',*,*,#3321,.F.);
#2043=ORIENTED_EDGE('',*,*,#3322,.F.);
#2044=ORIENTED_EDGE('',*,*,#3323,.F.);
#2045=ORIENTED_EDGE('',*,*,#3314,.T.);
#2046=ORIENTED_EDGE('',*,*,#3311,.T.);
#2047=ORIENTED_EDGE('',*,*,#2734,.T.);
#2048=ORIENTED_EDGE('',*,*,#3324,.T.);
#2049=ORIENTED_EDGE('',*,*,#3325,.T.);
#2050=ORIENTED_EDGE('',*,*,#3326,.F.);
#2051=ORIENTED_EDGE('',*,*,#3325,.F.);
#2052=ORIENTED_EDGE('',*,*,#3327,.T.);
#2053=ORIENTED_EDGE('',*,*,#3274,.F.);
#2054=ORIENTED_EDGE('',*,*,#2874,.F.);
#2055=ORIENTED_EDGE('',*,*,#3328,.F.);
#2056=ORIENTED_EDGE('',*,*,#3329,.F.);
#2057=ORIENTED_EDGE('',*,*,#3275,.F.);
#2058=ORIENTED_EDGE('',*,*,#3327,.F.);
#2059=ORIENTED_EDGE('',*,*,#3324,.F.);
#2060=ORIENTED_EDGE('',*,*,#2733,.T.);
#2061=ORIENTED_EDGE('',*,*,#2854,.F.);
#2062=ORIENTED_EDGE('',*,*,#3276,.F.);
#2063=ORIENTED_EDGE('',*,*,#3329,.T.);
#2064=ORIENTED_EDGE('',*,*,#3330,.T.);
#2065=ORIENTED_EDGE('',*,*,#3331,.F.);
#2066=ORIENTED_EDGE('',*,*,#3259,.F.);
#2067=ORIENTED_EDGE('',*,*,#3331,.T.);
#2068=ORIENTED_EDGE('',*,*,#3332,.F.);
#2069=ORIENTED_EDGE('',*,*,#3333,.F.);
#2070=ORIENTED_EDGE('',*,*,#3334,.T.);
#2071=ORIENTED_EDGE('',*,*,#3335,.F.);
#2072=ORIENTED_EDGE('',*,*,#3336,.F.);
#2073=ORIENTED_EDGE('',*,*,#3337,.F.);
#2074=ORIENTED_EDGE('',*,*,#3338,.T.);
#2075=ORIENTED_EDGE('',*,*,#3257,.T.);
#2076=ORIENTED_EDGE('',*,*,#3334,.F.);
#2077=ORIENTED_EDGE('',*,*,#3339,.F.);
#2078=ORIENTED_EDGE('',*,*,#3340,.T.);
#2079=ORIENTED_EDGE('',*,*,#3341,.F.);
#2080=ORIENTED_EDGE('',*,*,#3342,.T.);
#2081=ORIENTED_EDGE('',*,*,#3342,.F.);
#2082=ORIENTED_EDGE('',*,*,#3343,.F.);
#2083=ORIENTED_EDGE('',*,*,#3344,.T.);
#2084=ORIENTED_EDGE('',*,*,#3345,.F.);
#2085=ORIENTED_EDGE('',*,*,#3346,.F.);
#2086=ORIENTED_EDGE('',*,*,#3347,.F.);
#2087=ORIENTED_EDGE('',*,*,#3335,.T.);
#2088=ORIENTED_EDGE('',*,*,#3345,.T.);
#2089=ORIENTED_EDGE('',*,*,#3347,.T.);
#2090=ORIENTED_EDGE('',*,*,#3348,.F.);
#2091=ORIENTED_EDGE('',*,*,#3349,.F.);
#2092=ORIENTED_EDGE('',*,*,#3336,.T.);
#2093=ORIENTED_EDGE('',*,*,#3349,.T.);
#2094=ORIENTED_EDGE('',*,*,#3350,.F.);
#2095=ORIENTED_EDGE('',*,*,#3351,.F.);
#2096=ORIENTED_EDGE('',*,*,#3337,.T.);
#2097=ORIENTED_EDGE('',*,*,#3351,.T.);
#2098=ORIENTED_EDGE('',*,*,#3352,.T.);
#2099=ORIENTED_EDGE('',*,*,#2872,.F.);
#2100=ORIENTED_EDGE('',*,*,#3338,.F.);
#2101=ORIENTED_EDGE('',*,*,#3353,.T.);
#2102=ORIENTED_EDGE('',*,*,#3354,.F.);
#2103=ORIENTED_EDGE('',*,*,#3355,.T.);
#2104=ORIENTED_EDGE('',*,*,#3332,.T.);
#2105=ORIENTED_EDGE('',*,*,#3356,.F.);
#2106=ORIENTED_EDGE('',*,*,#3352,.F.);
#2107=ORIENTED_EDGE('',*,*,#3350,.T.);
#2108=ORIENTED_EDGE('',*,*,#3348,.T.);
#2109=ORIENTED_EDGE('',*,*,#3346,.T.);
#2110=ORIENTED_EDGE('',*,*,#3344,.F.);
#2111=ORIENTED_EDGE('',*,*,#3330,.F.);
#2112=ORIENTED_EDGE('',*,*,#3328,.T.);
#2113=ORIENTED_EDGE('',*,*,#2873,.F.);
#2114=ORIENTED_EDGE('',*,*,#3356,.T.);
#2115=ORIENTED_EDGE('',*,*,#3333,.T.);
#2116=ORIENTED_EDGE('',*,*,#3355,.F.);
#2117=ORIENTED_EDGE('',*,*,#3357,.F.);
#2118=ORIENTED_EDGE('',*,*,#3339,.T.);
#2119=ORIENTED_EDGE('',*,*,#3357,.T.);
#2120=ORIENTED_EDGE('',*,*,#3354,.T.);
#2121=ORIENTED_EDGE('',*,*,#3358,.F.);
#2122=ORIENTED_EDGE('',*,*,#3340,.F.);
#2123=ORIENTED_EDGE('',*,*,#3341,.T.);
#2124=ORIENTED_EDGE('',*,*,#3358,.T.);
#2125=ORIENTED_EDGE('',*,*,#3353,.F.);
#2126=ORIENTED_EDGE('',*,*,#3343,.T.);
#2127=ORIENTED_EDGE('',*,*,#3359,.T.);
#2128=ORIENTED_EDGE('',*,*,#3360,.F.);
#2129=ORIENTED_EDGE('',*,*,#3361,.F.);
#2130=ORIENTED_EDGE('',*,*,#3269,.T.);
#2131=ORIENTED_EDGE('',*,*,#3362,.T.);
#2132=ORIENTED_EDGE('',*,*,#3363,.F.);
#2133=ORIENTED_EDGE('',*,*,#3364,.F.);
#2134=ORIENTED_EDGE('',*,*,#3265,.T.);
#2135=ORIENTED_EDGE('',*,*,#3313,.T.);
#2136=ORIENTED_EDGE('',*,*,#3323,.T.);
#2137=ORIENTED_EDGE('',*,*,#3365,.T.);
#2138=ORIENTED_EDGE('',*,*,#3366,.F.);
#2139=ORIENTED_EDGE('',*,*,#3367,.F.);
#2140=ORIENTED_EDGE('',*,*,#3319,.T.);
#2141=ORIENTED_EDGE('',*,*,#3368,.T.);
#2142=ORIENTED_EDGE('',*,*,#3369,.F.);
#2143=ORIENTED_EDGE('',*,*,#3370,.F.);
#2144=ORIENTED_EDGE('',*,*,#3315,.T.);
#2145=ORIENTED_EDGE('',*,*,#3326,.T.);
#2146=ORIENTED_EDGE('',*,*,#3273,.T.);
#2147=ORIENTED_EDGE('',*,*,#3371,.T.);
#2148=ORIENTED_EDGE('',*,*,#3372,.T.);
#2149=ORIENTED_EDGE('',*,*,#3373,.T.);
#2150=ORIENTED_EDGE('',*,*,#3374,.F.);
#2151=ORIENTED_EDGE('',*,*,#3375,.T.);
#2152=ORIENTED_EDGE('',*,*,#3376,.T.);
#2153=ORIENTED_EDGE('',*,*,#3377,.T.);
#2154=ORIENTED_EDGE('',*,*,#3378,.F.);
#2155=ORIENTED_EDGE('',*,*,#3379,.T.);
#2156=ORIENTED_EDGE('',*,*,#3380,.F.);
#2157=ORIENTED_EDGE('',*,*,#3381,.T.);
#2158=ORIENTED_EDGE('',*,*,#3382,.T.);
#2159=ORIENTED_EDGE('',*,*,#3383,.T.);
#2160=ORIENTED_EDGE('',*,*,#3384,.F.);
#2161=ORIENTED_EDGE('',*,*,#3385,.T.);
#2162=ORIENTED_EDGE('',*,*,#3386,.T.);
#2163=ORIENTED_EDGE('',*,*,#3370,.T.);
#2164=ORIENTED_EDGE('',*,*,#3387,.T.);
#2165=ORIENTED_EDGE('',*,*,#3388,.F.);
#2166=ORIENTED_EDGE('',*,*,#3316,.F.);
#2167=ORIENTED_EDGE('',*,*,#3388,.T.);
#2168=ORIENTED_EDGE('',*,*,#3389,.T.);
#2169=ORIENTED_EDGE('',*,*,#3390,.T.);
#2170=ORIENTED_EDGE('',*,*,#3317,.T.);
#2171=ORIENTED_EDGE('',*,*,#3390,.F.);
#2172=ORIENTED_EDGE('',*,*,#3391,.F.);
#2173=ORIENTED_EDGE('',*,*,#3368,.F.);
#2174=ORIENTED_EDGE('',*,*,#3318,.T.);
#2175=ORIENTED_EDGE('',*,*,#3369,.T.);
#2176=ORIENTED_EDGE('',*,*,#3391,.T.);
#2177=ORIENTED_EDGE('',*,*,#3389,.F.);
#2178=ORIENTED_EDGE('',*,*,#3387,.F.);
#2179=ORIENTED_EDGE('',*,*,#3392,.F.);
#2180=ORIENTED_EDGE('',*,*,#3393,.F.);
#2181=ORIENTED_EDGE('',*,*,#3362,.F.);
#2182=ORIENTED_EDGE('',*,*,#3268,.T.);
#2183=ORIENTED_EDGE('',*,*,#3394,.T.);
#2184=ORIENTED_EDGE('',*,*,#3395,.T.);
#2185=ORIENTED_EDGE('',*,*,#3392,.T.);
#2186=ORIENTED_EDGE('',*,*,#3267,.T.);
#2187=ORIENTED_EDGE('',*,*,#3363,.T.);
#2188=ORIENTED_EDGE('',*,*,#3393,.T.);
#2189=ORIENTED_EDGE('',*,*,#3395,.F.);
#2190=ORIENTED_EDGE('',*,*,#3396,.F.);
#2191=ORIENTED_EDGE('',*,*,#3364,.T.);
#2192=ORIENTED_EDGE('',*,*,#3396,.T.);
#2193=ORIENTED_EDGE('',*,*,#3394,.F.);
#2194=ORIENTED_EDGE('',*,*,#3266,.F.);
#2195=ORIENTED_EDGE('',*,*,#3365,.F.);
#2196=ORIENTED_EDGE('',*,*,#3322,.T.);
#2197=ORIENTED_EDGE('',*,*,#3397,.F.);
#2198=ORIENTED_EDGE('',*,*,#3398,.F.);
#2199=ORIENTED_EDGE('',*,*,#3399,.T.);
#2200=ORIENTED_EDGE('',*,*,#3400,.T.);
#2201=ORIENTED_EDGE('',*,*,#3397,.T.);
#2202=ORIENTED_EDGE('',*,*,#3321,.T.);
#2203=ORIENTED_EDGE('',*,*,#3366,.T.);
#2204=ORIENTED_EDGE('',*,*,#3398,.T.);
#2205=ORIENTED_EDGE('',*,*,#3400,.F.);
#2206=ORIENTED_EDGE('',*,*,#3401,.F.);
#2207=ORIENTED_EDGE('',*,*,#3399,.F.);
#2208=ORIENTED_EDGE('',*,*,#3320,.F.);
#2209=ORIENTED_EDGE('',*,*,#3367,.T.);
#2210=ORIENTED_EDGE('',*,*,#3401,.T.);
#2211=ORIENTED_EDGE('',*,*,#3361,.T.);
#2212=ORIENTED_EDGE('',*,*,#3402,.T.);
#2213=ORIENTED_EDGE('',*,*,#3403,.F.);
#2214=ORIENTED_EDGE('',*,*,#3270,.F.);
#2215=ORIENTED_EDGE('',*,*,#3404,.T.);
#2216=ORIENTED_EDGE('',*,*,#3405,.T.);
#2217=ORIENTED_EDGE('',*,*,#3271,.T.);
#2218=ORIENTED_EDGE('',*,*,#3403,.T.);
#2219=ORIENTED_EDGE('',*,*,#3360,.T.);
#2220=ORIENTED_EDGE('',*,*,#3406,.T.);
#2221=ORIENTED_EDGE('',*,*,#3404,.F.);
#2222=ORIENTED_EDGE('',*,*,#3402,.F.);
#2223=ORIENTED_EDGE('',*,*,#3359,.F.);
#2224=ORIENTED_EDGE('',*,*,#3272,.T.);
#2225=ORIENTED_EDGE('',*,*,#3405,.F.);
#2226=ORIENTED_EDGE('',*,*,#3406,.F.);
#2227=ORIENTED_EDGE('',*,*,#3374,.T.);
#2228=ORIENTED_EDGE('',*,*,#3407,.F.);
#2229=ORIENTED_EDGE('',*,*,#3408,.F.);
#2230=ORIENTED_EDGE('',*,*,#3409,.T.);
#2231=ORIENTED_EDGE('',*,*,#3371,.F.);
#2232=ORIENTED_EDGE('',*,*,#3409,.F.);
#2233=ORIENTED_EDGE('',*,*,#3410,.F.);
#2234=ORIENTED_EDGE('',*,*,#3411,.F.);
#2235=ORIENTED_EDGE('',*,*,#3412,.F.);
#2236=ORIENTED_EDGE('',*,*,#3413,.T.);
#2237=ORIENTED_EDGE('',*,*,#3414,.T.);
#2238=ORIENTED_EDGE('',*,*,#3415,.T.);
#2239=ORIENTED_EDGE('',*,*,#3372,.F.);
#2240=ORIENTED_EDGE('',*,*,#3413,.F.);
#2241=ORIENTED_EDGE('',*,*,#3416,.T.);
#2242=ORIENTED_EDGE('',*,*,#3417,.T.);
#2243=ORIENTED_EDGE('',*,*,#3418,.T.);
#2244=ORIENTED_EDGE('',*,*,#3407,.T.);
#2245=ORIENTED_EDGE('',*,*,#3373,.F.);
#2246=ORIENTED_EDGE('',*,*,#3415,.F.);
#2247=ORIENTED_EDGE('',*,*,#3408,.T.);
#2248=ORIENTED_EDGE('',*,*,#3418,.F.);
#2249=ORIENTED_EDGE('',*,*,#3419,.F.);
#2250=ORIENTED_EDGE('',*,*,#3410,.T.);
#2251=ORIENTED_EDGE('',*,*,#3419,.T.);
#2252=ORIENTED_EDGE('',*,*,#3417,.F.);
#2253=ORIENTED_EDGE('',*,*,#3420,.F.);
#2254=ORIENTED_EDGE('',*,*,#3411,.T.);
#2255=ORIENTED_EDGE('',*,*,#3420,.T.);
#2256=ORIENTED_EDGE('',*,*,#3416,.F.);
#2257=ORIENTED_EDGE('',*,*,#3414,.F.);
#2258=ORIENTED_EDGE('',*,*,#3412,.T.);
#2259=ORIENTED_EDGE('',*,*,#3378,.T.);
#2260=ORIENTED_EDGE('',*,*,#3421,.F.);
#2261=ORIENTED_EDGE('',*,*,#3422,.F.);
#2262=ORIENTED_EDGE('',*,*,#3423,.T.);
#2263=ORIENTED_EDGE('',*,*,#3375,.F.);
#2264=ORIENTED_EDGE('',*,*,#3423,.F.);
#2265=ORIENTED_EDGE('',*,*,#3424,.F.);
#2266=ORIENTED_EDGE('',*,*,#3425,.F.);
#2267=ORIENTED_EDGE('',*,*,#3426,.F.);
#2268=ORIENTED_EDGE('',*,*,#3427,.T.);
#2269=ORIENTED_EDGE('',*,*,#3428,.T.);
#2270=ORIENTED_EDGE('',*,*,#3429,.T.);
#2271=ORIENTED_EDGE('',*,*,#3376,.F.);
#2272=ORIENTED_EDGE('',*,*,#3427,.F.);
#2273=ORIENTED_EDGE('',*,*,#3430,.T.);
#2274=ORIENTED_EDGE('',*,*,#3431,.T.);
#2275=ORIENTED_EDGE('',*,*,#3432,.T.);
#2276=ORIENTED_EDGE('',*,*,#3421,.T.);
#2277=ORIENTED_EDGE('',*,*,#3377,.F.);
#2278=ORIENTED_EDGE('',*,*,#3429,.F.);
#2279=ORIENTED_EDGE('',*,*,#3422,.T.);
#2280=ORIENTED_EDGE('',*,*,#3432,.F.);
#2281=ORIENTED_EDGE('',*,*,#3433,.F.);
#2282=ORIENTED_EDGE('',*,*,#3424,.T.);
#2283=ORIENTED_EDGE('',*,*,#3433,.T.);
#2284=ORIENTED_EDGE('',*,*,#3431,.F.);
#2285=ORIENTED_EDGE('',*,*,#3434,.F.);
#2286=ORIENTED_EDGE('',*,*,#3425,.T.);
#2287=ORIENTED_EDGE('',*,*,#3434,.T.);
#2288=ORIENTED_EDGE('',*,*,#3430,.F.);
#2289=ORIENTED_EDGE('',*,*,#3428,.F.);
#2290=ORIENTED_EDGE('',*,*,#3426,.T.);
#2291=ORIENTED_EDGE('',*,*,#3382,.F.);
#2292=ORIENTED_EDGE('',*,*,#3435,.F.);
#2293=ORIENTED_EDGE('',*,*,#3436,.T.);
#2294=ORIENTED_EDGE('',*,*,#3437,.T.);
#2295=ORIENTED_EDGE('',*,*,#3438,.T.);
#2296=ORIENTED_EDGE('',*,*,#3439,.T.);
#2297=ORIENTED_EDGE('',*,*,#3440,.T.);
#2298=ORIENTED_EDGE('',*,*,#3441,.T.);
#2299=ORIENTED_EDGE('',*,*,#3379,.F.);
#2300=ORIENTED_EDGE('',*,*,#3437,.F.);
#2301=ORIENTED_EDGE('',*,*,#3442,.F.);
#2302=ORIENTED_EDGE('',*,*,#3443,.T.);
#2303=ORIENTED_EDGE('',*,*,#3380,.T.);
#2304=ORIENTED_EDGE('',*,*,#3441,.F.);
#2305=ORIENTED_EDGE('',*,*,#3381,.F.);
#2306=ORIENTED_EDGE('',*,*,#3443,.F.);
#2307=ORIENTED_EDGE('',*,*,#3444,.F.);
#2308=ORIENTED_EDGE('',*,*,#3445,.F.);
#2309=ORIENTED_EDGE('',*,*,#3446,.F.);
#2310=ORIENTED_EDGE('',*,*,#3435,.T.);
#2311=ORIENTED_EDGE('',*,*,#3436,.F.);
#2312=ORIENTED_EDGE('',*,*,#3446,.T.);
#2313=ORIENTED_EDGE('',*,*,#3447,.T.);
#2314=ORIENTED_EDGE('',*,*,#3438,.F.);
#2315=ORIENTED_EDGE('',*,*,#3447,.F.);
#2316=ORIENTED_EDGE('',*,*,#3445,.T.);
#2317=ORIENTED_EDGE('',*,*,#3448,.T.);
#2318=ORIENTED_EDGE('',*,*,#3439,.F.);
#2319=ORIENTED_EDGE('',*,*,#3448,.F.);
#2320=ORIENTED_EDGE('',*,*,#3444,.T.);
#2321=ORIENTED_EDGE('',*,*,#3442,.T.);
#2322=ORIENTED_EDGE('',*,*,#3440,.F.);
#2323=ORIENTED_EDGE('',*,*,#3386,.F.);
#2324=ORIENTED_EDGE('',*,*,#3449,.F.);
#2325=ORIENTED_EDGE('',*,*,#3450,.T.);
#2326=ORIENTED_EDGE('',*,*,#3451,.T.);
#2327=ORIENTED_EDGE('',*,*,#3452,.T.);
#2328=ORIENTED_EDGE('',*,*,#3453,.T.);
#2329=ORIENTED_EDGE('',*,*,#3454,.T.);
#2330=ORIENTED_EDGE('',*,*,#3455,.T.);
#2331=ORIENTED_EDGE('',*,*,#3383,.F.);
#2332=ORIENTED_EDGE('',*,*,#3451,.F.);
#2333=ORIENTED_EDGE('',*,*,#3456,.F.);
#2334=ORIENTED_EDGE('',*,*,#3457,.T.);
#2335=ORIENTED_EDGE('',*,*,#3384,.T.);
#2336=ORIENTED_EDGE('',*,*,#3455,.F.);
#2337=ORIENTED_EDGE('',*,*,#3385,.F.);
#2338=ORIENTED_EDGE('',*,*,#3457,.F.);
#2339=ORIENTED_EDGE('',*,*,#3458,.F.);
#2340=ORIENTED_EDGE('',*,*,#3459,.F.);
#2341=ORIENTED_EDGE('',*,*,#3460,.F.);
#2342=ORIENTED_EDGE('',*,*,#3449,.T.);
#2343=ORIENTED_EDGE('',*,*,#3450,.F.);
#2344=ORIENTED_EDGE('',*,*,#3460,.T.);
#2345=ORIENTED_EDGE('',*,*,#3461,.T.);
#2346=ORIENTED_EDGE('',*,*,#3452,.F.);
#2347=ORIENTED_EDGE('',*,*,#3461,.F.);
#2348=ORIENTED_EDGE('',*,*,#3459,.T.);
#2349=ORIENTED_EDGE('',*,*,#3462,.T.);
#2350=ORIENTED_EDGE('',*,*,#3453,.F.);
#2351=ORIENTED_EDGE('',*,*,#3462,.F.);
#2352=ORIENTED_EDGE('',*,*,#3458,.T.);
#2353=ORIENTED_EDGE('',*,*,#3456,.T.);
#2354=ORIENTED_EDGE('',*,*,#3454,.F.);
#2355=ORIENTED_EDGE('',*,*,#2875,.F.);
#2356=ORIENTED_EDGE('',*,*,#2866,.F.);
#2357=ORIENTED_EDGE('',*,*,#2549,.T.);
#2358=ORIENTED_EDGE('',*,*,#3277,.F.);
#2359=ORIENTED_EDGE('',*,*,#2671,.F.);
#2360=ORIENTED_EDGE('',*,*,#3260,.F.);
#2361=ORIENTED_EDGE('',*,*,#2547,.T.);
#2362=ORIENTED_EDGE('',*,*,#2665,.F.);
#2363=ORIENTED_EDGE('',*,*,#2537,.F.);
#2364=ORIENTED_EDGE('',*,*,#2535,.F.);
#2365=ORIENTED_EDGE('',*,*,#2543,.F.);
#2366=ORIENTED_EDGE('',*,*,#2871,.T.);
#2367=ORIENTED_EDGE('',*,*,#2851,.T.);
#2368=ORIENTED_EDGE('',*,*,#2849,.T.);
#2369=ORIENTED_EDGE('',*,*,#2841,.T.);
#2370=ORIENTED_EDGE('',*,*,#2834,.F.);
#2371=ORIENTED_EDGE('',*,*,#3463,.T.);
#2372=ORIENTED_EDGE('',*,*,#2709,.F.);
#2373=ORIENTED_EDGE('',*,*,#3463,.F.);
#2374=ORIENTED_EDGE('',*,*,#2833,.F.);
#2375=ORIENTED_EDGE('',*,*,#2830,.F.);
#2376=ORIENTED_EDGE('',*,*,#2704,.T.);
#2377=ORIENTED_EDGE('',*,*,#3464,.T.);
#2378=ORIENTED_EDGE('',*,*,#3465,.F.);
#2379=ORIENTED_EDGE('',*,*,#3466,.F.);
#2380=ORIENTED_EDGE('',*,*,#2697,.T.);
#2381=ORIENTED_EDGE('',*,*,#3467,.T.);
#2382=ORIENTED_EDGE('',*,*,#3468,.T.);
#2383=ORIENTED_EDGE('',*,*,#3469,.T.);
#2384=ORIENTED_EDGE('',*,*,#3470,.T.);
#2385=ORIENTED_EDGE('',*,*,#3471,.T.);
#2386=ORIENTED_EDGE('',*,*,#3472,.T.);
#2387=ORIENTED_EDGE('',*,*,#3473,.T.);
#2388=ORIENTED_EDGE('',*,*,#3465,.T.);
#2389=ORIENTED_EDGE('',*,*,#3474,.T.);
#2390=ORIENTED_EDGE('',*,*,#3475,.T.);
#2391=ORIENTED_EDGE('',*,*,#3476,.F.);
#2392=ORIENTED_EDGE('',*,*,#3477,.F.);
#2393=ORIENTED_EDGE('',*,*,#3478,.F.);
#2394=ORIENTED_EDGE('',*,*,#3479,.F.);
#2395=ORIENTED_EDGE('',*,*,#3480,.F.);
#2396=ORIENTED_EDGE('',*,*,#3477,.T.);
#2397=ORIENTED_EDGE('',*,*,#3481,.F.);
#2398=ORIENTED_EDGE('',*,*,#3482,.F.);
#2399=ORIENTED_EDGE('',*,*,#3478,.T.);
#2400=ORIENTED_EDGE('',*,*,#3476,.T.);
#2401=ORIENTED_EDGE('',*,*,#3482,.T.);
#2402=ORIENTED_EDGE('',*,*,#3483,.F.);
#2403=ORIENTED_EDGE('',*,*,#3484,.F.);
#2404=ORIENTED_EDGE('',*,*,#3479,.T.);
#2405=ORIENTED_EDGE('',*,*,#3480,.T.);
#2406=ORIENTED_EDGE('',*,*,#3484,.T.);
#2407=ORIENTED_EDGE('',*,*,#3485,.F.);
#2408=ORIENTED_EDGE('',*,*,#3474,.F.);
#2409=ORIENTED_EDGE('',*,*,#3485,.T.);
#2410=ORIENTED_EDGE('',*,*,#3483,.T.);
#2411=ORIENTED_EDGE('',*,*,#3481,.T.);
#2412=ORIENTED_EDGE('',*,*,#3475,.F.);
#2413=ORIENTED_EDGE('',*,*,#3486,.T.);
#2414=ORIENTED_EDGE('',*,*,#3467,.F.);
#2415=ORIENTED_EDGE('',*,*,#3464,.F.);
#2416=ORIENTED_EDGE('',*,*,#2696,.T.);
#2417=ORIENTED_EDGE('',*,*,#3487,.T.);
#2418=ORIENTED_EDGE('',*,*,#3468,.F.);
#2419=ORIENTED_EDGE('',*,*,#3486,.F.);
#2420=ORIENTED_EDGE('',*,*,#2695,.T.);
#2421=ORIENTED_EDGE('',*,*,#3488,.T.);
#2422=ORIENTED_EDGE('',*,*,#3469,.F.);
#2423=ORIENTED_EDGE('',*,*,#3487,.F.);
#2424=ORIENTED_EDGE('',*,*,#2694,.T.);
#2425=ORIENTED_EDGE('',*,*,#3489,.T.);
#2426=ORIENTED_EDGE('',*,*,#3470,.F.);
#2427=ORIENTED_EDGE('',*,*,#3488,.F.);
#2428=ORIENTED_EDGE('',*,*,#2693,.T.);
#2429=ORIENTED_EDGE('',*,*,#3490,.T.);
#2430=ORIENTED_EDGE('',*,*,#3471,.F.);
#2431=ORIENTED_EDGE('',*,*,#3489,.F.);
#2432=ORIENTED_EDGE('',*,*,#2692,.T.);
#2433=ORIENTED_EDGE('',*,*,#3491,.T.);
#2434=ORIENTED_EDGE('',*,*,#3472,.F.);
#2435=ORIENTED_EDGE('',*,*,#3490,.F.);
#2436=ORIENTED_EDGE('',*,*,#2691,.T.);
#2437=ORIENTED_EDGE('',*,*,#3466,.T.);
#2438=ORIENTED_EDGE('',*,*,#3473,.F.);
#2439=ORIENTED_EDGE('',*,*,#3491,.F.);
#2440=ORIENTED_EDGE('',*,*,#2690,.T.);
#2441=ORIENTED_EDGE('',*,*,#2544,.F.);
#2442=ORIENTED_EDGE('',*,*,#2541,.F.);
#2443=ORIENTED_EDGE('',*,*,#2539,.F.);
#2444=ORIENTED_EDGE('',*,*,#2666,.T.);
#2445=ORIENTED_EDGE('',*,*,#3492,.F.);
#2446=ORIENTED_EDGE('',*,*,#3493,.T.);
#2447=ORIENTED_EDGE('',*,*,#3494,.F.);
#2448=ORIENTED_EDGE('',*,*,#3495,.T.);
#2449=ORIENTED_EDGE('',*,*,#3496,.T.);
#2450=ORIENTED_EDGE('',*,*,#3497,.F.);
#2451=ORIENTED_EDGE('',*,*,#3498,.T.);
#2452=ORIENTED_EDGE('',*,*,#3499,.T.);
#2453=ORIENTED_EDGE('',*,*,#3500,.F.);
#2454=ORIENTED_EDGE('',*,*,#3501,.F.);
#2455=ORIENTED_EDGE('',*,*,#3502,.T.);
#2456=ORIENTED_EDGE('',*,*,#3503,.T.);
#2457=ORIENTED_EDGE('',*,*,#3504,.F.);
#2458=ORIENTED_EDGE('',*,*,#3505,.T.);
#2459=ORIENTED_EDGE('',*,*,#3506,.T.);
#2460=ORIENTED_EDGE('',*,*,#3507,.F.);
#2461=ORIENTED_EDGE('',*,*,#3508,.T.);
#2462=ORIENTED_EDGE('',*,*,#3509,.F.);
#2463=ORIENTED_EDGE('',*,*,#3510,.T.);
#2464=ORIENTED_EDGE('',*,*,#3511,.F.);
#2465=ORIENTED_EDGE('',*,*,#3512,.F.);
#2466=ORIENTED_EDGE('',*,*,#3513,.F.);
#2467=ORIENTED_EDGE('',*,*,#3514,.T.);
#2468=ORIENTED_EDGE('',*,*,#3515,.F.);
#2469=ORIENTED_EDGE('',*,*,#3516,.T.);
#2470=ORIENTED_EDGE('',*,*,#3517,.T.);
#2471=ORIENTED_EDGE('',*,*,#3518,.F.);
#2472=ORIENTED_EDGE('',*,*,#3519,.T.);
#2473=ORIENTED_EDGE('',*,*,#3520,.T.);
#2474=ORIENTED_EDGE('',*,*,#3521,.F.);
#2475=ORIENTED_EDGE('',*,*,#3522,.T.);
#2476=ORIENTED_EDGE('',*,*,#3523,.F.);
#2477=ORIENTED_EDGE('',*,*,#3524,.T.);
#2478=ORIENTED_EDGE('',*,*,#3525,.F.);
#2479=ORIENTED_EDGE('',*,*,#3526,.T.);
#2480=ORIENTED_EDGE('',*,*,#3527,.F.);
#2481=ORIENTED_EDGE('',*,*,#3528,.F.);
#2482=ORIENTED_EDGE('',*,*,#3529,.F.);
#2483=ORIENTED_EDGE('',*,*,#3530,.F.);
#2484=ORIENTED_EDGE('',*,*,#3531,.T.);
#2485=ORIENTED_EDGE('',*,*,#3532,.F.);
#2486=ORIENTED_EDGE('',*,*,#3533,.T.);
#2487=ORIENTED_EDGE('',*,*,#3534,.T.);
#2488=ORIENTED_EDGE('',*,*,#3535,.F.);
#2489=ORIENTED_EDGE('',*,*,#3536,.T.);
#2490=ORIENTED_EDGE('',*,*,#3537,.T.);
#2491=ORIENTED_EDGE('',*,*,#3538,.F.);
#2492=ORIENTED_EDGE('',*,*,#3539,.F.);
#2493=ORIENTED_EDGE('',*,*,#3540,.F.);
#2494=ORIENTED_EDGE('',*,*,#3541,.F.);
#2495=ORIENTED_EDGE('',*,*,#3542,.T.);
#2496=ORIENTED_EDGE('',*,*,#3543,.F.);
#2497=EDGE_CURVE('',#3544,#3545,#4248,.T.);
#2498=EDGE_CURVE('',#3544,#3546,#4249,.T.);
#2499=EDGE_CURVE('',#3546,#3547,#4250,.F.);
#2500=EDGE_CURVE('',#3545,#3547,#4251,.T.);
#2501=EDGE_CURVE('',#3545,#3548,#4252,.T.);
#2502=EDGE_CURVE('',#3547,#3549,#4253,.T.);
#2503=EDGE_CURVE('',#3548,#3549,#4254,.T.);
#2504=EDGE_CURVE('',#3548,#3550,#4255,.T.);
#2505=EDGE_CURVE('',#3549,#3551,#4256,.F.);
#2506=EDGE_CURVE('',#3550,#3551,#4257,.T.);
#2507=EDGE_CURVE('',#3550,#3552,#4258,.T.);
#2508=EDGE_CURVE('',#3551,#3553,#4259,.T.);
#2509=EDGE_CURVE('',#3552,#3553,#4260,.T.);
#2510=EDGE_CURVE('',#3552,#3554,#4261,.T.);
#2511=EDGE_CURVE('',#3553,#3555,#4262,.F.);
#2512=EDGE_CURVE('',#3554,#3555,#4263,.T.);
#2513=EDGE_CURVE('',#3554,#3556,#4264,.T.);
#2514=EDGE_CURVE('',#3555,#3557,#4265,.T.);
#2515=EDGE_CURVE('',#3556,#3557,#4266,.T.);
#2516=EDGE_CURVE('',#3556,#3544,#4267,.T.);
#2517=EDGE_CURVE('',#3557,#3546,#4268,.T.);
#2518=EDGE_CURVE('',#3558,#3559,#4269,.T.);
#2519=EDGE_CURVE('',#3558,#3560,#307,.T.);
#2520=EDGE_CURVE('',#3560,#3561,#4270,.T.);
#2521=EDGE_CURVE('',#3561,#3562,#4271,.T.);
#2522=EDGE_CURVE('',#3563,#3562,#4272,.T.);
#2523=EDGE_CURVE('',#3563,#3559,#308,.F.);
#2524=EDGE_CURVE('',#3559,#3564,#4273,.F.);
#2525=EDGE_CURVE('',#3563,#3565,#4274,.T.);
#2526=EDGE_CURVE('',#3564,#3565,#309,.T.);
#2527=EDGE_CURVE('',#3566,#3565,#4275,.F.);
#2528=EDGE_CURVE('',#3567,#3566,#4276,.T.);
#2529=EDGE_CURVE('',#3567,#3568,#4277,.T.);
#2530=EDGE_CURVE('',#3568,#3569,#310,.F.);
#2531=EDGE_CURVE('',#3569,#3564,#4278,.T.);
#2532=EDGE_CURVE('',#3569,#3558,#4279,.T.);
#2533=EDGE_CURVE('',#3568,#3560,#4280,.T.);
#2534=EDGE_CURVE('',#3567,#3570,#311,.T.);
#2535=EDGE_CURVE('',#3570,#3571,#4281,.F.);
#2536=EDGE_CURVE('',#3561,#3571,#312,.T.);
#2537=EDGE_CURVE('',#3571,#3572,#126,.T.);
#2538=EDGE_CURVE('',#3573,#3572,#4282,.F.);
#2539=EDGE_CURVE('',#3573,#3574,#127,.T.);
#2540=EDGE_CURVE('',#3562,#3574,#313,.T.);
#2541=EDGE_CURVE('',#3574,#3575,#4283,.F.);
#2542=EDGE_CURVE('',#3566,#3575,#314,.T.);
#2543=EDGE_CURVE('',#3576,#3570,#128,.T.);
#2544=EDGE_CURVE('',#3575,#3577,#129,.T.);
#2545=EDGE_CURVE('',#3576,#3577,#4284,.T.);
#2546=EDGE_CURVE('',#3577,#3578,#4285,.T.);
#2547=EDGE_CURVE('',#3579,#3578,#4286,.T.);
#2548=EDGE_CURVE('',#3580,#3579,#4287,.T.);
#2549=EDGE_CURVE('',#3581,#3580,#4288,.T.);
#2550=EDGE_CURVE('',#3581,#3576,#4289,.T.);
#2551=EDGE_CURVE('',#3582,#3583,#315,.T.);
#2552=EDGE_CURVE('',#3582,#3584,#4290,.T.);
#2553=EDGE_CURVE('',#3584,#3585,#316,.T.);
#2554=EDGE_CURVE('',#3585,#3586,#4291,.T.);
#2555=EDGE_CURVE('',#3586,#3587,#317,.T.);
#2556=EDGE_CURVE('',#3587,#3588,#4292,.T.);
#2557=EDGE_CURVE('',#3583,#3588,#318,.T.);
#2558=EDGE_CURVE('',#3589,#3590,#319,.T.);
#2559=EDGE_CURVE('',#3589,#3591,#4293,.T.);
#2560=EDGE_CURVE('',#3591,#3592,#320,.F.);
#2561=EDGE_CURVE('',#3592,#3593,#4294,.T.);
#2562=EDGE_CURVE('',#3593,#3594,#321,.F.);
#2563=EDGE_CURVE('',#3594,#3595,#4295,.T.);
#2564=EDGE_CURVE('',#3590,#3595,#322,.T.);
#2565=EDGE_CURVE('',#3596,#3597,#4296,.F.);
#2566=EDGE_CURVE('',#3595,#3597,#4297,.F.);
#2567=EDGE_CURVE('',#3594,#3596,#4298,.F.);
#2568=EDGE_CURVE('',#3598,#3593,#18,.F.);
#2569=EDGE_CURVE('',#3599,#3598,#4299,.T.);
#2570=EDGE_CURVE('',#3600,#3599,#19,.F.);
#2571=EDGE_CURVE('',#3596,#3600,#323,.T.);
#2572=EDGE_CURVE('',#3601,#3572,#4300,.F.);
#2573=EDGE_CURVE('',#3602,#3601,#4301,.T.);
#2574=EDGE_CURVE('',#3602,#3603,#4302,.T.);
#2575=EDGE_CURVE('',#3604,#3603,#4303,.T.);
#2576=EDGE_CURVE('',#3573,#3604,#4304,.F.);
#2577=EDGE_CURVE('',#3605,#3606,#324,.F.);
#2578=EDGE_CURVE('',#3607,#3606,#4305,.F.);
#2579=EDGE_CURVE('',#3607,#3608,#325,.T.);
#2580=EDGE_CURVE('',#3608,#3609,#326,.T.);
#2581=EDGE_CURVE('',#3610,#3609,#4306,.F.);
#2582=EDGE_CURVE('',#3610,#3611,#327,.F.);
#2583=EDGE_CURVE('',#3611,#3605,#4307,.F.);
#2584=EDGE_CURVE('',#3612,#3613,#328,.T.);
#2585=EDGE_CURVE('',#3614,#3613,#4308,.F.);
#2586=EDGE_CURVE('',#3614,#3615,#329,.T.);
#2587=EDGE_CURVE('',#3615,#3597,#330,.T.);
#2588=EDGE_CURVE('',#3600,#3612,#4309,.F.);
#2589=EDGE_CURVE('',#3616,#3599,#4310,.T.);
#2590=EDGE_CURVE('',#3617,#3616,#4311,.T.);
#2591=EDGE_CURVE('',#3617,#3618,#4312,.T.);
#2592=EDGE_CURVE('',#3618,#3612,#20,.F.);
#2593=EDGE_CURVE('',#3613,#3591,#4313,.T.);
#2594=EDGE_CURVE('',#3619,#3618,#4314,.F.);
#2595=EDGE_CURVE('',#3592,#3619,#21,.F.);
#2596=EDGE_CURVE('',#3620,#3621,#4315,.T.);
#2597=EDGE_CURVE('',#3621,#3598,#4316,.T.);
#2598=EDGE_CURVE('',#3620,#3619,#4317,.T.);
#2599=EDGE_CURVE('',#3620,#3622,#22,.T.);
#2600=EDGE_CURVE('',#3622,#3623,#4318,.T.);
#2601=EDGE_CURVE('',#3621,#3623,#23,.F.);
#2602=EDGE_CURVE('',#3624,#3622,#24,.T.);
#2603=EDGE_CURVE('',#3624,#3625,#4319,.T.);
#2604=EDGE_CURVE('',#3625,#3623,#25,.F.);
#2605=EDGE_CURVE('',#3625,#3626,#4320,.T.);
#2606=EDGE_CURVE('',#3624,#3627,#4321,.T.);
#2607=EDGE_CURVE('',#3627,#3628,#26,.T.);
#2608=EDGE_CURVE('',#3628,#3629,#4322,.T.);
#2609=EDGE_CURVE('',#3629,#3626,#27,.T.);
#2610=EDGE_CURVE('',#3628,#3630,#4323,.T.);
#2611=EDGE_CURVE('',#3627,#3631,#4324,.T.);
#2612=EDGE_CURVE('',#3630,#3631,#28,.T.);
#2613=EDGE_CURVE('',#3630,#3632,#4325,.T.);
#2614=EDGE_CURVE('',#3631,#3633,#4326,.T.);
#2615=EDGE_CURVE('',#3633,#3634,#4327,.T.);
#2616=EDGE_CURVE('',#3635,#3634,#4328,.T.);
#2617=EDGE_CURVE('',#3635,#3632,#29,.T.);
#2618=EDGE_CURVE('',#3632,#3629,#4329,.T.);
#2619=EDGE_CURVE('',#3635,#3626,#4330,.T.);
#2620=EDGE_CURVE('',#3589,#3614,#4331,.F.);
#2621=EDGE_CURVE('',#3636,#3637,#4332,.T.);
#2622=EDGE_CURVE('',#3617,#3636,#30,.T.);
#2623=EDGE_CURVE('',#3616,#3637,#31,.F.);
#2624=EDGE_CURVE('',#3582,#3607,#4333,.F.);
#2625=EDGE_CURVE('',#3606,#3584,#4334,.T.);
#2626=EDGE_CURVE('',#3638,#3605,#32,.T.);
#2627=EDGE_CURVE('',#3639,#3638,#4335,.F.);
#2628=EDGE_CURVE('',#3585,#3639,#33,.T.);
#2629=EDGE_CURVE('',#3640,#3639,#4336,.T.);
#2630=EDGE_CURVE('',#3641,#3640,#4337,.F.);
#2631=EDGE_CURVE('',#3641,#3642,#4338,.T.);
#2632=EDGE_CURVE('',#3642,#3586,#34,.T.);
#2633=EDGE_CURVE('',#3587,#3610,#4339,.F.);
#2634=EDGE_CURVE('',#3643,#3642,#4340,.T.);
#2635=EDGE_CURVE('',#3611,#3643,#35,.T.);
#2636=EDGE_CURVE('',#3644,#3645,#4341,.T.);
#2637=EDGE_CURVE('',#3645,#3638,#4342,.T.);
#2638=EDGE_CURVE('',#3644,#3643,#4343,.T.);
#2639=EDGE_CURVE('',#3646,#3647,#4344,.F.);
#2640=EDGE_CURVE('',#3645,#3647,#36,.T.);
#2641=EDGE_CURVE('',#3644,#3646,#37,.F.);
#2642=EDGE_CURVE('',#3588,#3609,#4345,.F.);
#2643=EDGE_CURVE('',#3640,#3648,#38,.T.);
#2644=EDGE_CURVE('',#3649,#3648,#4346,.F.);
#2645=EDGE_CURVE('',#3641,#3649,#39,.F.);
#2646=EDGE_CURVE('',#3650,#3648,#40,.T.);
#2647=EDGE_CURVE('',#3651,#3650,#4347,.T.);
#2648=EDGE_CURVE('',#3651,#3649,#41,.F.);
#2649=EDGE_CURVE('',#3651,#3652,#4348,.T.);
#2650=EDGE_CURVE('',#3650,#3653,#4349,.T.);
#2651=EDGE_CURVE('',#3653,#3654,#42,.F.);
#2652=EDGE_CURVE('',#3655,#3654,#4350,.T.);
#2653=EDGE_CURVE('',#3655,#3652,#43,.F.);
#2654=EDGE_CURVE('',#3656,#3655,#4351,.T.);
#2655=EDGE_CURVE('',#3657,#3656,#44,.F.);
#2656=EDGE_CURVE('',#3657,#3652,#4352,.T.);
#2657=EDGE_CURVE('',#3654,#3658,#4353,.T.);
#2658=EDGE_CURVE('',#3656,#3658,#4354,.T.);
#2659=EDGE_CURVE('',#3658,#3659,#45,.F.);
#2660=EDGE_CURVE('',#3659,#3660,#4355,.T.);
#2661=EDGE_CURVE('',#3661,#3660,#4356,.F.);
#2662=EDGE_CURVE('',#3657,#3661,#4357,.T.);
#2663=EDGE_CURVE('',#3653,#3659,#4358,.T.);
#2664=EDGE_CURVE('',#3662,#3663,#4359,.F.);
#2665=EDGE_CURVE('',#3663,#3578,#331,.T.);
#2666=EDGE_CURVE('',#3573,#3577,#4360,.T.);
#2667=EDGE_CURVE('',#3604,#3664,#332,.T.);
#2668=EDGE_CURVE('',#3665,#3664,#4361,.T.);
#2669=EDGE_CURVE('',#3662,#3665,#4362,.T.);
#2670=EDGE_CURVE('',#3666,#3667,#4363,.T.);
#2671=EDGE_CURVE('',#3667,#3663,#4364,.F.);
#2672=EDGE_CURVE('',#3662,#3668,#4365,.F.);
#2673=EDGE_CURVE('',#3669,#3668,#4366,.F.);
#2674=EDGE_CURVE('',#3669,#3670,#4367,.T.);
#2675=EDGE_CURVE('',#3670,#3671,#4368,.F.);
#2676=EDGE_CURVE('',#3672,#3671,#4369,.T.);
#2677=EDGE_CURVE('',#3666,#3672,#4370,.T.);
#2678=EDGE_CURVE('',#3673,#3674,#333,.T.);
#2679=EDGE_CURVE('',#3675,#3674,#4371,.T.);
#2680=EDGE_CURVE('',#3676,#3675,#334,.T.);
#2681=EDGE_CURVE('',#3677,#3676,#4372,.T.);
#2682=EDGE_CURVE('',#3678,#3677,#335,.T.);
#2683=EDGE_CURVE('',#3679,#3678,#4373,.T.);
#2684=EDGE_CURVE('',#3680,#3679,#336,.T.);
#2685=EDGE_CURVE('',#3681,#3680,#4374,.T.);
#2686=EDGE_CURVE('',#3681,#3682,#337,.T.);
#2687=EDGE_CURVE('',#3682,#3683,#4375,.T.);
#2688=EDGE_CURVE('',#3683,#3684,#338,.T.);
#2689=EDGE_CURVE('',#3673,#3684,#4376,.T.);
#2690=EDGE_CURVE('',#3685,#3686,#4377,.T.);
#2691=EDGE_CURVE('',#3687,#3685,#339,.T.);
#2692=EDGE_CURVE('',#3688,#3687,#4378,.T.);
#2693=EDGE_CURVE('',#3689,#3688,#340,.T.);
#2694=EDGE_CURVE('',#3690,#3689,#4379,.T.);
#2695=EDGE_CURVE('',#3691,#3690,#341,.T.);
#2696=EDGE_CURVE('',#3692,#3691,#4380,.T.);
#2697=EDGE_CURVE('',#3686,#3692,#342,.T.);
#2698=EDGE_CURVE('',#3693,#3694,#4381,.F.);
#2699=EDGE_CURVE('',#3694,#3669,#343,.F.);
#2700=EDGE_CURVE('',#3695,#3668,#4382,.T.);
#2701=EDGE_CURVE('',#3696,#3695,#4383,.T.);
#2702=EDGE_CURVE('',#3696,#3697,#344,.F.);
#2703=EDGE_CURVE('',#3698,#3697,#4384,.T.);
#2704=EDGE_CURVE('',#3693,#3698,#4385,.T.);
#2705=EDGE_CURVE('',#3699,#3697,#4386,.T.);
#2706=EDGE_CURVE('',#3700,#3699,#4387,.T.);
#2707=EDGE_CURVE('',#3701,#3700,#4388,.T.);
#2708=EDGE_CURVE('',#3701,#3702,#4389,.T.);
#2709=EDGE_CURVE('',#3702,#3698,#4390,.T.);
#2710=EDGE_CURVE('',#3703,#3704,#345,.T.);
#2711=EDGE_CURVE('',#3705,#3703,#4391,.T.);
#2712=EDGE_CURVE('',#3705,#3706,#346,.T.);
#2713=EDGE_CURVE('',#3706,#3707,#4392,.T.);
#2714=EDGE_CURVE('',#3707,#3708,#347,.T.);
#2715=EDGE_CURVE('',#3709,#3708,#4393,.T.);
#2716=EDGE_CURVE('',#3704,#3709,#348,.T.);
#2717=EDGE_CURVE('',#3710,#3711,#349,.T.);
#2718=EDGE_CURVE('',#3712,#3711,#4394,.T.);
#2719=EDGE_CURVE('',#3713,#3712,#350,.T.);
#2720=EDGE_CURVE('',#3714,#3713,#351,.T.);
#2721=EDGE_CURVE('',#3715,#3714,#4395,.T.);
#2722=EDGE_CURVE('',#3715,#3716,#352,.T.);
#2723=EDGE_CURVE('',#3716,#3710,#4396,.T.);
#2724=EDGE_CURVE('',#3717,#3718,#4397,.T.);
#2725=EDGE_CURVE('',#3712,#3717,#4398,.F.);
#2726=EDGE_CURVE('',#3711,#3718,#4399,.F.);
#2727=EDGE_CURVE('',#3719,#3717,#353,.T.);
#2728=EDGE_CURVE('',#3720,#3719,#354,.T.);
#2729=EDGE_CURVE('',#3714,#3720,#4400,.F.);
#2730=EDGE_CURVE('',#3721,#3720,#4401,.T.);
#2731=EDGE_CURVE('',#3721,#3715,#4402,.T.);
#2732=EDGE_CURVE('',#3722,#3723,#4403,.F.);
#2733=EDGE_CURVE('',#3724,#3722,#4404,.T.);
#2734=EDGE_CURVE('',#3725,#3724,#4405,.T.);
#2735=EDGE_CURVE('',#3694,#3725,#4406,.T.);
#2736=EDGE_CURVE('',#3693,#3723,#4407,.F.);
#2737=EDGE_CURVE('',#3726,#3727,#355,.F.);
#2738=EDGE_CURVE('',#3727,#3728,#4408,.T.);
#2739=EDGE_CURVE('',#3728,#3729,#356,.T.);
#2740=EDGE_CURVE('',#3729,#3730,#357,.T.);
#2741=EDGE_CURVE('',#3730,#3731,#4409,.T.);
#2742=EDGE_CURVE('',#3731,#3732,#358,.F.);
#2743=EDGE_CURVE('',#3732,#3726,#4410,.F.);
#2744=EDGE_CURVE('',#3718,#3733,#359,.F.);
#2745=EDGE_CURVE('',#3733,#3734,#4411,.F.);
#2746=EDGE_CURVE('',#3734,#3721,#360,.F.);
#2747=EDGE_CURVE('',#3735,#3710,#46,.F.);
#2748=EDGE_CURVE('',#3736,#3735,#4412,.F.);
#2749=EDGE_CURVE('',#3733,#3736,#47,.F.);
#2750=EDGE_CURVE('',#3716,#3737,#48,.F.);
#2751=EDGE_CURVE('',#3738,#3737,#4413,.T.);
#2752=EDGE_CURVE('',#3738,#3739,#4414,.T.);
#2753=EDGE_CURVE('',#3739,#3735,#4415,.T.);
#2754=EDGE_CURVE('',#3740,#3734,#49,.F.);
#2755=EDGE_CURVE('',#3737,#3740,#4416,.T.);
#2756=EDGE_CURVE('',#3741,#3742,#4417,.T.);
#2757=EDGE_CURVE('',#3741,#3743,#50,.T.);
#2758=EDGE_CURVE('',#3743,#3738,#51,.F.);
#2759=EDGE_CURVE('',#3744,#3740,#4418,.T.);
#2760=EDGE_CURVE('',#3745,#3744,#52,.F.);
#2761=EDGE_CURVE('',#3745,#3746,#53,.F.);
#2762=EDGE_CURVE('',#3747,#3746,#4419,.T.);
#2763=EDGE_CURVE('',#3742,#3747,#4420,.T.);
#2764=EDGE_CURVE('',#3748,#3749,#4421,.T.);
#2765=EDGE_CURVE('',#3742,#3748,#54,.T.);
#2766=EDGE_CURVE('',#3749,#3747,#55,.T.);
#2767=EDGE_CURVE('',#3749,#3750,#4422,.T.);
#2768=EDGE_CURVE('',#3746,#3751,#4423,.T.);
#2769=EDGE_CURVE('',#3752,#3751,#4424,.T.);
#2770=EDGE_CURVE('',#3752,#3750,#56,.T.);
#2771=EDGE_CURVE('',#3750,#3753,#4425,.T.);
#2772=EDGE_CURVE('',#3752,#3754,#4426,.T.);
#2773=EDGE_CURVE('',#3753,#3754,#57,.T.);
#2774=EDGE_CURVE('',#3755,#3754,#4427,.T.);
#2775=EDGE_CURVE('',#3741,#3755,#4428,.T.);
#2776=EDGE_CURVE('',#3748,#3753,#4429,.T.);
#2777=EDGE_CURVE('',#3743,#3756,#4430,.T.);
#2778=EDGE_CURVE('',#3756,#3755,#58,.T.);
#2779=EDGE_CURVE('',#3757,#3751,#59,.T.);
#2780=EDGE_CURVE('',#3757,#3758,#60,.T.);
#2781=EDGE_CURVE('',#3758,#3736,#4431,.T.);
#2782=EDGE_CURVE('',#3756,#3739,#61,.T.);
#2783=EDGE_CURVE('',#3744,#3758,#4432,.T.);
#2784=EDGE_CURVE('',#3745,#3757,#4433,.T.);
#2785=EDGE_CURVE('',#3759,#3760,#4434,.T.);
#2786=EDGE_CURVE('',#3760,#3761,#4435,.T.);
#2787=EDGE_CURVE('',#3761,#3726,#62,.T.);
#2788=EDGE_CURVE('',#3732,#3762,#63,.T.);
#2789=EDGE_CURVE('',#3759,#3762,#4436,.T.);
#2790=EDGE_CURVE('',#3763,#3764,#4437,.T.);
#2791=EDGE_CURVE('',#3765,#3764,#64,.T.);
#2792=EDGE_CURVE('',#3765,#3759,#65,.T.);
#2793=EDGE_CURVE('',#3762,#3766,#4438,.F.);
#2794=EDGE_CURVE('',#3767,#3766,#4439,.T.);
#2795=EDGE_CURVE('',#3768,#3767,#66,.T.);
#2796=EDGE_CURVE('',#3768,#3769,#67,.T.);
#2797=EDGE_CURVE('',#3769,#3770,#4440,.T.);
#2798=EDGE_CURVE('',#3763,#3770,#4441,.T.);
#2799=EDGE_CURVE('',#3771,#3772,#4442,.T.);
#2800=EDGE_CURVE('',#3763,#3771,#68,.F.);
#2801=EDGE_CURVE('',#3772,#3770,#69,.F.);
#2802=EDGE_CURVE('',#3769,#3773,#4443,.T.);
#2803=EDGE_CURVE('',#3773,#3774,#4444,.T.);
#2804=EDGE_CURVE('',#3774,#3775,#70,.F.);
#2805=EDGE_CURVE('',#3772,#3775,#4445,.T.);
#2806=EDGE_CURVE('',#3775,#3776,#4446,.T.);
#2807=EDGE_CURVE('',#3771,#3776,#4447,.T.);
#2808=EDGE_CURVE('',#3776,#3777,#71,.F.);
#2809=EDGE_CURVE('',#3777,#3778,#4448,.T.);
#2810=EDGE_CURVE('',#3764,#3778,#4449,.F.);
#2811=EDGE_CURVE('',#3779,#3778,#72,.F.);
#2812=EDGE_CURVE('',#3765,#3779,#4450,.F.);
#2813=EDGE_CURVE('',#3779,#3760,#73,.F.);
#2814=EDGE_CURVE('',#3773,#3780,#74,.T.);
#2815=EDGE_CURVE('',#3780,#3781,#75,.F.);
#2816=EDGE_CURVE('',#3781,#3782,#4451,.T.);
#2817=EDGE_CURVE('',#3782,#3761,#4452,.T.);
#2818=EDGE_CURVE('',#3774,#3777,#4453,.T.);
#2819=EDGE_CURVE('',#3706,#3782,#76,.T.);
#2820=EDGE_CURVE('',#3727,#3705,#4454,.T.);
#2821=EDGE_CURVE('',#3703,#3728,#4455,.F.);
#2822=EDGE_CURVE('',#3709,#3730,#4456,.F.);
#2823=EDGE_CURVE('',#3708,#3731,#4457,.F.);
#2824=EDGE_CURVE('',#3766,#3707,#77,.T.);
#2825=EDGE_CURVE('',#3767,#3781,#4458,.F.);
#2826=EDGE_CURVE('',#3768,#3780,#4459,.F.);
#2827=EDGE_CURVE('',#3783,#3784,#4460,.T.);
#2828=EDGE_CURVE('',#3785,#3783,#361,.T.);
#2829=EDGE_CURVE('',#3785,#3723,#130,.T.);
#2830=EDGE_CURVE('',#3693,#3786,#131,.T.);
#2831=EDGE_CURVE('',#3786,#3784,#362,.T.);
#2832=EDGE_CURVE('',#3787,#3784,#4461,.F.);
#2833=EDGE_CURVE('',#3786,#3788,#4462,.F.);
#2834=EDGE_CURVE('',#3788,#3789,#363,.T.);
#2835=EDGE_CURVE('',#3789,#3790,#4463,.T.);
#2836=EDGE_CURVE('',#3787,#3790,#4464,.T.);
#2837=EDGE_CURVE('',#3791,#3792,#4465,.F.);
#2838=EDGE_CURVE('',#3787,#3791,#364,.F.);
#2839=EDGE_CURVE('',#3792,#3790,#365,.T.);
#2840=EDGE_CURVE('',#3793,#3792,#4466,.T.);
#2841=EDGE_CURVE('',#3794,#3789,#4467,.T.);
#2842=EDGE_CURVE('',#3794,#3795,#4468,.T.);
#2843=EDGE_CURVE('',#3795,#3793,#366,.F.);
#2844=EDGE_CURVE('',#3793,#3796,#4469,.T.);
#2845=EDGE_CURVE('',#3795,#3797,#4470,.T.);
#2846=EDGE_CURVE('',#3796,#3797,#367,.T.);
#2847=EDGE_CURVE('',#3797,#3783,#4471,.T.);
#2848=EDGE_CURVE('',#3796,#3791,#4472,.T.);
#2849=EDGE_CURVE('',#3798,#3794,#368,.T.);
#2850=EDGE_CURVE('',#3798,#3785,#4473,.F.);
#2851=EDGE_CURVE('',#3702,#3798,#132,.T.);
#2852=EDGE_CURVE('',#3702,#3723,#4474,.T.);
#2853=EDGE_CURVE('',#3799,#3800,#4475,.T.);
#2854=EDGE_CURVE('',#3799,#3722,#369,.T.);
#2855=EDGE_CURVE('',#3701,#3801,#370,.T.);
#2856=EDGE_CURVE('',#3801,#3802,#4476,.F.);
#2857=EDGE_CURVE('',#3800,#3802,#4477,.T.);
#2858=EDGE_CURVE('',#3803,#3802,#133,.T.);
#2859=EDGE_CURVE('',#3804,#3803,#4478,.F.);
#2860=EDGE_CURVE('',#3800,#3804,#134,.T.);
#2861=EDGE_CURVE('',#3805,#3804,#371,.T.);
#2862=EDGE_CURVE('',#3805,#3806,#4479,.T.);
#2863=EDGE_CURVE('',#3806,#3807,#372,.T.);
#2864=EDGE_CURVE('',#3807,#3808,#135,.T.);
#2865=EDGE_CURVE('',#3800,#3808,#4480,.T.);
#2866=EDGE_CURVE('',#3581,#3809,#373,.F.);
#2867=EDGE_CURVE('',#3808,#3809,#4481,.T.);
#2868=EDGE_CURVE('',#3810,#3808,#4482,.T.);
#2869=EDGE_CURVE('',#3810,#3811,#4483,.F.);
#2870=EDGE_CURVE('',#3811,#3601,#374,.F.);
#2871=EDGE_CURVE('',#3576,#3572,#4484,.T.);
#2872=EDGE_CURVE('',#3812,#3813,#4485,.F.);
#2873=EDGE_CURVE('',#3813,#3814,#4486,.T.);
#2874=EDGE_CURVE('',#3814,#3799,#4487,.F.);
#2875=EDGE_CURVE('',#3809,#3815,#4488,.T.);
#2876=EDGE_CURVE('',#3816,#3815,#4489,.T.);
#2877=EDGE_CURVE('',#3812,#3816,#4490,.F.);
#2878=EDGE_CURVE('',#3817,#3818,#375,.T.);
#2879=EDGE_CURVE('',#3818,#3819,#4491,.T.);
#2880=EDGE_CURVE('',#3819,#3820,#376,.T.);
#2881=EDGE_CURVE('',#3820,#3821,#4492,.F.);
#2882=EDGE_CURVE('',#3821,#3822,#377,.T.);
#2883=EDGE_CURVE('',#3822,#3823,#4493,.F.);
#2884=EDGE_CURVE('',#3824,#3823,#378,.T.);
#2885=EDGE_CURVE('',#3824,#3825,#4494,.T.);
#2886=EDGE_CURVE('',#3825,#3826,#379,.F.);
#2887=EDGE_CURVE('',#3826,#3827,#4495,.F.);
#2888=EDGE_CURVE('',#3827,#3828,#380,.F.);
#2889=EDGE_CURVE('',#3828,#3817,#4496,.T.);
#2890=EDGE_CURVE('',#3829,#3830,#4497,.T.);
#2891=EDGE_CURVE('',#3831,#3829,#381,.T.);
#2892=EDGE_CURVE('',#3832,#3831,#4498,.T.);
#2893=EDGE_CURVE('',#3833,#3832,#382,.T.);
#2894=EDGE_CURVE('',#3834,#3833,#4499,.T.);
#2895=EDGE_CURVE('',#3835,#3834,#383,.T.);
#2896=EDGE_CURVE('',#3836,#3835,#4500,.T.);
#2897=EDGE_CURVE('',#3830,#3836,#384,.T.);
#2898=EDGE_CURVE('',#3836,#3837,#4501,.F.);
#2899=EDGE_CURVE('',#3838,#3837,#385,.T.);
#2900=EDGE_CURVE('',#3830,#3838,#4502,.F.);
#2901=EDGE_CURVE('',#3839,#3838,#4503,.F.);
#2902=EDGE_CURVE('',#3829,#3839,#4504,.F.);
#2903=EDGE_CURVE('',#3840,#3839,#386,.T.);
#2904=EDGE_CURVE('',#3831,#3840,#4505,.F.);
#2905=EDGE_CURVE('',#3841,#3840,#4506,.F.);
#2906=EDGE_CURVE('',#3832,#3841,#4507,.F.);
#2907=EDGE_CURVE('',#3842,#3841,#387,.T.);
#2908=EDGE_CURVE('',#3833,#3842,#4508,.F.);
#2909=EDGE_CURVE('',#3843,#3842,#4509,.T.);
#2910=EDGE_CURVE('',#3834,#3843,#4510,.F.);
#2911=EDGE_CURVE('',#3844,#3843,#388,.T.);
#2912=EDGE_CURVE('',#3835,#3844,#4511,.F.);
#2913=EDGE_CURVE('',#3837,#3844,#4512,.T.);
#2914=EDGE_CURVE('',#3845,#3846,#4513,.F.);
#2915=EDGE_CURVE('',#3847,#3846,#4514,.T.);
#2916=EDGE_CURVE('',#3848,#3847,#4515,.T.);
#2917=EDGE_CURVE('',#3848,#3845,#4516,.F.);
#2918=EDGE_CURVE('',#3849,#3848,#4517,.T.);
#2919=EDGE_CURVE('',#3850,#3849,#4518,.T.);
#2920=EDGE_CURVE('',#3845,#3850,#4519,.T.);
#2921=EDGE_CURVE('',#3851,#3847,#4520,.F.);
#2922=EDGE_CURVE('',#3849,#3851,#4521,.T.);
#2923=EDGE_CURVE('',#3846,#3852,#4522,.T.);
#2924=EDGE_CURVE('',#3852,#3851,#4523,.F.);
#2925=EDGE_CURVE('',#3850,#3852,#4524,.T.);
#2926=EDGE_CURVE('',#3853,#3824,#4525,.F.);
#2927=EDGE_CURVE('',#3853,#3854,#4526,.T.);
#2928=EDGE_CURVE('',#3854,#3825,#4527,.F.);
#2929=EDGE_CURVE('',#3855,#3823,#4528,.F.);
#2930=EDGE_CURVE('',#3853,#3855,#389,.T.);
#2931=EDGE_CURVE('',#3856,#3822,#4529,.F.);
#2932=EDGE_CURVE('',#3856,#3855,#4530,.T.);
#2933=EDGE_CURVE('',#3857,#3821,#4531,.F.);
#2934=EDGE_CURVE('',#3857,#3856,#390,.T.);
#2935=EDGE_CURVE('',#3858,#3820,#4532,.F.);
#2936=EDGE_CURVE('',#3858,#3857,#4533,.T.);
#2937=EDGE_CURVE('',#3859,#3819,#4534,.F.);
#2938=EDGE_CURVE('',#3859,#3858,#391,.T.);
#2939=EDGE_CURVE('',#3860,#3818,#4535,.F.);
#2940=EDGE_CURVE('',#3860,#3859,#4536,.T.);
#2941=EDGE_CURVE('',#3861,#3817,#4537,.F.);
#2942=EDGE_CURVE('',#3861,#3860,#392,.T.);
#2943=EDGE_CURVE('',#3862,#3828,#4538,.T.);
#2944=EDGE_CURVE('',#3862,#3861,#4539,.T.);
#2945=EDGE_CURVE('',#3801,#3863,#4540,.T.);
#2946=EDGE_CURVE('',#3863,#3864,#4541,.T.);
#2947=EDGE_CURVE('',#3864,#3811,#4542,.F.);
#2948=EDGE_CURVE('',#3810,#3802,#4543,.F.);
#2949=EDGE_CURVE('',#3865,#3866,#4544,.T.);
#2950=EDGE_CURVE('',#3866,#3854,#393,.T.);
#2951=EDGE_CURVE('',#3862,#3865,#394,.T.);
#2952=EDGE_CURVE('',#3866,#3826,#4545,.T.);
#2953=EDGE_CURVE('',#3826,#3867,#136,.T.);
#2954=EDGE_CURVE('',#3868,#3866,#137,.T.);
#2955=EDGE_CURVE('',#3869,#3868,#78,.F.);
#2956=EDGE_CURVE('',#3870,#3869,#4546,.T.);
#2957=EDGE_CURVE('',#3867,#3870,#79,.T.);
#2958=EDGE_CURVE('',#3865,#3871,#138,.T.);
#2959=EDGE_CURVE('',#3868,#3871,#4547,.F.);
#2960=EDGE_CURVE('',#3865,#3827,#139,.T.);
#2961=EDGE_CURVE('',#3865,#3827,#4548,.F.);
#2962=EDGE_CURVE('',#3872,#3827,#140,.F.);
#2963=EDGE_CURVE('',#3873,#3872,#80,.T.);
#2964=EDGE_CURVE('',#3874,#3873,#4549,.T.);
#2965=EDGE_CURVE('',#3871,#3874,#81,.F.);
#2966=EDGE_CURVE('',#3875,#3876,#4550,.F.);
#2967=EDGE_CURVE('',#3869,#3875,#4551,.T.);
#2968=EDGE_CURVE('',#3874,#3876,#4552,.T.);
#2969=EDGE_CURVE('',#3873,#3877,#4553,.T.);
#2970=EDGE_CURVE('',#3876,#3877,#4554,.F.);
#2971=EDGE_CURVE('',#3877,#3878,#141,.T.);
#2972=EDGE_CURVE('',#3879,#3878,#142,.T.);
#2973=EDGE_CURVE('',#3876,#3879,#143,.T.);
#2974=EDGE_CURVE('',#3880,#3879,#4555,.F.);
#2975=EDGE_CURVE('',#3875,#3880,#144,.T.);
#2976=EDGE_CURVE('',#3881,#3880,#4556,.T.);
#2977=EDGE_CURVE('',#3882,#3881,#145,.T.);
#2978=EDGE_CURVE('',#3882,#3875,#146,.T.);
#2979=EDGE_CURVE('',#3870,#3882,#4557,.T.);
#2980=EDGE_CURVE('',#3877,#3882,#4558,.T.);
#2981=EDGE_CURVE('',#3872,#3867,#4559,.T.);
#2982=EDGE_CURVE('',#3878,#3881,#4560,.T.);
#2983=EDGE_CURVE('',#3881,#3883,#4561,.T.);
#2984=EDGE_CURVE('',#3884,#3883,#4562,.T.);
#2985=EDGE_CURVE('',#3878,#3884,#4563,.F.);
#2986=EDGE_CURVE('',#3885,#3884,#4564,.T.);
#2987=EDGE_CURVE('',#3879,#3885,#4565,.T.);
#2988=EDGE_CURVE('',#3886,#3885,#4566,.F.);
#2989=EDGE_CURVE('',#3880,#3886,#4567,.F.);
#2990=EDGE_CURVE('',#3883,#3886,#4568,.F.);
#2991=EDGE_CURVE('',#3887,#3888,#4569,.T.);
#2992=EDGE_CURVE('',#3887,#3803,#395,.T.);
#2993=EDGE_CURVE('',#3810,#3889,#147,.T.);
#2994=EDGE_CURVE('',#3888,#3889,#396,.T.);
#2995=EDGE_CURVE('',#3806,#3890,#4570,.F.);
#2996=EDGE_CURVE('',#3891,#3890,#4571,.T.);
#2997=EDGE_CURVE('',#3891,#3888,#4572,.T.);
#2998=EDGE_CURVE('',#3889,#3807,#4573,.F.);
#2999=EDGE_CURVE('',#3892,#3887,#4574,.T.);
#3000=EDGE_CURVE('',#3891,#3893,#397,.F.);
#3001=EDGE_CURVE('',#3894,#3893,#4575,.T.);
#3002=EDGE_CURVE('',#3894,#3892,#398,.T.);
#3003=EDGE_CURVE('',#3895,#3894,#4576,.T.);
#3004=EDGE_CURVE('',#3896,#3895,#399,.F.);
#3005=EDGE_CURVE('',#3896,#3892,#4577,.T.);
#3006=EDGE_CURVE('',#3805,#3896,#4578,.T.);
#3007=EDGE_CURVE('',#3895,#3897,#4579,.T.);
#3008=EDGE_CURVE('',#3897,#3890,#400,.T.);
#3009=EDGE_CURVE('',#3893,#3897,#4580,.F.);
#3010=EDGE_CURVE('',#3602,#3864,#401,.T.);
#3011=EDGE_CURVE('',#3863,#3700,#402,.F.);
#3012=EDGE_CURVE('',#3699,#3898,#403,.T.);
#3013=EDGE_CURVE('',#3899,#3898,#4581,.F.);
#3014=EDGE_CURVE('',#3899,#3603,#404,.F.);
#3015=EDGE_CURVE('',#3900,#3901,#4582,.T.);
#3016=EDGE_CURVE('',#3902,#3900,#405,.T.);
#3017=EDGE_CURVE('',#3903,#3902,#4583,.T.);
#3018=EDGE_CURVE('',#3904,#3903,#4584,.F.);
#3019=EDGE_CURVE('',#3904,#3905,#406,.T.);
#3020=EDGE_CURVE('',#3905,#3906,#4585,.T.);
#3021=EDGE_CURVE('',#3906,#3907,#407,.F.);
#3022=EDGE_CURVE('',#3907,#3908,#4586,.T.);
#3023=EDGE_CURVE('',#3909,#3908,#4587,.T.);
#3024=EDGE_CURVE('',#3910,#3909,#408,.T.);
#3025=EDGE_CURVE('',#3911,#3910,#409,.T.);
#3026=EDGE_CURVE('',#3912,#3911,#4588,.T.);
#3027=EDGE_CURVE('',#3912,#3913,#4589,.T.);
#3028=EDGE_CURVE('',#3913,#3914,#410,.T.);
#3029=EDGE_CURVE('',#3915,#3914,#4590,.T.);
#3030=EDGE_CURVE('',#3915,#3916,#411,.F.);
#3031=EDGE_CURVE('',#3901,#3916,#4591,.F.);
#3032=EDGE_CURVE('',#3917,#3918,#4592,.T.);
#3033=EDGE_CURVE('',#3919,#3917,#4593,.T.);
#3034=EDGE_CURVE('',#3920,#3919,#4594,.T.);
#3035=EDGE_CURVE('',#3921,#3920,#4595,.T.);
#3036=EDGE_CURVE('',#3922,#3921,#4596,.T.);
#3037=EDGE_CURVE('',#3923,#3922,#4597,.T.);
#3038=EDGE_CURVE('',#3918,#3923,#4598,.T.);
#3039=EDGE_CURVE('',#3664,#3899,#4599,.F.);
#3040=EDGE_CURVE('',#3898,#3696,#4600,.T.);
#3041=EDGE_CURVE('',#3695,#3665,#4601,.T.);
#3042=EDGE_CURVE('',#3924,#3925,#4602,.F.);
#3043=EDGE_CURVE('',#3925,#3926,#412,.F.);
#3044=EDGE_CURVE('',#3926,#3927,#4603,.T.);
#3045=EDGE_CURVE('',#3927,#3928,#413,.T.);
#3046=EDGE_CURVE('',#3928,#3929,#4604,.T.);
#3047=EDGE_CURVE('',#3929,#3930,#414,.T.);
#3048=EDGE_CURVE('',#3930,#3931,#4605,.T.);
#3049=EDGE_CURVE('',#3931,#3932,#415,.T.);
#3050=EDGE_CURVE('',#3932,#3933,#4606,.F.);
#3051=EDGE_CURVE('',#3934,#3933,#416,.T.);
#3052=EDGE_CURVE('',#3934,#3935,#4607,.T.);
#3053=EDGE_CURVE('',#3935,#3924,#417,.F.);
#3054=EDGE_CURVE('',#3684,#3935,#4608,.F.);
#3055=EDGE_CURVE('',#3673,#3934,#4609,.F.);
#3056=EDGE_CURVE('',#3674,#3933,#4610,.F.);
#3057=EDGE_CURVE('',#3675,#3932,#4611,.F.);
#3058=EDGE_CURVE('',#3676,#3931,#4612,.F.);
#3059=EDGE_CURVE('',#3677,#3930,#4613,.F.);
#3060=EDGE_CURVE('',#3678,#3929,#4614,.F.);
#3061=EDGE_CURVE('',#3679,#3928,#4615,.F.);
#3062=EDGE_CURVE('',#3680,#3927,#4616,.F.);
#3063=EDGE_CURVE('',#3681,#3926,#4617,.T.);
#3064=EDGE_CURVE('',#3682,#3925,#148,.F.);
#3065=EDGE_CURVE('',#3936,#3925,#149,.T.);
#3066=EDGE_CURVE('',#3924,#3937,#150,.T.);
#3067=EDGE_CURVE('',#3936,#3937,#4618,.T.);
#3068=EDGE_CURVE('',#3924,#3683,#151,.T.);
#3069=EDGE_CURVE('',#3938,#3683,#152,.F.);
#3070=EDGE_CURVE('',#3939,#3938,#82,.F.);
#3071=EDGE_CURVE('',#3940,#3939,#4619,.T.);
#3072=EDGE_CURVE('',#3937,#3940,#83,.T.);
#3073=EDGE_CURVE('',#3941,#3942,#4620,.F.);
#3074=EDGE_CURVE('',#3943,#3941,#4621,.T.);
#3075=EDGE_CURVE('',#3943,#3936,#84,.T.);
#3076=EDGE_CURVE('',#3940,#3942,#4622,.T.);
#3077=EDGE_CURVE('',#3939,#3944,#4623,.T.);
#3078=EDGE_CURVE('',#3942,#3944,#4624,.T.);
#3079=EDGE_CURVE('',#3944,#3945,#153,.T.);
#3080=EDGE_CURVE('',#3946,#3945,#154,.T.);
#3081=EDGE_CURVE('',#3942,#3946,#155,.T.);
#3082=EDGE_CURVE('',#3947,#3946,#4625,.T.);
#3083=EDGE_CURVE('',#3941,#3947,#156,.T.);
#3084=EDGE_CURVE('',#3948,#3947,#4626,.T.);
#3085=EDGE_CURVE('',#3949,#3948,#157,.T.);
#3086=EDGE_CURVE('',#3949,#3941,#158,.T.);
#3087=EDGE_CURVE('',#3950,#3949,#4627,.T.);
#3088=EDGE_CURVE('',#3950,#3943,#4628,.T.);
#3089=EDGE_CURVE('',#3951,#3950,#85,.F.);
#3090=EDGE_CURVE('',#3682,#3951,#159,.T.);
#3091=EDGE_CURVE('',#3938,#3951,#4629,.F.);
#3092=EDGE_CURVE('',#3944,#3949,#4630,.T.);
#3093=EDGE_CURVE('',#3945,#3948,#4631,.F.);
#3094=EDGE_CURVE('',#3948,#3952,#4632,.T.);
#3095=EDGE_CURVE('',#3953,#3952,#4633,.F.);
#3096=EDGE_CURVE('',#3945,#3953,#4634,.T.);
#3097=EDGE_CURVE('',#3954,#3953,#4635,.F.);
#3098=EDGE_CURVE('',#3946,#3954,#4636,.T.);
#3099=EDGE_CURVE('',#3955,#3954,#4637,.T.);
#3100=EDGE_CURVE('',#3947,#3955,#4638,.T.);
#3101=EDGE_CURVE('',#3952,#3955,#4639,.T.);
#3102=EDGE_CURVE('',#3956,#3957,#4640,.T.);
#3103=EDGE_CURVE('',#3958,#3957,#418,.T.);
#3104=EDGE_CURVE('',#3958,#3665,#160,.T.);
#3105=EDGE_CURVE('',#3695,#3959,#161,.T.);
#3106=EDGE_CURVE('',#3959,#3956,#419,.T.);
#3107=EDGE_CURVE('',#3960,#3961,#420,.T.);
#3108=EDGE_CURVE('',#3962,#3961,#4641,.T.);
#3109=EDGE_CURVE('',#3963,#3962,#4642,.T.);
#3110=EDGE_CURVE('',#3956,#3963,#4643,.T.);
#3111=EDGE_CURVE('',#3959,#3960,#4644,.F.);
#3112=EDGE_CURVE('',#3960,#3668,#162,.T.);
#3113=EDGE_CURVE('',#3662,#3964,#163,.T.);
#3114=EDGE_CURVE('',#3964,#3965,#421,.T.);
#3115=EDGE_CURVE('',#3961,#3965,#4645,.T.);
#3116=EDGE_CURVE('',#3966,#3967,#4646,.T.);
#3117=EDGE_CURVE('',#3966,#3962,#422,.T.);
#3118=EDGE_CURVE('',#3968,#3965,#4647,.F.);
#3119=EDGE_CURVE('',#3968,#3967,#423,.F.);
#3120=EDGE_CURVE('',#3967,#3969,#4648,.F.);
#3121=EDGE_CURVE('',#3968,#3970,#4649,.T.);
#3122=EDGE_CURVE('',#3969,#3970,#424,.T.);
#3123=EDGE_CURVE('',#3957,#3970,#4650,.T.);
#3124=EDGE_CURVE('',#3963,#3971,#425,.F.);
#3125=EDGE_CURVE('',#3971,#3969,#4651,.T.);
#3126=EDGE_CURVE('',#3971,#3966,#4652,.T.);
#3127=EDGE_CURVE('',#3964,#3958,#4653,.F.);
#3128=EDGE_CURVE('',#3972,#3904,#4654,.T.);
#3129=EDGE_CURVE('',#3903,#3973,#4655,.F.);
#3130=EDGE_CURVE('',#3974,#3973,#4656,.T.);
#3131=EDGE_CURVE('',#3901,#3974,#4657,.T.);
#3132=EDGE_CURVE('',#3916,#3975,#4658,.F.);
#3133=EDGE_CURVE('',#3975,#3972,#4659,.T.);
#3134=EDGE_CURVE('',#3976,#3975,#86,.F.);
#3135=EDGE_CURVE('',#3977,#3976,#4660,.T.);
#3136=EDGE_CURVE('',#3977,#3978,#4661,.T.);
#3137=EDGE_CURVE('',#3979,#3978,#4662,.T.);
#3138=EDGE_CURVE('',#3972,#3979,#87,.F.);
#3139=EDGE_CURVE('',#3980,#3979,#88,.T.);
#3140=EDGE_CURVE('',#3980,#3905,#4663,.T.);
#3141=EDGE_CURVE('',#3978,#3981,#4664,.T.);
#3142=EDGE_CURVE('',#3981,#3982,#4665,.T.);
#3143=EDGE_CURVE('',#3982,#3983,#89,.T.);
#3144=EDGE_CURVE('',#3980,#3983,#4666,.T.);
#3145=EDGE_CURVE('',#3907,#3984,#4667,.F.);
#3146=EDGE_CURVE('',#3906,#3983,#4668,.T.);
#3147=EDGE_CURVE('',#3982,#3984,#90,.F.);
#3148=EDGE_CURVE('',#3984,#3985,#4669,.F.);
#3149=EDGE_CURVE('',#3981,#3986,#4670,.T.);
#3150=EDGE_CURVE('',#3987,#3986,#4671,.T.);
#3151=EDGE_CURVE('',#3985,#3987,#91,.F.);
#3152=EDGE_CURVE('',#3987,#3914,#4672,.T.);
#3153=EDGE_CURVE('',#3985,#3913,#4673,.T.);
#3154=EDGE_CURVE('',#3912,#3988,#4674,.F.);
#3155=EDGE_CURVE('',#3988,#3989,#4675,.T.);
#3156=EDGE_CURVE('',#3908,#3989,#4676,.T.);
#3157=EDGE_CURVE('',#3990,#3989,#4677,.T.);
#3158=EDGE_CURVE('',#3909,#3990,#4678,.T.);
#3159=EDGE_CURVE('',#3991,#3990,#426,.T.);
#3160=EDGE_CURVE('',#3992,#3991,#427,.T.);
#3161=EDGE_CURVE('',#3911,#3992,#4679,.T.);
#3162=EDGE_CURVE('',#3988,#3992,#4680,.T.);
#3163=EDGE_CURVE('',#3976,#3987,#4681,.T.);
#3164=EDGE_CURVE('',#3915,#3976,#4682,.T.);
#3165=EDGE_CURVE('',#3993,#3994,#4683,.F.);
#3166=EDGE_CURVE('',#3994,#3995,#4684,.F.);
#3167=EDGE_CURVE('',#3996,#3995,#4685,.T.);
#3168=EDGE_CURVE('',#3993,#3996,#4686,.T.);
#3169=EDGE_CURVE('',#3997,#3998,#4687,.F.);
#3170=EDGE_CURVE('',#3998,#3999,#4688,.F.);
#3171=EDGE_CURVE('',#4000,#3999,#4689,.T.);
#3172=EDGE_CURVE('',#3997,#4000,#4690,.T.);
#3173=EDGE_CURVE('',#4001,#4002,#4691,.F.);
#3174=EDGE_CURVE('',#4002,#4003,#4692,.F.);
#3175=EDGE_CURVE('',#4004,#4003,#4693,.T.);
#3176=EDGE_CURVE('',#4001,#4004,#4694,.T.);
#3177=EDGE_CURVE('',#4005,#4006,#4695,.F.);
#3178=EDGE_CURVE('',#4006,#4007,#4696,.F.);
#3179=EDGE_CURVE('',#4008,#4007,#4697,.T.);
#3180=EDGE_CURVE('',#4005,#4008,#4698,.T.);
#3181=EDGE_CURVE('',#4009,#4010,#4699,.F.);
#3182=EDGE_CURVE('',#4010,#4011,#4700,.F.);
#3183=EDGE_CURVE('',#4012,#4011,#4701,.T.);
#3184=EDGE_CURVE('',#4009,#4012,#4702,.T.);
#3185=EDGE_CURVE('',#4013,#4014,#4703,.F.);
#3186=EDGE_CURVE('',#4014,#4015,#4704,.F.);
#3187=EDGE_CURVE('',#4016,#4015,#4705,.T.);
#3188=EDGE_CURVE('',#4013,#4016,#4706,.T.);
#3189=EDGE_CURVE('',#4017,#4018,#4707,.F.);
#3190=EDGE_CURVE('',#4018,#4019,#4708,.F.);
#3191=EDGE_CURVE('',#4020,#4019,#4709,.T.);
#3192=EDGE_CURVE('',#4017,#4020,#4710,.T.);
#3193=EDGE_CURVE('',#4021,#4022,#4711,.F.);
#3194=EDGE_CURVE('',#4022,#4023,#4712,.F.);
#3195=EDGE_CURVE('',#4024,#4023,#4713,.T.);
#3196=EDGE_CURVE('',#4021,#4024,#4714,.T.);
#3197=EDGE_CURVE('',#3977,#3986,#4715,.T.);
#3198=EDGE_CURVE('',#4025,#3996,#4716,.T.);
#3199=EDGE_CURVE('',#3997,#4025,#428,.F.);
#3200=EDGE_CURVE('',#4026,#4000,#429,.T.);
#3201=EDGE_CURVE('',#3993,#4026,#4717,.T.);
#3202=EDGE_CURVE('',#4026,#4027,#4718,.T.);
#3203=EDGE_CURVE('',#3994,#4027,#4719,.T.);
#3204=EDGE_CURVE('',#4027,#3999,#430,.T.);
#3205=EDGE_CURVE('',#3998,#4028,#431,.F.);
#3206=EDGE_CURVE('',#4028,#3995,#4720,.T.);
#3207=EDGE_CURVE('',#4025,#4028,#4721,.T.);
#3208=EDGE_CURVE('',#4029,#4004,#4722,.T.);
#3209=EDGE_CURVE('',#4005,#4029,#432,.F.);
#3210=EDGE_CURVE('',#4030,#4008,#433,.T.);
#3211=EDGE_CURVE('',#4001,#4030,#4723,.T.);
#3212=EDGE_CURVE('',#4030,#4031,#4724,.T.);
#3213=EDGE_CURVE('',#4002,#4031,#4725,.T.);
#3214=EDGE_CURVE('',#4031,#4007,#434,.T.);
#3215=EDGE_CURVE('',#4006,#4032,#435,.F.);
#3216=EDGE_CURVE('',#4032,#4003,#4726,.T.);
#3217=EDGE_CURVE('',#4029,#4032,#4727,.T.);
#3218=EDGE_CURVE('',#4033,#4012,#4728,.T.);
#3219=EDGE_CURVE('',#4013,#4033,#436,.F.);
#3220=EDGE_CURVE('',#4034,#4016,#437,.T.);
#3221=EDGE_CURVE('',#4009,#4034,#4729,.T.);
#3222=EDGE_CURVE('',#4034,#4035,#4730,.T.);
#3223=EDGE_CURVE('',#4010,#4035,#4731,.T.);
#3224=EDGE_CURVE('',#4035,#4015,#438,.T.);
#3225=EDGE_CURVE('',#4014,#4036,#439,.F.);
#3226=EDGE_CURVE('',#4036,#4011,#4732,.T.);
#3227=EDGE_CURVE('',#4033,#4036,#4733,.T.);
#3228=EDGE_CURVE('',#4037,#4020,#4734,.T.);
#3229=EDGE_CURVE('',#4021,#4037,#440,.F.);
#3230=EDGE_CURVE('',#4038,#4024,#441,.T.);
#3231=EDGE_CURVE('',#4017,#4038,#4735,.T.);
#3232=EDGE_CURVE('',#4038,#4039,#4736,.T.);
#3233=EDGE_CURVE('',#4018,#4039,#4737,.T.);
#3234=EDGE_CURVE('',#4039,#4023,#442,.T.);
#3235=EDGE_CURVE('',#4022,#4040,#443,.F.);
#3236=EDGE_CURVE('',#4040,#4019,#4738,.T.);
#3237=EDGE_CURVE('',#4037,#4040,#4739,.T.);
#3238=EDGE_CURVE('',#3973,#4041,#4740,.T.);
#3239=EDGE_CURVE('',#4041,#4042,#444,.T.);
#3240=EDGE_CURVE('',#4042,#3974,#4741,.T.);
#3241=EDGE_CURVE('',#3900,#4042,#4742,.T.);
#3242=EDGE_CURVE('',#3902,#4041,#4743,.T.);
#3243=EDGE_CURVE('',#3923,#4043,#4744,.F.);
#3244=EDGE_CURVE('',#4044,#4043,#4745,.T.);
#3245=EDGE_CURVE('',#3918,#4044,#4746,.F.);
#3246=EDGE_CURVE('',#4045,#4044,#4747,.T.);
#3247=EDGE_CURVE('',#3917,#4045,#4748,.F.);
#3248=EDGE_CURVE('',#4046,#4045,#4749,.F.);
#3249=EDGE_CURVE('',#3919,#4046,#4750,.F.);
#3250=EDGE_CURVE('',#4047,#4046,#4751,.T.);
#3251=EDGE_CURVE('',#3920,#4047,#4752,.F.);
#3252=EDGE_CURVE('',#4048,#4047,#4753,.F.);
#3253=EDGE_CURVE('',#3921,#4048,#4754,.F.);
#3254=EDGE_CURVE('',#4049,#4048,#4755,.T.);
#3255=EDGE_CURVE('',#3922,#4049,#4756,.F.);
#3256=EDGE_CURVE('',#4043,#4049,#4757,.F.);
#3257=EDGE_CURVE('',#3812,#4050,#4758,.F.);
#3258=EDGE_CURVE('',#3816,#4051,#4759,.T.);
#3259=EDGE_CURVE('',#4051,#4050,#4760,.T.);
#3260=EDGE_CURVE('',#3579,#3667,#445,.F.);
#3261=EDGE_CURVE('',#4052,#3666,#4761,.T.);
#3262=EDGE_CURVE('',#4052,#4053,#4762,.T.);
#3263=EDGE_CURVE('',#4053,#4054,#446,.T.);
#3264=EDGE_CURVE('',#4054,#4055,#4763,.F.);
#3265=EDGE_CURVE('',#4056,#4055,#4764,.T.);
#3266=EDGE_CURVE('',#4056,#4057,#4765,.F.);
#3267=EDGE_CURVE('',#4058,#4057,#4766,.T.);
#3268=EDGE_CURVE('',#4059,#4058,#4767,.T.);
#3269=EDGE_CURVE('',#4060,#4059,#4768,.T.);
#3270=EDGE_CURVE('',#4060,#4061,#4769,.F.);
#3271=EDGE_CURVE('',#4062,#4061,#4770,.T.);
#3272=EDGE_CURVE('',#4063,#4062,#4771,.T.);
#3273=EDGE_CURVE('',#4064,#4063,#4772,.T.);
#3274=EDGE_CURVE('',#4064,#4065,#4773,.T.);
#3275=EDGE_CURVE('',#4065,#4066,#447,.F.);
#3276=EDGE_CURVE('',#4066,#4051,#4774,.F.);
#3277=EDGE_CURVE('',#3815,#3580,#448,.T.);
#3278=EDGE_CURVE('',#4067,#3672,#4775,.T.);
#3279=EDGE_CURVE('',#4067,#4052,#4776,.F.);
#3280=EDGE_CURVE('',#4068,#4069,#4777,.T.);
#3281=EDGE_CURVE('',#4068,#4070,#92,.T.);
#3282=EDGE_CURVE('',#4071,#4070,#4778,.T.);
#3283=EDGE_CURVE('',#4067,#4071,#164,.T.);
#3284=EDGE_CURVE('',#3672,#4072,#93,.T.);
#3285=EDGE_CURVE('',#4073,#4072,#4779,.T.);
#3286=EDGE_CURVE('',#4074,#4073,#94,.T.);
#3287=EDGE_CURVE('',#4075,#4074,#4780,.T.);
#3288=EDGE_CURVE('',#4075,#4069,#165,.T.);
#3289=EDGE_CURVE('',#4076,#4075,#166,.T.);
#3290=EDGE_CURVE('',#4076,#4077,#167,.T.);
#3291=EDGE_CURVE('',#4069,#4077,#168,.T.);
#3292=EDGE_CURVE('',#4076,#4078,#4781,.T.);
#3293=EDGE_CURVE('',#4078,#4079,#95,.F.);
#3294=EDGE_CURVE('',#4079,#4080,#4782,.T.);
#3295=EDGE_CURVE('',#3671,#4080,#96,.F.);
#3296=EDGE_CURVE('',#3671,#4081,#4783,.F.);
#3297=EDGE_CURVE('',#4081,#4082,#97,.F.);
#3298=EDGE_CURVE('',#4082,#4083,#4784,.T.);
#3299=EDGE_CURVE('',#4084,#4083,#98,.F.);
#3300=EDGE_CURVE('',#4084,#4077,#4785,.T.);
#3301=EDGE_CURVE('',#3670,#4085,#449,.T.);
#3302=EDGE_CURVE('',#4085,#4081,#4786,.T.);
#3303=EDGE_CURVE('',#4072,#4080,#4787,.T.);
#3304=EDGE_CURVE('',#4073,#4079,#4788,.T.);
#3305=EDGE_CURVE('',#4074,#4078,#4789,.T.);
#3306=EDGE_CURVE('',#4067,#4081,#4790,.F.);
#3307=EDGE_CURVE('',#4071,#4082,#4791,.T.);
#3308=EDGE_CURVE('',#4070,#4083,#4792,.T.);
#3309=EDGE_CURVE('',#4068,#4084,#4793,.T.);
#3310=EDGE_CURVE('',#4085,#4053,#4794,.T.);
#3311=EDGE_CURVE('',#4086,#3725,#450,.T.);
#3312=EDGE_CURVE('',#4054,#4086,#4795,.T.);
#3313=EDGE_CURVE('',#4055,#4087,#4796,.F.);
#3314=EDGE_CURVE('',#4087,#4086,#4797,.F.);
#3315=EDGE_CURVE('',#4088,#4089,#4798,.F.);
#3316=EDGE_CURVE('',#4088,#4090,#4799,.T.);
#3317=EDGE_CURVE('',#4091,#4090,#4800,.F.);
#3318=EDGE_CURVE('',#4092,#4091,#4801,.T.);
#3319=EDGE_CURVE('',#4093,#4092,#4802,.F.);
#3320=EDGE_CURVE('',#4093,#4094,#4803,.T.);
#3321=EDGE_CURVE('',#4095,#4094,#4804,.F.);
#3322=EDGE_CURVE('',#4096,#4095,#4805,.T.);
#3323=EDGE_CURVE('',#4087,#4096,#4806,.F.);
#3324=EDGE_CURVE('',#3724,#4097,#451,.F.);
#3325=EDGE_CURVE('',#4097,#4089,#4807,.T.);
#3326=EDGE_CURVE('',#4089,#4064,#4808,.T.);
#3327=EDGE_CURVE('',#4097,#4065,#4809,.T.);
#3328=EDGE_CURVE('',#4098,#3814,#452,.F.);
#3329=EDGE_CURVE('',#4066,#4098,#4810,.T.);
#3330=EDGE_CURVE('',#4098,#4099,#4811,.T.);
#3331=EDGE_CURVE('',#4050,#4099,#4812,.T.);
#3332=EDGE_CURVE('',#4100,#4099,#99,.F.);
#3333=EDGE_CURVE('',#4101,#4100,#4813,.T.);
#3334=EDGE_CURVE('',#4101,#4050,#169,.F.);
#3335=EDGE_CURVE('',#4102,#4103,#4814,.T.);
#3336=EDGE_CURVE('',#4104,#4102,#100,.T.);
#3337=EDGE_CURVE('',#4105,#4104,#4815,.T.);
#3338=EDGE_CURVE('',#4105,#3812,#101,.T.);
#3339=EDGE_CURVE('',#4106,#4101,#4816,.T.);
#3340=EDGE_CURVE('',#4106,#4107,#102,.T.);
#3341=EDGE_CURVE('',#4108,#4107,#4817,.T.);
#3342=EDGE_CURVE('',#4108,#4103,#170,.T.);
#3343=EDGE_CURVE('',#4109,#4108,#171,.T.);
#3344=EDGE_CURVE('',#4109,#4110,#172,.T.);
#3345=EDGE_CURVE('',#4103,#4110,#173,.T.);
#3346=EDGE_CURVE('',#4111,#4110,#4818,.T.);
#3347=EDGE_CURVE('',#4102,#4111,#4819,.T.);
#3348=EDGE_CURVE('',#4112,#4111,#103,.F.);
#3349=EDGE_CURVE('',#4104,#4112,#4820,.T.);
#3350=EDGE_CURVE('',#4113,#4112,#4821,.T.);
#3351=EDGE_CURVE('',#4105,#4113,#4822,.T.);
#3352=EDGE_CURVE('',#4113,#3813,#104,.F.);
#3353=EDGE_CURVE('',#4109,#4114,#4823,.T.);
#3354=EDGE_CURVE('',#4115,#4114,#105,.F.);
#3355=EDGE_CURVE('',#4115,#4100,#4824,.T.);
#3356=EDGE_CURVE('',#3813,#4099,#4825,.F.);
#3357=EDGE_CURVE('',#4106,#4115,#4826,.T.);
#3358=EDGE_CURVE('',#4107,#4114,#4827,.T.);
#3359=EDGE_CURVE('',#4063,#4116,#4828,.F.);
#3360=EDGE_CURVE('',#4117,#4116,#4829,.T.);
#3361=EDGE_CURVE('',#4060,#4117,#4830,.T.);
#3362=EDGE_CURVE('',#4059,#4118,#4831,.F.);
#3363=EDGE_CURVE('',#4119,#4118,#4832,.T.);
#3364=EDGE_CURVE('',#4056,#4119,#4833,.T.);
#3365=EDGE_CURVE('',#4096,#4120,#4834,.T.);
#3366=EDGE_CURVE('',#4121,#4120,#4835,.T.);
#3367=EDGE_CURVE('',#4093,#4121,#4836,.T.);
#3368=EDGE_CURVE('',#4092,#4122,#4837,.T.);
#3369=EDGE_CURVE('',#4123,#4122,#4838,.T.);
#3370=EDGE_CURVE('',#4088,#4123,#4839,.T.);
#3371=EDGE_CURVE('',#4124,#4125,#4840,.T.);
#3372=EDGE_CURVE('',#4125,#4126,#4841,.F.);
#3373=EDGE_CURVE('',#4126,#4127,#4842,.F.);
#3374=EDGE_CURVE('',#4124,#4127,#4843,.T.);
#3375=EDGE_CURVE('',#4128,#4129,#4844,.T.);
#3376=EDGE_CURVE('',#4129,#4130,#4845,.F.);
#3377=EDGE_CURVE('',#4130,#4131,#4846,.F.);
#3378=EDGE_CURVE('',#4128,#4131,#4847,.T.);
#3379=EDGE_CURVE('',#4132,#4133,#4848,.F.);
#3380=EDGE_CURVE('',#4134,#4133,#4849,.T.);
#3381=EDGE_CURVE('',#4134,#4135,#4850,.T.);
#3382=EDGE_CURVE('',#4135,#4132,#4851,.F.);
#3383=EDGE_CURVE('',#4136,#4137,#4852,.F.);
#3384=EDGE_CURVE('',#4138,#4137,#4853,.T.);
#3385=EDGE_CURVE('',#4138,#4139,#4854,.T.);
#3386=EDGE_CURVE('',#4139,#4136,#4855,.F.);
#3387=EDGE_CURVE('',#4123,#4140,#4856,.T.);
#3388=EDGE_CURVE('',#4090,#4140,#4857,.F.);
#3389=EDGE_CURVE('',#4140,#4141,#4858,.T.);
#3390=EDGE_CURVE('',#4141,#4091,#4859,.T.);
#3391=EDGE_CURVE('',#4122,#4141,#4860,.T.);
#3392=EDGE_CURVE('',#4142,#4058,#4861,.F.);
#3393=EDGE_CURVE('',#4118,#4142,#4862,.T.);
#3394=EDGE_CURVE('',#4057,#4143,#4863,.T.);
#3395=EDGE_CURVE('',#4143,#4142,#4864,.F.);
#3396=EDGE_CURVE('',#4119,#4143,#4865,.T.);
#3397=EDGE_CURVE('',#4144,#4095,#4866,.T.);
#3398=EDGE_CURVE('',#4120,#4144,#4867,.T.);
#3399=EDGE_CURVE('',#4094,#4145,#4868,.F.);
#3400=EDGE_CURVE('',#4145,#4144,#4869,.T.);
#3401=EDGE_CURVE('',#4121,#4145,#4870,.T.);
#3402=EDGE_CURVE('',#4117,#4146,#4871,.T.);
#3403=EDGE_CURVE('',#4061,#4146,#4872,.T.);
#3404=EDGE_CURVE('',#4146,#4147,#4873,.F.);
#3405=EDGE_CURVE('',#4147,#4062,#4874,.F.);
#3406=EDGE_CURVE('',#4116,#4147,#4875,.T.);
#3407=EDGE_CURVE('',#4148,#4127,#453,.T.);
#3408=EDGE_CURVE('',#4149,#4148,#4876,.T.);
#3409=EDGE_CURVE('',#4149,#4124,#454,.T.);
#3410=EDGE_CURVE('',#4150,#4149,#4877,.T.);
#3411=EDGE_CURVE('',#4151,#4150,#4878,.T.);
#3412=EDGE_CURVE('',#4152,#4151,#4879,.T.);
#3413=EDGE_CURVE('',#4152,#4125,#455,.T.);
#3414=EDGE_CURVE('',#4152,#4153,#4880,.T.);
#3415=EDGE_CURVE('',#4153,#4126,#456,.T.);
#3416=EDGE_CURVE('',#4153,#4154,#4881,.F.);
#3417=EDGE_CURVE('',#4154,#4155,#4882,.T.);
#3418=EDGE_CURVE('',#4155,#4148,#4883,.T.);
#3419=EDGE_CURVE('',#4150,#4155,#4884,.T.);
#3420=EDGE_CURVE('',#4151,#4154,#4885,.T.);
#3421=EDGE_CURVE('',#4156,#4131,#457,.T.);
#3422=EDGE_CURVE('',#4157,#4156,#4886,.T.);
#3423=EDGE_CURVE('',#4157,#4128,#458,.T.);
#3424=EDGE_CURVE('',#4158,#4157,#4887,.T.);
#3425=EDGE_CURVE('',#4159,#4158,#4888,.T.);
#3426=EDGE_CURVE('',#4160,#4159,#4889,.T.);
#3427=EDGE_CURVE('',#4160,#4129,#459,.T.);
#3428=EDGE_CURVE('',#4160,#4161,#4890,.T.);
#3429=EDGE_CURVE('',#4161,#4130,#460,.T.);
#3430=EDGE_CURVE('',#4161,#4162,#4891,.F.);
#3431=EDGE_CURVE('',#4162,#4163,#4892,.T.);
#3432=EDGE_CURVE('',#4163,#4156,#4893,.T.);
#3433=EDGE_CURVE('',#4158,#4163,#4894,.T.);
#3434=EDGE_CURVE('',#4159,#4162,#4895,.T.);
#3435=EDGE_CURVE('',#4164,#4135,#461,.T.);
#3436=EDGE_CURVE('',#4164,#4165,#4896,.T.);
#3437=EDGE_CURVE('',#4165,#4132,#462,.T.);
#3438=EDGE_CURVE('',#4165,#4166,#4897,.F.);
#3439=EDGE_CURVE('',#4166,#4167,#4898,.T.);
#3440=EDGE_CURVE('',#4167,#4168,#4899,.T.);
#3441=EDGE_CURVE('',#4168,#4133,#463,.T.);
#3442=EDGE_CURVE('',#4169,#4168,#4900,.T.);
#3443=EDGE_CURVE('',#4169,#4134,#464,.T.);
#3444=EDGE_CURVE('',#4170,#4169,#4901,.T.);
#3445=EDGE_CURVE('',#4171,#4170,#4902,.T.);
#3446=EDGE_CURVE('',#4164,#4171,#4903,.T.);
#3447=EDGE_CURVE('',#4171,#4166,#4904,.T.);
#3448=EDGE_CURVE('',#4170,#4167,#4905,.T.);
#3449=EDGE_CURVE('',#4172,#4139,#465,.T.);
#3450=EDGE_CURVE('',#4172,#4173,#4906,.T.);
#3451=EDGE_CURVE('',#4173,#4136,#466,.T.);
#3452=EDGE_CURVE('',#4173,#4174,#4907,.F.);
#3453=EDGE_CURVE('',#4174,#4175,#4908,.T.);
#3454=EDGE_CURVE('',#4175,#4176,#4909,.T.);
#3455=EDGE_CURVE('',#4176,#4137,#467,.T.);
#3456=EDGE_CURVE('',#4177,#4176,#4910,.T.);
#3457=EDGE_CURVE('',#4177,#4138,#468,.T.);
#3458=EDGE_CURVE('',#4178,#4177,#4911,.T.);
#3459=EDGE_CURVE('',#4179,#4178,#4912,.T.);
#3460=EDGE_CURVE('',#4172,#4179,#4913,.T.);
#3461=EDGE_CURVE('',#4179,#4174,#4914,.T.);
#3462=EDGE_CURVE('',#4178,#4175,#4915,.T.);
#3463=EDGE_CURVE('',#3788,#3698,#174,.T.);
#3464=EDGE_CURVE('',#3692,#4180,#4916,.F.);
#3465=EDGE_CURVE('',#4181,#4180,#469,.T.);
#3466=EDGE_CURVE('',#3686,#4181,#4917,.F.);
#3467=EDGE_CURVE('',#4180,#4182,#4918,.T.);
#3468=EDGE_CURVE('',#4182,#4183,#470,.T.);
#3469=EDGE_CURVE('',#4183,#4184,#4919,.T.);
#3470=EDGE_CURVE('',#4184,#4185,#471,.T.);
#3471=EDGE_CURVE('',#4185,#4186,#4920,.F.);
#3472=EDGE_CURVE('',#4186,#4187,#472,.T.);
#3473=EDGE_CURVE('',#4187,#4181,#4921,.F.);
#3474=EDGE_CURVE('',#4188,#4189,#4922,.F.);
#3475=EDGE_CURVE('',#4189,#4190,#4923,.T.);
#3476=EDGE_CURVE('',#4191,#4190,#4924,.T.);
#3477=EDGE_CURVE('',#4188,#4191,#4925,.T.);
#3478=EDGE_CURVE('',#4192,#4191,#4926,.T.);
#3479=EDGE_CURVE('',#4193,#4192,#4927,.T.);
#3480=EDGE_CURVE('',#4188,#4193,#4928,.T.);
#3481=EDGE_CURVE('',#4194,#4190,#4929,.T.);
#3482=EDGE_CURVE('',#4192,#4194,#4930,.T.);
#3483=EDGE_CURVE('',#4195,#4194,#4931,.T.);
#3484=EDGE_CURVE('',#4193,#4195,#4932,.T.);
#3485=EDGE_CURVE('',#4189,#4195,#4933,.F.);
#3486=EDGE_CURVE('',#3691,#4182,#4934,.F.);
#3487=EDGE_CURVE('',#3690,#4183,#4935,.F.);
#3488=EDGE_CURVE('',#3689,#4184,#4936,.F.);
#3489=EDGE_CURVE('',#3688,#4185,#4937,.F.);
#3490=EDGE_CURVE('',#3687,#4186,#4938,.F.);
#3491=EDGE_CURVE('',#3685,#4187,#4939,.F.);
#3492=EDGE_CURVE('',#4196,#4197,#4940,.T.);
#3493=EDGE_CURVE('',#4196,#4198,#106,.T.);
#3494=EDGE_CURVE('',#4199,#4198,#107,.T.);
#3495=EDGE_CURVE('',#4199,#4200,#4941,.T.);
#3496=EDGE_CURVE('',#4200,#4201,#4942,.F.);
#3497=EDGE_CURVE('',#4202,#4201,#4943,.T.);
#3498=EDGE_CURVE('',#4202,#4203,#108,.T.);
#3499=EDGE_CURVE('',#4203,#4204,#109,.F.);
#3500=EDGE_CURVE('',#4205,#4204,#4944,.T.);
#3501=EDGE_CURVE('',#4197,#4205,#4945,.T.);
#3502=EDGE_CURVE('',#4206,#4207,#4946,.T.);
#3503=EDGE_CURVE('',#4207,#4208,#110,.F.);
#3504=EDGE_CURVE('',#4209,#4208,#111,.F.);
#3505=EDGE_CURVE('',#4209,#4210,#4947,.T.);
#3506=EDGE_CURVE('',#4210,#4211,#4948,.T.);
#3507=EDGE_CURVE('',#4212,#4211,#4949,.T.);
#3508=EDGE_CURVE('',#4212,#4213,#112,.F.);
#3509=EDGE_CURVE('',#4214,#4213,#113,.F.);
#3510=EDGE_CURVE('',#4214,#4215,#4950,.T.);
#3511=EDGE_CURVE('',#4206,#4215,#4951,.T.);
#3512=EDGE_CURVE('',#4216,#4217,#4952,.T.);
#3513=EDGE_CURVE('',#4218,#4216,#114,.F.);
#3514=EDGE_CURVE('',#4218,#4219,#4953,.T.);
#3515=EDGE_CURVE('',#4217,#4219,#115,.F.);
#3516=EDGE_CURVE('',#4220,#4221,#4954,.T.);
#3517=EDGE_CURVE('',#4221,#4222,#116,.F.);
#3518=EDGE_CURVE('',#4223,#4222,#117,.F.);
#3519=EDGE_CURVE('',#4223,#4224,#4955,.T.);
#3520=EDGE_CURVE('',#4224,#4225,#4956,.T.);
#3521=EDGE_CURVE('',#4226,#4225,#4957,.T.);
#3522=EDGE_CURVE('',#4226,#4227,#118,.F.);
#3523=EDGE_CURVE('',#4228,#4227,#119,.F.);
#3524=EDGE_CURVE('',#4228,#4229,#4958,.T.);
#3525=EDGE_CURVE('',#4220,#4229,#4959,.T.);
#3526=EDGE_CURVE('',#4230,#4231,#4960,.F.);
#3527=EDGE_CURVE('',#4232,#4231,#120,.F.);
#3528=EDGE_CURVE('',#4233,#4232,#4961,.F.);
#3529=EDGE_CURVE('',#4230,#4233,#121,.F.);
#3530=EDGE_CURVE('',#4234,#4235,#4962,.T.);
#3531=EDGE_CURVE('',#4234,#4236,#122,.T.);
#3532=EDGE_CURVE('',#4237,#4236,#123,.T.);
#3533=EDGE_CURVE('',#4237,#4238,#4963,.T.);
#3534=EDGE_CURVE('',#4238,#4239,#4964,.F.);
#3535=EDGE_CURVE('',#4240,#4239,#4965,.T.);
#3536=EDGE_CURVE('',#4240,#4241,#124,.T.);
#3537=EDGE_CURVE('',#4241,#4242,#125,.F.);
#3538=EDGE_CURVE('',#4243,#4242,#4966,.T.);
#3539=EDGE_CURVE('',#4235,#4243,#4967,.T.);
#3540=EDGE_CURVE('',#4244,#4245,#4968,.T.);
#3541=EDGE_CURVE('',#4246,#4244,#4969,.T.);
#3542=EDGE_CURVE('',#4246,#4247,#4970,.T.);
#3543=EDGE_CURVE('',#4245,#4247,#4971,.T.);
#3544=VERTEX_POINT('',#11121);
#3545=VERTEX_POINT('',#11122);
#3546=VERTEX_POINT('',#11124);
#3547=VERTEX_POINT('',#11126);
#3548=VERTEX_POINT('',#11133);
#3549=VERTEX_POINT('',#11135);
#3550=VERTEX_POINT('',#11142);
#3551=VERTEX_POINT('',#11144);
#3552=VERTEX_POINT('',#11151);
#3553=VERTEX_POINT('',#11153);
#3554=VERTEX_POINT('',#11160);
#3555=VERTEX_POINT('',#11162);
#3556=VERTEX_POINT('',#11169);
#3557=VERTEX_POINT('',#11171);
#3558=VERTEX_POINT('',#11193);
#3559=VERTEX_POINT('',#11194);
#3560=VERTEX_POINT('',#11196);
#3561=VERTEX_POINT('',#11198);
#3562=VERTEX_POINT('',#11200);
#3563=VERTEX_POINT('',#11202);
#3564=VERTEX_POINT('',#11213);
#3565=VERTEX_POINT('',#11215);
#3566=VERTEX_POINT('',#11222);
#3567=VERTEX_POINT('',#11224);
#3568=VERTEX_POINT('',#11226);
#3569=VERTEX_POINT('',#11228);
#3570=VERTEX_POINT('',#11249);
#3571=VERTEX_POINT('',#11251);
#3572=VERTEX_POINT('',#11265);
#3573=VERTEX_POINT('',#11267);
#3574=VERTEX_POINT('',#11272);
#3575=VERTEX_POINT('',#11279);
#3576=VERTEX_POINT('',#11294);
#3577=VERTEX_POINT('',#11300);
#3578=VERTEX_POINT('',#11307);
#3579=VERTEX_POINT('',#11309);
#3580=VERTEX_POINT('',#11311);
#3581=VERTEX_POINT('',#11313);
#3582=VERTEX_POINT('',#11316);
#3583=VERTEX_POINT('',#11317);
#3584=VERTEX_POINT('',#11319);
#3585=VERTEX_POINT('',#11321);
#3586=VERTEX_POINT('',#11323);
#3587=VERTEX_POINT('',#11325);
#3588=VERTEX_POINT('',#11327);
#3589=VERTEX_POINT('',#11330);
#3590=VERTEX_POINT('',#11331);
#3591=VERTEX_POINT('',#11333);
#3592=VERTEX_POINT('',#11335);
#3593=VERTEX_POINT('',#11337);
#3594=VERTEX_POINT('',#11339);
#3595=VERTEX_POINT('',#11341);
#3596=VERTEX_POINT('',#11348);
#3597=VERTEX_POINT('',#11349);
#3598=VERTEX_POINT('',#11361);
#3599=VERTEX_POINT('',#11363);
#3600=VERTEX_POINT('',#11365);
#3601=VERTEX_POINT('',#11372);
#3602=VERTEX_POINT('',#11374);
#3603=VERTEX_POINT('',#11376);
#3604=VERTEX_POINT('',#11378);
#3605=VERTEX_POINT('',#11381);
#3606=VERTEX_POINT('',#11382);
#3607=VERTEX_POINT('',#11384);
#3608=VERTEX_POINT('',#11386);
#3609=VERTEX_POINT('',#11388);
#3610=VERTEX_POINT('',#11390);
#3611=VERTEX_POINT('',#11392);
#3612=VERTEX_POINT('',#11395);
#3613=VERTEX_POINT('',#11396);
#3614=VERTEX_POINT('',#11398);
#3615=VERTEX_POINT('',#11400);
#3616=VERTEX_POINT('',#11408);
#3617=VERTEX_POINT('',#11410);
#3618=VERTEX_POINT('',#11412);
#3619=VERTEX_POINT('',#11424);
#3620=VERTEX_POINT('',#11431);
#3621=VERTEX_POINT('',#11432);
#3622=VERTEX_POINT('',#11444);
#3623=VERTEX_POINT('',#11446);
#3624=VERTEX_POINT('',#11457);
#3625=VERTEX_POINT('',#11459);
#3626=VERTEX_POINT('',#11466);
#3627=VERTEX_POINT('',#11468);
#3628=VERTEX_POINT('',#11470);
#3629=VERTEX_POINT('',#11472);
#3630=VERTEX_POINT('',#11483);
#3631=VERTEX_POINT('',#11485);
#3632=VERTEX_POINT('',#11492);
#3633=VERTEX_POINT('',#11494);
#3634=VERTEX_POINT('',#11496);
#3635=VERTEX_POINT('',#11498);
#3636=VERTEX_POINT('',#11542);
#3637=VERTEX_POINT('',#11543);
#3638=VERTEX_POINT('',#11561);
#3639=VERTEX_POINT('',#11563);
#3640=VERTEX_POINT('',#11570);
#3641=VERTEX_POINT('',#11572);
#3642=VERTEX_POINT('',#11574);
#3643=VERTEX_POINT('',#11586);
#3644=VERTEX_POINT('',#11593);
#3645=VERTEX_POINT('',#11594);
#3646=VERTEX_POINT('',#11606);
#3647=VERTEX_POINT('',#11607);
#3648=VERTEX_POINT('',#11638);
#3649=VERTEX_POINT('',#11640);
#3650=VERTEX_POINT('',#11651);
#3651=VERTEX_POINT('',#11653);
#3652=VERTEX_POINT('',#11660);
#3653=VERTEX_POINT('',#11662);
#3654=VERTEX_POINT('',#11664);
#3655=VERTEX_POINT('',#11666);
#3656=VERTEX_POINT('',#11677);
#3657=VERTEX_POINT('',#11679);
#3658=VERTEX_POINT('',#11686);
#3659=VERTEX_POINT('',#11693);
#3660=VERTEX_POINT('',#11695);
#3661=VERTEX_POINT('',#11697);
#3662=VERTEX_POINT('',#11713);
#3663=VERTEX_POINT('',#11714);
#3664=VERTEX_POINT('',#11718);
#3665=VERTEX_POINT('',#11720);
#3666=VERTEX_POINT('',#11727);
#3667=VERTEX_POINT('',#11728);
#3668=VERTEX_POINT('',#11731);
#3669=VERTEX_POINT('',#11733);
#3670=VERTEX_POINT('',#11735);
#3671=VERTEX_POINT('',#11737);
#3672=VERTEX_POINT('',#11739);
#3673=VERTEX_POINT('',#11742);
#3674=VERTEX_POINT('',#11743);
#3675=VERTEX_POINT('',#11745);
#3676=VERTEX_POINT('',#11747);
#3677=VERTEX_POINT('',#11749);
#3678=VERTEX_POINT('',#11751);
#3679=VERTEX_POINT('',#11753);
#3680=VERTEX_POINT('',#11755);
#3681=VERTEX_POINT('',#11757);
#3682=VERTEX_POINT('',#11759);
#3683=VERTEX_POINT('',#11761);
#3684=VERTEX_POINT('',#11763);
#3685=VERTEX_POINT('',#11766);
#3686=VERTEX_POINT('',#11767);
#3687=VERTEX_POINT('',#11769);
#3688=VERTEX_POINT('',#11771);
#3689=VERTEX_POINT('',#11773);
#3690=VERTEX_POINT('',#11775);
#3691=VERTEX_POINT('',#11777);
#3692=VERTEX_POINT('',#11779);
#3693=VERTEX_POINT('',#11786);
#3694=VERTEX_POINT('',#11787);
#3695=VERTEX_POINT('',#11790);
#3696=VERTEX_POINT('',#11792);
#3697=VERTEX_POINT('',#11794);
#3698=VERTEX_POINT('',#11796);
#3699=VERTEX_POINT('',#11803);
#3700=VERTEX_POINT('',#11805);
#3701=VERTEX_POINT('',#11807);
#3702=VERTEX_POINT('',#11809);
#3703=VERTEX_POINT('',#11812);
#3704=VERTEX_POINT('',#11813);
#3705=VERTEX_POINT('',#11815);
#3706=VERTEX_POINT('',#11817);
#3707=VERTEX_POINT('',#11819);
#3708=VERTEX_POINT('',#11821);
#3709=VERTEX_POINT('',#11823);
#3710=VERTEX_POINT('',#11826);
#3711=VERTEX_POINT('',#11827);
#3712=VERTEX_POINT('',#11829);
#3713=VERTEX_POINT('',#11831);
#3714=VERTEX_POINT('',#11833);
#3715=VERTEX_POINT('',#11835);
#3716=VERTEX_POINT('',#11837);
#3717=VERTEX_POINT('',#11844);
#3718=VERTEX_POINT('',#11845);
#3719=VERTEX_POINT('',#11863);
#3720=VERTEX_POINT('',#11865);
#3721=VERTEX_POINT('',#11872);
#3722=VERTEX_POINT('',#11879);
#3723=VERTEX_POINT('',#11880);
#3724=VERTEX_POINT('',#11882);
#3725=VERTEX_POINT('',#11884);
#3726=VERTEX_POINT('',#11888);
#3727=VERTEX_POINT('',#11889);
#3728=VERTEX_POINT('',#11891);
#3729=VERTEX_POINT('',#11893);
#3730=VERTEX_POINT('',#11895);
#3731=VERTEX_POINT('',#11897);
#3732=VERTEX_POINT('',#11899);
#3733=VERTEX_POINT('',#11902);
#3734=VERTEX_POINT('',#11904);
#3735=VERTEX_POINT('',#11915);
#3736=VERTEX_POINT('',#11917);
#3737=VERTEX_POINT('',#11924);
#3738=VERTEX_POINT('',#11926);
#3739=VERTEX_POINT('',#11928);
#3740=VERTEX_POINT('',#11939);
#3741=VERTEX_POINT('',#11946);
#3742=VERTEX_POINT('',#11947);
#3743=VERTEX_POINT('',#11949);
#3744=VERTEX_POINT('',#11952);
#3745=VERTEX_POINT('',#11954);
#3746=VERTEX_POINT('',#11956);
#3747=VERTEX_POINT('',#11958);
#3748=VERTEX_POINT('',#11969);
#3749=VERTEX_POINT('',#11970);
#3750=VERTEX_POINT('',#11978);
#3751=VERTEX_POINT('',#11980);
#3752=VERTEX_POINT('',#11982);
#3753=VERTEX_POINT('',#11993);
#3754=VERTEX_POINT('',#11995);
#3755=VERTEX_POINT('',#12002);
#3756=VERTEX_POINT('',#12018);
#3757=VERTEX_POINT('',#12025);
#3758=VERTEX_POINT('',#12027);
#3759=VERTEX_POINT('',#12065);
#3760=VERTEX_POINT('',#12066);
#3761=VERTEX_POINT('',#12068);
#3762=VERTEX_POINT('',#12071);
#3763=VERTEX_POINT('',#12078);
#3764=VERTEX_POINT('',#12079);
#3765=VERTEX_POINT('',#12081);
#3766=VERTEX_POINT('',#12084);
#3767=VERTEX_POINT('',#12086);
#3768=VERTEX_POINT('',#12088);
#3769=VERTEX_POINT('',#12090);
#3770=VERTEX_POINT('',#12092);
#3771=VERTEX_POINT('',#12103);
#3772=VERTEX_POINT('',#12104);
#3773=VERTEX_POINT('',#12112);
#3774=VERTEX_POINT('',#12114);
#3775=VERTEX_POINT('',#12116);
#3776=VERTEX_POINT('',#12123);
#3777=VERTEX_POINT('',#12130);
#3778=VERTEX_POINT('',#12132);
#3779=VERTEX_POINT('',#12143);
#3780=VERTEX_POINT('',#12159);
#3781=VERTEX_POINT('',#12161);
#3782=VERTEX_POINT('',#12163);
#3783=VERTEX_POINT('',#12249);
#3784=VERTEX_POINT('',#12250);
#3785=VERTEX_POINT('',#12252);
#3786=VERTEX_POINT('',#12263);
#3787=VERTEX_POINT('',#12270);
#3788=VERTEX_POINT('',#12272);
#3789=VERTEX_POINT('',#12274);
#3790=VERTEX_POINT('',#12276);
#3791=VERTEX_POINT('',#12287);
#3792=VERTEX_POINT('',#12288);
#3793=VERTEX_POINT('',#12296);
#3794=VERTEX_POINT('',#12298);
#3795=VERTEX_POINT('',#12300);
#3796=VERTEX_POINT('',#12311);
#3797=VERTEX_POINT('',#12313);
#3798=VERTEX_POINT('',#12330);
#3799=VERTEX_POINT('',#12350);
#3800=VERTEX_POINT('',#12351);
#3801=VERTEX_POINT('',#12354);
#3802=VERTEX_POINT('',#12356);
#3803=VERTEX_POINT('',#12370);
#3804=VERTEX_POINT('',#12372);
#3805=VERTEX_POINT('',#12387);
#3806=VERTEX_POINT('',#12389);
#3807=VERTEX_POINT('',#12391);
#3808=VERTEX_POINT('',#12397);
#3809=VERTEX_POINT('',#12404);
#3810=VERTEX_POINT('',#12407);
#3811=VERTEX_POINT('',#12409);
#3812=VERTEX_POINT('',#12417);
#3813=VERTEX_POINT('',#12418);
#3814=VERTEX_POINT('',#12420);
#3815=VERTEX_POINT('',#12423);
#3816=VERTEX_POINT('',#12425);
#3817=VERTEX_POINT('',#12428);
#3818=VERTEX_POINT('',#12429);
#3819=VERTEX_POINT('',#12431);
#3820=VERTEX_POINT('',#12433);
#3821=VERTEX_POINT('',#12435);
#3822=VERTEX_POINT('',#12437);
#3823=VERTEX_POINT('',#12439);
#3824=VERTEX_POINT('',#12441);
#3825=VERTEX_POINT('',#12443);
#3826=VERTEX_POINT('',#12445);
#3827=VERTEX_POINT('',#12447);
#3828=VERTEX_POINT('',#12449);
#3829=VERTEX_POINT('',#12452);
#3830=VERTEX_POINT('',#12453);
#3831=VERTEX_POINT('',#12455);
#3832=VERTEX_POINT('',#12457);
#3833=VERTEX_POINT('',#12459);
#3834=VERTEX_POINT('',#12461);
#3835=VERTEX_POINT('',#12463);
#3836=VERTEX_POINT('',#12465);
#3837=VERTEX_POINT('',#12476);
#3838=VERTEX_POINT('',#12478);
#3839=VERTEX_POINT('',#12485);
#3840=VERTEX_POINT('',#12496);
#3841=VERTEX_POINT('',#12503);
#3842=VERTEX_POINT('',#12514);
#3843=VERTEX_POINT('',#12521);
#3844=VERTEX_POINT('',#12532);
#3845=VERTEX_POINT('',#12544);
#3846=VERTEX_POINT('',#12545);
#3847=VERTEX_POINT('',#12547);
#3848=VERTEX_POINT('',#12549);
#3849=VERTEX_POINT('',#12556);
#3850=VERTEX_POINT('',#12558);
#3851=VERTEX_POINT('',#12565);
#3852=VERTEX_POINT('',#12572);
#3853=VERTEX_POINT('',#12588);
#3854=VERTEX_POINT('',#12590);
#3855=VERTEX_POINT('',#12601);
#3856=VERTEX_POINT('',#12608);
#3857=VERTEX_POINT('',#12619);
#3858=VERTEX_POINT('',#12626);
#3859=VERTEX_POINT('',#12637);
#3860=VERTEX_POINT('',#12644);
#3861=VERTEX_POINT('',#12655);
#3862=VERTEX_POINT('',#12662);
#3863=VERTEX_POINT('',#12669);
#3864=VERTEX_POINT('',#12671);
#3865=VERTEX_POINT('',#12675);
#3866=VERTEX_POINT('',#12676);
#3867=VERTEX_POINT('',#12700);
#3868=VERTEX_POINT('',#12705);
#3869=VERTEX_POINT('',#12707);
#3870=VERTEX_POINT('',#12709);
#3871=VERTEX_POINT('',#12723);
#3872=VERTEX_POINT('',#12754);
#3873=VERTEX_POINT('',#12756);
#3874=VERTEX_POINT('',#12758);
#3875=VERTEX_POINT('',#12765);
#3876=VERTEX_POINT('',#12766);
#3877=VERTEX_POINT('',#12774);
#3878=VERTEX_POINT('',#12850);
#3879=VERTEX_POINT('',#12855);
#3880=VERTEX_POINT('',#12870);
#3881=VERTEX_POINT('',#12947);
#3882=VERTEX_POINT('',#12952);
#3883=VERTEX_POINT('',#12990);
#3884=VERTEX_POINT('',#12992);
#3885=VERTEX_POINT('',#12999);
#3886=VERTEX_POINT('',#13006);
#3887=VERTEX_POINT('',#13026);
#3888=VERTEX_POINT('',#13027);
#3889=VERTEX_POINT('',#13033);
#3890=VERTEX_POINT('',#13040);
#3891=VERTEX_POINT('',#13042);
#3892=VERTEX_POINT('',#13058);
#3893=VERTEX_POINT('',#13060);
#3894=VERTEX_POINT('',#13062);
#3895=VERTEX_POINT('',#13073);
#3896=VERTEX_POINT('',#13075);
#3897=VERTEX_POINT('',#13087);
#3898=VERTEX_POINT('',#13117);
#3899=VERTEX_POINT('',#13119);
#3900=VERTEX_POINT('',#13122);
#3901=VERTEX_POINT('',#13123);
#3902=VERTEX_POINT('',#13125);
#3903=VERTEX_POINT('',#13127);
#3904=VERTEX_POINT('',#13129);
#3905=VERTEX_POINT('',#13131);
#3906=VERTEX_POINT('',#13133);
#3907=VERTEX_POINT('',#13135);
#3908=VERTEX_POINT('',#13137);
#3909=VERTEX_POINT('',#13139);
#3910=VERTEX_POINT('',#13141);
#3911=VERTEX_POINT('',#13143);
#3912=VERTEX_POINT('',#13145);
#3913=VERTEX_POINT('',#13147);
#3914=VERTEX_POINT('',#13149);
#3915=VERTEX_POINT('',#13151);
#3916=VERTEX_POINT('',#13153);
#3917=VERTEX_POINT('',#13156);
#3918=VERTEX_POINT('',#13157);
#3919=VERTEX_POINT('',#13159);
#3920=VERTEX_POINT('',#13161);
#3921=VERTEX_POINT('',#13163);
#3922=VERTEX_POINT('',#13165);
#3923=VERTEX_POINT('',#13167);
#3924=VERTEX_POINT('',#13185);
#3925=VERTEX_POINT('',#13186);
#3926=VERTEX_POINT('',#13188);
#3927=VERTEX_POINT('',#13190);
#3928=VERTEX_POINT('',#13192);
#3929=VERTEX_POINT('',#13194);
#3930=VERTEX_POINT('',#13196);
#3931=VERTEX_POINT('',#13198);
#3932=VERTEX_POINT('',#13200);
#3933=VERTEX_POINT('',#13202);
#3934=VERTEX_POINT('',#13204);
#3935=VERTEX_POINT('',#13206);
#3936=VERTEX_POINT('',#13294);
#3937=VERTEX_POINT('',#13299);
#3938=VERTEX_POINT('',#13325);
#3939=VERTEX_POINT('',#13327);
#3940=VERTEX_POINT('',#13329);
#3941=VERTEX_POINT('',#13336);
#3942=VERTEX_POINT('',#13337);
#3943=VERTEX_POINT('',#13339);
#3944=VERTEX_POINT('',#13347);
#3945=VERTEX_POINT('',#13423);
#3946=VERTEX_POINT('',#13428);
#3947=VERTEX_POINT('',#13443);
#3948=VERTEX_POINT('',#13520);
#3949=VERTEX_POINT('',#13525);
#3950=VERTEX_POINT('',#13535);
#3951=VERTEX_POINT('',#13546);
#3952=VERTEX_POINT('',#13579);
#3953=VERTEX_POINT('',#13581);
#3954=VERTEX_POINT('',#13588);
#3955=VERTEX_POINT('',#13595);
#3956=VERTEX_POINT('',#13615);
#3957=VERTEX_POINT('',#13616);
#3958=VERTEX_POINT('',#13618);
#3959=VERTEX_POINT('',#13627);
#3960=VERTEX_POINT('',#13634);
#3961=VERTEX_POINT('',#13635);
#3962=VERTEX_POINT('',#13637);
#3963=VERTEX_POINT('',#13639);
#3964=VERTEX_POINT('',#13668);
#3965=VERTEX_POINT('',#13670);
#3966=VERTEX_POINT('',#13677);
#3967=VERTEX_POINT('',#13678);
#3968=VERTEX_POINT('',#13681);
#3969=VERTEX_POINT('',#13692);
#3970=VERTEX_POINT('',#13694);
#3971=VERTEX_POINT('',#13702);
#3972=VERTEX_POINT('',#13751);
#3973=VERTEX_POINT('',#13753);
#3974=VERTEX_POINT('',#13755);
#3975=VERTEX_POINT('',#13758);
#3976=VERTEX_POINT('',#13765);
#3977=VERTEX_POINT('',#13767);
#3978=VERTEX_POINT('',#13769);
#3979=VERTEX_POINT('',#13771);
#3980=VERTEX_POINT('',#13782);
#3981=VERTEX_POINT('',#13789);
#3982=VERTEX_POINT('',#13791);
#3983=VERTEX_POINT('',#13793);
#3984=VERTEX_POINT('',#13804);
#3985=VERTEX_POINT('',#13812);
#3986=VERTEX_POINT('',#13814);
#3987=VERTEX_POINT('',#13816);
#3988=VERTEX_POINT('',#13833);
#3989=VERTEX_POINT('',#13835);
#3990=VERTEX_POINT('',#13842);
#3991=VERTEX_POINT('',#13853);
#3992=VERTEX_POINT('',#13855);
#3993=VERTEX_POINT('',#13873);
#3994=VERTEX_POINT('',#13874);
#3995=VERTEX_POINT('',#13876);
#3996=VERTEX_POINT('',#13878);
#3997=VERTEX_POINT('',#13881);
#3998=VERTEX_POINT('',#13882);
#3999=VERTEX_POINT('',#13884);
#4000=VERTEX_POINT('',#13886);
#4001=VERTEX_POINT('',#13889);
#4002=VERTEX_POINT('',#13890);
#4003=VERTEX_POINT('',#13892);
#4004=VERTEX_POINT('',#13894);
#4005=VERTEX_POINT('',#13897);
#4006=VERTEX_POINT('',#13898);
#4007=VERTEX_POINT('',#13900);
#4008=VERTEX_POINT('',#13902);
#4009=VERTEX_POINT('',#13905);
#4010=VERTEX_POINT('',#13906);
#4011=VERTEX_POINT('',#13908);
#4012=VERTEX_POINT('',#13910);
#4013=VERTEX_POINT('',#13913);
#4014=VERTEX_POINT('',#13914);
#4015=VERTEX_POINT('',#13916);
#4016=VERTEX_POINT('',#13918);
#4017=VERTEX_POINT('',#13921);
#4018=VERTEX_POINT('',#13922);
#4019=VERTEX_POINT('',#13924);
#4020=VERTEX_POINT('',#13926);
#4021=VERTEX_POINT('',#13929);
#4022=VERTEX_POINT('',#13930);
#4023=VERTEX_POINT('',#13932);
#4024=VERTEX_POINT('',#13934);
#4025=VERTEX_POINT('',#13958);
#4026=VERTEX_POINT('',#13961);
#4027=VERTEX_POINT('',#13968);
#4028=VERTEX_POINT('',#13976);
#4029=VERTEX_POINT('',#14004);
#4030=VERTEX_POINT('',#14007);
#4031=VERTEX_POINT('',#14014);
#4032=VERTEX_POINT('',#14022);
#4033=VERTEX_POINT('',#14050);
#4034=VERTEX_POINT('',#14053);
#4035=VERTEX_POINT('',#14060);
#4036=VERTEX_POINT('',#14068);
#4037=VERTEX_POINT('',#14096);
#4038=VERTEX_POINT('',#14099);
#4039=VERTEX_POINT('',#14106);
#4040=VERTEX_POINT('',#14114);
#4041=VERTEX_POINT('',#14142);
#4042=VERTEX_POINT('',#14144);
#4043=VERTEX_POINT('',#14169);
#4044=VERTEX_POINT('',#14171);
#4045=VERTEX_POINT('',#14178);
#4046=VERTEX_POINT('',#14185);
#4047=VERTEX_POINT('',#14192);
#4048=VERTEX_POINT('',#14199);
#4049=VERTEX_POINT('',#14206);
#4050=VERTEX_POINT('',#14222);
#4051=VERTEX_POINT('',#14224);
#4052=VERTEX_POINT('',#14232);
#4053=VERTEX_POINT('',#14234);
#4054=VERTEX_POINT('',#14236);
#4055=VERTEX_POINT('',#14238);
#4056=VERTEX_POINT('',#14240);
#4057=VERTEX_POINT('',#14242);
#4058=VERTEX_POINT('',#14244);
#4059=VERTEX_POINT('',#14246);
#4060=VERTEX_POINT('',#14248);
#4061=VERTEX_POINT('',#14250);
#4062=VERTEX_POINT('',#14252);
#4063=VERTEX_POINT('',#14254);
#4064=VERTEX_POINT('',#14256);
#4065=VERTEX_POINT('',#14258);
#4066=VERTEX_POINT('',#14260);
#4067=VERTEX_POINT('',#14268);
#4068=VERTEX_POINT('',#14275);
#4069=VERTEX_POINT('',#14276);
#4070=VERTEX_POINT('',#14278);
#4071=VERTEX_POINT('',#14280);
#4072=VERTEX_POINT('',#14286);
#4073=VERTEX_POINT('',#14288);
#4074=VERTEX_POINT('',#14290);
#4075=VERTEX_POINT('',#14292);
#4076=VERTEX_POINT('',#14316);
#4077=VERTEX_POINT('',#14321);
#4078=VERTEX_POINT('',#14332);
#4079=VERTEX_POINT('',#14334);
#4080=VERTEX_POINT('',#14336);
#4081=VERTEX_POINT('',#14339);
#4082=VERTEX_POINT('',#14341);
#4083=VERTEX_POINT('',#14343);
#4084=VERTEX_POINT('',#14345);
#4085=VERTEX_POINT('',#14352);
#4086=VERTEX_POINT('',#14423);
#4087=VERTEX_POINT('',#14430);
#4088=VERTEX_POINT('',#14437);
#4089=VERTEX_POINT('',#14438);
#4090=VERTEX_POINT('',#14440);
#4091=VERTEX_POINT('',#14442);
#4092=VERTEX_POINT('',#14444);
#4093=VERTEX_POINT('',#14446);
#4094=VERTEX_POINT('',#14448);
#4095=VERTEX_POINT('',#14450);
#4096=VERTEX_POINT('',#14452);
#4097=VERTEX_POINT('',#14455);
#4098=VERTEX_POINT('',#14472);
#4099=VERTEX_POINT('',#14479);
#4100=VERTEX_POINT('',#14490);
#4101=VERTEX_POINT('',#14492);
#4102=VERTEX_POINT('',#14502);
#4103=VERTEX_POINT('',#14503);
#4104=VERTEX_POINT('',#14505);
#4105=VERTEX_POINT('',#14507);
#4106=VERTEX_POINT('',#14510);
#4107=VERTEX_POINT('',#14512);
#4108=VERTEX_POINT('',#14514);
#4109=VERTEX_POINT('',#14538);
#4110=VERTEX_POINT('',#14543);
#4111=VERTEX_POINT('',#14554);
#4112=VERTEX_POINT('',#14565);
#4113=VERTEX_POINT('',#14572);
#4114=VERTEX_POINT('',#14588);
#4115=VERTEX_POINT('',#14590);
#4116=VERTEX_POINT('',#14620);
#4117=VERTEX_POINT('',#14622);
#4118=VERTEX_POINT('',#14625);
#4119=VERTEX_POINT('',#14627);
#4120=VERTEX_POINT('',#14630);
#4121=VERTEX_POINT('',#14632);
#4122=VERTEX_POINT('',#14635);
#4123=VERTEX_POINT('',#14637);
#4124=VERTEX_POINT('',#14640);
#4125=VERTEX_POINT('',#14641);
#4126=VERTEX_POINT('',#14643);
#4127=VERTEX_POINT('',#14645);
#4128=VERTEX_POINT('',#14648);
#4129=VERTEX_POINT('',#14649);
#4130=VERTEX_POINT('',#14651);
#4131=VERTEX_POINT('',#14653);
#4132=VERTEX_POINT('',#14656);
#4133=VERTEX_POINT('',#14657);
#4134=VERTEX_POINT('',#14659);
#4135=VERTEX_POINT('',#14661);
#4136=VERTEX_POINT('',#14664);
#4137=VERTEX_POINT('',#14665);
#4138=VERTEX_POINT('',#14667);
#4139=VERTEX_POINT('',#14669);
#4140=VERTEX_POINT('',#14676);
#4141=VERTEX_POINT('',#14683);
#4142=VERTEX_POINT('',#14699);
#4143=VERTEX_POINT('',#14706);
#4144=VERTEX_POINT('',#14722);
#4145=VERTEX_POINT('',#14729);
#4146=VERTEX_POINT('',#14745);
#4147=VERTEX_POINT('',#14752);
#4148=VERTEX_POINT('',#14772);
#4149=VERTEX_POINT('',#14774);
#4150=VERTEX_POINT('',#14781);
#4151=VERTEX_POINT('',#14783);
#4152=VERTEX_POINT('',#14785);
#4153=VERTEX_POINT('',#14796);
#4154=VERTEX_POINT('',#14803);
#4155=VERTEX_POINT('',#14805);
#4156=VERTEX_POINT('',#14830);
#4157=VERTEX_POINT('',#14832);
#4158=VERTEX_POINT('',#14839);
#4159=VERTEX_POINT('',#14841);
#4160=VERTEX_POINT('',#14843);
#4161=VERTEX_POINT('',#14854);
#4162=VERTEX_POINT('',#14861);
#4163=VERTEX_POINT('',#14863);
#4164=VERTEX_POINT('',#14888);
#4165=VERTEX_POINT('',#14890);
#4166=VERTEX_POINT('',#14897);
#4167=VERTEX_POINT('',#14899);
#4168=VERTEX_POINT('',#14901);
#4169=VERTEX_POINT('',#14912);
#4170=VERTEX_POINT('',#14919);
#4171=VERTEX_POINT('',#14921);
#4172=VERTEX_POINT('',#14946);
#4173=VERTEX_POINT('',#14948);
#4174=VERTEX_POINT('',#14955);
#4175=VERTEX_POINT('',#14957);
#4176=VERTEX_POINT('',#14959);
#4177=VERTEX_POINT('',#14970);
#4178=VERTEX_POINT('',#14977);
#4179=VERTEX_POINT('',#14979);
#4180=VERTEX_POINT('',#15048);
#4181=VERTEX_POINT('',#15050);
#4182=VERTEX_POINT('',#15057);
#4183=VERTEX_POINT('',#15059);
#4184=VERTEX_POINT('',#15061);
#4185=VERTEX_POINT('',#15063);
#4186=VERTEX_POINT('',#15065);
#4187=VERTEX_POINT('',#15067);
#4188=VERTEX_POINT('',#15070);
#4189=VERTEX_POINT('',#15071);
#4190=VERTEX_POINT('',#15073);
#4191=VERTEX_POINT('',#15075);
#4192=VERTEX_POINT('',#15082);
#4193=VERTEX_POINT('',#15084);
#4194=VERTEX_POINT('',#15091);
#4195=VERTEX_POINT('',#15098);
#4196=VERTEX_POINT('',#15169);
#4197=VERTEX_POINT('',#15170);
#4198=VERTEX_POINT('',#15172);
#4199=VERTEX_POINT('',#15174);
#4200=VERTEX_POINT('',#15176);
#4201=VERTEX_POINT('',#15178);
#4202=VERTEX_POINT('',#15180);
#4203=VERTEX_POINT('',#15182);
#4204=VERTEX_POINT('',#15184);
#4205=VERTEX_POINT('',#15186);
#4206=VERTEX_POINT('',#15194);
#4207=VERTEX_POINT('',#15195);
#4208=VERTEX_POINT('',#15197);
#4209=VERTEX_POINT('',#15199);
#4210=VERTEX_POINT('',#15201);
#4211=VERTEX_POINT('',#15203);
#4212=VERTEX_POINT('',#15205);
#4213=VERTEX_POINT('',#15207);
#4214=VERTEX_POINT('',#15209);
#4215=VERTEX_POINT('',#15211);
#4216=VERTEX_POINT('',#15223);
#4217=VERTEX_POINT('',#15224);
#4218=VERTEX_POINT('',#15226);
#4219=VERTEX_POINT('',#15228);
#4220=VERTEX_POINT('',#15236);
#4221=VERTEX_POINT('',#15237);
#4222=VERTEX_POINT('',#15239);
#4223=VERTEX_POINT('',#15241);
#4224=VERTEX_POINT('',#15243);
#4225=VERTEX_POINT('',#15245);
#4226=VERTEX_POINT('',#15247);
#4227=VERTEX_POINT('',#15249);
#4228=VERTEX_POINT('',#15251);
#4229=VERTEX_POINT('',#15253);
#4230=VERTEX_POINT('',#15265);
#4231=VERTEX_POINT('',#15266);
#4232=VERTEX_POINT('',#15268);
#4233=VERTEX_POINT('',#15270);
#4234=VERTEX_POINT('',#15278);
#4235=VERTEX_POINT('',#15279);
#4236=VERTEX_POINT('',#15281);
#4237=VERTEX_POINT('',#15283);
#4238=VERTEX_POINT('',#15285);
#4239=VERTEX_POINT('',#15287);
#4240=VERTEX_POINT('',#15289);
#4241=VERTEX_POINT('',#15291);
#4242=VERTEX_POINT('',#15293);
#4243=VERTEX_POINT('',#15295);
#4244=VERTEX_POINT('',#15303);
#4245=VERTEX_POINT('',#15304);
#4246=VERTEX_POINT('',#15306);
#4247=VERTEX_POINT('',#15308);
#4248=LINE('',#11120,#4972);
#4249=LINE('',#11123,#4973);
#4250=LINE('',#11125,#4974);
#4251=LINE('',#11127,#4975);
#4252=LINE('',#11132,#4976);
#4253=LINE('',#11134,#4977);
#4254=LINE('',#11136,#4978);
#4255=LINE('',#11141,#4979);
#4256=LINE('',#11143,#4980);
#4257=LINE('',#11145,#4981);
#4258=LINE('',#11150,#4982);
#4259=LINE('',#11152,#4983);
#4260=LINE('',#11154,#4984);
#4261=LINE('',#11159,#4985);
#4262=LINE('',#11161,#4986);
#4263=LINE('',#11163,#4987);
#4264=LINE('',#11168,#4988);
#4265=LINE('',#11170,#4989);
#4266=LINE('',#11172,#4990);
#4267=LINE('',#11177,#4991);
#4268=LINE('',#11178,#4992);
#4269=LINE('',#11192,#4993);
#4270=LINE('',#11197,#4994);
#4271=LINE('',#11199,#4995);
#4272=LINE('',#11201,#4996);
#4273=LINE('',#11212,#4997);
#4274=LINE('',#11214,#4998);
#4275=LINE('',#11221,#4999);
#4276=LINE('',#11223,#5000);
#4277=LINE('',#11225,#5001);
#4278=LINE('',#11229,#5002);
#4279=LINE('',#11234,#5003);
#4280=LINE('',#11243,#5004);
#4281=LINE('',#11250,#5005);
#4282=LINE('',#11266,#5006);
#4283=LINE('',#11278,#5007);
#4284=LINE('',#11301,#5008);
#4285=LINE('',#11306,#5009);
#4286=LINE('',#11308,#5010);
#4287=LINE('',#11310,#5011);
#4288=LINE('',#11312,#5012);
#4289=LINE('',#11314,#5013);
#4290=LINE('',#11318,#5014);
#4291=LINE('',#11322,#5015);
#4292=LINE('',#11326,#5016);
#4293=LINE('',#11332,#5017);
#4294=LINE('',#11336,#5018);
#4295=LINE('',#11340,#5019);
#4296=LINE('',#11347,#5020);
#4297=LINE('',#11350,#5021);
#4298=LINE('',#11351,#5022);
#4299=LINE('',#11362,#5023);
#4300=LINE('',#11371,#5024);
#4301=LINE('',#11373,#5025);
#4302=LINE('',#11375,#5026);
#4303=LINE('',#11377,#5027);
#4304=LINE('',#11379,#5028);
#4305=LINE('',#11383,#5029);
#4306=LINE('',#11389,#5030);
#4307=LINE('',#11393,#5031);
#4308=LINE('',#11397,#5032);
#4309=LINE('',#11402,#5033);
#4310=LINE('',#11407,#5034);
#4311=LINE('',#11409,#5035);
#4312=LINE('',#11411,#5036);
#4313=LINE('',#11422,#5037);
#4314=LINE('',#11423,#5038);
#4315=LINE('',#11430,#5039);
#4316=LINE('',#11433,#5040);
#4317=LINE('',#11434,#5041);
#4318=LINE('',#11445,#5042);
#4319=LINE('',#11458,#5043);
#4320=LINE('',#11465,#5044);
#4321=LINE('',#11467,#5045);
#4322=LINE('',#11471,#5046);
#4323=LINE('',#11482,#5047);
#4324=LINE('',#11484,#5048);
#4325=LINE('',#11491,#5049);
#4326=LINE('',#11493,#5050);
#4327=LINE('',#11495,#5051);
#4328=LINE('',#11497,#5052);
#4329=LINE('',#11508,#5053);
#4330=LINE('',#11509,#5054);
#4331=LINE('',#11518,#5055);
#4332=LINE('',#11541,#5056);
#4333=LINE('',#11550,#5057);
#4334=LINE('',#11551,#5058);
#4335=LINE('',#11562,#5059);
#4336=LINE('',#11569,#5060);
#4337=LINE('',#11571,#5061);
#4338=LINE('',#11573,#5062);
#4339=LINE('',#11584,#5063);
#4340=LINE('',#11585,#5064);
#4341=LINE('',#11592,#5065);
#4342=LINE('',#11595,#5066);
#4343=LINE('',#11596,#5067);
#4344=LINE('',#11605,#5068);
#4345=LINE('',#11614,#5069);
#4346=LINE('',#11639,#5070);
#4347=LINE('',#11652,#5071);
#4348=LINE('',#11659,#5072);
#4349=LINE('',#11661,#5073);
#4350=LINE('',#11665,#5074);
#4351=LINE('',#11676,#5075);
#4352=LINE('',#11680,#5076);
#4353=LINE('',#11685,#5077);
#4354=LINE('',#11687,#5078);
#4355=LINE('',#11694,#5079);
#4356=LINE('',#11696,#5080);
#4357=LINE('',#11698,#5081);
#4358=LINE('',#11707,#5082);
#4359=LINE('',#11712,#5083);
#4360=LINE('',#11716,#5084);
#4361=LINE('',#11719,#5085);
#4362=LINE('',#11721,#5086);
#4363=LINE('',#11726,#5087);
#4364=LINE('',#11729,#5088);
#4365=LINE('',#11730,#5089);
#4366=LINE('',#11732,#5090);
#4367=LINE('',#11734,#5091);
#4368=LINE('',#11736,#5092);
#4369=LINE('',#11738,#5093);
#4370=LINE('',#11740,#5094);
#4371=LINE('',#11744,#5095);
#4372=LINE('',#11748,#5096);
#4373=LINE('',#11752,#5097);
#4374=LINE('',#11756,#5098);
#4375=LINE('',#11760,#5099);
#4376=LINE('',#11764,#5100);
#4377=LINE('',#11765,#5101);
#4378=LINE('',#11770,#5102);
#4379=LINE('',#11774,#5103);
#4380=LINE('',#11778,#5104);
#4381=LINE('',#11785,#5105);
#4382=LINE('',#11789,#5106);
#4383=LINE('',#11791,#5107);
#4384=LINE('',#11795,#5108);
#4385=LINE('',#11797,#5109);
#4386=LINE('',#11802,#5110);
#4387=LINE('',#11804,#5111);
#4388=LINE('',#11806,#5112);
#4389=LINE('',#11808,#5113);
#4390=LINE('',#11810,#5114);
#4391=LINE('',#11814,#5115);
#4392=LINE('',#11818,#5116);
#4393=LINE('',#11822,#5117);
#4394=LINE('',#11828,#5118);
#4395=LINE('',#11834,#5119);
#4396=LINE('',#11838,#5120);
#4397=LINE('',#11843,#5121);
#4398=LINE('',#11846,#5122);
#4399=LINE('',#11847,#5123);
#4400=LINE('',#11866,#5124);
#4401=LINE('',#11871,#5125);
#4402=LINE('',#11873,#5126);
#4403=LINE('',#11878,#5127);
#4404=LINE('',#11881,#5128);
#4405=LINE('',#11883,#5129);
#4406=LINE('',#11885,#5130);
#4407=LINE('',#11886,#5131);
#4408=LINE('',#11890,#5132);
#4409=LINE('',#11896,#5133);
#4410=LINE('',#11900,#5134);
#4411=LINE('',#11903,#5135);
#4412=LINE('',#11916,#5136);
#4413=LINE('',#11925,#5137);
#4414=LINE('',#11927,#5138);
#4415=LINE('',#11929,#5139);
#4416=LINE('',#11940,#5140);
#4417=LINE('',#11945,#5141);
#4418=LINE('',#11951,#5142);
#4419=LINE('',#11957,#5143);
#4420=LINE('',#11959,#5144);
#4421=LINE('',#11968,#5145);
#4422=LINE('',#11977,#5146);
#4423=LINE('',#11979,#5147);
#4424=LINE('',#11981,#5148);
#4425=LINE('',#11992,#5149);
#4426=LINE('',#11994,#5150);
#4427=LINE('',#12001,#5151);
#4428=LINE('',#12003,#5152);
#4429=LINE('',#12004,#5153);
#4430=LINE('',#12017,#5154);
#4431=LINE('',#12028,#5155);
#4432=LINE('',#12042,#5156);
#4433=LINE('',#12051,#5157);
#4434=LINE('',#12064,#5158);
#4435=LINE('',#12067,#5159);
#4436=LINE('',#12072,#5160);
#4437=LINE('',#12077,#5161);
#4438=LINE('',#12083,#5162);
#4439=LINE('',#12085,#5163);
#4440=LINE('',#12091,#5164);
#4441=LINE('',#12093,#5165);
#4442=LINE('',#12102,#5166);
#4443=LINE('',#12111,#5167);
#4444=LINE('',#12113,#5168);
#4445=LINE('',#12117,#5169);
#4446=LINE('',#12122,#5170);
#4447=LINE('',#12124,#5171);
#4448=LINE('',#12131,#5172);
#4449=LINE('',#12133,#5173);
#4450=LINE('',#12144,#5174);
#4451=LINE('',#12162,#5175);
#4452=LINE('',#12164,#5176);
#4453=LINE('',#12165,#5177);
#4454=LINE('',#12183,#5178);
#4455=LINE('',#12188,#5179);
#4456=LINE('',#12203,#5180);
#4457=LINE('',#12208,#5181);
#4458=LINE('',#12222,#5182);
#4459=LINE('',#12231,#5183);
#4460=LINE('',#12248,#5184);
#4461=LINE('',#12269,#5185);
#4462=LINE('',#12271,#5186);
#4463=LINE('',#12275,#5187);
#4464=LINE('',#12277,#5188);
#4465=LINE('',#12286,#5189);
#4466=LINE('',#12295,#5190);
#4467=LINE('',#12297,#5191);
#4468=LINE('',#12299,#5192);
#4469=LINE('',#12310,#5193);
#4470=LINE('',#12312,#5194);
#4471=LINE('',#12319,#5195);
#4472=LINE('',#12320,#5196);
#4473=LINE('',#12331,#5197);
#4474=LINE('',#12344,#5198);
#4475=LINE('',#12349,#5199);
#4476=LINE('',#12355,#5200);
#4477=LINE('',#12357,#5201);
#4478=LINE('',#12371,#5202);
#4479=LINE('',#12388,#5203);
#4480=LINE('',#12398,#5204);
#4481=LINE('',#12405,#5205);
#4482=LINE('',#12406,#5206);
#4483=LINE('',#12408,#5207);
#4484=LINE('',#12411,#5208);
#4485=LINE('',#12416,#5209);
#4486=LINE('',#12419,#5210);
#4487=LINE('',#12421,#5211);
#4488=LINE('',#12422,#5212);
#4489=LINE('',#12424,#5213);
#4490=LINE('',#12426,#5214);
#4491=LINE('',#12430,#5215);
#4492=LINE('',#12434,#5216);
#4493=LINE('',#12438,#5217);
#4494=LINE('',#12442,#5218);
#4495=LINE('',#12446,#5219);
#4496=LINE('',#12450,#5220);
#4497=LINE('',#12451,#5221);
#4498=LINE('',#12456,#5222);
#4499=LINE('',#12460,#5223);
#4500=LINE('',#12464,#5224);
#4501=LINE('',#12475,#5225);
#4502=LINE('',#12479,#5226);
#4503=LINE('',#12484,#5227);
#4504=LINE('',#12486,#5228);
#4505=LINE('',#12497,#5229);
#4506=LINE('',#12502,#5230);
#4507=LINE('',#12504,#5231);
#4508=LINE('',#12515,#5232);
#4509=LINE('',#12520,#5233);
#4510=LINE('',#12522,#5234);
#4511=LINE('',#12533,#5235);
#4512=LINE('',#12538,#5236);
#4513=LINE('',#12543,#5237);
#4514=LINE('',#12546,#5238);
#4515=LINE('',#12548,#5239);
#4516=LINE('',#12550,#5240);
#4517=LINE('',#12555,#5241);
#4518=LINE('',#12557,#5242);
#4519=LINE('',#12559,#5243);
#4520=LINE('',#12564,#5244);
#4521=LINE('',#12566,#5245);
#4522=LINE('',#12571,#5246);
#4523=LINE('',#12573,#5247);
#4524=LINE('',#12578,#5248);
#4525=LINE('',#12587,#5249);
#4526=LINE('',#12589,#5250);
#4527=LINE('',#12591,#5251);
#4528=LINE('',#12600,#5252);
#4529=LINE('',#12607,#5253);
#4530=LINE('',#12609,#5254);
#4531=LINE('',#12618,#5255);
#4532=LINE('',#12625,#5256);
#4533=LINE('',#12627,#5257);
#4534=LINE('',#12636,#5258);
#4535=LINE('',#12643,#5259);
#4536=LINE('',#12645,#5260);
#4537=LINE('',#12654,#5261);
#4538=LINE('',#12661,#5262);
#4539=LINE('',#12663,#5263);
#4540=LINE('',#12668,#5264);
#4541=LINE('',#12670,#5265);
#4542=LINE('',#12672,#5266);
#4543=LINE('',#12673,#5267);
#4544=LINE('',#12674,#5268);
#4545=LINE('',#12687,#5269);
#4546=LINE('',#12708,#5270);
#4547=LINE('',#12724,#5271);
#4548=LINE('',#12733,#5272);
#4549=LINE('',#12757,#5273);
#4550=LINE('',#12764,#5274);
#4551=LINE('',#12767,#5275);
#4552=LINE('',#12768,#5276);
#4553=LINE('',#12773,#5277);
#4554=LINE('',#12775,#5278);
#4555=LINE('',#12869,#5279);
#4556=LINE('',#12946,#5280);
#4557=LINE('',#12961,#5281);
#4558=LINE('',#12966,#5282);
#4559=LINE('',#12967,#5283);
#4560=LINE('',#12984,#5284);
#4561=LINE('',#12989,#5285);
#4562=LINE('',#12991,#5286);
#4563=LINE('',#12993,#5287);
#4564=LINE('',#12998,#5288);
#4565=LINE('',#13000,#5289);
#4566=LINE('',#13005,#5290);
#4567=LINE('',#13007,#5291);
#4568=LINE('',#13012,#5292);
#4569=LINE('',#13025,#5293);
#4570=LINE('',#13039,#5294);
#4571=LINE('',#13041,#5295);
#4572=LINE('',#13043,#5296);
#4573=LINE('',#13044,#5297);
#4574=LINE('',#13057,#5298);
#4575=LINE('',#13061,#5299);
#4576=LINE('',#13072,#5300);
#4577=LINE('',#13076,#5301);
#4578=LINE('',#13081,#5302);
#4579=LINE('',#13086,#5303);
#4580=LINE('',#13097,#5304);
#4581=LINE('',#13118,#5305);
#4582=LINE('',#13121,#5306);
#4583=LINE('',#13126,#5307);
#4584=LINE('',#13128,#5308);
#4585=LINE('',#13132,#5309);
#4586=LINE('',#13136,#5310);
#4587=LINE('',#13138,#5311);
#4588=LINE('',#13144,#5312);
#4589=LINE('',#13146,#5313);
#4590=LINE('',#13150,#5314);
#4591=LINE('',#13154,#5315);
#4592=LINE('',#13155,#5316);
#4593=LINE('',#13158,#5317);
#4594=LINE('',#13160,#5318);
#4595=LINE('',#13162,#5319);
#4596=LINE('',#13164,#5320);
#4597=LINE('',#13166,#5321);
#4598=LINE('',#13168,#5322);
#4599=LINE('',#13177,#5323);
#4600=LINE('',#13182,#5324);
#4601=LINE('',#13183,#5325);
#4602=LINE('',#13184,#5326);
#4603=LINE('',#13189,#5327);
#4604=LINE('',#13193,#5328);
#4605=LINE('',#13197,#5329);
#4606=LINE('',#13201,#5330);
#4607=LINE('',#13205,#5331);
#4608=LINE('',#13212,#5332);
#4609=LINE('',#13213,#5333);
#4610=LINE('',#13222,#5334);
#4611=LINE('',#13227,#5335);
#4612=LINE('',#13236,#5336);
#4613=LINE('',#13241,#5337);
#4614=LINE('',#13250,#5338);
#4615=LINE('',#13255,#5339);
#4616=LINE('',#13264,#5340);
#4617=LINE('',#13269,#5341);
#4618=LINE('',#13300,#5342);
#4619=LINE('',#13328,#5343);
#4620=LINE('',#13335,#5344);
#4621=LINE('',#13338,#5345);
#4622=LINE('',#13341,#5346);
#4623=LINE('',#13346,#5347);
#4624=LINE('',#13348,#5348);
#4625=LINE('',#13442,#5349);
#4626=LINE('',#13519,#5350);
#4627=LINE('',#13534,#5351);
#4628=LINE('',#13536,#5352);
#4629=LINE('',#13559,#5353);
#4630=LINE('',#13564,#5354);
#4631=LINE('',#13573,#5355);
#4632=LINE('',#13578,#5356);
#4633=LINE('',#13580,#5357);
#4634=LINE('',#13582,#5358);
#4635=LINE('',#13587,#5359);
#4636=LINE('',#13589,#5360);
#4637=LINE('',#13594,#5361);
#4638=LINE('',#13596,#5362);
#4639=LINE('',#13601,#5363);
#4640=LINE('',#13614,#5364);
#4641=LINE('',#13636,#5365);
#4642=LINE('',#13638,#5366);
#4643=LINE('',#13640,#5367);
#4644=LINE('',#13641,#5368);
#4645=LINE('',#13671,#5369);
#4646=LINE('',#13676,#5370);
#4647=LINE('',#13680,#5371);
#4648=LINE('',#13691,#5372);
#4649=LINE('',#13693,#5373);
#4650=LINE('',#13700,#5374);
#4651=LINE('',#13703,#5375);
#4652=LINE('',#13708,#5376);
#4653=LINE('',#13721,#5377);
#4654=LINE('',#13750,#5378);
#4655=LINE('',#13752,#5379);
#4656=LINE('',#13754,#5380);
#4657=LINE('',#13756,#5381);
#4658=LINE('',#13757,#5382);
#4659=LINE('',#13759,#5383);
#4660=LINE('',#13766,#5384);
#4661=LINE('',#13768,#5385);
#4662=LINE('',#13770,#5386);
#4663=LINE('',#13783,#5387);
#4664=LINE('',#13788,#5388);
#4665=LINE('',#13790,#5389);
#4666=LINE('',#13794,#5390);
#4667=LINE('',#13803,#5391);
#4668=LINE('',#13805,#5392);
#4669=LINE('',#13811,#5393);
#4670=LINE('',#13813,#5394);
#4671=LINE('',#13815,#5395);
#4672=LINE('',#13826,#5396);
#4673=LINE('',#13827,#5397);
#4674=LINE('',#13832,#5398);
#4675=LINE('',#13834,#5399);
#4676=LINE('',#13836,#5400);
#4677=LINE('',#13841,#5401);
#4678=LINE('',#13843,#5402);
#4679=LINE('',#13856,#5403);
#4680=LINE('',#13861,#5404);
#4681=LINE('',#13870,#5405);
#4682=LINE('',#13871,#5406);
#4683=LINE('',#13872,#5407);
#4684=LINE('',#13875,#5408);
#4685=LINE('',#13877,#5409);
#4686=LINE('',#13879,#5410);
#4687=LINE('',#13880,#5411);
#4688=LINE('',#13883,#5412);
#4689=LINE('',#13885,#5413);
#4690=LINE('',#13887,#5414);
#4691=LINE('',#13888,#5415);
#4692=LINE('',#13891,#5416);
#4693=LINE('',#13893,#5417);
#4694=LINE('',#13895,#5418);
#4695=LINE('',#13896,#5419);
#4696=LINE('',#13899,#5420);
#4697=LINE('',#13901,#5421);
#4698=LINE('',#13903,#5422);
#4699=LINE('',#13904,#5423);
#4700=LINE('',#13907,#5424);
#4701=LINE('',#13909,#5425);
#4702=LINE('',#13911,#5426);
#4703=LINE('',#13912,#5427);
#4704=LINE('',#13915,#5428);
#4705=LINE('',#13917,#5429);
#4706=LINE('',#13919,#5430);
#4707=LINE('',#13920,#5431);
#4708=LINE('',#13923,#5432);
#4709=LINE('',#13925,#5433);
#4710=LINE('',#13927,#5434);
#4711=LINE('',#13928,#5435);
#4712=LINE('',#13931,#5436);
#4713=LINE('',#13933,#5437);
#4714=LINE('',#13935,#5438);
#4715=LINE('',#13948,#5439);
#4716=LINE('',#13957,#5440);
#4717=LINE('',#13962,#5441);
#4718=LINE('',#13967,#5442);
#4719=LINE('',#13969,#5443);
#4720=LINE('',#13977,#5444);
#4721=LINE('',#13982,#5445);
#4722=LINE('',#14003,#5446);
#4723=LINE('',#14008,#5447);
#4724=LINE('',#14013,#5448);
#4725=LINE('',#14015,#5449);
#4726=LINE('',#14023,#5450);
#4727=LINE('',#14028,#5451);
#4728=LINE('',#14049,#5452);
#4729=LINE('',#14054,#5453);
#4730=LINE('',#14059,#5454);
#4731=LINE('',#14061,#5455);
#4732=LINE('',#14069,#5456);
#4733=LINE('',#14074,#5457);
#4734=LINE('',#14095,#5458);
#4735=LINE('',#14100,#5459);
#4736=LINE('',#14105,#5460);
#4737=LINE('',#14107,#5461);
#4738=LINE('',#14115,#5462);
#4739=LINE('',#14120,#5463);
#4740=LINE('',#14141,#5464);
#4741=LINE('',#14145,#5465);
#4742=LINE('',#14150,#5466);
#4743=LINE('',#14159,#5467);
#4744=LINE('',#14168,#5468);
#4745=LINE('',#14170,#5469);
#4746=LINE('',#14172,#5470);
#4747=LINE('',#14177,#5471);
#4748=LINE('',#14179,#5472);
#4749=LINE('',#14184,#5473);
#4750=LINE('',#14186,#5474);
#4751=LINE('',#14191,#5475);
#4752=LINE('',#14193,#5476);
#4753=LINE('',#14198,#5477);
#4754=LINE('',#14200,#5478);
#4755=LINE('',#14205,#5479);
#4756=LINE('',#14207,#5480);
#4757=LINE('',#14212,#5481);
#4758=LINE('',#14221,#5482);
#4759=LINE('',#14223,#5483);
#4760=LINE('',#14225,#5484);
#4761=LINE('',#14231,#5485);
#4762=LINE('',#14233,#5486);
#4763=LINE('',#14237,#5487);
#4764=LINE('',#14239,#5488);
#4765=LINE('',#14241,#5489);
#4766=LINE('',#14243,#5490);
#4767=LINE('',#14245,#5491);
#4768=LINE('',#14247,#5492);
#4769=LINE('',#14249,#5493);
#4770=LINE('',#14251,#5494);
#4771=LINE('',#14253,#5495);
#4772=LINE('',#14255,#5496);
#4773=LINE('',#14257,#5497);
#4774=LINE('',#14261,#5498);
#4775=LINE('',#14267,#5499);
#4776=LINE('',#14269,#5500);
#4777=LINE('',#14274,#5501);
#4778=LINE('',#14279,#5502);
#4779=LINE('',#14287,#5503);
#4780=LINE('',#14291,#5504);
#4781=LINE('',#14331,#5505);
#4782=LINE('',#14335,#5506);
#4783=LINE('',#14338,#5507);
#4784=LINE('',#14342,#5508);
#4785=LINE('',#14346,#5509);
#4786=LINE('',#14353,#5510);
#4787=LINE('',#14362,#5511);
#4788=LINE('',#14367,#5512);
#4789=LINE('',#14376,#5513);
#4790=LINE('',#14389,#5514);
#4791=LINE('',#14390,#5515);
#4792=LINE('',#14395,#5516);
#4793=LINE('',#14404,#5517);
#4794=LINE('',#14413,#5518);
#4795=LINE('',#14424,#5519);
#4796=LINE('',#14429,#5520);
#4797=LINE('',#14431,#5521);
#4798=LINE('',#14436,#5522);
#4799=LINE('',#14439,#5523);
#4800=LINE('',#14441,#5524);
#4801=LINE('',#14443,#5525);
#4802=LINE('',#14445,#5526);
#4803=LINE('',#14447,#5527);
#4804=LINE('',#14449,#5528);
#4805=LINE('',#14451,#5529);
#4806=LINE('',#14453,#5530);
#4807=LINE('',#14456,#5531);
#4808=LINE('',#14461,#5532);
#4809=LINE('',#14462,#5533);
#4810=LINE('',#14473,#5534);
#4811=LINE('',#14478,#5535);
#4812=LINE('',#14480,#5536);
#4813=LINE('',#14491,#5537);
#4814=LINE('',#14501,#5538);
#4815=LINE('',#14506,#5539);
#4816=LINE('',#14509,#5540);
#4817=LINE('',#14513,#5541);
#4818=LINE('',#14553,#5542);
#4819=LINE('',#14555,#5543);
#4820=LINE('',#14566,#5544);
#4821=LINE('',#14571,#5545);
#4822=LINE('',#14573,#5546);
#4823=LINE('',#14587,#5547);
#4824=LINE('',#14591,#5548);
#4825=LINE('',#14592,#5549);
#4826=LINE('',#14601,#5550);
#4827=LINE('',#14610,#5551);
#4828=LINE('',#14619,#5552);
#4829=LINE('',#14621,#5553);
#4830=LINE('',#14623,#5554);
#4831=LINE('',#14624,#5555);
#4832=LINE('',#14626,#5556);
#4833=LINE('',#14628,#5557);
#4834=LINE('',#14629,#5558);
#4835=LINE('',#14631,#5559);
#4836=LINE('',#14633,#5560);
#4837=LINE('',#14634,#5561);
#4838=LINE('',#14636,#5562);
#4839=LINE('',#14638,#5563);
#4840=LINE('',#14639,#5564);
#4841=LINE('',#14642,#5565);
#4842=LINE('',#14644,#5566);
#4843=LINE('',#14646,#5567);
#4844=LINE('',#14647,#5568);
#4845=LINE('',#14650,#5569);
#4846=LINE('',#14652,#5570);
#4847=LINE('',#14654,#5571);
#4848=LINE('',#14655,#5572);
#4849=LINE('',#14658,#5573);
#4850=LINE('',#14660,#5574);
#4851=LINE('',#14662,#5575);
#4852=LINE('',#14663,#5576);
#4853=LINE('',#14666,#5577);
#4854=LINE('',#14668,#5578);
#4855=LINE('',#14670,#5579);
#4856=LINE('',#14675,#5580);
#4857=LINE('',#14677,#5581);
#4858=LINE('',#14682,#5582);
#4859=LINE('',#14684,#5583);
#4860=LINE('',#14689,#5584);
#4861=LINE('',#14698,#5585);
#4862=LINE('',#14700,#5586);
#4863=LINE('',#14705,#5587);
#4864=LINE('',#14707,#5588);
#4865=LINE('',#14712,#5589);
#4866=LINE('',#14721,#5590);
#4867=LINE('',#14723,#5591);
#4868=LINE('',#14728,#5592);
#4869=LINE('',#14730,#5593);
#4870=LINE('',#14735,#5594);
#4871=LINE('',#14744,#5595);
#4872=LINE('',#14746,#5596);
#4873=LINE('',#14751,#5597);
#4874=LINE('',#14753,#5598);
#4875=LINE('',#14758,#5599);
#4876=LINE('',#14773,#5600);
#4877=LINE('',#14780,#5601);
#4878=LINE('',#14782,#5602);
#4879=LINE('',#14784,#5603);
#4880=LINE('',#14795,#5604);
#4881=LINE('',#14802,#5605);
#4882=LINE('',#14804,#5606);
#4883=LINE('',#14806,#5607);
#4884=LINE('',#14811,#5608);
#4885=LINE('',#14816,#5609);
#4886=LINE('',#14831,#5610);
#4887=LINE('',#14838,#5611);
#4888=LINE('',#14840,#5612);
#4889=LINE('',#14842,#5613);
#4890=LINE('',#14853,#5614);
#4891=LINE('',#14860,#5615);
#4892=LINE('',#14862,#5616);
#4893=LINE('',#14864,#5617);
#4894=LINE('',#14869,#5618);
#4895=LINE('',#14874,#5619);
#4896=LINE('',#14889,#5620);
#4897=LINE('',#14896,#5621);
#4898=LINE('',#14898,#5622);
#4899=LINE('',#14900,#5623);
#4900=LINE('',#14911,#5624);
#4901=LINE('',#14918,#5625);
#4902=LINE('',#14920,#5626);
#4903=LINE('',#14922,#5627);
#4904=LINE('',#14927,#5628);
#4905=LINE('',#14932,#5629);
#4906=LINE('',#14947,#5630);
#4907=LINE('',#14954,#5631);
#4908=LINE('',#14956,#5632);
#4909=LINE('',#14958,#5633);
#4910=LINE('',#14969,#5634);
#4911=LINE('',#14976,#5635);
#4912=LINE('',#14978,#5636);
#4913=LINE('',#14980,#5637);
#4914=LINE('',#14985,#5638);
#4915=LINE('',#14990,#5639);
#4916=LINE('',#15047,#5640);
#4917=LINE('',#15051,#5641);
#4918=LINE('',#15056,#5642);
#4919=LINE('',#15060,#5643);
#4920=LINE('',#15064,#5644);
#4921=LINE('',#15068,#5645);
#4922=LINE('',#15069,#5646);
#4923=LINE('',#15072,#5647);
#4924=LINE('',#15074,#5648);
#4925=LINE('',#15076,#5649);
#4926=LINE('',#15081,#5650);
#4927=LINE('',#15083,#5651);
#4928=LINE('',#15085,#5652);
#4929=LINE('',#15090,#5653);
#4930=LINE('',#15092,#5654);
#4931=LINE('',#15097,#5655);
#4932=LINE('',#15099,#5656);
#4933=LINE('',#15104,#5657);
#4934=LINE('',#15113,#5658);
#4935=LINE('',#15122,#5659);
#4936=LINE('',#15127,#5660);
#4937=LINE('',#15136,#5661);
#4938=LINE('',#15141,#5662);
#4939=LINE('',#15150,#5663);
#4940=LINE('',#15168,#5664);
#4941=LINE('',#15175,#5665);
#4942=LINE('',#15177,#5666);
#4943=LINE('',#15179,#5667);
#4944=LINE('',#15185,#5668);
#4945=LINE('',#15187,#5669);
#4946=LINE('',#15193,#5670);
#4947=LINE('',#15200,#5671);
#4948=LINE('',#15202,#5672);
#4949=LINE('',#15204,#5673);
#4950=LINE('',#15210,#5674);
#4951=LINE('',#15212,#5675);
#4952=LINE('',#15222,#5676);
#4953=LINE('',#15227,#5677);
#4954=LINE('',#15235,#5678);
#4955=LINE('',#15242,#5679);
#4956=LINE('',#15244,#5680);
#4957=LINE('',#15246,#5681);
#4958=LINE('',#15252,#5682);
#4959=LINE('',#15254,#5683);
#4960=LINE('',#15264,#5684);
#4961=LINE('',#15269,#5685);
#4962=LINE('',#15277,#5686);
#4963=LINE('',#15284,#5687);
#4964=LINE('',#15286,#5688);
#4965=LINE('',#15288,#5689);
#4966=LINE('',#15294,#5690);
#4967=LINE('',#15296,#5691);
#4968=LINE('',#15302,#5692);
#4969=LINE('',#15305,#5693);
#4970=LINE('',#15307,#5694);
#4971=LINE('',#15309,#5695);
#4972=VECTOR('',#9827,1.);
#4973=VECTOR('',#9828,1.);
#4974=VECTOR('',#9829,1.);
#4975=VECTOR('',#9830,1.);
#4976=VECTOR('',#9831,1.);
#4977=VECTOR('',#9832,1.);
#4978=VECTOR('',#9833,1.);
#4979=VECTOR('',#9834,1.);
#4980=VECTOR('',#9835,1.);
#4981=VECTOR('',#9836,1.);
#4982=VECTOR('',#9837,1.);
#4983=VECTOR('',#9838,1.);
#4984=VECTOR('',#9839,1.);
#4985=VECTOR('',#9840,1.);
#4986=VECTOR('',#9841,1.);
#4987=VECTOR('',#9842,1.);
#4988=VECTOR('',#9843,1.);
#4989=VECTOR('',#9844,1.);
#4990=VECTOR('',#9845,1.);
#4991=VECTOR('',#9846,1.);
#4992=VECTOR('',#9847,1.);
#4993=VECTOR('',#9850,1.);
#4994=VECTOR('',#9853,1.);
#4995=VECTOR('',#9854,1.);
#4996=VECTOR('',#9855,1.);
#4997=VECTOR('',#9858,1.);
#4998=VECTOR('',#9859,1.);
#4999=VECTOR('',#9862,1.);
#5000=VECTOR('',#9863,1.);
#5001=VECTOR('',#9864,1.);
#5002=VECTOR('',#9867,1.);
#5003=VECTOR('',#9868,1.);
#5004=VECTOR('',#9869,1.);
#5005=VECTOR('',#9872,1.);
#5006=VECTOR('',#9875,1.);
#5007=VECTOR('',#9878,1.);
#5008=VECTOR('',#9881,1.);
#5009=VECTOR('',#9882,1.);
#5010=VECTOR('',#9883,1.);
#5011=VECTOR('',#9884,1.);
#5012=VECTOR('',#9885,1.);
#5013=VECTOR('',#9886,1.);
#5014=VECTOR('',#9889,1.);
#5015=VECTOR('',#9892,1.);
#5016=VECTOR('',#9895,1.);
#5017=VECTOR('',#9900,1.);
#5018=VECTOR('',#9903,1.);
#5019=VECTOR('',#9906,1.);
#5020=VECTOR('',#9909,1.);
#5021=VECTOR('',#9910,1.);
#5022=VECTOR('',#9911,1.);
#5023=VECTOR('',#9914,1.);
#5024=VECTOR('',#9919,1.);
#5025=VECTOR('',#9920,1.);
#5026=VECTOR('',#9921,1.);
#5027=VECTOR('',#9922,1.);
#5028=VECTOR('',#9923,1.);
#5029=VECTOR('',#9926,1.);
#5030=VECTOR('',#9931,1.);
#5031=VECTOR('',#9934,1.);
#5032=VECTOR('',#9937,1.);
#5033=VECTOR('',#9942,1.);
#5034=VECTOR('',#9943,1.);
#5035=VECTOR('',#9944,1.);
#5036=VECTOR('',#9945,1.);
#5037=VECTOR('',#9948,1.);
#5038=VECTOR('',#9949,1.);
#5039=VECTOR('',#9952,1.);
#5040=VECTOR('',#9953,1.);
#5041=VECTOR('',#9954,1.);
#5042=VECTOR('',#9957,1.);
#5043=VECTOR('',#9962,1.);
#5044=VECTOR('',#9965,1.);
#5045=VECTOR('',#9966,1.);
#5046=VECTOR('',#9969,1.);
#5047=VECTOR('',#9972,1.);
#5048=VECTOR('',#9973,1.);
#5049=VECTOR('',#9976,1.);
#5050=VECTOR('',#9977,1.);
#5051=VECTOR('',#9978,1.);
#5052=VECTOR('',#9979,1.);
#5053=VECTOR('',#9982,1.);
#5054=VECTOR('',#9983,1.);
#5055=VECTOR('',#9984,1.);
#5056=VECTOR('',#9985,1.);
#5057=VECTOR('',#9990,1.);
#5058=VECTOR('',#9991,1.);
#5059=VECTOR('',#9994,1.);
#5060=VECTOR('',#9997,1.);
#5061=VECTOR('',#9998,1.);
#5062=VECTOR('',#9999,1.);
#5063=VECTOR('',#10002,1.);
#5064=VECTOR('',#10003,1.);
#5065=VECTOR('',#10006,1.);
#5066=VECTOR('',#10007,1.);
#5067=VECTOR('',#10008,1.);
#5068=VECTOR('',#10009,1.);
#5069=VECTOR('',#10014,1.);
#5070=VECTOR('',#10017,1.);
#5071=VECTOR('',#10022,1.);
#5072=VECTOR('',#10025,1.);
#5073=VECTOR('',#10026,1.);
#5074=VECTOR('',#10029,1.);
#5075=VECTOR('',#10032,1.);
#5076=VECTOR('',#10035,1.);
#5077=VECTOR('',#10036,1.);
#5078=VECTOR('',#10037,1.);
#5079=VECTOR('',#10040,1.);
#5080=VECTOR('',#10041,1.);
#5081=VECTOR('',#10042,1.);
#5082=VECTOR('',#10043,1.);
#5083=VECTOR('',#10044,1.);
#5084=VECTOR('',#10047,1.);
#5085=VECTOR('',#10050,1.);
#5086=VECTOR('',#10051,1.);
#5087=VECTOR('',#10052,1.);
#5088=VECTOR('',#10053,1.);
#5089=VECTOR('',#10054,1.);
#5090=VECTOR('',#10055,1.);
#5091=VECTOR('',#10056,1.);
#5092=VECTOR('',#10057,1.);
#5093=VECTOR('',#10058,1.);
#5094=VECTOR('',#10059,1.);
#5095=VECTOR('',#10062,1.);
#5096=VECTOR('',#10065,1.);
#5097=VECTOR('',#10068,1.);
#5098=VECTOR('',#10071,1.);
#5099=VECTOR('',#10074,1.);
#5100=VECTOR('',#10077,1.);
#5101=VECTOR('',#10078,1.);
#5102=VECTOR('',#10081,1.);
#5103=VECTOR('',#10084,1.);
#5104=VECTOR('',#10087,1.);
#5105=VECTOR('',#10090,1.);
#5106=VECTOR('',#10093,1.);
#5107=VECTOR('',#10094,1.);
#5108=VECTOR('',#10097,1.);
#5109=VECTOR('',#10098,1.);
#5110=VECTOR('',#10099,1.);
#5111=VECTOR('',#10100,1.);
#5112=VECTOR('',#10101,1.);
#5113=VECTOR('',#10102,1.);
#5114=VECTOR('',#10103,1.);
#5115=VECTOR('',#10106,1.);
#5116=VECTOR('',#10109,1.);
#5117=VECTOR('',#10112,1.);
#5118=VECTOR('',#10117,1.);
#5119=VECTOR('',#10122,1.);
#5120=VECTOR('',#10125,1.);
#5121=VECTOR('',#10126,1.);
#5122=VECTOR('',#10127,1.);
#5123=VECTOR('',#10128,1.);
#5124=VECTOR('',#10133,1.);
#5125=VECTOR('',#10134,1.);
#5126=VECTOR('',#10135,1.);
#5127=VECTOR('',#10136,1.);
#5128=VECTOR('',#10137,1.);
#5129=VECTOR('',#10138,1.);
#5130=VECTOR('',#10139,1.);
#5131=VECTOR('',#10140,1.);
#5132=VECTOR('',#10143,1.);
#5133=VECTOR('',#10148,1.);
#5134=VECTOR('',#10151,1.);
#5135=VECTOR('',#10154,1.);
#5136=VECTOR('',#10159,1.);
#5137=VECTOR('',#10164,1.);
#5138=VECTOR('',#10165,1.);
#5139=VECTOR('',#10166,1.);
#5140=VECTOR('',#10169,1.);
#5141=VECTOR('',#10170,1.);
#5142=VECTOR('',#10175,1.);
#5143=VECTOR('',#10180,1.);
#5144=VECTOR('',#10181,1.);
#5145=VECTOR('',#10182,1.);
#5146=VECTOR('',#10187,1.);
#5147=VECTOR('',#10188,1.);
#5148=VECTOR('',#10189,1.);
#5149=VECTOR('',#10192,1.);
#5150=VECTOR('',#10193,1.);
#5151=VECTOR('',#10196,1.);
#5152=VECTOR('',#10197,1.);
#5153=VECTOR('',#10198,1.);
#5154=VECTOR('',#10199,1.);
#5155=VECTOR('',#10206,1.);
#5156=VECTOR('',#10209,1.);
#5157=VECTOR('',#10210,1.);
#5158=VECTOR('',#10211,1.);
#5159=VECTOR('',#10212,1.);
#5160=VECTOR('',#10217,1.);
#5161=VECTOR('',#10218,1.);
#5162=VECTOR('',#10223,1.);
#5163=VECTOR('',#10224,1.);
#5164=VECTOR('',#10229,1.);
#5165=VECTOR('',#10230,1.);
#5166=VECTOR('',#10231,1.);
#5167=VECTOR('',#10236,1.);
#5168=VECTOR('',#10237,1.);
#5169=VECTOR('',#10240,1.);
#5170=VECTOR('',#10241,1.);
#5171=VECTOR('',#10242,1.);
#5172=VECTOR('',#10245,1.);
#5173=VECTOR('',#10246,1.);
#5174=VECTOR('',#10249,1.);
#5175=VECTOR('',#10256,1.);
#5176=VECTOR('',#10257,1.);
#5177=VECTOR('',#10258,1.);
#5178=VECTOR('',#10261,1.);
#5179=VECTOR('',#10262,1.);
#5180=VECTOR('',#10263,1.);
#5181=VECTOR('',#10264,1.);
#5182=VECTOR('',#10267,1.);
#5183=VECTOR('',#10268,1.);
#5184=VECTOR('',#10269,1.);
#5185=VECTOR('',#10274,1.);
#5186=VECTOR('',#10275,1.);
#5187=VECTOR('',#10278,1.);
#5188=VECTOR('',#10279,1.);
#5189=VECTOR('',#10280,1.);
#5190=VECTOR('',#10285,1.);
#5191=VECTOR('',#10286,1.);
#5192=VECTOR('',#10287,1.);
#5193=VECTOR('',#10290,1.);
#5194=VECTOR('',#10291,1.);
#5195=VECTOR('',#10294,1.);
#5196=VECTOR('',#10295,1.);
#5197=VECTOR('',#10298,1.);
#5198=VECTOR('',#10299,1.);
#5199=VECTOR('',#10300,1.);
#5200=VECTOR('',#10305,1.);
#5201=VECTOR('',#10306,1.);
#5202=VECTOR('',#10307,1.);
#5203=VECTOR('',#10310,1.);
#5204=VECTOR('',#10313,1.);
#5205=VECTOR('',#10316,1.);
#5206=VECTOR('',#10317,1.);
#5207=VECTOR('',#10318,1.);
#5208=VECTOR('',#10321,1.);
#5209=VECTOR('',#10322,1.);
#5210=VECTOR('',#10323,1.);
#5211=VECTOR('',#10324,1.);
#5212=VECTOR('',#10325,1.);
#5213=VECTOR('',#10326,1.);
#5214=VECTOR('',#10327,1.);
#5215=VECTOR('',#10330,1.);
#5216=VECTOR('',#10333,1.);
#5217=VECTOR('',#10336,1.);
#5218=VECTOR('',#10339,1.);
#5219=VECTOR('',#10342,1.);
#5220=VECTOR('',#10345,1.);
#5221=VECTOR('',#10346,1.);
#5222=VECTOR('',#10349,1.);
#5223=VECTOR('',#10352,1.);
#5224=VECTOR('',#10355,1.);
#5225=VECTOR('',#10358,1.);
#5226=VECTOR('',#10361,1.);
#5227=VECTOR('',#10362,1.);
#5228=VECTOR('',#10363,1.);
#5229=VECTOR('',#10366,1.);
#5230=VECTOR('',#10367,1.);
#5231=VECTOR('',#10368,1.);
#5232=VECTOR('',#10371,1.);
#5233=VECTOR('',#10372,1.);
#5234=VECTOR('',#10373,1.);
#5235=VECTOR('',#10376,1.);
#5236=VECTOR('',#10377,1.);
#5237=VECTOR('',#10378,1.);
#5238=VECTOR('',#10379,1.);
#5239=VECTOR('',#10380,1.);
#5240=VECTOR('',#10381,1.);
#5241=VECTOR('',#10382,1.);
#5242=VECTOR('',#10383,1.);
#5243=VECTOR('',#10384,1.);
#5244=VECTOR('',#10385,1.);
#5245=VECTOR('',#10386,1.);
#5246=VECTOR('',#10387,1.);
#5247=VECTOR('',#10388,1.);
#5248=VECTOR('',#10389,1.);
#5249=VECTOR('',#10390,1.);
#5250=VECTOR('',#10391,1.);
#5251=VECTOR('',#10392,1.);
#5252=VECTOR('',#10393,1.);
#5253=VECTOR('',#10396,1.);
#5254=VECTOR('',#10397,1.);
#5255=VECTOR('',#10398,1.);
#5256=VECTOR('',#10401,1.);
#5257=VECTOR('',#10402,1.);
#5258=VECTOR('',#10403,1.);
#5259=VECTOR('',#10406,1.);
#5260=VECTOR('',#10407,1.);
#5261=VECTOR('',#10408,1.);
#5262=VECTOR('',#10411,1.);
#5263=VECTOR('',#10412,1.);
#5264=VECTOR('',#10413,1.);
#5265=VECTOR('',#10414,1.);
#5266=VECTOR('',#10415,1.);
#5267=VECTOR('',#10416,1.);
#5268=VECTOR('',#10417,1.);
#5269=VECTOR('',#10422,1.);
#5270=VECTOR('',#10425,1.);
#5271=VECTOR('',#10428,1.);
#5272=VECTOR('',#10429,1.);
#5273=VECTOR('',#10432,1.);
#5274=VECTOR('',#10435,1.);
#5275=VECTOR('',#10436,1.);
#5276=VECTOR('',#10437,1.);
#5277=VECTOR('',#10438,1.);
#5278=VECTOR('',#10439,1.);
#5279=VECTOR('',#10440,1.);
#5280=VECTOR('',#10441,1.);
#5281=VECTOR('',#10442,1.);
#5282=VECTOR('',#10443,1.);
#5283=VECTOR('',#10444,1.);
#5284=VECTOR('',#10445,1.);
#5285=VECTOR('',#10446,1.);
#5286=VECTOR('',#10447,1.);
#5287=VECTOR('',#10448,1.);
#5288=VECTOR('',#10449,1.);
#5289=VECTOR('',#10450,1.);
#5290=VECTOR('',#10451,1.);
#5291=VECTOR('',#10452,1.);
#5292=VECTOR('',#10453,1.);
#5293=VECTOR('',#10454,1.);
#5294=VECTOR('',#10459,1.);
#5295=VECTOR('',#10460,1.);
#5296=VECTOR('',#10461,1.);
#5297=VECTOR('',#10462,1.);
#5298=VECTOR('',#10463,1.);
#5299=VECTOR('',#10466,1.);
#5300=VECTOR('',#10469,1.);
#5301=VECTOR('',#10472,1.);
#5302=VECTOR('',#10473,1.);
#5303=VECTOR('',#10474,1.);
#5304=VECTOR('',#10477,1.);
#5305=VECTOR('',#10484,1.);
#5306=VECTOR('',#10487,1.);
#5307=VECTOR('',#10490,1.);
#5308=VECTOR('',#10491,1.);
#5309=VECTOR('',#10494,1.);
#5310=VECTOR('',#10497,1.);
#5311=VECTOR('',#10498,1.);
#5312=VECTOR('',#10503,1.);
#5313=VECTOR('',#10504,1.);
#5314=VECTOR('',#10507,1.);
#5315=VECTOR('',#10510,1.);
#5316=VECTOR('',#10511,1.);
#5317=VECTOR('',#10512,1.);
#5318=VECTOR('',#10513,1.);
#5319=VECTOR('',#10514,1.);
#5320=VECTOR('',#10515,1.);
#5321=VECTOR('',#10516,1.);
#5322=VECTOR('',#10517,1.);
#5323=VECTOR('',#10518,1.);
#5324=VECTOR('',#10519,1.);
#5325=VECTOR('',#10520,1.);
#5326=VECTOR('',#10521,1.);
#5327=VECTOR('',#10524,1.);
#5328=VECTOR('',#10527,1.);
#5329=VECTOR('',#10530,1.);
#5330=VECTOR('',#10533,1.);
#5331=VECTOR('',#10536,1.);
#5332=VECTOR('',#10539,1.);
#5333=VECTOR('',#10540,1.);
#5334=VECTOR('',#10541,1.);
#5335=VECTOR('',#10542,1.);
#5336=VECTOR('',#10543,1.);
#5337=VECTOR('',#10544,1.);
#5338=VECTOR('',#10545,1.);
#5339=VECTOR('',#10546,1.);
#5340=VECTOR('',#10547,1.);
#5341=VECTOR('',#10548,1.);
#5342=VECTOR('',#10549,1.);
#5343=VECTOR('',#10552,1.);
#5344=VECTOR('',#10555,1.);
#5345=VECTOR('',#10556,1.);
#5346=VECTOR('',#10559,1.);
#5347=VECTOR('',#10560,1.);
#5348=VECTOR('',#10561,1.);
#5349=VECTOR('',#10562,1.);
#5350=VECTOR('',#10563,1.);
#5351=VECTOR('',#10564,1.);
#5352=VECTOR('',#10565,1.);
#5353=VECTOR('',#10568,1.);
#5354=VECTOR('',#10569,1.);
#5355=VECTOR('',#10570,1.);
#5356=VECTOR('',#10571,1.);
#5357=VECTOR('',#10572,1.);
#5358=VECTOR('',#10573,1.);
#5359=VECTOR('',#10574,1.);
#5360=VECTOR('',#10575,1.);
#5361=VECTOR('',#10576,1.);
#5362=VECTOR('',#10577,1.);
#5363=VECTOR('',#10578,1.);
#5364=VECTOR('',#10579,1.);
#5365=VECTOR('',#10586,1.);
#5366=VECTOR('',#10587,1.);
#5367=VECTOR('',#10588,1.);
#5368=VECTOR('',#10589,1.);
#5369=VECTOR('',#10592,1.);
#5370=VECTOR('',#10593,1.);
#5371=VECTOR('',#10596,1.);
#5372=VECTOR('',#10599,1.);
#5373=VECTOR('',#10600,1.);
#5374=VECTOR('',#10603,1.);
#5375=VECTOR('',#10606,1.);
#5376=VECTOR('',#10607,1.);
#5377=VECTOR('',#10608,1.);
#5378=VECTOR('',#10609,1.);
#5379=VECTOR('',#10610,1.);
#5380=VECTOR('',#10611,1.);
#5381=VECTOR('',#10612,1.);
#5382=VECTOR('',#10613,1.);
#5383=VECTOR('',#10614,1.);
#5384=VECTOR('',#10617,1.);
#5385=VECTOR('',#10618,1.);
#5386=VECTOR('',#10619,1.);
#5387=VECTOR('',#10624,1.);
#5388=VECTOR('',#10625,1.);
#5389=VECTOR('',#10626,1.);
#5390=VECTOR('',#10629,1.);
#5391=VECTOR('',#10630,1.);
#5392=VECTOR('',#10631,1.);
#5393=VECTOR('',#10634,1.);
#5394=VECTOR('',#10635,1.);
#5395=VECTOR('',#10636,1.);
#5396=VECTOR('',#10639,1.);
#5397=VECTOR('',#10640,1.);
#5398=VECTOR('',#10641,1.);
#5399=VECTOR('',#10642,1.);
#5400=VECTOR('',#10643,1.);
#5401=VECTOR('',#10644,1.);
#5402=VECTOR('',#10645,1.);
#5403=VECTOR('',#10650,1.);
#5404=VECTOR('',#10651,1.);
#5405=VECTOR('',#10652,1.);
#5406=VECTOR('',#10653,1.);
#5407=VECTOR('',#10654,1.);
#5408=VECTOR('',#10655,1.);
#5409=VECTOR('',#10656,1.);
#5410=VECTOR('',#10657,1.);
#5411=VECTOR('',#10658,1.);
#5412=VECTOR('',#10659,1.);
#5413=VECTOR('',#10660,1.);
#5414=VECTOR('',#10661,1.);
#5415=VECTOR('',#10662,1.);
#5416=VECTOR('',#10663,1.);
#5417=VECTOR('',#10664,1.);
#5418=VECTOR('',#10665,1.);
#5419=VECTOR('',#10666,1.);
#5420=VECTOR('',#10667,1.);
#5421=VECTOR('',#10668,1.);
#5422=VECTOR('',#10669,1.);
#5423=VECTOR('',#10670,1.);
#5424=VECTOR('',#10671,1.);
#5425=VECTOR('',#10672,1.);
#5426=VECTOR('',#10673,1.);
#5427=VECTOR('',#10674,1.);
#5428=VECTOR('',#10675,1.);
#5429=VECTOR('',#10676,1.);
#5430=VECTOR('',#10677,1.);
#5431=VECTOR('',#10678,1.);
#5432=VECTOR('',#10679,1.);
#5433=VECTOR('',#10680,1.);
#5434=VECTOR('',#10681,1.);
#5435=VECTOR('',#10682,1.);
#5436=VECTOR('',#10683,1.);
#5437=VECTOR('',#10684,1.);
#5438=VECTOR('',#10685,1.);
#5439=VECTOR('',#10686,1.);
#5440=VECTOR('',#10687,1.);
#5441=VECTOR('',#10692,1.);
#5442=VECTOR('',#10693,1.);
#5443=VECTOR('',#10694,1.);
#5444=VECTOR('',#10699,1.);
#5445=VECTOR('',#10700,1.);
#5446=VECTOR('',#10701,1.);
#5447=VECTOR('',#10706,1.);
#5448=VECTOR('',#10707,1.);
#5449=VECTOR('',#10708,1.);
#5450=VECTOR('',#10713,1.);
#5451=VECTOR('',#10714,1.);
#5452=VECTOR('',#10715,1.);
#5453=VECTOR('',#10720,1.);
#5454=VECTOR('',#10721,1.);
#5455=VECTOR('',#10722,1.);
#5456=VECTOR('',#10727,1.);
#5457=VECTOR('',#10728,1.);
#5458=VECTOR('',#10729,1.);
#5459=VECTOR('',#10734,1.);
#5460=VECTOR('',#10735,1.);
#5461=VECTOR('',#10736,1.);
#5462=VECTOR('',#10741,1.);
#5463=VECTOR('',#10742,1.);
#5464=VECTOR('',#10743,1.);
#5465=VECTOR('',#10746,1.);
#5466=VECTOR('',#10747,1.);
#5467=VECTOR('',#10748,1.);
#5468=VECTOR('',#10749,1.);
#5469=VECTOR('',#10750,1.);
#5470=VECTOR('',#10751,1.);
#5471=VECTOR('',#10752,1.);
#5472=VECTOR('',#10753,1.);
#5473=VECTOR('',#10754,1.);
#5474=VECTOR('',#10755,1.);
#5475=VECTOR('',#10756,1.);
#5476=VECTOR('',#10757,1.);
#5477=VECTOR('',#10758,1.);
#5478=VECTOR('',#10759,1.);
#5479=VECTOR('',#10760,1.);
#5480=VECTOR('',#10761,1.);
#5481=VECTOR('',#10762,1.);
#5482=VECTOR('',#10763,1.);
#5483=VECTOR('',#10764,1.);
#5484=VECTOR('',#10765,1.);
#5485=VECTOR('',#10768,1.);
#5486=VECTOR('',#10769,1.);
#5487=VECTOR('',#10772,1.);
#5488=VECTOR('',#10773,1.);
#5489=VECTOR('',#10774,1.);
#5490=VECTOR('',#10775,1.);
#5491=VECTOR('',#10776,1.);
#5492=VECTOR('',#10777,1.);
#5493=VECTOR('',#10778,1.);
#5494=VECTOR('',#10779,1.);
#5495=VECTOR('',#10780,1.);
#5496=VECTOR('',#10781,1.);
#5497=VECTOR('',#10782,1.);
#5498=VECTOR('',#10785,1.);
#5499=VECTOR('',#10788,1.);
#5500=VECTOR('',#10789,1.);
#5501=VECTOR('',#10790,1.);
#5502=VECTOR('',#10793,1.);
#5503=VECTOR('',#10796,1.);
#5504=VECTOR('',#10799,1.);
#5505=VECTOR('',#10800,1.);
#5506=VECTOR('',#10803,1.);
#5507=VECTOR('',#10806,1.);
#5508=VECTOR('',#10809,1.);
#5509=VECTOR('',#10812,1.);
#5510=VECTOR('',#10815,1.);
#5511=VECTOR('',#10816,1.);
#5512=VECTOR('',#10817,1.);
#5513=VECTOR('',#10818,1.);
#5514=VECTOR('',#10819,1.);
#5515=VECTOR('',#10820,1.);
#5516=VECTOR('',#10821,1.);
#5517=VECTOR('',#10822,1.);
#5518=VECTOR('',#10823,1.);
#5519=VECTOR('',#10826,1.);
#5520=VECTOR('',#10827,1.);
#5521=VECTOR('',#10828,1.);
#5522=VECTOR('',#10829,1.);
#5523=VECTOR('',#10830,1.);
#5524=VECTOR('',#10831,1.);
#5525=VECTOR('',#10832,1.);
#5526=VECTOR('',#10833,1.);
#5527=VECTOR('',#10834,1.);
#5528=VECTOR('',#10835,1.);
#5529=VECTOR('',#10836,1.);
#5530=VECTOR('',#10837,1.);
#5531=VECTOR('',#10840,1.);
#5532=VECTOR('',#10841,1.);
#5533=VECTOR('',#10842,1.);
#5534=VECTOR('',#10845,1.);
#5535=VECTOR('',#10846,1.);
#5536=VECTOR('',#10847,1.);
#5537=VECTOR('',#10850,1.);
#5538=VECTOR('',#10851,1.);
#5539=VECTOR('',#10854,1.);
#5540=VECTOR('',#10857,1.);
#5541=VECTOR('',#10860,1.);
#5542=VECTOR('',#10861,1.);
#5543=VECTOR('',#10862,1.);
#5544=VECTOR('',#10865,1.);
#5545=VECTOR('',#10866,1.);
#5546=VECTOR('',#10867,1.);
#5547=VECTOR('',#10870,1.);
#5548=VECTOR('',#10873,1.);
#5549=VECTOR('',#10874,1.);
#5550=VECTOR('',#10875,1.);
#5551=VECTOR('',#10876,1.);
#5552=VECTOR('',#10877,1.);
#5553=VECTOR('',#10878,1.);
#5554=VECTOR('',#10879,1.);
#5555=VECTOR('',#10880,1.);
#5556=VECTOR('',#10881,1.);
#5557=VECTOR('',#10882,1.);
#5558=VECTOR('',#10883,1.);
#5559=VECTOR('',#10884,1.);
#5560=VECTOR('',#10885,1.);
#5561=VECTOR('',#10886,1.);
#5562=VECTOR('',#10887,1.);
#5563=VECTOR('',#10888,1.);
#5564=VECTOR('',#10889,1.);
#5565=VECTOR('',#10890,1.);
#5566=VECTOR('',#10891,1.);
#5567=VECTOR('',#10892,1.);
#5568=VECTOR('',#10893,1.);
#5569=VECTOR('',#10894,1.);
#5570=VECTOR('',#10895,1.);
#5571=VECTOR('',#10896,1.);
#5572=VECTOR('',#10897,1.);
#5573=VECTOR('',#10898,1.);
#5574=VECTOR('',#10899,1.);
#5575=VECTOR('',#10900,1.);
#5576=VECTOR('',#10901,1.);
#5577=VECTOR('',#10902,1.);
#5578=VECTOR('',#10903,1.);
#5579=VECTOR('',#10904,1.);
#5580=VECTOR('',#10905,1.);
#5581=VECTOR('',#10906,1.);
#5582=VECTOR('',#10907,1.);
#5583=VECTOR('',#10908,1.);
#5584=VECTOR('',#10909,1.);
#5585=VECTOR('',#10910,1.);
#5586=VECTOR('',#10911,1.);
#5587=VECTOR('',#10912,1.);
#5588=VECTOR('',#10913,1.);
#5589=VECTOR('',#10914,1.);
#5590=VECTOR('',#10915,1.);
#5591=VECTOR('',#10916,1.);
#5592=VECTOR('',#10917,1.);
#5593=VECTOR('',#10918,1.);
#5594=VECTOR('',#10919,1.);
#5595=VECTOR('',#10920,1.);
#5596=VECTOR('',#10921,1.);
#5597=VECTOR('',#10922,1.);
#5598=VECTOR('',#10923,1.);
#5599=VECTOR('',#10924,1.);
#5600=VECTOR('',#10927,1.);
#5601=VECTOR('',#10930,1.);
#5602=VECTOR('',#10931,1.);
#5603=VECTOR('',#10932,1.);
#5604=VECTOR('',#10935,1.);
#5605=VECTOR('',#10938,1.);
#5606=VECTOR('',#10939,1.);
#5607=VECTOR('',#10940,1.);
#5608=VECTOR('',#10941,1.);
#5609=VECTOR('',#10942,1.);
#5610=VECTOR('',#10945,1.);
#5611=VECTOR('',#10948,1.);
#5612=VECTOR('',#10949,1.);
#5613=VECTOR('',#10950,1.);
#5614=VECTOR('',#10953,1.);
#5615=VECTOR('',#10956,1.);
#5616=VECTOR('',#10957,1.);
#5617=VECTOR('',#10958,1.);
#5618=VECTOR('',#10959,1.);
#5619=VECTOR('',#10960,1.);
#5620=VECTOR('',#10963,1.);
#5621=VECTOR('',#10966,1.);
#5622=VECTOR('',#10967,1.);
#5623=VECTOR('',#10968,1.);
#5624=VECTOR('',#10971,1.);
#5625=VECTOR('',#10974,1.);
#5626=VECTOR('',#10975,1.);
#5627=VECTOR('',#10976,1.);
#5628=VECTOR('',#10977,1.);
#5629=VECTOR('',#10978,1.);
#5630=VECTOR('',#10981,1.);
#5631=VECTOR('',#10984,1.);
#5632=VECTOR('',#10985,1.);
#5633=VECTOR('',#10986,1.);
#5634=VECTOR('',#10989,1.);
#5635=VECTOR('',#10992,1.);
#5636=VECTOR('',#10993,1.);
#5637=VECTOR('',#10994,1.);
#5638=VECTOR('',#10995,1.);
#5639=VECTOR('',#10996,1.);
#5640=VECTOR('',#10997,1.);
#5641=VECTOR('',#11000,1.);
#5642=VECTOR('',#11001,1.);
#5643=VECTOR('',#11004,1.);
#5644=VECTOR('',#11007,1.);
#5645=VECTOR('',#11010,1.);
#5646=VECTOR('',#11011,1.);
#5647=VECTOR('',#11012,1.);
#5648=VECTOR('',#11013,1.);
#5649=VECTOR('',#11014,1.);
#5650=VECTOR('',#11015,1.);
#5651=VECTOR('',#11016,1.);
#5652=VECTOR('',#11017,1.);
#5653=VECTOR('',#11018,1.);
#5654=VECTOR('',#11019,1.);
#5655=VECTOR('',#11020,1.);
#5656=VECTOR('',#11021,1.);
#5657=VECTOR('',#11022,1.);
#5658=VECTOR('',#11023,1.);
#5659=VECTOR('',#11024,1.);
#5660=VECTOR('',#11025,1.);
#5661=VECTOR('',#11026,1.);
#5662=VECTOR('',#11027,1.);
#5663=VECTOR('',#11028,1.);
#5664=VECTOR('',#11031,1.);
#5665=VECTOR('',#11036,1.);
#5666=VECTOR('',#11037,1.);
#5667=VECTOR('',#11038,1.);
#5668=VECTOR('',#11043,1.);
#5669=VECTOR('',#11044,1.);
#5670=VECTOR('',#11047,1.);
#5671=VECTOR('',#11052,1.);
#5672=VECTOR('',#11053,1.);
#5673=VECTOR('',#11054,1.);
#5674=VECTOR('',#11059,1.);
#5675=VECTOR('',#11060,1.);
#5676=VECTOR('',#11063,1.);
#5677=VECTOR('',#11066,1.);
#5678=VECTOR('',#11071,1.);
#5679=VECTOR('',#11076,1.);
#5680=VECTOR('',#11077,1.);
#5681=VECTOR('',#11078,1.);
#5682=VECTOR('',#11083,1.);
#5683=VECTOR('',#11084,1.);
#5684=VECTOR('',#11087,1.);
#5685=VECTOR('',#11090,1.);
#5686=VECTOR('',#11095,1.);
#5687=VECTOR('',#11100,1.);
#5688=VECTOR('',#11101,1.);
#5689=VECTOR('',#11102,1.);
#5690=VECTOR('',#11107,1.);
#5691=VECTOR('',#11108,1.);
#5692=VECTOR('',#11111,1.);
#5693=VECTOR('',#11112,1.);
#5694=VECTOR('',#11113,1.);
#5695=VECTOR('',#11114,1.);
#5696=EDGE_LOOP('',(#499,#500,#501,#502));
#5697=EDGE_LOOP('',(#503,#504,#505,#506));
#5698=EDGE_LOOP('',(#507,#508,#509,#510));
#5699=EDGE_LOOP('',(#511,#512,#513,#514));
#5700=EDGE_LOOP('',(#515,#516,#517,#518));
#5701=EDGE_LOOP('',(#519,#520,#521,#522));
#5702=EDGE_LOOP('',(#523,#524,#525,#526));
#5703=EDGE_LOOP('',(#527,#528,#529,#530,#531,#532,#533));
#5704=EDGE_LOOP('',(#534,#535,#536,#537,#538,#539,#540));
#5705=EDGE_LOOP('',(#541,#542,#543,#544,#545,#546));
#5706=EDGE_LOOP('',(#547,#548,#549,#550));
#5707=EDGE_LOOP('',(#551,#552,#553,#554,#555,#556));
#5708=EDGE_LOOP('',(#557,#558,#559,#560));
#5709=EDGE_LOOP('',(#561,#562,#563,#564));
#5710=EDGE_LOOP('',(#565,#566,#567,#568,#569,#570));
#5711=EDGE_LOOP('',(#571,#572,#573,#574,#575,#576));
#5712=EDGE_LOOP('',(#577,#578,#579,#580,#581,#582));
#5713=EDGE_LOOP('',(#583,#584,#585,#586,#587,#588));
#5714=EDGE_LOOP('',(#589,#590,#591,#592,#593,#594));
#5715=EDGE_LOOP('',(#595,#596,#597,#598,#599,#600,#601));
#5716=EDGE_LOOP('',(#602,#603,#604,#605,#606,#607,#608));
#5717=EDGE_LOOP('',(#609,#610,#611,#612));
#5718=EDGE_LOOP('',(#613,#614,#615,#616,#617,#618));
#5719=EDGE_LOOP('',(#619,#620,#621,#622,#623,#624));
#5720=EDGE_LOOP('',(#625,#626,#627,#628,#629,#630,#631));
#5721=EDGE_LOOP('',(#632,#633,#634,#635,#636,#637,#638));
#5722=EDGE_LOOP('',(#639,#640,#641,#642,#643,#644));
#5723=EDGE_LOOP('',(#645,#646,#647,#648,#649,#650));
#5724=EDGE_LOOP('',(#651,#652,#653,#654,#655,#656));
#5725=EDGE_LOOP('',(#657,#658,#659,#660));
#5726=EDGE_LOOP('',(#661,#662,#663,#664));
#5727=EDGE_LOOP('',(#665,#666,#667,#668,#669,#670));
#5728=EDGE_LOOP('',(#671,#672,#673,#674));
#5729=EDGE_LOOP('',(#675,#676,#677,#678,#679,#680));
#5730=EDGE_LOOP('',(#681,#682,#683,#684));
#5731=EDGE_LOOP('',(#685,#686,#687,#688));
#5732=EDGE_LOOP('',(#689,#690,#691,#692));
#5733=EDGE_LOOP('',(#693,#694,#695,#696,#697,#698));
#5734=EDGE_LOOP('',(#699,#700,#701,#702));
#5735=EDGE_LOOP('',(#703,#704,#705,#706));
#5736=EDGE_LOOP('',(#707,#708,#709,#710,#711,#712));
#5737=EDGE_LOOP('',(#713,#714,#715,#716,#717,#718));
#5738=EDGE_LOOP('',(#719,#720,#721,#722,#723,#724));
#5739=EDGE_LOOP('',(#725,#726,#727,#728,#729,#730));
#5740=EDGE_LOOP('',(#731,#732,#733,#734));
#5741=EDGE_LOOP('',(#735,#736,#737,#738));
#5742=EDGE_LOOP('',(#739,#740,#741,#742,#743,#744));
#5743=EDGE_LOOP('',(#745,#746,#747,#748));
#5744=EDGE_LOOP('',(#749,#750,#751,#752));
#5745=EDGE_LOOP('',(#753,#754,#755,#756,#757,#758));
#5746=EDGE_LOOP('',(#759,#760,#761,#762));
#5747=EDGE_LOOP('',(#763,#764,#765,#766));
#5748=EDGE_LOOP('',(#767,#768,#769,#770,#771,#772));
#5749=EDGE_LOOP('',(#773,#774,#775,#776));
#5750=EDGE_LOOP('',(#777,#778,#779,#780,#781,#782,#783,#784));
#5751=EDGE_LOOP('',(#785,#786,#787,#788,#789,#790,#791,#792,#793));
#5752=EDGE_LOOP('',(#794,#795,#796,#797,#798,#799,#800,#801,#802,#803,#804,
#805));
#5753=EDGE_LOOP('',(#806,#807,#808,#809,#810,#811,#812,#813));
#5754=EDGE_LOOP('',(#814,#815,#816,#817,#818,#819,#820,#821));
#5755=EDGE_LOOP('',(#822,#823,#824,#825,#826,#827));
#5756=EDGE_LOOP('',(#828,#829,#830,#831,#832,#833,#834));
#5757=EDGE_LOOP('',(#835,#836,#837,#838,#839,#840,#841));
#5758=EDGE_LOOP('',(#842,#843,#844,#845));
#5759=EDGE_LOOP('',(#846,#847,#848,#849,#850,#851));
#5760=EDGE_LOOP('',(#852,#853,#854,#855));
#5761=EDGE_LOOP('',(#856,#857,#858,#859,#860,#861));
#5762=EDGE_LOOP('',(#862,#863,#864,#865,#866,#867,#868));
#5763=EDGE_LOOP('',(#869,#870,#871,#872,#873,#874,#875));
#5764=EDGE_LOOP('',(#876,#877,#878,#879,#880,#881));
#5765=EDGE_LOOP('',(#882,#883,#884,#885,#886,#887));
#5766=EDGE_LOOP('',(#888,#889,#890,#891,#892,#893));
#5767=EDGE_LOOP('',(#894,#895,#896,#897,#898,#899,#900,#901,#902,#903));
#5768=EDGE_LOOP('',(#904,#905,#906,#907));
#5769=EDGE_LOOP('',(#908,#909,#910,#911,#912,#913));
#5770=EDGE_LOOP('',(#914,#915,#916,#917));
#5771=EDGE_LOOP('',(#918,#919,#920,#921,#922,#923));
#5772=EDGE_LOOP('',(#924,#925,#926,#927));
#5773=EDGE_LOOP('',(#928,#929,#930,#931));
#5774=EDGE_LOOP('',(#932,#933,#934,#935,#936,#937,#938,#939,#940,#941));
#5775=EDGE_LOOP('',(#942,#943,#944,#945));
#5776=EDGE_LOOP('',(#946,#947,#948,#949,#950,#951));
#5777=EDGE_LOOP('',(#952,#953,#954,#955));
#5778=EDGE_LOOP('',(#956,#957,#958,#959));
#5779=EDGE_LOOP('',(#960,#961,#962,#963,#964,#965));
#5780=EDGE_LOOP('',(#966,#967,#968,#969,#970,#971,#972,#973,#974,#975));
#5781=EDGE_LOOP('',(#976,#977,#978,#979));
#5782=EDGE_LOOP('',(#980,#981,#982,#983,#984,#985));
#5783=EDGE_LOOP('',(#986,#987,#988,#989));
#5784=EDGE_LOOP('',(#990,#991,#992,#993,#994,#995));
#5785=EDGE_LOOP('',(#996,#997,#998,#999));
#5786=EDGE_LOOP('',(#1000,#1001,#1002,#1003));
#5787=EDGE_LOOP('',(#1004,#1005,#1006,#1007,#1008,#1009,#1010,#1011,#1012,
#1013));
#5788=EDGE_LOOP('',(#1014,#1015,#1016,#1017));
#5789=EDGE_LOOP('',(#1018,#1019,#1020,#1021,#1022,#1023));
#5790=EDGE_LOOP('',(#1024,#1025,#1026,#1027));
#5791=EDGE_LOOP('',(#1028,#1029,#1030,#1031,#1032,#1033));
#5792=EDGE_LOOP('',(#1034,#1035,#1036,#1037));
#5793=EDGE_LOOP('',(#1038,#1039,#1040,#1041,#1042,#1043));
#5794=EDGE_LOOP('',(#1044,#1045,#1046,#1047,#1048,#1049));
#5795=EDGE_LOOP('',(#1050,#1051,#1052,#1053));
#5796=EDGE_LOOP('',(#1054,#1055,#1056,#1057));
#5797=EDGE_LOOP('',(#1058,#1059,#1060,#1061,#1062,#1063));
#5798=EDGE_LOOP('',(#1064,#1065,#1066,#1067,#1068,#1069));
#5799=EDGE_LOOP('',(#1070,#1071,#1072,#1073));
#5800=EDGE_LOOP('',(#1074,#1075,#1076,#1077,#1078,#1079));
#5801=EDGE_LOOP('',(#1080,#1081,#1082,#1083));
#5802=EDGE_LOOP('',(#1084,#1085,#1086,#1087,#1088,#1089));
#5803=EDGE_LOOP('',(#1090,#1091,#1092,#1093));
#5804=EDGE_LOOP('',(#1094,#1095,#1096,#1097,#1098,#1099));
#5805=EDGE_LOOP('',(#1100,#1101,#1102,#1103));
#5806=EDGE_LOOP('',(#1104,#1105,#1106,#1107,#1108,#1109,#1110,#1111));
#5807=EDGE_LOOP('',(#1112,#1113,#1114,#1115));
#5808=EDGE_LOOP('',(#1116,#1117,#1118,#1119,#1120,#1121));
#5809=EDGE_LOOP('',(#1122,#1123,#1124,#1125,#1126,#1127,#1128,#1129));
#5810=EDGE_LOOP('',(#1130,#1131,#1132,#1133,#1134,#1135,#1136,#1137,#1138));
#5811=EDGE_LOOP('',(#1139,#1140,#1141,#1142,#1143,#1144,#1145,#1146,#1147,
#1148,#1149,#1150));
#5812=EDGE_LOOP('',(#1151,#1152,#1153,#1154,#1155,#1156,#1157,#1158));
#5813=EDGE_LOOP('',(#1159,#1160,#1161,#1162));
#5814=EDGE_LOOP('',(#1163,#1164,#1165,#1166));
#5815=EDGE_LOOP('',(#1167,#1168,#1169,#1170));
#5816=EDGE_LOOP('',(#1171,#1172,#1173,#1174));
#5817=EDGE_LOOP('',(#1175,#1176,#1177,#1178));
#5818=EDGE_LOOP('',(#1179,#1180,#1181,#1182));
#5819=EDGE_LOOP('',(#1183,#1184,#1185,#1186));
#5820=EDGE_LOOP('',(#1187,#1188,#1189,#1190));
#5821=EDGE_LOOP('',(#1191,#1192,#1193,#1194,#1195,#1196,#1197,#1198));
#5822=EDGE_LOOP('',(#1199,#1200,#1201,#1202));
#5823=EDGE_LOOP('',(#1203,#1204,#1205,#1206));
#5824=EDGE_LOOP('',(#1207,#1208,#1209,#1210));
#5825=EDGE_LOOP('',(#1211,#1212,#1213,#1214));
#5826=EDGE_LOOP('',(#1215,#1216,#1217,#1218));
#5827=EDGE_LOOP('',(#1219,#1220,#1221,#1222));
#5828=EDGE_LOOP('',(#1223,#1224,#1225,#1226));
#5829=EDGE_LOOP('',(#1227,#1228,#1229,#1230));
#5830=EDGE_LOOP('',(#1231,#1232,#1233,#1234));
#5831=EDGE_LOOP('',(#1235,#1236,#1237,#1238));
#5832=EDGE_LOOP('',(#1239,#1240,#1241,#1242));
#5833=EDGE_LOOP('',(#1243,#1244,#1245,#1246));
#5834=EDGE_LOOP('',(#1247,#1248,#1249,#1250));
#5835=EDGE_LOOP('',(#1251,#1252,#1253,#1254));
#5836=EDGE_LOOP('',(#1255,#1256,#1257,#1258));
#5837=EDGE_LOOP('',(#1259,#1260,#1261,#1262,#1263,#1264));
#5838=EDGE_LOOP('',(#1265,#1266,#1267,#1268,#1269,#1270,#1271,#1272,#1273,
#1274,#1275,#1276));
#5839=EDGE_LOOP('',(#1277,#1278,#1279,#1280));
#5840=EDGE_LOOP('',(#1281,#1282,#1283,#1284,#1285,#1286));
#5841=EDGE_LOOP('',(#1287,#1288,#1289,#1290));
#5842=EDGE_LOOP('',(#1291,#1292));
#5843=EDGE_LOOP('',(#1293,#1294,#1295,#1296));
#5844=EDGE_LOOP('',(#1297,#1298,#1299,#1300,#1301,#1302));
#5845=EDGE_LOOP('',(#1303,#1304,#1305,#1306,#1307,#1308));
#5846=EDGE_LOOP('',(#1309,#1310,#1311,#1312));
#5847=EDGE_LOOP('',(#1313,#1314,#1315,#1316));
#5848=EDGE_LOOP('',(#1317,#1318,#1319,#1320));
#5849=EDGE_LOOP('',(#1321,#1322,#1323,#1324));
#5850=EDGE_LOOP('',(#1325,#1326,#1327,#1328));
#5851=EDGE_LOOP('',(#1329,#1330,#1331,#1332,#1333,#1334));
#5852=EDGE_LOOP('',(#1335,#1336,#1337,#1338));
#5853=EDGE_LOOP('',(#1339,#1340,#1341,#1342));
#5854=EDGE_LOOP('',(#1343,#1344,#1345,#1346));
#5855=EDGE_LOOP('',(#1347,#1348,#1349,#1350));
#5856=EDGE_LOOP('',(#1351,#1352,#1353,#1354));
#5857=EDGE_LOOP('',(#1355,#1356,#1357,#1358));
#5858=EDGE_LOOP('',(#1359,#1360,#1361,#1362));
#5859=EDGE_LOOP('',(#1363,#1364,#1365,#1366,#1367,#1368));
#5860=EDGE_LOOP('',(#1369,#1370,#1371,#1372,#1373,#1374));
#5861=EDGE_LOOP('',(#1375,#1376,#1377,#1378));
#5862=EDGE_LOOP('',(#1379,#1380,#1381,#1382,#1383,#1384));
#5863=EDGE_LOOP('',(#1385,#1386,#1387,#1388));
#5864=EDGE_LOOP('',(#1389,#1390,#1391,#1392,#1393,#1394));
#5865=EDGE_LOOP('',(#1395,#1396,#1397,#1398,#1399,#1400));
#5866=EDGE_LOOP('',(#1401,#1402,#1403,#1404));
#5867=EDGE_LOOP('',(#1405,#1406,#1407,#1408));
#5868=EDGE_LOOP('',(#1409,#1410,#1411,#1412));
#5869=EDGE_LOOP('',(#1413,#1414,#1415,#1416,#1417,#1418,#1419,#1420));
#5870=EDGE_LOOP('',(#1421,#1422,#1423,#1424,#1425,#1426,#1427,#1428,#1429,
#1430,#1431,#1432,#1433,#1434,#1435,#1436,#1437));
#5871=EDGE_LOOP('',(#1438,#1439,#1440,#1441,#1442,#1443,#1444));
#5872=EDGE_LOOP('',(#1445,#1446,#1447,#1448));
#5873=EDGE_LOOP('',(#1449,#1450,#1451,#1452,#1453,#1454));
#5874=EDGE_LOOP('',(#1455,#1456,#1457,#1458,#1459,#1460,#1461,#1462,#1463,
#1464,#1465,#1466));
#5875=EDGE_LOOP('',(#1467,#1468,#1469,#1470));
#5876=EDGE_LOOP('',(#1471,#1472,#1473,#1474));
#5877=EDGE_LOOP('',(#1475,#1476,#1477,#1478));
#5878=EDGE_LOOP('',(#1479,#1480,#1481,#1482));
#5879=EDGE_LOOP('',(#1483,#1484,#1485,#1486));
#5880=EDGE_LOOP('',(#1487,#1488,#1489,#1490));
#5881=EDGE_LOOP('',(#1491,#1492,#1493,#1494));
#5882=EDGE_LOOP('',(#1495,#1496,#1497,#1498));
#5883=EDGE_LOOP('',(#1499,#1500,#1501,#1502));
#5884=EDGE_LOOP('',(#1503,#1504,#1505,#1506));
#5885=EDGE_LOOP('',(#1507,#1508,#1509,#1510));
#5886=EDGE_LOOP('',(#1511,#1512,#1513,#1514));
#5887=EDGE_LOOP('',(#1515,#1516,#1517,#1518,#1519,#1520));
#5888=EDGE_LOOP('',(#1521,#1522,#1523,#1524,#1525,#1526));
#5889=EDGE_LOOP('',(#1527,#1528,#1529,#1530));
#5890=EDGE_LOOP('',(#1531,#1532,#1533,#1534));
#5891=EDGE_LOOP('',(#1535,#1536,#1537,#1538));
#5892=EDGE_LOOP('',(#1539,#1540,#1541,#1542));
#5893=EDGE_LOOP('',(#1543,#1544,#1545,#1546));
#5894=EDGE_LOOP('',(#1547,#1548,#1549,#1550,#1551,#1552));
#5895=EDGE_LOOP('',(#1553,#1554,#1555,#1556));
#5896=EDGE_LOOP('',(#1557,#1558,#1559,#1560,#1561,#1562));
#5897=EDGE_LOOP('',(#1563,#1564,#1565,#1566));
#5898=EDGE_LOOP('',(#1567,#1568,#1569,#1570));
#5899=EDGE_LOOP('',(#1571,#1572,#1573,#1574));
#5900=EDGE_LOOP('',(#1575,#1576,#1577,#1578));
#5901=EDGE_LOOP('',(#1579,#1580,#1581,#1582));
#5902=EDGE_LOOP('',(#1583,#1584,#1585,#1586));
#5903=EDGE_LOOP('',(#1587,#1588,#1589,#1590,#1591,#1592));
#5904=EDGE_LOOP('',(#1593,#1594,#1595,#1596,#1597,#1598));
#5905=EDGE_LOOP('',(#1599,#1600,#1601,#1602));
#5906=EDGE_LOOP('',(#1603,#1604,#1605,#1606,#1607,#1608));
#5907=EDGE_LOOP('',(#1609,#1610,#1611,#1612,#1613,#1614));
#5908=EDGE_LOOP('',(#1615,#1616,#1617,#1618));
#5909=EDGE_LOOP('',(#1619,#1620,#1621,#1622,#1623,#1624));
#5910=EDGE_LOOP('',(#1625,#1626,#1627,#1628));
#5911=EDGE_LOOP('',(#1629,#1630,#1631,#1632));
#5912=EDGE_LOOP('',(#1633,#1634,#1635,#1636,#1637,#1638));
#5913=EDGE_LOOP('',(#1639,#1640,#1641,#1642));
#5914=EDGE_LOOP('',(#1643,#1644,#1645,#1646));
#5915=EDGE_LOOP('',(#1647,#1648,#1649,#1650));
#5916=EDGE_LOOP('',(#1651,#1652,#1653,#1654,#1655,#1656,#1657,#1658));
#5917=EDGE_LOOP('',(#1659,#1660,#1661,#1662,#1663,#1664));
#5918=EDGE_LOOP('',(#1665,#1666,#1667,#1668,#1669));
#5919=EDGE_LOOP('',(#1670,#1671,#1672,#1673,#1674,#1675));
#5920=EDGE_LOOP('',(#1676,#1677,#1678,#1679,#1680));
#5921=EDGE_LOOP('',(#1681,#1682,#1683,#1684,#1685,#1686));
#5922=EDGE_LOOP('',(#1687,#1688,#1689,#1690));
#5923=EDGE_LOOP('',(#1691,#1692,#1693,#1694,#1695,#1696,#1697,#1698));
#5924=EDGE_LOOP('',(#1699,#1700,#1701,#1702));
#5925=EDGE_LOOP('',(#1703,#1704,#1705,#1706,#1707,#1708));
#5926=EDGE_LOOP('',(#1709,#1710,#1711,#1712));
#5927=EDGE_LOOP('',(#1713,#1714,#1715,#1716,#1717));
#5928=EDGE_LOOP('',(#1718,#1719,#1720,#1721));
#5929=EDGE_LOOP('',(#1722,#1723,#1724,#1725));
#5930=EDGE_LOOP('',(#1726,#1727,#1728,#1729));
#5931=EDGE_LOOP('',(#1730,#1731,#1732,#1733));
#5932=EDGE_LOOP('',(#1734,#1735,#1736,#1737));
#5933=EDGE_LOOP('',(#1738,#1739,#1740,#1741));
#5934=EDGE_LOOP('',(#1742,#1743,#1744,#1745));
#5935=EDGE_LOOP('',(#1746,#1747,#1748,#1749));
#5936=EDGE_LOOP('',(#1750,#1751,#1752,#1753));
#5937=EDGE_LOOP('',(#1754,#1755,#1756,#1757));
#5938=EDGE_LOOP('',(#1758,#1759,#1760,#1761));
#5939=EDGE_LOOP('',(#1762,#1763,#1764,#1765));
#5940=EDGE_LOOP('',(#1766,#1767,#1768,#1769,#1770,#1771));
#5941=EDGE_LOOP('',(#1772,#1773,#1774,#1775));
#5942=EDGE_LOOP('',(#1776,#1777,#1778,#1779,#1780,#1781));
#5943=EDGE_LOOP('',(#1782,#1783,#1784,#1785));
#5944=EDGE_LOOP('',(#1786,#1787,#1788,#1789));
#5945=EDGE_LOOP('',(#1790,#1791,#1792,#1793));
#5946=EDGE_LOOP('',(#1794,#1795,#1796,#1797,#1798,#1799));
#5947=EDGE_LOOP('',(#1800,#1801,#1802,#1803));
#5948=EDGE_LOOP('',(#1804,#1805,#1806,#1807,#1808,#1809));
#5949=EDGE_LOOP('',(#1810,#1811,#1812,#1813));
#5950=EDGE_LOOP('',(#1814,#1815,#1816,#1817));
#5951=EDGE_LOOP('',(#1818,#1819,#1820,#1821));
#5952=EDGE_LOOP('',(#1822,#1823,#1824,#1825,#1826,#1827));
#5953=EDGE_LOOP('',(#1828,#1829,#1830,#1831));
#5954=EDGE_LOOP('',(#1832,#1833,#1834,#1835,#1836,#1837));
#5955=EDGE_LOOP('',(#1838,#1839,#1840,#1841));
#5956=EDGE_LOOP('',(#1842,#1843,#1844,#1845));
#5957=EDGE_LOOP('',(#1846,#1847,#1848,#1849));
#5958=EDGE_LOOP('',(#1850,#1851,#1852,#1853,#1854,#1855));
#5959=EDGE_LOOP('',(#1856,#1857,#1858,#1859));
#5960=EDGE_LOOP('',(#1860,#1861,#1862,#1863,#1864,#1865));
#5961=EDGE_LOOP('',(#1866,#1867,#1868,#1869));
#5962=EDGE_LOOP('',(#1870,#1871,#1872,#1873));
#5963=EDGE_LOOP('',(#1874,#1875,#1876,#1877));
#5964=EDGE_LOOP('',(#1878,#1879,#1880,#1881));
#5965=EDGE_LOOP('',(#1882,#1883,#1884,#1885));
#5966=EDGE_LOOP('',(#1886,#1887,#1888,#1889));
#5967=EDGE_LOOP('',(#1890,#1891,#1892,#1893));
#5968=EDGE_LOOP('',(#1894,#1895,#1896,#1897));
#5969=EDGE_LOOP('',(#1898,#1899,#1900,#1901));
#5970=EDGE_LOOP('',(#1902,#1903,#1904,#1905));
#5971=EDGE_LOOP('',(#1906,#1907,#1908,#1909));
#5972=EDGE_LOOP('',(#1910,#1911,#1912,#1913));
#5973=EDGE_LOOP('',(#1914,#1915,#1916,#1917));
#5974=EDGE_LOOP('',(#1918,#1919,#1920,#1921));
#5975=EDGE_LOOP('',(#1922,#1923,#1924,#1925,#1926,#1927,#1928));
#5976=EDGE_LOOP('',(#1929,#1930,#1931,#1932));
#5977=EDGE_LOOP('',(#1933,#1934,#1935,#1936,#1937,#1938,#1939,#1940,#1941,
#1942,#1943,#1944,#1945,#1946,#1947,#1948,#1949,#1950,#1951,#1952,#1953,
#1954));
#5978=EDGE_LOOP('',(#1955,#1956,#1957,#1958));
#5979=EDGE_LOOP('',(#1959,#1960,#1961,#1962,#1963,#1964,#1965,#1966,#1967,
#1968));
#5980=EDGE_LOOP('',(#1969,#1970,#1971,#1972));
#5981=EDGE_LOOP('',(#1973,#1974,#1975,#1976,#1977,#1978,#1979,#1980,#1981,
#1982));
#5982=EDGE_LOOP('',(#1983,#1984,#1985,#1986));
#5983=EDGE_LOOP('',(#1987,#1988,#1989,#1990));
#5984=EDGE_LOOP('',(#1991,#1992,#1993,#1994));
#5985=EDGE_LOOP('',(#1995,#1996,#1997,#1998));
#5986=EDGE_LOOP('',(#1999,#2000,#2001,#2002));
#5987=EDGE_LOOP('',(#2003,#2004,#2005,#2006));
#5988=EDGE_LOOP('',(#2007,#2008,#2009,#2010));
#5989=EDGE_LOOP('',(#2011,#2012,#2013,#2014));
#5990=EDGE_LOOP('',(#2015,#2016,#2017,#2018));
#5991=EDGE_LOOP('',(#2019,#2020,#2021,#2022,#2023));
#5992=EDGE_LOOP('',(#2024,#2025,#2026,#2027,#2028,#2029,#2030,#2031));
#5993=EDGE_LOOP('',(#2032,#2033,#2034,#2035));
#5994=EDGE_LOOP('',(#2036,#2037,#2038,#2039,#2040,#2041,#2042,#2043,#2044,
#2045,#2046,#2047,#2048,#2049));
#5995=EDGE_LOOP('',(#2050,#2051,#2052,#2053));
#5996=EDGE_LOOP('',(#2054,#2055,#2056,#2057,#2058,#2059,#2060,#2061));
#5997=EDGE_LOOP('',(#2062,#2063,#2064,#2065,#2066));
#5998=EDGE_LOOP('',(#2067,#2068,#2069,#2070));
#5999=EDGE_LOOP('',(#2071,#2072,#2073,#2074,#2075,#2076,#2077,#2078,#2079,
#2080));
#6000=EDGE_LOOP('',(#2081,#2082,#2083,#2084));
#6001=EDGE_LOOP('',(#2085,#2086,#2087,#2088));
#6002=EDGE_LOOP('',(#2089,#2090,#2091,#2092));
#6003=EDGE_LOOP('',(#2093,#2094,#2095,#2096));
#6004=EDGE_LOOP('',(#2097,#2098,#2099,#2100));
#6005=EDGE_LOOP('',(#2101,#2102,#2103,#2104,#2105,#2106,#2107,#2108,#2109,
#2110));
#6006=EDGE_LOOP('',(#2111,#2112,#2113,#2114));
#6007=EDGE_LOOP('',(#2115,#2116,#2117,#2118));
#6008=EDGE_LOOP('',(#2119,#2120,#2121,#2122));
#6009=EDGE_LOOP('',(#2123,#2124,#2125,#2126));
#6010=EDGE_LOOP('',(#2127,#2128,#2129,#2130,#2131,#2132,#2133,#2134,#2135,
#2136,#2137,#2138,#2139,#2140,#2141,#2142,#2143,#2144,#2145,#2146));
#6011=EDGE_LOOP('',(#2147,#2148,#2149,#2150));
#6012=EDGE_LOOP('',(#2151,#2152,#2153,#2154));
#6013=EDGE_LOOP('',(#2155,#2156,#2157,#2158));
#6014=EDGE_LOOP('',(#2159,#2160,#2161,#2162));
#6015=EDGE_LOOP('',(#2163,#2164,#2165,#2166));
#6016=EDGE_LOOP('',(#2167,#2168,#2169,#2170));
#6017=EDGE_LOOP('',(#2171,#2172,#2173,#2174));
#6018=EDGE_LOOP('',(#2175,#2176,#2177,#2178));
#6019=EDGE_LOOP('',(#2179,#2180,#2181,#2182));
#6020=EDGE_LOOP('',(#2183,#2184,#2185,#2186));
#6021=EDGE_LOOP('',(#2187,#2188,#2189,#2190));
#6022=EDGE_LOOP('',(#2191,#2192,#2193,#2194));
#6023=EDGE_LOOP('',(#2195,#2196,#2197,#2198));
#6024=EDGE_LOOP('',(#2199,#2200,#2201,#2202));
#6025=EDGE_LOOP('',(#2203,#2204,#2205,#2206));
#6026=EDGE_LOOP('',(#2207,#2208,#2209,#2210));
#6027=EDGE_LOOP('',(#2211,#2212,#2213,#2214));
#6028=EDGE_LOOP('',(#2215,#2216,#2217,#2218));
#6029=EDGE_LOOP('',(#2219,#2220,#2221,#2222));
#6030=EDGE_LOOP('',(#2223,#2224,#2225,#2226));
#6031=EDGE_LOOP('',(#2227,#2228,#2229,#2230));
#6032=EDGE_LOOP('',(#2231,#2232,#2233,#2234,#2235,#2236));
#6033=EDGE_LOOP('',(#2237,#2238,#2239,#2240));
#6034=EDGE_LOOP('',(#2241,#2242,#2243,#2244,#2245,#2246));
#6035=EDGE_LOOP('',(#2247,#2248,#2249,#2250));
#6036=EDGE_LOOP('',(#2251,#2252,#2253,#2254));
#6037=EDGE_LOOP('',(#2255,#2256,#2257,#2258));
#6038=EDGE_LOOP('',(#2259,#2260,#2261,#2262));
#6039=EDGE_LOOP('',(#2263,#2264,#2265,#2266,#2267,#2268));
#6040=EDGE_LOOP('',(#2269,#2270,#2271,#2272));
#6041=EDGE_LOOP('',(#2273,#2274,#2275,#2276,#2277,#2278));
#6042=EDGE_LOOP('',(#2279,#2280,#2281,#2282));
#6043=EDGE_LOOP('',(#2283,#2284,#2285,#2286));
#6044=EDGE_LOOP('',(#2287,#2288,#2289,#2290));
#6045=EDGE_LOOP('',(#2291,#2292,#2293,#2294));
#6046=EDGE_LOOP('',(#2295,#2296,#2297,#2298,#2299,#2300));
#6047=EDGE_LOOP('',(#2301,#2302,#2303,#2304));
#6048=EDGE_LOOP('',(#2305,#2306,#2307,#2308,#2309,#2310));
#6049=EDGE_LOOP('',(#2311,#2312,#2313,#2314));
#6050=EDGE_LOOP('',(#2315,#2316,#2317,#2318));
#6051=EDGE_LOOP('',(#2319,#2320,#2321,#2322));
#6052=EDGE_LOOP('',(#2323,#2324,#2325,#2326));
#6053=EDGE_LOOP('',(#2327,#2328,#2329,#2330,#2331,#2332));
#6054=EDGE_LOOP('',(#2333,#2334,#2335,#2336));
#6055=EDGE_LOOP('',(#2337,#2338,#2339,#2340,#2341,#2342));
#6056=EDGE_LOOP('',(#2343,#2344,#2345,#2346));
#6057=EDGE_LOOP('',(#2347,#2348,#2349,#2350));
#6058=EDGE_LOOP('',(#2351,#2352,#2353,#2354));
#6059=EDGE_LOOP('',(#2355,#2356,#2357,#2358));
#6060=EDGE_LOOP('',(#2359,#2360,#2361,#2362));
#6061=EDGE_LOOP('',(#2363,#2364,#2365,#2366));
#6062=EDGE_LOOP('',(#2367,#2368,#2369,#2370,#2371,#2372));
#6063=EDGE_LOOP('',(#2373,#2374,#2375,#2376));
#6064=EDGE_LOOP('',(#2377,#2378,#2379,#2380));
#6065=EDGE_LOOP('',(#2381,#2382,#2383,#2384,#2385,#2386,#2387,#2388));
#6066=EDGE_LOOP('',(#2389,#2390,#2391,#2392));
#6067=EDGE_LOOP('',(#2393,#2394,#2395,#2396));
#6068=EDGE_LOOP('',(#2397,#2398,#2399,#2400));
#6069=EDGE_LOOP('',(#2401,#2402,#2403,#2404));
#6070=EDGE_LOOP('',(#2405,#2406,#2407,#2408));
#6071=EDGE_LOOP('',(#2409,#2410,#2411,#2412));
#6072=EDGE_LOOP('',(#2413,#2414,#2415,#2416));
#6073=EDGE_LOOP('',(#2417,#2418,#2419,#2420));
#6074=EDGE_LOOP('',(#2421,#2422,#2423,#2424));
#6075=EDGE_LOOP('',(#2425,#2426,#2427,#2428));
#6076=EDGE_LOOP('',(#2429,#2430,#2431,#2432));
#6077=EDGE_LOOP('',(#2433,#2434,#2435,#2436));
#6078=EDGE_LOOP('',(#2437,#2438,#2439,#2440));
#6079=EDGE_LOOP('',(#2441,#2442,#2443,#2444));
#6080=EDGE_LOOP('',(#2445,#2446,#2447,#2448,#2449,#2450,#2451,#2452,#2453,
#2454));
#6081=EDGE_LOOP('',(#2455,#2456,#2457,#2458,#2459,#2460,#2461,#2462,#2463,
#2464));
#6082=EDGE_LOOP('',(#2465,#2466,#2467,#2468));
#6083=EDGE_LOOP('',(#2469,#2470,#2471,#2472,#2473,#2474,#2475,#2476,#2477,
#2478));
#6084=EDGE_LOOP('',(#2479,#2480,#2481,#2482));
#6085=EDGE_LOOP('',(#2483,#2484,#2485,#2486,#2487,#2488,#2489,#2490,#2491,
#2492));
#6086=EDGE_LOOP('',(#2493,#2494,#2495,#2496));
#6087=FACE_BOUND('',#5696,.T.);
#6088=FACE_BOUND('',#5697,.T.);
#6089=FACE_BOUND('',#5698,.T.);
#6090=FACE_BOUND('',#5699,.T.);
#6091=FACE_BOUND('',#5700,.T.);
#6092=FACE_BOUND('',#5701,.T.);
#6093=FACE_BOUND('',#5702,.T.);
#6094=FACE_BOUND('',#5703,.T.);
#6095=FACE_BOUND('',#5704,.T.);
#6096=FACE_BOUND('',#5705,.T.);
#6097=FACE_BOUND('',#5706,.T.);
#6098=FACE_BOUND('',#5707,.T.);
#6099=FACE_BOUND('',#5708,.T.);
#6100=FACE_BOUND('',#5709,.T.);
#6101=FACE_BOUND('',#5710,.T.);
#6102=FACE_BOUND('',#5711,.T.);
#6103=FACE_BOUND('',#5712,.T.);
#6104=FACE_BOUND('',#5713,.T.);
#6105=FACE_BOUND('',#5714,.T.);
#6106=FACE_BOUND('',#5715,.T.);
#6107=FACE_BOUND('',#5716,.T.);
#6108=FACE_BOUND('',#5717,.T.);
#6109=FACE_BOUND('',#5718,.T.);
#6110=FACE_BOUND('',#5719,.T.);
#6111=FACE_BOUND('',#5720,.T.);
#6112=FACE_BOUND('',#5721,.T.);
#6113=FACE_BOUND('',#5722,.T.);
#6114=FACE_BOUND('',#5723,.T.);
#6115=FACE_BOUND('',#5724,.T.);
#6116=FACE_BOUND('',#5725,.T.);
#6117=FACE_BOUND('',#5726,.T.);
#6118=FACE_BOUND('',#5727,.T.);
#6119=FACE_BOUND('',#5728,.T.);
#6120=FACE_BOUND('',#5729,.T.);
#6121=FACE_BOUND('',#5730,.T.);
#6122=FACE_BOUND('',#5731,.T.);
#6123=FACE_BOUND('',#5732,.T.);
#6124=FACE_BOUND('',#5733,.T.);
#6125=FACE_BOUND('',#5734,.T.);
#6126=FACE_BOUND('',#5735,.T.);
#6127=FACE_BOUND('',#5736,.T.);
#6128=FACE_BOUND('',#5737,.T.);
#6129=FACE_BOUND('',#5738,.T.);
#6130=FACE_BOUND('',#5739,.T.);
#6131=FACE_BOUND('',#5740,.T.);
#6132=FACE_BOUND('',#5741,.T.);
#6133=FACE_BOUND('',#5742,.T.);
#6134=FACE_BOUND('',#5743,.T.);
#6135=FACE_BOUND('',#5744,.T.);
#6136=FACE_BOUND('',#5745,.T.);
#6137=FACE_BOUND('',#5746,.T.);
#6138=FACE_BOUND('',#5747,.T.);
#6139=FACE_BOUND('',#5748,.T.);
#6140=FACE_BOUND('',#5749,.T.);
#6141=FACE_BOUND('',#5750,.T.);
#6142=FACE_BOUND('',#5751,.T.);
#6143=FACE_BOUND('',#5752,.T.);
#6144=FACE_BOUND('',#5753,.T.);
#6145=FACE_BOUND('',#5754,.T.);
#6146=FACE_BOUND('',#5755,.T.);
#6147=FACE_BOUND('',#5756,.T.);
#6148=FACE_BOUND('',#5757,.T.);
#6149=FACE_BOUND('',#5758,.T.);
#6150=FACE_BOUND('',#5759,.T.);
#6151=FACE_BOUND('',#5760,.T.);
#6152=FACE_BOUND('',#5761,.T.);
#6153=FACE_BOUND('',#5762,.T.);
#6154=FACE_BOUND('',#5763,.T.);
#6155=FACE_BOUND('',#5764,.T.);
#6156=FACE_BOUND('',#5765,.T.);
#6157=FACE_BOUND('',#5766,.T.);
#6158=FACE_BOUND('',#5767,.T.);
#6159=FACE_BOUND('',#5768,.T.);
#6160=FACE_BOUND('',#5769,.T.);
#6161=FACE_BOUND('',#5770,.T.);
#6162=FACE_BOUND('',#5771,.T.);
#6163=FACE_BOUND('',#5772,.T.);
#6164=FACE_BOUND('',#5773,.T.);
#6165=FACE_BOUND('',#5774,.T.);
#6166=FACE_BOUND('',#5775,.T.);
#6167=FACE_BOUND('',#5776,.T.);
#6168=FACE_BOUND('',#5777,.T.);
#6169=FACE_BOUND('',#5778,.T.);
#6170=FACE_BOUND('',#5779,.T.);
#6171=FACE_BOUND('',#5780,.T.);
#6172=FACE_BOUND('',#5781,.T.);
#6173=FACE_BOUND('',#5782,.T.);
#6174=FACE_BOUND('',#5783,.T.);
#6175=FACE_BOUND('',#5784,.T.);
#6176=FACE_BOUND('',#5785,.T.);
#6177=FACE_BOUND('',#5786,.T.);
#6178=FACE_BOUND('',#5787,.T.);
#6179=FACE_BOUND('',#5788,.T.);
#6180=FACE_BOUND('',#5789,.T.);
#6181=FACE_BOUND('',#5790,.T.);
#6182=FACE_BOUND('',#5791,.T.);
#6183=FACE_BOUND('',#5792,.T.);
#6184=FACE_BOUND('',#5793,.T.);
#6185=FACE_BOUND('',#5794,.T.);
#6186=FACE_BOUND('',#5795,.T.);
#6187=FACE_BOUND('',#5796,.T.);
#6188=FACE_BOUND('',#5797,.T.);
#6189=FACE_BOUND('',#5798,.T.);
#6190=FACE_BOUND('',#5799,.T.);
#6191=FACE_BOUND('',#5800,.T.);
#6192=FACE_BOUND('',#5801,.T.);
#6193=FACE_BOUND('',#5802,.T.);
#6194=FACE_BOUND('',#5803,.T.);
#6195=FACE_BOUND('',#5804,.T.);
#6196=FACE_BOUND('',#5805,.T.);
#6197=FACE_BOUND('',#5806,.T.);
#6198=FACE_BOUND('',#5807,.T.);
#6199=FACE_BOUND('',#5808,.T.);
#6200=FACE_BOUND('',#5809,.T.);
#6201=FACE_BOUND('',#5810,.T.);
#6202=FACE_BOUND('',#5811,.T.);
#6203=FACE_BOUND('',#5812,.T.);
#6204=FACE_BOUND('',#5813,.T.);
#6205=FACE_BOUND('',#5814,.T.);
#6206=FACE_BOUND('',#5815,.T.);
#6207=FACE_BOUND('',#5816,.T.);
#6208=FACE_BOUND('',#5817,.T.);
#6209=FACE_BOUND('',#5818,.T.);
#6210=FACE_BOUND('',#5819,.T.);
#6211=FACE_BOUND('',#5820,.T.);
#6212=FACE_BOUND('',#5821,.T.);
#6213=FACE_BOUND('',#5822,.T.);
#6214=FACE_BOUND('',#5823,.T.);
#6215=FACE_BOUND('',#5824,.T.);
#6216=FACE_BOUND('',#5825,.T.);
#6217=FACE_BOUND('',#5826,.T.);
#6218=FACE_BOUND('',#5827,.T.);
#6219=FACE_BOUND('',#5828,.T.);
#6220=FACE_BOUND('',#5829,.T.);
#6221=FACE_BOUND('',#5830,.T.);
#6222=FACE_BOUND('',#5831,.T.);
#6223=FACE_BOUND('',#5832,.T.);
#6224=FACE_BOUND('',#5833,.T.);
#6225=FACE_BOUND('',#5834,.T.);
#6226=FACE_BOUND('',#5835,.T.);
#6227=FACE_BOUND('',#5836,.T.);
#6228=FACE_BOUND('',#5837,.T.);
#6229=FACE_BOUND('',#5838,.T.);
#6230=FACE_BOUND('',#5839,.T.);
#6231=FACE_BOUND('',#5840,.T.);
#6232=FACE_BOUND('',#5841,.T.);
#6233=FACE_BOUND('',#5842,.T.);
#6234=FACE_BOUND('',#5843,.T.);
#6235=FACE_BOUND('',#5844,.T.);
#6236=FACE_BOUND('',#5845,.T.);
#6237=FACE_BOUND('',#5846,.T.);
#6238=FACE_BOUND('',#5847,.T.);
#6239=FACE_BOUND('',#5848,.T.);
#6240=FACE_BOUND('',#5849,.T.);
#6241=FACE_BOUND('',#5850,.T.);
#6242=FACE_BOUND('',#5851,.T.);
#6243=FACE_BOUND('',#5852,.T.);
#6244=FACE_BOUND('',#5853,.T.);
#6245=FACE_BOUND('',#5854,.T.);
#6246=FACE_BOUND('',#5855,.T.);
#6247=FACE_BOUND('',#5856,.T.);
#6248=FACE_BOUND('',#5857,.T.);
#6249=FACE_BOUND('',#5858,.T.);
#6250=FACE_BOUND('',#5859,.T.);
#6251=FACE_BOUND('',#5860,.T.);
#6252=FACE_BOUND('',#5861,.T.);
#6253=FACE_BOUND('',#5862,.T.);
#6254=FACE_BOUND('',#5863,.T.);
#6255=FACE_BOUND('',#5864,.T.);
#6256=FACE_BOUND('',#5865,.T.);
#6257=FACE_BOUND('',#5866,.T.);
#6258=FACE_BOUND('',#5867,.T.);
#6259=FACE_BOUND('',#5868,.T.);
#6260=FACE_BOUND('',#5869,.T.);
#6261=FACE_BOUND('',#5870,.T.);
#6262=FACE_BOUND('',#5871,.T.);
#6263=FACE_BOUND('',#5872,.T.);
#6264=FACE_BOUND('',#5873,.T.);
#6265=FACE_BOUND('',#5874,.T.);
#6266=FACE_BOUND('',#5875,.T.);
#6267=FACE_BOUND('',#5876,.T.);
#6268=FACE_BOUND('',#5877,.T.);
#6269=FACE_BOUND('',#5878,.T.);
#6270=FACE_BOUND('',#5879,.T.);
#6271=FACE_BOUND('',#5880,.T.);
#6272=FACE_BOUND('',#5881,.T.);
#6273=FACE_BOUND('',#5882,.T.);
#6274=FACE_BOUND('',#5883,.T.);
#6275=FACE_BOUND('',#5884,.T.);
#6276=FACE_BOUND('',#5885,.T.);
#6277=FACE_BOUND('',#5886,.T.);
#6278=FACE_BOUND('',#5887,.T.);
#6279=FACE_BOUND('',#5888,.T.);
#6280=FACE_BOUND('',#5889,.T.);
#6281=FACE_BOUND('',#5890,.T.);
#6282=FACE_BOUND('',#5891,.T.);
#6283=FACE_BOUND('',#5892,.T.);
#6284=FACE_BOUND('',#5893,.T.);
#6285=FACE_BOUND('',#5894,.T.);
#6286=FACE_BOUND('',#5895,.T.);
#6287=FACE_BOUND('',#5896,.T.);
#6288=FACE_BOUND('',#5897,.T.);
#6289=FACE_BOUND('',#5898,.T.);
#6290=FACE_BOUND('',#5899,.T.);
#6291=FACE_BOUND('',#5900,.T.);
#6292=FACE_BOUND('',#5901,.T.);
#6293=FACE_BOUND('',#5902,.T.);
#6294=FACE_BOUND('',#5903,.T.);
#6295=FACE_BOUND('',#5904,.T.);
#6296=FACE_BOUND('',#5905,.T.);
#6297=FACE_BOUND('',#5906,.T.);
#6298=FACE_BOUND('',#5907,.T.);
#6299=FACE_BOUND('',#5908,.T.);
#6300=FACE_BOUND('',#5909,.T.);
#6301=FACE_BOUND('',#5910,.T.);
#6302=FACE_BOUND('',#5911,.T.);
#6303=FACE_BOUND('',#5912,.T.);
#6304=FACE_BOUND('',#5913,.T.);
#6305=FACE_BOUND('',#5914,.T.);
#6306=FACE_BOUND('',#5915,.T.);
#6307=FACE_BOUND('',#5916,.T.);
#6308=FACE_BOUND('',#5917,.T.);
#6309=FACE_BOUND('',#5918,.T.);
#6310=FACE_BOUND('',#5919,.T.);
#6311=FACE_BOUND('',#5920,.T.);
#6312=FACE_BOUND('',#5921,.T.);
#6313=FACE_BOUND('',#5922,.T.);
#6314=FACE_BOUND('',#5923,.T.);
#6315=FACE_BOUND('',#5924,.T.);
#6316=FACE_BOUND('',#5925,.T.);
#6317=FACE_BOUND('',#5926,.T.);
#6318=FACE_BOUND('',#5927,.T.);
#6319=FACE_BOUND('',#5928,.T.);
#6320=FACE_BOUND('',#5929,.T.);
#6321=FACE_BOUND('',#5930,.T.);
#6322=FACE_BOUND('',#5931,.T.);
#6323=FACE_BOUND('',#5932,.T.);
#6324=FACE_BOUND('',#5933,.T.);
#6325=FACE_BOUND('',#5934,.T.);
#6326=FACE_BOUND('',#5935,.T.);
#6327=FACE_BOUND('',#5936,.T.);
#6328=FACE_BOUND('',#5937,.T.);
#6329=FACE_BOUND('',#5938,.T.);
#6330=FACE_BOUND('',#5939,.T.);
#6331=FACE_BOUND('',#5940,.T.);
#6332=FACE_BOUND('',#5941,.T.);
#6333=FACE_BOUND('',#5942,.T.);
#6334=FACE_BOUND('',#5943,.T.);
#6335=FACE_BOUND('',#5944,.T.);
#6336=FACE_BOUND('',#5945,.T.);
#6337=FACE_BOUND('',#5946,.T.);
#6338=FACE_BOUND('',#5947,.T.);
#6339=FACE_BOUND('',#5948,.T.);
#6340=FACE_BOUND('',#5949,.T.);
#6341=FACE_BOUND('',#5950,.T.);
#6342=FACE_BOUND('',#5951,.T.);
#6343=FACE_BOUND('',#5952,.T.);
#6344=FACE_BOUND('',#5953,.T.);
#6345=FACE_BOUND('',#5954,.T.);
#6346=FACE_BOUND('',#5955,.T.);
#6347=FACE_BOUND('',#5956,.T.);
#6348=FACE_BOUND('',#5957,.T.);
#6349=FACE_BOUND('',#5958,.T.);
#6350=FACE_BOUND('',#5959,.T.);
#6351=FACE_BOUND('',#5960,.T.);
#6352=FACE_BOUND('',#5961,.T.);
#6353=FACE_BOUND('',#5962,.T.);
#6354=FACE_BOUND('',#5963,.T.);
#6355=FACE_BOUND('',#5964,.T.);
#6356=FACE_BOUND('',#5965,.T.);
#6357=FACE_BOUND('',#5966,.T.);
#6358=FACE_BOUND('',#5967,.T.);
#6359=FACE_BOUND('',#5968,.T.);
#6360=FACE_BOUND('',#5969,.T.);
#6361=FACE_BOUND('',#5970,.T.);
#6362=FACE_BOUND('',#5971,.T.);
#6363=FACE_BOUND('',#5972,.T.);
#6364=FACE_BOUND('',#5973,.T.);
#6365=FACE_BOUND('',#5974,.T.);
#6366=FACE_BOUND('',#5975,.T.);
#6367=FACE_BOUND('',#5976,.T.);
#6368=FACE_BOUND('',#5977,.T.);
#6369=FACE_BOUND('',#5978,.T.);
#6370=FACE_BOUND('',#5979,.T.);
#6371=FACE_BOUND('',#5980,.T.);
#6372=FACE_BOUND('',#5981,.T.);
#6373=FACE_BOUND('',#5982,.T.);
#6374=FACE_BOUND('',#5983,.T.);
#6375=FACE_BOUND('',#5984,.T.);
#6376=FACE_BOUND('',#5985,.T.);
#6377=FACE_BOUND('',#5986,.T.);
#6378=FACE_BOUND('',#5987,.T.);
#6379=FACE_BOUND('',#5988,.T.);
#6380=FACE_BOUND('',#5989,.T.);
#6381=FACE_BOUND('',#5990,.T.);
#6382=FACE_BOUND('',#5991,.T.);
#6383=FACE_BOUND('',#5992,.T.);
#6384=FACE_BOUND('',#5993,.T.);
#6385=FACE_BOUND('',#5994,.T.);
#6386=FACE_BOUND('',#5995,.T.);
#6387=FACE_BOUND('',#5996,.T.);
#6388=FACE_BOUND('',#5997,.T.);
#6389=FACE_BOUND('',#5998,.T.);
#6390=FACE_BOUND('',#5999,.T.);
#6391=FACE_BOUND('',#6000,.T.);
#6392=FACE_BOUND('',#6001,.T.);
#6393=FACE_BOUND('',#6002,.T.);
#6394=FACE_BOUND('',#6003,.T.);
#6395=FACE_BOUND('',#6004,.T.);
#6396=FACE_BOUND('',#6005,.T.);
#6397=FACE_BOUND('',#6006,.T.);
#6398=FACE_BOUND('',#6007,.T.);
#6399=FACE_BOUND('',#6008,.T.);
#6400=FACE_BOUND('',#6009,.T.);
#6401=FACE_BOUND('',#6010,.T.);
#6402=FACE_BOUND('',#6011,.T.);
#6403=FACE_BOUND('',#6012,.T.);
#6404=FACE_BOUND('',#6013,.T.);
#6405=FACE_BOUND('',#6014,.T.);
#6406=FACE_BOUND('',#6015,.T.);
#6407=FACE_BOUND('',#6016,.T.);
#6408=FACE_BOUND('',#6017,.T.);
#6409=FACE_BOUND('',#6018,.T.);
#6410=FACE_BOUND('',#6019,.T.);
#6411=FACE_BOUND('',#6020,.T.);
#6412=FACE_BOUND('',#6021,.T.);
#6413=FACE_BOUND('',#6022,.T.);
#6414=FACE_BOUND('',#6023,.T.);
#6415=FACE_BOUND('',#6024,.T.);
#6416=FACE_BOUND('',#6025,.T.);
#6417=FACE_BOUND('',#6026,.T.);
#6418=FACE_BOUND('',#6027,.T.);
#6419=FACE_BOUND('',#6028,.T.);
#6420=FACE_BOUND('',#6029,.T.);
#6421=FACE_BOUND('',#6030,.T.);
#6422=FACE_BOUND('',#6031,.T.);
#6423=FACE_BOUND('',#6032,.T.);
#6424=FACE_BOUND('',#6033,.T.);
#6425=FACE_BOUND('',#6034,.T.);
#6426=FACE_BOUND('',#6035,.T.);
#6427=FACE_BOUND('',#6036,.T.);
#6428=FACE_BOUND('',#6037,.T.);
#6429=FACE_BOUND('',#6038,.T.);
#6430=FACE_BOUND('',#6039,.T.);
#6431=FACE_BOUND('',#6040,.T.);
#6432=FACE_BOUND('',#6041,.T.);
#6433=FACE_BOUND('',#6042,.T.);
#6434=FACE_BOUND('',#6043,.T.);
#6435=FACE_BOUND('',#6044,.T.);
#6436=FACE_BOUND('',#6045,.T.);
#6437=FACE_BOUND('',#6046,.T.);
#6438=FACE_BOUND('',#6047,.T.);
#6439=FACE_BOUND('',#6048,.T.);
#6440=FACE_BOUND('',#6049,.T.);
#6441=FACE_BOUND('',#6050,.T.);
#6442=FACE_BOUND('',#6051,.T.);
#6443=FACE_BOUND('',#6052,.T.);
#6444=FACE_BOUND('',#6053,.T.);
#6445=FACE_BOUND('',#6054,.T.);
#6446=FACE_BOUND('',#6055,.T.);
#6447=FACE_BOUND('',#6056,.T.);
#6448=FACE_BOUND('',#6057,.T.);
#6449=FACE_BOUND('',#6058,.T.);
#6450=FACE_BOUND('',#6059,.T.);
#6451=FACE_BOUND('',#6060,.T.);
#6452=FACE_BOUND('',#6061,.T.);
#6453=FACE_BOUND('',#6062,.T.);
#6454=FACE_BOUND('',#6063,.T.);
#6455=FACE_BOUND('',#6064,.T.);
#6456=FACE_BOUND('',#6065,.T.);
#6457=FACE_BOUND('',#6066,.T.);
#6458=FACE_BOUND('',#6067,.T.);
#6459=FACE_BOUND('',#6068,.T.);
#6460=FACE_BOUND('',#6069,.T.);
#6461=FACE_BOUND('',#6070,.T.);
#6462=FACE_BOUND('',#6071,.T.);
#6463=FACE_BOUND('',#6072,.T.);
#6464=FACE_BOUND('',#6073,.T.);
#6465=FACE_BOUND('',#6074,.T.);
#6466=FACE_BOUND('',#6075,.T.);
#6467=FACE_BOUND('',#6076,.T.);
#6468=FACE_BOUND('',#6077,.T.);
#6469=FACE_BOUND('',#6078,.T.);
#6470=FACE_BOUND('',#6079,.T.);
#6471=FACE_BOUND('',#6080,.T.);
#6472=FACE_BOUND('',#6081,.T.);
#6473=FACE_BOUND('',#6082,.T.);
#6474=FACE_BOUND('',#6083,.T.);
#6475=FACE_BOUND('',#6084,.T.);
#6476=FACE_BOUND('',#6085,.T.);
#6477=FACE_BOUND('',#6086,.T.);
#6478=B_SPLINE_SURFACE_WITH_KNOTS('',1,1,((#11116,#11117),(#11118,#11119)),
 .PLANE_SURF.,.F.,.F.,.F.,(2,2),(2,2),(0.,1.),(0.,1.),.UNSPECIFIED.);
#6479=B_SPLINE_SURFACE_WITH_KNOTS('',1,1,((#11128,#11129),(#11130,#11131)),
 .PLANE_SURF.,.F.,.F.,.F.,(2,2),(2,2),(0.,1.),(0.,1.),.UNSPECIFIED.);
#6480=B_SPLINE_SURFACE_WITH_KNOTS('',1,1,((#11137,#11138),(#11139,#11140)),
 .PLANE_SURF.,.F.,.F.,.F.,(2,2),(2,2),(0.,1.),(0.,1.),.UNSPECIFIED.);
#6481=B_SPLINE_SURFACE_WITH_KNOTS('',1,1,((#11146,#11147),(#11148,#11149)),
 .PLANE_SURF.,.F.,.F.,.F.,(2,2),(2,2),(0.,1.),(0.,1.),.UNSPECIFIED.);
#6482=B_SPLINE_SURFACE_WITH_KNOTS('',1,1,((#11155,#11156),(#11157,#11158)),
 .PLANE_SURF.,.F.,.F.,.F.,(2,2),(2,2),(0.,1.),(0.,1.),.UNSPECIFIED.);
#6483=B_SPLINE_SURFACE_WITH_KNOTS('',1,1,((#11164,#11165),(#11166,#11167)),
 .PLANE_SURF.,.F.,.F.,.F.,(2,2),(2,2),(0.,1.),(0.,1.),.UNSPECIFIED.);
#6484=B_SPLINE_SURFACE_WITH_KNOTS('',1,1,((#11173,#11174),(#11175,#11176)),
 .PLANE_SURF.,.F.,.F.,.F.,(2,2),(2,2),(0.,1.),(0.,1.),.UNSPECIFIED.);
#6485=B_SPLINE_SURFACE_WITH_KNOTS('',1,1,((#11179,#11180),(#11181,#11182)),
 .PLANE_SURF.,.F.,.F.,.F.,(2,2),(2,2),(0.,1.),(0.,1.),.UNSPECIFIED.);
#6486=B_SPLINE_SURFACE_WITH_KNOTS('',1,1,((#11183,#11184),(#11185,#11186)),
 .PLANE_SURF.,.F.,.F.,.F.,(2,2),(2,2),(0.,1.),(0.,1.),.UNSPECIFIED.);
#6487=B_SPLINE_SURFACE_WITH_KNOTS('',1,1,((#11188,#11189),(#11190,#11191)),
 .PLANE_SURF.,.F.,.F.,.F.,(2,2),(2,2),(0.,1.),(0.,1.),.UNSPECIFIED.);
#6488=B_SPLINE_SURFACE_WITH_KNOTS('',1,1,((#11217,#11218),(#11219,#11220)),
 .PLANE_SURF.,.F.,.F.,.F.,(2,2),(2,2),(0.,1.),(0.,1.),.UNSPECIFIED.);
#6489=B_SPLINE_SURFACE_WITH_KNOTS('',1,1,((#11230,#11231),(#11232,#11233)),
 .PLANE_SURF.,.F.,.F.,.F.,(2,2),(2,2),(0.,1.),(0.,1.),.UNSPECIFIED.);
#6490=B_SPLINE_SURFACE_WITH_KNOTS('',1,1,((#11244,#11245),(#11246,#11247)),
 .PLANE_SURF.,.F.,.F.,.F.,(2,2),(2,2),(0.,1.),(0.,1.),.UNSPECIFIED.);
#6491=B_SPLINE_SURFACE_WITH_KNOTS('',1,1,((#11274,#11275),(#11276,#11277)),
 .PLANE_SURF.,.F.,.F.,.F.,(2,2),(2,2),(0.,1.),(0.,1.),.UNSPECIFIED.);
#6492=B_SPLINE_SURFACE_WITH_KNOTS('',1,1,((#11302,#11303),(#11304,#11305)),
 .PLANE_SURF.,.F.,.F.,.F.,(2,2),(2,2),(0.,1.),(0.,1.),.UNSPECIFIED.);
#6493=B_SPLINE_SURFACE_WITH_KNOTS('',1,1,((#11343,#11344),(#11345,#11346)),
 .PLANE_SURF.,.F.,.F.,.F.,(2,2),(2,2),(0.,1.),(0.,1.),.UNSPECIFIED.);
#6494=B_SPLINE_SURFACE_WITH_KNOTS('',1,1,((#11367,#11368),(#11369,#11370)),
 .PLANE_SURF.,.F.,.F.,.F.,(2,2),(2,2),(0.,1.),(0.,1.),.UNSPECIFIED.);
#6495=B_SPLINE_SURFACE_WITH_KNOTS('',1,1,((#11403,#11404),(#11405,#11406)),
 .PLANE_SURF.,.F.,.F.,.F.,(2,2),(2,2),(0.,1.),(0.,1.),.UNSPECIFIED.);
#6496=B_SPLINE_SURFACE_WITH_KNOTS('',1,1,((#11426,#11427),(#11428,#11429)),
 .PLANE_SURF.,.F.,.F.,.F.,(2,2),(2,2),(0.,1.),(0.,1.),.UNSPECIFIED.);
#6497=B_SPLINE_SURFACE_WITH_KNOTS('',1,1,((#11461,#11462),(#11463,#11464)),
 .PLANE_SURF.,.F.,.F.,.F.,(2,2),(2,2),(0.,1.),(0.,1.),.UNSPECIFIED.);
#6498=B_SPLINE_SURFACE_WITH_KNOTS('',1,1,((#11487,#11488),(#11489,#11490)),
 .PLANE_SURF.,.F.,.F.,.F.,(2,2),(2,2),(0.,1.),(0.,1.),.UNSPECIFIED.);
#6499=B_SPLINE_SURFACE_WITH_KNOTS('',1,1,((#11510,#11511),(#11512,#11513)),
 .PLANE_SURF.,.F.,.F.,.F.,(2,2),(2,2),(0.,1.),(0.,1.),.UNSPECIFIED.);
#6500=B_SPLINE_SURFACE_WITH_KNOTS('',1,1,((#11514,#11515),(#11516,#11517)),
 .PLANE_SURF.,.F.,.F.,.F.,(2,2),(2,2),(0.,1.),(0.,1.),.UNSPECIFIED.);
#6501=B_SPLINE_SURFACE_WITH_KNOTS('',1,1,((#11546,#11547),(#11548,#11549)),
 .PLANE_SURF.,.F.,.F.,.F.,(2,2),(2,2),(0.,1.),(0.,1.),.UNSPECIFIED.);
#6502=B_SPLINE_SURFACE_WITH_KNOTS('',1,1,((#11565,#11566),(#11567,#11568)),
 .PLANE_SURF.,.F.,.F.,.F.,(2,2),(2,2),(0.,1.),(0.,1.),.UNSPECIFIED.);
#6503=B_SPLINE_SURFACE_WITH_KNOTS('',1,1,((#11588,#11589),(#11590,#11591)),
 .PLANE_SURF.,.F.,.F.,.F.,(2,2),(2,2),(0.,1.),(0.,1.),.UNSPECIFIED.);
#6504=B_SPLINE_SURFACE_WITH_KNOTS('',1,1,((#11610,#11611),(#11612,#11613)),
 .PLANE_SURF.,.F.,.F.,.F.,(2,2),(2,2),(0.,1.),(0.,1.),.UNSPECIFIED.);
#6505=B_SPLINE_SURFACE_WITH_KNOTS('',1,1,((#11655,#11656),(#11657,#11658)),
 .PLANE_SURF.,.F.,.F.,.F.,(2,2),(2,2),(0.,1.),(0.,1.),.UNSPECIFIED.);
#6506=B_SPLINE_SURFACE_WITH_KNOTS('',1,1,((#11681,#11682),(#11683,#11684)),
 .PLANE_SURF.,.F.,.F.,.F.,(2,2),(2,2),(0.,1.),(0.,1.),.UNSPECIFIED.);
#6507=B_SPLINE_SURFACE_WITH_KNOTS('',1,1,((#11688,#11689),(#11690,#11691)),
 .PLANE_SURF.,.F.,.F.,.F.,(2,2),(2,2),(0.,1.),(0.,1.),.UNSPECIFIED.);
#6508=B_SPLINE_SURFACE_WITH_KNOTS('',1,1,((#11708,#11709),(#11710,#11711)),
 .PLANE_SURF.,.F.,.F.,.F.,(2,2),(2,2),(0.,1.),(0.,1.),.UNSPECIFIED.);
#6509=B_SPLINE_SURFACE_WITH_KNOTS('',1,1,((#11722,#11723),(#11724,#11725)),
 .PLANE_SURF.,.F.,.F.,.F.,(2,2),(2,2),(0.,1.),(0.,1.),.UNSPECIFIED.);
#6510=B_SPLINE_SURFACE_WITH_KNOTS('',1,1,((#11781,#11782),(#11783,#11784)),
 .PLANE_SURF.,.F.,.F.,.F.,(2,2),(2,2),(0.,1.),(0.,1.),.UNSPECIFIED.);
#6511=B_SPLINE_SURFACE_WITH_KNOTS('',1,1,((#11798,#11799),(#11800,#11801)),
 .PLANE_SURF.,.F.,.F.,.F.,(2,2),(2,2),(0.,1.),(0.,1.),.UNSPECIFIED.);
#6512=B_SPLINE_SURFACE_WITH_KNOTS('',1,1,((#11839,#11840),(#11841,#11842)),
 .PLANE_SURF.,.F.,.F.,.F.,(2,2),(2,2),(0.,1.),(0.,1.),.UNSPECIFIED.);
#6513=B_SPLINE_SURFACE_WITH_KNOTS('',1,1,((#11867,#11868),(#11869,#11870)),
 .PLANE_SURF.,.F.,.F.,.F.,(2,2),(2,2),(0.,1.),(0.,1.),.UNSPECIFIED.);
#6514=B_SPLINE_SURFACE_WITH_KNOTS('',1,1,((#11874,#11875),(#11876,#11877)),
 .PLANE_SURF.,.F.,.F.,.F.,(2,2),(2,2),(0.,1.),(0.,1.),.UNSPECIFIED.);
#6515=B_SPLINE_SURFACE_WITH_KNOTS('',1,1,((#11919,#11920),(#11921,#11922)),
 .PLANE_SURF.,.F.,.F.,.F.,(2,2),(2,2),(0.,1.),(0.,1.),.UNSPECIFIED.);
#6516=B_SPLINE_SURFACE_WITH_KNOTS('',1,1,((#11941,#11942),(#11943,#11944)),
 .PLANE_SURF.,.F.,.F.,.F.,(2,2),(2,2),(0.,1.),(0.,1.),.UNSPECIFIED.);
#6517=B_SPLINE_SURFACE_WITH_KNOTS('',1,1,((#11973,#11974),(#11975,#11976)),
 .PLANE_SURF.,.F.,.F.,.F.,(2,2),(2,2),(0.,1.),(0.,1.),.UNSPECIFIED.);
#6518=B_SPLINE_SURFACE_WITH_KNOTS('',1,1,((#11997,#11998),(#11999,#12000)),
 .PLANE_SURF.,.F.,.F.,.F.,(2,2),(2,2),(0.,1.),(0.,1.),.UNSPECIFIED.);
#6519=B_SPLINE_SURFACE_WITH_KNOTS('',1,1,((#12005,#12006),(#12007,#12008)),
 .PLANE_SURF.,.F.,.F.,.F.,(2,2),(2,2),(0.,1.),(0.,1.),.UNSPECIFIED.);
#6520=B_SPLINE_SURFACE_WITH_KNOTS('',1,1,((#12020,#12021),(#12022,#12023)),
 .PLANE_SURF.,.F.,.F.,.F.,(2,2),(2,2),(0.,1.),(0.,1.),.UNSPECIFIED.);
#6521=B_SPLINE_SURFACE_WITH_KNOTS('',1,1,((#12038,#12039),(#12040,#12041)),
 .PLANE_SURF.,.F.,.F.,.F.,(2,2),(2,2),(0.,1.),(0.,1.),.UNSPECIFIED.);
#6522=B_SPLINE_SURFACE_WITH_KNOTS('',1,1,((#12060,#12061),(#12062,#12063)),
 .PLANE_SURF.,.F.,.F.,.F.,(2,2),(2,2),(0.,1.),(0.,1.),.UNSPECIFIED.);
#6523=B_SPLINE_SURFACE_WITH_KNOTS('',1,1,((#12073,#12074),(#12075,#12076)),
 .PLANE_SURF.,.F.,.F.,.F.,(2,2),(2,2),(0.,1.),(0.,1.),.UNSPECIFIED.);
#6524=B_SPLINE_SURFACE_WITH_KNOTS('',1,1,((#12107,#12108),(#12109,#12110)),
 .PLANE_SURF.,.F.,.F.,.F.,(2,2),(2,2),(0.,1.),(0.,1.),.UNSPECIFIED.);
#6525=B_SPLINE_SURFACE_WITH_KNOTS('',1,1,((#12118,#12119),(#12120,#12121)),
 .PLANE_SURF.,.F.,.F.,.F.,(2,2),(2,2),(0.,1.),(0.,1.),.UNSPECIFIED.);
#6526=B_SPLINE_SURFACE_WITH_KNOTS('',1,1,((#12125,#12126),(#12127,#12128)),
 .PLANE_SURF.,.F.,.F.,.F.,(2,2),(2,2),(0.,1.),(0.,1.),.UNSPECIFIED.);
#6527=B_SPLINE_SURFACE_WITH_KNOTS('',1,1,((#12154,#12155),(#12156,#12157)),
 .PLANE_SURF.,.F.,.F.,.F.,(2,2),(2,2),(0.,1.),(0.,1.),.UNSPECIFIED.);
#6528=B_SPLINE_SURFACE_WITH_KNOTS('',1,1,((#12184,#12185),(#12186,#12187)),
 .PLANE_SURF.,.F.,.F.,.F.,(2,2),(2,2),(0.,1.),(0.,1.),.UNSPECIFIED.);
#6529=B_SPLINE_SURFACE_WITH_KNOTS('',1,1,((#12204,#12205),(#12206,#12207)),
 .PLANE_SURF.,.F.,.F.,.F.,(2,2),(2,2),(0.,1.),(0.,1.),.UNSPECIFIED.);
#6530=B_SPLINE_SURFACE_WITH_KNOTS('',1,1,((#12218,#12219),(#12220,#12221)),
 .PLANE_SURF.,.F.,.F.,.F.,(2,2),(2,2),(0.,1.),(0.,1.),.UNSPECIFIED.);
#6531=B_SPLINE_SURFACE_WITH_KNOTS('',1,1,((#12265,#12266),(#12267,#12268)),
 .PLANE_SURF.,.F.,.F.,.F.,(2,2),(2,2),(0.,1.),(0.,1.),.UNSPECIFIED.);
#6532=B_SPLINE_SURFACE_WITH_KNOTS('',1,1,((#12291,#12292),(#12293,#12294)),
 .PLANE_SURF.,.F.,.F.,.F.,(2,2),(2,2),(0.,1.),(0.,1.),.UNSPECIFIED.);
#6533=B_SPLINE_SURFACE_WITH_KNOTS('',1,1,((#12315,#12316),(#12317,#12318)),
 .PLANE_SURF.,.F.,.F.,.F.,(2,2),(2,2),(0.,1.),(0.,1.),.UNSPECIFIED.);
#6534=B_SPLINE_SURFACE_WITH_KNOTS('',1,1,((#12321,#12322),(#12323,#12324)),
 .PLANE_SURF.,.F.,.F.,.F.,(2,2),(2,2),(0.,1.),(0.,1.),.UNSPECIFIED.);
#6535=B_SPLINE_SURFACE_WITH_KNOTS('',1,1,((#12325,#12326),(#12327,#12328)),
 .PLANE_SURF.,.F.,.F.,.F.,(2,2),(2,2),(0.,1.),(0.,1.),.UNSPECIFIED.);
#6536=B_SPLINE_SURFACE_WITH_KNOTS('',1,1,((#12345,#12346),(#12347,#12348)),
 .PLANE_SURF.,.F.,.F.,.F.,(2,2),(2,2),(0.,1.),(0.,1.),.UNSPECIFIED.);
#6537=B_SPLINE_SURFACE_WITH_KNOTS('',1,1,((#12399,#12400),(#12401,#12402)),
 .PLANE_SURF.,.F.,.F.,.F.,(2,2),(2,2),(0.,1.),(0.,1.),.UNSPECIFIED.);
#6538=B_SPLINE_SURFACE_WITH_KNOTS('',1,1,((#12412,#12413),(#12414,#12415)),
 .PLANE_SURF.,.F.,.F.,.F.,(2,2),(2,2),(0.,1.),(0.,1.),.UNSPECIFIED.);
#6539=B_SPLINE_SURFACE_WITH_KNOTS('',1,1,((#12480,#12481),(#12482,#12483)),
 .PLANE_SURF.,.F.,.F.,.F.,(2,2),(2,2),(0.,1.),(0.,1.),.UNSPECIFIED.);
#6540=B_SPLINE_SURFACE_WITH_KNOTS('',1,1,((#12498,#12499),(#12500,#12501)),
 .PLANE_SURF.,.F.,.F.,.F.,(2,2),(2,2),(0.,1.),(0.,1.),.UNSPECIFIED.);
#6541=B_SPLINE_SURFACE_WITH_KNOTS('',1,1,((#12516,#12517),(#12518,#12519)),
 .PLANE_SURF.,.F.,.F.,.F.,(2,2),(2,2),(0.,1.),(0.,1.),.UNSPECIFIED.);
#6542=B_SPLINE_SURFACE_WITH_KNOTS('',1,1,((#12534,#12535),(#12536,#12537)),
 .PLANE_SURF.,.F.,.F.,.F.,(2,2),(2,2),(0.,1.),(0.,1.),.UNSPECIFIED.);
#6543=B_SPLINE_SURFACE_WITH_KNOTS('',1,1,((#12539,#12540),(#12541,#12542)),
 .PLANE_SURF.,.F.,.F.,.F.,(2,2),(2,2),(0.,1.),(0.,1.),.UNSPECIFIED.);
#6544=B_SPLINE_SURFACE_WITH_KNOTS('',1,1,((#12551,#12552),(#12553,#12554)),
 .PLANE_SURF.,.F.,.F.,.F.,(2,2),(2,2),(0.,1.),(0.,1.),.UNSPECIFIED.);
#6545=B_SPLINE_SURFACE_WITH_KNOTS('',1,1,((#12560,#12561),(#12562,#12563)),
 .PLANE_SURF.,.F.,.F.,.F.,(2,2),(2,2),(0.,1.),(0.,1.),.UNSPECIFIED.);
#6546=B_SPLINE_SURFACE_WITH_KNOTS('',1,1,((#12567,#12568),(#12569,#12570)),
 .PLANE_SURF.,.F.,.F.,.F.,(2,2),(2,2),(0.,1.),(0.,1.),.UNSPECIFIED.);
#6547=B_SPLINE_SURFACE_WITH_KNOTS('',1,1,((#12574,#12575),(#12576,#12577)),
 .PLANE_SURF.,.F.,.F.,.F.,(2,2),(2,2),(0.,1.),(0.,1.),.UNSPECIFIED.);
#6548=B_SPLINE_SURFACE_WITH_KNOTS('',1,1,((#12579,#12580),(#12581,#12582)),
 .PLANE_SURF.,.F.,.F.,.F.,(2,2),(2,2),(0.,1.),(0.,1.),.UNSPECIFIED.);
#6549=B_SPLINE_SURFACE_WITH_KNOTS('',1,1,((#12583,#12584),(#12585,#12586)),
 .PLANE_SURF.,.F.,.F.,.F.,(2,2),(2,2),(0.,1.),(0.,1.),.UNSPECIFIED.);
#6550=B_SPLINE_SURFACE_WITH_KNOTS('',1,1,((#12603,#12604),(#12605,#12606)),
 .PLANE_SURF.,.F.,.F.,.F.,(2,2),(2,2),(0.,1.),(0.,1.),.UNSPECIFIED.);
#6551=B_SPLINE_SURFACE_WITH_KNOTS('',1,1,((#12621,#12622),(#12623,#12624)),
 .PLANE_SURF.,.F.,.F.,.F.,(2,2),(2,2),(0.,1.),(0.,1.),.UNSPECIFIED.);
#6552=B_SPLINE_SURFACE_WITH_KNOTS('',1,1,((#12639,#12640),(#12641,#12642)),
 .PLANE_SURF.,.F.,.F.,.F.,(2,2),(2,2),(0.,1.),(0.,1.),.UNSPECIFIED.);
#6553=B_SPLINE_SURFACE_WITH_KNOTS('',1,1,((#12657,#12658),(#12659,#12660)),
 .PLANE_SURF.,.F.,.F.,.F.,(2,2),(2,2),(0.,1.),(0.,1.),.UNSPECIFIED.);
#6554=B_SPLINE_SURFACE_WITH_KNOTS('',1,1,((#12664,#12665),(#12666,#12667)),
 .PLANE_SURF.,.F.,.F.,.F.,(2,2),(2,2),(0.,1.),(0.,1.),.UNSPECIFIED.);
#6555=B_SPLINE_SURFACE_WITH_KNOTS('',1,1,((#12725,#12726),(#12727,#12728)),
 .PLANE_SURF.,.F.,.F.,.F.,(2,2),(2,2),(0.,1.),(0.,1.),.UNSPECIFIED.);
#6556=B_SPLINE_SURFACE_WITH_KNOTS('',1,1,((#12760,#12761),(#12762,#12763)),
 .PLANE_SURF.,.F.,.F.,.F.,(2,2),(2,2),(0.,1.),(0.,1.),.UNSPECIFIED.);
#6557=B_SPLINE_SURFACE_WITH_KNOTS('',1,1,((#12769,#12770),(#12771,#12772)),
 .PLANE_SURF.,.F.,.F.,.F.,(2,2),(2,2),(0.,1.),(0.,1.),.UNSPECIFIED.);
#6558=B_SPLINE_SURFACE_WITH_KNOTS('',3,3,((#12776,#12777,#12778,#12779,
#12780,#12781,#12782),(#12783,#12784,#12785,#12786,#12787,#12788,#12789),
(#12790,#12791,#12792,#12793,#12794,#12795,#12796),(#12797,#12798,#12799,
#12800,#12801,#12802,#12803),(#12804,#12805,#12806,#12807,#12808,#12809,
#12810),(#12811,#12812,#12813,#12814,#12815,#12816,#12817),(#12818,#12819,
#12820,#12821,#12822,#12823,#12824),(#12825,#12826,#12827,#12828,#12829,
#12830,#12831),(#12832,#12833,#12834,#12835,#12836,#12837,#12838),(#12839,
#12840,#12841,#12842,#12843,#12844,#12845)),.UNSPECIFIED.,.F.,.F.,.F.,(4,
3,3,4),(4,1,1,1,4),(-0.0102555196092813,-0.000252943677280918,1.00000464952276,
1.01010725121408),(-3.27325510406957E-7,0.4099884235627,0.8369274954544,
1.263866567346,1.67386738969655),.UNSPECIFIED.);
#6559=B_SPLINE_SURFACE_WITH_KNOTS('',3,3,((#12876,#12877,#12878,#12879,
#12880,#12881,#12882),(#12883,#12884,#12885,#12886,#12887,#12888,#12889),
(#12890,#12891,#12892,#12893,#12894,#12895,#12896),(#12897,#12898,#12899,
#12900,#12901,#12902,#12903),(#12904,#12905,#12906,#12907,#12908,#12909,
#12910),(#12911,#12912,#12913,#12914,#12915,#12916,#12917),(#12918,#12919,
#12920,#12921,#12922,#12923,#12924),(#12925,#12926,#12927,#12928,#12929,
#12930,#12931),(#12932,#12933,#12934,#12935,#12936,#12937,#12938),(#12939,
#12940,#12941,#12942,#12943,#12944,#12945)),.UNSPECIFIED.,.F.,.F.,.F.,(4,
3,3,4),(4,1,1,1,4),(-0.0100072254547588,-4.64952275834712E-6,1.00025294367729,
1.01035554536861),(-3.27325518764629E-7,0.4099884235627,0.8369274954544,
1.263866567346,1.67386738969655),.UNSPECIFIED.);
#6560=B_SPLINE_SURFACE_WITH_KNOTS('',1,1,((#12957,#12958),(#12959,#12960)),
 .PLANE_SURF.,.F.,.F.,.F.,(2,2),(2,2),(0.045454545454546,0.960000000000002),
(0.0454545453749769,0.959967481260826),.PIECEWISE_BEZIER_KNOTS.);
#6561=B_SPLINE_SURFACE_WITH_KNOTS('',1,1,((#12962,#12963),(#12964,#12965)),
 .PLANE_SURF.,.F.,.F.,.F.,(2,2),(2,2),(0.,1.),(0.,1.),.UNSPECIFIED.);
#6562=B_SPLINE_SURFACE_WITH_KNOTS('',1,1,((#12985,#12986),(#12987,#12988)),
 .PLANE_SURF.,.F.,.F.,.F.,(2,2),(2,2),(0.,1.),(0.,1.),.UNSPECIFIED.);
#6563=B_SPLINE_SURFACE_WITH_KNOTS('',1,1,((#12994,#12995),(#12996,#12997)),
 .PLANE_SURF.,.F.,.F.,.F.,(2,2),(2,2),(0.,1.),(0.,1.),.UNSPECIFIED.);
#6564=B_SPLINE_SURFACE_WITH_KNOTS('',1,1,((#13001,#13002),(#13003,#13004)),
 .PLANE_SURF.,.F.,.F.,.F.,(2,2),(2,2),(0.0454545454545447,0.960000000000001),
(0.0454545565241338,0.954545454479433),.PIECEWISE_BEZIER_KNOTS.);
#6565=B_SPLINE_SURFACE_WITH_KNOTS('',1,1,((#13008,#13009),(#13010,#13011)),
 .PLANE_SURF.,.F.,.F.,.F.,(2,2),(2,2),(0.0454545454545484,0.960000000000004),
(0.0454545454545458,0.954545454545457),.PIECEWISE_BEZIER_KNOTS.);
#6566=B_SPLINE_SURFACE_WITH_KNOTS('',1,1,((#13013,#13014),(#13015,#13016)),
 .PLANE_SURF.,.F.,.F.,.F.,(2,2),(2,2),(0.,1.),(0.,1.),.UNSPECIFIED.);
#6567=B_SPLINE_SURFACE_WITH_KNOTS('',1,1,((#13035,#13036),(#13037,#13038)),
 .PLANE_SURF.,.F.,.F.,.F.,(2,2),(2,2),(0.,1.),(0.,1.),.UNSPECIFIED.);
#6568=B_SPLINE_SURFACE_WITH_KNOTS('',1,1,((#13053,#13054),(#13055,#13056)),
 .PLANE_SURF.,.F.,.F.,.F.,(2,2),(2,2),(0.,1.),(0.,1.),.UNSPECIFIED.);
#6569=B_SPLINE_SURFACE_WITH_KNOTS('',1,1,((#13077,#13078),(#13079,#13080)),
 .PLANE_SURF.,.F.,.F.,.F.,(2,2),(2,2),(0.,1.),(0.,1.),.UNSPECIFIED.);
#6570=B_SPLINE_SURFACE_WITH_KNOTS('',1,1,((#13082,#13083),(#13084,#13085)),
 .PLANE_SURF.,.F.,.F.,.F.,(2,2),(2,2),(0.,1.),(0.,1.),.UNSPECIFIED.);
#6571=B_SPLINE_SURFACE_WITH_KNOTS('',1,1,((#13098,#13099),(#13100,#13101)),
 .PLANE_SURF.,.F.,.F.,.F.,(2,2),(2,2),(0.,1.),(0.,1.),.UNSPECIFIED.);
#6572=B_SPLINE_SURFACE_WITH_KNOTS('',1,1,((#13111,#13112),(#13113,#13114)),
 .PLANE_SURF.,.F.,.F.,.F.,(2,2),(2,2),(0.,1.),(0.,1.),.UNSPECIFIED.);
#6573=B_SPLINE_SURFACE_WITH_KNOTS('',1,1,((#13178,#13179),(#13180,#13181)),
 .PLANE_SURF.,.F.,.F.,.F.,(2,2),(2,2),(0.,1.),(0.,1.),.UNSPECIFIED.);
#6574=B_SPLINE_SURFACE_WITH_KNOTS('',1,1,((#13208,#13209),(#13210,#13211)),
 .PLANE_SURF.,.F.,.F.,.F.,(2,2),(2,2),(0.,1.),(0.,1.),.UNSPECIFIED.);
#6575=B_SPLINE_SURFACE_WITH_KNOTS('',1,1,((#13223,#13224),(#13225,#13226)),
 .PLANE_SURF.,.F.,.F.,.F.,(2,2),(2,2),(0.,1.),(0.,1.),.UNSPECIFIED.);
#6576=B_SPLINE_SURFACE_WITH_KNOTS('',1,1,((#13237,#13238),(#13239,#13240)),
 .PLANE_SURF.,.F.,.F.,.F.,(2,2),(2,2),(0.,1.),(0.,1.),.UNSPECIFIED.);
#6577=B_SPLINE_SURFACE_WITH_KNOTS('',1,1,((#13251,#13252),(#13253,#13254)),
 .PLANE_SURF.,.F.,.F.,.F.,(2,2),(2,2),(0.,1.),(0.,1.),.UNSPECIFIED.);
#6578=B_SPLINE_SURFACE_WITH_KNOTS('',1,1,((#13265,#13266),(#13267,#13268)),
 .PLANE_SURF.,.F.,.F.,.F.,(2,2),(2,2),(0.,1.),(0.,1.),.UNSPECIFIED.);
#6579=B_SPLINE_SURFACE_WITH_KNOTS('',1,1,((#13331,#13332),(#13333,#13334)),
 .PLANE_SURF.,.F.,.F.,.F.,(2,2),(2,2),(0.,1.),(0.,1.),.UNSPECIFIED.);
#6580=B_SPLINE_SURFACE_WITH_KNOTS('',1,1,((#13342,#13343),(#13344,#13345)),
 .PLANE_SURF.,.F.,.F.,.F.,(2,2),(2,2),(0.,1.),(0.,1.),.UNSPECIFIED.);
#6581=B_SPLINE_SURFACE_WITH_KNOTS('',3,3,((#13349,#13350,#13351,#13352,
#13353,#13354,#13355),(#13356,#13357,#13358,#13359,#13360,#13361,#13362),
(#13363,#13364,#13365,#13366,#13367,#13368,#13369),(#13370,#13371,#13372,
#13373,#13374,#13375,#13376),(#13377,#13378,#13379,#13380,#13381,#13382,
#13383),(#13384,#13385,#13386,#13387,#13388,#13389,#13390),(#13391,#13392,
#13393,#13394,#13395,#13396,#13397),(#13398,#13399,#13400,#13401,#13402,
#13403,#13404),(#13405,#13406,#13407,#13408,#13409,#13410,#13411),(#13412,
#13413,#13414,#13415,#13416,#13417,#13418)),.UNSPECIFIED.,.F.,.F.,.F.,(4,
3,3,4),(4,1,1,1,4),(-0.0102555196092813,-0.000252943677280918,1.00000464952276,
1.01010725121408),(-3.27325510406957E-7,0.4099884235627,0.8369274954544,
1.263866567346,1.67386738969655),.UNSPECIFIED.);
#6582=B_SPLINE_SURFACE_WITH_KNOTS('',3,3,((#13449,#13450,#13451,#13452,
#13453,#13454,#13455),(#13456,#13457,#13458,#13459,#13460,#13461,#13462),
(#13463,#13464,#13465,#13466,#13467,#13468,#13469),(#13470,#13471,#13472,
#13473,#13474,#13475,#13476),(#13477,#13478,#13479,#13480,#13481,#13482,
#13483),(#13484,#13485,#13486,#13487,#13488,#13489,#13490),(#13491,#13492,
#13493,#13494,#13495,#13496,#13497),(#13498,#13499,#13500,#13501,#13502,
#13503,#13504),(#13505,#13506,#13507,#13508,#13509,#13510,#13511),(#13512,
#13513,#13514,#13515,#13516,#13517,#13518)),.UNSPECIFIED.,.F.,.F.,.F.,(4,
3,3,4),(4,1,1,1,4),(-0.0100072254547571,-4.64952275673314E-6,1.00025294367728,
1.0103555453686),(-3.27325509567455E-7,0.4099884235627,0.8369274954544,
1.263866567346,1.67386738969655),.UNSPECIFIED.);
#6583=B_SPLINE_SURFACE_WITH_KNOTS('',1,1,((#13530,#13531),(#13532,#13533)),
 .PLANE_SURF.,.F.,.F.,.F.,(2,2),(2,2),(0.0399999999999993,0.954545454545453),
(0.0454545453749769,0.959967481260826),.PIECEWISE_BEZIER_KNOTS.);
#6584=B_SPLINE_SURFACE_WITH_KNOTS('',1,1,((#13560,#13561),(#13562,#13563)),
 .PLANE_SURF.,.F.,.F.,.F.,(2,2),(2,2),(0.,1.),(0.,1.),.UNSPECIFIED.);
#6585=B_SPLINE_SURFACE_WITH_KNOTS('',1,1,((#13574,#13575),(#13576,#13577)),
 .PLANE_SURF.,.F.,.F.,.F.,(2,2),(2,2),(0.,1.),(0.,1.),.UNSPECIFIED.);
#6586=B_SPLINE_SURFACE_WITH_KNOTS('',1,1,((#13583,#13584),(#13585,#13586)),
 .PLANE_SURF.,.F.,.F.,.F.,(2,2),(2,2),(0.,1.),(0.,1.),.UNSPECIFIED.);
#6587=B_SPLINE_SURFACE_WITH_KNOTS('',1,1,((#13590,#13591),(#13592,#13593)),
 .PLANE_SURF.,.F.,.F.,.F.,(2,2),(2,2),(0.0399999999999992,0.954545454545455),
(0.0454545455205668,0.954545443475866),.PIECEWISE_BEZIER_KNOTS.);
#6588=B_SPLINE_SURFACE_WITH_KNOTS('',1,1,((#13597,#13598),(#13599,#13600)),
 .PLANE_SURF.,.F.,.F.,.F.,(2,2),(2,2),(0.0399999999999963,0.954545454545452),
(0.0454545454545433,0.954545454545457),.PIECEWISE_BEZIER_KNOTS.);
#6589=B_SPLINE_SURFACE_WITH_KNOTS('',1,1,((#13602,#13603),(#13604,#13605)),
 .PLANE_SURF.,.F.,.F.,.F.,(2,2),(2,2),(0.,1.),(0.,1.),.UNSPECIFIED.);
#6590=B_SPLINE_SURFACE_WITH_KNOTS('',1,1,((#13629,#13630),(#13631,#13632)),
 .PLANE_SURF.,.F.,.F.,.F.,(2,2),(2,2),(0.,1.),(0.,1.),.UNSPECIFIED.);
#6591=B_SPLINE_SURFACE_WITH_KNOTS('',1,1,((#13672,#13673),(#13674,#13675)),
 .PLANE_SURF.,.F.,.F.,.F.,(2,2),(2,2),(0.,1.),(0.,1.),.UNSPECIFIED.);
#6592=B_SPLINE_SURFACE_WITH_KNOTS('',1,1,((#13696,#13697),(#13698,#13699)),
 .PLANE_SURF.,.F.,.F.,.F.,(2,2),(2,2),(0.,1.),(0.,1.),.UNSPECIFIED.);
#6593=B_SPLINE_SURFACE_WITH_KNOTS('',1,1,((#13704,#13705),(#13706,#13707)),
 .PLANE_SURF.,.F.,.F.,.F.,(2,2),(2,2),(0.,1.),(0.,1.),.UNSPECIFIED.);
#6594=B_SPLINE_SURFACE_WITH_KNOTS('',1,1,((#13717,#13718),(#13719,#13720)),
 .PLANE_SURF.,.F.,.F.,.F.,(2,2),(2,2),(0.,1.),(0.,1.),.UNSPECIFIED.);
#6595=B_SPLINE_SURFACE_WITH_KNOTS('',1,1,((#13746,#13747),(#13748,#13749)),
 .PLANE_SURF.,.F.,.F.,.F.,(2,2),(2,2),(0.,1.),(0.,1.),.UNSPECIFIED.);
#6596=B_SPLINE_SURFACE_WITH_KNOTS('',1,1,((#13760,#13761),(#13762,#13763)),
 .PLANE_SURF.,.F.,.F.,.F.,(2,2),(2,2),(0.,1.),(0.,1.),.UNSPECIFIED.);
#6597=B_SPLINE_SURFACE_WITH_KNOTS('',1,1,((#13784,#13785),(#13786,#13787)),
 .PLANE_SURF.,.F.,.F.,.F.,(2,2),(2,2),(0.,1.),(0.,1.),.UNSPECIFIED.);
#6598=B_SPLINE_SURFACE_WITH_KNOTS('',1,1,((#13807,#13808),(#13809,#13810)),
 .PLANE_SURF.,.F.,.F.,.F.,(2,2),(2,2),(0.,1.),(0.,1.),.UNSPECIFIED.);
#6599=B_SPLINE_SURFACE_WITH_KNOTS('',1,1,((#13828,#13829),(#13830,#13831)),
 .PLANE_SURF.,.F.,.F.,.F.,(2,2),(2,2),(0.,1.),(0.,1.),.UNSPECIFIED.);
#6600=B_SPLINE_SURFACE_WITH_KNOTS('',1,1,((#13837,#13838),(#13839,#13840)),
 .PLANE_SURF.,.F.,.F.,.F.,(2,2),(2,2),(0.,1.),(0.,1.),.UNSPECIFIED.);
#6601=B_SPLINE_SURFACE_WITH_KNOTS('',1,1,((#13857,#13858),(#13859,#13860)),
 .PLANE_SURF.,.F.,.F.,.F.,(2,2),(2,2),(0.,1.),(0.,1.),.UNSPECIFIED.);
#6602=B_SPLINE_SURFACE_WITH_KNOTS('',1,1,((#13862,#13863),(#13864,#13865)),
 .PLANE_SURF.,.F.,.F.,.F.,(2,2),(2,2),(0.0454545454545354,0.955529850195429),
(0.0454545454545456,0.954545454545454),.PIECEWISE_BEZIER_KNOTS.);
#6603=B_SPLINE_SURFACE_WITH_KNOTS('',1,1,((#13866,#13867),(#13868,#13869)),
 .PLANE_SURF.,.F.,.F.,.F.,(2,2),(2,2),(0.04,0.954545454545454),(0.04,0.96),
 .PIECEWISE_BEZIER_KNOTS.);
#6604=B_SPLINE_SURFACE_WITH_KNOTS('',1,1,((#13944,#13945),(#13946,#13947)),
 .PLANE_SURF.,.F.,.F.,.F.,(2,2),(2,2),(0.,1.),(0.,1.),.UNSPECIFIED.);
#6605=B_SPLINE_SURFACE_WITH_KNOTS('',1,1,((#13949,#13950),(#13951,#13952)),
 .PLANE_SURF.,.F.,.F.,.F.,(2,2),(2,2),(0.,1.),(0.,1.),.UNSPECIFIED.);
#6606=B_SPLINE_SURFACE_WITH_KNOTS('',1,1,((#13953,#13954),(#13955,#13956)),
 .PLANE_SURF.,.F.,.F.,.F.,(2,2),(2,2),(0.,1.),(0.,1.),.UNSPECIFIED.);
#6607=B_SPLINE_SURFACE_WITH_KNOTS('',1,1,((#13963,#13964),(#13965,#13966)),
 .PLANE_SURF.,.F.,.F.,.F.,(2,2),(2,2),(0.,1.),(0.,1.),.UNSPECIFIED.);
#6608=B_SPLINE_SURFACE_WITH_KNOTS('',1,1,((#13970,#13971),(#13972,#13973)),
 .PLANE_SURF.,.F.,.F.,.F.,(2,2),(2,2),(0.,1.),(0.,1.),.UNSPECIFIED.);
#6609=B_SPLINE_SURFACE_WITH_KNOTS('',1,1,((#13978,#13979),(#13980,#13981)),
 .PLANE_SURF.,.F.,.F.,.F.,(2,2),(2,2),(0.,1.),(0.,1.),.UNSPECIFIED.);
#6610=B_SPLINE_SURFACE_WITH_KNOTS('',1,1,((#13999,#14000),(#14001,#14002)),
 .PLANE_SURF.,.F.,.F.,.F.,(2,2),(2,2),(0.,1.),(0.,1.),.UNSPECIFIED.);
#6611=B_SPLINE_SURFACE_WITH_KNOTS('',1,1,((#14009,#14010),(#14011,#14012)),
 .PLANE_SURF.,.F.,.F.,.F.,(2,2),(2,2),(0.,1.),(0.,1.),.UNSPECIFIED.);
#6612=B_SPLINE_SURFACE_WITH_KNOTS('',1,1,((#14016,#14017),(#14018,#14019)),
 .PLANE_SURF.,.F.,.F.,.F.,(2,2),(2,2),(0.,1.),(0.,1.),.UNSPECIFIED.);
#6613=B_SPLINE_SURFACE_WITH_KNOTS('',1,1,((#14024,#14025),(#14026,#14027)),
 .PLANE_SURF.,.F.,.F.,.F.,(2,2),(2,2),(0.,1.),(0.,1.),.UNSPECIFIED.);
#6614=B_SPLINE_SURFACE_WITH_KNOTS('',1,1,((#14045,#14046),(#14047,#14048)),
 .PLANE_SURF.,.F.,.F.,.F.,(2,2),(2,2),(0.,1.),(0.,1.),.UNSPECIFIED.);
#6615=B_SPLINE_SURFACE_WITH_KNOTS('',1,1,((#14055,#14056),(#14057,#14058)),
 .PLANE_SURF.,.F.,.F.,.F.,(2,2),(2,2),(0.,1.),(0.,1.),.UNSPECIFIED.);
#6616=B_SPLINE_SURFACE_WITH_KNOTS('',1,1,((#14062,#14063),(#14064,#14065)),
 .PLANE_SURF.,.F.,.F.,.F.,(2,2),(2,2),(0.,1.),(0.,1.),.UNSPECIFIED.);
#6617=B_SPLINE_SURFACE_WITH_KNOTS('',1,1,((#14070,#14071),(#14072,#14073)),
 .PLANE_SURF.,.F.,.F.,.F.,(2,2),(2,2),(0.,1.),(0.,1.),.UNSPECIFIED.);
#6618=B_SPLINE_SURFACE_WITH_KNOTS('',1,1,((#14091,#14092),(#14093,#14094)),
 .PLANE_SURF.,.F.,.F.,.F.,(2,2),(2,2),(0.,1.),(0.,1.),.UNSPECIFIED.);
#6619=B_SPLINE_SURFACE_WITH_KNOTS('',1,1,((#14101,#14102),(#14103,#14104)),
 .PLANE_SURF.,.F.,.F.,.F.,(2,2),(2,2),(0.,1.),(0.,1.),.UNSPECIFIED.);
#6620=B_SPLINE_SURFACE_WITH_KNOTS('',1,1,((#14108,#14109),(#14110,#14111)),
 .PLANE_SURF.,.F.,.F.,.F.,(2,2),(2,2),(0.,1.),(0.,1.),.UNSPECIFIED.);
#6621=B_SPLINE_SURFACE_WITH_KNOTS('',1,1,((#14116,#14117),(#14118,#14119)),
 .PLANE_SURF.,.F.,.F.,.F.,(2,2),(2,2),(0.,1.),(0.,1.),.UNSPECIFIED.);
#6622=B_SPLINE_SURFACE_WITH_KNOTS('',1,1,((#14137,#14138),(#14139,#14140)),
 .PLANE_SURF.,.F.,.F.,.F.,(2,2),(2,2),(0.0444701498045806,0.954545454545453),
(0.0454545454545455,0.954545454545455),.PIECEWISE_BEZIER_KNOTS.);
#6623=B_SPLINE_SURFACE_WITH_KNOTS('',1,1,((#14146,#14147),(#14148,#14149)),
 .PLANE_SURF.,.F.,.F.,.F.,(2,2),(2,2),(0.,1.),(0.,1.),.UNSPECIFIED.);
#6624=B_SPLINE_SURFACE_WITH_KNOTS('',1,1,((#14160,#14161),(#14162,#14163)),
 .PLANE_SURF.,.F.,.F.,.F.,(2,2),(2,2),(0.,1.),(0.,1.),.UNSPECIFIED.);
#6625=B_SPLINE_SURFACE_WITH_KNOTS('',1,1,((#14164,#14165),(#14166,#14167)),
 .PLANE_SURF.,.F.,.F.,.F.,(2,2),(2,2),(0.,1.),(0.,1.),.UNSPECIFIED.);
#6626=B_SPLINE_SURFACE_WITH_KNOTS('',1,1,((#14173,#14174),(#14175,#14176)),
 .PLANE_SURF.,.F.,.F.,.F.,(2,2),(2,2),(0.,1.),(0.,1.),.UNSPECIFIED.);
#6627=B_SPLINE_SURFACE_WITH_KNOTS('',1,1,((#14180,#14181),(#14182,#14183)),
 .PLANE_SURF.,.F.,.F.,.F.,(2,2),(2,2),(0.,1.),(0.,1.),.UNSPECIFIED.);
#6628=B_SPLINE_SURFACE_WITH_KNOTS('',1,1,((#14187,#14188),(#14189,#14190)),
 .PLANE_SURF.,.F.,.F.,.F.,(2,2),(2,2),(0.,1.),(0.,1.),.UNSPECIFIED.);
#6629=B_SPLINE_SURFACE_WITH_KNOTS('',1,1,((#14194,#14195),(#14196,#14197)),
 .PLANE_SURF.,.F.,.F.,.F.,(2,2),(2,2),(0.,1.),(0.,1.),.UNSPECIFIED.);
#6630=B_SPLINE_SURFACE_WITH_KNOTS('',1,1,((#14201,#14202),(#14203,#14204)),
 .PLANE_SURF.,.F.,.F.,.F.,(2,2),(2,2),(0.,1.),(0.,1.),.UNSPECIFIED.);
#6631=B_SPLINE_SURFACE_WITH_KNOTS('',1,1,((#14208,#14209),(#14210,#14211)),
 .PLANE_SURF.,.F.,.F.,.F.,(2,2),(2,2),(0.,1.),(0.,1.),.UNSPECIFIED.);
#6632=B_SPLINE_SURFACE_WITH_KNOTS('',1,1,((#14213,#14214),(#14215,#14216)),
 .PLANE_SURF.,.F.,.F.,.F.,(2,2),(2,2),(0.,1.),(0.,1.),.UNSPECIFIED.);
#6633=B_SPLINE_SURFACE_WITH_KNOTS('',1,1,((#14217,#14218),(#14219,#14220)),
 .PLANE_SURF.,.F.,.F.,.F.,(2,2),(2,2),(0.,1.),(0.,1.),.UNSPECIFIED.);
#6634=B_SPLINE_SURFACE_WITH_KNOTS('',1,1,((#14226,#14227),(#14228,#14229)),
 .PLANE_SURF.,.F.,.F.,.F.,(2,2),(2,2),(0.,1.),(0.,1.),.UNSPECIFIED.);
#6635=B_SPLINE_SURFACE_WITH_KNOTS('',1,1,((#14263,#14264),(#14265,#14266)),
 .PLANE_SURF.,.F.,.F.,.F.,(2,2),(2,2),(0.,1.),(0.,1.),.UNSPECIFIED.);
#6636=B_SPLINE_SURFACE_WITH_KNOTS('',1,1,((#14270,#14271),(#14272,#14273)),
 .PLANE_SURF.,.F.,.F.,.F.,(2,2),(2,2),(0.,1.),(0.,1.),.UNSPECIFIED.);
#6637=B_SPLINE_SURFACE_WITH_KNOTS('',1,1,((#14327,#14328),(#14329,#14330)),
 .PLANE_SURF.,.F.,.F.,.F.,(2,2),(2,2),(0.,1.),(0.,1.),.UNSPECIFIED.);
#6638=B_SPLINE_SURFACE_WITH_KNOTS('',1,1,((#14347,#14348),(#14349,#14350)),
 .PLANE_SURF.,.F.,.F.,.F.,(2,2),(2,2),(0.,1.),(0.,1.),.UNSPECIFIED.);
#6639=B_SPLINE_SURFACE_WITH_KNOTS('',1,1,((#14363,#14364),(#14365,#14366)),
 .PLANE_SURF.,.F.,.F.,.F.,(2,2),(2,2),(0.,1.),(0.,1.),.UNSPECIFIED.);
#6640=B_SPLINE_SURFACE_WITH_KNOTS('',1,1,((#14377,#14378),(#14379,#14380)),
 .PLANE_SURF.,.F.,.F.,.F.,(2,2),(2,2),(0.0443153158802059,0.954545454545455),
(0.0454545454545449,0.954545454545454),.PIECEWISE_BEZIER_KNOTS.);
#6641=B_SPLINE_SURFACE_WITH_KNOTS('',1,1,((#14391,#14392),(#14393,#14394)),
 .PLANE_SURF.,.F.,.F.,.F.,(2,2),(2,2),(0.,1.),(0.,1.),.UNSPECIFIED.);
#6642=B_SPLINE_SURFACE_WITH_KNOTS('',1,1,((#14405,#14406),(#14407,#14408)),
 .PLANE_SURF.,.F.,.F.,.F.,(2,2),(2,2),(0.0454545454545458,0.955984897326113),
(0.0454545454545455,0.954545454545454),.PIECEWISE_BEZIER_KNOTS.);
#6643=B_SPLINE_SURFACE_WITH_KNOTS('',1,1,((#14409,#14410),(#14411,#14412)),
 .PLANE_SURF.,.F.,.F.,.F.,(2,2),(2,2),(0.,1.),(0.,1.),.UNSPECIFIED.);
#6644=B_SPLINE_SURFACE_WITH_KNOTS('',1,1,((#14425,#14426),(#14427,#14428)),
 .PLANE_SURF.,.F.,.F.,.F.,(2,2),(2,2),(0.,1.),(0.,1.),.UNSPECIFIED.);
#6645=B_SPLINE_SURFACE_WITH_KNOTS('',1,1,((#14432,#14433),(#14434,#14435)),
 .PLANE_SURF.,.F.,.F.,.F.,(2,2),(2,2),(0.,1.),(0.,1.),.UNSPECIFIED.);
#6646=B_SPLINE_SURFACE_WITH_KNOTS('',1,1,((#14457,#14458),(#14459,#14460)),
 .PLANE_SURF.,.F.,.F.,.F.,(2,2),(2,2),(0.,1.),(0.,1.),.UNSPECIFIED.);
#6647=B_SPLINE_SURFACE_WITH_KNOTS('',1,1,((#14474,#14475),(#14476,#14477)),
 .PLANE_SURF.,.F.,.F.,.F.,(2,2),(2,2),(0.,1.),(0.,1.),.UNSPECIFIED.);
#6648=B_SPLINE_SURFACE_WITH_KNOTS('',1,1,((#14497,#14498),(#14499,#14500)),
 .PLANE_SURF.,.F.,.F.,.F.,(2,2),(2,2),(0.,1.),(0.,1.),.UNSPECIFIED.);
#6649=B_SPLINE_SURFACE_WITH_KNOTS('',1,1,((#14549,#14550),(#14551,#14552)),
 .PLANE_SURF.,.F.,.F.,.F.,(2,2),(2,2),(0.0454545454545455,0.955684685195615),
(0.0454545454545439,0.954545454545455),.PIECEWISE_BEZIER_KNOTS.);
#6650=B_SPLINE_SURFACE_WITH_KNOTS('',1,1,((#14567,#14568),(#14569,#14570)),
 .PLANE_SURF.,.F.,.F.,.F.,(2,2),(2,2),(0.,1.),(0.,1.),.UNSPECIFIED.);
#6651=B_SPLINE_SURFACE_WITH_KNOTS('',1,1,((#14583,#14584),(#14585,#14586)),
 .PLANE_SURF.,.F.,.F.,.F.,(2,2),(2,2),(0.,1.),(0.,1.),.UNSPECIFIED.);
#6652=B_SPLINE_SURFACE_WITH_KNOTS('',1,1,((#14593,#14594),(#14595,#14596)),
 .PLANE_SURF.,.F.,.F.,.F.,(2,2),(2,2),(0.,1.),(0.,1.),.UNSPECIFIED.);
#6653=B_SPLINE_SURFACE_WITH_KNOTS('',1,1,((#14597,#14598),(#14599,#14600)),
 .PLANE_SURF.,.F.,.F.,.F.,(2,2),(2,2),(0.,1.),(0.,1.),.UNSPECIFIED.);
#6654=B_SPLINE_SURFACE_WITH_KNOTS('',1,1,((#14611,#14612),(#14613,#14614)),
 .PLANE_SURF.,.F.,.F.,.F.,(2,2),(2,2),(0.0440150426380699,0.954545454545454),
(0.045454545454546,0.954545454545454),.PIECEWISE_BEZIER_KNOTS.);
#6655=B_SPLINE_SURFACE_WITH_KNOTS('',1,1,((#14615,#14616),(#14617,#14618)),
 .PLANE_SURF.,.F.,.F.,.F.,(2,2),(2,2),(0.,1.),(0.,1.),.UNSPECIFIED.);
#6656=B_SPLINE_SURFACE_WITH_KNOTS('',1,1,((#14671,#14672),(#14673,#14674)),
 .PLANE_SURF.,.F.,.F.,.F.,(2,2),(2,2),(0.,1.),(0.,1.),.UNSPECIFIED.);
#6657=B_SPLINE_SURFACE_WITH_KNOTS('',1,1,((#14678,#14679),(#14680,#14681)),
 .PLANE_SURF.,.F.,.F.,.F.,(2,2),(2,2),(0.,1.),(0.,1.),.UNSPECIFIED.);
#6658=B_SPLINE_SURFACE_WITH_KNOTS('',1,1,((#14685,#14686),(#14687,#14688)),
 .PLANE_SURF.,.F.,.F.,.F.,(2,2),(2,2),(0.,1.),(0.,1.),.UNSPECIFIED.);
#6659=B_SPLINE_SURFACE_WITH_KNOTS('',1,1,((#14690,#14691),(#14692,#14693)),
 .PLANE_SURF.,.F.,.F.,.F.,(2,2),(2,2),(0.,1.),(0.,1.),.UNSPECIFIED.);
#6660=B_SPLINE_SURFACE_WITH_KNOTS('',1,1,((#14694,#14695),(#14696,#14697)),
 .PLANE_SURF.,.F.,.F.,.F.,(2,2),(2,2),(0.,1.),(0.,1.),.UNSPECIFIED.);
#6661=B_SPLINE_SURFACE_WITH_KNOTS('',1,1,((#14701,#14702),(#14703,#14704)),
 .PLANE_SURF.,.F.,.F.,.F.,(2,2),(2,2),(0.,1.),(0.,1.),.UNSPECIFIED.);
#6662=B_SPLINE_SURFACE_WITH_KNOTS('',1,1,((#14708,#14709),(#14710,#14711)),
 .PLANE_SURF.,.F.,.F.,.F.,(2,2),(2,2),(0.,1.),(0.,1.),.UNSPECIFIED.);
#6663=B_SPLINE_SURFACE_WITH_KNOTS('',1,1,((#14713,#14714),(#14715,#14716)),
 .PLANE_SURF.,.F.,.F.,.F.,(2,2),(2,2),(0.,1.),(0.,1.),.UNSPECIFIED.);
#6664=B_SPLINE_SURFACE_WITH_KNOTS('',1,1,((#14717,#14718),(#14719,#14720)),
 .PLANE_SURF.,.F.,.F.,.F.,(2,2),(2,2),(0.,1.),(0.,1.),.UNSPECIFIED.);
#6665=B_SPLINE_SURFACE_WITH_KNOTS('',1,1,((#14724,#14725),(#14726,#14727)),
 .PLANE_SURF.,.F.,.F.,.F.,(2,2),(2,2),(0.,1.),(0.,1.),.UNSPECIFIED.);
#6666=B_SPLINE_SURFACE_WITH_KNOTS('',1,1,((#14731,#14732),(#14733,#14734)),
 .PLANE_SURF.,.F.,.F.,.F.,(2,2),(2,2),(0.,1.),(0.,1.),.UNSPECIFIED.);
#6667=B_SPLINE_SURFACE_WITH_KNOTS('',1,1,((#14736,#14737),(#14738,#14739)),
 .PLANE_SURF.,.F.,.F.,.F.,(2,2),(2,2),(0.,1.),(0.,1.),.UNSPECIFIED.);
#6668=B_SPLINE_SURFACE_WITH_KNOTS('',1,1,((#14740,#14741),(#14742,#14743)),
 .PLANE_SURF.,.F.,.F.,.F.,(2,2),(2,2),(0.,1.),(0.,1.),.UNSPECIFIED.);
#6669=B_SPLINE_SURFACE_WITH_KNOTS('',1,1,((#14747,#14748),(#14749,#14750)),
 .PLANE_SURF.,.F.,.F.,.F.,(2,2),(2,2),(0.,1.),(0.,1.),.UNSPECIFIED.);
#6670=B_SPLINE_SURFACE_WITH_KNOTS('',1,1,((#14754,#14755),(#14756,#14757)),
 .PLANE_SURF.,.F.,.F.,.F.,(2,2),(2,2),(0.,1.),(0.,1.),.UNSPECIFIED.);
#6671=B_SPLINE_SURFACE_WITH_KNOTS('',1,1,((#14759,#14760),(#14761,#14762)),
 .PLANE_SURF.,.F.,.F.,.F.,(2,2),(2,2),(0.,1.),(0.,1.),.UNSPECIFIED.);
#6672=B_SPLINE_SURFACE_WITH_KNOTS('',1,1,((#14776,#14777),(#14778,#14779)),
 .PLANE_SURF.,.F.,.F.,.F.,(2,2),(2,2),(0.,1.),(0.,1.),.UNSPECIFIED.);
#6673=B_SPLINE_SURFACE_WITH_KNOTS('',1,1,((#14798,#14799),(#14800,#14801)),
 .PLANE_SURF.,.F.,.F.,.F.,(2,2),(2,2),(0.,1.),(0.,1.),.UNSPECIFIED.);
#6674=B_SPLINE_SURFACE_WITH_KNOTS('',1,1,((#14807,#14808),(#14809,#14810)),
 .PLANE_SURF.,.F.,.F.,.F.,(2,2),(2,2),(0.,1.),(0.,1.),.UNSPECIFIED.);
#6675=B_SPLINE_SURFACE_WITH_KNOTS('',1,1,((#14812,#14813),(#14814,#14815)),
 .PLANE_SURF.,.F.,.F.,.F.,(2,2),(2,2),(0.,1.),(0.,1.),.UNSPECIFIED.);
#6676=B_SPLINE_SURFACE_WITH_KNOTS('',1,1,((#14817,#14818),(#14819,#14820)),
 .PLANE_SURF.,.F.,.F.,.F.,(2,2),(2,2),(0.,1.),(0.,1.),.UNSPECIFIED.);
#6677=B_SPLINE_SURFACE_WITH_KNOTS('',1,1,((#14834,#14835),(#14836,#14837)),
 .PLANE_SURF.,.F.,.F.,.F.,(2,2),(2,2),(0.,1.),(0.,1.),.UNSPECIFIED.);
#6678=B_SPLINE_SURFACE_WITH_KNOTS('',1,1,((#14856,#14857),(#14858,#14859)),
 .PLANE_SURF.,.F.,.F.,.F.,(2,2),(2,2),(0.,1.),(0.,1.),.UNSPECIFIED.);
#6679=B_SPLINE_SURFACE_WITH_KNOTS('',1,1,((#14865,#14866),(#14867,#14868)),
 .PLANE_SURF.,.F.,.F.,.F.,(2,2),(2,2),(0.,1.),(0.,1.),.UNSPECIFIED.);
#6680=B_SPLINE_SURFACE_WITH_KNOTS('',1,1,((#14870,#14871),(#14872,#14873)),
 .PLANE_SURF.,.F.,.F.,.F.,(2,2),(2,2),(0.,1.),(0.,1.),.UNSPECIFIED.);
#6681=B_SPLINE_SURFACE_WITH_KNOTS('',1,1,((#14875,#14876),(#14877,#14878)),
 .PLANE_SURF.,.F.,.F.,.F.,(2,2),(2,2),(0.,1.),(0.,1.),.UNSPECIFIED.);
#6682=B_SPLINE_SURFACE_WITH_KNOTS('',1,1,((#14892,#14893),(#14894,#14895)),
 .PLANE_SURF.,.F.,.F.,.F.,(2,2),(2,2),(0.,1.),(0.,1.),.UNSPECIFIED.);
#6683=B_SPLINE_SURFACE_WITH_KNOTS('',1,1,((#14914,#14915),(#14916,#14917)),
 .PLANE_SURF.,.F.,.F.,.F.,(2,2),(2,2),(0.,1.),(0.,1.),.UNSPECIFIED.);
#6684=B_SPLINE_SURFACE_WITH_KNOTS('',1,1,((#14923,#14924),(#14925,#14926)),
 .PLANE_SURF.,.F.,.F.,.F.,(2,2),(2,2),(0.,1.),(0.,1.),.UNSPECIFIED.);
#6685=B_SPLINE_SURFACE_WITH_KNOTS('',1,1,((#14928,#14929),(#14930,#14931)),
 .PLANE_SURF.,.F.,.F.,.F.,(2,2),(2,2),(0.,1.),(0.,1.),.UNSPECIFIED.);
#6686=B_SPLINE_SURFACE_WITH_KNOTS('',1,1,((#14933,#14934),(#14935,#14936)),
 .PLANE_SURF.,.F.,.F.,.F.,(2,2),(2,2),(0.,1.),(0.,1.),.UNSPECIFIED.);
#6687=B_SPLINE_SURFACE_WITH_KNOTS('',1,1,((#14950,#14951),(#14952,#14953)),
 .PLANE_SURF.,.F.,.F.,.F.,(2,2),(2,2),(0.,1.),(0.,1.),.UNSPECIFIED.);
#6688=B_SPLINE_SURFACE_WITH_KNOTS('',1,1,((#14972,#14973),(#14974,#14975)),
 .PLANE_SURF.,.F.,.F.,.F.,(2,2),(2,2),(0.,1.),(0.,1.),.UNSPECIFIED.);
#6689=B_SPLINE_SURFACE_WITH_KNOTS('',1,1,((#14981,#14982),(#14983,#14984)),
 .PLANE_SURF.,.F.,.F.,.F.,(2,2),(2,2),(0.,1.),(0.,1.),.UNSPECIFIED.);
#6690=B_SPLINE_SURFACE_WITH_KNOTS('',1,1,((#14986,#14987),(#14988,#14989)),
 .PLANE_SURF.,.F.,.F.,.F.,(2,2),(2,2),(0.,1.),(0.,1.),.UNSPECIFIED.);
#6691=B_SPLINE_SURFACE_WITH_KNOTS('',1,1,((#14991,#14992),(#14993,#14994)),
 .PLANE_SURF.,.F.,.F.,.F.,(2,2),(2,2),(0.,1.),(0.,1.),.UNSPECIFIED.);
#6692=B_SPLINE_SURFACE_WITH_KNOTS('',1,1,((#15052,#15053),(#15054,#15055)),
 .PLANE_SURF.,.F.,.F.,.F.,(2,2),(2,2),(0.,1.),(0.,1.),.UNSPECIFIED.);
#6693=B_SPLINE_SURFACE_WITH_KNOTS('',1,1,((#15077,#15078),(#15079,#15080)),
 .PLANE_SURF.,.F.,.F.,.F.,(2,2),(2,2),(0.,1.),(0.,1.),.UNSPECIFIED.);
#6694=B_SPLINE_SURFACE_WITH_KNOTS('',1,1,((#15086,#15087),(#15088,#15089)),
 .PLANE_SURF.,.F.,.F.,.F.,(2,2),(2,2),(0.,1.),(0.,1.),.UNSPECIFIED.);
#6695=B_SPLINE_SURFACE_WITH_KNOTS('',1,1,((#15093,#15094),(#15095,#15096)),
 .PLANE_SURF.,.F.,.F.,.F.,(2,2),(2,2),(0.,1.),(0.,1.),.UNSPECIFIED.);
#6696=B_SPLINE_SURFACE_WITH_KNOTS('',1,1,((#15100,#15101),(#15102,#15103)),
 .PLANE_SURF.,.F.,.F.,.F.,(2,2),(2,2),(0.,1.),(0.,1.),.UNSPECIFIED.);
#6697=B_SPLINE_SURFACE_WITH_KNOTS('',1,1,((#15105,#15106),(#15107,#15108)),
 .PLANE_SURF.,.F.,.F.,.F.,(2,2),(2,2),(0.,1.),(0.,1.),.UNSPECIFIED.);
#6698=B_SPLINE_SURFACE_WITH_KNOTS('',1,1,((#15109,#15110),(#15111,#15112)),
 .PLANE_SURF.,.F.,.F.,.F.,(2,2),(2,2),(0.,1.),(0.,1.),.UNSPECIFIED.);
#6699=B_SPLINE_SURFACE_WITH_KNOTS('',1,1,((#15123,#15124),(#15125,#15126)),
 .PLANE_SURF.,.F.,.F.,.F.,(2,2),(2,2),(0.,1.),(0.,1.),.UNSPECIFIED.);
#6700=B_SPLINE_SURFACE_WITH_KNOTS('',1,1,((#15137,#15138),(#15139,#15140)),
 .PLANE_SURF.,.F.,.F.,.F.,(2,2),(2,2),(0.,1.),(0.,1.),.UNSPECIFIED.);
#6701=B_SPLINE_SURFACE_WITH_KNOTS('',1,1,((#15151,#15152),(#15153,#15154)),
 .PLANE_SURF.,.F.,.F.,.F.,(2,2),(2,2),(0.,1.),(0.,1.),.UNSPECIFIED.);
#6702=B_SPLINE_SURFACE_WITH_KNOTS('',1,1,((#15164,#15165),(#15166,#15167)),
 .PLANE_SURF.,.F.,.F.,.F.,(2,2),(2,2),(0.,1.),(0.,1.),.UNSPECIFIED.);
#6703=B_SPLINE_SURFACE_WITH_KNOTS('',1,1,((#15189,#15190),(#15191,#15192)),
 .PLANE_SURF.,.F.,.F.,.F.,(2,2),(2,2),(0.,1.),(0.,1.),.UNSPECIFIED.);
#6704=B_SPLINE_SURFACE_WITH_KNOTS('',1,1,((#15231,#15232),(#15233,#15234)),
 .PLANE_SURF.,.F.,.F.,.F.,(2,2),(2,2),(0.,1.),(0.,1.),.UNSPECIFIED.);
#6705=B_SPLINE_SURFACE_WITH_KNOTS('',1,1,((#15273,#15274),(#15275,#15276)),
 .PLANE_SURF.,.F.,.F.,.F.,(2,2),(2,2),(0.,1.),(0.,1.),.UNSPECIFIED.);
#6706=B_SPLINE_SURFACE_WITH_KNOTS('',1,1,((#15298,#15299),(#15300,#15301)),
 .PLANE_SURF.,.F.,.F.,.F.,(2,2),(2,2),(0.,1.),(0.,1.),.UNSPECIFIED.);
#6707=ADVANCED_FACE('',(#6087),#6478,.F.);
#6708=ADVANCED_FACE('',(#6088),#6479,.F.);
#6709=ADVANCED_FACE('',(#6089),#6480,.F.);
#6710=ADVANCED_FACE('',(#6090),#6481,.F.);
#6711=ADVANCED_FACE('',(#6091),#6482,.F.);
#6712=ADVANCED_FACE('',(#6092),#6483,.F.);
#6713=ADVANCED_FACE('',(#6093),#6484,.F.);
#6714=ADVANCED_FACE('',(#6094),#6485,.F.);
#6715=ADVANCED_FACE('',(#6095),#6486,.T.);
#6716=ADVANCED_FACE('Face appearance 1',(#6096),#6487,.T.);
#6717=ADVANCED_FACE('Face appearance 1',(#6097),#175,.T.);
#6718=ADVANCED_FACE('Face appearance 1',(#6098),#6488,.T.);
#6719=ADVANCED_FACE('Face appearance 1',(#6099),#6489,.T.);
#6720=ADVANCED_FACE('Face appearance 1',(#6100),#176,.T.);
#6721=ADVANCED_FACE('Face appearance 1',(#6101),#6490,.F.);
#6722=ADVANCED_FACE('Face appearance 1',(#6102),#177,.T.);
#6723=ADVANCED_FACE('Face appearance 1',(#6103),#6491,.F.);
#6724=ADVANCED_FACE('Face appearance 1',(#6104),#178,.F.);
#6725=ADVANCED_FACE('Face appearance 1',(#6105,#6106,#6107),#6492,.T.);
#6726=ADVANCED_FACE('Face appearance 1',(#6108),#6493,.F.);
#6727=ADVANCED_FACE('Face appearance 1',(#6109),#179,.F.);
#6728=ADVANCED_FACE('Face appearance 1',(#6110,#6111,#6112),#6494,.T.);
#6729=ADVANCED_FACE('Face appearance 1',(#6113),#6495,.T.);
#6730=ADVANCED_FACE('Face appearance 1',(#6114),#180,.F.);
#6731=ADVANCED_FACE('Face appearance 1',(#6115),#6496,.T.);
#6732=ADVANCED_FACE('Face appearance 1',(#6116),#181,.T.);
#6733=ADVANCED_FACE('Face appearance 6',(#6117),#182,.F.);
#6734=ADVANCED_FACE('Face appearance 6',(#6118),#6497,.T.);
#6735=ADVANCED_FACE('Face appearance 6',(#6119),#183,.T.);
#6736=ADVANCED_FACE('Face appearance 6',(#6120),#6498,.T.);
#6737=ADVANCED_FACE('Face appearance 6',(#6121),#184,.T.);
#6738=ADVANCED_FACE('Face appearance 6',(#6122),#6499,.T.);
#6739=ADVANCED_FACE('Face appearance 1',(#6123),#6500,.F.);
#6740=ADVANCED_FACE('Face appearance 1',(#6124),#185,.F.);
#6741=ADVANCED_FACE('',(#6125),#186,.F.);
#6742=ADVANCED_FACE('Face appearance 1',(#6126),#6501,.F.);
#6743=ADVANCED_FACE('Face appearance 1',(#6127),#187,.F.);
#6744=ADVANCED_FACE('Face appearance 1',(#6128),#6502,.F.);
#6745=ADVANCED_FACE('Face appearance 1',(#6129),#188,.F.);
#6746=ADVANCED_FACE('Face appearance 1',(#6130),#6503,.F.);
#6747=ADVANCED_FACE('',(#6131),#189,.F.);
#6748=ADVANCED_FACE('Face appearance 1',(#6132),#6504,.F.);
#6749=ADVANCED_FACE('Face appearance 1',(#6133),#190,.F.);
#6750=ADVANCED_FACE('Face appearance 1',(#6134),#191,.T.);
#6751=ADVANCED_FACE('Face appearance 6',(#6135),#192,.F.);
#6752=ADVANCED_FACE('Face appearance 6',(#6136),#6505,.F.);
#6753=ADVANCED_FACE('Face appearance 6',(#6137),#193,.T.);
#6754=ADVANCED_FACE('Face appearance 6',(#6138),#6506,.F.);
#6755=ADVANCED_FACE('Face appearance 6',(#6139),#6507,.F.);
#6756=ADVANCED_FACE('Face appearance 6',(#6140),#194,.T.);
#6757=ADVANCED_FACE('Face appearance 1',(#6141),#6508,.T.);
#6758=ADVANCED_FACE('Face appearance 1',(#6142,#6143,#6144),#6509,.T.);
#6759=ADVANCED_FACE('Face appearance 1',(#6145),#6510,.T.);
#6760=ADVANCED_FACE('Face appearance 1',(#6146,#6147,#6148),#6511,.T.);
#6761=ADVANCED_FACE('Face appearance 1',(#6149),#6512,.F.);
#6762=ADVANCED_FACE('Face appearance 1',(#6150),#195,.F.);
#6763=ADVANCED_FACE('Face appearance 1',(#6151),#6513,.F.);
#6764=ADVANCED_FACE('Face appearance 1',(#6152,#6153,#6154),#6514,.T.);
#6765=ADVANCED_FACE('Face appearance 1',(#6155),#196,.F.);
#6766=ADVANCED_FACE('Face appearance 1',(#6156),#6515,.T.);
#6767=ADVANCED_FACE('Face appearance 1',(#6157),#197,.F.);
#6768=ADVANCED_FACE('Face appearance 1',(#6158),#6516,.T.);
#6769=ADVANCED_FACE('Face appearance 1',(#6159),#198,.T.);
#6770=ADVANCED_FACE('Face appearance 1',(#6160),#6517,.T.);
#6771=ADVANCED_FACE('Face appearance 1',(#6161),#199,.T.);
#6772=ADVANCED_FACE('Face appearance 1',(#6162),#6518,.T.);
#6773=ADVANCED_FACE('Face appearance 1',(#6163),#6519,.T.);
#6774=ADVANCED_FACE('Face appearance 1',(#6164),#200,.T.);
#6775=ADVANCED_FACE('Face appearance 1',(#6165),#6520,.T.);
#6776=ADVANCED_FACE('Face appearance 1',(#6166),#201,.F.);
#6777=ADVANCED_FACE('Face appearance 1',(#6167),#6521,.T.);
#6778=ADVANCED_FACE('Face appearance 1',(#6168),#202,.T.);
#6779=ADVANCED_FACE('Face appearance 1',(#6169),#203,.F.);
#6780=ADVANCED_FACE('Face appearance 1',(#6170),#6522,.F.);
#6781=ADVANCED_FACE('Face appearance 1',(#6171),#6523,.T.);
#6782=ADVANCED_FACE('Face appearance 1',(#6172),#204,.T.);
#6783=ADVANCED_FACE('Face appearance 1',(#6173),#6524,.F.);
#6784=ADVANCED_FACE('Face appearance 1',(#6174),#6525,.F.);
#6785=ADVANCED_FACE('Face appearance 1',(#6175),#6526,.F.);
#6786=ADVANCED_FACE('Face appearance 1',(#6176),#205,.F.);
#6787=ADVANCED_FACE('Face appearance 1',(#6177),#206,.T.);
#6788=ADVANCED_FACE('Face appearance 1',(#6178),#6527,.T.);
#6789=ADVANCED_FACE('Face appearance 1',(#6179),#207,.T.);
#6790=ADVANCED_FACE('Face appearance 1',(#6180),#208,.F.);
#6791=ADVANCED_FACE('Face appearance 1',(#6181),#6528,.F.);
#6792=ADVANCED_FACE('Face appearance 1',(#6182),#209,.F.);
#6793=ADVANCED_FACE('Face appearance 1',(#6183),#6529,.F.);
#6794=ADVANCED_FACE('Face appearance 1',(#6184),#210,.F.);
#6795=ADVANCED_FACE('Face appearance 1',(#6185),#6530,.F.);
#6796=ADVANCED_FACE('Face appearance 1',(#6186),#211,.F.);
#6797=ADVANCED_FACE('Face appearance 1',(#6187),#212,.T.);
#6798=ADVANCED_FACE('Face appearance 1',(#6188),#213,.F.);
#6799=ADVANCED_FACE('Face appearance 1',(#6189),#6531,.F.);
#6800=ADVANCED_FACE('Face appearance 1',(#6190),#214,.T.);
#6801=ADVANCED_FACE('Face appearance 1',(#6191),#6532,.T.);
#6802=ADVANCED_FACE('Face appearance 1',(#6192),#215,.T.);
#6803=ADVANCED_FACE('Face appearance 1',(#6193),#6533,.T.);
#6804=ADVANCED_FACE('Face appearance 1',(#6194),#6534,.T.);
#6805=ADVANCED_FACE('Face appearance 1',(#6195),#6535,.F.);
#6806=ADVANCED_FACE('Face appearance 1',(#6196),#216,.F.);
#6807=ADVANCED_FACE('Face appearance 1',(#6197),#6536,.T.);
#6808=ADVANCED_FACE('Face appearance 1',(#6198),#217,.F.);
#6809=ADVANCED_FACE('Face appearance 1',(#6199),#218,.F.);
#6810=ADVANCED_FACE('Face appearance 1',(#6200),#6537,.T.);
#6811=ADVANCED_FACE('Face appearance 1',(#6201,#6202,#6203),#6538,.F.);
#6812=ADVANCED_FACE('Face appearance 1',(#6204),#219,.F.);
#6813=ADVANCED_FACE('Face appearance 1',(#6205),#6539,.F.);
#6814=ADVANCED_FACE('Face appearance 1',(#6206),#220,.F.);
#6815=ADVANCED_FACE('Face appearance 1',(#6207),#6540,.F.);
#6816=ADVANCED_FACE('Face appearance 1',(#6208),#221,.F.);
#6817=ADVANCED_FACE('Face appearance 1',(#6209),#6541,.F.);
#6818=ADVANCED_FACE('Face appearance 1',(#6210),#222,.F.);
#6819=ADVANCED_FACE('Face appearance 1',(#6211),#6542,.F.);
#6820=ADVANCED_FACE('Face appearance 7',(#6212,#6213),#6543,.F.);
#6821=ADVANCED_FACE('Face appearance 7',(#6214),#6544,.F.);
#6822=ADVANCED_FACE('Face appearance 7',(#6215),#6545,.T.);
#6823=ADVANCED_FACE('Face appearance 7',(#6216),#6546,.T.);
#6824=ADVANCED_FACE('Face appearance 7',(#6217),#6547,.T.);
#6825=ADVANCED_FACE('Face appearance 7',(#6218),#6548,.T.);
#6826=ADVANCED_FACE('Face appearance 1',(#6219),#6549,.F.);
#6827=ADVANCED_FACE('Face appearance 1',(#6220),#223,.T.);
#6828=ADVANCED_FACE('Face appearance 1',(#6221),#6550,.F.);
#6829=ADVANCED_FACE('Face appearance 1',(#6222),#224,.F.);
#6830=ADVANCED_FACE('Face appearance 1',(#6223),#6551,.F.);
#6831=ADVANCED_FACE('Face appearance 1',(#6224),#225,.F.);
#6832=ADVANCED_FACE('Face appearance 1',(#6225),#6552,.F.);
#6833=ADVANCED_FACE('Face appearance 1',(#6226),#226,.F.);
#6834=ADVANCED_FACE('Face appearance 1',(#6227),#6553,.F.);
#6835=ADVANCED_FACE('Face appearance 1',(#6228,#6229),#6554,.T.);
#6836=ADVANCED_FACE('Face appearance 1',(#6230),#227,.F.);
#6837=ADVANCED_FACE('Face appearance 1',(#6231),#228,.F.);
#6838=ADVANCED_FACE('Face appearance 1',(#6232),#229,.F.);
#6839=ADVANCED_FACE('Face appearance 1',(#6233),#6555,.F.);
#6840=ADVANCED_FACE('Face appearance 1',(#6234),#230,.F.);
#6841=ADVANCED_FACE('Face appearance 1',(#6235),#231,.F.);
#6842=ADVANCED_FACE('Face appearance 1',(#6236),#6556,.T.);
#6843=ADVANCED_FACE('Face appearance 1',(#6237),#6557,.F.);
#6844=ADVANCED_FACE('Face appearance 1',(#6238),#6558,.T.);
#6845=ADVANCED_FACE('Face appearance 1',(#6239),#232,.T.);
#6846=ADVANCED_FACE('Face appearance 1',(#6240),#6559,.T.);
#6847=ADVANCED_FACE('Face appearance 1',(#6241),#6560,.T.);
#6848=ADVANCED_FACE('Face appearance 1',(#6242),#6561,.F.);
#6849=ADVANCED_FACE('Face appearance 1',(#6243),#233,.T.);
#6850=ADVANCED_FACE('Face appearance 1',(#6244),#234,.F.);
#6851=ADVANCED_FACE('Face appearance 1',(#6245),#6562,.T.);
#6852=ADVANCED_FACE('Face appearance 1',(#6246),#6563,.F.);
#6853=ADVANCED_FACE('Face appearance 1',(#6247),#6564,.F.);
#6854=ADVANCED_FACE('Face appearance 1',(#6248),#6565,.T.);
#6855=ADVANCED_FACE('Face appearance 1',(#6249),#6566,.T.);
#6856=ADVANCED_FACE('Face appearance 1',(#6250),#235,.T.);
#6857=ADVANCED_FACE('Face appearance 1',(#6251),#6567,.F.);
#6858=ADVANCED_FACE('Face appearance 1',(#6252),#236,.F.);
#6859=ADVANCED_FACE('Face appearance 1',(#6253),#6568,.T.);
#6860=ADVANCED_FACE('Face appearance 1',(#6254),#237,.T.);
#6861=ADVANCED_FACE('Face appearance 1',(#6255),#6569,.F.);
#6862=ADVANCED_FACE('Face appearance 1',(#6256),#6570,.T.);
#6863=ADVANCED_FACE('Face appearance 1',(#6257),#238,.T.);
#6864=ADVANCED_FACE('Face appearance 1',(#6258),#6571,.T.);
#6865=ADVANCED_FACE('Face appearance 1',(#6259),#239,.F.);
#6866=ADVANCED_FACE('Face appearance 5',(#6260,#6261,#6262),#6572,.T.);
#6867=ADVANCED_FACE('Face appearance 1',(#6263),#240,.F.);
#6868=ADVANCED_FACE('Face appearance 1',(#6264,#6265),#6573,.T.);
#6869=ADVANCED_FACE('Face appearance 1',(#6266),#6574,.F.);
#6870=ADVANCED_FACE('Face appearance 1',(#6267),#241,.T.);
#6871=ADVANCED_FACE('Face appearance 1',(#6268),#6575,.F.);
#6872=ADVANCED_FACE('Face appearance 1',(#6269),#242,.F.);
#6873=ADVANCED_FACE('Face appearance 1',(#6270),#6576,.F.);
#6874=ADVANCED_FACE('Face appearance 1',(#6271),#243,.F.);
#6875=ADVANCED_FACE('Face appearance 1',(#6272),#6577,.F.);
#6876=ADVANCED_FACE('Face appearance 1',(#6273),#244,.F.);
#6877=ADVANCED_FACE('Face appearance 1',(#6274),#6578,.F.);
#6878=ADVANCED_FACE('Face appearance 1',(#6275),#245,.F.);
#6879=ADVANCED_FACE('Face appearance 1',(#6276),#246,.F.);
#6880=ADVANCED_FACE('Face appearance 1',(#6277),#247,.F.);
#6881=ADVANCED_FACE('Face appearance 1',(#6278),#248,.F.);
#6882=ADVANCED_FACE('Face appearance 1',(#6279),#6579,.F.);
#6883=ADVANCED_FACE('Face appearance 1',(#6280),#6580,.T.);
#6884=ADVANCED_FACE('Face appearance 1',(#6281),#6581,.T.);
#6885=ADVANCED_FACE('Face appearance 1',(#6282),#249,.T.);
#6886=ADVANCED_FACE('Face appearance 1',(#6283),#6582,.T.);
#6887=ADVANCED_FACE('Face appearance 1',(#6284),#6583,.F.);
#6888=ADVANCED_FACE('Face appearance 1',(#6285),#250,.F.);
#6889=ADVANCED_FACE('Face appearance 1',(#6286),#251,.T.);
#6890=ADVANCED_FACE('Face appearance 1',(#6287),#6584,.T.);
#6891=ADVANCED_FACE('Face appearance 1',(#6288),#252,.F.);
#6892=ADVANCED_FACE('Face appearance 1',(#6289),#6585,.T.);
#6893=ADVANCED_FACE('Face appearance 1',(#6290),#6586,.T.);
#6894=ADVANCED_FACE('Face appearance 1',(#6291),#6587,.F.);
#6895=ADVANCED_FACE('Face appearance 1',(#6292),#6588,.F.);
#6896=ADVANCED_FACE('Face appearance 1',(#6293),#6589,.T.);
#6897=ADVANCED_FACE('Face appearance 1',(#6294),#253,.T.);
#6898=ADVANCED_FACE('Face appearance 1',(#6295),#6590,.F.);
#6899=ADVANCED_FACE('Face appearance 1',(#6296),#254,.F.);
#6900=ADVANCED_FACE('Face appearance 1',(#6297),#255,.F.);
#6901=ADVANCED_FACE('Face appearance 1',(#6298),#6591,.T.);
#6902=ADVANCED_FACE('Face appearance 1',(#6299),#256,.T.);
#6903=ADVANCED_FACE('Face appearance 1',(#6300),#6592,.T.);
#6904=ADVANCED_FACE('Face appearance 1',(#6301),#6593,.T.);
#6905=ADVANCED_FACE('Face appearance 1',(#6302),#257,.T.);
#6906=ADVANCED_FACE('Face appearance 1',(#6303),#6594,.F.);
#6907=ADVANCED_FACE('Face appearance 1',(#6304),#258,.F.);
#6908=ADVANCED_FACE('Face appearance 1',(#6305),#259,.F.);
#6909=ADVANCED_FACE('Face appearance 1',(#6306),#260,.F.);
#6910=ADVANCED_FACE('Face appearance 4',(#6307),#6595,.F.);
#6911=ADVANCED_FACE('Face appearance 4',(#6308),#6596,.T.);
#6912=ADVANCED_FACE('Face appearance 4',(#6309),#261,.T.);
#6913=ADVANCED_FACE('Face appearance 4',(#6310),#6597,.T.);
#6914=ADVANCED_FACE('Face appearance 4',(#6311),#262,.T.);
#6915=ADVANCED_FACE('Face appearance 4',(#6312),#6598,.T.);
#6916=ADVANCED_FACE('Face appearance 4',(#6313),#263,.T.);
#6917=ADVANCED_FACE('Face appearance 4',(#6314),#6599,.T.);
#6918=ADVANCED_FACE('Face appearance 7',(#6315),#6600,.T.);
#6919=ADVANCED_FACE('Face appearance 7',(#6316),#264,.T.);
#6920=ADVANCED_FACE('Face appearance 7',(#6317),#6601,.T.);
#6921=ADVANCED_FACE('Face appearance 7',(#6318),#6602,.T.);
#6922=ADVANCED_FACE('Face appearance 4',(#6319,#6320,#6321,#6322,#6323,
#6324,#6325,#6326,#6327),#6603,.T.);
#6923=ADVANCED_FACE('Face appearance 4',(#6328),#265,.T.);
#6924=ADVANCED_FACE('Face appearance 4',(#6329),#6604,.T.);
#6925=ADVANCED_FACE('Face appearance 4',(#6330),#6605,.T.);
#6926=ADVANCED_FACE('Face appearance 3',(#6331),#6606,.F.);
#6927=ADVANCED_FACE('Face appearance 3',(#6332),#6607,.T.);
#6928=ADVANCED_FACE('Face appearance 3',(#6333),#6608,.T.);
#6929=ADVANCED_FACE('Face appearance 3',(#6334),#6609,.T.);
#6930=ADVANCED_FACE('Face appearance 3',(#6335),#266,.F.);
#6931=ADVANCED_FACE('Face appearance 3',(#6336),#267,.T.);
#6932=ADVANCED_FACE('Face appearance 3',(#6337),#6610,.F.);
#6933=ADVANCED_FACE('Face appearance 3',(#6338),#6611,.T.);
#6934=ADVANCED_FACE('Face appearance 3',(#6339),#6612,.T.);
#6935=ADVANCED_FACE('Face appearance 3',(#6340),#6613,.T.);
#6936=ADVANCED_FACE('Face appearance 3',(#6341),#268,.F.);
#6937=ADVANCED_FACE('Face appearance 3',(#6342),#269,.T.);
#6938=ADVANCED_FACE('Face appearance 3',(#6343),#6614,.F.);
#6939=ADVANCED_FACE('Face appearance 3',(#6344),#6615,.T.);
#6940=ADVANCED_FACE('Face appearance 3',(#6345),#6616,.T.);
#6941=ADVANCED_FACE('Face appearance 3',(#6346),#6617,.T.);
#6942=ADVANCED_FACE('Face appearance 3',(#6347),#270,.F.);
#6943=ADVANCED_FACE('Face appearance 3',(#6348),#271,.T.);
#6944=ADVANCED_FACE('Face appearance 3',(#6349),#6618,.F.);
#6945=ADVANCED_FACE('Face appearance 3',(#6350),#6619,.T.);
#6946=ADVANCED_FACE('Face appearance 3',(#6351),#6620,.T.);
#6947=ADVANCED_FACE('Face appearance 3',(#6352),#6621,.T.);
#6948=ADVANCED_FACE('Face appearance 3',(#6353),#272,.F.);
#6949=ADVANCED_FACE('Face appearance 3',(#6354),#273,.T.);
#6950=ADVANCED_FACE('Face appearance 7',(#6355),#6622,.T.);
#6951=ADVANCED_FACE('Face appearance 7',(#6356),#6623,.T.);
#6952=ADVANCED_FACE('Face appearance 7',(#6357),#274,.T.);
#6953=ADVANCED_FACE('Face appearance 7',(#6358),#6624,.T.);
#6954=ADVANCED_FACE('Face appearance 5',(#6359),#6625,.F.);
#6955=ADVANCED_FACE('Face appearance 5',(#6360),#6626,.F.);
#6956=ADVANCED_FACE('Face appearance 5',(#6361),#6627,.F.);
#6957=ADVANCED_FACE('Face appearance 5',(#6362),#6628,.F.);
#6958=ADVANCED_FACE('Face appearance 5',(#6363),#6629,.F.);
#6959=ADVANCED_FACE('Face appearance 5',(#6364),#6630,.F.);
#6960=ADVANCED_FACE('Face appearance 5',(#6365),#6631,.F.);
#6961=ADVANCED_FACE('',(#6366),#6632,.T.);
#6962=ADVANCED_FACE('Face appearance 1',(#6367),#6633,.T.);
#6963=ADVANCED_FACE('Face appearance 1',(#6368),#6634,.T.);
#6964=ADVANCED_FACE('Face appearance 1',(#6369),#6635,.T.);
#6965=ADVANCED_FACE('Face appearance 1',(#6370),#6636,.F.);
#6966=ADVANCED_FACE('Face appearance 1',(#6371),#275,.T.);
#6967=ADVANCED_FACE('Face appearance 1',(#6372),#6637,.F.);
#6968=ADVANCED_FACE('Face appearance 1',(#6373),#6638,.T.);
#6969=ADVANCED_FACE('Face appearance 1',(#6374),#276,.F.);
#6970=ADVANCED_FACE('Face appearance 1',(#6375),#6639,.T.);
#6971=ADVANCED_FACE('Face appearance 1',(#6376),#277,.T.);
#6972=ADVANCED_FACE('Face appearance 1',(#6377),#6640,.T.);
#6973=ADVANCED_FACE('Face appearance 1',(#6378),#278,.T.);
#6974=ADVANCED_FACE('Face appearance 1',(#6379),#6641,.T.);
#6975=ADVANCED_FACE('Face appearance 1',(#6380),#279,.F.);
#6976=ADVANCED_FACE('Face appearance 1',(#6381),#6642,.T.);
#6977=ADVANCED_FACE('Face appearance 1',(#6382),#6643,.T.);
#6978=ADVANCED_FACE('Face appearance 1',(#6383),#280,.T.);
#6979=ADVANCED_FACE('Face appearance 1',(#6384),#6644,.T.);
#6980=ADVANCED_FACE('Face appearance 1',(#6385),#6645,.T.);
#6981=ADVANCED_FACE('Face appearance 1',(#6386),#6646,.T.);
#6982=ADVANCED_FACE('Face appearance 1',(#6387),#281,.T.);
#6983=ADVANCED_FACE('Face appearance 1',(#6388),#6647,.T.);
#6984=ADVANCED_FACE('Face appearance 1',(#6389),#282,.T.);
#6985=ADVANCED_FACE('Face appearance 1',(#6390),#6648,.F.);
#6986=ADVANCED_FACE('Face appearance 1',(#6391),#283,.T.);
#6987=ADVANCED_FACE('Face appearance 1',(#6392),#6649,.T.);
#6988=ADVANCED_FACE('Face appearance 1',(#6393),#284,.T.);
#6989=ADVANCED_FACE('Face appearance 1',(#6394),#6650,.T.);
#6990=ADVANCED_FACE('Face appearance 1',(#6395),#285,.F.);
#6991=ADVANCED_FACE('Face appearance 1',(#6396),#6651,.F.);
#6992=ADVANCED_FACE('Face appearance 1',(#6397),#6652,.T.);
#6993=ADVANCED_FACE('Face appearance 1',(#6398),#6653,.T.);
#6994=ADVANCED_FACE('Face appearance 1',(#6399),#286,.F.);
#6995=ADVANCED_FACE('Face appearance 1',(#6400),#6654,.T.);
#6996=ADVANCED_FACE('Face appearance 1',(#6401,#6402,#6403,#6404,#6405),
#6655,.T.);
#6997=ADVANCED_FACE('Face appearance 1',(#6406),#6656,.T.);
#6998=ADVANCED_FACE('Face appearance 1',(#6407),#6657,.T.);
#6999=ADVANCED_FACE('Face appearance 1',(#6408),#6658,.T.);
#7000=ADVANCED_FACE('Face appearance 1',(#6409),#6659,.T.);
#7001=ADVANCED_FACE('Face appearance 1',(#6410),#6660,.T.);
#7002=ADVANCED_FACE('Face appearance 1',(#6411),#6661,.T.);
#7003=ADVANCED_FACE('Face appearance 1',(#6412),#6662,.T.);
#7004=ADVANCED_FACE('Face appearance 1',(#6413),#6663,.T.);
#7005=ADVANCED_FACE('Face appearance 1',(#6414),#6664,.T.);
#7006=ADVANCED_FACE('Face appearance 1',(#6415),#6665,.T.);
#7007=ADVANCED_FACE('Face appearance 1',(#6416),#6666,.T.);
#7008=ADVANCED_FACE('Face appearance 1',(#6417),#6667,.T.);
#7009=ADVANCED_FACE('Face appearance 1',(#6418),#6668,.T.);
#7010=ADVANCED_FACE('Face appearance 1',(#6419),#6669,.T.);
#7011=ADVANCED_FACE('Face appearance 1',(#6420),#6670,.T.);
#7012=ADVANCED_FACE('Face appearance 1',(#6421),#6671,.T.);
#7013=ADVANCED_FACE('Face appearance 2',(#6422),#287,.T.);
#7014=ADVANCED_FACE('Face appearance 2',(#6423),#6672,.F.);
#7015=ADVANCED_FACE('Face appearance 2',(#6424),#288,.F.);
#7016=ADVANCED_FACE('Face appearance 2',(#6425),#6673,.F.);
#7017=ADVANCED_FACE('Face appearance 2',(#6426),#6674,.T.);
#7018=ADVANCED_FACE('Face appearance 2',(#6427),#6675,.T.);
#7019=ADVANCED_FACE('Face appearance 2',(#6428),#6676,.T.);
#7020=ADVANCED_FACE('Face appearance 2',(#6429),#289,.T.);
#7021=ADVANCED_FACE('Face appearance 2',(#6430),#6677,.F.);
#7022=ADVANCED_FACE('Face appearance 2',(#6431),#290,.F.);
#7023=ADVANCED_FACE('Face appearance 2',(#6432),#6678,.F.);
#7024=ADVANCED_FACE('Face appearance 2',(#6433),#6679,.T.);
#7025=ADVANCED_FACE('Face appearance 2',(#6434),#6680,.T.);
#7026=ADVANCED_FACE('Face appearance 2',(#6435),#6681,.T.);
#7027=ADVANCED_FACE('Face appearance 2',(#6436),#291,.F.);
#7028=ADVANCED_FACE('Face appearance 2',(#6437),#6682,.F.);
#7029=ADVANCED_FACE('Face appearance 2',(#6438),#292,.T.);
#7030=ADVANCED_FACE('Face appearance 2',(#6439),#6683,.F.);
#7031=ADVANCED_FACE('Face appearance 2',(#6440),#6684,.T.);
#7032=ADVANCED_FACE('Face appearance 2',(#6441),#6685,.T.);
#7033=ADVANCED_FACE('Face appearance 2',(#6442),#6686,.T.);
#7034=ADVANCED_FACE('Face appearance 2',(#6443),#293,.F.);
#7035=ADVANCED_FACE('Face appearance 2',(#6444),#6687,.F.);
#7036=ADVANCED_FACE('Face appearance 2',(#6445),#294,.T.);
#7037=ADVANCED_FACE('Face appearance 2',(#6446),#6688,.F.);
#7038=ADVANCED_FACE('Face appearance 2',(#6447),#6689,.T.);
#7039=ADVANCED_FACE('Face appearance 2',(#6448),#6690,.T.);
#7040=ADVANCED_FACE('Face appearance 2',(#6449),#6691,.T.);
#7041=ADVANCED_FACE('Face appearance 1',(#6450),#295,.T.);
#7042=ADVANCED_FACE('Face appearance 1',(#6451),#296,.T.);
#7043=ADVANCED_FACE('Face appearance 1',(#6452),#297,.F.);
#7044=ADVANCED_FACE('Face appearance 1',(#6453),#298,.T.);
#7045=ADVANCED_FACE('Face appearance 1',(#6454),#299,.F.);
#7046=ADVANCED_FACE('Face appearance 1',(#6455),#300,.F.);
#7047=ADVANCED_FACE('Face appearance 7',(#6456,#6457),#6692,.F.);
#7048=ADVANCED_FACE('Face appearance 7',(#6458),#6693,.F.);
#7049=ADVANCED_FACE('Face appearance 7',(#6459),#6694,.T.);
#7050=ADVANCED_FACE('Face appearance 7',(#6460),#6695,.T.);
#7051=ADVANCED_FACE('Face appearance 7',(#6461),#6696,.T.);
#7052=ADVANCED_FACE('Face appearance 7',(#6462),#6697,.T.);
#7053=ADVANCED_FACE('Face appearance 1',(#6463),#6698,.F.);
#7054=ADVANCED_FACE('Face appearance 1',(#6464),#301,.F.);
#7055=ADVANCED_FACE('Face appearance 1',(#6465),#6699,.F.);
#7056=ADVANCED_FACE('Face appearance 1',(#6466),#302,.F.);
#7057=ADVANCED_FACE('Face appearance 1',(#6467),#6700,.F.);
#7058=ADVANCED_FACE('Face appearance 1',(#6468),#303,.F.);
#7059=ADVANCED_FACE('Face appearance 1',(#6469),#6701,.F.);
#7060=ADVANCED_FACE('Face appearance 1',(#6470),#304,.F.);
#7061=ADVANCED_FACE('Face appearance 6',(#6471),#6702,.F.);
#7062=ADVANCED_FACE('Face appearance 6',(#6472),#6703,.F.);
#7063=ADVANCED_FACE('Face appearance 8',(#6473),#305,.T.);
#7064=ADVANCED_FACE('Face appearance 6',(#6474),#6704,.F.);
#7065=ADVANCED_FACE('Face appearance 6',(#6475),#306,.T.);
#7066=ADVANCED_FACE('Face appearance 6',(#6476),#6705,.F.);
#7067=ADVANCED_FACE('Face appearance 7',(#6477),#6706,.T.);
#7068=CLOSED_SHELL('',(#6707,#6708,#6709,#6710,#6711,#6712,#6713,#6714,
#6715));
#7069=STYLED_ITEM('',(#7419),#9523);
#7070=STYLED_ITEM('',(#7420),#6716);
#7071=STYLED_ITEM('',(#7421),#6717);
#7072=STYLED_ITEM('',(#7422),#6718);
#7073=STYLED_ITEM('',(#7423),#6719);
#7074=STYLED_ITEM('',(#7424),#6720);
#7075=STYLED_ITEM('',(#7425),#6721);
#7076=STYLED_ITEM('',(#7426),#6722);
#7077=STYLED_ITEM('',(#7427),#6723);
#7078=STYLED_ITEM('',(#7428),#6724);
#7079=STYLED_ITEM('',(#7429),#6725);
#7080=STYLED_ITEM('',(#7430),#6726);
#7081=STYLED_ITEM('',(#7431),#6727);
#7082=STYLED_ITEM('',(#7432),#6728);
#7083=STYLED_ITEM('',(#7433),#6729);
#7084=STYLED_ITEM('',(#7434),#6730);
#7085=STYLED_ITEM('',(#7435),#6731);
#7086=STYLED_ITEM('',(#7436),#6732);
#7087=STYLED_ITEM('',(#7437),#6733);
#7088=STYLED_ITEM('',(#7438),#6734);
#7089=STYLED_ITEM('',(#7439),#6735);
#7090=STYLED_ITEM('',(#7440),#6736);
#7091=STYLED_ITEM('',(#7441),#6737);
#7092=STYLED_ITEM('',(#7442),#6738);
#7093=STYLED_ITEM('',(#7443),#6739);
#7094=STYLED_ITEM('',(#7444),#6740);
#7095=STYLED_ITEM('',(#7445),#6742);
#7096=STYLED_ITEM('',(#7446),#6743);
#7097=STYLED_ITEM('',(#7447),#6744);
#7098=STYLED_ITEM('',(#7448),#6745);
#7099=STYLED_ITEM('',(#7449),#6746);
#7100=STYLED_ITEM('',(#7450),#6748);
#7101=STYLED_ITEM('',(#7451),#6749);
#7102=STYLED_ITEM('',(#7452),#6750);
#7103=STYLED_ITEM('',(#7453),#6751);
#7104=STYLED_ITEM('',(#7454),#6752);
#7105=STYLED_ITEM('',(#7455),#6753);
#7106=STYLED_ITEM('',(#7456),#6754);
#7107=STYLED_ITEM('',(#7457),#6755);
#7108=STYLED_ITEM('',(#7458),#6756);
#7109=STYLED_ITEM('',(#7459),#6757);
#7110=STYLED_ITEM('',(#7460),#6758);
#7111=STYLED_ITEM('',(#7461),#6759);
#7112=STYLED_ITEM('',(#7462),#6760);
#7113=STYLED_ITEM('',(#7463),#6761);
#7114=STYLED_ITEM('',(#7464),#6762);
#7115=STYLED_ITEM('',(#7465),#6763);
#7116=STYLED_ITEM('',(#7466),#6764);
#7117=STYLED_ITEM('',(#7467),#6765);
#7118=STYLED_ITEM('',(#7468),#6766);
#7119=STYLED_ITEM('',(#7469),#6767);
#7120=STYLED_ITEM('',(#7470),#6768);
#7121=STYLED_ITEM('',(#7471),#6769);
#7122=STYLED_ITEM('',(#7472),#6770);
#7123=STYLED_ITEM('',(#7473),#6771);
#7124=STYLED_ITEM('',(#7474),#6772);
#7125=STYLED_ITEM('',(#7475),#6773);
#7126=STYLED_ITEM('',(#7476),#6774);
#7127=STYLED_ITEM('',(#7477),#6775);
#7128=STYLED_ITEM('',(#7478),#6776);
#7129=STYLED_ITEM('',(#7479),#6777);
#7130=STYLED_ITEM('',(#7480),#6778);
#7131=STYLED_ITEM('',(#7481),#6779);
#7132=STYLED_ITEM('',(#7482),#6780);
#7133=STYLED_ITEM('',(#7483),#6781);
#7134=STYLED_ITEM('',(#7484),#6782);
#7135=STYLED_ITEM('',(#7485),#6783);
#7136=STYLED_ITEM('',(#7486),#6784);
#7137=STYLED_ITEM('',(#7487),#6785);
#7138=STYLED_ITEM('',(#7488),#6786);
#7139=STYLED_ITEM('',(#7489),#6787);
#7140=STYLED_ITEM('',(#7490),#6788);
#7141=STYLED_ITEM('',(#7491),#6789);
#7142=STYLED_ITEM('',(#7492),#6790);
#7143=STYLED_ITEM('',(#7493),#6791);
#7144=STYLED_ITEM('',(#7494),#6792);
#7145=STYLED_ITEM('',(#7495),#6793);
#7146=STYLED_ITEM('',(#7496),#6794);
#7147=STYLED_ITEM('',(#7497),#6795);
#7148=STYLED_ITEM('',(#7498),#6796);
#7149=STYLED_ITEM('',(#7499),#6797);
#7150=STYLED_ITEM('',(#7500),#6798);
#7151=STYLED_ITEM('',(#7501),#6799);
#7152=STYLED_ITEM('',(#7502),#6800);
#7153=STYLED_ITEM('',(#7503),#6801);
#7154=STYLED_ITEM('',(#7504),#6802);
#7155=STYLED_ITEM('',(#7505),#6803);
#7156=STYLED_ITEM('',(#7506),#6804);
#7157=STYLED_ITEM('',(#7507),#6805);
#7158=STYLED_ITEM('',(#7508),#6806);
#7159=STYLED_ITEM('',(#7509),#6807);
#7160=STYLED_ITEM('',(#7510),#6808);
#7161=STYLED_ITEM('',(#7511),#6809);
#7162=STYLED_ITEM('',(#7512),#6810);
#7163=STYLED_ITEM('',(#7513),#6811);
#7164=STYLED_ITEM('',(#7514),#6812);
#7165=STYLED_ITEM('',(#7515),#6813);
#7166=STYLED_ITEM('',(#7516),#6814);
#7167=STYLED_ITEM('',(#7517),#6815);
#7168=STYLED_ITEM('',(#7518),#6816);
#7169=STYLED_ITEM('',(#7519),#6817);
#7170=STYLED_ITEM('',(#7520),#6818);
#7171=STYLED_ITEM('',(#7521),#6819);
#7172=STYLED_ITEM('',(#7522),#6820);
#7173=STYLED_ITEM('',(#7523),#6821);
#7174=STYLED_ITEM('',(#7524),#6822);
#7175=STYLED_ITEM('',(#7525),#6823);
#7176=STYLED_ITEM('',(#7526),#6824);
#7177=STYLED_ITEM('',(#7527),#6825);
#7178=STYLED_ITEM('',(#7528),#6826);
#7179=STYLED_ITEM('',(#7529),#6827);
#7180=STYLED_ITEM('',(#7530),#6828);
#7181=STYLED_ITEM('',(#7531),#6829);
#7182=STYLED_ITEM('',(#7532),#6830);
#7183=STYLED_ITEM('',(#7533),#6831);
#7184=STYLED_ITEM('',(#7534),#6832);
#7185=STYLED_ITEM('',(#7535),#6833);
#7186=STYLED_ITEM('',(#7536),#6834);
#7187=STYLED_ITEM('',(#7537),#6835);
#7188=STYLED_ITEM('',(#7538),#6836);
#7189=STYLED_ITEM('',(#7539),#6837);
#7190=STYLED_ITEM('',(#7540),#6838);
#7191=STYLED_ITEM('',(#7541),#6839);
#7192=STYLED_ITEM('',(#7542),#6840);
#7193=STYLED_ITEM('',(#7543),#6841);
#7194=STYLED_ITEM('',(#7544),#6842);
#7195=STYLED_ITEM('',(#7545),#6843);
#7196=STYLED_ITEM('',(#7546),#6844);
#7197=STYLED_ITEM('',(#7547),#6845);
#7198=STYLED_ITEM('',(#7548),#6846);
#7199=STYLED_ITEM('',(#7549),#6847);
#7200=STYLED_ITEM('',(#7550),#6848);
#7201=STYLED_ITEM('',(#7551),#6849);
#7202=STYLED_ITEM('',(#7552),#6850);
#7203=STYLED_ITEM('',(#7553),#6851);
#7204=STYLED_ITEM('',(#7554),#6852);
#7205=STYLED_ITEM('',(#7555),#6853);
#7206=STYLED_ITEM('',(#7556),#6854);
#7207=STYLED_ITEM('',(#7557),#6855);
#7208=STYLED_ITEM('',(#7558),#6856);
#7209=STYLED_ITEM('',(#7559),#6857);
#7210=STYLED_ITEM('',(#7560),#6858);
#7211=STYLED_ITEM('',(#7561),#6859);
#7212=STYLED_ITEM('',(#7562),#6860);
#7213=STYLED_ITEM('',(#7563),#6861);
#7214=STYLED_ITEM('',(#7564),#6862);
#7215=STYLED_ITEM('',(#7565),#6863);
#7216=STYLED_ITEM('',(#7566),#6864);
#7217=STYLED_ITEM('',(#7567),#6865);
#7218=STYLED_ITEM('',(#7568),#6866);
#7219=STYLED_ITEM('',(#7569),#6867);
#7220=STYLED_ITEM('',(#7570),#6868);
#7221=STYLED_ITEM('',(#7571),#6869);
#7222=STYLED_ITEM('',(#7572),#6870);
#7223=STYLED_ITEM('',(#7573),#6871);
#7224=STYLED_ITEM('',(#7574),#6872);
#7225=STYLED_ITEM('',(#7575),#6873);
#7226=STYLED_ITEM('',(#7576),#6874);
#7227=STYLED_ITEM('',(#7577),#6875);
#7228=STYLED_ITEM('',(#7578),#6876);
#7229=STYLED_ITEM('',(#7579),#6877);
#7230=STYLED_ITEM('',(#7580),#6878);
#7231=STYLED_ITEM('',(#7581),#6879);
#7232=STYLED_ITEM('',(#7582),#6880);
#7233=STYLED_ITEM('',(#7583),#6881);
#7234=STYLED_ITEM('',(#7584),#6882);
#7235=STYLED_ITEM('',(#7585),#6883);
#7236=STYLED_ITEM('',(#7586),#6884);
#7237=STYLED_ITEM('',(#7587),#6885);
#7238=STYLED_ITEM('',(#7588),#6886);
#7239=STYLED_ITEM('',(#7589),#6887);
#7240=STYLED_ITEM('',(#7590),#6888);
#7241=STYLED_ITEM('',(#7591),#6889);
#7242=STYLED_ITEM('',(#7592),#6890);
#7243=STYLED_ITEM('',(#7593),#6891);
#7244=STYLED_ITEM('',(#7594),#6892);
#7245=STYLED_ITEM('',(#7595),#6893);
#7246=STYLED_ITEM('',(#7596),#6894);
#7247=STYLED_ITEM('',(#7597),#6895);
#7248=STYLED_ITEM('',(#7598),#6896);
#7249=STYLED_ITEM('',(#7599),#6897);
#7250=STYLED_ITEM('',(#7600),#6898);
#7251=STYLED_ITEM('',(#7601),#6899);
#7252=STYLED_ITEM('',(#7602),#6900);
#7253=STYLED_ITEM('',(#7603),#6901);
#7254=STYLED_ITEM('',(#7604),#6902);
#7255=STYLED_ITEM('',(#7605),#6903);
#7256=STYLED_ITEM('',(#7606),#6904);
#7257=STYLED_ITEM('',(#7607),#6905);
#7258=STYLED_ITEM('',(#7608),#6906);
#7259=STYLED_ITEM('',(#7609),#6907);
#7260=STYLED_ITEM('',(#7610),#6908);
#7261=STYLED_ITEM('',(#7611),#6909);
#7262=STYLED_ITEM('',(#7612),#6910);
#7263=STYLED_ITEM('',(#7613),#6911);
#7264=STYLED_ITEM('',(#7614),#6912);
#7265=STYLED_ITEM('',(#7615),#6913);
#7266=STYLED_ITEM('',(#7616),#6914);
#7267=STYLED_ITEM('',(#7617),#6915);
#7268=STYLED_ITEM('',(#7618),#6916);
#7269=STYLED_ITEM('',(#7619),#6917);
#7270=STYLED_ITEM('',(#7620),#6918);
#7271=STYLED_ITEM('',(#7621),#6919);
#7272=STYLED_ITEM('',(#7622),#6920);
#7273=STYLED_ITEM('',(#7623),#6921);
#7274=STYLED_ITEM('',(#7624),#6922);
#7275=STYLED_ITEM('',(#7625),#6923);
#7276=STYLED_ITEM('',(#7626),#6924);
#7277=STYLED_ITEM('',(#7627),#6925);
#7278=STYLED_ITEM('',(#7628),#6926);
#7279=STYLED_ITEM('',(#7629),#6927);
#7280=STYLED_ITEM('',(#7630),#6928);
#7281=STYLED_ITEM('',(#7631),#6929);
#7282=STYLED_ITEM('',(#7632),#6930);
#7283=STYLED_ITEM('',(#7633),#6931);
#7284=STYLED_ITEM('',(#7634),#6932);
#7285=STYLED_ITEM('',(#7635),#6933);
#7286=STYLED_ITEM('',(#7636),#6934);
#7287=STYLED_ITEM('',(#7637),#6935);
#7288=STYLED_ITEM('',(#7638),#6936);
#7289=STYLED_ITEM('',(#7639),#6937);
#7290=STYLED_ITEM('',(#7640),#6938);
#7291=STYLED_ITEM('',(#7641),#6939);
#7292=STYLED_ITEM('',(#7642),#6940);
#7293=STYLED_ITEM('',(#7643),#6941);
#7294=STYLED_ITEM('',(#7644),#6942);
#7295=STYLED_ITEM('',(#7645),#6943);
#7296=STYLED_ITEM('',(#7646),#6944);
#7297=STYLED_ITEM('',(#7647),#6945);
#7298=STYLED_ITEM('',(#7648),#6946);
#7299=STYLED_ITEM('',(#7649),#6947);
#7300=STYLED_ITEM('',(#7650),#6948);
#7301=STYLED_ITEM('',(#7651),#6949);
#7302=STYLED_ITEM('',(#7652),#6950);
#7303=STYLED_ITEM('',(#7653),#6951);
#7304=STYLED_ITEM('',(#7654),#6952);
#7305=STYLED_ITEM('',(#7655),#6953);
#7306=STYLED_ITEM('',(#7656),#6954);
#7307=STYLED_ITEM('',(#7657),#6955);
#7308=STYLED_ITEM('',(#7658),#6956);
#7309=STYLED_ITEM('',(#7659),#6957);
#7310=STYLED_ITEM('',(#7660),#6958);
#7311=STYLED_ITEM('',(#7661),#6959);
#7312=STYLED_ITEM('',(#7662),#6960);
#7313=STYLED_ITEM('',(#7663),#6962);
#7314=STYLED_ITEM('',(#7664),#6963);
#7315=STYLED_ITEM('',(#7665),#6964);
#7316=STYLED_ITEM('',(#7666),#6965);
#7317=STYLED_ITEM('',(#7667),#6966);
#7318=STYLED_ITEM('',(#7668),#6967);
#7319=STYLED_ITEM('',(#7669),#6968);
#7320=STYLED_ITEM('',(#7670),#6969);
#7321=STYLED_ITEM('',(#7671),#6970);
#7322=STYLED_ITEM('',(#7672),#6971);
#7323=STYLED_ITEM('',(#7673),#6972);
#7324=STYLED_ITEM('',(#7674),#6973);
#7325=STYLED_ITEM('',(#7675),#6974);
#7326=STYLED_ITEM('',(#7676),#6975);
#7327=STYLED_ITEM('',(#7677),#6976);
#7328=STYLED_ITEM('',(#7678),#6977);
#7329=STYLED_ITEM('',(#7679),#6978);
#7330=STYLED_ITEM('',(#7680),#6979);
#7331=STYLED_ITEM('',(#7681),#6980);
#7332=STYLED_ITEM('',(#7682),#6981);
#7333=STYLED_ITEM('',(#7683),#6982);
#7334=STYLED_ITEM('',(#7684),#6983);
#7335=STYLED_ITEM('',(#7685),#6984);
#7336=STYLED_ITEM('',(#7686),#6985);
#7337=STYLED_ITEM('',(#7687),#6986);
#7338=STYLED_ITEM('',(#7688),#6987);
#7339=STYLED_ITEM('',(#7689),#6988);
#7340=STYLED_ITEM('',(#7690),#6989);
#7341=STYLED_ITEM('',(#7691),#6990);
#7342=STYLED_ITEM('',(#7692),#6991);
#7343=STYLED_ITEM('',(#7693),#6992);
#7344=STYLED_ITEM('',(#7694),#6993);
#7345=STYLED_ITEM('',(#7695),#6994);
#7346=STYLED_ITEM('',(#7696),#6995);
#7347=STYLED_ITEM('',(#7697),#6996);
#7348=STYLED_ITEM('',(#7698),#6997);
#7349=STYLED_ITEM('',(#7699),#6998);
#7350=STYLED_ITEM('',(#7700),#6999);
#7351=STYLED_ITEM('',(#7701),#7000);
#7352=STYLED_ITEM('',(#7702),#7001);
#7353=STYLED_ITEM('',(#7703),#7002);
#7354=STYLED_ITEM('',(#7704),#7003);
#7355=STYLED_ITEM('',(#7705),#7004);
#7356=STYLED_ITEM('',(#7706),#7005);
#7357=STYLED_ITEM('',(#7707),#7006);
#7358=STYLED_ITEM('',(#7708),#7007);
#7359=STYLED_ITEM('',(#7709),#7008);
#7360=STYLED_ITEM('',(#7710),#7009);
#7361=STYLED_ITEM('',(#7711),#7010);
#7362=STYLED_ITEM('',(#7712),#7011);
#7363=STYLED_ITEM('',(#7713),#7012);
#7364=STYLED_ITEM('',(#7714),#7013);
#7365=STYLED_ITEM('',(#7715),#7014);
#7366=STYLED_ITEM('',(#7716),#7015);
#7367=STYLED_ITEM('',(#7717),#7016);
#7368=STYLED_ITEM('',(#7718),#7017);
#7369=STYLED_ITEM('',(#7719),#7018);
#7370=STYLED_ITEM('',(#7720),#7019);
#7371=STYLED_ITEM('',(#7721),#7020);
#7372=STYLED_ITEM('',(#7722),#7021);
#7373=STYLED_ITEM('',(#7723),#7022);
#7374=STYLED_ITEM('',(#7724),#7023);
#7375=STYLED_ITEM('',(#7725),#7024);
#7376=STYLED_ITEM('',(#7726),#7025);
#7377=STYLED_ITEM('',(#7727),#7026);
#7378=STYLED_ITEM('',(#7728),#7027);
#7379=STYLED_ITEM('',(#7729),#7028);
#7380=STYLED_ITEM('',(#7730),#7029);
#7381=STYLED_ITEM('',(#7731),#7030);
#7382=STYLED_ITEM('',(#7732),#7031);
#7383=STYLED_ITEM('',(#7733),#7032);
#7384=STYLED_ITEM('',(#7734),#7033);
#7385=STYLED_ITEM('',(#7735),#7034);
#7386=STYLED_ITEM('',(#7736),#7035);
#7387=STYLED_ITEM('',(#7737),#7036);
#7388=STYLED_ITEM('',(#7738),#7037);
#7389=STYLED_ITEM('',(#7739),#7038);
#7390=STYLED_ITEM('',(#7740),#7039);
#7391=STYLED_ITEM('',(#7741),#7040);
#7392=STYLED_ITEM('',(#7742),#7041);
#7393=STYLED_ITEM('',(#7743),#7042);
#7394=STYLED_ITEM('',(#7744),#7043);
#7395=STYLED_ITEM('',(#7745),#7044);
#7396=STYLED_ITEM('',(#7746),#7045);
#7397=STYLED_ITEM('',(#7747),#7046);
#7398=STYLED_ITEM('',(#7748),#7047);
#7399=STYLED_ITEM('',(#7749),#7048);
#7400=STYLED_ITEM('',(#7750),#7049);
#7401=STYLED_ITEM('',(#7751),#7050);
#7402=STYLED_ITEM('',(#7752),#7051);
#7403=STYLED_ITEM('',(#7753),#7052);
#7404=STYLED_ITEM('',(#7754),#7053);
#7405=STYLED_ITEM('',(#7755),#7054);
#7406=STYLED_ITEM('',(#7756),#7055);
#7407=STYLED_ITEM('',(#7757),#7056);
#7408=STYLED_ITEM('',(#7758),#7057);
#7409=STYLED_ITEM('',(#7759),#7058);
#7410=STYLED_ITEM('',(#7760),#7059);
#7411=STYLED_ITEM('',(#7761),#7060);
#7412=STYLED_ITEM('',(#7762),#482);
#7413=STYLED_ITEM('',(#7763),#483);
#7414=STYLED_ITEM('',(#7764),#484);
#7415=STYLED_ITEM('',(#7765),#485);
#7416=STYLED_ITEM('',(#7766),#486);
#7417=STYLED_ITEM('',(#7767),#487);
#7418=STYLED_ITEM('',(#7768),#488);
#7419=PRESENTATION_STYLE_ASSIGNMENT((#7769));
#7420=PRESENTATION_STYLE_ASSIGNMENT((#7770));
#7421=PRESENTATION_STYLE_ASSIGNMENT((#7771));
#7422=PRESENTATION_STYLE_ASSIGNMENT((#7772));
#7423=PRESENTATION_STYLE_ASSIGNMENT((#7773));
#7424=PRESENTATION_STYLE_ASSIGNMENT((#7774));
#7425=PRESENTATION_STYLE_ASSIGNMENT((#7775));
#7426=PRESENTATION_STYLE_ASSIGNMENT((#7776));
#7427=PRESENTATION_STYLE_ASSIGNMENT((#7777));
#7428=PRESENTATION_STYLE_ASSIGNMENT((#7778));
#7429=PRESENTATION_STYLE_ASSIGNMENT((#7779));
#7430=PRESENTATION_STYLE_ASSIGNMENT((#7780));
#7431=PRESENTATION_STYLE_ASSIGNMENT((#7781));
#7432=PRESENTATION_STYLE_ASSIGNMENT((#7782));
#7433=PRESENTATION_STYLE_ASSIGNMENT((#7783));
#7434=PRESENTATION_STYLE_ASSIGNMENT((#7784));
#7435=PRESENTATION_STYLE_ASSIGNMENT((#7785));
#7436=PRESENTATION_STYLE_ASSIGNMENT((#7786));
#7437=PRESENTATION_STYLE_ASSIGNMENT((#7787));
#7438=PRESENTATION_STYLE_ASSIGNMENT((#7788));
#7439=PRESENTATION_STYLE_ASSIGNMENT((#7789));
#7440=PRESENTATION_STYLE_ASSIGNMENT((#7790));
#7441=PRESENTATION_STYLE_ASSIGNMENT((#7791));
#7442=PRESENTATION_STYLE_ASSIGNMENT((#7792));
#7443=PRESENTATION_STYLE_ASSIGNMENT((#7793));
#7444=PRESENTATION_STYLE_ASSIGNMENT((#7794));
#7445=PRESENTATION_STYLE_ASSIGNMENT((#7795));
#7446=PRESENTATION_STYLE_ASSIGNMENT((#7796));
#7447=PRESENTATION_STYLE_ASSIGNMENT((#7797));
#7448=PRESENTATION_STYLE_ASSIGNMENT((#7798));
#7449=PRESENTATION_STYLE_ASSIGNMENT((#7799));
#7450=PRESENTATION_STYLE_ASSIGNMENT((#7800));
#7451=PRESENTATION_STYLE_ASSIGNMENT((#7801));
#7452=PRESENTATION_STYLE_ASSIGNMENT((#7802));
#7453=PRESENTATION_STYLE_ASSIGNMENT((#7803));
#7454=PRESENTATION_STYLE_ASSIGNMENT((#7804));
#7455=PRESENTATION_STYLE_ASSIGNMENT((#7805));
#7456=PRESENTATION_STYLE_ASSIGNMENT((#7806));
#7457=PRESENTATION_STYLE_ASSIGNMENT((#7807));
#7458=PRESENTATION_STYLE_ASSIGNMENT((#7808));
#7459=PRESENTATION_STYLE_ASSIGNMENT((#7809));
#7460=PRESENTATION_STYLE_ASSIGNMENT((#7810));
#7461=PRESENTATION_STYLE_ASSIGNMENT((#7811));
#7462=PRESENTATION_STYLE_ASSIGNMENT((#7812));
#7463=PRESENTATION_STYLE_ASSIGNMENT((#7813));
#7464=PRESENTATION_STYLE_ASSIGNMENT((#7814));
#7465=PRESENTATION_STYLE_ASSIGNMENT((#7815));
#7466=PRESENTATION_STYLE_ASSIGNMENT((#7816));
#7467=PRESENTATION_STYLE_ASSIGNMENT((#7817));
#7468=PRESENTATION_STYLE_ASSIGNMENT((#7818));
#7469=PRESENTATION_STYLE_ASSIGNMENT((#7819));
#7470=PRESENTATION_STYLE_ASSIGNMENT((#7820));
#7471=PRESENTATION_STYLE_ASSIGNMENT((#7821));
#7472=PRESENTATION_STYLE_ASSIGNMENT((#7822));
#7473=PRESENTATION_STYLE_ASSIGNMENT((#7823));
#7474=PRESENTATION_STYLE_ASSIGNMENT((#7824));
#7475=PRESENTATION_STYLE_ASSIGNMENT((#7825));
#7476=PRESENTATION_STYLE_ASSIGNMENT((#7826));
#7477=PRESENTATION_STYLE_ASSIGNMENT((#7827));
#7478=PRESENTATION_STYLE_ASSIGNMENT((#7828));
#7479=PRESENTATION_STYLE_ASSIGNMENT((#7829));
#7480=PRESENTATION_STYLE_ASSIGNMENT((#7830));
#7481=PRESENTATION_STYLE_ASSIGNMENT((#7831));
#7482=PRESENTATION_STYLE_ASSIGNMENT((#7832));
#7483=PRESENTATION_STYLE_ASSIGNMENT((#7833));
#7484=PRESENTATION_STYLE_ASSIGNMENT((#7834));
#7485=PRESENTATION_STYLE_ASSIGNMENT((#7835));
#7486=PRESENTATION_STYLE_ASSIGNMENT((#7836));
#7487=PRESENTATION_STYLE_ASSIGNMENT((#7837));
#7488=PRESENTATION_STYLE_ASSIGNMENT((#7838));
#7489=PRESENTATION_STYLE_ASSIGNMENT((#7839));
#7490=PRESENTATION_STYLE_ASSIGNMENT((#7840));
#7491=PRESENTATION_STYLE_ASSIGNMENT((#7841));
#7492=PRESENTATION_STYLE_ASSIGNMENT((#7842));
#7493=PRESENTATION_STYLE_ASSIGNMENT((#7843));
#7494=PRESENTATION_STYLE_ASSIGNMENT((#7844));
#7495=PRESENTATION_STYLE_ASSIGNMENT((#7845));
#7496=PRESENTATION_STYLE_ASSIGNMENT((#7846));
#7497=PRESENTATION_STYLE_ASSIGNMENT((#7847));
#7498=PRESENTATION_STYLE_ASSIGNMENT((#7848));
#7499=PRESENTATION_STYLE_ASSIGNMENT((#7849));
#7500=PRESENTATION_STYLE_ASSIGNMENT((#7850));
#7501=PRESENTATION_STYLE_ASSIGNMENT((#7851));
#7502=PRESENTATION_STYLE_ASSIGNMENT((#7852));
#7503=PRESENTATION_STYLE_ASSIGNMENT((#7853));
#7504=PRESENTATION_STYLE_ASSIGNMENT((#7854));
#7505=PRESENTATION_STYLE_ASSIGNMENT((#7855));
#7506=PRESENTATION_STYLE_ASSIGNMENT((#7856));
#7507=PRESENTATION_STYLE_ASSIGNMENT((#7857));
#7508=PRESENTATION_STYLE_ASSIGNMENT((#7858));
#7509=PRESENTATION_STYLE_ASSIGNMENT((#7859));
#7510=PRESENTATION_STYLE_ASSIGNMENT((#7860));
#7511=PRESENTATION_STYLE_ASSIGNMENT((#7861));
#7512=PRESENTATION_STYLE_ASSIGNMENT((#7862));
#7513=PRESENTATION_STYLE_ASSIGNMENT((#7863));
#7514=PRESENTATION_STYLE_ASSIGNMENT((#7864));
#7515=PRESENTATION_STYLE_ASSIGNMENT((#7865));
#7516=PRESENTATION_STYLE_ASSIGNMENT((#7866));
#7517=PRESENTATION_STYLE_ASSIGNMENT((#7867));
#7518=PRESENTATION_STYLE_ASSIGNMENT((#7868));
#7519=PRESENTATION_STYLE_ASSIGNMENT((#7869));
#7520=PRESENTATION_STYLE_ASSIGNMENT((#7870));
#7521=PRESENTATION_STYLE_ASSIGNMENT((#7871));
#7522=PRESENTATION_STYLE_ASSIGNMENT((#7872));
#7523=PRESENTATION_STYLE_ASSIGNMENT((#7873));
#7524=PRESENTATION_STYLE_ASSIGNMENT((#7874));
#7525=PRESENTATION_STYLE_ASSIGNMENT((#7875));
#7526=PRESENTATION_STYLE_ASSIGNMENT((#7876));
#7527=PRESENTATION_STYLE_ASSIGNMENT((#7877));
#7528=PRESENTATION_STYLE_ASSIGNMENT((#7878));
#7529=PRESENTATION_STYLE_ASSIGNMENT((#7879));
#7530=PRESENTATION_STYLE_ASSIGNMENT((#7880));
#7531=PRESENTATION_STYLE_ASSIGNMENT((#7881));
#7532=PRESENTATION_STYLE_ASSIGNMENT((#7882));
#7533=PRESENTATION_STYLE_ASSIGNMENT((#7883));
#7534=PRESENTATION_STYLE_ASSIGNMENT((#7884));
#7535=PRESENTATION_STYLE_ASSIGNMENT((#7885));
#7536=PRESENTATION_STYLE_ASSIGNMENT((#7886));
#7537=PRESENTATION_STYLE_ASSIGNMENT((#7887));
#7538=PRESENTATION_STYLE_ASSIGNMENT((#7888));
#7539=PRESENTATION_STYLE_ASSIGNMENT((#7889));
#7540=PRESENTATION_STYLE_ASSIGNMENT((#7890));
#7541=PRESENTATION_STYLE_ASSIGNMENT((#7891));
#7542=PRESENTATION_STYLE_ASSIGNMENT((#7892));
#7543=PRESENTATION_STYLE_ASSIGNMENT((#7893));
#7544=PRESENTATION_STYLE_ASSIGNMENT((#7894));
#7545=PRESENTATION_STYLE_ASSIGNMENT((#7895));
#7546=PRESENTATION_STYLE_ASSIGNMENT((#7896));
#7547=PRESENTATION_STYLE_ASSIGNMENT((#7897));
#7548=PRESENTATION_STYLE_ASSIGNMENT((#7898));
#7549=PRESENTATION_STYLE_ASSIGNMENT((#7899));
#7550=PRESENTATION_STYLE_ASSIGNMENT((#7900));
#7551=PRESENTATION_STYLE_ASSIGNMENT((#7901));
#7552=PRESENTATION_STYLE_ASSIGNMENT((#7902));
#7553=PRESENTATION_STYLE_ASSIGNMENT((#7903));
#7554=PRESENTATION_STYLE_ASSIGNMENT((#7904));
#7555=PRESENTATION_STYLE_ASSIGNMENT((#7905));
#7556=PRESENTATION_STYLE_ASSIGNMENT((#7906));
#7557=PRESENTATION_STYLE_ASSIGNMENT((#7907));
#7558=PRESENTATION_STYLE_ASSIGNMENT((#7908));
#7559=PRESENTATION_STYLE_ASSIGNMENT((#7909));
#7560=PRESENTATION_STYLE_ASSIGNMENT((#7910));
#7561=PRESENTATION_STYLE_ASSIGNMENT((#7911));
#7562=PRESENTATION_STYLE_ASSIGNMENT((#7912));
#7563=PRESENTATION_STYLE_ASSIGNMENT((#7913));
#7564=PRESENTATION_STYLE_ASSIGNMENT((#7914));
#7565=PRESENTATION_STYLE_ASSIGNMENT((#7915));
#7566=PRESENTATION_STYLE_ASSIGNMENT((#7916));
#7567=PRESENTATION_STYLE_ASSIGNMENT((#7917));
#7568=PRESENTATION_STYLE_ASSIGNMENT((#7918));
#7569=PRESENTATION_STYLE_ASSIGNMENT((#7919));
#7570=PRESENTATION_STYLE_ASSIGNMENT((#7920));
#7571=PRESENTATION_STYLE_ASSIGNMENT((#7921));
#7572=PRESENTATION_STYLE_ASSIGNMENT((#7922));
#7573=PRESENTATION_STYLE_ASSIGNMENT((#7923));
#7574=PRESENTATION_STYLE_ASSIGNMENT((#7924));
#7575=PRESENTATION_STYLE_ASSIGNMENT((#7925));
#7576=PRESENTATION_STYLE_ASSIGNMENT((#7926));
#7577=PRESENTATION_STYLE_ASSIGNMENT((#7927));
#7578=PRESENTATION_STYLE_ASSIGNMENT((#7928));
#7579=PRESENTATION_STYLE_ASSIGNMENT((#7929));
#7580=PRESENTATION_STYLE_ASSIGNMENT((#7930));
#7581=PRESENTATION_STYLE_ASSIGNMENT((#7931));
#7582=PRESENTATION_STYLE_ASSIGNMENT((#7932));
#7583=PRESENTATION_STYLE_ASSIGNMENT((#7933));
#7584=PRESENTATION_STYLE_ASSIGNMENT((#7934));
#7585=PRESENTATION_STYLE_ASSIGNMENT((#7935));
#7586=PRESENTATION_STYLE_ASSIGNMENT((#7936));
#7587=PRESENTATION_STYLE_ASSIGNMENT((#7937));
#7588=PRESENTATION_STYLE_ASSIGNMENT((#7938));
#7589=PRESENTATION_STYLE_ASSIGNMENT((#7939));
#7590=PRESENTATION_STYLE_ASSIGNMENT((#7940));
#7591=PRESENTATION_STYLE_ASSIGNMENT((#7941));
#7592=PRESENTATION_STYLE_ASSIGNMENT((#7942));
#7593=PRESENTATION_STYLE_ASSIGNMENT((#7943));
#7594=PRESENTATION_STYLE_ASSIGNMENT((#7944));
#7595=PRESENTATION_STYLE_ASSIGNMENT((#7945));
#7596=PRESENTATION_STYLE_ASSIGNMENT((#7946));
#7597=PRESENTATION_STYLE_ASSIGNMENT((#7947));
#7598=PRESENTATION_STYLE_ASSIGNMENT((#7948));
#7599=PRESENTATION_STYLE_ASSIGNMENT((#7949));
#7600=PRESENTATION_STYLE_ASSIGNMENT((#7950));
#7601=PRESENTATION_STYLE_ASSIGNMENT((#7951));
#7602=PRESENTATION_STYLE_ASSIGNMENT((#7952));
#7603=PRESENTATION_STYLE_ASSIGNMENT((#7953));
#7604=PRESENTATION_STYLE_ASSIGNMENT((#7954));
#7605=PRESENTATION_STYLE_ASSIGNMENT((#7955));
#7606=PRESENTATION_STYLE_ASSIGNMENT((#7956));
#7607=PRESENTATION_STYLE_ASSIGNMENT((#7957));
#7608=PRESENTATION_STYLE_ASSIGNMENT((#7958));
#7609=PRESENTATION_STYLE_ASSIGNMENT((#7959));
#7610=PRESENTATION_STYLE_ASSIGNMENT((#7960));
#7611=PRESENTATION_STYLE_ASSIGNMENT((#7961));
#7612=PRESENTATION_STYLE_ASSIGNMENT((#7962));
#7613=PRESENTATION_STYLE_ASSIGNMENT((#7963));
#7614=PRESENTATION_STYLE_ASSIGNMENT((#7964));
#7615=PRESENTATION_STYLE_ASSIGNMENT((#7965));
#7616=PRESENTATION_STYLE_ASSIGNMENT((#7966));
#7617=PRESENTATION_STYLE_ASSIGNMENT((#7967));
#7618=PRESENTATION_STYLE_ASSIGNMENT((#7968));
#7619=PRESENTATION_STYLE_ASSIGNMENT((#7969));
#7620=PRESENTATION_STYLE_ASSIGNMENT((#7970));
#7621=PRESENTATION_STYLE_ASSIGNMENT((#7971));
#7622=PRESENTATION_STYLE_ASSIGNMENT((#7972));
#7623=PRESENTATION_STYLE_ASSIGNMENT((#7973));
#7624=PRESENTATION_STYLE_ASSIGNMENT((#7974));
#7625=PRESENTATION_STYLE_ASSIGNMENT((#7975));
#7626=PRESENTATION_STYLE_ASSIGNMENT((#7976));
#7627=PRESENTATION_STYLE_ASSIGNMENT((#7977));
#7628=PRESENTATION_STYLE_ASSIGNMENT((#7978));
#7629=PRESENTATION_STYLE_ASSIGNMENT((#7979));
#7630=PRESENTATION_STYLE_ASSIGNMENT((#7980));
#7631=PRESENTATION_STYLE_ASSIGNMENT((#7981));
#7632=PRESENTATION_STYLE_ASSIGNMENT((#7982));
#7633=PRESENTATION_STYLE_ASSIGNMENT((#7983));
#7634=PRESENTATION_STYLE_ASSIGNMENT((#7984));
#7635=PRESENTATION_STYLE_ASSIGNMENT((#7985));
#7636=PRESENTATION_STYLE_ASSIGNMENT((#7986));
#7637=PRESENTATION_STYLE_ASSIGNMENT((#7987));
#7638=PRESENTATION_STYLE_ASSIGNMENT((#7988));
#7639=PRESENTATION_STYLE_ASSIGNMENT((#7989));
#7640=PRESENTATION_STYLE_ASSIGNMENT((#7990));
#7641=PRESENTATION_STYLE_ASSIGNMENT((#7991));
#7642=PRESENTATION_STYLE_ASSIGNMENT((#7992));
#7643=PRESENTATION_STYLE_ASSIGNMENT((#7993));
#7644=PRESENTATION_STYLE_ASSIGNMENT((#7994));
#7645=PRESENTATION_STYLE_ASSIGNMENT((#7995));
#7646=PRESENTATION_STYLE_ASSIGNMENT((#7996));
#7647=PRESENTATION_STYLE_ASSIGNMENT((#7997));
#7648=PRESENTATION_STYLE_ASSIGNMENT((#7998));
#7649=PRESENTATION_STYLE_ASSIGNMENT((#7999));
#7650=PRESENTATION_STYLE_ASSIGNMENT((#8000));
#7651=PRESENTATION_STYLE_ASSIGNMENT((#8001));
#7652=PRESENTATION_STYLE_ASSIGNMENT((#8002));
#7653=PRESENTATION_STYLE_ASSIGNMENT((#8003));
#7654=PRESENTATION_STYLE_ASSIGNMENT((#8004));
#7655=PRESENTATION_STYLE_ASSIGNMENT((#8005));
#7656=PRESENTATION_STYLE_ASSIGNMENT((#8006));
#7657=PRESENTATION_STYLE_ASSIGNMENT((#8007));
#7658=PRESENTATION_STYLE_ASSIGNMENT((#8008));
#7659=PRESENTATION_STYLE_ASSIGNMENT((#8009));
#7660=PRESENTATION_STYLE_ASSIGNMENT((#8010));
#7661=PRESENTATION_STYLE_ASSIGNMENT((#8011));
#7662=PRESENTATION_STYLE_ASSIGNMENT((#8012));
#7663=PRESENTATION_STYLE_ASSIGNMENT((#8013));
#7664=PRESENTATION_STYLE_ASSIGNMENT((#8014));
#7665=PRESENTATION_STYLE_ASSIGNMENT((#8015));
#7666=PRESENTATION_STYLE_ASSIGNMENT((#8016));
#7667=PRESENTATION_STYLE_ASSIGNMENT((#8017));
#7668=PRESENTATION_STYLE_ASSIGNMENT((#8018));
#7669=PRESENTATION_STYLE_ASSIGNMENT((#8019));
#7670=PRESENTATION_STYLE_ASSIGNMENT((#8020));
#7671=PRESENTATION_STYLE_ASSIGNMENT((#8021));
#7672=PRESENTATION_STYLE_ASSIGNMENT((#8022));
#7673=PRESENTATION_STYLE_ASSIGNMENT((#8023));
#7674=PRESENTATION_STYLE_ASSIGNMENT((#8024));
#7675=PRESENTATION_STYLE_ASSIGNMENT((#8025));
#7676=PRESENTATION_STYLE_ASSIGNMENT((#8026));
#7677=PRESENTATION_STYLE_ASSIGNMENT((#8027));
#7678=PRESENTATION_STYLE_ASSIGNMENT((#8028));
#7679=PRESENTATION_STYLE_ASSIGNMENT((#8029));
#7680=PRESENTATION_STYLE_ASSIGNMENT((#8030));
#7681=PRESENTATION_STYLE_ASSIGNMENT((#8031));
#7682=PRESENTATION_STYLE_ASSIGNMENT((#8032));
#7683=PRESENTATION_STYLE_ASSIGNMENT((#8033));
#7684=PRESENTATION_STYLE_ASSIGNMENT((#8034));
#7685=PRESENTATION_STYLE_ASSIGNMENT((#8035));
#7686=PRESENTATION_STYLE_ASSIGNMENT((#8036));
#7687=PRESENTATION_STYLE_ASSIGNMENT((#8037));
#7688=PRESENTATION_STYLE_ASSIGNMENT((#8038));
#7689=PRESENTATION_STYLE_ASSIGNMENT((#8039));
#7690=PRESENTATION_STYLE_ASSIGNMENT((#8040));
#7691=PRESENTATION_STYLE_ASSIGNMENT((#8041));
#7692=PRESENTATION_STYLE_ASSIGNMENT((#8042));
#7693=PRESENTATION_STYLE_ASSIGNMENT((#8043));
#7694=PRESENTATION_STYLE_ASSIGNMENT((#8044));
#7695=PRESENTATION_STYLE_ASSIGNMENT((#8045));
#7696=PRESENTATION_STYLE_ASSIGNMENT((#8046));
#7697=PRESENTATION_STYLE_ASSIGNMENT((#8047));
#7698=PRESENTATION_STYLE_ASSIGNMENT((#8048));
#7699=PRESENTATION_STYLE_ASSIGNMENT((#8049));
#7700=PRESENTATION_STYLE_ASSIGNMENT((#8050));
#7701=PRESENTATION_STYLE_ASSIGNMENT((#8051));
#7702=PRESENTATION_STYLE_ASSIGNMENT((#8052));
#7703=PRESENTATION_STYLE_ASSIGNMENT((#8053));
#7704=PRESENTATION_STYLE_ASSIGNMENT((#8054));
#7705=PRESENTATION_STYLE_ASSIGNMENT((#8055));
#7706=PRESENTATION_STYLE_ASSIGNMENT((#8056));
#7707=PRESENTATION_STYLE_ASSIGNMENT((#8057));
#7708=PRESENTATION_STYLE_ASSIGNMENT((#8058));
#7709=PRESENTATION_STYLE_ASSIGNMENT((#8059));
#7710=PRESENTATION_STYLE_ASSIGNMENT((#8060));
#7711=PRESENTATION_STYLE_ASSIGNMENT((#8061));
#7712=PRESENTATION_STYLE_ASSIGNMENT((#8062));
#7713=PRESENTATION_STYLE_ASSIGNMENT((#8063));
#7714=PRESENTATION_STYLE_ASSIGNMENT((#8064));
#7715=PRESENTATION_STYLE_ASSIGNMENT((#8065));
#7716=PRESENTATION_STYLE_ASSIGNMENT((#8066));
#7717=PRESENTATION_STYLE_ASSIGNMENT((#8067));
#7718=PRESENTATION_STYLE_ASSIGNMENT((#8068));
#7719=PRESENTATION_STYLE_ASSIGNMENT((#8069));
#7720=PRESENTATION_STYLE_ASSIGNMENT((#8070));
#7721=PRESENTATION_STYLE_ASSIGNMENT((#8071));
#7722=PRESENTATION_STYLE_ASSIGNMENT((#8072));
#7723=PRESENTATION_STYLE_ASSIGNMENT((#8073));
#7724=PRESENTATION_STYLE_ASSIGNMENT((#8074));
#7725=PRESENTATION_STYLE_ASSIGNMENT((#8075));
#7726=PRESENTATION_STYLE_ASSIGNMENT((#8076));
#7727=PRESENTATION_STYLE_ASSIGNMENT((#8077));
#7728=PRESENTATION_STYLE_ASSIGNMENT((#8078));
#7729=PRESENTATION_STYLE_ASSIGNMENT((#8079));
#7730=PRESENTATION_STYLE_ASSIGNMENT((#8080));
#7731=PRESENTATION_STYLE_ASSIGNMENT((#8081));
#7732=PRESENTATION_STYLE_ASSIGNMENT((#8082));
#7733=PRESENTATION_STYLE_ASSIGNMENT((#8083));
#7734=PRESENTATION_STYLE_ASSIGNMENT((#8084));
#7735=PRESENTATION_STYLE_ASSIGNMENT((#8085));
#7736=PRESENTATION_STYLE_ASSIGNMENT((#8086));
#7737=PRESENTATION_STYLE_ASSIGNMENT((#8087));
#7738=PRESENTATION_STYLE_ASSIGNMENT((#8088));
#7739=PRESENTATION_STYLE_ASSIGNMENT((#8089));
#7740=PRESENTATION_STYLE_ASSIGNMENT((#8090));
#7741=PRESENTATION_STYLE_ASSIGNMENT((#8091));
#7742=PRESENTATION_STYLE_ASSIGNMENT((#8092));
#7743=PRESENTATION_STYLE_ASSIGNMENT((#8093));
#7744=PRESENTATION_STYLE_ASSIGNMENT((#8094));
#7745=PRESENTATION_STYLE_ASSIGNMENT((#8095));
#7746=PRESENTATION_STYLE_ASSIGNMENT((#8096));
#7747=PRESENTATION_STYLE_ASSIGNMENT((#8097));
#7748=PRESENTATION_STYLE_ASSIGNMENT((#8098));
#7749=PRESENTATION_STYLE_ASSIGNMENT((#8099));
#7750=PRESENTATION_STYLE_ASSIGNMENT((#8100));
#7751=PRESENTATION_STYLE_ASSIGNMENT((#8101));
#7752=PRESENTATION_STYLE_ASSIGNMENT((#8102));
#7753=PRESENTATION_STYLE_ASSIGNMENT((#8103));
#7754=PRESENTATION_STYLE_ASSIGNMENT((#8104));
#7755=PRESENTATION_STYLE_ASSIGNMENT((#8105));
#7756=PRESENTATION_STYLE_ASSIGNMENT((#8106));
#7757=PRESENTATION_STYLE_ASSIGNMENT((#8107));
#7758=PRESENTATION_STYLE_ASSIGNMENT((#8108));
#7759=PRESENTATION_STYLE_ASSIGNMENT((#8109));
#7760=PRESENTATION_STYLE_ASSIGNMENT((#8110));
#7761=PRESENTATION_STYLE_ASSIGNMENT((#8111));
#7762=PRESENTATION_STYLE_ASSIGNMENT((#8112));
#7763=PRESENTATION_STYLE_ASSIGNMENT((#8113));
#7764=PRESENTATION_STYLE_ASSIGNMENT((#8114));
#7765=PRESENTATION_STYLE_ASSIGNMENT((#8115));
#7766=PRESENTATION_STYLE_ASSIGNMENT((#8116));
#7767=PRESENTATION_STYLE_ASSIGNMENT((#8117));
#7768=PRESENTATION_STYLE_ASSIGNMENT((#8118));
#7769=SURFACE_STYLE_USAGE(.BOTH.,#8119);
#7770=SURFACE_STYLE_USAGE(.BOTH.,#8120);
#7771=SURFACE_STYLE_USAGE(.BOTH.,#8121);
#7772=SURFACE_STYLE_USAGE(.BOTH.,#8122);
#7773=SURFACE_STYLE_USAGE(.BOTH.,#8123);
#7774=SURFACE_STYLE_USAGE(.BOTH.,#8124);
#7775=SURFACE_STYLE_USAGE(.BOTH.,#8125);
#7776=SURFACE_STYLE_USAGE(.BOTH.,#8126);
#7777=SURFACE_STYLE_USAGE(.BOTH.,#8127);
#7778=SURFACE_STYLE_USAGE(.BOTH.,#8128);
#7779=SURFACE_STYLE_USAGE(.BOTH.,#8129);
#7780=SURFACE_STYLE_USAGE(.BOTH.,#8130);
#7781=SURFACE_STYLE_USAGE(.BOTH.,#8131);
#7782=SURFACE_STYLE_USAGE(.BOTH.,#8132);
#7783=SURFACE_STYLE_USAGE(.BOTH.,#8133);
#7784=SURFACE_STYLE_USAGE(.BOTH.,#8134);
#7785=SURFACE_STYLE_USAGE(.BOTH.,#8135);
#7786=SURFACE_STYLE_USAGE(.BOTH.,#8136);
#7787=SURFACE_STYLE_USAGE(.BOTH.,#8137);
#7788=SURFACE_STYLE_USAGE(.BOTH.,#8138);
#7789=SURFACE_STYLE_USAGE(.BOTH.,#8139);
#7790=SURFACE_STYLE_USAGE(.BOTH.,#8140);
#7791=SURFACE_STYLE_USAGE(.BOTH.,#8141);
#7792=SURFACE_STYLE_USAGE(.BOTH.,#8142);
#7793=SURFACE_STYLE_USAGE(.BOTH.,#8143);
#7794=SURFACE_STYLE_USAGE(.BOTH.,#8144);
#7795=SURFACE_STYLE_USAGE(.BOTH.,#8145);
#7796=SURFACE_STYLE_USAGE(.BOTH.,#8146);
#7797=SURFACE_STYLE_USAGE(.BOTH.,#8147);
#7798=SURFACE_STYLE_USAGE(.BOTH.,#8148);
#7799=SURFACE_STYLE_USAGE(.BOTH.,#8149);
#7800=SURFACE_STYLE_USAGE(.BOTH.,#8150);
#7801=SURFACE_STYLE_USAGE(.BOTH.,#8151);
#7802=SURFACE_STYLE_USAGE(.BOTH.,#8152);
#7803=SURFACE_STYLE_USAGE(.BOTH.,#8153);
#7804=SURFACE_STYLE_USAGE(.BOTH.,#8154);
#7805=SURFACE_STYLE_USAGE(.BOTH.,#8155);
#7806=SURFACE_STYLE_USAGE(.BOTH.,#8156);
#7807=SURFACE_STYLE_USAGE(.BOTH.,#8157);
#7808=SURFACE_STYLE_USAGE(.BOTH.,#8158);
#7809=SURFACE_STYLE_USAGE(.BOTH.,#8159);
#7810=SURFACE_STYLE_USAGE(.BOTH.,#8160);
#7811=SURFACE_STYLE_USAGE(.BOTH.,#8161);
#7812=SURFACE_STYLE_USAGE(.BOTH.,#8162);
#7813=SURFACE_STYLE_USAGE(.BOTH.,#8163);
#7814=SURFACE_STYLE_USAGE(.BOTH.,#8164);
#7815=SURFACE_STYLE_USAGE(.BOTH.,#8165);
#7816=SURFACE_STYLE_USAGE(.BOTH.,#8166);
#7817=SURFACE_STYLE_USAGE(.BOTH.,#8167);
#7818=SURFACE_STYLE_USAGE(.BOTH.,#8168);
#7819=SURFACE_STYLE_USAGE(.BOTH.,#8169);
#7820=SURFACE_STYLE_USAGE(.BOTH.,#8170);
#7821=SURFACE_STYLE_USAGE(.BOTH.,#8171);
#7822=SURFACE_STYLE_USAGE(.BOTH.,#8172);
#7823=SURFACE_STYLE_USAGE(.BOTH.,#8173);
#7824=SURFACE_STYLE_USAGE(.BOTH.,#8174);
#7825=SURFACE_STYLE_USAGE(.BOTH.,#8175);
#7826=SURFACE_STYLE_USAGE(.BOTH.,#8176);
#7827=SURFACE_STYLE_USAGE(.BOTH.,#8177);
#7828=SURFACE_STYLE_USAGE(.BOTH.,#8178);
#7829=SURFACE_STYLE_USAGE(.BOTH.,#8179);
#7830=SURFACE_STYLE_USAGE(.BOTH.,#8180);
#7831=SURFACE_STYLE_USAGE(.BOTH.,#8181);
#7832=SURFACE_STYLE_USAGE(.BOTH.,#8182);
#7833=SURFACE_STYLE_USAGE(.BOTH.,#8183);
#7834=SURFACE_STYLE_USAGE(.BOTH.,#8184);
#7835=SURFACE_STYLE_USAGE(.BOTH.,#8185);
#7836=SURFACE_STYLE_USAGE(.BOTH.,#8186);
#7837=SURFACE_STYLE_USAGE(.BOTH.,#8187);
#7838=SURFACE_STYLE_USAGE(.BOTH.,#8188);
#7839=SURFACE_STYLE_USAGE(.BOTH.,#8189);
#7840=SURFACE_STYLE_USAGE(.BOTH.,#8190);
#7841=SURFACE_STYLE_USAGE(.BOTH.,#8191);
#7842=SURFACE_STYLE_USAGE(.BOTH.,#8192);
#7843=SURFACE_STYLE_USAGE(.BOTH.,#8193);
#7844=SURFACE_STYLE_USAGE(.BOTH.,#8194);
#7845=SURFACE_STYLE_USAGE(.BOTH.,#8195);
#7846=SURFACE_STYLE_USAGE(.BOTH.,#8196);
#7847=SURFACE_STYLE_USAGE(.BOTH.,#8197);
#7848=SURFACE_STYLE_USAGE(.BOTH.,#8198);
#7849=SURFACE_STYLE_USAGE(.BOTH.,#8199);
#7850=SURFACE_STYLE_USAGE(.BOTH.,#8200);
#7851=SURFACE_STYLE_USAGE(.BOTH.,#8201);
#7852=SURFACE_STYLE_USAGE(.BOTH.,#8202);
#7853=SURFACE_STYLE_USAGE(.BOTH.,#8203);
#7854=SURFACE_STYLE_USAGE(.BOTH.,#8204);
#7855=SURFACE_STYLE_USAGE(.BOTH.,#8205);
#7856=SURFACE_STYLE_USAGE(.BOTH.,#8206);
#7857=SURFACE_STYLE_USAGE(.BOTH.,#8207);
#7858=SURFACE_STYLE_USAGE(.BOTH.,#8208);
#7859=SURFACE_STYLE_USAGE(.BOTH.,#8209);
#7860=SURFACE_STYLE_USAGE(.BOTH.,#8210);
#7861=SURFACE_STYLE_USAGE(.BOTH.,#8211);
#7862=SURFACE_STYLE_USAGE(.BOTH.,#8212);
#7863=SURFACE_STYLE_USAGE(.BOTH.,#8213);
#7864=SURFACE_STYLE_USAGE(.BOTH.,#8214);
#7865=SURFACE_STYLE_USAGE(.BOTH.,#8215);
#7866=SURFACE_STYLE_USAGE(.BOTH.,#8216);
#7867=SURFACE_STYLE_USAGE(.BOTH.,#8217);
#7868=SURFACE_STYLE_USAGE(.BOTH.,#8218);
#7869=SURFACE_STYLE_USAGE(.BOTH.,#8219);
#7870=SURFACE_STYLE_USAGE(.BOTH.,#8220);
#7871=SURFACE_STYLE_USAGE(.BOTH.,#8221);
#7872=SURFACE_STYLE_USAGE(.BOTH.,#8222);
#7873=SURFACE_STYLE_USAGE(.BOTH.,#8223);
#7874=SURFACE_STYLE_USAGE(.BOTH.,#8224);
#7875=SURFACE_STYLE_USAGE(.BOTH.,#8225);
#7876=SURFACE_STYLE_USAGE(.BOTH.,#8226);
#7877=SURFACE_STYLE_USAGE(.BOTH.,#8227);
#7878=SURFACE_STYLE_USAGE(.BOTH.,#8228);
#7879=SURFACE_STYLE_USAGE(.BOTH.,#8229);
#7880=SURFACE_STYLE_USAGE(.BOTH.,#8230);
#7881=SURFACE_STYLE_USAGE(.BOTH.,#8231);
#7882=SURFACE_STYLE_USAGE(.BOTH.,#8232);
#7883=SURFACE_STYLE_USAGE(.BOTH.,#8233);
#7884=SURFACE_STYLE_USAGE(.BOTH.,#8234);
#7885=SURFACE_STYLE_USAGE(.BOTH.,#8235);
#7886=SURFACE_STYLE_USAGE(.BOTH.,#8236);
#7887=SURFACE_STYLE_USAGE(.BOTH.,#8237);
#7888=SURFACE_STYLE_USAGE(.BOTH.,#8238);
#7889=SURFACE_STYLE_USAGE(.BOTH.,#8239);
#7890=SURFACE_STYLE_USAGE(.BOTH.,#8240);
#7891=SURFACE_STYLE_USAGE(.BOTH.,#8241);
#7892=SURFACE_STYLE_USAGE(.BOTH.,#8242);
#7893=SURFACE_STYLE_USAGE(.BOTH.,#8243);
#7894=SURFACE_STYLE_USAGE(.BOTH.,#8244);
#7895=SURFACE_STYLE_USAGE(.BOTH.,#8245);
#7896=SURFACE_STYLE_USAGE(.BOTH.,#8246);
#7897=SURFACE_STYLE_USAGE(.BOTH.,#8247);
#7898=SURFACE_STYLE_USAGE(.BOTH.,#8248);
#7899=SURFACE_STYLE_USAGE(.BOTH.,#8249);
#7900=SURFACE_STYLE_USAGE(.BOTH.,#8250);
#7901=SURFACE_STYLE_USAGE(.BOTH.,#8251);
#7902=SURFACE_STYLE_USAGE(.BOTH.,#8252);
#7903=SURFACE_STYLE_USAGE(.BOTH.,#8253);
#7904=SURFACE_STYLE_USAGE(.BOTH.,#8254);
#7905=SURFACE_STYLE_USAGE(.BOTH.,#8255);
#7906=SURFACE_STYLE_USAGE(.BOTH.,#8256);
#7907=SURFACE_STYLE_USAGE(.BOTH.,#8257);
#7908=SURFACE_STYLE_USAGE(.BOTH.,#8258);
#7909=SURFACE_STYLE_USAGE(.BOTH.,#8259);
#7910=SURFACE_STYLE_USAGE(.BOTH.,#8260);
#7911=SURFACE_STYLE_USAGE(.BOTH.,#8261);
#7912=SURFACE_STYLE_USAGE(.BOTH.,#8262);
#7913=SURFACE_STYLE_USAGE(.BOTH.,#8263);
#7914=SURFACE_STYLE_USAGE(.BOTH.,#8264);
#7915=SURFACE_STYLE_USAGE(.BOTH.,#8265);
#7916=SURFACE_STYLE_USAGE(.BOTH.,#8266);
#7917=SURFACE_STYLE_USAGE(.BOTH.,#8267);
#7918=SURFACE_STYLE_USAGE(.BOTH.,#8268);
#7919=SURFACE_STYLE_USAGE(.BOTH.,#8269);
#7920=SURFACE_STYLE_USAGE(.BOTH.,#8270);
#7921=SURFACE_STYLE_USAGE(.BOTH.,#8271);
#7922=SURFACE_STYLE_USAGE(.BOTH.,#8272);
#7923=SURFACE_STYLE_USAGE(.BOTH.,#8273);
#7924=SURFACE_STYLE_USAGE(.BOTH.,#8274);
#7925=SURFACE_STYLE_USAGE(.BOTH.,#8275);
#7926=SURFACE_STYLE_USAGE(.BOTH.,#8276);
#7927=SURFACE_STYLE_USAGE(.BOTH.,#8277);
#7928=SURFACE_STYLE_USAGE(.BOTH.,#8278);
#7929=SURFACE_STYLE_USAGE(.BOTH.,#8279);
#7930=SURFACE_STYLE_USAGE(.BOTH.,#8280);
#7931=SURFACE_STYLE_USAGE(.BOTH.,#8281);
#7932=SURFACE_STYLE_USAGE(.BOTH.,#8282);
#7933=SURFACE_STYLE_USAGE(.BOTH.,#8283);
#7934=SURFACE_STYLE_USAGE(.BOTH.,#8284);
#7935=SURFACE_STYLE_USAGE(.BOTH.,#8285);
#7936=SURFACE_STYLE_USAGE(.BOTH.,#8286);
#7937=SURFACE_STYLE_USAGE(.BOTH.,#8287);
#7938=SURFACE_STYLE_USAGE(.BOTH.,#8288);
#7939=SURFACE_STYLE_USAGE(.BOTH.,#8289);
#7940=SURFACE_STYLE_USAGE(.BOTH.,#8290);
#7941=SURFACE_STYLE_USAGE(.BOTH.,#8291);
#7942=SURFACE_STYLE_USAGE(.BOTH.,#8292);
#7943=SURFACE_STYLE_USAGE(.BOTH.,#8293);
#7944=SURFACE_STYLE_USAGE(.BOTH.,#8294);
#7945=SURFACE_STYLE_USAGE(.BOTH.,#8295);
#7946=SURFACE_STYLE_USAGE(.BOTH.,#8296);
#7947=SURFACE_STYLE_USAGE(.BOTH.,#8297);
#7948=SURFACE_STYLE_USAGE(.BOTH.,#8298);
#7949=SURFACE_STYLE_USAGE(.BOTH.,#8299);
#7950=SURFACE_STYLE_USAGE(.BOTH.,#8300);
#7951=SURFACE_STYLE_USAGE(.BOTH.,#8301);
#7952=SURFACE_STYLE_USAGE(.BOTH.,#8302);
#7953=SURFACE_STYLE_USAGE(.BOTH.,#8303);
#7954=SURFACE_STYLE_USAGE(.BOTH.,#8304);
#7955=SURFACE_STYLE_USAGE(.BOTH.,#8305);
#7956=SURFACE_STYLE_USAGE(.BOTH.,#8306);
#7957=SURFACE_STYLE_USAGE(.BOTH.,#8307);
#7958=SURFACE_STYLE_USAGE(.BOTH.,#8308);
#7959=SURFACE_STYLE_USAGE(.BOTH.,#8309);
#7960=SURFACE_STYLE_USAGE(.BOTH.,#8310);
#7961=SURFACE_STYLE_USAGE(.BOTH.,#8311);
#7962=SURFACE_STYLE_USAGE(.BOTH.,#8312);
#7963=SURFACE_STYLE_USAGE(.BOTH.,#8313);
#7964=SURFACE_STYLE_USAGE(.BOTH.,#8314);
#7965=SURFACE_STYLE_USAGE(.BOTH.,#8315);
#7966=SURFACE_STYLE_USAGE(.BOTH.,#8316);
#7967=SURFACE_STYLE_USAGE(.BOTH.,#8317);
#7968=SURFACE_STYLE_USAGE(.BOTH.,#8318);
#7969=SURFACE_STYLE_USAGE(.BOTH.,#8319);
#7970=SURFACE_STYLE_USAGE(.BOTH.,#8320);
#7971=SURFACE_STYLE_USAGE(.BOTH.,#8321);
#7972=SURFACE_STYLE_USAGE(.BOTH.,#8322);
#7973=SURFACE_STYLE_USAGE(.BOTH.,#8323);
#7974=SURFACE_STYLE_USAGE(.BOTH.,#8324);
#7975=SURFACE_STYLE_USAGE(.BOTH.,#8325);
#7976=SURFACE_STYLE_USAGE(.BOTH.,#8326);
#7977=SURFACE_STYLE_USAGE(.BOTH.,#8327);
#7978=SURFACE_STYLE_USAGE(.BOTH.,#8328);
#7979=SURFACE_STYLE_USAGE(.BOTH.,#8329);
#7980=SURFACE_STYLE_USAGE(.BOTH.,#8330);
#7981=SURFACE_STYLE_USAGE(.BOTH.,#8331);
#7982=SURFACE_STYLE_USAGE(.BOTH.,#8332);
#7983=SURFACE_STYLE_USAGE(.BOTH.,#8333);
#7984=SURFACE_STYLE_USAGE(.BOTH.,#8334);
#7985=SURFACE_STYLE_USAGE(.BOTH.,#8335);
#7986=SURFACE_STYLE_USAGE(.BOTH.,#8336);
#7987=SURFACE_STYLE_USAGE(.BOTH.,#8337);
#7988=SURFACE_STYLE_USAGE(.BOTH.,#8338);
#7989=SURFACE_STYLE_USAGE(.BOTH.,#8339);
#7990=SURFACE_STYLE_USAGE(.BOTH.,#8340);
#7991=SURFACE_STYLE_USAGE(.BOTH.,#8341);
#7992=SURFACE_STYLE_USAGE(.BOTH.,#8342);
#7993=SURFACE_STYLE_USAGE(.BOTH.,#8343);
#7994=SURFACE_STYLE_USAGE(.BOTH.,#8344);
#7995=SURFACE_STYLE_USAGE(.BOTH.,#8345);
#7996=SURFACE_STYLE_USAGE(.BOTH.,#8346);
#7997=SURFACE_STYLE_USAGE(.BOTH.,#8347);
#7998=SURFACE_STYLE_USAGE(.BOTH.,#8348);
#7999=SURFACE_STYLE_USAGE(.BOTH.,#8349);
#8000=SURFACE_STYLE_USAGE(.BOTH.,#8350);
#8001=SURFACE_STYLE_USAGE(.BOTH.,#8351);
#8002=SURFACE_STYLE_USAGE(.BOTH.,#8352);
#8003=SURFACE_STYLE_USAGE(.BOTH.,#8353);
#8004=SURFACE_STYLE_USAGE(.BOTH.,#8354);
#8005=SURFACE_STYLE_USAGE(.BOTH.,#8355);
#8006=SURFACE_STYLE_USAGE(.BOTH.,#8356);
#8007=SURFACE_STYLE_USAGE(.BOTH.,#8357);
#8008=SURFACE_STYLE_USAGE(.BOTH.,#8358);
#8009=SURFACE_STYLE_USAGE(.BOTH.,#8359);
#8010=SURFACE_STYLE_USAGE(.BOTH.,#8360);
#8011=SURFACE_STYLE_USAGE(.BOTH.,#8361);
#8012=SURFACE_STYLE_USAGE(.BOTH.,#8362);
#8013=SURFACE_STYLE_USAGE(.BOTH.,#8363);
#8014=SURFACE_STYLE_USAGE(.BOTH.,#8364);
#8015=SURFACE_STYLE_USAGE(.BOTH.,#8365);
#8016=SURFACE_STYLE_USAGE(.BOTH.,#8366);
#8017=SURFACE_STYLE_USAGE(.BOTH.,#8367);
#8018=SURFACE_STYLE_USAGE(.BOTH.,#8368);
#8019=SURFACE_STYLE_USAGE(.BOTH.,#8369);
#8020=SURFACE_STYLE_USAGE(.BOTH.,#8370);
#8021=SURFACE_STYLE_USAGE(.BOTH.,#8371);
#8022=SURFACE_STYLE_USAGE(.BOTH.,#8372);
#8023=SURFACE_STYLE_USAGE(.BOTH.,#8373);
#8024=SURFACE_STYLE_USAGE(.BOTH.,#8374);
#8025=SURFACE_STYLE_USAGE(.BOTH.,#8375);
#8026=SURFACE_STYLE_USAGE(.BOTH.,#8376);
#8027=SURFACE_STYLE_USAGE(.BOTH.,#8377);
#8028=SURFACE_STYLE_USAGE(.BOTH.,#8378);
#8029=SURFACE_STYLE_USAGE(.BOTH.,#8379);
#8030=SURFACE_STYLE_USAGE(.BOTH.,#8380);
#8031=SURFACE_STYLE_USAGE(.BOTH.,#8381);
#8032=SURFACE_STYLE_USAGE(.BOTH.,#8382);
#8033=SURFACE_STYLE_USAGE(.BOTH.,#8383);
#8034=SURFACE_STYLE_USAGE(.BOTH.,#8384);
#8035=SURFACE_STYLE_USAGE(.BOTH.,#8385);
#8036=SURFACE_STYLE_USAGE(.BOTH.,#8386);
#8037=SURFACE_STYLE_USAGE(.BOTH.,#8387);
#8038=SURFACE_STYLE_USAGE(.BOTH.,#8388);
#8039=SURFACE_STYLE_USAGE(.BOTH.,#8389);
#8040=SURFACE_STYLE_USAGE(.BOTH.,#8390);
#8041=SURFACE_STYLE_USAGE(.BOTH.,#8391);
#8042=SURFACE_STYLE_USAGE(.BOTH.,#8392);
#8043=SURFACE_STYLE_USAGE(.BOTH.,#8393);
#8044=SURFACE_STYLE_USAGE(.BOTH.,#8394);
#8045=SURFACE_STYLE_USAGE(.BOTH.,#8395);
#8046=SURFACE_STYLE_USAGE(.BOTH.,#8396);
#8047=SURFACE_STYLE_USAGE(.BOTH.,#8397);
#8048=SURFACE_STYLE_USAGE(.BOTH.,#8398);
#8049=SURFACE_STYLE_USAGE(.BOTH.,#8399);
#8050=SURFACE_STYLE_USAGE(.BOTH.,#8400);
#8051=SURFACE_STYLE_USAGE(.BOTH.,#8401);
#8052=SURFACE_STYLE_USAGE(.BOTH.,#8402);
#8053=SURFACE_STYLE_USAGE(.BOTH.,#8403);
#8054=SURFACE_STYLE_USAGE(.BOTH.,#8404);
#8055=SURFACE_STYLE_USAGE(.BOTH.,#8405);
#8056=SURFACE_STYLE_USAGE(.BOTH.,#8406);
#8057=SURFACE_STYLE_USAGE(.BOTH.,#8407);
#8058=SURFACE_STYLE_USAGE(.BOTH.,#8408);
#8059=SURFACE_STYLE_USAGE(.BOTH.,#8409);
#8060=SURFACE_STYLE_USAGE(.BOTH.,#8410);
#8061=SURFACE_STYLE_USAGE(.BOTH.,#8411);
#8062=SURFACE_STYLE_USAGE(.BOTH.,#8412);
#8063=SURFACE_STYLE_USAGE(.BOTH.,#8413);
#8064=SURFACE_STYLE_USAGE(.BOTH.,#8414);
#8065=SURFACE_STYLE_USAGE(.BOTH.,#8415);
#8066=SURFACE_STYLE_USAGE(.BOTH.,#8416);
#8067=SURFACE_STYLE_USAGE(.BOTH.,#8417);
#8068=SURFACE_STYLE_USAGE(.BOTH.,#8418);
#8069=SURFACE_STYLE_USAGE(.BOTH.,#8419);
#8070=SURFACE_STYLE_USAGE(.BOTH.,#8420);
#8071=SURFACE_STYLE_USAGE(.BOTH.,#8421);
#8072=SURFACE_STYLE_USAGE(.BOTH.,#8422);
#8073=SURFACE_STYLE_USAGE(.BOTH.,#8423);
#8074=SURFACE_STYLE_USAGE(.BOTH.,#8424);
#8075=SURFACE_STYLE_USAGE(.BOTH.,#8425);
#8076=SURFACE_STYLE_USAGE(.BOTH.,#8426);
#8077=SURFACE_STYLE_USAGE(.BOTH.,#8427);
#8078=SURFACE_STYLE_USAGE(.BOTH.,#8428);
#8079=SURFACE_STYLE_USAGE(.BOTH.,#8429);
#8080=SURFACE_STYLE_USAGE(.BOTH.,#8430);
#8081=SURFACE_STYLE_USAGE(.BOTH.,#8431);
#8082=SURFACE_STYLE_USAGE(.BOTH.,#8432);
#8083=SURFACE_STYLE_USAGE(.BOTH.,#8433);
#8084=SURFACE_STYLE_USAGE(.BOTH.,#8434);
#8085=SURFACE_STYLE_USAGE(.BOTH.,#8435);
#8086=SURFACE_STYLE_USAGE(.BOTH.,#8436);
#8087=SURFACE_STYLE_USAGE(.BOTH.,#8437);
#8088=SURFACE_STYLE_USAGE(.BOTH.,#8438);
#8089=SURFACE_STYLE_USAGE(.BOTH.,#8439);
#8090=SURFACE_STYLE_USAGE(.BOTH.,#8440);
#8091=SURFACE_STYLE_USAGE(.BOTH.,#8441);
#8092=SURFACE_STYLE_USAGE(.BOTH.,#8442);
#8093=SURFACE_STYLE_USAGE(.BOTH.,#8443);
#8094=SURFACE_STYLE_USAGE(.BOTH.,#8444);
#8095=SURFACE_STYLE_USAGE(.BOTH.,#8445);
#8096=SURFACE_STYLE_USAGE(.BOTH.,#8446);
#8097=SURFACE_STYLE_USAGE(.BOTH.,#8447);
#8098=SURFACE_STYLE_USAGE(.BOTH.,#8448);
#8099=SURFACE_STYLE_USAGE(.BOTH.,#8449);
#8100=SURFACE_STYLE_USAGE(.BOTH.,#8450);
#8101=SURFACE_STYLE_USAGE(.BOTH.,#8451);
#8102=SURFACE_STYLE_USAGE(.BOTH.,#8452);
#8103=SURFACE_STYLE_USAGE(.BOTH.,#8453);
#8104=SURFACE_STYLE_USAGE(.BOTH.,#8454);
#8105=SURFACE_STYLE_USAGE(.BOTH.,#8455);
#8106=SURFACE_STYLE_USAGE(.BOTH.,#8456);
#8107=SURFACE_STYLE_USAGE(.BOTH.,#8457);
#8108=SURFACE_STYLE_USAGE(.BOTH.,#8458);
#8109=SURFACE_STYLE_USAGE(.BOTH.,#8459);
#8110=SURFACE_STYLE_USAGE(.BOTH.,#8460);
#8111=SURFACE_STYLE_USAGE(.BOTH.,#8461);
#8112=SURFACE_STYLE_USAGE(.BOTH.,#8462);
#8113=SURFACE_STYLE_USAGE(.BOTH.,#8463);
#8114=SURFACE_STYLE_USAGE(.BOTH.,#8464);
#8115=SURFACE_STYLE_USAGE(.BOTH.,#8465);
#8116=SURFACE_STYLE_USAGE(.BOTH.,#8466);
#8117=SURFACE_STYLE_USAGE(.BOTH.,#8467);
#8118=SURFACE_STYLE_USAGE(.BOTH.,#8468);
#8119=SURFACE_SIDE_STYLE('',(#8469));
#8120=SURFACE_SIDE_STYLE('',(#8470));
#8121=SURFACE_SIDE_STYLE('',(#8471));
#8122=SURFACE_SIDE_STYLE('',(#8472));
#8123=SURFACE_SIDE_STYLE('',(#8473));
#8124=SURFACE_SIDE_STYLE('',(#8474));
#8125=SURFACE_SIDE_STYLE('',(#8475));
#8126=SURFACE_SIDE_STYLE('',(#8476));
#8127=SURFACE_SIDE_STYLE('',(#8477));
#8128=SURFACE_SIDE_STYLE('',(#8478));
#8129=SURFACE_SIDE_STYLE('',(#8479));
#8130=SURFACE_SIDE_STYLE('',(#8480));
#8131=SURFACE_SIDE_STYLE('',(#8481));
#8132=SURFACE_SIDE_STYLE('',(#8482));
#8133=SURFACE_SIDE_STYLE('',(#8483));
#8134=SURFACE_SIDE_STYLE('',(#8484));
#8135=SURFACE_SIDE_STYLE('',(#8485));
#8136=SURFACE_SIDE_STYLE('',(#8486));
#8137=SURFACE_SIDE_STYLE('',(#8487));
#8138=SURFACE_SIDE_STYLE('',(#8488));
#8139=SURFACE_SIDE_STYLE('',(#8489));
#8140=SURFACE_SIDE_STYLE('',(#8490));
#8141=SURFACE_SIDE_STYLE('',(#8491));
#8142=SURFACE_SIDE_STYLE('',(#8492));
#8143=SURFACE_SIDE_STYLE('',(#8493));
#8144=SURFACE_SIDE_STYLE('',(#8494));
#8145=SURFACE_SIDE_STYLE('',(#8495));
#8146=SURFACE_SIDE_STYLE('',(#8496));
#8147=SURFACE_SIDE_STYLE('',(#8497));
#8148=SURFACE_SIDE_STYLE('',(#8498));
#8149=SURFACE_SIDE_STYLE('',(#8499));
#8150=SURFACE_SIDE_STYLE('',(#8500));
#8151=SURFACE_SIDE_STYLE('',(#8501));
#8152=SURFACE_SIDE_STYLE('',(#8502));
#8153=SURFACE_SIDE_STYLE('',(#8503));
#8154=SURFACE_SIDE_STYLE('',(#8504));
#8155=SURFACE_SIDE_STYLE('',(#8505));
#8156=SURFACE_SIDE_STYLE('',(#8506));
#8157=SURFACE_SIDE_STYLE('',(#8507));
#8158=SURFACE_SIDE_STYLE('',(#8508));
#8159=SURFACE_SIDE_STYLE('',(#8509));
#8160=SURFACE_SIDE_STYLE('',(#8510));
#8161=SURFACE_SIDE_STYLE('',(#8511));
#8162=SURFACE_SIDE_STYLE('',(#8512));
#8163=SURFACE_SIDE_STYLE('',(#8513));
#8164=SURFACE_SIDE_STYLE('',(#8514));
#8165=SURFACE_SIDE_STYLE('',(#8515));
#8166=SURFACE_SIDE_STYLE('',(#8516));
#8167=SURFACE_SIDE_STYLE('',(#8517));
#8168=SURFACE_SIDE_STYLE('',(#8518));
#8169=SURFACE_SIDE_STYLE('',(#8519));
#8170=SURFACE_SIDE_STYLE('',(#8520));
#8171=SURFACE_SIDE_STYLE('',(#8521));
#8172=SURFACE_SIDE_STYLE('',(#8522));
#8173=SURFACE_SIDE_STYLE('',(#8523));
#8174=SURFACE_SIDE_STYLE('',(#8524));
#8175=SURFACE_SIDE_STYLE('',(#8525));
#8176=SURFACE_SIDE_STYLE('',(#8526));
#8177=SURFACE_SIDE_STYLE('',(#8527));
#8178=SURFACE_SIDE_STYLE('',(#8528));
#8179=SURFACE_SIDE_STYLE('',(#8529));
#8180=SURFACE_SIDE_STYLE('',(#8530));
#8181=SURFACE_SIDE_STYLE('',(#8531));
#8182=SURFACE_SIDE_STYLE('',(#8532));
#8183=SURFACE_SIDE_STYLE('',(#8533));
#8184=SURFACE_SIDE_STYLE('',(#8534));
#8185=SURFACE_SIDE_STYLE('',(#8535));
#8186=SURFACE_SIDE_STYLE('',(#8536));
#8187=SURFACE_SIDE_STYLE('',(#8537));
#8188=SURFACE_SIDE_STYLE('',(#8538));
#8189=SURFACE_SIDE_STYLE('',(#8539));
#8190=SURFACE_SIDE_STYLE('',(#8540));
#8191=SURFACE_SIDE_STYLE('',(#8541));
#8192=SURFACE_SIDE_STYLE('',(#8542));
#8193=SURFACE_SIDE_STYLE('',(#8543));
#8194=SURFACE_SIDE_STYLE('',(#8544));
#8195=SURFACE_SIDE_STYLE('',(#8545));
#8196=SURFACE_SIDE_STYLE('',(#8546));
#8197=SURFACE_SIDE_STYLE('',(#8547));
#8198=SURFACE_SIDE_STYLE('',(#8548));
#8199=SURFACE_SIDE_STYLE('',(#8549));
#8200=SURFACE_SIDE_STYLE('',(#8550));
#8201=SURFACE_SIDE_STYLE('',(#8551));
#8202=SURFACE_SIDE_STYLE('',(#8552));
#8203=SURFACE_SIDE_STYLE('',(#8553));
#8204=SURFACE_SIDE_STYLE('',(#8554));
#8205=SURFACE_SIDE_STYLE('',(#8555));
#8206=SURFACE_SIDE_STYLE('',(#8556));
#8207=SURFACE_SIDE_STYLE('',(#8557));
#8208=SURFACE_SIDE_STYLE('',(#8558));
#8209=SURFACE_SIDE_STYLE('',(#8559));
#8210=SURFACE_SIDE_STYLE('',(#8560));
#8211=SURFACE_SIDE_STYLE('',(#8561));
#8212=SURFACE_SIDE_STYLE('',(#8562));
#8213=SURFACE_SIDE_STYLE('',(#8563));
#8214=SURFACE_SIDE_STYLE('',(#8564));
#8215=SURFACE_SIDE_STYLE('',(#8565));
#8216=SURFACE_SIDE_STYLE('',(#8566));
#8217=SURFACE_SIDE_STYLE('',(#8567));
#8218=SURFACE_SIDE_STYLE('',(#8568));
#8219=SURFACE_SIDE_STYLE('',(#8569));
#8220=SURFACE_SIDE_STYLE('',(#8570));
#8221=SURFACE_SIDE_STYLE('',(#8571));
#8222=SURFACE_SIDE_STYLE('',(#8572));
#8223=SURFACE_SIDE_STYLE('',(#8573));
#8224=SURFACE_SIDE_STYLE('',(#8574));
#8225=SURFACE_SIDE_STYLE('',(#8575));
#8226=SURFACE_SIDE_STYLE('',(#8576));
#8227=SURFACE_SIDE_STYLE('',(#8577));
#8228=SURFACE_SIDE_STYLE('',(#8578));
#8229=SURFACE_SIDE_STYLE('',(#8579));
#8230=SURFACE_SIDE_STYLE('',(#8580));
#8231=SURFACE_SIDE_STYLE('',(#8581));
#8232=SURFACE_SIDE_STYLE('',(#8582));
#8233=SURFACE_SIDE_STYLE('',(#8583));
#8234=SURFACE_SIDE_STYLE('',(#8584));
#8235=SURFACE_SIDE_STYLE('',(#8585));
#8236=SURFACE_SIDE_STYLE('',(#8586));
#8237=SURFACE_SIDE_STYLE('',(#8587));
#8238=SURFACE_SIDE_STYLE('',(#8588));
#8239=SURFACE_SIDE_STYLE('',(#8589));
#8240=SURFACE_SIDE_STYLE('',(#8590));
#8241=SURFACE_SIDE_STYLE('',(#8591));
#8242=SURFACE_SIDE_STYLE('',(#8592));
#8243=SURFACE_SIDE_STYLE('',(#8593));
#8244=SURFACE_SIDE_STYLE('',(#8594));
#8245=SURFACE_SIDE_STYLE('',(#8595));
#8246=SURFACE_SIDE_STYLE('',(#8596));
#8247=SURFACE_SIDE_STYLE('',(#8597));
#8248=SURFACE_SIDE_STYLE('',(#8598));
#8249=SURFACE_SIDE_STYLE('',(#8599));
#8250=SURFACE_SIDE_STYLE('',(#8600));
#8251=SURFACE_SIDE_STYLE('',(#8601));
#8252=SURFACE_SIDE_STYLE('',(#8602));
#8253=SURFACE_SIDE_STYLE('',(#8603));
#8254=SURFACE_SIDE_STYLE('',(#8604));
#8255=SURFACE_SIDE_STYLE('',(#8605));
#8256=SURFACE_SIDE_STYLE('',(#8606));
#8257=SURFACE_SIDE_STYLE('',(#8607));
#8258=SURFACE_SIDE_STYLE('',(#8608));
#8259=SURFACE_SIDE_STYLE('',(#8609));
#8260=SURFACE_SIDE_STYLE('',(#8610));
#8261=SURFACE_SIDE_STYLE('',(#8611));
#8262=SURFACE_SIDE_STYLE('',(#8612));
#8263=SURFACE_SIDE_STYLE('',(#8613));
#8264=SURFACE_SIDE_STYLE('',(#8614));
#8265=SURFACE_SIDE_STYLE('',(#8615));
#8266=SURFACE_SIDE_STYLE('',(#8616));
#8267=SURFACE_SIDE_STYLE('',(#8617));
#8268=SURFACE_SIDE_STYLE('',(#8618));
#8269=SURFACE_SIDE_STYLE('',(#8619));
#8270=SURFACE_SIDE_STYLE('',(#8620));
#8271=SURFACE_SIDE_STYLE('',(#8621));
#8272=SURFACE_SIDE_STYLE('',(#8622));
#8273=SURFACE_SIDE_STYLE('',(#8623));
#8274=SURFACE_SIDE_STYLE('',(#8624));
#8275=SURFACE_SIDE_STYLE('',(#8625));
#8276=SURFACE_SIDE_STYLE('',(#8626));
#8277=SURFACE_SIDE_STYLE('',(#8627));
#8278=SURFACE_SIDE_STYLE('',(#8628));
#8279=SURFACE_SIDE_STYLE('',(#8629));
#8280=SURFACE_SIDE_STYLE('',(#8630));
#8281=SURFACE_SIDE_STYLE('',(#8631));
#8282=SURFACE_SIDE_STYLE('',(#8632));
#8283=SURFACE_SIDE_STYLE('',(#8633));
#8284=SURFACE_SIDE_STYLE('',(#8634));
#8285=SURFACE_SIDE_STYLE('',(#8635));
#8286=SURFACE_SIDE_STYLE('',(#8636));
#8287=SURFACE_SIDE_STYLE('',(#8637));
#8288=SURFACE_SIDE_STYLE('',(#8638));
#8289=SURFACE_SIDE_STYLE('',(#8639));
#8290=SURFACE_SIDE_STYLE('',(#8640));
#8291=SURFACE_SIDE_STYLE('',(#8641));
#8292=SURFACE_SIDE_STYLE('',(#8642));
#8293=SURFACE_SIDE_STYLE('',(#8643));
#8294=SURFACE_SIDE_STYLE('',(#8644));
#8295=SURFACE_SIDE_STYLE('',(#8645));
#8296=SURFACE_SIDE_STYLE('',(#8646));
#8297=SURFACE_SIDE_STYLE('',(#8647));
#8298=SURFACE_SIDE_STYLE('',(#8648));
#8299=SURFACE_SIDE_STYLE('',(#8649));
#8300=SURFACE_SIDE_STYLE('',(#8650));
#8301=SURFACE_SIDE_STYLE('',(#8651));
#8302=SURFACE_SIDE_STYLE('',(#8652));
#8303=SURFACE_SIDE_STYLE('',(#8653));
#8304=SURFACE_SIDE_STYLE('',(#8654));
#8305=SURFACE_SIDE_STYLE('',(#8655));
#8306=SURFACE_SIDE_STYLE('',(#8656));
#8307=SURFACE_SIDE_STYLE('',(#8657));
#8308=SURFACE_SIDE_STYLE('',(#8658));
#8309=SURFACE_SIDE_STYLE('',(#8659));
#8310=SURFACE_SIDE_STYLE('',(#8660));
#8311=SURFACE_SIDE_STYLE('',(#8661));
#8312=SURFACE_SIDE_STYLE('',(#8662));
#8313=SURFACE_SIDE_STYLE('',(#8663));
#8314=SURFACE_SIDE_STYLE('',(#8664));
#8315=SURFACE_SIDE_STYLE('',(#8665));
#8316=SURFACE_SIDE_STYLE('',(#8666));
#8317=SURFACE_SIDE_STYLE('',(#8667));
#8318=SURFACE_SIDE_STYLE('',(#8668));
#8319=SURFACE_SIDE_STYLE('',(#8669));
#8320=SURFACE_SIDE_STYLE('',(#8670));
#8321=SURFACE_SIDE_STYLE('',(#8671));
#8322=SURFACE_SIDE_STYLE('',(#8672));
#8323=SURFACE_SIDE_STYLE('',(#8673));
#8324=SURFACE_SIDE_STYLE('',(#8674));
#8325=SURFACE_SIDE_STYLE('',(#8675));
#8326=SURFACE_SIDE_STYLE('',(#8676));
#8327=SURFACE_SIDE_STYLE('',(#8677));
#8328=SURFACE_SIDE_STYLE('',(#8678));
#8329=SURFACE_SIDE_STYLE('',(#8679));
#8330=SURFACE_SIDE_STYLE('',(#8680));
#8331=SURFACE_SIDE_STYLE('',(#8681));
#8332=SURFACE_SIDE_STYLE('',(#8682));
#8333=SURFACE_SIDE_STYLE('',(#8683));
#8334=SURFACE_SIDE_STYLE('',(#8684));
#8335=SURFACE_SIDE_STYLE('',(#8685));
#8336=SURFACE_SIDE_STYLE('',(#8686));
#8337=SURFACE_SIDE_STYLE('',(#8687));
#8338=SURFACE_SIDE_STYLE('',(#8688));
#8339=SURFACE_SIDE_STYLE('',(#8689));
#8340=SURFACE_SIDE_STYLE('',(#8690));
#8341=SURFACE_SIDE_STYLE('',(#8691));
#8342=SURFACE_SIDE_STYLE('',(#8692));
#8343=SURFACE_SIDE_STYLE('',(#8693));
#8344=SURFACE_SIDE_STYLE('',(#8694));
#8345=SURFACE_SIDE_STYLE('',(#8695));
#8346=SURFACE_SIDE_STYLE('',(#8696));
#8347=SURFACE_SIDE_STYLE('',(#8697));
#8348=SURFACE_SIDE_STYLE('',(#8698));
#8349=SURFACE_SIDE_STYLE('',(#8699));
#8350=SURFACE_SIDE_STYLE('',(#8700));
#8351=SURFACE_SIDE_STYLE('',(#8701));
#8352=SURFACE_SIDE_STYLE('',(#8702));
#8353=SURFACE_SIDE_STYLE('',(#8703));
#8354=SURFACE_SIDE_STYLE('',(#8704));
#8355=SURFACE_SIDE_STYLE('',(#8705));
#8356=SURFACE_SIDE_STYLE('',(#8706));
#8357=SURFACE_SIDE_STYLE('',(#8707));
#8358=SURFACE_SIDE_STYLE('',(#8708));
#8359=SURFACE_SIDE_STYLE('',(#8709));
#8360=SURFACE_SIDE_STYLE('',(#8710));
#8361=SURFACE_SIDE_STYLE('',(#8711));
#8362=SURFACE_SIDE_STYLE('',(#8712));
#8363=SURFACE_SIDE_STYLE('',(#8713));
#8364=SURFACE_SIDE_STYLE('',(#8714));
#8365=SURFACE_SIDE_STYLE('',(#8715));
#8366=SURFACE_SIDE_STYLE('',(#8716));
#8367=SURFACE_SIDE_STYLE('',(#8717));
#8368=SURFACE_SIDE_STYLE('',(#8718));
#8369=SURFACE_SIDE_STYLE('',(#8719));
#8370=SURFACE_SIDE_STYLE('',(#8720));
#8371=SURFACE_SIDE_STYLE('',(#8721));
#8372=SURFACE_SIDE_STYLE('',(#8722));
#8373=SURFACE_SIDE_STYLE('',(#8723));
#8374=SURFACE_SIDE_STYLE('',(#8724));
#8375=SURFACE_SIDE_STYLE('',(#8725));
#8376=SURFACE_SIDE_STYLE('',(#8726));
#8377=SURFACE_SIDE_STYLE('',(#8727));
#8378=SURFACE_SIDE_STYLE('',(#8728));
#8379=SURFACE_SIDE_STYLE('',(#8729));
#8380=SURFACE_SIDE_STYLE('',(#8730));
#8381=SURFACE_SIDE_STYLE('',(#8731));
#8382=SURFACE_SIDE_STYLE('',(#8732));
#8383=SURFACE_SIDE_STYLE('',(#8733));
#8384=SURFACE_SIDE_STYLE('',(#8734));
#8385=SURFACE_SIDE_STYLE('',(#8735));
#8386=SURFACE_SIDE_STYLE('',(#8736));
#8387=SURFACE_SIDE_STYLE('',(#8737));
#8388=SURFACE_SIDE_STYLE('',(#8738));
#8389=SURFACE_SIDE_STYLE('',(#8739));
#8390=SURFACE_SIDE_STYLE('',(#8740));
#8391=SURFACE_SIDE_STYLE('',(#8741));
#8392=SURFACE_SIDE_STYLE('',(#8742));
#8393=SURFACE_SIDE_STYLE('',(#8743));
#8394=SURFACE_SIDE_STYLE('',(#8744));
#8395=SURFACE_SIDE_STYLE('',(#8745));
#8396=SURFACE_SIDE_STYLE('',(#8746));
#8397=SURFACE_SIDE_STYLE('',(#8747));
#8398=SURFACE_SIDE_STYLE('',(#8748));
#8399=SURFACE_SIDE_STYLE('',(#8749));
#8400=SURFACE_SIDE_STYLE('',(#8750));
#8401=SURFACE_SIDE_STYLE('',(#8751));
#8402=SURFACE_SIDE_STYLE('',(#8752));
#8403=SURFACE_SIDE_STYLE('',(#8753));
#8404=SURFACE_SIDE_STYLE('',(#8754));
#8405=SURFACE_SIDE_STYLE('',(#8755));
#8406=SURFACE_SIDE_STYLE('',(#8756));
#8407=SURFACE_SIDE_STYLE('',(#8757));
#8408=SURFACE_SIDE_STYLE('',(#8758));
#8409=SURFACE_SIDE_STYLE('',(#8759));
#8410=SURFACE_SIDE_STYLE('',(#8760));
#8411=SURFACE_SIDE_STYLE('',(#8761));
#8412=SURFACE_SIDE_STYLE('',(#8762));
#8413=SURFACE_SIDE_STYLE('',(#8763));
#8414=SURFACE_SIDE_STYLE('',(#8764));
#8415=SURFACE_SIDE_STYLE('',(#8765));
#8416=SURFACE_SIDE_STYLE('',(#8766));
#8417=SURFACE_SIDE_STYLE('',(#8767));
#8418=SURFACE_SIDE_STYLE('',(#8768));
#8419=SURFACE_SIDE_STYLE('',(#8769));
#8420=SURFACE_SIDE_STYLE('',(#8770));
#8421=SURFACE_SIDE_STYLE('',(#8771));
#8422=SURFACE_SIDE_STYLE('',(#8772));
#8423=SURFACE_SIDE_STYLE('',(#8773));
#8424=SURFACE_SIDE_STYLE('',(#8774));
#8425=SURFACE_SIDE_STYLE('',(#8775));
#8426=SURFACE_SIDE_STYLE('',(#8776));
#8427=SURFACE_SIDE_STYLE('',(#8777));
#8428=SURFACE_SIDE_STYLE('',(#8778));
#8429=SURFACE_SIDE_STYLE('',(#8779));
#8430=SURFACE_SIDE_STYLE('',(#8780));
#8431=SURFACE_SIDE_STYLE('',(#8781));
#8432=SURFACE_SIDE_STYLE('',(#8782));
#8433=SURFACE_SIDE_STYLE('',(#8783));
#8434=SURFACE_SIDE_STYLE('',(#8784));
#8435=SURFACE_SIDE_STYLE('',(#8785));
#8436=SURFACE_SIDE_STYLE('',(#8786));
#8437=SURFACE_SIDE_STYLE('',(#8787));
#8438=SURFACE_SIDE_STYLE('',(#8788));
#8439=SURFACE_SIDE_STYLE('',(#8789));
#8440=SURFACE_SIDE_STYLE('',(#8790));
#8441=SURFACE_SIDE_STYLE('',(#8791));
#8442=SURFACE_SIDE_STYLE('',(#8792));
#8443=SURFACE_SIDE_STYLE('',(#8793));
#8444=SURFACE_SIDE_STYLE('',(#8794));
#8445=SURFACE_SIDE_STYLE('',(#8795));
#8446=SURFACE_SIDE_STYLE('',(#8796));
#8447=SURFACE_SIDE_STYLE('',(#8797));
#8448=SURFACE_SIDE_STYLE('',(#8798));
#8449=SURFACE_SIDE_STYLE('',(#8799));
#8450=SURFACE_SIDE_STYLE('',(#8800));
#8451=SURFACE_SIDE_STYLE('',(#8801));
#8452=SURFACE_SIDE_STYLE('',(#8802));
#8453=SURFACE_SIDE_STYLE('',(#8803));
#8454=SURFACE_SIDE_STYLE('',(#8804));
#8455=SURFACE_SIDE_STYLE('',(#8805));
#8456=SURFACE_SIDE_STYLE('',(#8806));
#8457=SURFACE_SIDE_STYLE('',(#8807));
#8458=SURFACE_SIDE_STYLE('',(#8808));
#8459=SURFACE_SIDE_STYLE('',(#8809));
#8460=SURFACE_SIDE_STYLE('',(#8810));
#8461=SURFACE_SIDE_STYLE('',(#8811));
#8462=SURFACE_SIDE_STYLE('',(#8812));
#8463=SURFACE_SIDE_STYLE('',(#8813));
#8464=SURFACE_SIDE_STYLE('',(#8814));
#8465=SURFACE_SIDE_STYLE('',(#8815));
#8466=SURFACE_SIDE_STYLE('',(#8816));
#8467=SURFACE_SIDE_STYLE('',(#8817));
#8468=SURFACE_SIDE_STYLE('',(#8818));
#8469=SURFACE_STYLE_FILL_AREA(#8819);
#8470=SURFACE_STYLE_FILL_AREA(#8820);
#8471=SURFACE_STYLE_FILL_AREA(#8821);
#8472=SURFACE_STYLE_FILL_AREA(#8822);
#8473=SURFACE_STYLE_FILL_AREA(#8823);
#8474=SURFACE_STYLE_FILL_AREA(#8824);
#8475=SURFACE_STYLE_FILL_AREA(#8825);
#8476=SURFACE_STYLE_FILL_AREA(#8826);
#8477=SURFACE_STYLE_FILL_AREA(#8827);
#8478=SURFACE_STYLE_FILL_AREA(#8828);
#8479=SURFACE_STYLE_FILL_AREA(#8829);
#8480=SURFACE_STYLE_FILL_AREA(#8830);
#8481=SURFACE_STYLE_FILL_AREA(#8831);
#8482=SURFACE_STYLE_FILL_AREA(#8832);
#8483=SURFACE_STYLE_FILL_AREA(#8833);
#8484=SURFACE_STYLE_FILL_AREA(#8834);
#8485=SURFACE_STYLE_FILL_AREA(#8835);
#8486=SURFACE_STYLE_FILL_AREA(#8836);
#8487=SURFACE_STYLE_FILL_AREA(#8837);
#8488=SURFACE_STYLE_FILL_AREA(#8838);
#8489=SURFACE_STYLE_FILL_AREA(#8839);
#8490=SURFACE_STYLE_FILL_AREA(#8840);
#8491=SURFACE_STYLE_FILL_AREA(#8841);
#8492=SURFACE_STYLE_FILL_AREA(#8842);
#8493=SURFACE_STYLE_FILL_AREA(#8843);
#8494=SURFACE_STYLE_FILL_AREA(#8844);
#8495=SURFACE_STYLE_FILL_AREA(#8845);
#8496=SURFACE_STYLE_FILL_AREA(#8846);
#8497=SURFACE_STYLE_FILL_AREA(#8847);
#8498=SURFACE_STYLE_FILL_AREA(#8848);
#8499=SURFACE_STYLE_FILL_AREA(#8849);
#8500=SURFACE_STYLE_FILL_AREA(#8850);
#8501=SURFACE_STYLE_FILL_AREA(#8851);
#8502=SURFACE_STYLE_FILL_AREA(#8852);
#8503=SURFACE_STYLE_FILL_AREA(#8853);
#8504=SURFACE_STYLE_FILL_AREA(#8854);
#8505=SURFACE_STYLE_FILL_AREA(#8855);
#8506=SURFACE_STYLE_FILL_AREA(#8856);
#8507=SURFACE_STYLE_FILL_AREA(#8857);
#8508=SURFACE_STYLE_FILL_AREA(#8858);
#8509=SURFACE_STYLE_FILL_AREA(#8859);
#8510=SURFACE_STYLE_FILL_AREA(#8860);
#8511=SURFACE_STYLE_FILL_AREA(#8861);
#8512=SURFACE_STYLE_FILL_AREA(#8862);
#8513=SURFACE_STYLE_FILL_AREA(#8863);
#8514=SURFACE_STYLE_FILL_AREA(#8864);
#8515=SURFACE_STYLE_FILL_AREA(#8865);
#8516=SURFACE_STYLE_FILL_AREA(#8866);
#8517=SURFACE_STYLE_FILL_AREA(#8867);
#8518=SURFACE_STYLE_FILL_AREA(#8868);
#8519=SURFACE_STYLE_FILL_AREA(#8869);
#8520=SURFACE_STYLE_FILL_AREA(#8870);
#8521=SURFACE_STYLE_FILL_AREA(#8871);
#8522=SURFACE_STYLE_FILL_AREA(#8872);
#8523=SURFACE_STYLE_FILL_AREA(#8873);
#8524=SURFACE_STYLE_FILL_AREA(#8874);
#8525=SURFACE_STYLE_FILL_AREA(#8875);
#8526=SURFACE_STYLE_FILL_AREA(#8876);
#8527=SURFACE_STYLE_FILL_AREA(#8877);
#8528=SURFACE_STYLE_FILL_AREA(#8878);
#8529=SURFACE_STYLE_FILL_AREA(#8879);
#8530=SURFACE_STYLE_FILL_AREA(#8880);
#8531=SURFACE_STYLE_FILL_AREA(#8881);
#8532=SURFACE_STYLE_FILL_AREA(#8882);
#8533=SURFACE_STYLE_FILL_AREA(#8883);
#8534=SURFACE_STYLE_FILL_AREA(#8884);
#8535=SURFACE_STYLE_FILL_AREA(#8885);
#8536=SURFACE_STYLE_FILL_AREA(#8886);
#8537=SURFACE_STYLE_FILL_AREA(#8887);
#8538=SURFACE_STYLE_FILL_AREA(#8888);
#8539=SURFACE_STYLE_FILL_AREA(#8889);
#8540=SURFACE_STYLE_FILL_AREA(#8890);
#8541=SURFACE_STYLE_FILL_AREA(#8891);
#8542=SURFACE_STYLE_FILL_AREA(#8892);
#8543=SURFACE_STYLE_FILL_AREA(#8893);
#8544=SURFACE_STYLE_FILL_AREA(#8894);
#8545=SURFACE_STYLE_FILL_AREA(#8895);
#8546=SURFACE_STYLE_FILL_AREA(#8896);
#8547=SURFACE_STYLE_FILL_AREA(#8897);
#8548=SURFACE_STYLE_FILL_AREA(#8898);
#8549=SURFACE_STYLE_FILL_AREA(#8899);
#8550=SURFACE_STYLE_FILL_AREA(#8900);
#8551=SURFACE_STYLE_FILL_AREA(#8901);
#8552=SURFACE_STYLE_FILL_AREA(#8902);
#8553=SURFACE_STYLE_FILL_AREA(#8903);
#8554=SURFACE_STYLE_FILL_AREA(#8904);
#8555=SURFACE_STYLE_FILL_AREA(#8905);
#8556=SURFACE_STYLE_FILL_AREA(#8906);
#8557=SURFACE_STYLE_FILL_AREA(#8907);
#8558=SURFACE_STYLE_FILL_AREA(#8908);
#8559=SURFACE_STYLE_FILL_AREA(#8909);
#8560=SURFACE_STYLE_FILL_AREA(#8910);
#8561=SURFACE_STYLE_FILL_AREA(#8911);
#8562=SURFACE_STYLE_FILL_AREA(#8912);
#8563=SURFACE_STYLE_FILL_AREA(#8913);
#8564=SURFACE_STYLE_FILL_AREA(#8914);
#8565=SURFACE_STYLE_FILL_AREA(#8915);
#8566=SURFACE_STYLE_FILL_AREA(#8916);
#8567=SURFACE_STYLE_FILL_AREA(#8917);
#8568=SURFACE_STYLE_FILL_AREA(#8918);
#8569=SURFACE_STYLE_FILL_AREA(#8919);
#8570=SURFACE_STYLE_FILL_AREA(#8920);
#8571=SURFACE_STYLE_FILL_AREA(#8921);
#8572=SURFACE_STYLE_FILL_AREA(#8922);
#8573=SURFACE_STYLE_FILL_AREA(#8923);
#8574=SURFACE_STYLE_FILL_AREA(#8924);
#8575=SURFACE_STYLE_FILL_AREA(#8925);
#8576=SURFACE_STYLE_FILL_AREA(#8926);
#8577=SURFACE_STYLE_FILL_AREA(#8927);
#8578=SURFACE_STYLE_FILL_AREA(#8928);
#8579=SURFACE_STYLE_FILL_AREA(#8929);
#8580=SURFACE_STYLE_FILL_AREA(#8930);
#8581=SURFACE_STYLE_FILL_AREA(#8931);
#8582=SURFACE_STYLE_FILL_AREA(#8932);
#8583=SURFACE_STYLE_FILL_AREA(#8933);
#8584=SURFACE_STYLE_FILL_AREA(#8934);
#8585=SURFACE_STYLE_FILL_AREA(#8935);
#8586=SURFACE_STYLE_FILL_AREA(#8936);
#8587=SURFACE_STYLE_FILL_AREA(#8937);
#8588=SURFACE_STYLE_FILL_AREA(#8938);
#8589=SURFACE_STYLE_FILL_AREA(#8939);
#8590=SURFACE_STYLE_FILL_AREA(#8940);
#8591=SURFACE_STYLE_FILL_AREA(#8941);
#8592=SURFACE_STYLE_FILL_AREA(#8942);
#8593=SURFACE_STYLE_FILL_AREA(#8943);
#8594=SURFACE_STYLE_FILL_AREA(#8944);
#8595=SURFACE_STYLE_FILL_AREA(#8945);
#8596=SURFACE_STYLE_FILL_AREA(#8946);
#8597=SURFACE_STYLE_FILL_AREA(#8947);
#8598=SURFACE_STYLE_FILL_AREA(#8948);
#8599=SURFACE_STYLE_FILL_AREA(#8949);
#8600=SURFACE_STYLE_FILL_AREA(#8950);
#8601=SURFACE_STYLE_FILL_AREA(#8951);
#8602=SURFACE_STYLE_FILL_AREA(#8952);
#8603=SURFACE_STYLE_FILL_AREA(#8953);
#8604=SURFACE_STYLE_FILL_AREA(#8954);
#8605=SURFACE_STYLE_FILL_AREA(#8955);
#8606=SURFACE_STYLE_FILL_AREA(#8956);
#8607=SURFACE_STYLE_FILL_AREA(#8957);
#8608=SURFACE_STYLE_FILL_AREA(#8958);
#8609=SURFACE_STYLE_FILL_AREA(#8959);
#8610=SURFACE_STYLE_FILL_AREA(#8960);
#8611=SURFACE_STYLE_FILL_AREA(#8961);
#8612=SURFACE_STYLE_FILL_AREA(#8962);
#8613=SURFACE_STYLE_FILL_AREA(#8963);
#8614=SURFACE_STYLE_FILL_AREA(#8964);
#8615=SURFACE_STYLE_FILL_AREA(#8965);
#8616=SURFACE_STYLE_FILL_AREA(#8966);
#8617=SURFACE_STYLE_FILL_AREA(#8967);
#8618=SURFACE_STYLE_FILL_AREA(#8968);
#8619=SURFACE_STYLE_FILL_AREA(#8969);
#8620=SURFACE_STYLE_FILL_AREA(#8970);
#8621=SURFACE_STYLE_FILL_AREA(#8971);
#8622=SURFACE_STYLE_FILL_AREA(#8972);
#8623=SURFACE_STYLE_FILL_AREA(#8973);
#8624=SURFACE_STYLE_FILL_AREA(#8974);
#8625=SURFACE_STYLE_FILL_AREA(#8975);
#8626=SURFACE_STYLE_FILL_AREA(#8976);
#8627=SURFACE_STYLE_FILL_AREA(#8977);
#8628=SURFACE_STYLE_FILL_AREA(#8978);
#8629=SURFACE_STYLE_FILL_AREA(#8979);
#8630=SURFACE_STYLE_FILL_AREA(#8980);
#8631=SURFACE_STYLE_FILL_AREA(#8981);
#8632=SURFACE_STYLE_FILL_AREA(#8982);
#8633=SURFACE_STYLE_FILL_AREA(#8983);
#8634=SURFACE_STYLE_FILL_AREA(#8984);
#8635=SURFACE_STYLE_FILL_AREA(#8985);
#8636=SURFACE_STYLE_FILL_AREA(#8986);
#8637=SURFACE_STYLE_FILL_AREA(#8987);
#8638=SURFACE_STYLE_FILL_AREA(#8988);
#8639=SURFACE_STYLE_FILL_AREA(#8989);
#8640=SURFACE_STYLE_FILL_AREA(#8990);
#8641=SURFACE_STYLE_FILL_AREA(#8991);
#8642=SURFACE_STYLE_FILL_AREA(#8992);
#8643=SURFACE_STYLE_FILL_AREA(#8993);
#8644=SURFACE_STYLE_FILL_AREA(#8994);
#8645=SURFACE_STYLE_FILL_AREA(#8995);
#8646=SURFACE_STYLE_FILL_AREA(#8996);
#8647=SURFACE_STYLE_FILL_AREA(#8997);
#8648=SURFACE_STYLE_FILL_AREA(#8998);
#8649=SURFACE_STYLE_FILL_AREA(#8999);
#8650=SURFACE_STYLE_FILL_AREA(#9000);
#8651=SURFACE_STYLE_FILL_AREA(#9001);
#8652=SURFACE_STYLE_FILL_AREA(#9002);
#8653=SURFACE_STYLE_FILL_AREA(#9003);
#8654=SURFACE_STYLE_FILL_AREA(#9004);
#8655=SURFACE_STYLE_FILL_AREA(#9005);
#8656=SURFACE_STYLE_FILL_AREA(#9006);
#8657=SURFACE_STYLE_FILL_AREA(#9007);
#8658=SURFACE_STYLE_FILL_AREA(#9008);
#8659=SURFACE_STYLE_FILL_AREA(#9009);
#8660=SURFACE_STYLE_FILL_AREA(#9010);
#8661=SURFACE_STYLE_FILL_AREA(#9011);
#8662=SURFACE_STYLE_FILL_AREA(#9012);
#8663=SURFACE_STYLE_FILL_AREA(#9013);
#8664=SURFACE_STYLE_FILL_AREA(#9014);
#8665=SURFACE_STYLE_FILL_AREA(#9015);
#8666=SURFACE_STYLE_FILL_AREA(#9016);
#8667=SURFACE_STYLE_FILL_AREA(#9017);
#8668=SURFACE_STYLE_FILL_AREA(#9018);
#8669=SURFACE_STYLE_FILL_AREA(#9019);
#8670=SURFACE_STYLE_FILL_AREA(#9020);
#8671=SURFACE_STYLE_FILL_AREA(#9021);
#8672=SURFACE_STYLE_FILL_AREA(#9022);
#8673=SURFACE_STYLE_FILL_AREA(#9023);
#8674=SURFACE_STYLE_FILL_AREA(#9024);
#8675=SURFACE_STYLE_FILL_AREA(#9025);
#8676=SURFACE_STYLE_FILL_AREA(#9026);
#8677=SURFACE_STYLE_FILL_AREA(#9027);
#8678=SURFACE_STYLE_FILL_AREA(#9028);
#8679=SURFACE_STYLE_FILL_AREA(#9029);
#8680=SURFACE_STYLE_FILL_AREA(#9030);
#8681=SURFACE_STYLE_FILL_AREA(#9031);
#8682=SURFACE_STYLE_FILL_AREA(#9032);
#8683=SURFACE_STYLE_FILL_AREA(#9033);
#8684=SURFACE_STYLE_FILL_AREA(#9034);
#8685=SURFACE_STYLE_FILL_AREA(#9035);
#8686=SURFACE_STYLE_FILL_AREA(#9036);
#8687=SURFACE_STYLE_FILL_AREA(#9037);
#8688=SURFACE_STYLE_FILL_AREA(#9038);
#8689=SURFACE_STYLE_FILL_AREA(#9039);
#8690=SURFACE_STYLE_FILL_AREA(#9040);
#8691=SURFACE_STYLE_FILL_AREA(#9041);
#8692=SURFACE_STYLE_FILL_AREA(#9042);
#8693=SURFACE_STYLE_FILL_AREA(#9043);
#8694=SURFACE_STYLE_FILL_AREA(#9044);
#8695=SURFACE_STYLE_FILL_AREA(#9045);
#8696=SURFACE_STYLE_FILL_AREA(#9046);
#8697=SURFACE_STYLE_FILL_AREA(#9047);
#8698=SURFACE_STYLE_FILL_AREA(#9048);
#8699=SURFACE_STYLE_FILL_AREA(#9049);
#8700=SURFACE_STYLE_FILL_AREA(#9050);
#8701=SURFACE_STYLE_FILL_AREA(#9051);
#8702=SURFACE_STYLE_FILL_AREA(#9052);
#8703=SURFACE_STYLE_FILL_AREA(#9053);
#8704=SURFACE_STYLE_FILL_AREA(#9054);
#8705=SURFACE_STYLE_FILL_AREA(#9055);
#8706=SURFACE_STYLE_FILL_AREA(#9056);
#8707=SURFACE_STYLE_FILL_AREA(#9057);
#8708=SURFACE_STYLE_FILL_AREA(#9058);
#8709=SURFACE_STYLE_FILL_AREA(#9059);
#8710=SURFACE_STYLE_FILL_AREA(#9060);
#8711=SURFACE_STYLE_FILL_AREA(#9061);
#8712=SURFACE_STYLE_FILL_AREA(#9062);
#8713=SURFACE_STYLE_FILL_AREA(#9063);
#8714=SURFACE_STYLE_FILL_AREA(#9064);
#8715=SURFACE_STYLE_FILL_AREA(#9065);
#8716=SURFACE_STYLE_FILL_AREA(#9066);
#8717=SURFACE_STYLE_FILL_AREA(#9067);
#8718=SURFACE_STYLE_FILL_AREA(#9068);
#8719=SURFACE_STYLE_FILL_AREA(#9069);
#8720=SURFACE_STYLE_FILL_AREA(#9070);
#8721=SURFACE_STYLE_FILL_AREA(#9071);
#8722=SURFACE_STYLE_FILL_AREA(#9072);
#8723=SURFACE_STYLE_FILL_AREA(#9073);
#8724=SURFACE_STYLE_FILL_AREA(#9074);
#8725=SURFACE_STYLE_FILL_AREA(#9075);
#8726=SURFACE_STYLE_FILL_AREA(#9076);
#8727=SURFACE_STYLE_FILL_AREA(#9077);
#8728=SURFACE_STYLE_FILL_AREA(#9078);
#8729=SURFACE_STYLE_FILL_AREA(#9079);
#8730=SURFACE_STYLE_FILL_AREA(#9080);
#8731=SURFACE_STYLE_FILL_AREA(#9081);
#8732=SURFACE_STYLE_FILL_AREA(#9082);
#8733=SURFACE_STYLE_FILL_AREA(#9083);
#8734=SURFACE_STYLE_FILL_AREA(#9084);
#8735=SURFACE_STYLE_FILL_AREA(#9085);
#8736=SURFACE_STYLE_FILL_AREA(#9086);
#8737=SURFACE_STYLE_FILL_AREA(#9087);
#8738=SURFACE_STYLE_FILL_AREA(#9088);
#8739=SURFACE_STYLE_FILL_AREA(#9089);
#8740=SURFACE_STYLE_FILL_AREA(#9090);
#8741=SURFACE_STYLE_FILL_AREA(#9091);
#8742=SURFACE_STYLE_FILL_AREA(#9092);
#8743=SURFACE_STYLE_FILL_AREA(#9093);
#8744=SURFACE_STYLE_FILL_AREA(#9094);
#8745=SURFACE_STYLE_FILL_AREA(#9095);
#8746=SURFACE_STYLE_FILL_AREA(#9096);
#8747=SURFACE_STYLE_FILL_AREA(#9097);
#8748=SURFACE_STYLE_FILL_AREA(#9098);
#8749=SURFACE_STYLE_FILL_AREA(#9099);
#8750=SURFACE_STYLE_FILL_AREA(#9100);
#8751=SURFACE_STYLE_FILL_AREA(#9101);
#8752=SURFACE_STYLE_FILL_AREA(#9102);
#8753=SURFACE_STYLE_FILL_AREA(#9103);
#8754=SURFACE_STYLE_FILL_AREA(#9104);
#8755=SURFACE_STYLE_FILL_AREA(#9105);
#8756=SURFACE_STYLE_FILL_AREA(#9106);
#8757=SURFACE_STYLE_FILL_AREA(#9107);
#8758=SURFACE_STYLE_FILL_AREA(#9108);
#8759=SURFACE_STYLE_FILL_AREA(#9109);
#8760=SURFACE_STYLE_FILL_AREA(#9110);
#8761=SURFACE_STYLE_FILL_AREA(#9111);
#8762=SURFACE_STYLE_FILL_AREA(#9112);
#8763=SURFACE_STYLE_FILL_AREA(#9113);
#8764=SURFACE_STYLE_FILL_AREA(#9114);
#8765=SURFACE_STYLE_FILL_AREA(#9115);
#8766=SURFACE_STYLE_FILL_AREA(#9116);
#8767=SURFACE_STYLE_FILL_AREA(#9117);
#8768=SURFACE_STYLE_FILL_AREA(#9118);
#8769=SURFACE_STYLE_FILL_AREA(#9119);
#8770=SURFACE_STYLE_FILL_AREA(#9120);
#8771=SURFACE_STYLE_FILL_AREA(#9121);
#8772=SURFACE_STYLE_FILL_AREA(#9122);
#8773=SURFACE_STYLE_FILL_AREA(#9123);
#8774=SURFACE_STYLE_FILL_AREA(#9124);
#8775=SURFACE_STYLE_FILL_AREA(#9125);
#8776=SURFACE_STYLE_FILL_AREA(#9126);
#8777=SURFACE_STYLE_FILL_AREA(#9127);
#8778=SURFACE_STYLE_FILL_AREA(#9128);
#8779=SURFACE_STYLE_FILL_AREA(#9129);
#8780=SURFACE_STYLE_FILL_AREA(#9130);
#8781=SURFACE_STYLE_FILL_AREA(#9131);
#8782=SURFACE_STYLE_FILL_AREA(#9132);
#8783=SURFACE_STYLE_FILL_AREA(#9133);
#8784=SURFACE_STYLE_FILL_AREA(#9134);
#8785=SURFACE_STYLE_FILL_AREA(#9135);
#8786=SURFACE_STYLE_FILL_AREA(#9136);
#8787=SURFACE_STYLE_FILL_AREA(#9137);
#8788=SURFACE_STYLE_FILL_AREA(#9138);
#8789=SURFACE_STYLE_FILL_AREA(#9139);
#8790=SURFACE_STYLE_FILL_AREA(#9140);
#8791=SURFACE_STYLE_FILL_AREA(#9141);
#8792=SURFACE_STYLE_FILL_AREA(#9142);
#8793=SURFACE_STYLE_FILL_AREA(#9143);
#8794=SURFACE_STYLE_FILL_AREA(#9144);
#8795=SURFACE_STYLE_FILL_AREA(#9145);
#8796=SURFACE_STYLE_FILL_AREA(#9146);
#8797=SURFACE_STYLE_FILL_AREA(#9147);
#8798=SURFACE_STYLE_FILL_AREA(#9148);
#8799=SURFACE_STYLE_FILL_AREA(#9149);
#8800=SURFACE_STYLE_FILL_AREA(#9150);
#8801=SURFACE_STYLE_FILL_AREA(#9151);
#8802=SURFACE_STYLE_FILL_AREA(#9152);
#8803=SURFACE_STYLE_FILL_AREA(#9153);
#8804=SURFACE_STYLE_FILL_AREA(#9154);
#8805=SURFACE_STYLE_FILL_AREA(#9155);
#8806=SURFACE_STYLE_FILL_AREA(#9156);
#8807=SURFACE_STYLE_FILL_AREA(#9157);
#8808=SURFACE_STYLE_FILL_AREA(#9158);
#8809=SURFACE_STYLE_FILL_AREA(#9159);
#8810=SURFACE_STYLE_FILL_AREA(#9160);
#8811=SURFACE_STYLE_FILL_AREA(#9161);
#8812=SURFACE_STYLE_FILL_AREA(#9162);
#8813=SURFACE_STYLE_FILL_AREA(#9163);
#8814=SURFACE_STYLE_FILL_AREA(#9164);
#8815=SURFACE_STYLE_FILL_AREA(#9165);
#8816=SURFACE_STYLE_FILL_AREA(#9166);
#8817=SURFACE_STYLE_FILL_AREA(#9167);
#8818=SURFACE_STYLE_FILL_AREA(#9168);
#8819=FILL_AREA_STYLE('',(#9169));
#8820=FILL_AREA_STYLE('',(#9170));
#8821=FILL_AREA_STYLE('',(#9171));
#8822=FILL_AREA_STYLE('',(#9172));
#8823=FILL_AREA_STYLE('',(#9173));
#8824=FILL_AREA_STYLE('',(#9174));
#8825=FILL_AREA_STYLE('',(#9175));
#8826=FILL_AREA_STYLE('',(#9176));
#8827=FILL_AREA_STYLE('',(#9177));
#8828=FILL_AREA_STYLE('',(#9178));
#8829=FILL_AREA_STYLE('',(#9179));
#8830=FILL_AREA_STYLE('',(#9180));
#8831=FILL_AREA_STYLE('',(#9181));
#8832=FILL_AREA_STYLE('',(#9182));
#8833=FILL_AREA_STYLE('',(#9183));
#8834=FILL_AREA_STYLE('',(#9184));
#8835=FILL_AREA_STYLE('',(#9185));
#8836=FILL_AREA_STYLE('',(#9186));
#8837=FILL_AREA_STYLE('',(#9187));
#8838=FILL_AREA_STYLE('',(#9188));
#8839=FILL_AREA_STYLE('',(#9189));
#8840=FILL_AREA_STYLE('',(#9190));
#8841=FILL_AREA_STYLE('',(#9191));
#8842=FILL_AREA_STYLE('',(#9192));
#8843=FILL_AREA_STYLE('',(#9193));
#8844=FILL_AREA_STYLE('',(#9194));
#8845=FILL_AREA_STYLE('',(#9195));
#8846=FILL_AREA_STYLE('',(#9196));
#8847=FILL_AREA_STYLE('',(#9197));
#8848=FILL_AREA_STYLE('',(#9198));
#8849=FILL_AREA_STYLE('',(#9199));
#8850=FILL_AREA_STYLE('',(#9200));
#8851=FILL_AREA_STYLE('',(#9201));
#8852=FILL_AREA_STYLE('',(#9202));
#8853=FILL_AREA_STYLE('',(#9203));
#8854=FILL_AREA_STYLE('',(#9204));
#8855=FILL_AREA_STYLE('',(#9205));
#8856=FILL_AREA_STYLE('',(#9206));
#8857=FILL_AREA_STYLE('',(#9207));
#8858=FILL_AREA_STYLE('',(#9208));
#8859=FILL_AREA_STYLE('',(#9209));
#8860=FILL_AREA_STYLE('',(#9210));
#8861=FILL_AREA_STYLE('',(#9211));
#8862=FILL_AREA_STYLE('',(#9212));
#8863=FILL_AREA_STYLE('',(#9213));
#8864=FILL_AREA_STYLE('',(#9214));
#8865=FILL_AREA_STYLE('',(#9215));
#8866=FILL_AREA_STYLE('',(#9216));
#8867=FILL_AREA_STYLE('',(#9217));
#8868=FILL_AREA_STYLE('',(#9218));
#8869=FILL_AREA_STYLE('',(#9219));
#8870=FILL_AREA_STYLE('',(#9220));
#8871=FILL_AREA_STYLE('',(#9221));
#8872=FILL_AREA_STYLE('',(#9222));
#8873=FILL_AREA_STYLE('',(#9223));
#8874=FILL_AREA_STYLE('',(#9224));
#8875=FILL_AREA_STYLE('',(#9225));
#8876=FILL_AREA_STYLE('',(#9226));
#8877=FILL_AREA_STYLE('',(#9227));
#8878=FILL_AREA_STYLE('',(#9228));
#8879=FILL_AREA_STYLE('',(#9229));
#8880=FILL_AREA_STYLE('',(#9230));
#8881=FILL_AREA_STYLE('',(#9231));
#8882=FILL_AREA_STYLE('',(#9232));
#8883=FILL_AREA_STYLE('',(#9233));
#8884=FILL_AREA_STYLE('',(#9234));
#8885=FILL_AREA_STYLE('',(#9235));
#8886=FILL_AREA_STYLE('',(#9236));
#8887=FILL_AREA_STYLE('',(#9237));
#8888=FILL_AREA_STYLE('',(#9238));
#8889=FILL_AREA_STYLE('',(#9239));
#8890=FILL_AREA_STYLE('',(#9240));
#8891=FILL_AREA_STYLE('',(#9241));
#8892=FILL_AREA_STYLE('',(#9242));
#8893=FILL_AREA_STYLE('',(#9243));
#8894=FILL_AREA_STYLE('',(#9244));
#8895=FILL_AREA_STYLE('',(#9245));
#8896=FILL_AREA_STYLE('',(#9246));
#8897=FILL_AREA_STYLE('',(#9247));
#8898=FILL_AREA_STYLE('',(#9248));
#8899=FILL_AREA_STYLE('',(#9249));
#8900=FILL_AREA_STYLE('',(#9250));
#8901=FILL_AREA_STYLE('',(#9251));
#8902=FILL_AREA_STYLE('',(#9252));
#8903=FILL_AREA_STYLE('',(#9253));
#8904=FILL_AREA_STYLE('',(#9254));
#8905=FILL_AREA_STYLE('',(#9255));
#8906=FILL_AREA_STYLE('',(#9256));
#8907=FILL_AREA_STYLE('',(#9257));
#8908=FILL_AREA_STYLE('',(#9258));
#8909=FILL_AREA_STYLE('',(#9259));
#8910=FILL_AREA_STYLE('',(#9260));
#8911=FILL_AREA_STYLE('',(#9261));
#8912=FILL_AREA_STYLE('',(#9262));
#8913=FILL_AREA_STYLE('',(#9263));
#8914=FILL_AREA_STYLE('',(#9264));
#8915=FILL_AREA_STYLE('',(#9265));
#8916=FILL_AREA_STYLE('',(#9266));
#8917=FILL_AREA_STYLE('',(#9267));
#8918=FILL_AREA_STYLE('',(#9268));
#8919=FILL_AREA_STYLE('',(#9269));
#8920=FILL_AREA_STYLE('',(#9270));
#8921=FILL_AREA_STYLE('',(#9271));
#8922=FILL_AREA_STYLE('',(#9272));
#8923=FILL_AREA_STYLE('',(#9273));
#8924=FILL_AREA_STYLE('',(#9274));
#8925=FILL_AREA_STYLE('',(#9275));
#8926=FILL_AREA_STYLE('',(#9276));
#8927=FILL_AREA_STYLE('',(#9277));
#8928=FILL_AREA_STYLE('',(#9278));
#8929=FILL_AREA_STYLE('',(#9279));
#8930=FILL_AREA_STYLE('',(#9280));
#8931=FILL_AREA_STYLE('',(#9281));
#8932=FILL_AREA_STYLE('',(#9282));
#8933=FILL_AREA_STYLE('',(#9283));
#8934=FILL_AREA_STYLE('',(#9284));
#8935=FILL_AREA_STYLE('',(#9285));
#8936=FILL_AREA_STYLE('',(#9286));
#8937=FILL_AREA_STYLE('',(#9287));
#8938=FILL_AREA_STYLE('',(#9288));
#8939=FILL_AREA_STYLE('',(#9289));
#8940=FILL_AREA_STYLE('',(#9290));
#8941=FILL_AREA_STYLE('',(#9291));
#8942=FILL_AREA_STYLE('',(#9292));
#8943=FILL_AREA_STYLE('',(#9293));
#8944=FILL_AREA_STYLE('',(#9294));
#8945=FILL_AREA_STYLE('',(#9295));
#8946=FILL_AREA_STYLE('',(#9296));
#8947=FILL_AREA_STYLE('',(#9297));
#8948=FILL_AREA_STYLE('',(#9298));
#8949=FILL_AREA_STYLE('',(#9299));
#8950=FILL_AREA_STYLE('',(#9300));
#8951=FILL_AREA_STYLE('',(#9301));
#8952=FILL_AREA_STYLE('',(#9302));
#8953=FILL_AREA_STYLE('',(#9303));
#8954=FILL_AREA_STYLE('',(#9304));
#8955=FILL_AREA_STYLE('',(#9305));
#8956=FILL_AREA_STYLE('',(#9306));
#8957=FILL_AREA_STYLE('',(#9307));
#8958=FILL_AREA_STYLE('',(#9308));
#8959=FILL_AREA_STYLE('',(#9309));
#8960=FILL_AREA_STYLE('',(#9310));
#8961=FILL_AREA_STYLE('',(#9311));
#8962=FILL_AREA_STYLE('',(#9312));
#8963=FILL_AREA_STYLE('',(#9313));
#8964=FILL_AREA_STYLE('',(#9314));
#8965=FILL_AREA_STYLE('',(#9315));
#8966=FILL_AREA_STYLE('',(#9316));
#8967=FILL_AREA_STYLE('',(#9317));
#8968=FILL_AREA_STYLE('',(#9318));
#8969=FILL_AREA_STYLE('',(#9319));
#8970=FILL_AREA_STYLE('',(#9320));
#8971=FILL_AREA_STYLE('',(#9321));
#8972=FILL_AREA_STYLE('',(#9322));
#8973=FILL_AREA_STYLE('',(#9323));
#8974=FILL_AREA_STYLE('',(#9324));
#8975=FILL_AREA_STYLE('',(#9325));
#8976=FILL_AREA_STYLE('',(#9326));
#8977=FILL_AREA_STYLE('',(#9327));
#8978=FILL_AREA_STYLE('',(#9328));
#8979=FILL_AREA_STYLE('',(#9329));
#8980=FILL_AREA_STYLE('',(#9330));
#8981=FILL_AREA_STYLE('',(#9331));
#8982=FILL_AREA_STYLE('',(#9332));
#8983=FILL_AREA_STYLE('',(#9333));
#8984=FILL_AREA_STYLE('',(#9334));
#8985=FILL_AREA_STYLE('',(#9335));
#8986=FILL_AREA_STYLE('',(#9336));
#8987=FILL_AREA_STYLE('',(#9337));
#8988=FILL_AREA_STYLE('',(#9338));
#8989=FILL_AREA_STYLE('',(#9339));
#8990=FILL_AREA_STYLE('',(#9340));
#8991=FILL_AREA_STYLE('',(#9341));
#8992=FILL_AREA_STYLE('',(#9342));
#8993=FILL_AREA_STYLE('',(#9343));
#8994=FILL_AREA_STYLE('',(#9344));
#8995=FILL_AREA_STYLE('',(#9345));
#8996=FILL_AREA_STYLE('',(#9346));
#8997=FILL_AREA_STYLE('',(#9347));
#8998=FILL_AREA_STYLE('',(#9348));
#8999=FILL_AREA_STYLE('',(#9349));
#9000=FILL_AREA_STYLE('',(#9350));
#9001=FILL_AREA_STYLE('',(#9351));
#9002=FILL_AREA_STYLE('',(#9352));
#9003=FILL_AREA_STYLE('',(#9353));
#9004=FILL_AREA_STYLE('',(#9354));
#9005=FILL_AREA_STYLE('',(#9355));
#9006=FILL_AREA_STYLE('',(#9356));
#9007=FILL_AREA_STYLE('',(#9357));
#9008=FILL_AREA_STYLE('',(#9358));
#9009=FILL_AREA_STYLE('',(#9359));
#9010=FILL_AREA_STYLE('',(#9360));
#9011=FILL_AREA_STYLE('',(#9361));
#9012=FILL_AREA_STYLE('',(#9362));
#9013=FILL_AREA_STYLE('',(#9363));
#9014=FILL_AREA_STYLE('',(#9364));
#9015=FILL_AREA_STYLE('',(#9365));
#9016=FILL_AREA_STYLE('',(#9366));
#9017=FILL_AREA_STYLE('',(#9367));
#9018=FILL_AREA_STYLE('',(#9368));
#9019=FILL_AREA_STYLE('',(#9369));
#9020=FILL_AREA_STYLE('',(#9370));
#9021=FILL_AREA_STYLE('',(#9371));
#9022=FILL_AREA_STYLE('',(#9372));
#9023=FILL_AREA_STYLE('',(#9373));
#9024=FILL_AREA_STYLE('',(#9374));
#9025=FILL_AREA_STYLE('',(#9375));
#9026=FILL_AREA_STYLE('',(#9376));
#9027=FILL_AREA_STYLE('',(#9377));
#9028=FILL_AREA_STYLE('',(#9378));
#9029=FILL_AREA_STYLE('',(#9379));
#9030=FILL_AREA_STYLE('',(#9380));
#9031=FILL_AREA_STYLE('',(#9381));
#9032=FILL_AREA_STYLE('',(#9382));
#9033=FILL_AREA_STYLE('',(#9383));
#9034=FILL_AREA_STYLE('',(#9384));
#9035=FILL_AREA_STYLE('',(#9385));
#9036=FILL_AREA_STYLE('',(#9386));
#9037=FILL_AREA_STYLE('',(#9387));
#9038=FILL_AREA_STYLE('',(#9388));
#9039=FILL_AREA_STYLE('',(#9389));
#9040=FILL_AREA_STYLE('',(#9390));
#9041=FILL_AREA_STYLE('',(#9391));
#9042=FILL_AREA_STYLE('',(#9392));
#9043=FILL_AREA_STYLE('',(#9393));
#9044=FILL_AREA_STYLE('',(#9394));
#9045=FILL_AREA_STYLE('',(#9395));
#9046=FILL_AREA_STYLE('',(#9396));
#9047=FILL_AREA_STYLE('',(#9397));
#9048=FILL_AREA_STYLE('',(#9398));
#9049=FILL_AREA_STYLE('',(#9399));
#9050=FILL_AREA_STYLE('',(#9400));
#9051=FILL_AREA_STYLE('',(#9401));
#9052=FILL_AREA_STYLE('',(#9402));
#9053=FILL_AREA_STYLE('',(#9403));
#9054=FILL_AREA_STYLE('',(#9404));
#9055=FILL_AREA_STYLE('',(#9405));
#9056=FILL_AREA_STYLE('',(#9406));
#9057=FILL_AREA_STYLE('',(#9407));
#9058=FILL_AREA_STYLE('',(#9408));
#9059=FILL_AREA_STYLE('',(#9409));
#9060=FILL_AREA_STYLE('',(#9410));
#9061=FILL_AREA_STYLE('',(#9411));
#9062=FILL_AREA_STYLE('',(#9412));
#9063=FILL_AREA_STYLE('',(#9413));
#9064=FILL_AREA_STYLE('',(#9414));
#9065=FILL_AREA_STYLE('',(#9415));
#9066=FILL_AREA_STYLE('',(#9416));
#9067=FILL_AREA_STYLE('',(#9417));
#9068=FILL_AREA_STYLE('',(#9418));
#9069=FILL_AREA_STYLE('',(#9419));
#9070=FILL_AREA_STYLE('',(#9420));
#9071=FILL_AREA_STYLE('',(#9421));
#9072=FILL_AREA_STYLE('',(#9422));
#9073=FILL_AREA_STYLE('',(#9423));
#9074=FILL_AREA_STYLE('',(#9424));
#9075=FILL_AREA_STYLE('',(#9425));
#9076=FILL_AREA_STYLE('',(#9426));
#9077=FILL_AREA_STYLE('',(#9427));
#9078=FILL_AREA_STYLE('',(#9428));
#9079=FILL_AREA_STYLE('',(#9429));
#9080=FILL_AREA_STYLE('',(#9430));
#9081=FILL_AREA_STYLE('',(#9431));
#9082=FILL_AREA_STYLE('',(#9432));
#9083=FILL_AREA_STYLE('',(#9433));
#9084=FILL_AREA_STYLE('',(#9434));
#9085=FILL_AREA_STYLE('',(#9435));
#9086=FILL_AREA_STYLE('',(#9436));
#9087=FILL_AREA_STYLE('',(#9437));
#9088=FILL_AREA_STYLE('',(#9438));
#9089=FILL_AREA_STYLE('',(#9439));
#9090=FILL_AREA_STYLE('',(#9440));
#9091=FILL_AREA_STYLE('',(#9441));
#9092=FILL_AREA_STYLE('',(#9442));
#9093=FILL_AREA_STYLE('',(#9443));
#9094=FILL_AREA_STYLE('',(#9444));
#9095=FILL_AREA_STYLE('',(#9445));
#9096=FILL_AREA_STYLE('',(#9446));
#9097=FILL_AREA_STYLE('',(#9447));
#9098=FILL_AREA_STYLE('',(#9448));
#9099=FILL_AREA_STYLE('',(#9449));
#9100=FILL_AREA_STYLE('',(#9450));
#9101=FILL_AREA_STYLE('',(#9451));
#9102=FILL_AREA_STYLE('',(#9452));
#9103=FILL_AREA_STYLE('',(#9453));
#9104=FILL_AREA_STYLE('',(#9454));
#9105=FILL_AREA_STYLE('',(#9455));
#9106=FILL_AREA_STYLE('',(#9456));
#9107=FILL_AREA_STYLE('',(#9457));
#9108=FILL_AREA_STYLE('',(#9458));
#9109=FILL_AREA_STYLE('',(#9459));
#9110=FILL_AREA_STYLE('',(#9460));
#9111=FILL_AREA_STYLE('',(#9461));
#9112=FILL_AREA_STYLE('',(#9462));
#9113=FILL_AREA_STYLE('',(#9463));
#9114=FILL_AREA_STYLE('',(#9464));
#9115=FILL_AREA_STYLE('',(#9465));
#9116=FILL_AREA_STYLE('',(#9466));
#9117=FILL_AREA_STYLE('',(#9467));
#9118=FILL_AREA_STYLE('',(#9468));
#9119=FILL_AREA_STYLE('',(#9469));
#9120=FILL_AREA_STYLE('',(#9470));
#9121=FILL_AREA_STYLE('',(#9471));
#9122=FILL_AREA_STYLE('',(#9472));
#9123=FILL_AREA_STYLE('',(#9473));
#9124=FILL_AREA_STYLE('',(#9474));
#9125=FILL_AREA_STYLE('',(#9475));
#9126=FILL_AREA_STYLE('',(#9476));
#9127=FILL_AREA_STYLE('',(#9477));
#9128=FILL_AREA_STYLE('',(#9478));
#9129=FILL_AREA_STYLE('',(#9479));
#9130=FILL_AREA_STYLE('',(#9480));
#9131=FILL_AREA_STYLE('',(#9481));
#9132=FILL_AREA_STYLE('',(#9482));
#9133=FILL_AREA_STYLE('',(#9483));
#9134=FILL_AREA_STYLE('',(#9484));
#9135=FILL_AREA_STYLE('',(#9485));
#9136=FILL_AREA_STYLE('',(#9486));
#9137=FILL_AREA_STYLE('',(#9487));
#9138=FILL_AREA_STYLE('',(#9488));
#9139=FILL_AREA_STYLE('',(#9489));
#9140=FILL_AREA_STYLE('',(#9490));
#9141=FILL_AREA_STYLE('',(#9491));
#9142=FILL_AREA_STYLE('',(#9492));
#9143=FILL_AREA_STYLE('',(#9493));
#9144=FILL_AREA_STYLE('',(#9494));
#9145=FILL_AREA_STYLE('',(#9495));
#9146=FILL_AREA_STYLE('',(#9496));
#9147=FILL_AREA_STYLE('',(#9497));
#9148=FILL_AREA_STYLE('',(#9498));
#9149=FILL_AREA_STYLE('',(#9499));
#9150=FILL_AREA_STYLE('',(#9500));
#9151=FILL_AREA_STYLE('',(#9501));
#9152=FILL_AREA_STYLE('',(#9502));
#9153=FILL_AREA_STYLE('',(#9503));
#9154=FILL_AREA_STYLE('',(#9504));
#9155=FILL_AREA_STYLE('',(#9505));
#9156=FILL_AREA_STYLE('',(#9506));
#9157=FILL_AREA_STYLE('',(#9507));
#9158=FILL_AREA_STYLE('',(#9508));
#9159=FILL_AREA_STYLE('',(#9509));
#9160=FILL_AREA_STYLE('',(#9510));
#9161=FILL_AREA_STYLE('',(#9511));
#9162=FILL_AREA_STYLE('',(#9512));
#9163=FILL_AREA_STYLE('',(#9513));
#9164=FILL_AREA_STYLE('',(#9514));
#9165=FILL_AREA_STYLE('',(#9515));
#9166=FILL_AREA_STYLE('',(#9516));
#9167=FILL_AREA_STYLE('',(#9517));
#9168=FILL_AREA_STYLE('',(#9518));
#9169=FILL_AREA_STYLE_COLOUR('',#9519);
#9170=FILL_AREA_STYLE_COLOUR('',#9520);
#9171=FILL_AREA_STYLE_COLOUR('',#9520);
#9172=FILL_AREA_STYLE_COLOUR('',#9520);
#9173=FILL_AREA_STYLE_COLOUR('',#9520);
#9174=FILL_AREA_STYLE_COLOUR('',#9520);
#9175=FILL_AREA_STYLE_COLOUR('',#9520);
#9176=FILL_AREA_STYLE_COLOUR('',#9520);
#9177=FILL_AREA_STYLE_COLOUR('',#9520);
#9178=FILL_AREA_STYLE_COLOUR('',#9520);
#9179=FILL_AREA_STYLE_COLOUR('',#9520);
#9180=FILL_AREA_STYLE_COLOUR('',#9520);
#9181=FILL_AREA_STYLE_COLOUR('',#9520);
#9182=FILL_AREA_STYLE_COLOUR('',#9520);
#9183=FILL_AREA_STYLE_COLOUR('',#9520);
#9184=FILL_AREA_STYLE_COLOUR('',#9520);
#9185=FILL_AREA_STYLE_COLOUR('',#9520);
#9186=FILL_AREA_STYLE_COLOUR('',#9520);
#9187=FILL_AREA_STYLE_COLOUR('',#9520);
#9188=FILL_AREA_STYLE_COLOUR('',#9520);
#9189=FILL_AREA_STYLE_COLOUR('',#9520);
#9190=FILL_AREA_STYLE_COLOUR('',#9520);
#9191=FILL_AREA_STYLE_COLOUR('',#9520);
#9192=FILL_AREA_STYLE_COLOUR('',#9520);
#9193=FILL_AREA_STYLE_COLOUR('',#9520);
#9194=FILL_AREA_STYLE_COLOUR('',#9520);
#9195=FILL_AREA_STYLE_COLOUR('',#9520);
#9196=FILL_AREA_STYLE_COLOUR('',#9520);
#9197=FILL_AREA_STYLE_COLOUR('',#9520);
#9198=FILL_AREA_STYLE_COLOUR('',#9520);
#9199=FILL_AREA_STYLE_COLOUR('',#9520);
#9200=FILL_AREA_STYLE_COLOUR('',#9520);
#9201=FILL_AREA_STYLE_COLOUR('',#9520);
#9202=FILL_AREA_STYLE_COLOUR('',#9520);
#9203=FILL_AREA_STYLE_COLOUR('',#9520);
#9204=FILL_AREA_STYLE_COLOUR('',#9520);
#9205=FILL_AREA_STYLE_COLOUR('',#9520);
#9206=FILL_AREA_STYLE_COLOUR('',#9520);
#9207=FILL_AREA_STYLE_COLOUR('',#9520);
#9208=FILL_AREA_STYLE_COLOUR('',#9520);
#9209=FILL_AREA_STYLE_COLOUR('',#9520);
#9210=FILL_AREA_STYLE_COLOUR('',#9520);
#9211=FILL_AREA_STYLE_COLOUR('',#9520);
#9212=FILL_AREA_STYLE_COLOUR('',#9520);
#9213=FILL_AREA_STYLE_COLOUR('',#9520);
#9214=FILL_AREA_STYLE_COLOUR('',#9520);
#9215=FILL_AREA_STYLE_COLOUR('',#9520);
#9216=FILL_AREA_STYLE_COLOUR('',#9520);
#9217=FILL_AREA_STYLE_COLOUR('',#9520);
#9218=FILL_AREA_STYLE_COLOUR('',#9520);
#9219=FILL_AREA_STYLE_COLOUR('',#9520);
#9220=FILL_AREA_STYLE_COLOUR('',#9520);
#9221=FILL_AREA_STYLE_COLOUR('',#9520);
#9222=FILL_AREA_STYLE_COLOUR('',#9520);
#9223=FILL_AREA_STYLE_COLOUR('',#9520);
#9224=FILL_AREA_STYLE_COLOUR('',#9520);
#9225=FILL_AREA_STYLE_COLOUR('',#9520);
#9226=FILL_AREA_STYLE_COLOUR('',#9520);
#9227=FILL_AREA_STYLE_COLOUR('',#9520);
#9228=FILL_AREA_STYLE_COLOUR('',#9520);
#9229=FILL_AREA_STYLE_COLOUR('',#9520);
#9230=FILL_AREA_STYLE_COLOUR('',#9520);
#9231=FILL_AREA_STYLE_COLOUR('',#9520);
#9232=FILL_AREA_STYLE_COLOUR('',#9520);
#9233=FILL_AREA_STYLE_COLOUR('',#9520);
#9234=FILL_AREA_STYLE_COLOUR('',#9520);
#9235=FILL_AREA_STYLE_COLOUR('',#9520);
#9236=FILL_AREA_STYLE_COLOUR('',#9520);
#9237=FILL_AREA_STYLE_COLOUR('',#9520);
#9238=FILL_AREA_STYLE_COLOUR('',#9520);
#9239=FILL_AREA_STYLE_COLOUR('',#9520);
#9240=FILL_AREA_STYLE_COLOUR('',#9520);
#9241=FILL_AREA_STYLE_COLOUR('',#9520);
#9242=FILL_AREA_STYLE_COLOUR('',#9520);
#9243=FILL_AREA_STYLE_COLOUR('',#9520);
#9244=FILL_AREA_STYLE_COLOUR('',#9520);
#9245=FILL_AREA_STYLE_COLOUR('',#9520);
#9246=FILL_AREA_STYLE_COLOUR('',#9520);
#9247=FILL_AREA_STYLE_COLOUR('',#9520);
#9248=FILL_AREA_STYLE_COLOUR('',#9520);
#9249=FILL_AREA_STYLE_COLOUR('',#9520);
#9250=FILL_AREA_STYLE_COLOUR('',#9520);
#9251=FILL_AREA_STYLE_COLOUR('',#9520);
#9252=FILL_AREA_STYLE_COLOUR('',#9520);
#9253=FILL_AREA_STYLE_COLOUR('',#9520);
#9254=FILL_AREA_STYLE_COLOUR('',#9520);
#9255=FILL_AREA_STYLE_COLOUR('',#9520);
#9256=FILL_AREA_STYLE_COLOUR('',#9520);
#9257=FILL_AREA_STYLE_COLOUR('',#9520);
#9258=FILL_AREA_STYLE_COLOUR('',#9520);
#9259=FILL_AREA_STYLE_COLOUR('',#9520);
#9260=FILL_AREA_STYLE_COLOUR('',#9520);
#9261=FILL_AREA_STYLE_COLOUR('',#9520);
#9262=FILL_AREA_STYLE_COLOUR('',#9520);
#9263=FILL_AREA_STYLE_COLOUR('',#9520);
#9264=FILL_AREA_STYLE_COLOUR('',#9520);
#9265=FILL_AREA_STYLE_COLOUR('',#9520);
#9266=FILL_AREA_STYLE_COLOUR('',#9520);
#9267=FILL_AREA_STYLE_COLOUR('',#9520);
#9268=FILL_AREA_STYLE_COLOUR('',#9520);
#9269=FILL_AREA_STYLE_COLOUR('',#9520);
#9270=FILL_AREA_STYLE_COLOUR('',#9520);
#9271=FILL_AREA_STYLE_COLOUR('',#9520);
#9272=FILL_AREA_STYLE_COLOUR('',#9521);
#9273=FILL_AREA_STYLE_COLOUR('',#9521);
#9274=FILL_AREA_STYLE_COLOUR('',#9521);
#9275=FILL_AREA_STYLE_COLOUR('',#9521);
#9276=FILL_AREA_STYLE_COLOUR('',#9521);
#9277=FILL_AREA_STYLE_COLOUR('',#9521);
#9278=FILL_AREA_STYLE_COLOUR('',#9520);
#9279=FILL_AREA_STYLE_COLOUR('',#9520);
#9280=FILL_AREA_STYLE_COLOUR('',#9520);
#9281=FILL_AREA_STYLE_COLOUR('',#9520);
#9282=FILL_AREA_STYLE_COLOUR('',#9520);
#9283=FILL_AREA_STYLE_COLOUR('',#9520);
#9284=FILL_AREA_STYLE_COLOUR('',#9520);
#9285=FILL_AREA_STYLE_COLOUR('',#9520);
#9286=FILL_AREA_STYLE_COLOUR('',#9520);
#9287=FILL_AREA_STYLE_COLOUR('',#9520);
#9288=FILL_AREA_STYLE_COLOUR('',#9520);
#9289=FILL_AREA_STYLE_COLOUR('',#9520);
#9290=FILL_AREA_STYLE_COLOUR('',#9520);
#9291=FILL_AREA_STYLE_COLOUR('',#9520);
#9292=FILL_AREA_STYLE_COLOUR('',#9520);
#9293=FILL_AREA_STYLE_COLOUR('',#9520);
#9294=FILL_AREA_STYLE_COLOUR('',#9520);
#9295=FILL_AREA_STYLE_COLOUR('',#9520);
#9296=FILL_AREA_STYLE_COLOUR('',#9520);
#9297=FILL_AREA_STYLE_COLOUR('',#9520);
#9298=FILL_AREA_STYLE_COLOUR('',#9520);
#9299=FILL_AREA_STYLE_COLOUR('',#9520);
#9300=FILL_AREA_STYLE_COLOUR('',#9520);
#9301=FILL_AREA_STYLE_COLOUR('',#9520);
#9302=FILL_AREA_STYLE_COLOUR('',#9520);
#9303=FILL_AREA_STYLE_COLOUR('',#9520);
#9304=FILL_AREA_STYLE_COLOUR('',#9520);
#9305=FILL_AREA_STYLE_COLOUR('',#9520);
#9306=FILL_AREA_STYLE_COLOUR('',#9520);
#9307=FILL_AREA_STYLE_COLOUR('',#9520);
#9308=FILL_AREA_STYLE_COLOUR('',#9520);
#9309=FILL_AREA_STYLE_COLOUR('',#9520);
#9310=FILL_AREA_STYLE_COLOUR('',#9520);
#9311=FILL_AREA_STYLE_COLOUR('',#9520);
#9312=FILL_AREA_STYLE_COLOUR('',#9520);
#9313=FILL_AREA_STYLE_COLOUR('',#9520);
#9314=FILL_AREA_STYLE_COLOUR('',#9520);
#9315=FILL_AREA_STYLE_COLOUR('',#9520);
#9316=FILL_AREA_STYLE_COLOUR('',#9520);
#9317=FILL_AREA_STYLE_COLOUR('',#9520);
#9318=FILL_AREA_STYLE_COLOUR('',#9521);
#9319=FILL_AREA_STYLE_COLOUR('',#9520);
#9320=FILL_AREA_STYLE_COLOUR('',#9520);
#9321=FILL_AREA_STYLE_COLOUR('',#9520);
#9322=FILL_AREA_STYLE_COLOUR('',#9520);
#9323=FILL_AREA_STYLE_COLOUR('',#9520);
#9324=FILL_AREA_STYLE_COLOUR('',#9520);
#9325=FILL_AREA_STYLE_COLOUR('',#9520);
#9326=FILL_AREA_STYLE_COLOUR('',#9520);
#9327=FILL_AREA_STYLE_COLOUR('',#9520);
#9328=FILL_AREA_STYLE_COLOUR('',#9520);
#9329=FILL_AREA_STYLE_COLOUR('',#9520);
#9330=FILL_AREA_STYLE_COLOUR('',#9520);
#9331=FILL_AREA_STYLE_COLOUR('',#9520);
#9332=FILL_AREA_STYLE_COLOUR('',#9520);
#9333=FILL_AREA_STYLE_COLOUR('',#9520);
#9334=FILL_AREA_STYLE_COLOUR('',#9520);
#9335=FILL_AREA_STYLE_COLOUR('',#9520);
#9336=FILL_AREA_STYLE_COLOUR('',#9520);
#9337=FILL_AREA_STYLE_COLOUR('',#9520);
#9338=FILL_AREA_STYLE_COLOUR('',#9520);
#9339=FILL_AREA_STYLE_COLOUR('',#9520);
#9340=FILL_AREA_STYLE_COLOUR('',#9520);
#9341=FILL_AREA_STYLE_COLOUR('',#9520);
#9342=FILL_AREA_STYLE_COLOUR('',#9520);
#9343=FILL_AREA_STYLE_COLOUR('',#9520);
#9344=FILL_AREA_STYLE_COLOUR('',#9520);
#9345=FILL_AREA_STYLE_COLOUR('',#9520);
#9346=FILL_AREA_STYLE_COLOUR('',#9520);
#9347=FILL_AREA_STYLE_COLOUR('',#9520);
#9348=FILL_AREA_STYLE_COLOUR('',#9520);
#9349=FILL_AREA_STYLE_COLOUR('',#9520);
#9350=FILL_AREA_STYLE_COLOUR('',#9520);
#9351=FILL_AREA_STYLE_COLOUR('',#9520);
#9352=FILL_AREA_STYLE_COLOUR('',#9520);
#9353=FILL_AREA_STYLE_COLOUR('',#9520);
#9354=FILL_AREA_STYLE_COLOUR('',#9520);
#9355=FILL_AREA_STYLE_COLOUR('',#9520);
#9356=FILL_AREA_STYLE_COLOUR('',#9520);
#9357=FILL_AREA_STYLE_COLOUR('',#9520);
#9358=FILL_AREA_STYLE_COLOUR('',#9520);
#9359=FILL_AREA_STYLE_COLOUR('',#9520);
#9360=FILL_AREA_STYLE_COLOUR('',#9520);
#9361=FILL_AREA_STYLE_COLOUR('',#9520);
#9362=FILL_AREA_STYLE_COLOUR('',#9521);
#9363=FILL_AREA_STYLE_COLOUR('',#9521);
#9364=FILL_AREA_STYLE_COLOUR('',#9521);
#9365=FILL_AREA_STYLE_COLOUR('',#9521);
#9366=FILL_AREA_STYLE_COLOUR('',#9521);
#9367=FILL_AREA_STYLE_COLOUR('',#9521);
#9368=FILL_AREA_STYLE_COLOUR('',#9521);
#9369=FILL_AREA_STYLE_COLOUR('',#9521);
#9370=FILL_AREA_STYLE_COLOUR('',#9521);
#9371=FILL_AREA_STYLE_COLOUR('',#9521);
#9372=FILL_AREA_STYLE_COLOUR('',#9521);
#9373=FILL_AREA_STYLE_COLOUR('',#9521);
#9374=FILL_AREA_STYLE_COLOUR('',#9521);
#9375=FILL_AREA_STYLE_COLOUR('',#9521);
#9376=FILL_AREA_STYLE_COLOUR('',#9521);
#9377=FILL_AREA_STYLE_COLOUR('',#9521);
#9378=FILL_AREA_STYLE_COLOUR('',#9522);
#9379=FILL_AREA_STYLE_COLOUR('',#9522);
#9380=FILL_AREA_STYLE_COLOUR('',#9522);
#9381=FILL_AREA_STYLE_COLOUR('',#9522);
#9382=FILL_AREA_STYLE_COLOUR('',#9522);
#9383=FILL_AREA_STYLE_COLOUR('',#9522);
#9384=FILL_AREA_STYLE_COLOUR('',#9522);
#9385=FILL_AREA_STYLE_COLOUR('',#9522);
#9386=FILL_AREA_STYLE_COLOUR('',#9522);
#9387=FILL_AREA_STYLE_COLOUR('',#9522);
#9388=FILL_AREA_STYLE_COLOUR('',#9522);
#9389=FILL_AREA_STYLE_COLOUR('',#9522);
#9390=FILL_AREA_STYLE_COLOUR('',#9522);
#9391=FILL_AREA_STYLE_COLOUR('',#9522);
#9392=FILL_AREA_STYLE_COLOUR('',#9522);
#9393=FILL_AREA_STYLE_COLOUR('',#9522);
#9394=FILL_AREA_STYLE_COLOUR('',#9522);
#9395=FILL_AREA_STYLE_COLOUR('',#9522);
#9396=FILL_AREA_STYLE_COLOUR('',#9522);
#9397=FILL_AREA_STYLE_COLOUR('',#9522);
#9398=FILL_AREA_STYLE_COLOUR('',#9522);
#9399=FILL_AREA_STYLE_COLOUR('',#9522);
#9400=FILL_AREA_STYLE_COLOUR('',#9522);
#9401=FILL_AREA_STYLE_COLOUR('',#9522);
#9402=FILL_AREA_STYLE_COLOUR('',#9521);
#9403=FILL_AREA_STYLE_COLOUR('',#9521);
#9404=FILL_AREA_STYLE_COLOUR('',#9521);
#9405=FILL_AREA_STYLE_COLOUR('',#9521);
#9406=FILL_AREA_STYLE_COLOUR('',#9521);
#9407=FILL_AREA_STYLE_COLOUR('',#9521);
#9408=FILL_AREA_STYLE_COLOUR('',#9521);
#9409=FILL_AREA_STYLE_COLOUR('',#9521);
#9410=FILL_AREA_STYLE_COLOUR('',#9521);
#9411=FILL_AREA_STYLE_COLOUR('',#9521);
#9412=FILL_AREA_STYLE_COLOUR('',#9521);
#9413=FILL_AREA_STYLE_COLOUR('',#9520);
#9414=FILL_AREA_STYLE_COLOUR('',#9520);
#9415=FILL_AREA_STYLE_COLOUR('',#9520);
#9416=FILL_AREA_STYLE_COLOUR('',#9520);
#9417=FILL_AREA_STYLE_COLOUR('',#9520);
#9418=FILL_AREA_STYLE_COLOUR('',#9520);
#9419=FILL_AREA_STYLE_COLOUR('',#9520);
#9420=FILL_AREA_STYLE_COLOUR('',#9520);
#9421=FILL_AREA_STYLE_COLOUR('',#9520);
#9422=FILL_AREA_STYLE_COLOUR('',#9520);
#9423=FILL_AREA_STYLE_COLOUR('',#9520);
#9424=FILL_AREA_STYLE_COLOUR('',#9520);
#9425=FILL_AREA_STYLE_COLOUR('',#9520);
#9426=FILL_AREA_STYLE_COLOUR('',#9520);
#9427=FILL_AREA_STYLE_COLOUR('',#9520);
#9428=FILL_AREA_STYLE_COLOUR('',#9520);
#9429=FILL_AREA_STYLE_COLOUR('',#9520);
#9430=FILL_AREA_STYLE_COLOUR('',#9520);
#9431=FILL_AREA_STYLE_COLOUR('',#9520);
#9432=FILL_AREA_STYLE_COLOUR('',#9520);
#9433=FILL_AREA_STYLE_COLOUR('',#9520);
#9434=FILL_AREA_STYLE_COLOUR('',#9520);
#9435=FILL_AREA_STYLE_COLOUR('',#9520);
#9436=FILL_AREA_STYLE_COLOUR('',#9520);
#9437=FILL_AREA_STYLE_COLOUR('',#9520);
#9438=FILL_AREA_STYLE_COLOUR('',#9520);
#9439=FILL_AREA_STYLE_COLOUR('',#9520);
#9440=FILL_AREA_STYLE_COLOUR('',#9520);
#9441=FILL_AREA_STYLE_COLOUR('',#9520);
#9442=FILL_AREA_STYLE_COLOUR('',#9520);
#9443=FILL_AREA_STYLE_COLOUR('',#9520);
#9444=FILL_AREA_STYLE_COLOUR('',#9520);
#9445=FILL_AREA_STYLE_COLOUR('',#9520);
#9446=FILL_AREA_STYLE_COLOUR('',#9520);
#9447=FILL_AREA_STYLE_COLOUR('',#9520);
#9448=FILL_AREA_STYLE_COLOUR('',#9520);
#9449=FILL_AREA_STYLE_COLOUR('',#9520);
#9450=FILL_AREA_STYLE_COLOUR('',#9520);
#9451=FILL_AREA_STYLE_COLOUR('',#9520);
#9452=FILL_AREA_STYLE_COLOUR('',#9520);
#9453=FILL_AREA_STYLE_COLOUR('',#9520);
#9454=FILL_AREA_STYLE_COLOUR('',#9520);
#9455=FILL_AREA_STYLE_COLOUR('',#9520);
#9456=FILL_AREA_STYLE_COLOUR('',#9520);
#9457=FILL_AREA_STYLE_COLOUR('',#9520);
#9458=FILL_AREA_STYLE_COLOUR('',#9520);
#9459=FILL_AREA_STYLE_COLOUR('',#9520);
#9460=FILL_AREA_STYLE_COLOUR('',#9520);
#9461=FILL_AREA_STYLE_COLOUR('',#9520);
#9462=FILL_AREA_STYLE_COLOUR('',#9520);
#9463=FILL_AREA_STYLE_COLOUR('',#9520);
#9464=FILL_AREA_STYLE_COLOUR('',#9522);
#9465=FILL_AREA_STYLE_COLOUR('',#9522);
#9466=FILL_AREA_STYLE_COLOUR('',#9522);
#9467=FILL_AREA_STYLE_COLOUR('',#9522);
#9468=FILL_AREA_STYLE_COLOUR('',#9522);
#9469=FILL_AREA_STYLE_COLOUR('',#9522);
#9470=FILL_AREA_STYLE_COLOUR('',#9522);
#9471=FILL_AREA_STYLE_COLOUR('',#9522);
#9472=FILL_AREA_STYLE_COLOUR('',#9522);
#9473=FILL_AREA_STYLE_COLOUR('',#9522);
#9474=FILL_AREA_STYLE_COLOUR('',#9522);
#9475=FILL_AREA_STYLE_COLOUR('',#9522);
#9476=FILL_AREA_STYLE_COLOUR('',#9522);
#9477=FILL_AREA_STYLE_COLOUR('',#9522);
#9478=FILL_AREA_STYLE_COLOUR('',#9522);
#9479=FILL_AREA_STYLE_COLOUR('',#9522);
#9480=FILL_AREA_STYLE_COLOUR('',#9522);
#9481=FILL_AREA_STYLE_COLOUR('',#9522);
#9482=FILL_AREA_STYLE_COLOUR('',#9522);
#9483=FILL_AREA_STYLE_COLOUR('',#9522);
#9484=FILL_AREA_STYLE_COLOUR('',#9522);
#9485=FILL_AREA_STYLE_COLOUR('',#9522);
#9486=FILL_AREA_STYLE_COLOUR('',#9522);
#9487=FILL_AREA_STYLE_COLOUR('',#9522);
#9488=FILL_AREA_STYLE_COLOUR('',#9522);
#9489=FILL_AREA_STYLE_COLOUR('',#9522);
#9490=FILL_AREA_STYLE_COLOUR('',#9522);
#9491=FILL_AREA_STYLE_COLOUR('',#9522);
#9492=FILL_AREA_STYLE_COLOUR('',#9520);
#9493=FILL_AREA_STYLE_COLOUR('',#9520);
#9494=FILL_AREA_STYLE_COLOUR('',#9520);
#9495=FILL_AREA_STYLE_COLOUR('',#9520);
#9496=FILL_AREA_STYLE_COLOUR('',#9520);
#9497=FILL_AREA_STYLE_COLOUR('',#9520);
#9498=FILL_AREA_STYLE_COLOUR('',#9521);
#9499=FILL_AREA_STYLE_COLOUR('',#9521);
#9500=FILL_AREA_STYLE_COLOUR('',#9521);
#9501=FILL_AREA_STYLE_COLOUR('',#9521);
#9502=FILL_AREA_STYLE_COLOUR('',#9521);
#9503=FILL_AREA_STYLE_COLOUR('',#9521);
#9504=FILL_AREA_STYLE_COLOUR('',#9520);
#9505=FILL_AREA_STYLE_COLOUR('',#9520);
#9506=FILL_AREA_STYLE_COLOUR('',#9520);
#9507=FILL_AREA_STYLE_COLOUR('',#9520);
#9508=FILL_AREA_STYLE_COLOUR('',#9520);
#9509=FILL_AREA_STYLE_COLOUR('',#9520);
#9510=FILL_AREA_STYLE_COLOUR('',#9520);
#9511=FILL_AREA_STYLE_COLOUR('',#9520);
#9512=FILL_AREA_STYLE_COLOUR('',#9520);
#9513=FILL_AREA_STYLE_COLOUR('',#9520);
#9514=FILL_AREA_STYLE_COLOUR('',#9520);
#9515=FILL_AREA_STYLE_COLOUR('',#9520);
#9516=FILL_AREA_STYLE_COLOUR('',#9520);
#9517=FILL_AREA_STYLE_COLOUR('',#9520);
#9518=FILL_AREA_STYLE_COLOUR('',#9521);
#9519=COLOUR_RGB('',0.498039215686275,0.498039215686275,0.498039215686275);
#9520=COLOUR_RGB('',0.623529411764706,0.666666666666667,0.690196078431373);
#9521=COLOUR_RGB('',0.901960784313726,0.901960784313726,0.901960784313726);
#9522=COLOUR_RGB('',1.,0.807843137254902,0.498039215686275);
#9523=MANIFOLD_SOLID_BREP('Part 1',#7068);
#9524=SHAPE_DEFINITION_REPRESENTATION(#15364,#9533);
#9525=SHAPE_DEFINITION_REPRESENTATION(#15365,#9534);
#9526=SHAPE_DEFINITION_REPRESENTATION(#15366,#9535);
#9527=SHAPE_DEFINITION_REPRESENTATION(#15367,#9536);
#9528=SHAPE_DEFINITION_REPRESENTATION(#15368,#9537);
#9529=SHAPE_DEFINITION_REPRESENTATION(#15369,#9538);
#9530=SHAPE_DEFINITION_REPRESENTATION(#15370,#9539);
#9531=SHAPE_DEFINITION_REPRESENTATION(#15371,#9540);
#9532=SHAPE_DEFINITION_REPRESENTATION(#15372,#9541);
#9533=SHAPE_REPRESENTATION('Part 1',(#9542),#15319);
#9534=SHAPE_REPRESENTATION('id5',(#9543),#15320);
#9535=SHAPE_REPRESENTATION('id8',(#9798),#15321);
#9536=SHAPE_REPRESENTATION('id11',(#9803),#15322);
#9537=SHAPE_REPRESENTATION('id14',(#9808),#15323);
#9538=SHAPE_REPRESENTATION('id17',(#9811),#15324);
#9539=SHAPE_REPRESENTATION('id20',(#9816),#15325);
#9540=SHAPE_REPRESENTATION('id23',(#9819),#15326);
#9541=SHAPE_REPRESENTATION('id26',(#9824),#15327);
#9542=AXIS2_PLACEMENT_3D('',#11115,#9825,#9826);
#9543=AXIS2_PLACEMENT_3D('',#11187,#9848,#9849);
#9544=AXIS2_PLACEMENT_3D('',#11195,#9851,#9852);
#9545=AXIS2_PLACEMENT_3D('',#11203,#9856,#9857);
#9546=AXIS2_PLACEMENT_3D('',#11216,#9860,#9861);
#9547=AXIS2_PLACEMENT_3D('',#11227,#9865,#9866);
#9548=AXIS2_PLACEMENT_3D('',#11248,#9870,#9871);
#9549=AXIS2_PLACEMENT_3D('',#11252,#9873,#9874);
#9550=AXIS2_PLACEMENT_3D('',#11273,#9876,#9877);
#9551=AXIS2_PLACEMENT_3D('',#11280,#9879,#9880);
#9552=AXIS2_PLACEMENT_3D('',#11315,#9887,#9888);
#9553=AXIS2_PLACEMENT_3D('',#11320,#9890,#9891);
#9554=AXIS2_PLACEMENT_3D('',#11324,#9893,#9894);
#9555=AXIS2_PLACEMENT_3D('',#11328,#9896,#9897);
#9556=AXIS2_PLACEMENT_3D('',#11329,#9898,#9899);
#9557=AXIS2_PLACEMENT_3D('',#11334,#9901,#9902);
#9558=AXIS2_PLACEMENT_3D('',#11338,#9904,#9905);
#9559=AXIS2_PLACEMENT_3D('',#11342,#9907,#9908);
#9560=AXIS2_PLACEMENT_3D('',#11360,#9912,#9913);
#9561=AXIS2_PLACEMENT_3D('',#11364,#9915,#9916);
#9562=AXIS2_PLACEMENT_3D('',#11366,#9917,#9918);
#9563=AXIS2_PLACEMENT_3D('',#11380,#9924,#9925);
#9564=AXIS2_PLACEMENT_3D('',#11385,#9927,#9928);
#9565=AXIS2_PLACEMENT_3D('',#11387,#9929,#9930);
#9566=AXIS2_PLACEMENT_3D('',#11391,#9932,#9933);
#9567=AXIS2_PLACEMENT_3D('',#11394,#9935,#9936);
#9568=AXIS2_PLACEMENT_3D('',#11399,#9938,#9939);
#9569=AXIS2_PLACEMENT_3D('',#11401,#9940,#9941);
#9570=AXIS2_PLACEMENT_3D('',#11413,#9946,#9947);
#9571=AXIS2_PLACEMENT_3D('',#11425,#9950,#9951);
#9572=AXIS2_PLACEMENT_3D('',#11443,#9955,#9956);
#9573=AXIS2_PLACEMENT_3D('',#11447,#9958,#9959);
#9574=AXIS2_PLACEMENT_3D('',#11456,#9960,#9961);
#9575=AXIS2_PLACEMENT_3D('',#11460,#9963,#9964);
#9576=AXIS2_PLACEMENT_3D('',#11469,#9967,#9968);
#9577=AXIS2_PLACEMENT_3D('',#11473,#9970,#9971);
#9578=AXIS2_PLACEMENT_3D('',#11486,#9974,#9975);
#9579=AXIS2_PLACEMENT_3D('',#11499,#9980,#9981);
#9580=AXIS2_PLACEMENT_3D('',#11544,#9986,#9987);
#9581=AXIS2_PLACEMENT_3D('',#11545,#9988,#9989);
#9582=AXIS2_PLACEMENT_3D('',#11560,#9992,#9993);
#9583=AXIS2_PLACEMENT_3D('',#11564,#9995,#9996);
#9584=AXIS2_PLACEMENT_3D('',#11575,#10000,#10001);
#9585=AXIS2_PLACEMENT_3D('',#11587,#10004,#10005);
#9586=AXIS2_PLACEMENT_3D('',#11608,#10010,#10011);
#9587=AXIS2_PLACEMENT_3D('',#11609,#10012,#10013);
#9588=AXIS2_PLACEMENT_3D('',#11637,#10015,#10016);
#9589=AXIS2_PLACEMENT_3D('',#11641,#10018,#10019);
#9590=AXIS2_PLACEMENT_3D('',#11650,#10020,#10021);
#9591=AXIS2_PLACEMENT_3D('',#11654,#10023,#10024);
#9592=AXIS2_PLACEMENT_3D('',#11663,#10027,#10028);
#9593=AXIS2_PLACEMENT_3D('',#11667,#10030,#10031);
#9594=AXIS2_PLACEMENT_3D('',#11678,#10033,#10034);
#9595=AXIS2_PLACEMENT_3D('',#11692,#10038,#10039);
#9596=AXIS2_PLACEMENT_3D('',#11715,#10045,#10046);
#9597=AXIS2_PLACEMENT_3D('',#11717,#10048,#10049);
#9598=AXIS2_PLACEMENT_3D('',#11741,#10060,#10061);
#9599=AXIS2_PLACEMENT_3D('',#11746,#10063,#10064);
#9600=AXIS2_PLACEMENT_3D('',#11750,#10066,#10067);
#9601=AXIS2_PLACEMENT_3D('',#11754,#10069,#10070);
#9602=AXIS2_PLACEMENT_3D('',#11758,#10072,#10073);
#9603=AXIS2_PLACEMENT_3D('',#11762,#10075,#10076);
#9604=AXIS2_PLACEMENT_3D('',#11768,#10079,#10080);
#9605=AXIS2_PLACEMENT_3D('',#11772,#10082,#10083);
#9606=AXIS2_PLACEMENT_3D('',#11776,#10085,#10086);
#9607=AXIS2_PLACEMENT_3D('',#11780,#10088,#10089);
#9608=AXIS2_PLACEMENT_3D('',#11788,#10091,#10092);
#9609=AXIS2_PLACEMENT_3D('',#11793,#10095,#10096);
#9610=AXIS2_PLACEMENT_3D('',#11811,#10104,#10105);
#9611=AXIS2_PLACEMENT_3D('',#11816,#10107,#10108);
#9612=AXIS2_PLACEMENT_3D('',#11820,#10110,#10111);
#9613=AXIS2_PLACEMENT_3D('',#11824,#10113,#10114);
#9614=AXIS2_PLACEMENT_3D('',#11825,#10115,#10116);
#9615=AXIS2_PLACEMENT_3D('',#11830,#10118,#10119);
#9616=AXIS2_PLACEMENT_3D('',#11832,#10120,#10121);
#9617=AXIS2_PLACEMENT_3D('',#11836,#10123,#10124);
#9618=AXIS2_PLACEMENT_3D('',#11862,#10129,#10130);
#9619=AXIS2_PLACEMENT_3D('',#11864,#10131,#10132);
#9620=AXIS2_PLACEMENT_3D('',#11887,#10141,#10142);
#9621=AXIS2_PLACEMENT_3D('',#11892,#10144,#10145);
#9622=AXIS2_PLACEMENT_3D('',#11894,#10146,#10147);
#9623=AXIS2_PLACEMENT_3D('',#11898,#10149,#10150);
#9624=AXIS2_PLACEMENT_3D('',#11901,#10152,#10153);
#9625=AXIS2_PLACEMENT_3D('',#11905,#10155,#10156);
#9626=AXIS2_PLACEMENT_3D('',#11914,#10157,#10158);
#9627=AXIS2_PLACEMENT_3D('',#11918,#10160,#10161);
#9628=AXIS2_PLACEMENT_3D('',#11923,#10162,#10163);
#9629=AXIS2_PLACEMENT_3D('',#11938,#10167,#10168);
#9630=AXIS2_PLACEMENT_3D('',#11948,#10171,#10172);
#9631=AXIS2_PLACEMENT_3D('',#11950,#10173,#10174);
#9632=AXIS2_PLACEMENT_3D('',#11953,#10176,#10177);
#9633=AXIS2_PLACEMENT_3D('',#11955,#10178,#10179);
#9634=AXIS2_PLACEMENT_3D('',#11971,#10183,#10184);
#9635=AXIS2_PLACEMENT_3D('',#11972,#10185,#10186);
#9636=AXIS2_PLACEMENT_3D('',#11983,#10190,#10191);
#9637=AXIS2_PLACEMENT_3D('',#11996,#10194,#10195);
#9638=AXIS2_PLACEMENT_3D('',#12019,#10200,#10201);
#9639=AXIS2_PLACEMENT_3D('',#12024,#10202,#10203);
#9640=AXIS2_PLACEMENT_3D('',#12026,#10204,#10205);
#9641=AXIS2_PLACEMENT_3D('',#12029,#10207,#10208);
#9642=AXIS2_PLACEMENT_3D('',#12069,#10213,#10214);
#9643=AXIS2_PLACEMENT_3D('',#12070,#10215,#10216);
#9644=AXIS2_PLACEMENT_3D('',#12080,#10219,#10220);
#9645=AXIS2_PLACEMENT_3D('',#12082,#10221,#10222);
#9646=AXIS2_PLACEMENT_3D('',#12087,#10225,#10226);
#9647=AXIS2_PLACEMENT_3D('',#12089,#10227,#10228);
#9648=AXIS2_PLACEMENT_3D('',#12105,#10232,#10233);
#9649=AXIS2_PLACEMENT_3D('',#12106,#10234,#10235);
#9650=AXIS2_PLACEMENT_3D('',#12115,#10238,#10239);
#9651=AXIS2_PLACEMENT_3D('',#12129,#10243,#10244);
#9652=AXIS2_PLACEMENT_3D('',#12142,#10247,#10248);
#9653=AXIS2_PLACEMENT_3D('',#12153,#10250,#10251);
#9654=AXIS2_PLACEMENT_3D('',#12158,#10252,#10253);
#9655=AXIS2_PLACEMENT_3D('',#12160,#10254,#10255);
#9656=AXIS2_PLACEMENT_3D('',#12182,#10259,#10260);
#9657=AXIS2_PLACEMENT_3D('',#12217,#10265,#10266);
#9658=AXIS2_PLACEMENT_3D('',#12251,#10270,#10271);
#9659=AXIS2_PLACEMENT_3D('',#12264,#10272,#10273);
#9660=AXIS2_PLACEMENT_3D('',#12273,#10276,#10277);
#9661=AXIS2_PLACEMENT_3D('',#12289,#10281,#10282);
#9662=AXIS2_PLACEMENT_3D('',#12290,#10283,#10284);
#9663=AXIS2_PLACEMENT_3D('',#12301,#10288,#10289);
#9664=AXIS2_PLACEMENT_3D('',#12314,#10292,#10293);
#9665=AXIS2_PLACEMENT_3D('',#12329,#10296,#10297);
#9666=AXIS2_PLACEMENT_3D('',#12352,#10301,#10302);
#9667=AXIS2_PLACEMENT_3D('',#12353,#10303,#10304);
#9668=AXIS2_PLACEMENT_3D('',#12386,#10308,#10309);
#9669=AXIS2_PLACEMENT_3D('',#12390,#10311,#10312);
#9670=AXIS2_PLACEMENT_3D('',#12403,#10314,#10315);
#9671=AXIS2_PLACEMENT_3D('',#12410,#10319,#10320);
#9672=AXIS2_PLACEMENT_3D('',#12427,#10328,#10329);
#9673=AXIS2_PLACEMENT_3D('',#12432,#10331,#10332);
#9674=AXIS2_PLACEMENT_3D('',#12436,#10334,#10335);
#9675=AXIS2_PLACEMENT_3D('',#12440,#10337,#10338);
#9676=AXIS2_PLACEMENT_3D('',#12444,#10340,#10341);
#9677=AXIS2_PLACEMENT_3D('',#12448,#10343,#10344);
#9678=AXIS2_PLACEMENT_3D('',#12454,#10347,#10348);
#9679=AXIS2_PLACEMENT_3D('',#12458,#10350,#10351);
#9680=AXIS2_PLACEMENT_3D('',#12462,#10353,#10354);
#9681=AXIS2_PLACEMENT_3D('',#12466,#10356,#10357);
#9682=AXIS2_PLACEMENT_3D('',#12477,#10359,#10360);
#9683=AXIS2_PLACEMENT_3D('',#12495,#10364,#10365);
#9684=AXIS2_PLACEMENT_3D('',#12513,#10369,#10370);
#9685=AXIS2_PLACEMENT_3D('',#12531,#10374,#10375);
#9686=AXIS2_PLACEMENT_3D('',#12602,#10394,#10395);
#9687=AXIS2_PLACEMENT_3D('',#12620,#10399,#10400);
#9688=AXIS2_PLACEMENT_3D('',#12638,#10404,#10405);
#9689=AXIS2_PLACEMENT_3D('',#12656,#10409,#10410);
#9690=AXIS2_PLACEMENT_3D('',#12677,#10418,#10419);
#9691=AXIS2_PLACEMENT_3D('',#12678,#10420,#10421);
#9692=AXIS2_PLACEMENT_3D('',#12706,#10423,#10424);
#9693=AXIS2_PLACEMENT_3D('',#12710,#10426,#10427);
#9694=AXIS2_PLACEMENT_3D('',#12755,#10430,#10431);
#9695=AXIS2_PLACEMENT_3D('',#12759,#10433,#10434);
#9696=AXIS2_PLACEMENT_3D('',#13028,#10455,#10456);
#9697=AXIS2_PLACEMENT_3D('',#13034,#10457,#10458);
#9698=AXIS2_PLACEMENT_3D('',#13059,#10464,#10465);
#9699=AXIS2_PLACEMENT_3D('',#13063,#10467,#10468);
#9700=AXIS2_PLACEMENT_3D('',#13074,#10470,#10471);
#9701=AXIS2_PLACEMENT_3D('',#13088,#10475,#10476);
#9702=AXIS2_PLACEMENT_3D('',#13110,#10478,#10479);
#9703=AXIS2_PLACEMENT_3D('',#13115,#10480,#10481);
#9704=AXIS2_PLACEMENT_3D('',#13116,#10482,#10483);
#9705=AXIS2_PLACEMENT_3D('',#13120,#10485,#10486);
#9706=AXIS2_PLACEMENT_3D('',#13124,#10488,#10489);
#9707=AXIS2_PLACEMENT_3D('',#13130,#10492,#10493);
#9708=AXIS2_PLACEMENT_3D('',#13134,#10495,#10496);
#9709=AXIS2_PLACEMENT_3D('',#13140,#10499,#10500);
#9710=AXIS2_PLACEMENT_3D('',#13142,#10501,#10502);
#9711=AXIS2_PLACEMENT_3D('',#13148,#10505,#10506);
#9712=AXIS2_PLACEMENT_3D('',#13152,#10508,#10509);
#9713=AXIS2_PLACEMENT_3D('',#13187,#10522,#10523);
#9714=AXIS2_PLACEMENT_3D('',#13191,#10525,#10526);
#9715=AXIS2_PLACEMENT_3D('',#13195,#10528,#10529);
#9716=AXIS2_PLACEMENT_3D('',#13199,#10531,#10532);
#9717=AXIS2_PLACEMENT_3D('',#13203,#10534,#10535);
#9718=AXIS2_PLACEMENT_3D('',#13207,#10537,#10538);
#9719=AXIS2_PLACEMENT_3D('',#13326,#10550,#10551);
#9720=AXIS2_PLACEMENT_3D('',#13330,#10553,#10554);
#9721=AXIS2_PLACEMENT_3D('',#13340,#10557,#10558);
#9722=AXIS2_PLACEMENT_3D('',#13545,#10566,#10567);
#9723=AXIS2_PLACEMENT_3D('',#13617,#10580,#10581);
#9724=AXIS2_PLACEMENT_3D('',#13628,#10582,#10583);
#9725=AXIS2_PLACEMENT_3D('',#13633,#10584,#10585);
#9726=AXIS2_PLACEMENT_3D('',#13669,#10590,#10591);
#9727=AXIS2_PLACEMENT_3D('',#13679,#10594,#10595);
#9728=AXIS2_PLACEMENT_3D('',#13682,#10597,#10598);
#9729=AXIS2_PLACEMENT_3D('',#13695,#10601,#10602);
#9730=AXIS2_PLACEMENT_3D('',#13701,#10604,#10605);
#9731=AXIS2_PLACEMENT_3D('',#13764,#10615,#10616);
#9732=AXIS2_PLACEMENT_3D('',#13772,#10620,#10621);
#9733=AXIS2_PLACEMENT_3D('',#13781,#10622,#10623);
#9734=AXIS2_PLACEMENT_3D('',#13792,#10627,#10628);
#9735=AXIS2_PLACEMENT_3D('',#13806,#10632,#10633);
#9736=AXIS2_PLACEMENT_3D('',#13817,#10637,#10638);
#9737=AXIS2_PLACEMENT_3D('',#13852,#10646,#10647);
#9738=AXIS2_PLACEMENT_3D('',#13854,#10648,#10649);
#9739=AXIS2_PLACEMENT_3D('',#13959,#10688,#10689);
#9740=AXIS2_PLACEMENT_3D('',#13960,#10690,#10691);
#9741=AXIS2_PLACEMENT_3D('',#13974,#10695,#10696);
#9742=AXIS2_PLACEMENT_3D('',#13975,#10697,#10698);
#9743=AXIS2_PLACEMENT_3D('',#14005,#10702,#10703);
#9744=AXIS2_PLACEMENT_3D('',#14006,#10704,#10705);
#9745=AXIS2_PLACEMENT_3D('',#14020,#10709,#10710);
#9746=AXIS2_PLACEMENT_3D('',#14021,#10711,#10712);
#9747=AXIS2_PLACEMENT_3D('',#14051,#10716,#10717);
#9748=AXIS2_PLACEMENT_3D('',#14052,#10718,#10719);
#9749=AXIS2_PLACEMENT_3D('',#14066,#10723,#10724);
#9750=AXIS2_PLACEMENT_3D('',#14067,#10725,#10726);
#9751=AXIS2_PLACEMENT_3D('',#14097,#10730,#10731);
#9752=AXIS2_PLACEMENT_3D('',#14098,#10732,#10733);
#9753=AXIS2_PLACEMENT_3D('',#14112,#10737,#10738);
#9754=AXIS2_PLACEMENT_3D('',#14113,#10739,#10740);
#9755=AXIS2_PLACEMENT_3D('',#14143,#10744,#10745);
#9756=AXIS2_PLACEMENT_3D('',#14230,#10766,#10767);
#9757=AXIS2_PLACEMENT_3D('',#14235,#10770,#10771);
#9758=AXIS2_PLACEMENT_3D('',#14259,#10783,#10784);
#9759=AXIS2_PLACEMENT_3D('',#14262,#10786,#10787);
#9760=AXIS2_PLACEMENT_3D('',#14277,#10791,#10792);
#9761=AXIS2_PLACEMENT_3D('',#14285,#10794,#10795);
#9762=AXIS2_PLACEMENT_3D('',#14289,#10797,#10798);
#9763=AXIS2_PLACEMENT_3D('',#14333,#10801,#10802);
#9764=AXIS2_PLACEMENT_3D('',#14337,#10804,#10805);
#9765=AXIS2_PLACEMENT_3D('',#14340,#10807,#10808);
#9766=AXIS2_PLACEMENT_3D('',#14344,#10810,#10811);
#9767=AXIS2_PLACEMENT_3D('',#14351,#10813,#10814);
#9768=AXIS2_PLACEMENT_3D('',#14422,#10824,#10825);
#9769=AXIS2_PLACEMENT_3D('',#14454,#10838,#10839);
#9770=AXIS2_PLACEMENT_3D('',#14471,#10843,#10844);
#9771=AXIS2_PLACEMENT_3D('',#14489,#10848,#10849);
#9772=AXIS2_PLACEMENT_3D('',#14504,#10852,#10853);
#9773=AXIS2_PLACEMENT_3D('',#14508,#10855,#10856);
#9774=AXIS2_PLACEMENT_3D('',#14511,#10858,#10859);
#9775=AXIS2_PLACEMENT_3D('',#14564,#10863,#10864);
#9776=AXIS2_PLACEMENT_3D('',#14582,#10868,#10869);
#9777=AXIS2_PLACEMENT_3D('',#14589,#10871,#10872);
#9778=AXIS2_PLACEMENT_3D('',#14771,#10925,#10926);
#9779=AXIS2_PLACEMENT_3D('',#14775,#10928,#10929);
#9780=AXIS2_PLACEMENT_3D('',#14786,#10933,#10934);
#9781=AXIS2_PLACEMENT_3D('',#14797,#10936,#10937);
#9782=AXIS2_PLACEMENT_3D('',#14829,#10943,#10944);
#9783=AXIS2_PLACEMENT_3D('',#14833,#10946,#10947);
#9784=AXIS2_PLACEMENT_3D('',#14844,#10951,#10952);
#9785=AXIS2_PLACEMENT_3D('',#14855,#10954,#10955);
#9786=AXIS2_PLACEMENT_3D('',#14887,#10961,#10962);
#9787=AXIS2_PLACEMENT_3D('',#14891,#10964,#10965);
#9788=AXIS2_PLACEMENT_3D('',#14902,#10969,#10970);
#9789=AXIS2_PLACEMENT_3D('',#14913,#10972,#10973);
#9790=AXIS2_PLACEMENT_3D('',#14945,#10979,#10980);
#9791=AXIS2_PLACEMENT_3D('',#14949,#10982,#10983);
#9792=AXIS2_PLACEMENT_3D('',#14960,#10987,#10988);
#9793=AXIS2_PLACEMENT_3D('',#14971,#10990,#10991);
#9794=AXIS2_PLACEMENT_3D('',#15049,#10998,#10999);
#9795=AXIS2_PLACEMENT_3D('',#15058,#11002,#11003);
#9796=AXIS2_PLACEMENT_3D('',#15062,#11005,#11006);
#9797=AXIS2_PLACEMENT_3D('',#15066,#11008,#11009);
#9798=AXIS2_PLACEMENT_3D('',#15163,#11029,#11030);
#9799=AXIS2_PLACEMENT_3D('',#15171,#11032,#11033);
#9800=AXIS2_PLACEMENT_3D('',#15173,#11034,#11035);
#9801=AXIS2_PLACEMENT_3D('',#15181,#11039,#11040);
#9802=AXIS2_PLACEMENT_3D('',#15183,#11041,#11042);
#9803=AXIS2_PLACEMENT_3D('',#15188,#11045,#11046);
#9804=AXIS2_PLACEMENT_3D('',#15196,#11048,#11049);
#9805=AXIS2_PLACEMENT_3D('',#15198,#11050,#11051);
#9806=AXIS2_PLACEMENT_3D('',#15206,#11055,#11056);
#9807=AXIS2_PLACEMENT_3D('',#15208,#11057,#11058);
#9808=AXIS2_PLACEMENT_3D('',#15213,#11061,#11062);
#9809=AXIS2_PLACEMENT_3D('',#15225,#11064,#11065);
#9810=AXIS2_PLACEMENT_3D('',#15229,#11067,#11068);
#9811=AXIS2_PLACEMENT_3D('',#15230,#11069,#11070);
#9812=AXIS2_PLACEMENT_3D('',#15238,#11072,#11073);
#9813=AXIS2_PLACEMENT_3D('',#15240,#11074,#11075);
#9814=AXIS2_PLACEMENT_3D('',#15248,#11079,#11080);
#9815=AXIS2_PLACEMENT_3D('',#15250,#11081,#11082);
#9816=AXIS2_PLACEMENT_3D('',#15255,#11085,#11086);
#9817=AXIS2_PLACEMENT_3D('',#15267,#11088,#11089);
#9818=AXIS2_PLACEMENT_3D('',#15271,#11091,#11092);
#9819=AXIS2_PLACEMENT_3D('',#15272,#11093,#11094);
#9820=AXIS2_PLACEMENT_3D('',#15280,#11096,#11097);
#9821=AXIS2_PLACEMENT_3D('',#15282,#11098,#11099);
#9822=AXIS2_PLACEMENT_3D('',#15290,#11103,#11104);
#9823=AXIS2_PLACEMENT_3D('',#15292,#11105,#11106);
#9824=AXIS2_PLACEMENT_3D('',#15297,#11109,#11110);
#9825=DIRECTION('',(0.,0.,1.));
#9826=DIRECTION('',(1.,0.,0.));
#9827=DIRECTION('',(-1.,0.,0.));
#9828=DIRECTION('',(0.,0.,-1.));
#9829=DIRECTION('',(1.,0.,0.));
#9830=DIRECTION('',(0.,0.,-1.));
#9831=DIRECTION('',(-0.642871293713863,-0.765974216092594,0.));
#9832=DIRECTION('',(-0.642871293713863,-0.765974216092594,0.));
#9833=DIRECTION('',(0.,0.,-1.));
#9834=DIRECTION('',(0.,-1.,0.));
#9835=DIRECTION('',(0.,1.,0.));
#9836=DIRECTION('',(0.,0.,-1.));
#9837=DIRECTION('',(0.642871142764591,0.765974342782152,0.));
#9838=DIRECTION('',(0.642871142764591,0.765974342782152,0.));
#9839=DIRECTION('',(0.,0.,-1.));
#9840=DIRECTION('',(0.,-1.,0.));
#9841=DIRECTION('',(0.,1.,0.));
#9842=DIRECTION('',(0.,0.,-1.));
#9843=DIRECTION('',(1.,0.,0.));
#9844=DIRECTION('',(1.,0.,0.));
#9845=DIRECTION('',(0.,0.,-1.));
#9846=DIRECTION('',(0.,1.,0.));
#9847=DIRECTION('',(0.,1.,0.));
#9848=DIRECTION('',(0.,0.,1.));
#9849=DIRECTION('',(1.,0.,0.));
#9850=DIRECTION('',(1.,0.,0.));
#9851=DIRECTION('',(0.,0.,1.));
#9852=DIRECTION('',(1.,0.,0.));
#9853=DIRECTION('',(0.,-1.,0.));
#9854=DIRECTION('',(1.,0.,0.));
#9855=DIRECTION('',(0.,-1.,0.));
#9856=DIRECTION('',(0.,0.,-1.));
#9857=DIRECTION('',(-1.,0.,0.));
#9858=DIRECTION('',(0.,0.,1.));
#9859=DIRECTION('',(0.,0.,-1.));
#9860=DIRECTION('',(0.,0.,-1.));
#9861=DIRECTION('',(-1.,0.,0.));
#9862=DIRECTION('',(0.,-1.,0.));
#9863=DIRECTION('',(1.,0.,0.));
#9864=DIRECTION('',(0.,1.,0.));
#9865=DIRECTION('',(0.,0.,1.));
#9866=DIRECTION('',(1.,0.,0.));
#9867=DIRECTION('',(1.,0.,0.));
#9868=DIRECTION('',(0.,0.,1.));
#9869=DIRECTION('',(0.,0.,1.));
#9870=DIRECTION('',(1.,0.,0.));
#9871=DIRECTION('',(0.,0.,-1.));
#9872=DIRECTION('',(0.,1.,0.));
#9873=DIRECTION('',(1.,0.,0.));
#9874=DIRECTION('',(0.,0.,-1.));
#9875=DIRECTION('',(1.,0.,0.));
#9876=DIRECTION('',(1.,0.,0.));
#9877=DIRECTION('',(0.,0.,-1.));
#9878=DIRECTION('',(0.,-1.,0.));
#9879=DIRECTION('',(1.,0.,0.));
#9880=DIRECTION('',(0.,0.,-1.));
#9881=DIRECTION('',(1.,0.,0.));
#9882=DIRECTION('',(1.,0.,0.));
#9883=DIRECTION('',(0.,0.,1.));
#9884=DIRECTION('',(1.,0.,0.));
#9885=DIRECTION('',(0.,0.,-1.));
#9886=DIRECTION('',(1.,0.,0.));
#9887=DIRECTION('',(0.,1.,0.));
#9888=DIRECTION('',(0.,0.,1.));
#9889=DIRECTION('',(-0.132675405155656,0.,-0.991159541580861));
#9890=DIRECTION('',(0.,-1.,0.));
#9891=DIRECTION('',(0.,0.,-1.));
#9892=DIRECTION('',(1.,0.,0.));
#9893=DIRECTION('',(0.,-1.,0.));
#9894=DIRECTION('',(0.,0.,-1.));
#9895=DIRECTION('',(-0.132675405155656,0.,0.991159541580861));
#9896=DIRECTION('',(0.,1.,0.));
#9897=DIRECTION('',(0.,0.,1.));
#9898=DIRECTION('',(0.,1.,0.));
#9899=DIRECTION('',(0.,0.,1.));
#9900=DIRECTION('',(-0.132675405155656,0.,-0.991159541580861));
#9901=DIRECTION('',(0.,1.,0.));
#9902=DIRECTION('',(0.,0.,1.));
#9903=DIRECTION('',(1.,0.,0.));
#9904=DIRECTION('',(0.,1.,0.));
#9905=DIRECTION('',(0.,0.,1.));
#9906=DIRECTION('',(-0.132675405155656,0.,0.991159541580861));
#9907=DIRECTION('',(0.,1.,0.));
#9908=DIRECTION('',(0.,0.,1.));
#9909=DIRECTION('',(0.132675405155596,0.,-0.991159541580869));
#9910=DIRECTION('',(0.,1.,0.));
#9911=DIRECTION('',(0.,1.,0.));
#9912=DIRECTION('',(0.,0.999872405755489,0.0159741105771498));
#9913=DIRECTION('',(0.,0.0159741105771498,-0.999872405755489));
#9914=DIRECTION('',(0.,1.,0.));
#9915=DIRECTION('',(0.,-0.999872405755489,-0.0159741105771498));
#9916=DIRECTION('',(0.,0.0159741105771498,-0.999872405755489));
#9917=DIRECTION('',(0.,1.,0.));
#9918=DIRECTION('',(0.,0.,1.));
#9919=DIRECTION('',(-1.,0.,0.));
#9920=DIRECTION('',(0.,0.,1.));
#9921=DIRECTION('',(1.,0.,0.));
#9922=DIRECTION('',(0.,0.,-1.));
#9923=DIRECTION('',(-1.,0.,0.));
#9924=DIRECTION('',(0.,-1.,0.));
#9925=DIRECTION('',(0.,0.,-1.));
#9926=DIRECTION('',(0.132675405155596,0.,0.991159541580869));
#9927=DIRECTION('',(0.,1.,0.));
#9928=DIRECTION('',(0.,0.,1.));
#9929=DIRECTION('',(0.,1.,0.));
#9930=DIRECTION('',(0.,0.,1.));
#9931=DIRECTION('',(0.132675405155596,0.,-0.991159541580869));
#9932=DIRECTION('',(0.,-1.,0.));
#9933=DIRECTION('',(0.,0.,-1.));
#9934=DIRECTION('',(1.,0.,0.));
#9935=DIRECTION('',(0.,1.,0.));
#9936=DIRECTION('',(0.,0.,1.));
#9937=DIRECTION('',(0.132675405155596,0.,0.991159541580869));
#9938=DIRECTION('',(0.,1.,0.));
#9939=DIRECTION('',(0.,0.,1.));
#9940=DIRECTION('',(0.,1.,0.));
#9941=DIRECTION('',(0.,0.,1.));
#9942=DIRECTION('',(1.,0.,0.));
#9943=DIRECTION('',(0.132658774471938,0.0158329276754531,-0.991035301064915));
#9944=DIRECTION('',(1.,0.,0.));
#9945=DIRECTION('',(-0.132658774471961,0.015832927675515,-0.991035301064911));
#9946=DIRECTION('',(0.,-0.999872405755489,-0.0159741105771498));
#9947=DIRECTION('',(0.,0.0159741105771498,-0.999872405755489));
#9948=DIRECTION('',(0.,1.,0.));
#9949=DIRECTION('',(0.,1.,0.));
#9950=DIRECTION('',(0.,0.999872405755489,0.0159741105771498));
#9951=DIRECTION('',(0.,0.0159741105771498,-0.999872405755489));
#9952=DIRECTION('',(1.,0.,0.));
#9953=DIRECTION('',(0.132658774471929,0.0158329276755151,-0.991035301064916));
#9954=DIRECTION('',(-0.132658774471938,0.0158329276753571,-0.991035301064917));
#9955=DIRECTION('',(0.991159541580869,0.,-0.132675405155596));
#9956=DIRECTION('',(0.132675405155596,0.,0.991159541580869));
#9957=DIRECTION('',(1.,0.,0.));
#9958=DIRECTION('',(-0.991159541580869,0.,-0.132675405155596));
#9959=DIRECTION('',(0.132675405155596,0.,-0.991159541580869));
#9960=DIRECTION('',(0.991159541580869,0.,-0.132675405155596));
#9961=DIRECTION('',(0.132675405155596,0.,0.991159541580869));
#9962=DIRECTION('',(1.,0.,0.));
#9963=DIRECTION('',(-0.991159541580869,0.,-0.132675405155596));
#9964=DIRECTION('',(0.132675405155596,0.,-0.991159541580869));
#9965=DIRECTION('',(-0.0942312778810857,0.703960391736928,0.703960391736984));
#9966=DIRECTION('',(0.0942312778815386,0.703960391736926,0.703960391736926));
#9967=DIRECTION('',(0.,0.707106781186548,-0.707106781186548));
#9968=DIRECTION('',(1.,0.,0.));
#9969=DIRECTION('',(1.,0.,0.));
#9970=DIRECTION('',(0.,0.707106781186548,-0.707106781186548));
#9971=DIRECTION('',(1.,0.,0.));
#9972=DIRECTION('',(0.0942312778801458,-0.703960391737019,0.703960391737019));
#9973=DIRECTION('',(0.094231277881094,-0.703960391736956,0.703960391736956));
#9974=DIRECTION('',(0.,-0.707106781186548,0.707106781186548));
#9975=DIRECTION('',(1.,0.,0.));
#9976=DIRECTION('',(1.,0.,0.));
#9977=DIRECTION('',(-0.0942312778816773,-0.703960391736916,-0.703960391736917));
#9978=DIRECTION('',(1.,0.,0.));
#9979=DIRECTION('',(0.0942312778809486,-0.703960391737972,-0.703960391735959));
#9980=DIRECTION('',(0.,-0.707106781186548,0.707106781186548));
#9981=DIRECTION('',(1.,0.,0.));
#9982=DIRECTION('',(0.0942312778801446,0.703960391737019,-0.70396039173702));
#9983=DIRECTION('',(0.094231277881094,0.703960391736956,-0.703960391736956));
#9984=DIRECTION('',(0.,1.,0.));
#9985=DIRECTION('',(1.,0.,0.));
#9986=DIRECTION('',(0.991159541580869,0.,-0.132675405155596));
#9987=DIRECTION('',(0.132675405155596,0.,0.991159541580869));
#9988=DIRECTION('',(-0.991159541580869,0.,-0.132675405155596));
#9989=DIRECTION('',(0.132675405155596,0.,-0.991159541580869));
#9990=DIRECTION('',(0.,1.,0.));
#9991=DIRECTION('',(0.,1.,0.));
#9992=DIRECTION('',(0.,0.999872405755489,0.0159741105771498));
#9993=DIRECTION('',(0.,-0.0159741105771498,0.999872405755489));
#9994=DIRECTION('',(0.,1.,0.));
#9995=DIRECTION('',(0.,-0.999872405755489,-0.0159741105771498));
#9996=DIRECTION('',(0.,-0.0159741105771498,0.999872405755489));
#9997=DIRECTION('',(-0.132658774471938,0.0158329276753571,-0.991035301064917));
#9998=DIRECTION('',(1.,0.,0.));
#9999=DIRECTION('',(0.132658774471929,0.0158329276755151,-0.991035301064916));
#10000=DIRECTION('',(0.,-0.999872405755489,-0.0159741105771498));
#10001=DIRECTION('',(0.,-0.0159741105771498,0.999872405755489));
#10002=DIRECTION('',(0.,1.,0.));
#10003=DIRECTION('',(0.,1.,0.));
#10004=DIRECTION('',(0.,0.999872405755489,0.0159741105771498));
#10005=DIRECTION('',(0.,-0.0159741105771498,0.999872405755489));
#10006=DIRECTION('',(-1.,0.,0.));
#10007=DIRECTION('',(-0.132658774471961,0.015832927675515,-0.991035301064911));
#10008=DIRECTION('',(0.132658774471938,0.0158329276754531,-0.991035301064915));
#10009=DIRECTION('',(1.,0.,0.));
#10010=DIRECTION('',(0.991159541580869,0.,-0.132675405155596));
#10011=DIRECTION('',(0.132675405155596,0.,0.991159541580869));
#10012=DIRECTION('',(-0.991159541580869,0.,-0.132675405155596));
#10013=DIRECTION('',(0.132675405155596,0.,-0.991159541580869));
#10014=DIRECTION('',(0.,1.,0.));
#10015=DIRECTION('',(0.991159541580869,0.,-0.132675405155596));
#10016=DIRECTION('',(0.132675405155596,0.,0.991159541580869));
#10017=DIRECTION('',(1.,0.,0.));
#10018=DIRECTION('',(-0.991159541580869,0.,-0.132675405155596));
#10019=DIRECTION('',(0.132675405155596,0.,-0.991159541580869));
#10020=DIRECTION('',(0.991159541580869,0.,-0.132675405155596));
#10021=DIRECTION('',(0.132675405155596,0.,0.991159541580869));
#10022=DIRECTION('',(-1.,0.,0.));
#10023=DIRECTION('',(-0.991159541580869,0.,-0.132675405155596));
#10024=DIRECTION('',(0.132675405155596,0.,-0.991159541580869));
#10025=DIRECTION('',(-0.0942312778810855,0.70396039173693,0.703960391736982));
#10026=DIRECTION('',(0.0942312778815368,0.703960391736926,0.703960391736926));
#10027=DIRECTION('',(0.,-0.707106781186548,0.707106781186548));
#10028=DIRECTION('',(1.,0.,0.));
#10029=DIRECTION('',(-1.,0.,0.));
#10030=DIRECTION('',(0.,-0.707106781186548,0.707106781186548));
#10031=DIRECTION('',(1.,0.,0.));
#10032=DIRECTION('',(0.094231277880146,0.703960391737019,-0.703960391737019));
#10033=DIRECTION('',(0.,0.707106781186548,-0.707106781186548));
#10034=DIRECTION('',(1.,0.,0.));
#10035=DIRECTION('',(0.094231277881094,0.703960391736956,-0.703960391736956));
#10036=DIRECTION('',(0.0942312778801445,-0.703960391737019,0.703960391737019));
#10037=DIRECTION('',(-1.,0.,0.));
#10038=DIRECTION('',(0.,0.707106781186548,-0.707106781186548));
#10039=DIRECTION('',(1.,0.,0.));
#10040=DIRECTION('',(-0.0942312778816764,-0.703960391736916,-0.703960391736917));
#10041=DIRECTION('',(1.,0.,0.));
#10042=DIRECTION('',(0.0942312778809474,-0.703960391737974,-0.703960391735957));
#10043=DIRECTION('',(0.094231277881094,-0.703960391736956,0.703960391736956));
#10044=DIRECTION('',(0.,-1.,0.));
#10045=DIRECTION('',(0.,0.,1.));
#10046=DIRECTION('',(1.,0.,0.));
#10047=DIRECTION('',(0.,1.,0.));
#10048=DIRECTION('',(0.,0.,-1.));
#10049=DIRECTION('',(-1.,0.,0.));
#10050=DIRECTION('',(0.,1.,0.));
#10051=DIRECTION('',(-1.,0.,0.));
#10052=DIRECTION('',(0.,1.,0.));
#10053=DIRECTION('',(0.,0.,-1.));
#10054=DIRECTION('',(0.,1.,0.));
#10055=DIRECTION('',(0.,-1.,0.));
#10056=DIRECTION('',(0.,0.,-1.));
#10057=DIRECTION('',(0.,1.,0.));
#10058=DIRECTION('',(0.,0.,1.));
#10059=DIRECTION('',(0.,0.,1.));
#10060=DIRECTION('',(1.,0.,0.));
#10061=DIRECTION('',(0.,0.,-1.));
#10062=DIRECTION('',(0.,-1.,0.));
#10063=DIRECTION('',(1.,0.,0.));
#10064=DIRECTION('',(0.,0.,-1.));
#10065=DIRECTION('',(0.,0.,1.));
#10066=DIRECTION('',(1.,0.,0.));
#10067=DIRECTION('',(0.,0.,-1.));
#10068=DIRECTION('',(0.,1.,0.));
#10069=DIRECTION('',(1.,0.,0.));
#10070=DIRECTION('',(0.,0.,-1.));
#10071=DIRECTION('',(0.,0.09632419486019,-0.9953500135553));
#10072=DIRECTION('',(-1.,0.,0.));
#10073=DIRECTION('',(0.,0.,1.));
#10074=DIRECTION('',(0.,1.,0.));
#10075=DIRECTION('',(-1.,0.,0.));
#10076=DIRECTION('',(0.,0.,1.));
#10077=DIRECTION('',(0.,0.09632419486019,0.9953500135553));
#10078=DIRECTION('',(0.,0.,-1.));
#10079=DIRECTION('',(1.,0.,0.));
#10080=DIRECTION('',(0.,0.,-1.));
#10081=DIRECTION('',(0.,-1.,0.));
#10082=DIRECTION('',(1.,0.,0.));
#10083=DIRECTION('',(0.,0.,-1.));
#10084=DIRECTION('',(0.,0.,1.));
#10085=DIRECTION('',(1.,0.,0.));
#10086=DIRECTION('',(0.,0.,-1.));
#10087=DIRECTION('',(0.,1.,0.));
#10088=DIRECTION('',(1.,0.,0.));
#10089=DIRECTION('',(0.,0.,-1.));
#10090=DIRECTION('',(-1.,0.,0.));
#10091=DIRECTION('',(0.,0.,-1.));
#10092=DIRECTION('',(-1.,0.,0.));
#10093=DIRECTION('',(1.,0.,0.));
#10094=DIRECTION('',(0.,1.,0.));
#10095=DIRECTION('',(0.,0.,1.));
#10096=DIRECTION('',(1.,0.,0.));
#10097=DIRECTION('',(1.,0.,0.));
#10098=DIRECTION('',(0.,1.,0.));
#10099=DIRECTION('',(0.,0.,1.));
#10100=DIRECTION('',(1.,0.,0.));
#10101=DIRECTION('',(0.,0.,-1.));
#10102=DIRECTION('',(1.,0.,0.));
#10103=DIRECTION('',(1.,0.,0.));
#10104=DIRECTION('',(0.,1.,0.));
#10105=DIRECTION('',(0.,0.,1.));
#10106=DIRECTION('',(0.132675405155596,0.,0.991159541580869));
#10107=DIRECTION('',(0.,-1.,0.));
#10108=DIRECTION('',(0.,0.,-1.));
#10109=DIRECTION('',(1.,0.,0.));
#10110=DIRECTION('',(0.,-1.,0.));
#10111=DIRECTION('',(0.,0.,-1.));
#10112=DIRECTION('',(0.132675405155596,0.,-0.991159541580869));
#10113=DIRECTION('',(0.,1.,0.));
#10114=DIRECTION('',(0.,0.,1.));
#10115=DIRECTION('',(0.,-1.,0.));
#10116=DIRECTION('',(0.,0.,-1.));
#10117=DIRECTION('',(0.132675405155596,0.,-0.991159541580869));
#10118=DIRECTION('',(0.,1.,0.));
#10119=DIRECTION('',(0.,0.,1.));
#10120=DIRECTION('',(0.,1.,0.));
#10121=DIRECTION('',(0.,0.,1.));
#10122=DIRECTION('',(0.132675405155596,0.,0.991159541580869));
#10123=DIRECTION('',(0.,-1.,0.));
#10124=DIRECTION('',(0.,0.,-1.));
#10125=DIRECTION('',(1.,0.,0.));
#10126=DIRECTION('',(0.132675405155657,0.,-0.991159541580861));
#10127=DIRECTION('',(0.,1.,0.));
#10128=DIRECTION('',(0.,1.,0.));
#10129=DIRECTION('',(0.,1.,0.));
#10130=DIRECTION('',(0.,0.,1.));
#10131=DIRECTION('',(0.,1.,0.));
#10132=DIRECTION('',(0.,0.,1.));
#10133=DIRECTION('',(0.,1.,0.));
#10134=DIRECTION('',(0.132675405155656,0.,0.991159541580861));
#10135=DIRECTION('',(0.,1.,0.));
#10136=DIRECTION('',(-1.,0.,0.));
#10137=DIRECTION('',(0.,0.,1.));
#10138=DIRECTION('',(-1.,0.,0.));
#10139=DIRECTION('',(0.,0.,-1.));
#10140=DIRECTION('',(1.,0.,0.));
#10141=DIRECTION('',(0.,-1.,0.));
#10142=DIRECTION('',(0.,0.,-1.));
#10143=DIRECTION('',(0.132675405155656,0.,0.991159541580861));
#10144=DIRECTION('',(0.,1.,0.));
#10145=DIRECTION('',(0.,0.,1.));
#10146=DIRECTION('',(0.,1.,0.));
#10147=DIRECTION('',(0.,0.,1.));
#10148=DIRECTION('',(0.132675405155656,0.,-0.991159541580861));
#10149=DIRECTION('',(0.,-1.,0.));
#10150=DIRECTION('',(0.,0.,-1.));
#10151=DIRECTION('',(1.,0.,0.));
#10152=DIRECTION('',(0.,-1.,0.));
#10153=DIRECTION('',(0.,0.,-1.));
#10154=DIRECTION('',(1.,0.,0.));
#10155=DIRECTION('',(0.,-1.,0.));
#10156=DIRECTION('',(0.,0.,-1.));
#10157=DIRECTION('',(0.,0.999872405755489,-0.0159741105771498));
#10158=DIRECTION('',(0.,-0.0159741105771498,-0.999872405755489));
#10159=DIRECTION('',(0.,-1.,0.));
#10160=DIRECTION('',(0.,-0.999872405755489,0.0159741105771498));
#10161=DIRECTION('',(0.,-0.0159741105771498,-0.999872405755489));
#10162=DIRECTION('',(0.,0.999872405755489,-0.0159741105771498));
#10163=DIRECTION('',(0.,-0.0159741105771498,-0.999872405755489));
#10164=DIRECTION('',(-0.132658774471938,-0.0158329276754528,-0.991035301064915));
#10165=DIRECTION('',(1.,0.,0.));
#10166=DIRECTION('',(0.132658774471961,-0.015832927675515,-0.991035301064911));
#10167=DIRECTION('',(0.,-0.999872405755489,0.0159741105771498));
#10168=DIRECTION('',(0.,-0.0159741105771498,-0.999872405755489));
#10169=DIRECTION('',(0.,-1.,0.));
#10170=DIRECTION('',(0.0942312778816773,-0.703960391736917,0.703960391736917));
#10171=DIRECTION('',(-0.991159541580869,0.,0.132675405155596));
#10172=DIRECTION('',(0.132675405155596,0.,0.991159541580869));
#10173=DIRECTION('',(-0.991159541580869,0.,0.132675405155596));
#10174=DIRECTION('',(0.132675405155596,0.,0.991159541580869));
#10175=DIRECTION('',(-0.132658774471929,-0.0158329276755151,-0.991035301064916));
#10176=DIRECTION('',(-0.991159541580869,0.,0.132675405155596));
#10177=DIRECTION('',(0.132675405155596,0.,0.991159541580869));
#10178=DIRECTION('',(-0.991159541580869,0.,0.132675405155596));
#10179=DIRECTION('',(0.132675405155596,0.,0.991159541580869));
#10180=DIRECTION('',(-0.0942312778815384,0.703960391736926,-0.703960391736926));
#10181=DIRECTION('',(-0.094231277881094,-0.703960391736956,-0.703960391736956));
#10182=DIRECTION('',(-0.0942312778801458,-0.703960391737019,-0.703960391737019));
#10183=DIRECTION('',(0.,0.707106781186548,0.707106781186548));
#10184=DIRECTION('',(-1.,0.,0.));
#10185=DIRECTION('',(0.,-0.707106781186548,-0.707106781186548));
#10186=DIRECTION('',(-1.,0.,0.));
#10187=DIRECTION('',(1.,0.,0.));
#10188=DIRECTION('',(1.,0.,0.));
#10189=DIRECTION('',(0.0942312778810865,0.703960391736926,-0.703960391736987));
#10190=DIRECTION('',(0.,-0.707106781186548,-0.707106781186548));
#10191=DIRECTION('',(-1.,0.,0.));
#10192=DIRECTION('',(-0.0942312778801445,0.703960391737019,0.703960391737019));
#10193=DIRECTION('',(-0.094231277881094,0.703960391736956,0.703960391736956));
#10194=DIRECTION('',(0.,0.707106781186548,0.707106781186548));
#10195=DIRECTION('',(-1.,0.,0.));
#10196=DIRECTION('',(-0.0942312778809492,-0.703960391737968,0.703960391735963));
#10197=DIRECTION('',(1.,0.,0.));
#10198=DIRECTION('',(1.,0.,0.));
#10199=DIRECTION('',(1.,0.,0.));
#10200=DIRECTION('',(0.991159541580869,0.,0.132675405155596));
#10201=DIRECTION('',(0.132675405155596,0.,-0.991159541580869));
#10202=DIRECTION('',(0.991159541580869,0.,0.132675405155596));
#10203=DIRECTION('',(0.132675405155596,0.,-0.991159541580869));
#10204=DIRECTION('',(0.991159541580869,0.,0.132675405155596));
#10205=DIRECTION('',(0.132675405155596,0.,-0.991159541580869));
#10206=DIRECTION('',(0.132658774471938,-0.0158329276753571,-0.991035301064917));
#10207=DIRECTION('',(0.991159541580869,0.,0.132675405155596));
#10208=DIRECTION('',(0.132675405155596,0.,-0.991159541580869));
#10209=DIRECTION('',(1.,0.,0.));
#10210=DIRECTION('',(1.,0.,0.));
#10211=DIRECTION('',(-1.,0.,0.));
#10212=DIRECTION('',(-0.132658774471929,-0.0158329276755151,-0.991035301064916));
#10213=DIRECTION('',(0.,0.999872405755489,-0.0159741105771498));
#10214=DIRECTION('',(0.,-0.0159741105771498,-0.999872405755489));
#10215=DIRECTION('',(0.,0.999872405755489,-0.0159741105771498));
#10216=DIRECTION('',(0.,-0.0159741105771498,-0.999872405755489));
#10217=DIRECTION('',(0.132658774471938,-0.0158329276753571,-0.991035301064917));
#10218=DIRECTION('',(0.0942312778810856,0.703960391736926,-0.703960391736987));
#10219=DIRECTION('',(0.991159541580869,0.,0.132675405155596));
#10220=DIRECTION('',(0.132675405155596,0.,-0.991159541580869));
#10221=DIRECTION('',(0.991159541580869,0.,0.132675405155596));
#10222=DIRECTION('',(0.132675405155596,0.,-0.991159541580869));
#10223=DIRECTION('',(0.,-1.,0.));
#10224=DIRECTION('',(0.132658774471961,-0.015832927675515,-0.991035301064911));
#10225=DIRECTION('',(0.991159541580869,0.,0.132675405155596));
#10226=DIRECTION('',(0.132675405155596,0.,-0.991159541580869));
#10227=DIRECTION('',(0.991159541580869,0.,0.132675405155596));
#10228=DIRECTION('',(0.132675405155596,0.,-0.991159541580869));
#10229=DIRECTION('',(-0.0942312778809484,-0.703960391737968,0.703960391735963));
#10230=DIRECTION('',(-0.094231277881094,0.703960391736956,0.703960391736956));
#10231=DIRECTION('',(-0.0942312778801458,0.703960391737019,0.703960391737019));
#10232=DIRECTION('',(0.,0.707106781186548,0.707106781186548));
#10233=DIRECTION('',(-1.,0.,0.));
#10234=DIRECTION('',(0.,-0.707106781186548,-0.707106781186548));
#10235=DIRECTION('',(-1.,0.,0.));
#10236=DIRECTION('',(-1.,0.,0.));
#10237=DIRECTION('',(0.0942312778816764,-0.703960391736917,0.703960391736917));
#10238=DIRECTION('',(0.,-0.707106781186548,-0.707106781186548));
#10239=DIRECTION('',(-1.,0.,0.));
#10240=DIRECTION('',(-1.,0.,0.));
#10241=DIRECTION('',(-0.0942312778801445,-0.703960391737019,-0.703960391737019));
#10242=DIRECTION('',(-1.,0.,0.));
#10243=DIRECTION('',(0.,0.707106781186548,0.707106781186548));
#10244=DIRECTION('',(-1.,0.,0.));
#10245=DIRECTION('',(-0.0942312778815366,0.703960391736926,-0.703960391736926));
#10246=DIRECTION('',(1.,0.,0.));
#10247=DIRECTION('',(-0.991159541580869,0.,0.132675405155596));
#10248=DIRECTION('',(0.132675405155596,0.,0.991159541580869));
#10249=DIRECTION('',(1.,0.,0.));
#10250=DIRECTION('',(-0.991159541580869,0.,0.132675405155596));
#10251=DIRECTION('',(0.132675405155596,0.,0.991159541580869));
#10252=DIRECTION('',(-0.991159541580869,0.,0.132675405155596));
#10253=DIRECTION('',(0.132675405155596,0.,0.991159541580869));
#10254=DIRECTION('',(-0.991159541580869,0.,0.132675405155596));
#10255=DIRECTION('',(0.132675405155596,0.,0.991159541580869));
#10256=DIRECTION('',(-0.132658774471937,-0.0158329276754528,-0.991035301064915));
#10257=DIRECTION('',(0.,-1.,0.));
#10258=DIRECTION('',(-0.094231277881094,-0.703960391736956,-0.703960391736956));
#10259=DIRECTION('',(0.,-0.999872405755489,0.0159741105771498));
#10260=DIRECTION('',(0.,-0.0159741105771498,-0.999872405755489));
#10261=DIRECTION('',(0.,1.,0.));
#10262=DIRECTION('',(0.,1.,0.));
#10263=DIRECTION('',(0.,1.,0.));
#10264=DIRECTION('',(0.,1.,0.));
#10265=DIRECTION('',(0.,-0.999872405755489,0.0159741105771498));
#10266=DIRECTION('',(0.,-0.0159741105771498,-0.999872405755489));
#10267=DIRECTION('',(1.,0.,0.));
#10268=DIRECTION('',(1.,0.,0.));
#10269=DIRECTION('',(1.,0.,0.));
#10270=DIRECTION('',(1.,0.,0.));
#10271=DIRECTION('',(0.,0.,-1.));
#10272=DIRECTION('',(1.,0.,0.));
#10273=DIRECTION('',(0.,0.,-1.));
#10274=DIRECTION('',(0.,-1.,0.));
#10275=DIRECTION('',(0.,-1.,0.));
#10276=DIRECTION('',(1.,0.,0.));
#10277=DIRECTION('',(0.,0.,-1.));
#10278=DIRECTION('',(0.,-1.,0.));
#10279=DIRECTION('',(0.,0.,1.));
#10280=DIRECTION('',(0.,0.,-1.));
#10281=DIRECTION('',(0.,0.,1.));
#10282=DIRECTION('',(1.,0.,0.));
#10283=DIRECTION('',(0.,0.,1.));
#10284=DIRECTION('',(1.,0.,0.));
#10285=DIRECTION('',(1.,0.,0.));
#10286=DIRECTION('',(1.,0.,0.));
#10287=DIRECTION('',(0.,-1.,0.));
#10288=DIRECTION('',(0.,0.,-1.));
#10289=DIRECTION('',(-1.,0.,0.));
#10290=DIRECTION('',(0.,0.,-1.));
#10291=DIRECTION('',(0.,0.,-1.));
#10292=DIRECTION('',(0.,0.,-1.));
#10293=DIRECTION('',(-1.,0.,0.));
#10294=DIRECTION('',(0.,1.,0.));
#10295=DIRECTION('',(1.,0.,0.));
#10296=DIRECTION('',(1.,0.,0.));
#10297=DIRECTION('',(0.,0.,-1.));
#10298=DIRECTION('',(0.,1.,0.));
#10299=DIRECTION('',(0.,-1.,0.));
#10300=DIRECTION('',(0.,1.,0.));
#10301=DIRECTION('',(0.,0.,1.));
#10302=DIRECTION('',(1.,0.,0.));
#10303=DIRECTION('',(0.,0.,-1.));
#10304=DIRECTION('',(-1.,0.,0.));
#10305=DIRECTION('',(0.,-1.,0.));
#10306=DIRECTION('',(1.,0.,0.));
#10307=DIRECTION('',(-1.,0.,0.));
#10308=DIRECTION('',(0.,1.,0.));
#10309=DIRECTION('',(0.,0.,1.));
#10310=DIRECTION('',(0.,1.,0.));
#10311=DIRECTION('',(0.,1.,0.));
#10312=DIRECTION('',(0.,0.,1.));
#10313=DIRECTION('',(0.,1.,0.));
#10314=DIRECTION('',(0.,0.,-1.));
#10315=DIRECTION('',(-1.,0.,0.));
#10316=DIRECTION('',(0.,1.,0.));
#10317=DIRECTION('',(-1.,0.,0.));
#10318=DIRECTION('',(0.,-1.,0.));
#10319=DIRECTION('',(0.,0.,1.));
#10320=DIRECTION('',(1.,0.,0.));
#10321=DIRECTION('',(0.,-1.,0.));
#10322=DIRECTION('',(0.,0.,-1.));
#10323=DIRECTION('',(0.,1.,0.));
#10324=DIRECTION('',(0.,0.,-1.));
#10325=DIRECTION('',(0.,0.,-1.));
#10326=DIRECTION('',(0.,1.,0.));
#10327=DIRECTION('',(0.,0.,1.));
#10328=DIRECTION('',(1.,0.,0.));
#10329=DIRECTION('',(0.,0.,-1.));
#10330=DIRECTION('',(0.,1.,0.));
#10331=DIRECTION('',(1.,0.,0.));
#10332=DIRECTION('',(0.,0.,-1.));
#10333=DIRECTION('',(0.,0.,-1.));
#10334=DIRECTION('',(1.,0.,0.));
#10335=DIRECTION('',(0.,0.,-1.));
#10336=DIRECTION('',(0.,1.,0.));
#10337=DIRECTION('',(1.,0.,0.));
#10338=DIRECTION('',(0.,0.,-1.));
#10339=DIRECTION('',(0.,0.0963241948601422,0.995350013555305));
#10340=DIRECTION('',(-1.,0.,0.));
#10341=DIRECTION('',(0.,0.,1.));
#10342=DIRECTION('',(0.,1.,0.));
#10343=DIRECTION('',(-1.,0.,0.));
#10344=DIRECTION('',(0.,0.,1.));
#10345=DIRECTION('',(0.,0.0963241948602142,-0.995350013555298));
#10346=DIRECTION('',(0.,0.,1.));
#10347=DIRECTION('',(-1.,0.,0.));
#10348=DIRECTION('',(0.,0.,1.));
#10349=DIRECTION('',(0.,-1.,0.));
#10350=DIRECTION('',(-1.,0.,0.));
#10351=DIRECTION('',(0.,0.,1.));
#10352=DIRECTION('',(0.,0.,-1.));
#10353=DIRECTION('',(-1.,0.,0.));
#10354=DIRECTION('',(0.,0.,1.));
#10355=DIRECTION('',(0.,1.,0.));
#10356=DIRECTION('',(-1.,0.,0.));
#10357=DIRECTION('',(0.,0.,1.));
#10358=DIRECTION('',(-1.,0.,0.));
#10359=DIRECTION('',(-1.,0.,0.));
#10360=DIRECTION('',(0.,0.,1.));
#10361=DIRECTION('',(-1.,0.,0.));
#10362=DIRECTION('',(0.,0.,-1.));
#10363=DIRECTION('',(-1.,0.,0.));
#10364=DIRECTION('',(-1.,0.,0.));
#10365=DIRECTION('',(0.,0.,1.));
#10366=DIRECTION('',(-1.,0.,0.));
#10367=DIRECTION('',(0.,1.,0.));
#10368=DIRECTION('',(-1.,0.,0.));
#10369=DIRECTION('',(-1.,0.,0.));
#10370=DIRECTION('',(0.,0.,1.));
#10371=DIRECTION('',(-1.,0.,0.));
#10372=DIRECTION('',(0.,0.,-1.));
#10373=DIRECTION('',(-1.,0.,0.));
#10374=DIRECTION('',(-1.,0.,0.));
#10375=DIRECTION('',(0.,0.,1.));
#10376=DIRECTION('',(-1.,0.,0.));
#10377=DIRECTION('',(0.,1.,0.));
#10378=DIRECTION('',(0.,1.,0.));
#10379=DIRECTION('',(0.,0.,1.));
#10380=DIRECTION('',(0.,-1.,0.));
#10381=DIRECTION('',(0.,0.,-1.));
#10382=DIRECTION('',(1.,0.,0.));
#10383=DIRECTION('',(0.,0.,-1.));
#10384=DIRECTION('',(-0.412629449008899,0.,-0.910898972340299));
#10385=DIRECTION('',(-1.,0.,0.));
#10386=DIRECTION('',(0.,-1.,0.));
#10387=DIRECTION('',(-0.412629449008252,0.,-0.910898972340592));
#10388=DIRECTION('',(0.,0.,1.));
#10389=DIRECTION('',(0.,-1.,0.));
#10390=DIRECTION('',(1.,0.,0.));
#10391=DIRECTION('',(0.,0.09632419486019,0.9953500135553));
#10392=DIRECTION('',(1.,0.,0.));
#10393=DIRECTION('',(1.,0.,0.));
#10394=DIRECTION('',(1.,0.,0.));
#10395=DIRECTION('',(0.,0.,-1.));
#10396=DIRECTION('',(1.,0.,0.));
#10397=DIRECTION('',(0.,-1.,0.));
#10398=DIRECTION('',(1.,0.,0.));
#10399=DIRECTION('',(1.,0.,0.));
#10400=DIRECTION('',(0.,0.,-1.));
#10401=DIRECTION('',(1.,0.,0.));
#10402=DIRECTION('',(0.,0.,1.));
#10403=DIRECTION('',(1.,0.,0.));
#10404=DIRECTION('',(1.,0.,0.));
#10405=DIRECTION('',(0.,0.,-1.));
#10406=DIRECTION('',(1.,0.,0.));
#10407=DIRECTION('',(0.,1.,0.));
#10408=DIRECTION('',(1.,0.,0.));
#10409=DIRECTION('',(1.,0.,0.));
#10410=DIRECTION('',(0.,0.,-1.));
#10411=DIRECTION('',(-1.,0.,0.));
#10412=DIRECTION('',(0.,0.09632419486019,-0.9953500135553));
#10413=DIRECTION('',(0.,0.,-1.));
#10414=DIRECTION('',(0.,1.,0.));
#10415=DIRECTION('',(0.,0.,-1.));
#10416=DIRECTION('',(0.,1.,0.));
#10417=DIRECTION('',(0.,1.,0.));
#10418=DIRECTION('',(-1.,0.,0.));
#10419=DIRECTION('',(0.,0.,1.));
#10420=DIRECTION('',(-1.,0.,0.));
#10421=DIRECTION('',(0.,0.,1.));
#10422=DIRECTION('',(-1.,0.,0.));
#10423=DIRECTION('',(0.994692912536038,0.,0.102888336319404));
#10424=DIRECTION('',(0.102407462401464,-0.096569392003097,-0.990043970827884));
#10425=DIRECTION('',(0.999950178372345,-0.00998202249622643,-1.49211815767141E-14));
#10426=DIRECTION('',(0.994692912536038,0.,0.102888336319404));
#10427=DIRECTION('',(0.102407462401464,-0.096569392003097,-0.990043970827884));
#10428=DIRECTION('',(0.,1.,0.));
#10429=DIRECTION('',(1.,0.,0.));
#10430=DIRECTION('',(0.994692912536038,0.,0.102888336319404));
#10431=DIRECTION('',(-0.102407462401465,-0.0965693920030875,0.990043970827885));
#10432=DIRECTION('',(-0.999950178372345,-0.00998202249622645,1.49211815767141E-14));
#10433=DIRECTION('',(0.994692912536038,0.,0.102888336319404));
#10434=DIRECTION('',(-0.102407462401465,-0.0965693920030875,0.990043970827885));
#10435=DIRECTION('',(0.,1.,0.));
#10436=DIRECTION('',(0.102407462401465,-0.0965693920030734,-0.990043970827887));
#10437=DIRECTION('',(0.102407462401465,0.0965693920030708,-0.990043970827887));
#10438=DIRECTION('',(0.102407462401465,0.0965693920030734,-0.990043970827887));
#10439=DIRECTION('',(0.994692912536038,1.5629858518551E-15,0.102888336319404));
#10440=DIRECTION('',(0.,1.,0.));
#10441=DIRECTION('',(0.,0.,-1.));
#10442=DIRECTION('',(0.102407462401465,-0.0965693920030895,-0.990043970827885));
#10443=DIRECTION('',(0.,1.,0.));
#10444=DIRECTION('',(0.,1.,0.));
#10445=DIRECTION('',(0.,1.,0.));
#10446=DIRECTION('',(-0.995326254314743,-0.0965693920027686,0.));
#10447=DIRECTION('',(0.,1.,0.));
#10448=DIRECTION('',(0.995326254314713,-0.0965693920030713,0.));
#10449=DIRECTION('',(0.,0.,1.));
#10450=DIRECTION('',(-0.995326254314743,0.0965693920027686,0.));
#10451=DIRECTION('',(0.,1.,0.));
#10452=DIRECTION('',(0.995326254314713,0.0965693920030713,0.));
#10453=DIRECTION('',(0.,0.,1.));
#10454=DIRECTION('',(0.,1.,0.));
#10455=DIRECTION('',(0.,1.,0.));
#10456=DIRECTION('',(0.,0.,1.));
#10457=DIRECTION('',(0.,1.,0.));
#10458=DIRECTION('',(0.,0.,1.));
#10459=DIRECTION('',(1.,0.,0.));
#10460=DIRECTION('',(0.,0.,-1.));
#10461=DIRECTION('',(1.,0.,0.));
#10462=DIRECTION('',(1.,0.,0.));
#10463=DIRECTION('',(1.,0.,0.));
#10464=DIRECTION('',(0.,0.,-1.));
#10465=DIRECTION('',(-1.,0.,0.));
#10466=DIRECTION('',(0.,1.,0.));
#10467=DIRECTION('',(0.,0.,1.));
#10468=DIRECTION('',(1.,0.,0.));
#10469=DIRECTION('',(0.,0.,1.));
#10470=DIRECTION('',(0.,0.,1.));
#10471=DIRECTION('',(1.,0.,0.));
#10472=DIRECTION('',(0.,0.,1.));
#10473=DIRECTION('',(-1.,0.,0.));
#10474=DIRECTION('',(0.,1.,0.));
#10475=DIRECTION('',(0.,0.,-1.));
#10476=DIRECTION('',(-1.,0.,0.));
#10477=DIRECTION('',(0.,0.,1.));
#10478=DIRECTION('',(0.,0.,1.));
#10479=DIRECTION('',(1.,0.,0.));
#10480=DIRECTION('',(0.,0.,-1.));
#10481=DIRECTION('',(-1.,0.,0.));
#10482=DIRECTION('',(0.,0.,1.));
#10483=DIRECTION('',(1.,0.,0.));
#10484=DIRECTION('',(0.,1.,0.));
#10485=DIRECTION('',(0.,0.,-1.));
#10486=DIRECTION('',(-1.,0.,0.));
#10487=DIRECTION('',(0.707106781186548,-0.707106781186548,0.));
#10488=DIRECTION('',(0.,0.,1.));
#10489=DIRECTION('',(1.,0.,0.));
#10490=DIRECTION('',(-0.707106781186548,-0.707106781186548,0.));
#10491=DIRECTION('',(0.,1.,0.));
#10492=DIRECTION('',(0.,0.,-1.));
#10493=DIRECTION('',(-1.,0.,0.));
#10494=DIRECTION('',(1.,0.,0.));
#10495=DIRECTION('',(0.,0.,1.));
#10496=DIRECTION('',(1.,0.,0.));
#10497=DIRECTION('',(0.,-1.,0.));
#10498=DIRECTION('',(-0.707106781186548,0.707106781186548,0.));
#10499=DIRECTION('',(0.,0.,1.));
#10500=DIRECTION('',(1.,0.,0.));
#10501=DIRECTION('',(0.,0.,1.));
#10502=DIRECTION('',(1.,0.,0.));
#10503=DIRECTION('',(0.707106781186548,0.707106781186548,0.));
#10504=DIRECTION('',(0.,-1.,0.));
#10505=DIRECTION('',(0.,0.,-1.));
#10506=DIRECTION('',(-1.,0.,0.));
#10507=DIRECTION('',(1.,0.,0.));
#10508=DIRECTION('',(0.,0.,1.));
#10509=DIRECTION('',(1.,0.,0.));
#10510=DIRECTION('',(0.,1.,0.));
#10511=DIRECTION('',(1.,0.,0.));
#10512=DIRECTION('',(0.,-1.,0.));
#10513=DIRECTION('',(0.64287114276419,0.765974342782488,0.));
#10514=DIRECTION('',(0.,-1.,0.));
#10515=DIRECTION('',(-0.642871293713882,-0.765974216092578,0.));
#10516=DIRECTION('',(-1.,0.,0.));
#10517=DIRECTION('',(0.,1.,0.));
#10518=DIRECTION('',(0.,0.,1.));
#10519=DIRECTION('',(0.,0.,1.));
#10520=DIRECTION('',(0.,1.,0.));
#10521=DIRECTION('',(0.,1.,0.));
#10522=DIRECTION('',(-1.,0.,0.));
#10523=DIRECTION('',(0.,0.,1.));
#10524=DIRECTION('',(0.,0.096324194860214,-0.995350013555298));
#10525=DIRECTION('',(1.,0.,0.));
#10526=DIRECTION('',(0.,0.,-1.));
#10527=DIRECTION('',(0.,1.,0.));
#10528=DIRECTION('',(1.,0.,0.));
#10529=DIRECTION('',(0.,0.,-1.));
#10530=DIRECTION('',(0.,0.,1.));
#10531=DIRECTION('',(1.,0.,0.));
#10532=DIRECTION('',(0.,0.,-1.));
#10533=DIRECTION('',(0.,1.,0.));
#10534=DIRECTION('',(1.,0.,0.));
#10535=DIRECTION('',(0.,0.,-1.));
#10536=DIRECTION('',(0.,0.0963241948601426,0.995350013555305));
#10537=DIRECTION('',(-1.,0.,0.));
#10538=DIRECTION('',(0.,0.,1.));
#10539=DIRECTION('',(1.,0.,0.));
#10540=DIRECTION('',(1.,0.,0.));
#10541=DIRECTION('',(1.,0.,0.));
#10542=DIRECTION('',(1.,0.,0.));
#10543=DIRECTION('',(1.,0.,0.));
#10544=DIRECTION('',(1.,0.,0.));
#10545=DIRECTION('',(1.,0.,0.));
#10546=DIRECTION('',(1.,0.,0.));
#10547=DIRECTION('',(1.,0.,0.));
#10548=DIRECTION('',(-1.,0.,0.));
#10549=DIRECTION('',(0.,1.,0.));
#10550=DIRECTION('',(0.994692912536038,0.,-0.102888336319404));
#10551=DIRECTION('',(0.102407462401465,0.0965693920030779,0.990043970827886));
#10552=DIRECTION('',(0.999950178372345,0.00998202249622648,1.49211815767142E-14));
#10553=DIRECTION('',(0.994692912536038,0.,-0.102888336319404));
#10554=DIRECTION('',(0.102407462401465,0.0965693920030779,0.990043970827886));
#10555=DIRECTION('',(0.,-1.,0.));
#10556=DIRECTION('',(-0.102407462401465,0.0965693920030734,-0.990043970827887));
#10557=DIRECTION('',(0.994692912536038,0.,-0.102888336319404));
#10558=DIRECTION('',(-0.102407462401465,0.0965693920030875,-0.990043970827885));
#10559=DIRECTION('',(-0.102407462401465,-0.0965693920030708,-0.990043970827887));
#10560=DIRECTION('',(-0.102407462401465,-0.0965693920030733,-0.990043970827887));
#10561=DIRECTION('',(0.994692912536038,5.72458747072346E-16,-0.102888336319404));
#10562=DIRECTION('',(0.,1.,0.));
#10563=DIRECTION('',(0.,0.,-1.));
#10564=DIRECTION('',(-0.102407462401465,0.0965693920030895,-0.990043970827885));
#10565=DIRECTION('',(-0.999950178372345,0.00998202249622643,-1.49211815767141E-14));
#10566=DIRECTION('',(0.994692912536038,0.,-0.102888336319404));
#10567=DIRECTION('',(-0.102407462401465,0.0965693920030875,-0.990043970827885));
#10568=DIRECTION('',(0.,1.,0.));
#10569=DIRECTION('',(0.,-1.,0.));
#10570=DIRECTION('',(0.,1.,0.));
#10571=DIRECTION('',(0.995326254314743,0.0965693920027686,-1.94001777484927E-14));
#10572=DIRECTION('',(0.,1.,0.));
#10573=DIRECTION('',(0.995326254314713,-0.0965693920030713,0.));
#10574=DIRECTION('',(0.,0.,-1.));
#10575=DIRECTION('',(0.995326254314743,-0.0965693920027686,-3.88003554969855E-14));
#10576=DIRECTION('',(0.,1.,0.));
#10577=DIRECTION('',(0.995326254314713,0.0965693920030713,0.));
#10578=DIRECTION('',(0.,0.,-1.));
#10579=DIRECTION('',(0.,1.,0.));
#10580=DIRECTION('',(0.,1.,0.));
#10581=DIRECTION('',(0.,0.,1.));
#10582=DIRECTION('',(0.,1.,0.));
#10583=DIRECTION('',(0.,0.,1.));
#10584=DIRECTION('',(0.,1.,0.));
#10585=DIRECTION('',(0.,0.,1.));
#10586=DIRECTION('',(-1.,0.,0.));
#10587=DIRECTION('',(0.,0.,-1.));
#10588=DIRECTION('',(1.,0.,0.));
#10589=DIRECTION('',(-1.,0.,0.));
#10590=DIRECTION('',(0.,1.,0.));
#10591=DIRECTION('',(0.,0.,1.));
#10592=DIRECTION('',(0.,1.,0.));
#10593=DIRECTION('',(0.,1.,0.));
#10594=DIRECTION('',(0.,0.,-1.));
#10595=DIRECTION('',(-1.,0.,0.));
#10596=DIRECTION('',(1.,0.,0.));
#10597=DIRECTION('',(0.,0.,1.));
#10598=DIRECTION('',(1.,0.,0.));
#10599=DIRECTION('',(0.,0.,-1.));
#10600=DIRECTION('',(0.,0.,1.));
#10601=DIRECTION('',(0.,0.,1.));
#10602=DIRECTION('',(1.,0.,0.));
#10603=DIRECTION('',(1.,0.,0.));
#10604=DIRECTION('',(0.,0.,-1.));
#10605=DIRECTION('',(-1.,0.,0.));
#10606=DIRECTION('',(0.,1.,0.));
#10607=DIRECTION('',(0.,0.,-1.));
#10608=DIRECTION('',(1.,0.,0.));
#10609=DIRECTION('',(0.,0.,-1.));
#10610=DIRECTION('',(0.,0.,-1.));
#10611=DIRECTION('',(0.,1.,0.));
#10612=DIRECTION('',(0.,0.,1.));
#10613=DIRECTION('',(0.,0.,-1.));
#10614=DIRECTION('',(0.,1.,0.));
#10615=DIRECTION('',(-0.866025403784429,0.,0.500000000000017));
#10616=DIRECTION('',(0.500000000000017,0.,0.866025403784429));
#10617=DIRECTION('',(-0.447213595500034,-0.447213595499954,-0.774596669241442));
#10618=DIRECTION('',(0.,1.,0.));
#10619=DIRECTION('',(0.44721359549961,-0.44721359550006,0.774596669241626));
#10620=DIRECTION('',(-0.866025403784429,0.,0.500000000000017));
#10621=DIRECTION('',(-0.500000000000017,0.,-0.866025403784429));
#10622=DIRECTION('',(0.,0.866025403784429,0.500000000000017));
#10623=DIRECTION('',(0.,0.500000000000017,-0.866025403784429));
#10624=DIRECTION('',(0.,0.,-1.));
#10625=DIRECTION('',(1.,0.,0.));
#10626=DIRECTION('',(0.447213595499612,0.44721359550006,-0.774596669241625));
#10627=DIRECTION('',(0.,0.866025403784429,0.500000000000017));
#10628=DIRECTION('',(0.,-0.500000000000017,0.866025403784429));
#10629=DIRECTION('',(1.,0.,0.));
#10630=DIRECTION('',(0.,0.,-1.));
#10631=DIRECTION('',(0.,0.,1.));
#10632=DIRECTION('',(0.866025403784429,0.,0.500000000000017));
#10633=DIRECTION('',(-0.500000000000017,0.,0.866025403784429));
#10634=DIRECTION('',(0.,1.,0.));
#10635=DIRECTION('',(0.,-1.,0.));
#10636=DIRECTION('',(-0.447213595500238,0.447213595499903,0.774596669241354));
#10637=DIRECTION('',(0.866025403784429,0.,0.500000000000017));
#10638=DIRECTION('',(0.500000000000017,0.,-0.866025403784429));
#10639=DIRECTION('',(0.,0.,-1.));
#10640=DIRECTION('',(0.,0.,-1.));
#10641=DIRECTION('',(0.,0.,-1.));
#10642=DIRECTION('',(0.,1.,0.));
#10643=DIRECTION('',(0.,0.,1.));
#10644=DIRECTION('',(-0.70710678118679,0.707106781186305,0.));
#10645=DIRECTION('',(0.,0.,1.));
#10646=DIRECTION('',(0.,0.,1.));
#10647=DIRECTION('',(1.,0.,0.));
#10648=DIRECTION('',(0.,0.,1.));
#10649=DIRECTION('',(1.,0.,0.));
#10650=DIRECTION('',(0.,0.,1.));
#10651=DIRECTION('',(0.707106781186781,0.707106781186314,0.));
#10652=DIRECTION('',(1.,0.,0.));
#10653=DIRECTION('',(0.,0.,1.));
#10654=DIRECTION('',(1.,0.,0.));
#10655=DIRECTION('',(0.,0.,-1.));
#10656=DIRECTION('',(-1.,0.,0.));
#10657=DIRECTION('',(0.,0.,1.));
#10658=DIRECTION('',(1.,0.,0.));
#10659=DIRECTION('',(0.,0.,-1.));
#10660=DIRECTION('',(-1.,0.,0.));
#10661=DIRECTION('',(0.,0.,1.));
#10662=DIRECTION('',(1.,0.,0.));
#10663=DIRECTION('',(0.,0.,-1.));
#10664=DIRECTION('',(-1.,0.,0.));
#10665=DIRECTION('',(0.,0.,1.));
#10666=DIRECTION('',(1.,0.,0.));
#10667=DIRECTION('',(0.,0.,-1.));
#10668=DIRECTION('',(-1.,0.,0.));
#10669=DIRECTION('',(0.,0.,1.));
#10670=DIRECTION('',(1.,0.,0.));
#10671=DIRECTION('',(0.,0.,-1.));
#10672=DIRECTION('',(-1.,0.,0.));
#10673=DIRECTION('',(0.,0.,1.));
#10674=DIRECTION('',(1.,0.,0.));
#10675=DIRECTION('',(0.,0.,-1.));
#10676=DIRECTION('',(-1.,0.,0.));
#10677=DIRECTION('',(0.,0.,1.));
#10678=DIRECTION('',(1.,0.,0.));
#10679=DIRECTION('',(0.,0.,-1.));
#10680=DIRECTION('',(-1.,0.,0.));
#10681=DIRECTION('',(0.,0.,1.));
#10682=DIRECTION('',(1.,0.,0.));
#10683=DIRECTION('',(0.,0.,-1.));
#10684=DIRECTION('',(-1.,0.,0.));
#10685=DIRECTION('',(0.,0.,1.));
#10686=DIRECTION('',(1.,0.,0.));
#10687=DIRECTION('',(0.,0.292371704722713,-0.956304755963043));
#10688=DIRECTION('',(-1.,0.,0.));
#10689=DIRECTION('',(0.,0.,1.));
#10690=DIRECTION('',(-1.,0.,0.));
#10691=DIRECTION('',(0.,0.,1.));
#10692=DIRECTION('',(0.,-0.292371704722713,0.956304755963043));
#10693=DIRECTION('',(-1.,0.,0.));
#10694=DIRECTION('',(0.,-0.292371704722736,0.956304755963036));
#10695=DIRECTION('',(-1.,0.,0.));
#10696=DIRECTION('',(0.,0.,1.));
#10697=DIRECTION('',(-1.,0.,0.));
#10698=DIRECTION('',(0.,0.,1.));
#10699=DIRECTION('',(0.,0.292371704722643,-0.956304755963064));
#10700=DIRECTION('',(-1.,0.,0.));
#10701=DIRECTION('',(0.,0.292371704722713,-0.956304755963043));
#10702=DIRECTION('',(-1.,0.,0.));
#10703=DIRECTION('',(0.,0.,1.));
#10704=DIRECTION('',(-1.,0.,0.));
#10705=DIRECTION('',(0.,0.,1.));
#10706=DIRECTION('',(0.,-0.292371704722713,0.956304755963043));
#10707=DIRECTION('',(-1.,0.,0.));
#10708=DIRECTION('',(0.,-0.292371704722736,0.956304755963036));
#10709=DIRECTION('',(-1.,0.,0.));
#10710=DIRECTION('',(0.,0.,1.));
#10711=DIRECTION('',(-1.,0.,0.));
#10712=DIRECTION('',(0.,0.,1.));
#10713=DIRECTION('',(0.,0.292371704722643,-0.956304755963064));
#10714=DIRECTION('',(-1.,0.,0.));
#10715=DIRECTION('',(0.,0.292371704722713,-0.956304755963043));
#10716=DIRECTION('',(-1.,0.,0.));
#10717=DIRECTION('',(0.,0.,1.));
#10718=DIRECTION('',(-1.,0.,0.));
#10719=DIRECTION('',(0.,0.,1.));
#10720=DIRECTION('',(0.,-0.292371704722713,0.956304755963043));
#10721=DIRECTION('',(-1.,0.,0.));
#10722=DIRECTION('',(0.,-0.292371704722736,0.956304755963036));
#10723=DIRECTION('',(-1.,0.,0.));
#10724=DIRECTION('',(0.,0.,1.));
#10725=DIRECTION('',(-1.,0.,0.));
#10726=DIRECTION('',(0.,0.,1.));
#10727=DIRECTION('',(0.,0.292371704722643,-0.956304755963064));
#10728=DIRECTION('',(-1.,0.,0.));
#10729=DIRECTION('',(0.,0.292371704722713,-0.956304755963043));
#10730=DIRECTION('',(-1.,0.,0.));
#10731=DIRECTION('',(0.,0.,1.));
#10732=DIRECTION('',(-1.,0.,0.));
#10733=DIRECTION('',(0.,0.,1.));
#10734=DIRECTION('',(0.,-0.292371704722713,0.956304755963043));
#10735=DIRECTION('',(-1.,0.,0.));
#10736=DIRECTION('',(0.,-0.292371704722736,0.956304755963036));
#10737=DIRECTION('',(-1.,0.,0.));
#10738=DIRECTION('',(0.,0.,1.));
#10739=DIRECTION('',(-1.,0.,0.));
#10740=DIRECTION('',(0.,0.,1.));
#10741=DIRECTION('',(0.,0.292371704722643,-0.956304755963064));
#10742=DIRECTION('',(-1.,0.,0.));
#10743=DIRECTION('',(-0.707106781186782,-0.707106781186314,0.));
#10744=DIRECTION('',(0.,0.,1.));
#10745=DIRECTION('',(1.,0.,0.));
#10746=DIRECTION('',(0.707106781186781,-0.707106781186314,0.));
#10747=DIRECTION('',(0.,0.,1.));
#10748=DIRECTION('',(0.,0.,1.));
#10749=DIRECTION('',(0.,0.,1.));
#10750=DIRECTION('',(0.,1.,0.));
#10751=DIRECTION('',(0.,0.,1.));
#10752=DIRECTION('',(1.,0.,0.));
#10753=DIRECTION('',(0.,0.,1.));
#10754=DIRECTION('',(0.,1.,0.));
#10755=DIRECTION('',(0.,0.,1.));
#10756=DIRECTION('',(0.642871142764591,0.765974342782152,0.));
#10757=DIRECTION('',(0.,0.,1.));
#10758=DIRECTION('',(0.,1.,0.));
#10759=DIRECTION('',(0.,0.,1.));
#10760=DIRECTION('',(-0.642871293713863,-0.765974216092594,0.));
#10761=DIRECTION('',(0.,0.,1.));
#10762=DIRECTION('',(1.,0.,0.));
#10763=DIRECTION('',(-1.,0.,0.));
#10764=DIRECTION('',(1.,0.,0.));
#10765=DIRECTION('',(0.,0.,1.));
#10766=DIRECTION('',(0.,0.,1.));
#10767=DIRECTION('',(1.,0.,0.));
#10768=DIRECTION('',(1.,0.,0.));
#10769=DIRECTION('',(0.,1.,0.));
#10770=DIRECTION('',(0.,0.,-1.));
#10771=DIRECTION('',(-1.,0.,0.));
#10772=DIRECTION('',(0.,1.,0.));
#10773=DIRECTION('',(1.,0.,0.));
#10774=DIRECTION('',(0.,1.,0.));
#10775=DIRECTION('',(1.,0.,0.));
#10776=DIRECTION('',(0.,-1.,0.));
#10777=DIRECTION('',(1.,0.,0.));
#10778=DIRECTION('',(0.,1.,0.));
#10779=DIRECTION('',(1.,0.,0.));
#10780=DIRECTION('',(0.,-1.,0.));
#10781=DIRECTION('',(1.,0.,0.));
#10782=DIRECTION('',(0.,1.,0.));
#10783=DIRECTION('',(0.,0.,1.));
#10784=DIRECTION('',(1.,0.,0.));
#10785=DIRECTION('',(0.,1.,0.));
#10786=DIRECTION('',(0.,0.,-1.));
#10787=DIRECTION('',(-1.,0.,0.));
#10788=DIRECTION('',(1.,0.,0.));
#10789=DIRECTION('',(0.,0.,1.));
#10790=DIRECTION('',(-0.67881205787752,-0.727936810855344,0.0965514861710533));
#10791=DIRECTION('',(0.,0.131485634577699,0.991318076048097));
#10792=DIRECTION('',(0.,-0.991318076048097,0.131485634577699));
#10793=DIRECTION('',(0.639495084272579,-0.762120564128133,0.101085522822127));
#10794=DIRECTION('',(0.,0.131485634577699,0.991318076048097));
#10795=DIRECTION('',(0.,-0.991318076048097,0.131485634577699));
#10796=DIRECTION('',(-0.639495084272904,0.762120564128519,-0.101085522817164));
#10797=DIRECTION('',(0.,0.131485634577699,0.991318076048097));
#10798=DIRECTION('',(0.,-0.991318076048097,0.131485634577699));
#10799=DIRECTION('',(0.678812057877564,0.727936810855392,-0.0965514861703725));
#10800=DIRECTION('',(0.678812057877965,0.727936810855315,0.0965514861681328));
#10801=DIRECTION('',(0.,0.131485634577699,-0.991318076048097));
#10802=DIRECTION('',(0.,0.991318076048097,0.131485634577699));
#10803=DIRECTION('',(-0.639495084272468,0.762120564128389,0.101085522820906));
#10804=DIRECTION('',(0.,0.131485634577699,-0.991318076048097));
#10805=DIRECTION('',(0.,0.991318076048097,0.131485634577699));
#10806=DIRECTION('',(1.,0.,0.));
#10807=DIRECTION('',(0.,0.131485634577699,-0.991318076048097));
#10808=DIRECTION('',(0.,0.991318076048097,0.131485634577699));
#10809=DIRECTION('',(0.639495084272467,-0.76212056412839,-0.101085522820906));
#10810=DIRECTION('',(0.,0.131485634577699,-0.991318076048097));
#10811=DIRECTION('',(0.,0.991318076048097,0.131485634577699));
#10812=DIRECTION('',(-0.6788120578776,-0.72793681085565,-0.096551486168177));
#10813=DIRECTION('',(0.,0.,-1.));
#10814=DIRECTION('',(-1.,0.,0.));
#10815=DIRECTION('',(0.,-1.,0.));
#10816=DIRECTION('',(0.,0.,1.));
#10817=DIRECTION('',(0.,0.,1.));
#10818=DIRECTION('',(0.,0.,1.));
#10819=DIRECTION('',(0.,0.,-1.));
#10820=DIRECTION('',(0.,0.,1.));
#10821=DIRECTION('',(0.,0.,1.));
#10822=DIRECTION('',(0.,0.,1.));
#10823=DIRECTION('',(0.,0.,-1.));
#10824=DIRECTION('',(0.,0.,-1.));
#10825=DIRECTION('',(-1.,0.,0.));
#10826=DIRECTION('',(0.,0.,1.));
#10827=DIRECTION('',(0.,0.,-1.));
#10828=DIRECTION('',(0.,-1.,0.));
#10829=DIRECTION('',(1.,0.,0.));
#10830=DIRECTION('',(0.,-1.,0.));
#10831=DIRECTION('',(1.,0.,0.));
#10832=DIRECTION('',(0.,-1.,0.));
#10833=DIRECTION('',(1.,0.,0.));
#10834=DIRECTION('',(0.,-1.,0.));
#10835=DIRECTION('',(1.,0.,0.));
#10836=DIRECTION('',(0.,-1.,0.));
#10837=DIRECTION('',(1.,0.,0.));
#10838=DIRECTION('',(0.,0.,1.));
#10839=DIRECTION('',(1.,0.,0.));
#10840=DIRECTION('',(0.,-1.,0.));
#10841=DIRECTION('',(0.,0.,-1.));
#10842=DIRECTION('',(0.,0.,-1.));
#10843=DIRECTION('',(0.,0.,1.));
#10844=DIRECTION('',(1.,0.,0.));
#10845=DIRECTION('',(0.,0.,1.));
#10846=DIRECTION('',(0.,-1.,0.));
#10847=DIRECTION('',(0.,0.,1.));
#10848=DIRECTION('',(0.,0.131485634577699,-0.991318076048097));
#10849=DIRECTION('',(0.,0.991318076048097,0.131485634577699));
#10850=DIRECTION('',(0.,0.,1.));
#10851=DIRECTION('',(0.678812057877565,-0.727936810855392,0.0965514861703724));
#10852=DIRECTION('',(0.,0.131485634577699,0.991318076048097));
#10853=DIRECTION('',(0.,-0.991318076048097,0.131485634577699));
#10854=DIRECTION('',(-0.639495084272903,-0.76212056412852,0.101085522817164));
#10855=DIRECTION('',(0.,0.131485634577699,0.991318076048097));
#10856=DIRECTION('',(0.,-0.991318076048097,0.131485634577699));
#10857=DIRECTION('',(0.639495084272579,0.762120564128133,-0.101085522822127));
#10858=DIRECTION('',(0.,0.131485634577699,0.991318076048097));
#10859=DIRECTION('',(0.,-0.991318076048097,0.131485634577699));
#10860=DIRECTION('',(-0.67881205787752,0.727936810855344,-0.0965514861710533));
#10861=DIRECTION('',(0.678812057877965,-0.727936810855315,-0.0965514861681328));
#10862=DIRECTION('',(0.,0.,1.));
#10863=DIRECTION('',(0.,0.131485634577699,-0.991318076048097));
#10864=DIRECTION('',(0.,0.991318076048097,0.131485634577699));
#10865=DIRECTION('',(0.,0.,1.));
#10866=DIRECTION('',(-0.639495084272468,-0.762120564128389,-0.101085522820906));
#10867=DIRECTION('',(0.,0.,1.));
#10868=DIRECTION('',(0.,0.131485634577699,-0.991318076048097));
#10869=DIRECTION('',(0.,0.991318076048097,0.131485634577699));
#10870=DIRECTION('',(-0.6788120578776,0.72793681085565,0.096551486168177));
#10871=DIRECTION('',(0.,0.131485634577699,-0.991318076048097));
#10872=DIRECTION('',(0.,0.991318076048097,0.131485634577699));
#10873=DIRECTION('',(0.639495084272467,0.76212056412839,0.101085522820906));
#10874=DIRECTION('',(-1.,0.,0.));
#10875=DIRECTION('',(0.,0.,1.));
#10876=DIRECTION('',(0.,0.,1.));
#10877=DIRECTION('',(0.,0.,-1.));
#10878=DIRECTION('',(-1.,0.,0.));
#10879=DIRECTION('',(0.,0.,1.));
#10880=DIRECTION('',(0.,0.,-1.));
#10881=DIRECTION('',(-1.,0.,0.));
#10882=DIRECTION('',(0.,0.,1.));
#10883=DIRECTION('',(0.,0.,-1.));
#10884=DIRECTION('',(1.,0.,0.));
#10885=DIRECTION('',(0.,0.,-1.));
#10886=DIRECTION('',(0.,0.,-1.));
#10887=DIRECTION('',(1.,0.,0.));
#10888=DIRECTION('',(0.,0.,-1.));
#10889=DIRECTION('',(0.,0.,-1.));
#10890=DIRECTION('',(1.,0.,0.));
#10891=DIRECTION('',(0.,0.,-1.));
#10892=DIRECTION('',(-1.,0.,0.));
#10893=DIRECTION('',(0.,0.,-1.));
#10894=DIRECTION('',(1.,0.,0.));
#10895=DIRECTION('',(0.,0.,-1.));
#10896=DIRECTION('',(-1.,0.,0.));
#10897=DIRECTION('',(0.,0.,-1.));
#10898=DIRECTION('',(-1.,0.,0.));
#10899=DIRECTION('',(0.,0.,-1.));
#10900=DIRECTION('',(1.,0.,0.));
#10901=DIRECTION('',(0.,0.,-1.));
#10902=DIRECTION('',(-1.,0.,0.));
#10903=DIRECTION('',(0.,0.,-1.));
#10904=DIRECTION('',(1.,0.,0.));
#10905=DIRECTION('',(0.,-1.,0.));
#10906=DIRECTION('',(0.,0.,1.));
#10907=DIRECTION('',(1.,0.,0.));
#10908=DIRECTION('',(0.,0.,1.));
#10909=DIRECTION('',(0.,-1.,0.));
#10910=DIRECTION('',(0.,0.,1.));
#10911=DIRECTION('',(0.,-1.,0.));
#10912=DIRECTION('',(0.,0.,1.));
#10913=DIRECTION('',(1.,0.,0.));
#10914=DIRECTION('',(0.,-1.,0.));
#10915=DIRECTION('',(0.,0.,1.));
#10916=DIRECTION('',(0.,-1.,0.));
#10917=DIRECTION('',(0.,0.,1.));
#10918=DIRECTION('',(1.,0.,0.));
#10919=DIRECTION('',(0.,-1.,0.));
#10920=DIRECTION('',(0.,-1.,0.));
#10921=DIRECTION('',(0.,0.,1.));
#10922=DIRECTION('',(1.,0.,0.));
#10923=DIRECTION('',(0.,0.,1.));
#10924=DIRECTION('',(0.,-1.,0.));
#10925=DIRECTION('',(-1.,0.,0.));
#10926=DIRECTION('',(0.,0.,1.));
#10927=DIRECTION('',(-1.,0.,0.));
#10928=DIRECTION('',(-1.,0.,0.));
#10929=DIRECTION('',(0.,0.,1.));
#10930=DIRECTION('',(0.,0.,1.));
#10931=DIRECTION('',(0.,-1.,0.));
#10932=DIRECTION('',(0.,0.,-1.));
#10933=DIRECTION('',(-1.,0.,0.));
#10934=DIRECTION('',(0.,0.,1.));
#10935=DIRECTION('',(-1.,0.,0.));
#10936=DIRECTION('',(-1.,0.,0.));
#10937=DIRECTION('',(0.,0.,1.));
#10938=DIRECTION('',(0.,0.,1.));
#10939=DIRECTION('',(0.,-1.,0.));
#10940=DIRECTION('',(0.,0.,1.));
#10941=DIRECTION('',(-1.,0.,0.));
#10942=DIRECTION('',(-1.,0.,0.));
#10943=DIRECTION('',(-1.,0.,0.));
#10944=DIRECTION('',(0.,0.,1.));
#10945=DIRECTION('',(-1.,0.,0.));
#10946=DIRECTION('',(-1.,0.,0.));
#10947=DIRECTION('',(0.,0.,1.));
#10948=DIRECTION('',(0.,0.,1.));
#10949=DIRECTION('',(0.,-1.,0.));
#10950=DIRECTION('',(0.,0.,-1.));
#10951=DIRECTION('',(-1.,0.,0.));
#10952=DIRECTION('',(0.,0.,1.));
#10953=DIRECTION('',(-1.,0.,0.));
#10954=DIRECTION('',(-1.,0.,0.));
#10955=DIRECTION('',(0.,0.,1.));
#10956=DIRECTION('',(0.,0.,1.));
#10957=DIRECTION('',(0.,-1.,0.));
#10958=DIRECTION('',(0.,0.,1.));
#10959=DIRECTION('',(-1.,0.,0.));
#10960=DIRECTION('',(-1.,0.,0.));
#10961=DIRECTION('',(-1.,0.,0.));
#10962=DIRECTION('',(0.,0.,1.));
#10963=DIRECTION('',(-1.,0.,0.));
#10964=DIRECTION('',(-1.,0.,0.));
#10965=DIRECTION('',(0.,0.,1.));
#10966=DIRECTION('',(0.,0.,1.));
#10967=DIRECTION('',(0.,-1.,0.));
#10968=DIRECTION('',(0.,0.,1.));
#10969=DIRECTION('',(-1.,0.,0.));
#10970=DIRECTION('',(0.,0.,1.));
#10971=DIRECTION('',(-1.,0.,0.));
#10972=DIRECTION('',(-1.,0.,0.));
#10973=DIRECTION('',(0.,0.,1.));
#10974=DIRECTION('',(0.,0.,1.));
#10975=DIRECTION('',(0.,-1.,0.));
#10976=DIRECTION('',(0.,0.,-1.));
#10977=DIRECTION('',(-1.,0.,0.));
#10978=DIRECTION('',(-1.,0.,0.));
#10979=DIRECTION('',(-1.,0.,0.));
#10980=DIRECTION('',(0.,0.,1.));
#10981=DIRECTION('',(-1.,0.,0.));
#10982=DIRECTION('',(-1.,0.,0.));
#10983=DIRECTION('',(0.,0.,1.));
#10984=DIRECTION('',(0.,0.,1.));
#10985=DIRECTION('',(0.,-1.,0.));
#10986=DIRECTION('',(0.,0.,1.));
#10987=DIRECTION('',(-1.,0.,0.));
#10988=DIRECTION('',(0.,0.,1.));
#10989=DIRECTION('',(-1.,0.,0.));
#10990=DIRECTION('',(-1.,0.,0.));
#10991=DIRECTION('',(0.,0.,1.));
#10992=DIRECTION('',(0.,0.,1.));
#10993=DIRECTION('',(0.,-1.,0.));
#10994=DIRECTION('',(0.,0.,-1.));
#10995=DIRECTION('',(-1.,0.,0.));
#10996=DIRECTION('',(-1.,0.,0.));
#10997=DIRECTION('',(1.,0.,0.));
#10998=DIRECTION('',(1.,0.,0.));
#10999=DIRECTION('',(0.,0.,-1.));
#11000=DIRECTION('',(1.,0.,0.));
#11001=DIRECTION('',(0.,1.,0.));
#11002=DIRECTION('',(1.,0.,0.));
#11003=DIRECTION('',(0.,0.,-1.));
#11004=DIRECTION('',(0.,0.,1.));
#11005=DIRECTION('',(1.,0.,0.));
#11006=DIRECTION('',(0.,0.,-1.));
#11007=DIRECTION('',(0.,1.,0.));
#11008=DIRECTION('',(1.,0.,0.));
#11009=DIRECTION('',(0.,0.,-1.));
#11010=DIRECTION('',(0.,0.,1.));
#11011=DIRECTION('',(0.,1.,0.));
#11012=DIRECTION('',(0.,0.,1.));
#11013=DIRECTION('',(0.,-1.,0.));
#11014=DIRECTION('',(0.,0.,1.));
#11015=DIRECTION('',(-0.412629449008899,0.,0.910898972340299));
#11016=DIRECTION('',(0.,0.,1.));
#11017=DIRECTION('',(1.,0.,0.));
#11018=DIRECTION('',(-0.412629449008252,0.,0.910898972340592));
#11019=DIRECTION('',(0.,-1.,0.));
#11020=DIRECTION('',(0.,0.,1.));
#11021=DIRECTION('',(0.,-1.,0.));
#11022=DIRECTION('',(-1.,0.,0.));
#11023=DIRECTION('',(1.,0.,0.));
#11024=DIRECTION('',(1.,0.,0.));
#11025=DIRECTION('',(1.,0.,0.));
#11026=DIRECTION('',(1.,0.,0.));
#11027=DIRECTION('',(1.,0.,0.));
#11028=DIRECTION('',(1.,0.,0.));
#11029=DIRECTION('',(0.,0.,1.));
#11030=DIRECTION('',(1.,0.,0.));
#11031=DIRECTION('',(0.0942312778815386,0.703960391736926,0.703960391736926));
#11032=DIRECTION('',(0.991159541580869,0.,-0.132675405155596));
#11033=DIRECTION('',(0.132675405155596,0.,0.991159541580869));
#11034=DIRECTION('',(0.991159541580869,0.,-0.132675405155596));
#11035=DIRECTION('',(0.132675405155596,0.,0.991159541580869));
#11036=DIRECTION('',(-0.132658774471938,0.0158329276753571,-0.991035301064917));
#11037=DIRECTION('',(0.,1.,0.));
#11038=DIRECTION('',(-0.132658774471961,0.015832927675515,-0.991035301064911));
#11039=DIRECTION('',(0.991159541580869,0.,-0.132675405155596));
#11040=DIRECTION('',(0.132675405155596,0.,0.991159541580869));
#11041=DIRECTION('',(0.991159541580869,0.,-0.132675405155596));
#11042=DIRECTION('',(0.132675405155596,0.,0.991159541580869));
#11043=DIRECTION('',(-0.0942312778816773,-0.703960391736916,-0.703960391736917));
#11044=DIRECTION('',(0.094231277881094,-0.703960391736956,0.703960391736956));
#11045=DIRECTION('',(0.,0.,1.));
#11046=DIRECTION('',(1.,0.,0.));
#11047=DIRECTION('',(0.0942312778809486,-0.703960391737972,-0.703960391735959));
#11048=DIRECTION('',(-0.991159541580869,0.,-0.132675405155596));
#11049=DIRECTION('',(0.132675405155596,0.,-0.991159541580869));
#11050=DIRECTION('',(-0.991159541580869,0.,-0.132675405155596));
#11051=DIRECTION('',(0.132675405155596,0.,-0.991159541580869));
#11052=DIRECTION('',(0.132658774471938,0.0158329276754531,-0.991035301064915));
#11053=DIRECTION('',(0.,1.,0.));
#11054=DIRECTION('',(0.132658774471929,0.0158329276755151,-0.991035301064916));
#11055=DIRECTION('',(-0.991159541580869,0.,-0.132675405155596));
#11056=DIRECTION('',(0.132675405155596,0.,-0.991159541580869));
#11057=DIRECTION('',(-0.991159541580869,0.,-0.132675405155596));
#11058=DIRECTION('',(0.132675405155596,0.,-0.991159541580869));
#11059=DIRECTION('',(-0.0942312778810857,0.703960391736928,0.703960391736984));
#11060=DIRECTION('',(0.094231277881094,0.703960391736956,-0.703960391736956));
#11061=DIRECTION('',(0.,0.,1.));
#11062=DIRECTION('',(1.,0.,0.));
#11063=DIRECTION('',(1.,0.,0.));
#11064=DIRECTION('',(0.991159541580869,0.,-0.132675405155596));
#11065=DIRECTION('',(0.132675405155596,0.,0.991159541580869));
#11066=DIRECTION('',(1.,0.,0.));
#11067=DIRECTION('',(-0.991159541580869,0.,-0.132675405155596));
#11068=DIRECTION('',(0.132675405155596,0.,-0.991159541580869));
#11069=DIRECTION('',(0.,0.,1.));
#11070=DIRECTION('',(1.,0.,0.));
#11071=DIRECTION('',(0.0942312778809474,-0.703960391737974,-0.703960391735957));
#11072=DIRECTION('',(-0.991159541580869,0.,-0.132675405155596));
#11073=DIRECTION('',(0.132675405155596,0.,-0.991159541580869));
#11074=DIRECTION('',(-0.991159541580869,0.,-0.132675405155596));
#11075=DIRECTION('',(0.132675405155596,0.,-0.991159541580869));
#11076=DIRECTION('',(0.132658774471938,0.0158329276754531,-0.991035301064915));
#11077=DIRECTION('',(0.,1.,0.));
#11078=DIRECTION('',(0.132658774471929,0.0158329276755151,-0.991035301064916));
#11079=DIRECTION('',(-0.991159541580869,0.,-0.132675405155596));
#11080=DIRECTION('',(0.132675405155596,0.,-0.991159541580869));
#11081=DIRECTION('',(-0.991159541580869,0.,-0.132675405155596));
#11082=DIRECTION('',(0.132675405155596,0.,-0.991159541580869));
#11083=DIRECTION('',(-0.0942312778810855,0.70396039173693,0.703960391736982));
#11084=DIRECTION('',(0.094231277881094,0.703960391736956,-0.703960391736956));
#11085=DIRECTION('',(0.,0.,1.));
#11086=DIRECTION('',(1.,0.,0.));
#11087=DIRECTION('',(1.,0.,0.));
#11088=DIRECTION('',(0.991159541580869,0.,-0.132675405155596));
#11089=DIRECTION('',(0.132675405155596,0.,0.991159541580869));
#11090=DIRECTION('',(1.,0.,0.));
#11091=DIRECTION('',(-0.991159541580869,0.,-0.132675405155596));
#11092=DIRECTION('',(0.132675405155596,0.,-0.991159541580869));
#11093=DIRECTION('',(0.,0.,1.));
#11094=DIRECTION('',(1.,0.,0.));
#11095=DIRECTION('',(0.0942312778815368,0.703960391736926,0.703960391736926));
#11096=DIRECTION('',(0.991159541580869,0.,-0.132675405155596));
#11097=DIRECTION('',(0.132675405155596,0.,0.991159541580869));
#11098=DIRECTION('',(0.991159541580869,0.,-0.132675405155596));
#11099=DIRECTION('',(0.132675405155596,0.,0.991159541580869));
#11100=DIRECTION('',(-0.132658774471938,0.0158329276753571,-0.991035301064917));
#11101=DIRECTION('',(0.,1.,0.));
#11102=DIRECTION('',(-0.132658774471961,0.015832927675515,-0.991035301064911));
#11103=DIRECTION('',(0.991159541580869,0.,-0.132675405155596));
#11104=DIRECTION('',(0.132675405155596,0.,0.991159541580869));
#11105=DIRECTION('',(0.991159541580869,0.,-0.132675405155596));
#11106=DIRECTION('',(0.132675405155596,0.,0.991159541580869));
#11107=DIRECTION('',(-0.0942312778816764,-0.703960391736916,-0.703960391736917));
#11108=DIRECTION('',(0.094231277881094,-0.703960391736956,0.703960391736956));
#11109=DIRECTION('',(0.,0.,1.));
#11110=DIRECTION('',(1.,0.,0.));
#11111=DIRECTION('',(1.,0.,0.));
#11112=DIRECTION('',(0.,0.,-1.));
#11113=DIRECTION('',(1.,0.,0.));
#11114=DIRECTION('',(0.,0.,1.));
#11115=CARTESIAN_POINT('',(0.,0.,0.));
#11116=CARTESIAN_POINT('',(-0.0035204375,-0.00103,-0.00887175));
#11117=CARTESIAN_POINT('',(-0.0034283125,-0.00103,-0.00887175));
#11118=CARTESIAN_POINT('',(-0.0035204375,-0.00103,-0.00905325));
#11119=CARTESIAN_POINT('',(-0.0034283125,-0.00103,-0.00905325));
#11120=CARTESIAN_POINT('',(-0.006565,-0.00103,-0.00888));
#11121=CARTESIAN_POINT('',(-0.0034325,-0.00103,-0.00888));
#11122=CARTESIAN_POINT('',(-0.00351625,-0.00103,-0.00888));
#11123=CARTESIAN_POINT('',(-0.0034325,-0.00103,-0.008878));
#11124=CARTESIAN_POINT('',(-0.0034325,-0.00103,-0.009045));
#11125=CARTESIAN_POINT('',(-0.006565,-0.00103,-0.009045));
#11126=CARTESIAN_POINT('',(-0.00351625,-0.00103,-0.009045));
#11127=CARTESIAN_POINT('',(-0.00351625,-0.00103,-0.008878));
#11128=CARTESIAN_POINT('',(-0.0036041875,-0.00113477658325435,-0.00905325));
#11129=CARTESIAN_POINT('',(-0.0036041875,-0.00113477658325435,-0.00887175));
#11130=CARTESIAN_POINT('',(-0.0035120625,-0.00102501063889265,-0.00905325));
#11131=CARTESIAN_POINT('',(-0.0035120625,-0.00102501063889265,-0.00887175));
#11132=CARTESIAN_POINT('',(-0.00351625,-0.00103,-0.00888));
#11133=CARTESIAN_POINT('',(-0.0036,-0.001129787222147,-0.00888));
#11134=CARTESIAN_POINT('',(-0.00351625,-0.00103,-0.009045));
#11135=CARTESIAN_POINT('',(-0.0036,-0.001129787222147,-0.009045));
#11136=CARTESIAN_POINT('',(-0.0036,-0.001129787222147,-0.008878));
#11137=CARTESIAN_POINT('',(-0.0036,-0.0012495319306556,-0.00887175));
#11138=CARTESIAN_POINT('',(-0.0036,-0.0011240850931704,-0.00887175));
#11139=CARTESIAN_POINT('',(-0.0036,-0.0012495319306556,-0.00905325));
#11140=CARTESIAN_POINT('',(-0.0036,-0.0011240850931704,-0.00905325));
#11141=CARTESIAN_POINT('',(-0.0036,0.,-0.00888));
#11142=CARTESIAN_POINT('',(-0.0036,-0.001243829801679,-0.00888));
#11143=CARTESIAN_POINT('',(-0.0036,0.,-0.009045));
#11144=CARTESIAN_POINT('',(-0.0036,-0.001243829801679,-0.009045));
#11145=CARTESIAN_POINT('',(-0.0036,-0.001243829801679,-0.008878));
#11146=CARTESIAN_POINT('',(-0.00351206249999999,-0.00113905317649289,-0.00905325));
#11147=CARTESIAN_POINT('',(-0.00351206249999999,-0.00113905317649289,-0.00887175));
#11148=CARTESIAN_POINT('',(-0.0036041875,-0.0012488191647831,-0.00905325));
#11149=CARTESIAN_POINT('',(-0.0036041875,-0.0012488191647831,-0.00887175));
#11150=CARTESIAN_POINT('',(-0.0036,-0.001243829801679,-0.00888));
#11151=CARTESIAN_POINT('',(-0.00351625,-0.00114404253959698,-0.00888));
#11152=CARTESIAN_POINT('',(-0.0036,-0.001243829801679,-0.009045));
#11153=CARTESIAN_POINT('',(-0.00351625,-0.00114404253959698,-0.009045));
#11154=CARTESIAN_POINT('',(-0.00351625,-0.00114404253959698,-0.008878));
#11155=CARTESIAN_POINT('',(-0.00351625,-0.00172779787302015,-0.00887175));
#11156=CARTESIAN_POINT('',(-0.00351625,-0.00111624466657683,-0.00887175));
#11157=CARTESIAN_POINT('',(-0.00351625,-0.00172779787302015,-0.00905325));
#11158=CARTESIAN_POINT('',(-0.00351625,-0.00111624466657683,-0.00905325));
#11159=CARTESIAN_POINT('',(-0.00351625,0.,-0.00888));
#11160=CARTESIAN_POINT('',(-0.00351625,-0.0017,-0.00888));
#11161=CARTESIAN_POINT('',(-0.00351625,0.,-0.009045));
#11162=CARTESIAN_POINT('',(-0.00351625,-0.0017,-0.009045));
#11163=CARTESIAN_POINT('',(-0.00351625,-0.0017,-0.008878));
#11164=CARTESIAN_POINT('',(-0.0035204375,-0.0017,-0.00905325));
#11165=CARTESIAN_POINT('',(-0.0034283125,-0.0017,-0.00905325));
#11166=CARTESIAN_POINT('',(-0.0035204375,-0.0017,-0.00887175));
#11167=CARTESIAN_POINT('',(-0.0034283125,-0.0017,-0.00887175));
#11168=CARTESIAN_POINT('',(-0.006565,-0.0017,-0.00888));
#11169=CARTESIAN_POINT('',(-0.0034325,-0.0017,-0.00888));
#11170=CARTESIAN_POINT('',(-0.006565,-0.0017,-0.009045));
#11171=CARTESIAN_POINT('',(-0.0034325,-0.0017,-0.009045));
#11172=CARTESIAN_POINT('',(-0.0034325,-0.0017,-0.008878));
#11173=CARTESIAN_POINT('',(-0.0034325,-0.0017335,-0.00905325));
#11174=CARTESIAN_POINT('',(-0.0034325,-0.0009965,-0.00905325));
#11175=CARTESIAN_POINT('',(-0.0034325,-0.0017335,-0.00887175));
#11176=CARTESIAN_POINT('',(-0.0034325,-0.0009965,-0.00887175));
#11177=CARTESIAN_POINT('',(-0.0034325,0.,-0.00888));
#11178=CARTESIAN_POINT('',(-0.0034325,0.,-0.009045));
#11179=CARTESIAN_POINT('',(-0.003608375,-0.0017335,-0.009045));
#11180=CARTESIAN_POINT('',(-0.003608375,-0.0009965,-0.009045));
#11181=CARTESIAN_POINT('',(-0.003424125,-0.0017335,-0.009045));
#11182=CARTESIAN_POINT('',(-0.003424125,-0.0009965,-0.009045));
#11183=CARTESIAN_POINT('',(-0.003608375,-0.0009965,-0.00888));
#11184=CARTESIAN_POINT('',(-0.003424125,-0.0009965,-0.00888));
#11185=CARTESIAN_POINT('',(-0.003608375,-0.0017335,-0.00888));
#11186=CARTESIAN_POINT('',(-0.003424125,-0.0017335,-0.00888));
#11187=CARTESIAN_POINT('',(0.,0.,0.));
#11188=CARTESIAN_POINT('',(-0.0061677,0.00364725,0.));
#11189=CARTESIAN_POINT('',(0.0061677,0.00364725,0.));
#11190=CARTESIAN_POINT('',(-0.0061677,0.00315775,0.));
#11191=CARTESIAN_POINT('',(0.0061677,0.00315775,0.));
#11192=CARTESIAN_POINT('',(-0.006565,0.003625,-7.04731412115578E-19));
#11193=CARTESIAN_POINT('',(-0.005307,0.003625,-3.52365706057789E-19));
#11194=CARTESIAN_POINT('',(0.005307,0.003625,-3.52365706057789E-19));
#11195=CARTESIAN_POINT('',(-0.005307,0.003325,0.));
#11196=CARTESIAN_POINT('',(-0.005607,0.003325,0.));
#11197=CARTESIAN_POINT('',(-0.005607,0.003625,0.));
#11198=CARTESIAN_POINT('',(-0.005607,0.00318,0.));
#11199=CARTESIAN_POINT('',(-0.006565,0.00318,0.));
#11200=CARTESIAN_POINT('',(0.005607,0.00318,0.));
#11201=CARTESIAN_POINT('',(0.005607,0.003625,0.));
#11202=CARTESIAN_POINT('',(0.005607,0.003325,0.));
#11203=CARTESIAN_POINT('',(0.005307,0.003325,0.));
#11204=CARTESIAN_POINT('',(0.00525078560562428,0.00361968617521861,1.58999999999992E-5));
#11205=CARTESIAN_POINT('',(0.00525078560562428,0.00361968617521861,-0.000333899999999998));
#11206=CARTESIAN_POINT('',(0.00548026778763854,0.0036634622426652,1.58999999999992E-5));
#11207=CARTESIAN_POINT('',(0.00548026778763854,0.0036634622426652,-0.000333899999999998));
#11208=CARTESIAN_POINT('',(0.0056454622426652,0.00349826778763854,1.58999999999992E-5));
#11209=CARTESIAN_POINT('',(0.0056454622426652,0.00349826778763854,-0.000333899999999998));
#11210=CARTESIAN_POINT('',(0.00560168617521861,0.00326878560562428,1.58999999999992E-5));
#11211=CARTESIAN_POINT('',(0.00560168617521861,0.00326878560562428,-0.000333899999999998));
#11212=CARTESIAN_POINT('',(0.005307,0.003625,-0.000318));
#11213=CARTESIAN_POINT('',(0.005307,0.003625,-0.000318));
#11214=CARTESIAN_POINT('',(0.005607,0.003325,0.0182504));
#11215=CARTESIAN_POINT('',(0.005607,0.003325,-0.000318));
#11216=CARTESIAN_POINT('',(0.005307,0.003325,-0.000318));
#11217=CARTESIAN_POINT('',(-0.0061677,0.00315775,-0.000318));
#11218=CARTESIAN_POINT('',(0.0061677,0.00315775,-0.000318));
#11219=CARTESIAN_POINT('',(-0.0061677,0.00364725,-0.000318));
#11220=CARTESIAN_POINT('',(0.0061677,0.00364725,-0.000318));
#11221=CARTESIAN_POINT('',(0.005607,0.003625,-0.000318));
#11222=CARTESIAN_POINT('',(0.005607,0.00318,-0.000318));
#11223=CARTESIAN_POINT('',(-0.006565,0.00318,-0.000318));
#11224=CARTESIAN_POINT('',(-0.005607,0.00318,-0.000318));
#11225=CARTESIAN_POINT('',(-0.005607,0.00318,-0.000318));
#11226=CARTESIAN_POINT('',(-0.005607,0.003325,-0.000318));
#11227=CARTESIAN_POINT('',(-0.005307,0.003325,-0.000318));
#11228=CARTESIAN_POINT('',(-0.005307,0.003625,-0.000318));
#11229=CARTESIAN_POINT('',(-0.006565,0.003625,-0.000318));
#11230=CARTESIAN_POINT('',(-0.0058377,0.003625,-0.0003339));
#11231=CARTESIAN_POINT('',(0.0058377,0.003625,-0.0003339));
#11232=CARTESIAN_POINT('',(-0.0058377,0.003625,1.58999999999996E-5));
#11233=CARTESIAN_POINT('',(0.0058377,0.003625,1.58999999999996E-5));
#11234=CARTESIAN_POINT('',(-0.005307,0.003625,-0.000318));
#11235=CARTESIAN_POINT('',(-0.00525078560562428,0.00361968617521861,-0.000333899999999998));
#11236=CARTESIAN_POINT('',(-0.00525078560562428,0.00361968617521861,1.58999999999992E-5));
#11237=CARTESIAN_POINT('',(-0.00548026778763854,0.0036634622426652,-0.000333899999999998));
#11238=CARTESIAN_POINT('',(-0.00548026778763854,0.0036634622426652,1.58999999999992E-5));
#11239=CARTESIAN_POINT('',(-0.0056454622426652,0.00349826778763854,-0.000333899999999998));
#11240=CARTESIAN_POINT('',(-0.0056454622426652,0.00349826778763854,1.58999999999992E-5));
#11241=CARTESIAN_POINT('',(-0.00560168617521861,0.00326878560562428,-0.000333899999999998));
#11242=CARTESIAN_POINT('',(-0.00560168617521861,0.00326878560562428,1.58999999999992E-5));
#11243=CARTESIAN_POINT('',(-0.005607,0.003325,-0.0322504));
#11244=CARTESIAN_POINT('',(-0.005607,0.00259870248710598,-0.000336000000000018));
#11245=CARTESIAN_POINT('',(-0.005607,0.00259870248710598,1.60000000000009E-5));
#11246=CARTESIAN_POINT('',(-0.005607,0.0033595855958521,-0.000336000000000018));
#11247=CARTESIAN_POINT('',(-0.005607,0.0033595855958521,1.60000000000009E-5));
#11248=CARTESIAN_POINT('',(-0.005607,0.00318,-0.00062));
#11249=CARTESIAN_POINT('',(-0.005607,0.00314530129685405,-0.000320000000000018));
#11250=CARTESIAN_POINT('',(-0.005607,0.00256,-0.000320000000000012));
#11251=CARTESIAN_POINT('',(-0.005607,0.00263741360134998,-0.00032));
#11252=CARTESIAN_POINT('',(-0.005607,0.00318,-0.00062));
#11253=CARTESIAN_POINT('',(-0.0065756724,0.00329617641504315,-1.0981904548213E-5));
#11254=CARTESIAN_POINT('',(0.0065756724,0.00329617641504315,-1.0981904548213E-5));
#11255=CARTESIAN_POINT('',(-0.0065756724,0.00282191323888035,7.94886348414219E-5));
#11256=CARTESIAN_POINT('',(0.0065756724,0.00282191323888035,7.94886348414219E-5));
#11257=CARTESIAN_POINT('',(-0.0065756724,0.00248051136515858,-0.000261913238880352));
#11258=CARTESIAN_POINT('',(0.0065756724,0.00248051136515858,-0.000261913238880352));
#11259=CARTESIAN_POINT('',(-0.0065756724,0.00257098190454821,-0.000736176415043149));
#11260=CARTESIAN_POINT('',(0.0065756724,0.00257098190454821,-0.000736176415043149));
#11261=CARTESIAN_POINT('',(-0.005607,0.00263741360134998,-0.000319999999999999));
#11262=CARTESIAN_POINT('',(-0.005607,0.00255872628325584,-0.000462315561813761));
#11263=CARTESIAN_POINT('',(-0.00574497999779496,0.00256,-0.00062));
#11264=CARTESIAN_POINT('',(-0.005907,0.00256,-0.00062));
#11265=CARTESIAN_POINT('',(-0.005907,0.00256,-0.00062));
#11266=CARTESIAN_POINT('',(-0.006565,0.00256,-0.00062));
#11267=CARTESIAN_POINT('',(0.005907,0.00256,-0.00062));
#11268=CARTESIAN_POINT('',(0.005907,0.00256,-0.00062));
#11269=CARTESIAN_POINT('',(0.00574423719267083,0.00256,-0.000619999999999999));
#11270=CARTESIAN_POINT('',(0.005607,0.0025590328492681,-0.000461761099985281));
#11271=CARTESIAN_POINT('',(0.005607,0.00263741360134998,-0.000319999999999999));
#11272=CARTESIAN_POINT('',(0.005607,0.00263741360134998,-0.00032));
#11273=CARTESIAN_POINT('',(0.005607,0.00318,-0.00062));
#11274=CARTESIAN_POINT('',(0.005607,0.0033595855958521,-0.00033600000000001));
#11275=CARTESIAN_POINT('',(0.005607,0.0033595855958521,1.60000000000005E-5));
#11276=CARTESIAN_POINT('',(0.005607,0.00259870248710598,-0.00033600000000001));
#11277=CARTESIAN_POINT('',(0.005607,0.00259870248710598,1.60000000000005E-5));
#11278=CARTESIAN_POINT('',(0.005607,0.003625,-0.000319999999999995));
#11279=CARTESIAN_POINT('',(0.005607,0.00314530129685412,-0.00032000000000001));
#11280=CARTESIAN_POINT('',(0.005607,0.00318,-0.00062));
#11281=CARTESIAN_POINT('',(-0.0065756724,0.00323658915700489,-0.000323349250279936));
#11282=CARTESIAN_POINT('',(0.0065756724,0.00323658915700489,-0.000323349250279936));
#11283=CARTESIAN_POINT('',(-0.0065756724,0.0030055770937772,-0.000279281342383695));
#11284=CARTESIAN_POINT('',(0.0065756724,0.0030055770937772,-0.000279281342383695));
#11285=CARTESIAN_POINT('',(-0.0065756724,0.00283928134238369,-0.000445577093777203));
#11286=CARTESIAN_POINT('',(0.0065756724,0.00283928134238369,-0.000445577093777203));
#11287=CARTESIAN_POINT('',(-0.0065756724,0.00288334925027994,-0.000676589157004888));
#11288=CARTESIAN_POINT('',(0.0065756724,0.00288334925027994,-0.000676589157004888));
#11289=CARTESIAN_POINT('',(-0.00590699999999999,0.002878,-0.00062));
#11290=CARTESIAN_POINT('',(-0.00580483271908028,0.002878,-0.000619999999999997));
#11291=CARTESIAN_POINT('',(-0.00560369196965689,0.00286078932476275,-0.000489141144732254));
#11292=CARTESIAN_POINT('',(-0.005607,0.00304494830346932,-0.000331607062424231));
#11293=CARTESIAN_POINT('',(-0.005607,0.00314530129685405,-0.000320000000000017));
#11294=CARTESIAN_POINT('',(-0.005907,0.002878,-0.00062));
#11295=CARTESIAN_POINT('',(0.005607,0.00314530129685412,-0.000320000000000009));
#11296=CARTESIAN_POINT('',(0.005607,0.00304382492811655,-0.000331736994650498));
#11297=CARTESIAN_POINT('',(0.00560237281135606,0.00286193425181066,-0.00048793890801074));
#11298=CARTESIAN_POINT('',(0.00580600932929292,0.002878,-0.00062));
#11299=CARTESIAN_POINT('',(0.005907,0.002878,-0.00062));
#11300=CARTESIAN_POINT('',(0.005907,0.002878,-0.00062));
#11301=CARTESIAN_POINT('',(-0.006565,0.002878,-0.00062));
#11302=CARTESIAN_POINT('',(-0.0065197,0.002878,-0.014669));
#11303=CARTESIAN_POINT('',(0.0065197,0.002878,-0.014669));
#11304=CARTESIAN_POINT('',(-0.0065197,0.002878,4.89999999999987E-5));
#11305=CARTESIAN_POINT('',(0.0065197,0.002878,4.89999999999987E-5));
#11306=CARTESIAN_POINT('',(-0.006565,0.002878,-0.00062));
#11307=CARTESIAN_POINT('',(0.005927,0.002878,-0.00062));
#11308=CARTESIAN_POINT('',(0.005927,0.002878,-0.01400320533733));
#11309=CARTESIAN_POINT('',(0.005927,0.002878,-0.014));
#11310=CARTESIAN_POINT('',(-0.006565,0.002878,-0.014));
#11311=CARTESIAN_POINT('',(-0.005927,0.002878,-0.014));
#11312=CARTESIAN_POINT('',(-0.005927,0.002878,-0.0006165056333941));
#11313=CARTESIAN_POINT('',(-0.005927,0.002878,-0.00062));
#11314=CARTESIAN_POINT('',(-0.006565,0.002878,-0.00062));
#11315=CARTESIAN_POINT('',(-0.003,0.002878,-0.001683567723681));
#11316=CARTESIAN_POINT('',(-0.0038955797707901,0.002878,-0.001563686509856));
#11317=CARTESIAN_POINT('',(-0.003,0.002878,-0.0007800000000005));
#11318=CARTESIAN_POINT('',(-0.00389557977079022,0.002878,-0.00156368650985608));
#11319=CARTESIAN_POINT('',(-0.0047165550181658,0.002878,-0.00769683114871102));
#11320=CARTESIAN_POINT('',(-0.004468765132771,0.002878,-0.00773));
#11321=CARTESIAN_POINT('',(-0.004468765132771,0.002878,-0.00797999999999939));
#11322=CARTESIAN_POINT('',(-0.006565,0.002878,-0.00797999999999878));
#11323=CARTESIAN_POINT('',(-0.001531234867229,0.002878,-0.00797999999999939));
#11324=CARTESIAN_POINT('',(-0.001531234867229,0.002878,-0.00773));
#11325=CARTESIAN_POINT('',(-0.00128344498183418,0.002878,-0.00769683114871108));
#11326=CARTESIAN_POINT('',(-0.0012834449818339,0.002878,-0.00769683114871099));
#11327=CARTESIAN_POINT('',(-0.00210442022920969,0.002878,-0.00156368650985605));
#11328=CARTESIAN_POINT('',(-0.003,0.002878,-0.001683567723681));
#11329=CARTESIAN_POINT('',(0.003,0.002878,-0.001683567723681));
#11330=CARTESIAN_POINT('',(0.00210442022920941,0.002878,-0.001563686509856));
#11331=CARTESIAN_POINT('',(0.003,0.002878,-0.0007800000000005));
#11332=CARTESIAN_POINT('',(0.00210442022920978,0.002878,-0.00156368650985608));
#11333=CARTESIAN_POINT('',(0.0012834449818337,0.002878,-0.00769683114871102));
#11334=CARTESIAN_POINT('',(0.001531234867229,0.002878,-0.00773));
#11335=CARTESIAN_POINT('',(0.001531234867229,0.002878,-0.00798));
#11336=CARTESIAN_POINT('',(-0.006565,0.002878,-0.00798));
#11337=CARTESIAN_POINT('',(0.004468765132771,0.002878,-0.00798));
#11338=CARTESIAN_POINT('',(0.004468765132771,0.002878,-0.00773));
#11339=CARTESIAN_POINT('',(0.00471655501816582,0.002878,-0.00769683114871108));
#11340=CARTESIAN_POINT('',(0.0047165550181661,0.002878,-0.00769683114871099));
#11341=CARTESIAN_POINT('',(0.00389557977079031,0.002878,-0.00156368650985605));
#11342=CARTESIAN_POINT('',(0.003,0.002878,-0.001683567723681));
#11343=CARTESIAN_POINT('',(0.00385453100842124,0.0025441,-0.00125702927791333));
#11344=CARTESIAN_POINT('',(0.00385453100842124,0.0028939,-0.00125702927791333));
#11345=CARTESIAN_POINT('',(0.00475760378053431,0.0025441,-0.00800348838065388));
#11346=CARTESIAN_POINT('',(0.00475760378053431,0.0028939,-0.00800348838065388));
#11347=CARTESIAN_POINT('',(0.00389557977079,0.00256,-0.001563686509856));
#11348=CARTESIAN_POINT('',(0.00471655501816553,0.00256,-0.00769683114871113));
#11349=CARTESIAN_POINT('',(0.00389557977079022,0.00256,-0.00156368650985608));
#11350=CARTESIAN_POINT('',(0.00389557977079041,0.002878,-0.00156368650985595));
#11351=CARTESIAN_POINT('',(0.00471655501816553,0.002878,-0.00769683114871107));
#11352=CARTESIAN_POINT('',(0.0047165550181662,0.00255460708849063,-0.00769683114871098));
#11353=CARTESIAN_POINT('',(0.0047165550181662,0.002878,-0.00769683114871098));
#11354=CARTESIAN_POINT('',(0.00478289272074425,0.00255460708849063,-0.00819241091950149));
#11355=CARTESIAN_POINT('',(0.00478289272074425,0.002878,-0.00819241091950149));
#11356=CARTESIAN_POINT('',(0.00428731294995374,0.00255460708849063,-0.00825874862207949));
#11357=CARTESIAN_POINT('',(0.00428731294995374,0.002878,-0.00825874862207949));
#11358=CARTESIAN_POINT('',(0.00422097524737579,0.00255460708849063,-0.00776316885128896));
#11359=CARTESIAN_POINT('',(0.00422097524737579,0.002878,-0.00776316885128896));
#11360=CARTESIAN_POINT('',(0.004468765132771,0.00287400596273954,-0.00773));
#11361=CARTESIAN_POINT('',(0.00422097524737575,0.00287453587325129,-0.00776316885128897));
#11362=CARTESIAN_POINT('',(0.00422097524737572,0.0044007,-0.00776316885128904));
#11363=CARTESIAN_POINT('',(0.00422097524737575,0.00255653587325112,-0.00776316885128897));
#11364=CARTESIAN_POINT('',(0.004468765132771,0.0025560059627395,-0.00773));
#11365=CARTESIAN_POINT('',(0.004468765132771,0.00256,-0.00798));
#11366=CARTESIAN_POINT('',(0.004468765132771,0.00256,-0.00773));
#11367=CARTESIAN_POINT('',(-0.0065197,0.00256,-0.000207));
#11368=CARTESIAN_POINT('',(0.0065197,0.00256,-0.000207));
#11369=CARTESIAN_POINT('',(-0.0065197,0.00256,-0.009293));
#11370=CARTESIAN_POINT('',(0.0065197,0.00256,-0.009293));
#11371=CARTESIAN_POINT('',(0.,0.00256,-0.00062));
#11372=CARTESIAN_POINT('',(-0.005927,0.00256,-0.00062));
#11373=CARTESIAN_POINT('',(-0.005927,0.00256,-0.008883205337325));
#11374=CARTESIAN_POINT('',(-0.005927,0.00256,-0.00888));
#11375=CARTESIAN_POINT('',(-0.006565,0.00256,-0.00888));
#11376=CARTESIAN_POINT('',(0.005927,0.00256,-0.00888));
#11377=CARTESIAN_POINT('',(0.005927,0.00256,-0.0006165056333941));
#11378=CARTESIAN_POINT('',(0.005927,0.00256,-0.00062));
#11379=CARTESIAN_POINT('',(0.,0.00256,-0.00062));
#11380=CARTESIAN_POINT('',(-0.004468765132771,0.00256,-0.00773));
#11381=CARTESIAN_POINT('',(-0.004468765132771,0.00256,-0.00798));
#11382=CARTESIAN_POINT('',(-0.00471655501816551,0.00256,-0.00769683114871106));
#11383=CARTESIAN_POINT('',(-0.0047544596546,0.00256,-0.00798));
#11384=CARTESIAN_POINT('',(-0.00389557977078998,0.00256,-0.00156368650985605));
#11385=CARTESIAN_POINT('',(-0.003,0.00256,-0.001683567723681));
#11386=CARTESIAN_POINT('',(-0.003,0.00256,-0.0007800000000005));
#11387=CARTESIAN_POINT('',(-0.003,0.00256,-0.001683567723681));
#11388=CARTESIAN_POINT('',(-0.00210442022920978,0.00256,-0.00156368650985608));
#11389=CARTESIAN_POINT('',(-0.00210442022921,0.00256,-0.001563686509856));
#11390=CARTESIAN_POINT('',(-0.00128344498183447,0.00256,-0.00769683114871113));
#11391=CARTESIAN_POINT('',(-0.001531234867229,0.00256,-0.00773));
#11392=CARTESIAN_POINT('',(-0.001531234867229,0.00256,-0.00798));
#11393=CARTESIAN_POINT('',(-0.006565,0.00256,-0.00798));
#11394=CARTESIAN_POINT('',(0.001531234867229,0.00256,-0.00773));
#11395=CARTESIAN_POINT('',(0.001531234867229,0.00256,-0.00798));
#11396=CARTESIAN_POINT('',(0.0012834449818335,0.00256,-0.007696831148711));
#11397=CARTESIAN_POINT('',(0.001245540345399,0.00256,-0.00798));
#11398=CARTESIAN_POINT('',(0.00210442022920903,0.00256,-0.00156368650985598));
#11399=CARTESIAN_POINT('',(0.003,0.00256,-0.001683567723681));
#11400=CARTESIAN_POINT('',(0.003,0.00256,-0.0007800000000005));
#11401=CARTESIAN_POINT('',(0.003,0.00256,-0.001683567723681));
#11402=CARTESIAN_POINT('',(-0.006565,0.00256,-0.00798));
#11403=CARTESIAN_POINT('',(0.00136497065419932,0.00249247892609126,-0.00375363269884591));
#11404=CARTESIAN_POINT('',(0.00463502934580068,0.00249247892609126,-0.00375363269884591));
#11405=CARTESIAN_POINT('',(0.00136497065419932,0.0025632152892337,-0.00818125558576924));
#11406=CARTESIAN_POINT('',(0.00463502934580068,0.0025632152892337,-0.00818125558576924));
#11407=CARTESIAN_POINT('',(0.00371120346399181,0.002495694215325,-0.00395488828461503));
#11408=CARTESIAN_POINT('',(0.00371120346399183,0.00249569421532481,-0.00395488828461516));
#11409=CARTESIAN_POINT('',(0.00175,0.00249569421532475,-0.00395488828461501));
#11410=CARTESIAN_POINT('',(0.00228879653600811,0.00249569421532481,-0.00395488828461515));
#11411=CARTESIAN_POINT('',(0.002288796536008,0.002495694215325,-0.003954888284615));
#11412=CARTESIAN_POINT('',(0.00177902475262428,0.00255653587325124,-0.00776316885128898));
#11413=CARTESIAN_POINT('',(0.001531234867229,0.0025560059627395,-0.00773));
#11414=CARTESIAN_POINT('',(0.00177902475262421,0.00255460708849075,-0.00776316885128896));
#11415=CARTESIAN_POINT('',(0.00177902475262421,0.002878,-0.00776316885128896));
#11416=CARTESIAN_POINT('',(0.00171268705004627,0.00255460708849075,-0.00825874862207952));
#11417=CARTESIAN_POINT('',(0.00171268705004627,0.002878,-0.00825874862207952));
#11418=CARTESIAN_POINT('',(0.00121710727925572,0.00255460708849075,-0.00819241091950151));
#11419=CARTESIAN_POINT('',(0.00121710727925572,0.002878,-0.00819241091950151));
#11420=CARTESIAN_POINT('',(0.0012834449818338,0.00255460708849075,-0.00769683114871097));
#11421=CARTESIAN_POINT('',(0.0012834449818338,0.002878,-0.00769683114871097));
#11422=CARTESIAN_POINT('',(0.00128344498183351,0.002878,-0.00769683114871093));
#11423=CARTESIAN_POINT('',(0.00177902475262434,0.0044007,-0.00776316885128905));
#11424=CARTESIAN_POINT('',(0.00177902475262428,0.00287453587325114,-0.00776316885128897));
#11425=CARTESIAN_POINT('',(0.001531234867229,0.00287400596273954,-0.00773));
#11426=CARTESIAN_POINT('',(0.00136497065419932,0.00288121934647187,-0.00818150954171995));
#11427=CARTESIAN_POINT('',(0.00463502934580068,0.00288121934647187,-0.00818150954171995));
#11428=CARTESIAN_POINT('',(0.00136497065419932,0.00281039372409081,-0.00374829962388096));
#11429=CARTESIAN_POINT('',(0.00463502934580068,0.00281039372409081,-0.00374829962388096));
#11430=CARTESIAN_POINT('',(0.00175,0.00281361307056268,-0.003949809165601));
#11431=CARTESIAN_POINT('',(0.00228947642067339,0.00281361307056259,-0.00394980916560097));
#11432=CARTESIAN_POINT('',(0.00371052357932683,0.00281361307056251,-0.00394980916560092));
#11433=CARTESIAN_POINT('',(0.003710523579327,0.00281361307056268,-0.003949809165601));
#11434=CARTESIAN_POINT('',(0.00228947642067337,0.002813613070563,-0.00394980916560105));
#11435=CARTESIAN_POINT('',(0.00220904515149361,0.00280422406898484,-0.0040695160961803));
#11436=CARTESIAN_POINT('',(0.00379095484850661,0.00280422406898484,-0.0040695160961803));
#11437=CARTESIAN_POINT('',(0.00220904515149361,0.00286856595325155,-0.00370027203596033));
#11438=CARTESIAN_POINT('',(0.00379095484850661,0.00286856595325155,-0.00370027203596033));
#11439=CARTESIAN_POINT('',(0.00220904515149361,0.0026523993029411,-0.00339408086467632));
#11440=CARTESIAN_POINT('',(0.00379095484850661,0.0026523993029411,-0.00339408086467632));
#11441=CARTESIAN_POINT('',(0.00220904515149361,0.00228291911798024,-0.00333110906940252));
#11442=CARTESIAN_POINT('',(0.00379095484850661,0.00228291911798024,-0.00333110906940252));
#11443=CARTESIAN_POINT('',(0.00228811228803273,0.002175735045483,-0.00396));
#11444=CARTESIAN_POINT('',(0.00236811529594808,0.00239886300268463,-0.00336233274918236));
#11445=CARTESIAN_POINT('',(0.00175,0.00239886300268483,-0.00336233274918246));
#11446=CARTESIAN_POINT('',(0.00363188470405198,0.00239886300268463,-0.00336233274918236));
#11447=CARTESIAN_POINT('',(0.00371188771196733,0.002175735045483,-0.00396));
#11448=CARTESIAN_POINT('',(0.0022965859474494,0.00233260717959405,-0.00281191730205701));
#11449=CARTESIAN_POINT('',(0.00370341405255067,0.00233260717959405,-0.00281191730205701));
#11450=CARTESIAN_POINT('',(0.0022965859474494,0.00205856250516228,-0.00299815787048302));
#11451=CARTESIAN_POINT('',(0.00370341405255067,0.00205856250516228,-0.00299815787048302));
#11452=CARTESIAN_POINT('',(0.0022965859474494,0.00212894400259187,-0.00332193630974608));
#11453=CARTESIAN_POINT('',(0.00370341405255067,0.00212894400259187,-0.00332193630974608));
#11454=CARTESIAN_POINT('',(0.0022965859474494,0.00245557381379278,-0.00337760496651915));
#11455=CARTESIAN_POINT('',(0.00370341405255067,0.00245557381379278,-0.00337760496651915));
#11456=CARTESIAN_POINT('',(0.00240724660055738,0.002508,-0.00307));
#11457=CARTESIAN_POINT('',(0.00243678200539295,0.00228735399343363,-0.00284935399343364));
#11458=CARTESIAN_POINT('',(0.00175,0.00228735399343351,-0.00284935399343351));
#11459=CARTESIAN_POINT('',(0.0035632179946072,0.00228735399343362,-0.00284935399343363));
#11460=CARTESIAN_POINT('',(0.00359275339944268,0.002508,-0.00307));
#11461=CARTESIAN_POINT('',(0.00237302572840343,0.00225782169310572,-0.00287888629376228));
#11462=CARTESIAN_POINT('',(0.00362697427159673,0.00225782169310572,-0.00287888629376228));
#11463=CARTESIAN_POINT('',(0.00237302572840343,0.00290753230032784,-0.00222917568654016));
#11464=CARTESIAN_POINT('',(0.00362697427159673,0.00290753230032784,-0.00222917568654016));
#11465=CARTESIAN_POINT('',(0.00356321799460723,0.002287353993434,-0.00284935399343397));
#11466=CARTESIAN_POINT('',(0.00351846386823509,0.00262169236855592,-0.00251501561831207));
#11467=CARTESIAN_POINT('',(0.002436782005393,0.002287353993434,-0.002849353993434));
#11468=CARTESIAN_POINT('',(0.00248153613176528,0.00262169236855612,-0.00251501561831189));
#11469=CARTESIAN_POINT('',(0.0028815519019217,0.002595157287524,-0.002541550699344));
#11470=CARTESIAN_POINT('',(0.00288155190192132,0.00287799999999956,-0.00225870798686844));
#11471=CARTESIAN_POINT('',(0.00175,0.0028780000000005,-0.0022587079868675));
#11472=CARTESIAN_POINT('',(0.00311844809807883,0.00287799999999956,-0.00225870798686844));
#11473=CARTESIAN_POINT('',(0.0031184480980786,0.002595157287524,-0.002541550699344));
#11474=CARTESIAN_POINT('',(0.00295071450677016,0.00291874669908952,-0.00230947453005874));
#11475=CARTESIAN_POINT('',(0.00298817100620398,0.00263892568204037,-0.00202965351300959));
#11476=CARTESIAN_POINT('',(0.00266638873579364,0.00293824045268394,-0.00225192127617406));
#11477=CARTESIAN_POINT('',(0.00270384523522746,0.00265841943563479,-0.00197210025912491));
#11478=CARTESIAN_POINT('',(0.00245232909494244,0.00278552737545071,-0.00237598059143865));
#11479=CARTESIAN_POINT('',(0.00248978559437626,0.00250570635840157,-0.0020961595743895));
#11480=CARTESIAN_POINT('',(0.00247965370897513,0.00258268547937915,-0.00258248012695717));
#11481=CARTESIAN_POINT('',(0.00251711020840895,0.00230286446233,-0.00230265910990802));
#11482=CARTESIAN_POINT('',(0.002881551901921,0.002878,-0.002258707986867));
#11483=CARTESIAN_POINT('',(0.00291164754041454,0.00265316873441806,-0.00203387672128694));
#11484=CARTESIAN_POINT('',(0.000993651260577898,0.0137370252000019,-0.0136303484497559));
#11485=CARTESIAN_POINT('',(0.00251163177025857,0.00239686110297465,-0.00229018435273038));
#11486=CARTESIAN_POINT('',(0.00291164754041507,0.0023703260219425,-0.0023167194337625));
#11487=CARTESIAN_POINT('',(0.00240652819317401,0.00268270103474634,-0.00200434442095866));
#11488=CARTESIAN_POINT('',(0.00359347180682588,0.00268270103474634,-0.00200434442095866));
#11489=CARTESIAN_POINT('',(0.00240652819317401,0.00203299042752421,-0.00265405502818079));
#11490=CARTESIAN_POINT('',(0.00359347180682588,0.00203299042752421,-0.00265405502818079));
#11491=CARTESIAN_POINT('',(0.00175,0.002653168734419,-0.002033876721286));
#11492=CARTESIAN_POINT('',(0.00308835245958561,0.00265316873441806,-0.00203387672128694));
#11493=CARTESIAN_POINT('',(0.002511631770258,0.002396861102975,-0.00229018435273));
#11494=CARTESIAN_POINT('',(0.0024668776438861,0.00206252272785248,-0.0026245227278525));
#11495=CARTESIAN_POINT('',(0.00175,0.0020625227278525,-0.0026245227278525));
#11496=CARTESIAN_POINT('',(0.00353312235611379,0.00206252272785269,-0.00262452272785204));
#11497=CARTESIAN_POINT('',(0.00348836822974215,0.002396861102975,-0.00229018435272998));
#11498=CARTESIAN_POINT('',(0.00348836822974172,0.00239686110297442,-0.0022901843527306));
#11499=CARTESIAN_POINT('',(0.00308835245958523,0.00237032602194251,-0.0023167194337625));
#11500=CARTESIAN_POINT('',(0.00301182899379618,0.00263892568204038,-0.00202965351300965));
#11501=CARTESIAN_POINT('',(0.00304928549323,0.00291874669908952,-0.00230947453005879));
#11502=CARTESIAN_POINT('',(0.00329615476477292,0.0026584194356349,-0.00197210025912484));
#11503=CARTESIAN_POINT('',(0.00333361126420674,0.00293824045268404,-0.00225192127617398));
#11504=CARTESIAN_POINT('',(0.00351021440562425,0.00250570635840152,-0.00209615957438957));
#11505=CARTESIAN_POINT('',(0.00354767090505808,0.00278552737545066,-0.00237598059143871));
#11506=CARTESIAN_POINT('',(0.00348288979159133,0.00230286446232982,-0.00230265910990826));
#11507=CARTESIAN_POINT('',(0.00352034629102515,0.00258268547937896,-0.0025824801269574));
#11508=CARTESIAN_POINT('',(0.003088352459586,0.002653168734419,-0.002033876721286));
#11509=CARTESIAN_POINT('',(0.00126083952243154,-0.0142440251999984,0.0143507019502438));
#11510=CARTESIAN_POINT('',(0.00286814357721881,0.00288924156327957,-0.00226994955014657));
#11511=CARTESIAN_POINT('',(0.00313185642278135,0.00288924156327957,-0.00226994955014657));
#11512=CARTESIAN_POINT('',(0.00286814357721881,0.00264192717113992,-0.00202263515800692));
#11513=CARTESIAN_POINT('',(0.00313185642278135,0.00264192717113992,-0.00202263515800692));
#11514=CARTESIAN_POINT('',(0.00124239621946473,0.0025441,-0.00800348838065375));
#11515=CARTESIAN_POINT('',(0.00124239621946473,0.0028939,-0.00800348838065375));
#11516=CARTESIAN_POINT('',(0.0021454689915778,0.0025441,-0.0012570292779132));
#11517=CARTESIAN_POINT('',(0.0021454689915778,0.0028939,-0.0012570292779132));
#11518=CARTESIAN_POINT('',(0.00210442022920904,0.002878,-0.00156368650985587));
#11519=CARTESIAN_POINT('',(0.0020978199097014,0.0025441,-0.00173362485050597));
#11520=CARTESIAN_POINT('',(0.0020978199097014,0.0028939,-0.00173362485050597));
#11521=CARTESIAN_POINT('',(0.00206719178309497,0.0025441,-0.00118161382270389));
#11522=CARTESIAN_POINT('',(0.00206719178309497,0.0028939,-0.00118161382270389));
#11523=CARTESIAN_POINT('',(0.00244713993004149,0.0025441,-0.000780000000000499));
#11524=CARTESIAN_POINT('',(0.00244713993004149,0.0028939,-0.000780000000000499));
#11525=CARTESIAN_POINT('',(0.003,0.0025441,-0.0007800000000005));
#11526=CARTESIAN_POINT('',(0.003,0.0028939,-0.0007800000000005));
#11527=CARTESIAN_POINT('',(0.00355286006995851,0.0025441,-0.000780000000000501));
#11528=CARTESIAN_POINT('',(0.00355286006995851,0.0028939,-0.000780000000000501));
#11529=CARTESIAN_POINT('',(0.00393280821690503,0.0025441,-0.00118161382270389));
#11530=CARTESIAN_POINT('',(0.00393280821690503,0.0028939,-0.00118161382270389));
#11531=CARTESIAN_POINT('',(0.0039021800902986,0.0025441,-0.00173362485050597));
#11532=CARTESIAN_POINT('',(0.0039021800902986,0.0028939,-0.00173362485050597));
#11533=CARTESIAN_POINT('',(0.00220828830388423,0.00249098469872089,-0.00401493319700683));
#11534=CARTESIAN_POINT('',(0.00379171169611571,0.00249098469872089,-0.00401493319700683));
#11535=CARTESIAN_POINT('',(0.00220828830388423,0.00252325854272636,-0.00382972063546388));
#11536=CARTESIAN_POINT('',(0.00379171169611571,0.00252325854272636,-0.00382972063546388));
#11537=CARTESIAN_POINT('',(0.00220828830388423,0.00241482950259416,-0.00367613535877304));
#11538=CARTESIAN_POINT('',(0.00379171169611571,0.00241482950259416,-0.00367613535877304));
#11539=CARTESIAN_POINT('',(0.00220828830388423,0.00222949850104687,-0.00364454875044497));
#11540=CARTESIAN_POINT('',(0.00379171169611571,0.00222949850104687,-0.00364454875044497));
#11541=CARTESIAN_POINT('',(0.00175,0.00228765587226805,-0.00366021052631586));
#11542=CARTESIAN_POINT('',(0.00232824174067262,0.00228765587226787,-0.00366021052631582));
#11543=CARTESIAN_POINT('',(0.00367175825932746,0.00228765587226787,-0.00366021052631582));
#11544=CARTESIAN_POINT('',(0.00228811228803273,0.002175735045483,-0.00396));
#11545=CARTESIAN_POINT('',(0.00371188771196733,0.002175735045483,-0.00396));
#11546=CARTESIAN_POINT('',(-0.00475760378053428,0.0025441,-0.00800348838065381));
#11547=CARTESIAN_POINT('',(-0.00475760378053428,0.0028939,-0.00800348838065381));
#11548=CARTESIAN_POINT('',(-0.00385453100842121,0.0025441,-0.00125702927791327));
#11549=CARTESIAN_POINT('',(-0.00385453100842121,0.0028939,-0.00125702927791327));
#11550=CARTESIAN_POINT('',(-0.00389557977078996,0.002878,-0.00156368650985587));
#11551=CARTESIAN_POINT('',(-0.00471655501816549,0.002878,-0.00769683114871093));
#11552=CARTESIAN_POINT('',(-0.00471655501816618,0.002878,-0.00769683114871084));
#11553=CARTESIAN_POINT('',(-0.00471655501816618,0.00255460708849075,-0.00769683114871084));
#11554=CARTESIAN_POINT('',(-0.00478289272074456,0.002878,-0.00819241091950161));
#11555=CARTESIAN_POINT('',(-0.00478289272074456,0.00255460708849075,-0.00819241091950161));
#11556=CARTESIAN_POINT('',(-0.00428731294995376,0.002878,-0.00825874862207978));
#11557=CARTESIAN_POINT('',(-0.00428731294995376,0.00255460708849075,-0.00825874862207978));
#11558=CARTESIAN_POINT('',(-0.00422097524737579,0.002878,-0.00776316885128896));
#11559=CARTESIAN_POINT('',(-0.00422097524737579,0.00255460708849075,-0.00776316885128896));
#11560=CARTESIAN_POINT('',(-0.004468765132771,0.0025560059627395,-0.00773));
#11561=CARTESIAN_POINT('',(-0.00422097524737572,0.00255653587325124,-0.00776316885128898));
#11562=CARTESIAN_POINT('',(-0.00422097524737565,0.0044007,-0.00776316885128905));
#11563=CARTESIAN_POINT('',(-0.00422097524737572,0.00287453587325114,-0.00776316885128897));
#11564=CARTESIAN_POINT('',(-0.004468765132771,0.00287400596273954,-0.00773));
#11565=CARTESIAN_POINT('',(-0.00136497065419932,0.00288121934647187,-0.00818150954171995));
#11566=CARTESIAN_POINT('',(-0.00463502934580068,0.00288121934647187,-0.00818150954171995));
#11567=CARTESIAN_POINT('',(-0.00136497065419932,0.00281039372409081,-0.00374829962388096));
#11568=CARTESIAN_POINT('',(-0.00463502934580068,0.00281039372409081,-0.00374829962388096));
#11569=CARTESIAN_POINT('',(-0.00371052357932663,0.002813613070563,-0.00394980916560105));
#11570=CARTESIAN_POINT('',(-0.00371052357932661,0.00281361307056251,-0.00394980916560097));
#11571=CARTESIAN_POINT('',(-0.00175,0.00281361307056234,-0.00394980916560101));
#11572=CARTESIAN_POINT('',(-0.00228947642067317,0.00281361307056242,-0.00394980916560092));
#11573=CARTESIAN_POINT('',(-0.002289476420673,0.00281361307056268,-0.003949809165601));
#11574=CARTESIAN_POINT('',(-0.00177902475262425,0.00287453587325129,-0.00776316885128897));
#11575=CARTESIAN_POINT('',(-0.001531234867229,0.00287400596273954,-0.00773));
#11576=CARTESIAN_POINT('',(-0.00177902475262421,0.002878,-0.00776316885128896));
#11577=CARTESIAN_POINT('',(-0.00177902475262421,0.00255460708849063,-0.00776316885128896));
#11578=CARTESIAN_POINT('',(-0.00171268705004627,0.002878,-0.00825874862207949));
#11579=CARTESIAN_POINT('',(-0.00171268705004627,0.00255460708849063,-0.00825874862207949));
#11580=CARTESIAN_POINT('',(-0.00121710727925574,0.002878,-0.00819241091950149));
#11581=CARTESIAN_POINT('',(-0.00121710727925574,0.00255460708849063,-0.00819241091950149));
#11582=CARTESIAN_POINT('',(-0.0012834449818338,0.002878,-0.00769683114871098));
#11583=CARTESIAN_POINT('',(-0.0012834449818338,0.00255460708849063,-0.00769683114871098));
#11584=CARTESIAN_POINT('',(-0.00128344498183447,0.002878,-0.00769683114871107));
#11585=CARTESIAN_POINT('',(-0.00177902475262428,0.0044007,-0.00776316885128904));
#11586=CARTESIAN_POINT('',(-0.00177902475262425,0.00255653587325112,-0.00776316885128897));
#11587=CARTESIAN_POINT('',(-0.001531234867229,0.0025560059627395,-0.00773));
#11588=CARTESIAN_POINT('',(-0.00136497065419932,0.00249247892609126,-0.00375363269884591));
#11589=CARTESIAN_POINT('',(-0.00463502934580068,0.00249247892609126,-0.00375363269884591));
#11590=CARTESIAN_POINT('',(-0.00136497065419932,0.0025632152892337,-0.00818125558576924));
#11591=CARTESIAN_POINT('',(-0.00463502934580068,0.0025632152892337,-0.00818125558576924));
#11592=CARTESIAN_POINT('',(-0.00175,0.002495694215325,-0.003954888284615));
#11593=CARTESIAN_POINT('',(-0.00228879653600817,0.00249569421532488,-0.00395488828461516));
#11594=CARTESIAN_POINT('',(-0.00371120346399189,0.00249569421532488,-0.00395488828461515));
#11595=CARTESIAN_POINT('',(-0.003711203463992,0.002495694215325,-0.003954888284615));
#11596=CARTESIAN_POINT('',(-0.00228879653600819,0.002495694215325,-0.00395488828461503));
#11597=CARTESIAN_POINT('',(-0.00379171169611577,0.00249098469872089,-0.00401493319700683));
#11598=CARTESIAN_POINT('',(-0.00220828830388429,0.00249098469872089,-0.00401493319700683));
#11599=CARTESIAN_POINT('',(-0.00379171169611577,0.00252325854272636,-0.00382972063546388));
#11600=CARTESIAN_POINT('',(-0.00220828830388429,0.00252325854272636,-0.00382972063546388));
#11601=CARTESIAN_POINT('',(-0.00379171169611577,0.00241482950259416,-0.00367613535877304));
#11602=CARTESIAN_POINT('',(-0.00220828830388429,0.00241482950259416,-0.00367613535877304));
#11603=CARTESIAN_POINT('',(-0.00379171169611577,0.00222949850104687,-0.00364454875044497));
#11604=CARTESIAN_POINT('',(-0.00220828830388429,0.00222949850104687,-0.00364454875044497));
#11605=CARTESIAN_POINT('',(-0.00175,0.00228765587226802,-0.00366021052631596));
#11606=CARTESIAN_POINT('',(-0.00232824174067254,0.00228765587226785,-0.00366021052631587));
#11607=CARTESIAN_POINT('',(-0.0036717582593274,0.00228765587226785,-0.00366021052631587));
#11608=CARTESIAN_POINT('',(-0.00371188771196726,0.002175735045483,-0.00396));
#11609=CARTESIAN_POINT('',(-0.00228811228803267,0.002175735045483,-0.00396));
#11610=CARTESIAN_POINT('',(-0.00214546899157876,0.0025441,-0.00125702927791333));
#11611=CARTESIAN_POINT('',(-0.00214546899157876,0.0028939,-0.00125702927791333));
#11612=CARTESIAN_POINT('',(-0.00124239621946569,0.0025441,-0.00800348838065388));
#11613=CARTESIAN_POINT('',(-0.00124239621946569,0.0028939,-0.00800348838065388));
#11614=CARTESIAN_POINT('',(-0.00210442022920959,0.002878,-0.00156368650985595));
#11615=CARTESIAN_POINT('',(-0.0039021800902986,0.0025441,-0.0017336248505059));
#11616=CARTESIAN_POINT('',(-0.0039021800902986,0.0028939,-0.0017336248505059));
#11617=CARTESIAN_POINT('',(-0.003932808216905,0.0025441,-0.00118161382270383));
#11618=CARTESIAN_POINT('',(-0.003932808216905,0.0028939,-0.00118161382270383));
#11619=CARTESIAN_POINT('',(-0.00355286006995846,0.0025441,-0.000780000000000478));
#11620=CARTESIAN_POINT('',(-0.00355286006995846,0.0028939,-0.000780000000000478));
#11621=CARTESIAN_POINT('',(-0.00299999999999996,0.0025441,-0.0007800000000005));
#11622=CARTESIAN_POINT('',(-0.00299999999999996,0.0028939,-0.0007800000000005));
#11623=CARTESIAN_POINT('',(-0.00244713993004147,0.0025441,-0.000780000000000521));
#11624=CARTESIAN_POINT('',(-0.00244713993004147,0.0028939,-0.000780000000000521));
#11625=CARTESIAN_POINT('',(-0.00206719178309497,0.0025441,-0.00118161382270391));
#11626=CARTESIAN_POINT('',(-0.00206719178309497,0.0028939,-0.00118161382270391));
#11627=CARTESIAN_POINT('',(-0.0020978199097014,0.0025441,-0.00173362485050597));
#11628=CARTESIAN_POINT('',(-0.0020978199097014,0.0028939,-0.00173362485050597));
#11629=CARTESIAN_POINT('',(-0.00379095484850639,0.00280422406898484,-0.0040695160961803));
#11630=CARTESIAN_POINT('',(-0.00220904515149339,0.00280422406898484,-0.0040695160961803));
#11631=CARTESIAN_POINT('',(-0.00379095484850639,0.00286856595325155,-0.00370027203596033));
#11632=CARTESIAN_POINT('',(-0.00220904515149339,0.00286856595325155,-0.00370027203596033));
#11633=CARTESIAN_POINT('',(-0.00379095484850639,0.0026523993029411,-0.00339408086467632));
#11634=CARTESIAN_POINT('',(-0.00220904515149339,0.0026523993029411,-0.00339408086467632));
#11635=CARTESIAN_POINT('',(-0.00379095484850639,0.00228291911798024,-0.00333110906940252));
#11636=CARTESIAN_POINT('',(-0.00220904515149339,0.00228291911798024,-0.00333110906940252));
#11637=CARTESIAN_POINT('',(-0.00371188771196726,0.002175735045483,-0.00396));
#11638=CARTESIAN_POINT('',(-0.00363188470405192,0.00239886300268464,-0.00336233274918231));
#11639=CARTESIAN_POINT('',(-0.00175,0.00239886300268487,-0.00336233274918237));
#11640=CARTESIAN_POINT('',(-0.00236811529594802,0.00239886300268464,-0.00336233274918231));
#11641=CARTESIAN_POINT('',(-0.00228811228803267,0.002175735045483,-0.00396));
#11642=CARTESIAN_POINT('',(-0.0037034140525506,0.00233260717959405,-0.00281191730205701));
#11643=CARTESIAN_POINT('',(-0.00229658594744934,0.00233260717959405,-0.00281191730205701));
#11644=CARTESIAN_POINT('',(-0.0037034140525506,0.00205856250516228,-0.00299815787048302));
#11645=CARTESIAN_POINT('',(-0.00229658594744934,0.00205856250516228,-0.00299815787048302));
#11646=CARTESIAN_POINT('',(-0.0037034140525506,0.00212894400259187,-0.00332193630974608));
#11647=CARTESIAN_POINT('',(-0.00229658594744934,0.00212894400259187,-0.00332193630974608));
#11648=CARTESIAN_POINT('',(-0.0037034140525506,0.00245557381379278,-0.00337760496651915));
#11649=CARTESIAN_POINT('',(-0.00229658594744934,0.00245557381379278,-0.00337760496651915));
#11650=CARTESIAN_POINT('',(-0.00359275339944262,0.002508,-0.00307));
#11651=CARTESIAN_POINT('',(-0.00356321799460706,0.00228735399343375,-0.00284935399343376));
#11652=CARTESIAN_POINT('',(-0.00175,0.002287353993434,-0.002849353993434));
#11653=CARTESIAN_POINT('',(-0.0024367820053928,0.00228735399343375,-0.00284935399343376));
#11654=CARTESIAN_POINT('',(-0.00240724660055732,0.002508,-0.00307));
#11655=CARTESIAN_POINT('',(-0.00237302572840328,0.00225782169310572,-0.00287888629376228));
#11656=CARTESIAN_POINT('',(-0.00362697427159659,0.00225782169310572,-0.00287888629376228));
#11657=CARTESIAN_POINT('',(-0.00237302572840328,0.00290753230032784,-0.00222917568654016));
#11658=CARTESIAN_POINT('',(-0.00362697427159659,0.00290753230032784,-0.00222917568654016));
#11659=CARTESIAN_POINT('',(-0.00243678200539277,0.002287353993434,-0.00284935399343397));
#11660=CARTESIAN_POINT('',(-0.00248153613176446,0.00262169236855578,-0.00251501561831222));
#11661=CARTESIAN_POINT('',(-0.003563217994607,0.002287353993434,-0.002849353993434));
#11662=CARTESIAN_POINT('',(-0.00351846386823472,0.00262169236855612,-0.00251501561831189));
#11663=CARTESIAN_POINT('',(-0.0031184480980783,0.002595157287524,-0.002541550699344));
#11664=CARTESIAN_POINT('',(-0.00311844809807865,0.00287799999999931,-0.00225870798686819));
#11665=CARTESIAN_POINT('',(-0.00175,0.002878,-0.002258707986867));
#11666=CARTESIAN_POINT('',(-0.00288155190192089,0.00287799999999931,-0.00225870798686819));
#11667=CARTESIAN_POINT('',(-0.00288155190192079,0.002595157287524,-0.002541550699344));
#11668=CARTESIAN_POINT('',(-0.00298817100620351,0.00263892568204034,-0.00202965351300968));
#11669=CARTESIAN_POINT('',(-0.00295071450676968,0.0029187466990895,-0.00230947453005884));
#11670=CARTESIAN_POINT('',(-0.00270384523522656,0.00265841943563503,-0.00197210025912468));
#11671=CARTESIAN_POINT('',(-0.00266638873579274,0.00293824045268419,-0.00225192127617384));
#11672=CARTESIAN_POINT('',(-0.002489785594375,0.00250570635840153,-0.0020961595743895));
#11673=CARTESIAN_POINT('',(-0.00245232909494118,0.00278552737545069,-0.00237598059143866));
#11674=CARTESIAN_POINT('',(-0.00251711020840809,0.00230286446232966,-0.00230265910990837));
#11675=CARTESIAN_POINT('',(-0.00247965370897427,0.00258268547937882,-0.00258248012695753));
#11676=CARTESIAN_POINT('',(-0.002911647540414,0.002653168734419,-0.002033876721286));
#11677=CARTESIAN_POINT('',(-0.00291164754041408,0.00265316873441806,-0.00203387672128694));
#11678=CARTESIAN_POINT('',(-0.00291164754041416,0.00237032602194251,-0.0023167194337625));
#11679=CARTESIAN_POINT('',(-0.00251163177025783,0.00239686110297427,-0.00229018435273074));
#11680=CARTESIAN_POINT('',(-0.00473916047756783,-0.0142440251999987,0.0143507019502435));
#11681=CARTESIAN_POINT('',(-0.00286814357721837,0.00288924156327931,-0.00226994955014631));
#11682=CARTESIAN_POINT('',(-0.00313185642278118,0.00288924156327931,-0.00226994955014631));
#11683=CARTESIAN_POINT('',(-0.00286814357721837,0.00264192717113994,-0.00202263515800694));
#11684=CARTESIAN_POINT('',(-0.00313185642278118,0.00264192717113994,-0.00202263515800694));
#11685=CARTESIAN_POINT('',(-0.003118448098079,0.002878,-0.002258707986867));
#11686=CARTESIAN_POINT('',(-0.00308835245958546,0.00265316873441806,-0.00203387672128694));
#11687=CARTESIAN_POINT('',(-0.00175,0.002653168734419,-0.002033876721286));
#11688=CARTESIAN_POINT('',(-0.00240652819317412,0.00268270103474634,-0.00200434442095866));
#11689=CARTESIAN_POINT('',(-0.00359347180682599,0.00268270103474634,-0.00200434442095866));
#11690=CARTESIAN_POINT('',(-0.00240652819317412,0.00203299042752422,-0.00265405502818078));
#11691=CARTESIAN_POINT('',(-0.00359347180682599,0.00203299042752422,-0.00265405502818078));
#11692=CARTESIAN_POINT('',(-0.00308835245958492,0.0023703260219425,-0.0023167194337625));
#11693=CARTESIAN_POINT('',(-0.00348836822974143,0.00239686110297465,-0.00229018435273038));
#11694=CARTESIAN_POINT('',(-0.003488368229742,0.002396861102975,-0.00229018435273));
#11695=CARTESIAN_POINT('',(-0.0035331223561139,0.00206252272785248,-0.00262452272785248));
#11696=CARTESIAN_POINT('',(-0.00175,0.00206252272785248,-0.00262452272785248));
#11697=CARTESIAN_POINT('',(-0.00246687764388621,0.00206252272785268,-0.00262452272785204));
#11698=CARTESIAN_POINT('',(-0.00251163177025785,0.002396861102975,-0.00229018435272998));
#11699=CARTESIAN_POINT('',(-0.00304928549322985,0.00291874669908952,-0.00230947453005874));
#11700=CARTESIAN_POINT('',(-0.00301182899379602,0.00263892568204037,-0.00202965351300959));
#11701=CARTESIAN_POINT('',(-0.00333361126420636,0.00293824045268394,-0.00225192127617406));
#11702=CARTESIAN_POINT('',(-0.00329615476477254,0.00265841943563479,-0.00197210025912491));
#11703=CARTESIAN_POINT('',(-0.00354767090505756,0.00278552737545071,-0.00237598059143865));
#11704=CARTESIAN_POINT('',(-0.00351021440562374,0.00250570635840157,-0.00209615957438951));
#11705=CARTESIAN_POINT('',(-0.00352034629102487,0.00258268547937915,-0.00258248012695717));
#11706=CARTESIAN_POINT('',(-0.00348288979159105,0.00230286446233,-0.00230265910990802));
#11707=CARTESIAN_POINT('',(-0.0050063487394221,0.0137370252000019,-0.0136303484497559));
#11708=CARTESIAN_POINT('',(0.0065979,0.0029109,-0.00062));
#11709=CARTESIAN_POINT('',(0.0065979,0.0021871,-0.00062));
#11710=CARTESIAN_POINT('',(0.0058741,0.0029109,-0.00062));
#11711=CARTESIAN_POINT('',(0.0058741,0.0021871,-0.00062));
#11712=CARTESIAN_POINT('',(0.006565,0.,-0.00062));
#11713=CARTESIAN_POINT('',(0.006565,0.00222,-0.00062));
#11714=CARTESIAN_POINT('',(0.006565,0.00224,-0.00062));
#11715=CARTESIAN_POINT('',(0.005927,0.00224,-0.00062));
#11716=CARTESIAN_POINT('',(0.005907,-0.0142440252,-0.00062));
#11717=CARTESIAN_POINT('',(0.005927,0.00224,-0.00062));
#11718=CARTESIAN_POINT('',(0.006247,0.00224,-0.00062));
#11719=CARTESIAN_POINT('',(0.006247,-0.002878,-0.00062));
#11720=CARTESIAN_POINT('',(0.006247,0.00222,-0.00062));
#11721=CARTESIAN_POINT('',(0.0263758464,0.00222,-0.00062));
#11722=CARTESIAN_POINT('',(0.006565,-0.0039445,4.9E-5));
#11723=CARTESIAN_POINT('',(0.006565,0.0025345,4.9E-5));
#11724=CARTESIAN_POINT('',(0.006565,-0.0039445,-0.014669));
#11725=CARTESIAN_POINT('',(0.006565,0.0025345,-0.014669));
#11726=CARTESIAN_POINT('',(0.006565,0.,-0.014));
#11727=CARTESIAN_POINT('',(0.006565,-0.00365,-0.014));
#11728=CARTESIAN_POINT('',(0.006565,0.00224,-0.014));
#11729=CARTESIAN_POINT('',(0.006565,0.00224,0.));
#11730=CARTESIAN_POINT('',(0.006565,0.,-0.00062));
#11731=CARTESIAN_POINT('',(0.006565,-0.00222,-0.00062));
#11732=CARTESIAN_POINT('',(0.006565,0.,-0.00062));
#11733=CARTESIAN_POINT('',(0.006565,-0.00224,-0.00062));
#11734=CARTESIAN_POINT('',(0.006565,-0.00224,0.));
#11735=CARTESIAN_POINT('',(0.006565,-0.00224,-0.00926));
#11736=CARTESIAN_POINT('',(0.006565,0.,-0.00926));
#11737=CARTESIAN_POINT('',(0.0065649999999999,-0.00365,-0.00926));
#11738=CARTESIAN_POINT('',(0.0065649999999998,-0.00365,-0.00926));
#11739=CARTESIAN_POINT('',(0.0065649999999999,-0.00365,-0.0113));
#11740=CARTESIAN_POINT('',(0.006565,-0.00365,0.));
#11741=CARTESIAN_POINT('',(0.006565,0.001450600556568,-0.00475));
#11742=CARTESIAN_POINT('',(0.006565,0.00120176305317909,-0.00472591895128496));
#11743=CARTESIAN_POINT('',(0.006565,0.001450600556568,-0.005));
#11744=CARTESIAN_POINT('',(0.006565,0.001748,-0.005));
#11745=CARTESIAN_POINT('',(0.006565,0.001748,-0.005));
#11746=CARTESIAN_POINT('',(0.006565,0.001748,-0.00513));
#11747=CARTESIAN_POINT('',(0.006565,0.001878,-0.00513));
#11748=CARTESIAN_POINT('',(0.006565,0.001878,-0.00841));
#11749=CARTESIAN_POINT('',(0.006565,0.001878,-0.00841));
#11750=CARTESIAN_POINT('',(0.006565,0.001748,-0.00841));
#11751=CARTESIAN_POINT('',(0.006565,0.001748,-0.00854));
#11752=CARTESIAN_POINT('',(0.006565,-0.0006056840564903,-0.00854));
#11753=CARTESIAN_POINT('',(0.006565,-0.0006056840564903,-0.00854));
#11754=CARTESIAN_POINT('',(0.006565,-0.0006056840564903,-0.00829));
#11755=CARTESIAN_POINT('',(0.006565,-0.000854521559879065,-0.00831408104871502));
#11756=CARTESIAN_POINT('',(0.006565,-0.001502335854916,-0.00162));
#11757=CARTESIAN_POINT('',(0.006565,-0.00147581188245977,-0.00189408104871504));
#11758=CARTESIAN_POINT('',(0.006565,-0.001226974379071,-0.00187));
#11759=CARTESIAN_POINT('',(0.00656346460306177,-0.00122698978531495,-0.0016200000026746));
#11760=CARTESIAN_POINT('',(0.006565,0.,-0.00162000000534915));
#11761=CARTESIAN_POINT('',(0.00656346460290826,0.00122698978531003,-0.0016200000026746));
#11762=CARTESIAN_POINT('',(0.006565,0.001226974379071,-0.00187));
#11763=CARTESIAN_POINT('',(0.006565,0.00147581188245996,-0.00189408104871503));
#11764=CARTESIAN_POINT('',(0.006565,0.001201763053179,-0.004725918951285));
#11765=CARTESIAN_POINT('',(0.006565,-0.002302,-0.01058));
#11766=CARTESIAN_POINT('',(0.006565,-0.002302,-0.01058));
#11767=CARTESIAN_POINT('',(0.006565,-0.002302,-0.01243));
#11768=CARTESIAN_POINT('',(0.006565,-0.002172,-0.01058));
#11769=CARTESIAN_POINT('',(0.006565,-0.002172,-0.01045));
#11770=CARTESIAN_POINT('',(0.006565,-0.000832,-0.01045));
#11771=CARTESIAN_POINT('',(0.006565,-0.000832,-0.01045));
#11772=CARTESIAN_POINT('',(0.006565,-0.000832,-0.01058));
#11773=CARTESIAN_POINT('',(0.006565,-0.000702,-0.01058));
#11774=CARTESIAN_POINT('',(0.006565,-0.000702,-0.01243));
#11775=CARTESIAN_POINT('',(0.006565,-0.000702,-0.01243));
#11776=CARTESIAN_POINT('',(0.006565,-0.000832,-0.01243));
#11777=CARTESIAN_POINT('',(0.006565,-0.000832,-0.01256));
#11778=CARTESIAN_POINT('',(0.006565,-0.002172,-0.01256));
#11779=CARTESIAN_POINT('',(0.006565,-0.002172,-0.01256));
#11780=CARTESIAN_POINT('',(0.006565,-0.002172,-0.01243));
#11781=CARTESIAN_POINT('',(0.0065979,-0.0021871,-0.00062));
#11782=CARTESIAN_POINT('',(0.0065979,-0.0029109,-0.00062));
#11783=CARTESIAN_POINT('',(0.0058741,-0.0021871,-0.00062));
#11784=CARTESIAN_POINT('',(0.0058741,-0.0029109,-0.00062));
#11785=CARTESIAN_POINT('',(0.,-0.002878,-0.00062));
#11786=CARTESIAN_POINT('',(0.005907,-0.002878,-0.00062));
#11787=CARTESIAN_POINT('',(0.005927,-0.002878,-0.00062));
#11788=CARTESIAN_POINT('',(0.005927,-0.00224,-0.00062));
#11789=CARTESIAN_POINT('',(-0.0263758464,-0.00222,-0.00062));
#11790=CARTESIAN_POINT('',(0.006247,-0.00222,-0.00062));
#11791=CARTESIAN_POINT('',(0.006247,-0.002878,-0.00062));
#11792=CARTESIAN_POINT('',(0.006247,-0.00224,-0.00062));
#11793=CARTESIAN_POINT('',(0.005927,-0.00224,-0.00062));
#11794=CARTESIAN_POINT('',(0.005927,-0.00256,-0.00062));
#11795=CARTESIAN_POINT('',(-0.006565,-0.00256,-0.00062));
#11796=CARTESIAN_POINT('',(0.005907,-0.00256,-0.00062));
#11797=CARTESIAN_POINT('',(0.005907,-0.0142440252,-0.00062));
#11798=CARTESIAN_POINT('',(-0.0065197,-0.00256,-0.009293));
#11799=CARTESIAN_POINT('',(0.0065197,-0.00256,-0.009293));
#11800=CARTESIAN_POINT('',(-0.0065197,-0.00256,-0.000207000000000001));
#11801=CARTESIAN_POINT('',(0.0065197,-0.00256,-0.000207000000000001));
#11802=CARTESIAN_POINT('',(0.005927,-0.00256,-0.008883333592443));
#11803=CARTESIAN_POINT('',(0.005927,-0.00256,-0.00888));
#11804=CARTESIAN_POINT('',(-0.006565,-0.00256,-0.00888));
#11805=CARTESIAN_POINT('',(-0.005927,-0.00256,-0.00888));
#11806=CARTESIAN_POINT('',(-0.005927,-0.00256,-0.0006167946626748));
#11807=CARTESIAN_POINT('',(-0.005927,-0.00256,-0.00062));
#11808=CARTESIAN_POINT('',(-0.006565,-0.00256,-0.00062));
#11809=CARTESIAN_POINT('',(-0.005907,-0.00256,-0.00062));
#11810=CARTESIAN_POINT('',(-0.006565,-0.00256,-0.00062));
#11811=CARTESIAN_POINT('',(-0.003,-0.00256,-0.001683567723681));
#11812=CARTESIAN_POINT('',(-0.00389557977078998,-0.00256,-0.00156368650985605));
#11813=CARTESIAN_POINT('',(-0.003,-0.00256,-0.0007800000000005));
#11814=CARTESIAN_POINT('',(-0.0047544596546,-0.00256,-0.00798));
#11815=CARTESIAN_POINT('',(-0.00471655501816551,-0.00256,-0.00769683114871106));
#11816=CARTESIAN_POINT('',(-0.004468765132771,-0.00256,-0.00773));
#11817=CARTESIAN_POINT('',(-0.004468765132771,-0.00256,-0.00797999999999939));
#11818=CARTESIAN_POINT('',(-0.006565,-0.00256,-0.00797999999999878));
#11819=CARTESIAN_POINT('',(-0.001531234867229,-0.00256,-0.00797999999999939));
#11820=CARTESIAN_POINT('',(-0.001531234867229,-0.00256,-0.00773));
#11821=CARTESIAN_POINT('',(-0.00128344498183447,-0.00256,-0.00769683114871113));
#11822=CARTESIAN_POINT('',(-0.00210442022921,-0.00256,-0.001563686509856));
#11823=CARTESIAN_POINT('',(-0.00210442022920978,-0.00256,-0.00156368650985608));
#11824=CARTESIAN_POINT('',(-0.003,-0.00256,-0.001683567723681));
#11825=CARTESIAN_POINT('',(0.004468765132771,-0.00256,-0.00773));
#11826=CARTESIAN_POINT('',(0.004468765132771,-0.00256,-0.00797999999999939));
#11827=CARTESIAN_POINT('',(0.00471655501816553,-0.00256,-0.00769683114871113));
#11828=CARTESIAN_POINT('',(0.00389557977079,-0.00256,-0.001563686509856));
#11829=CARTESIAN_POINT('',(0.00389557977079022,-0.00256,-0.00156368650985608));
#11830=CARTESIAN_POINT('',(0.003,-0.00256,-0.001683567723681));
#11831=CARTESIAN_POINT('',(0.003,-0.00256,-0.0007800000000005));
#11832=CARTESIAN_POINT('',(0.003,-0.00256,-0.001683567723681));
#11833=CARTESIAN_POINT('',(0.00210442022920903,-0.00256,-0.00156368650985598));
#11834=CARTESIAN_POINT('',(0.001245540345399,-0.00256,-0.00798));
#11835=CARTESIAN_POINT('',(0.0012834449818335,-0.00256,-0.007696831148711));
#11836=CARTESIAN_POINT('',(0.001531234867229,-0.00256,-0.00773));
#11837=CARTESIAN_POINT('',(0.001531234867229,-0.00256,-0.00797999999999939));
#11838=CARTESIAN_POINT('',(-0.006565,-0.00256,-0.00797999999999878));
#11839=CARTESIAN_POINT('',(0.00385453100842124,-0.0028939,-0.00125702927791333));
#11840=CARTESIAN_POINT('',(0.00385453100842124,-0.0025441,-0.00125702927791333));
#11841=CARTESIAN_POINT('',(0.00475760378053431,-0.0028939,-0.00800348838065388));
#11842=CARTESIAN_POINT('',(0.00475760378053431,-0.0025441,-0.00800348838065388));
#11843=CARTESIAN_POINT('',(0.0038955797707902,-0.002878,-0.00156368650985598));
#11844=CARTESIAN_POINT('',(0.00389557977079031,-0.002878,-0.00156368650985605));
#11845=CARTESIAN_POINT('',(0.00471655501816582,-0.002878,-0.00769683114871108));
#11846=CARTESIAN_POINT('',(0.00389557977079041,0.002878,-0.00156368650985595));
#11847=CARTESIAN_POINT('',(0.00471655501816553,0.002878,-0.00769683114871107));
#11848=CARTESIAN_POINT('',(0.0020978199097014,-0.0028939,-0.00173362485050597));
#11849=CARTESIAN_POINT('',(0.0020978199097014,-0.0025441,-0.00173362485050597));
#11850=CARTESIAN_POINT('',(0.00206719178309497,-0.0028939,-0.00118161382270389));
#11851=CARTESIAN_POINT('',(0.00206719178309497,-0.0025441,-0.00118161382270389));
#11852=CARTESIAN_POINT('',(0.00244713993004149,-0.0028939,-0.000780000000000499));
#11853=CARTESIAN_POINT('',(0.00244713993004149,-0.0025441,-0.000780000000000499));
#11854=CARTESIAN_POINT('',(0.003,-0.0028939,-0.0007800000000005));
#11855=CARTESIAN_POINT('',(0.003,-0.0025441,-0.0007800000000005));
#11856=CARTESIAN_POINT('',(0.00355286006995851,-0.0028939,-0.000780000000000501));
#11857=CARTESIAN_POINT('',(0.00355286006995851,-0.0025441,-0.000780000000000501));
#11858=CARTESIAN_POINT('',(0.00393280821690503,-0.0028939,-0.00118161382270389));
#11859=CARTESIAN_POINT('',(0.00393280821690503,-0.0025441,-0.00118161382270389));
#11860=CARTESIAN_POINT('',(0.0039021800902986,-0.0028939,-0.00173362485050597));
#11861=CARTESIAN_POINT('',(0.0039021800902986,-0.0025441,-0.00173362485050597));
#11862=CARTESIAN_POINT('',(0.003,-0.002878,-0.001683567723681));
#11863=CARTESIAN_POINT('',(0.003,-0.002878,-0.0007800000000005));
#11864=CARTESIAN_POINT('',(0.003,-0.002878,-0.001683567723681));
#11865=CARTESIAN_POINT('',(0.00210442022920941,-0.002878,-0.001563686509856));
#11866=CARTESIAN_POINT('',(0.00210442022920904,0.002878,-0.00156368650985587));
#11867=CARTESIAN_POINT('',(0.00124239621946473,-0.0028939,-0.00800348838065375));
#11868=CARTESIAN_POINT('',(0.00124239621946473,-0.0025441,-0.00800348838065375));
#11869=CARTESIAN_POINT('',(0.0021454689915778,-0.0028939,-0.0012570292779132));
#11870=CARTESIAN_POINT('',(0.0021454689915778,-0.0025441,-0.0012570292779132));
#11871=CARTESIAN_POINT('',(0.0012834449818339,-0.002878,-0.00769683114871099));
#11872=CARTESIAN_POINT('',(0.0012834449818337,-0.002878,-0.00769683114871102));
#11873=CARTESIAN_POINT('',(0.00128344498183351,0.002878,-0.00769683114871093));
#11874=CARTESIAN_POINT('',(-0.0065197,-0.002878,-0.000207));
#11875=CARTESIAN_POINT('',(0.0065197,-0.002878,-0.000207));
#11876=CARTESIAN_POINT('',(-0.0065197,-0.002878,-0.009293));
#11877=CARTESIAN_POINT('',(0.0065197,-0.002878,-0.009293));
#11878=CARTESIAN_POINT('',(0.,-0.002878,-0.00062));
#11879=CARTESIAN_POINT('',(-0.005927,-0.002878,-0.00062));
#11880=CARTESIAN_POINT('',(-0.005907,-0.002878,-0.00062));
#11881=CARTESIAN_POINT('',(-0.005927,-0.002878,-0.01400320533733));
#11882=CARTESIAN_POINT('',(-0.005927,-0.002878,-0.00888));
#11883=CARTESIAN_POINT('',(0.00615,-0.002878,-0.00888));
#11884=CARTESIAN_POINT('',(0.005927,-0.002878,-0.00888));
#11885=CARTESIAN_POINT('',(0.005927,-0.002878,-0.0006166664075575));
#11886=CARTESIAN_POINT('',(-0.006565,-0.002878,-0.00062));
#11887=CARTESIAN_POINT('',(-0.004468765132771,-0.002878,-0.00773));
#11888=CARTESIAN_POINT('',(-0.004468765132771,-0.00287800000000017,-0.00798));
#11889=CARTESIAN_POINT('',(-0.0047165550181658,-0.002878,-0.00769683114871102));
#11890=CARTESIAN_POINT('',(-0.0047165550181661,-0.002878,-0.00769683114871099));
#11891=CARTESIAN_POINT('',(-0.0038955797707901,-0.002878,-0.001563686509856));
#11892=CARTESIAN_POINT('',(-0.003,-0.002878,-0.001683567723681));
#11893=CARTESIAN_POINT('',(-0.003,-0.002878,-0.0007800000000005));
#11894=CARTESIAN_POINT('',(-0.003,-0.002878,-0.001683567723681));
#11895=CARTESIAN_POINT('',(-0.00210442022920969,-0.002878,-0.00156368650985605));
#11896=CARTESIAN_POINT('',(-0.0021044202292098,-0.002878,-0.00156368650985598));
#11897=CARTESIAN_POINT('',(-0.00128344498183418,-0.002878,-0.00769683114871108));
#11898=CARTESIAN_POINT('',(-0.001531234867229,-0.002878,-0.00773));
#11899=CARTESIAN_POINT('',(-0.001531234867229,-0.00287800000000017,-0.00798));
#11900=CARTESIAN_POINT('',(-0.006565,-0.002878,-0.00798));
#11901=CARTESIAN_POINT('',(0.004468765132771,-0.002878,-0.00773));
#11902=CARTESIAN_POINT('',(0.004468765132771,-0.00287800000000017,-0.00798));
#11903=CARTESIAN_POINT('',(-0.006565,-0.002878,-0.00798));
#11904=CARTESIAN_POINT('',(0.001531234867229,-0.00287800000000017,-0.00798));
#11905=CARTESIAN_POINT('',(0.001531234867229,-0.002878,-0.00773));
#11906=CARTESIAN_POINT('',(0.00422097524737579,-0.00255460708849079,-0.00776316885128896));
#11907=CARTESIAN_POINT('',(0.00422097524737579,-0.00287800000000017,-0.00776316885128896));
#11908=CARTESIAN_POINT('',(0.00428731294995374,-0.00255460708849079,-0.00825874862207949));
#11909=CARTESIAN_POINT('',(0.00428731294995374,-0.00287800000000017,-0.00825874862207949));
#11910=CARTESIAN_POINT('',(0.00478289272074425,-0.00255460708849079,-0.00819241091950149));
#11911=CARTESIAN_POINT('',(0.00478289272074425,-0.00287800000000017,-0.00819241091950149));
#11912=CARTESIAN_POINT('',(0.0047165550181662,-0.00255460708849079,-0.00769683114871098));
#11913=CARTESIAN_POINT('',(0.0047165550181662,-0.00287800000000017,-0.00769683114871098));
#11914=CARTESIAN_POINT('',(0.004468765132771,-0.00255600596273955,-0.00773));
#11915=CARTESIAN_POINT('',(0.00422097524737575,-0.00255653587325129,-0.00776316885128897));
#11916=CARTESIAN_POINT('',(0.00422097524737572,-0.0049077,-0.00776316885128904));
#11917=CARTESIAN_POINT('',(0.00422097524737575,-0.00287453587325131,-0.00776316885128897));
#11918=CARTESIAN_POINT('',(0.004468765132771,-0.00287400596273988,-0.00773));
#11919=CARTESIAN_POINT('',(0.00136497065419932,-0.00256321528923375,-0.00818125558576924));
#11920=CARTESIAN_POINT('',(0.00463502934580068,-0.00256321528923375,-0.00818125558576924));
#11921=CARTESIAN_POINT('',(0.00136497065419932,-0.0024924789260913,-0.00375363269884591));
#11922=CARTESIAN_POINT('',(0.00463502934580068,-0.0024924789260913,-0.00375363269884591));
#11923=CARTESIAN_POINT('',(0.001531234867229,-0.00255600596273955,-0.00773));
#11924=CARTESIAN_POINT('',(0.00177902475262428,-0.00255653587325114,-0.00776316885128897));
#11925=CARTESIAN_POINT('',(0.00228879653600825,-0.002495694215325,-0.00395488828461503));
#11926=CARTESIAN_POINT('',(0.00228879653600824,-0.0024956942153249,-0.00395488828461516));
#11927=CARTESIAN_POINT('',(0.00175,-0.00249569421532505,-0.003954888284615));
#11928=CARTESIAN_POINT('',(0.00371120346399192,-0.0024956942153249,-0.00395488828461515));
#11929=CARTESIAN_POINT('',(0.003711203463992,-0.00249569421532505,-0.003954888284615));
#11930=CARTESIAN_POINT('',(0.0012834449818338,-0.00255460708849065,-0.00769683114871097));
#11931=CARTESIAN_POINT('',(0.0012834449818338,-0.00287800000000017,-0.00769683114871097));
#11932=CARTESIAN_POINT('',(0.00121710727925572,-0.00255460708849065,-0.00819241091950151));
#11933=CARTESIAN_POINT('',(0.00121710727925572,-0.00287800000000017,-0.00819241091950151));
#11934=CARTESIAN_POINT('',(0.00171268705004627,-0.00255460708849065,-0.00825874862207952));
#11935=CARTESIAN_POINT('',(0.00171268705004627,-0.00287800000000017,-0.00825874862207952));
#11936=CARTESIAN_POINT('',(0.00177902475262421,-0.00255460708849065,-0.00776316885128896));
#11937=CARTESIAN_POINT('',(0.00177902475262421,-0.00287800000000017,-0.00776316885128896));
#11938=CARTESIAN_POINT('',(0.001531234867229,-0.00287400596273988,-0.00773));
#11939=CARTESIAN_POINT('',(0.00177902475262423,-0.00287453587325163,-0.00776316885128903));
#11940=CARTESIAN_POINT('',(0.00177902475262434,-0.0049077,-0.00776316885128905));
#11941=CARTESIAN_POINT('',(0.00255287754535067,-0.00182159606957396,-0.00198205532546119));
#11942=CARTESIAN_POINT('',(0.00255287754535067,-0.00293093980367767,-0.00198205532546119));
#11943=CARTESIAN_POINT('',(0.00174217461963738,-0.00182159606957396,-0.00803845997156656));
#11944=CARTESIAN_POINT('',(0.00174217461963738,-0.00293093980367767,-0.00803845997156656));
#11945=CARTESIAN_POINT('',(0.002466877643886,-0.002062522727852,-0.002624522727852));
#11946=CARTESIAN_POINT('',(0.0024668776438861,-0.00206252272785236,-0.00262452272785236));
#11947=CARTESIAN_POINT('',(0.00251163177025838,-0.0023968611029739,-0.00229018435273013));
#11948=CARTESIAN_POINT('',(0.00240724660055738,-0.002508,-0.00307));
#11949=CARTESIAN_POINT('',(0.00232824174067261,-0.00228765587226785,-0.00366021052631587));
#11950=CARTESIAN_POINT('',(0.00228811228803273,-0.002175735045483,-0.00396));
#11951=CARTESIAN_POINT('',(0.002289476420673,-0.002813613070563,-0.0039498091656));
#11952=CARTESIAN_POINT('',(0.00228947642067314,-0.00281361307056251,-0.00394980916560092));
#11953=CARTESIAN_POINT('',(0.00228811228803273,-0.002175735045483,-0.00396));
#11954=CARTESIAN_POINT('',(0.00236811529594809,-0.00239886300268464,-0.00336233274918231));
#11955=CARTESIAN_POINT('',(0.00240724660055738,-0.002508,-0.00307));
#11956=CARTESIAN_POINT('',(0.00243678200539295,-0.0022873539934335,-0.00284935399343351));
#11957=CARTESIAN_POINT('',(0.002481536131765,-0.0026216923685565,-0.0025150156183105));
#11958=CARTESIAN_POINT('',(0.00248153613176508,-0.00262169236855537,-0.00251501561831165));
#11959=CARTESIAN_POINT('',(0.00467129407706283,0.0137370251999986,0.0138437019502436));
#11960=CARTESIAN_POINT('',(0.00298817100620389,-0.00263892568203989,-0.00202965351300915));
#11961=CARTESIAN_POINT('',(0.00295071450677007,-0.00291874669908903,-0.00230947453005829));
#11962=CARTESIAN_POINT('',(0.00270384523522713,-0.0026584194356344,-0.00197210025912434));
#11963=CARTESIAN_POINT('',(0.00266638873579331,-0.00293824045268354,-0.00225192127617348));
#11964=CARTESIAN_POINT('',(0.00248978559437579,-0.00250570635840099,-0.0020961595743891));
#11965=CARTESIAN_POINT('',(0.00245232909494197,-0.00278552737545013,-0.00237598059143824));
#11966=CARTESIAN_POINT('',(0.00251711020840877,-0.00230286446232928,-0.0023026591099078));
#11967=CARTESIAN_POINT('',(0.00247965370897495,-0.00258268547937842,-0.00258248012695694));
#11968=CARTESIAN_POINT('',(0.002911647540414,-0.002653168734419,-0.002033876721286));
#11969=CARTESIAN_POINT('',(0.00291164754041446,-0.00265316873441756,-0.00203387672128645));
#11970=CARTESIAN_POINT('',(0.00288155190192124,-0.00287799999999905,-0.00225870798686794));
#11971=CARTESIAN_POINT('',(0.00291164754041486,-0.002370326021942,-0.002316719433762));
#11972=CARTESIAN_POINT('',(0.00288155190192148,-0.00259515728752349,-0.0025415506993435));
#11973=CARTESIAN_POINT('',(0.00237302572840343,-0.00290753230032734,-0.00222917568653966));
#11974=CARTESIAN_POINT('',(0.00362697427159673,-0.00290753230032734,-0.00222917568653966));
#11975=CARTESIAN_POINT('',(0.00237302572840343,-0.00225782169310522,-0.00287888629376178));
#11976=CARTESIAN_POINT('',(0.00362697427159673,-0.00225782169310522,-0.00287888629376178));
#11977=CARTESIAN_POINT('',(0.00175,-0.002878,-0.002258707986867));
#11978=CARTESIAN_POINT('',(0.0031184480980788,-0.00287799999999906,-0.00225870798686794));
#11979=CARTESIAN_POINT('',(0.00175,-0.0022873539934335,-0.0028493539934335));
#11980=CARTESIAN_POINT('',(0.0035632179946072,-0.00228735399343362,-0.00284935399343362));
#11981=CARTESIAN_POINT('',(0.00351846386823544,-0.002621692368557,-0.00251501561831094));
#11982=CARTESIAN_POINT('',(0.00351846386823509,-0.00262169236855581,-0.00251501561831168));
#11983=CARTESIAN_POINT('',(0.00311844809807861,-0.0025951572875235,-0.00254155069934351));
#11984=CARTESIAN_POINT('',(0.00304928549323001,-0.00291874669908925,-0.00230947453005853));
#11985=CARTESIAN_POINT('',(0.00301182899379615,-0.00263892568203983,-0.0020296535130091));
#11986=CARTESIAN_POINT('',(0.00333361126420665,-0.00293824045268378,-0.00225192127617372));
#11987=CARTESIAN_POINT('',(0.00329615476477279,-0.00265841943563436,-0.0019721002591243));
#11988=CARTESIAN_POINT('',(0.00354767090505798,-0.00278552737545049,-0.00237598059143836));
#11989=CARTESIAN_POINT('',(0.00351021440562412,-0.00250570635840107,-0.00209615957438894));
#11990=CARTESIAN_POINT('',(0.0035203462910252,-0.00258268547937883,-0.00258248012695699));
#11991=CARTESIAN_POINT('',(0.00348288979159135,-0.0023028644623294,-0.00230265910990757));
#11992=CARTESIAN_POINT('',(0.003118448098079,-0.002878,-0.002258707986867));
#11993=CARTESIAN_POINT('',(0.00308835245958558,-0.00265316873441756,-0.00203387672128644));
#11994=CARTESIAN_POINT('',(0.0050742151399281,-0.0142440252000019,-0.0141373484497559));
#11995=CARTESIAN_POINT('',(0.00348836822974172,-0.0023968611029743,-0.00229018435273021));
#11996=CARTESIAN_POINT('',(0.00308835245958523,-0.002370326021942,-0.002316719433762));
#11997=CARTESIAN_POINT('',(0.00240652819317401,-0.00203299042752372,-0.00265405502818028));
#11998=CARTESIAN_POINT('',(0.00359347180682588,-0.00203299042752372,-0.00265405502818028));
#11999=CARTESIAN_POINT('',(0.00240652819317401,-0.00268270103474584,-0.00200434442095816));
#12000=CARTESIAN_POINT('',(0.00359347180682588,-0.00268270103474584,-0.00200434442095816));
#12001=CARTESIAN_POINT('',(0.0035331223561138,-0.002062522727852,-0.00262452272785202));
#12002=CARTESIAN_POINT('',(0.00353312235611379,-0.00206252272785268,-0.00262452272785204));
#12003=CARTESIAN_POINT('',(0.00175,-0.00206252272785248,-0.00262452272785248));
#12004=CARTESIAN_POINT('',(0.00175,-0.0026531687344185,-0.0020338767212855));
#12005=CARTESIAN_POINT('',(0.00286814357721872,-0.00264192717113943,-0.00202263515800643));
#12006=CARTESIAN_POINT('',(0.00313185642278133,-0.00264192717113943,-0.00202263515800643));
#12007=CARTESIAN_POINT('',(0.00286814357721872,-0.00288924156327908,-0.00226994955014608));
#12008=CARTESIAN_POINT('',(0.00313185642278133,-0.00288924156327908,-0.00226994955014608));
#12009=CARTESIAN_POINT('',(0.00225219870571674,-0.00240215319685937,-0.0036910446475616));
#12010=CARTESIAN_POINT('',(0.00374780129428332,-0.00240215319685937,-0.0036910446475616));
#12011=CARTESIAN_POINT('',(0.00225219870571674,-0.00174269799275192,-0.003578651399438));
#12012=CARTESIAN_POINT('',(0.00374780129428332,-0.00174269799275192,-0.003578651399438));
#12013=CARTESIAN_POINT('',(0.00225219870571674,-0.00160059998711669,-0.00292495302461773));
#12014=CARTESIAN_POINT('',(0.00374780129428332,-0.00160059998711669,-0.00292495302461773));
#12015=CARTESIAN_POINT('',(0.00225219870571674,-0.00215388747195353,-0.00254893923820677));
#12016=CARTESIAN_POINT('',(0.00374780129428332,-0.00215388747195353,-0.00254893923820677));
#12017=CARTESIAN_POINT('',(0.00175,-0.00228765587226802,-0.00366021052631596));
#12018=CARTESIAN_POINT('',(0.00367175825932746,-0.00228765587226785,-0.00366021052631587));
#12019=CARTESIAN_POINT('',(0.00359275339944268,-0.002508,-0.00307));
#12020=CARTESIAN_POINT('',(0.00425782538036268,-0.00182159606957398,-0.00803845997156648));
#12021=CARTESIAN_POINT('',(0.00425782538036268,-0.00293093980367733,-0.00803845997156648));
#12022=CARTESIAN_POINT('',(0.0034471224546494,-0.00182159606957398,-0.00198205532546129));
#12023=CARTESIAN_POINT('',(0.0034471224546494,-0.00293093980367733,-0.00198205532546129));
#12024=CARTESIAN_POINT('',(0.00359275339944268,-0.002508,-0.00307));
#12025=CARTESIAN_POINT('',(0.00363188470405198,-0.00239886300268464,-0.00336233274918231));
#12026=CARTESIAN_POINT('',(0.00371188771196733,-0.002175735045483,-0.00396));
#12027=CARTESIAN_POINT('',(0.00371052357932668,-0.00281361307056251,-0.00394980916560097));
#12028=CARTESIAN_POINT('',(0.00371052357932669,-0.002813613070563,-0.00394980916560104));
#12029=CARTESIAN_POINT('',(0.00371188771196733,-0.002175735045483,-0.00396));
#12030=CARTESIAN_POINT('',(0.00220828830388436,-0.00222949850104687,-0.00364454875044497));
#12031=CARTESIAN_POINT('',(0.0037917116961158,-0.00222949850104687,-0.00364454875044497));
#12032=CARTESIAN_POINT('',(0.00220828830388436,-0.00241482950259416,-0.00367613535877304));
#12033=CARTESIAN_POINT('',(0.0037917116961158,-0.00241482950259416,-0.00367613535877304));
#12034=CARTESIAN_POINT('',(0.00220828830388436,-0.00252325854272636,-0.00382972063546388));
#12035=CARTESIAN_POINT('',(0.0037917116961158,-0.00252325854272636,-0.00382972063546388));
#12036=CARTESIAN_POINT('',(0.00220828830388436,-0.00249098469872089,-0.00401493319700683));
#12037=CARTESIAN_POINT('',(0.0037917116961158,-0.00249098469872089,-0.00401493319700683));
#12038=CARTESIAN_POINT('',(0.00136497065419932,-0.00281039372409115,-0.00374829962388096));
#12039=CARTESIAN_POINT('',(0.00463502934580068,-0.00281039372409115,-0.00374829962388096));
#12040=CARTESIAN_POINT('',(0.00136497065419932,-0.00288121934647221,-0.00818150954171995));
#12041=CARTESIAN_POINT('',(0.00463502934580068,-0.00288121934647221,-0.00818150954171995));
#12042=CARTESIAN_POINT('',(0.00175,-0.00281361307056234,-0.00394980916560101));
#12043=CARTESIAN_POINT('',(0.00220904515149334,-0.00228291911798024,-0.00333110906940252));
#12044=CARTESIAN_POINT('',(0.00379095484850646,-0.00228291911798024,-0.00333110906940252));
#12045=CARTESIAN_POINT('',(0.00220904515149334,-0.0026523993029411,-0.00339408086467632));
#12046=CARTESIAN_POINT('',(0.00379095484850646,-0.0026523993029411,-0.00339408086467632));
#12047=CARTESIAN_POINT('',(0.00220904515149334,-0.00286856595325155,-0.00370027203596033));
#12048=CARTESIAN_POINT('',(0.00379095484850646,-0.00286856595325155,-0.00370027203596033));
#12049=CARTESIAN_POINT('',(0.00220904515149334,-0.00280422406898484,-0.0040695160961803));
#12050=CARTESIAN_POINT('',(0.00379095484850646,-0.00280422406898484,-0.0040695160961803));
#12051=CARTESIAN_POINT('',(0.00175,-0.00239886300268487,-0.00336233274918237));
#12052=CARTESIAN_POINT('',(0.0022965859474494,-0.00245557381379278,-0.00337760496651915));
#12053=CARTESIAN_POINT('',(0.00370341405255066,-0.00245557381379278,-0.00337760496651915));
#12054=CARTESIAN_POINT('',(0.0022965859474494,-0.00212894400259187,-0.00332193630974608));
#12055=CARTESIAN_POINT('',(0.00370341405255066,-0.00212894400259187,-0.00332193630974608));
#12056=CARTESIAN_POINT('',(0.0022965859474494,-0.00205856250516228,-0.00299815787048302));
#12057=CARTESIAN_POINT('',(0.00370341405255066,-0.00205856250516228,-0.00299815787048302));
#12058=CARTESIAN_POINT('',(0.0022965859474494,-0.00233260717959405,-0.00281191730205701));
#12059=CARTESIAN_POINT('',(0.00370341405255066,-0.00233260717959405,-0.00281191730205701));
#12060=CARTESIAN_POINT('',(-0.00136497065419932,-0.00281039372409114,-0.00374829962388043));
#12061=CARTESIAN_POINT('',(-0.00463502934580068,-0.00281039372409114,-0.00374829962388043));
#12062=CARTESIAN_POINT('',(-0.00136497065419932,-0.00288121934647221,-0.00818150954171998));
#12063=CARTESIAN_POINT('',(-0.00463502934580068,-0.00288121934647221,-0.00818150954171998));
#12064=CARTESIAN_POINT('',(-0.00175,-0.002813613070563,-0.0039498091656));
#12065=CARTESIAN_POINT('',(-0.00228947642067339,-0.00281361307056267,-0.00394980916560047));
#12066=CARTESIAN_POINT('',(-0.0037105235793268,-0.00281361307056267,-0.00394980916560041));
#12067=CARTESIAN_POINT('',(-0.003710523579327,-0.002813613070563,-0.0039498091656));
#12068=CARTESIAN_POINT('',(-0.00422097524737578,-0.00287453587325163,-0.00776316885128903));
#12069=CARTESIAN_POINT('',(-0.004468765132771,-0.00287400596273988,-0.00773));
#12070=CARTESIAN_POINT('',(-0.001531234867229,-0.00287400596273988,-0.00773));
#12071=CARTESIAN_POINT('',(-0.00177902475262425,-0.00287453587325131,-0.00776316885128897));
#12072=CARTESIAN_POINT('',(-0.00228947642067332,-0.002813613070563,-0.00394980916560104));
#12073=CARTESIAN_POINT('',(-0.00174217461963732,-0.00182159606957398,-0.00803845997156648));
#12074=CARTESIAN_POINT('',(-0.00174217461963732,-0.00293093980367733,-0.00803845997156648));
#12075=CARTESIAN_POINT('',(-0.00255287754535058,-0.00182159606957398,-0.00198205532546142));
#12076=CARTESIAN_POINT('',(-0.00255287754535058,-0.00293093980367733,-0.00198205532546142));
#12077=CARTESIAN_POINT('',(-0.00248153613176455,-0.002621692368557,-0.00251501561831094));
#12078=CARTESIAN_POINT('',(-0.00248153613176489,-0.00262169236855568,-0.0025150156183118));
#12079=CARTESIAN_POINT('',(-0.0024367820053928,-0.00228735399343362,-0.00284935399343363));
#12080=CARTESIAN_POINT('',(-0.00240724660055732,-0.002508,-0.00307));
#12081=CARTESIAN_POINT('',(-0.00236811529594802,-0.00239886300268463,-0.00336233274918236));
#12082=CARTESIAN_POINT('',(-0.00228811228803267,-0.002175735045483,-0.00396));
#12083=CARTESIAN_POINT('',(-0.00177902475262428,-0.0049077,-0.00776316885128904));
#12084=CARTESIAN_POINT('',(-0.00177902475262425,-0.00255653587325129,-0.00776316885128897));
#12085=CARTESIAN_POINT('',(-0.002288796536008,-0.00249569421532505,-0.003954888284615));
#12086=CARTESIAN_POINT('',(-0.00228879653600808,-0.00249569421532483,-0.00395488828461515));
#12087=CARTESIAN_POINT('',(-0.00228811228803267,-0.002175735045483,-0.00396));
#12088=CARTESIAN_POINT('',(-0.00232824174067255,-0.00228765587226787,-0.00366021052631582));
#12089=CARTESIAN_POINT('',(-0.00240724660055732,-0.002508,-0.00307));
#12090=CARTESIAN_POINT('',(-0.00246687764388621,-0.00206252272785255,-0.00262452272785192));
#12091=CARTESIAN_POINT('',(-0.0024668776438862,-0.002062522727852,-0.00262452272785202));
#12092=CARTESIAN_POINT('',(-0.00251163177025826,-0.00239686110297418,-0.00229018435273034));
#12093=CARTESIAN_POINT('',(-0.000925784860071868,-0.0142440252000016,-0.0141373484497561));
#12094=CARTESIAN_POINT('',(-0.00295071450677,-0.00291874669908924,-0.00230947453005852));
#12095=CARTESIAN_POINT('',(-0.00298817100620382,-0.0026389256820401,-0.00202965351300937));
#12096=CARTESIAN_POINT('',(-0.00266638873579326,-0.00293824045268378,-0.00225192127617369));
#12097=CARTESIAN_POINT('',(-0.00270384523522708,-0.00265841943563463,-0.00197210025912454));
#12098=CARTESIAN_POINT('',(-0.0024523290949419,-0.0027855273754504,-0.00237598059143841));
#12099=CARTESIAN_POINT('',(-0.00248978559437572,-0.00250570635840126,-0.00209615957438926));
#12100=CARTESIAN_POINT('',(-0.00247965370897481,-0.00258268547937869,-0.0025824801269571));
#12101=CARTESIAN_POINT('',(-0.00251711020840864,-0.00230286446232954,-0.00230265910990796));
#12102=CARTESIAN_POINT('',(-0.002881551901921,-0.002878,-0.002258707986867));
#12103=CARTESIAN_POINT('',(-0.00288155190192119,-0.00287799999999906,-0.00225870798686794));
#12104=CARTESIAN_POINT('',(-0.00291164754041438,-0.00265316873441781,-0.00203387672128669));
#12105=CARTESIAN_POINT('',(-0.00288155190192139,-0.0025951572875235,-0.00254155069934351));
#12106=CARTESIAN_POINT('',(-0.00291164754041476,-0.002370326021942,-0.002316719433762));
#12107=CARTESIAN_POINT('',(-0.00240652819317412,-0.00203299042752371,-0.00265405502818029));
#12108=CARTESIAN_POINT('',(-0.00359347180682599,-0.00203299042752371,-0.00265405502818029));
#12109=CARTESIAN_POINT('',(-0.00240652819317412,-0.00268270103474584,-0.00200434442095816));
#12110=CARTESIAN_POINT('',(-0.00359347180682599,-0.00268270103474584,-0.00200434442095816));
#12111=CARTESIAN_POINT('',(-0.00175,-0.002062522727852,-0.002624522727852));
#12112=CARTESIAN_POINT('',(-0.0035331223561139,-0.00206252272785222,-0.00262452272785225));
#12113=CARTESIAN_POINT('',(-0.003533122356114,-0.002062522727852,-0.002624522727852));
#12114=CARTESIAN_POINT('',(-0.00348836822974169,-0.0023968611029739,-0.00229018435273012));
#12115=CARTESIAN_POINT('',(-0.00308835245958524,-0.002370326021942,-0.002316719433762));
#12116=CARTESIAN_POINT('',(-0.00308835245958562,-0.00265316873441781,-0.00203387672128669));
#12117=CARTESIAN_POINT('',(-0.00175,-0.002653168734419,-0.002033876721286));
#12118=CARTESIAN_POINT('',(-0.00286814357721868,-0.00264192717113969,-0.00202263515800669));
#12119=CARTESIAN_POINT('',(-0.00313185642278133,-0.00264192717113969,-0.00202263515800669));
#12120=CARTESIAN_POINT('',(-0.00286814357721868,-0.00288924156327907,-0.00226994955014607));
#12121=CARTESIAN_POINT('',(-0.00313185642278133,-0.00288924156327907,-0.00226994955014607));
#12122=CARTESIAN_POINT('',(-0.003088352459586,-0.002653168734419,-0.002033876721286));
#12123=CARTESIAN_POINT('',(-0.00311844809807881,-0.00287799999999906,-0.00225870798686794));
#12124=CARTESIAN_POINT('',(-0.00175,-0.002878,-0.002258707986867));
#12125=CARTESIAN_POINT('',(-0.00237302572840328,-0.00290753230032734,-0.00222917568653966));
#12126=CARTESIAN_POINT('',(-0.00362697427159659,-0.00290753230032734,-0.00222917568653966));
#12127=CARTESIAN_POINT('',(-0.00237302572840328,-0.00225782169310522,-0.00287888629376178));
#12128=CARTESIAN_POINT('',(-0.00362697427159659,-0.00225782169310522,-0.00287888629376178));
#12129=CARTESIAN_POINT('',(-0.00311844809807861,-0.00259515728752349,-0.0025415506993435));
#12130=CARTESIAN_POINT('',(-0.003518463868235,-0.00262169236855537,-0.00251501561831165));
#12131=CARTESIAN_POINT('',(-0.003518463868235,-0.0026216923685565,-0.0025150156183105));
#12132=CARTESIAN_POINT('',(-0.00356321799460706,-0.0022873539934335,-0.00284935399343351));
#12133=CARTESIAN_POINT('',(-0.00175,-0.00228735399343351,-0.00284935399343351));
#12134=CARTESIAN_POINT('',(-0.0037034140525506,-0.00245557381379278,-0.00337760496651915));
#12135=CARTESIAN_POINT('',(-0.00229658594744933,-0.00245557381379278,-0.00337760496651915));
#12136=CARTESIAN_POINT('',(-0.0037034140525506,-0.00212894400259187,-0.00332193630974608));
#12137=CARTESIAN_POINT('',(-0.00229658594744933,-0.00212894400259187,-0.00332193630974608));
#12138=CARTESIAN_POINT('',(-0.0037034140525506,-0.00205856250516228,-0.00299815787048302));
#12139=CARTESIAN_POINT('',(-0.00229658594744933,-0.00205856250516228,-0.00299815787048302));
#12140=CARTESIAN_POINT('',(-0.0037034140525506,-0.00233260717959405,-0.00281191730205701));
#12141=CARTESIAN_POINT('',(-0.00229658594744933,-0.00233260717959405,-0.00281191730205701));
#12142=CARTESIAN_POINT('',(-0.00359275339944262,-0.002508,-0.00307));
#12143=CARTESIAN_POINT('',(-0.00363188470405192,-0.00239886300268463,-0.00336233274918236));
#12144=CARTESIAN_POINT('',(-0.00175,-0.00239886300268483,-0.00336233274918246));
#12145=CARTESIAN_POINT('',(-0.00379095484850658,-0.00228291911798024,-0.00333110906940252));
#12146=CARTESIAN_POINT('',(-0.00220904515149361,-0.00228291911798024,-0.00333110906940252));
#12147=CARTESIAN_POINT('',(-0.00379095484850658,-0.00265239930294085,-0.00339408086467628));
#12148=CARTESIAN_POINT('',(-0.00220904515149361,-0.00265239930294085,-0.00339408086467628));
#12149=CARTESIAN_POINT('',(-0.00379095484850658,-0.00286856595325128,-0.00370027203596));
#12150=CARTESIAN_POINT('',(-0.00220904515149361,-0.00286856595325128,-0.00370027203596));
#12151=CARTESIAN_POINT('',(-0.00379095484850658,-0.00280422406898493,-0.00406951609617977));
#12152=CARTESIAN_POINT('',(-0.00220904515149361,-0.00280422406898493,-0.00406951609617977));
#12153=CARTESIAN_POINT('',(-0.00371188771196726,-0.002175735045483,-0.00396));
#12154=CARTESIAN_POINT('',(-0.00344712245464933,-0.00182159606957396,-0.0019820553254612));
#12155=CARTESIAN_POINT('',(-0.00344712245464933,-0.00293093980367767,-0.0019820553254612));
#12156=CARTESIAN_POINT('',(-0.00425782538036262,-0.00182159606957396,-0.00803845997156656));
#12157=CARTESIAN_POINT('',(-0.00425782538036262,-0.00293093980367767,-0.00803845997156656));
#12158=CARTESIAN_POINT('',(-0.00359275339944262,-0.002508,-0.00307));
#12159=CARTESIAN_POINT('',(-0.00367175825932739,-0.00228765587226787,-0.00366021052631582));
#12160=CARTESIAN_POINT('',(-0.00371188771196726,-0.002175735045483,-0.00396));
#12161=CARTESIAN_POINT('',(-0.00371120346399176,-0.00249569421532481,-0.00395488828461516));
#12162=CARTESIAN_POINT('',(-0.00371120346399175,-0.002495694215325,-0.00395488828461503));
#12163=CARTESIAN_POINT('',(-0.00422097524737572,-0.00255653587325114,-0.00776316885128897));
#12164=CARTESIAN_POINT('',(-0.00422097524737565,-0.0049077,-0.00776316885128905));
#12165=CARTESIAN_POINT('',(-0.00132870592293727,0.0137370251999986,0.0138437019502436));
#12166=CARTESIAN_POINT('',(-0.00301182899379619,-0.00263892568204014,-0.00202965351300941));
#12167=CARTESIAN_POINT('',(-0.00304928549322998,-0.00291874669908901,-0.00230947453005828));
#12168=CARTESIAN_POINT('',(-0.00329615476477297,-0.00265841943563468,-0.00197210025912458));
#12169=CARTESIAN_POINT('',(-0.00333361126420676,-0.00293824045268355,-0.00225192127617345));
#12170=CARTESIAN_POINT('',(-0.00351021440562434,-0.00250570635840127,-0.00209615957438933));
#12171=CARTESIAN_POINT('',(-0.00354767090505813,-0.00278552737545014,-0.0023759805914382));
#12172=CARTESIAN_POINT('',(-0.00348288979159137,-0.00230286446232954,-0.00230265910990806));
#12173=CARTESIAN_POINT('',(-0.00352034629102515,-0.0025826854793784,-0.00258248012695693));
#12174=CARTESIAN_POINT('',(-0.00471655501816618,-0.00255460708849065,-0.00769683114871084));
#12175=CARTESIAN_POINT('',(-0.00471655501816618,-0.00287800000000017,-0.00769683114871084));
#12176=CARTESIAN_POINT('',(-0.00478289272074456,-0.00255460708849065,-0.00819241091950161));
#12177=CARTESIAN_POINT('',(-0.00478289272074456,-0.00287800000000017,-0.00819241091950161));
#12178=CARTESIAN_POINT('',(-0.00428731294995376,-0.00255460708849065,-0.00825874862207978));
#12179=CARTESIAN_POINT('',(-0.00428731294995376,-0.00287800000000017,-0.00825874862207978));
#12180=CARTESIAN_POINT('',(-0.00422097524737579,-0.00255460708849065,-0.00776316885128896));
#12181=CARTESIAN_POINT('',(-0.00422097524737579,-0.00287800000000017,-0.00776316885128896));
#12182=CARTESIAN_POINT('',(-0.004468765132771,-0.00255600596273955,-0.00773));
#12183=CARTESIAN_POINT('',(-0.00471655501816549,0.002878,-0.00769683114871093));
#12184=CARTESIAN_POINT('',(-0.00475760378053428,-0.0028939,-0.00800348838065381));
#12185=CARTESIAN_POINT('',(-0.00475760378053428,-0.0025441,-0.00800348838065381));
#12186=CARTESIAN_POINT('',(-0.00385453100842121,-0.0028939,-0.00125702927791327));
#12187=CARTESIAN_POINT('',(-0.00385453100842121,-0.0025441,-0.00125702927791327));
#12188=CARTESIAN_POINT('',(-0.00389557977078996,0.002878,-0.00156368650985587));
#12189=CARTESIAN_POINT('',(-0.0039021800902986,-0.0028939,-0.0017336248505059));
#12190=CARTESIAN_POINT('',(-0.0039021800902986,-0.0025441,-0.0017336248505059));
#12191=CARTESIAN_POINT('',(-0.003932808216905,-0.0028939,-0.00118161382270383));
#12192=CARTESIAN_POINT('',(-0.003932808216905,-0.0025441,-0.00118161382270383));
#12193=CARTESIAN_POINT('',(-0.00355286006995846,-0.0028939,-0.000780000000000478));
#12194=CARTESIAN_POINT('',(-0.00355286006995846,-0.0025441,-0.000780000000000478));
#12195=CARTESIAN_POINT('',(-0.00299999999999996,-0.0028939,-0.0007800000000005));
#12196=CARTESIAN_POINT('',(-0.00299999999999996,-0.0025441,-0.0007800000000005));
#12197=CARTESIAN_POINT('',(-0.00244713993004147,-0.0028939,-0.000780000000000521));
#12198=CARTESIAN_POINT('',(-0.00244713993004147,-0.0025441,-0.000780000000000521));
#12199=CARTESIAN_POINT('',(-0.00206719178309497,-0.0028939,-0.00118161382270391));
#12200=CARTESIAN_POINT('',(-0.00206719178309497,-0.0025441,-0.00118161382270391));
#12201=CARTESIAN_POINT('',(-0.0020978199097014,-0.0028939,-0.00173362485050597));
#12202=CARTESIAN_POINT('',(-0.0020978199097014,-0.0025441,-0.00173362485050597));
#12203=CARTESIAN_POINT('',(-0.00210442022920959,0.002878,-0.00156368650985595));
#12204=CARTESIAN_POINT('',(-0.00214546899157876,-0.0028939,-0.00125702927791333));
#12205=CARTESIAN_POINT('',(-0.00214546899157876,-0.0025441,-0.00125702927791333));
#12206=CARTESIAN_POINT('',(-0.00124239621946569,-0.0028939,-0.00800348838065388));
#12207=CARTESIAN_POINT('',(-0.00124239621946569,-0.0025441,-0.00800348838065388));
#12208=CARTESIAN_POINT('',(-0.00128344498183447,0.002878,-0.00769683114871107));
#12209=CARTESIAN_POINT('',(-0.00177902475262421,-0.00255460708849079,-0.00776316885128896));
#12210=CARTESIAN_POINT('',(-0.00177902475262421,-0.00287800000000017,-0.00776316885128896));
#12211=CARTESIAN_POINT('',(-0.00171268705004627,-0.00255460708849079,-0.00825874862207949));
#12212=CARTESIAN_POINT('',(-0.00171268705004627,-0.00287800000000017,-0.00825874862207949));
#12213=CARTESIAN_POINT('',(-0.00121710727925574,-0.00255460708849079,-0.00819241091950149));
#12214=CARTESIAN_POINT('',(-0.00121710727925574,-0.00287800000000017,-0.00819241091950149));
#12215=CARTESIAN_POINT('',(-0.0012834449818338,-0.00255460708849079,-0.00769683114871098));
#12216=CARTESIAN_POINT('',(-0.0012834449818338,-0.00287800000000017,-0.00769683114871098));
#12217=CARTESIAN_POINT('',(-0.001531234867229,-0.00255600596273955,-0.00773));
#12218=CARTESIAN_POINT('',(-0.00136497065419932,-0.00256321528923375,-0.00818125558576924));
#12219=CARTESIAN_POINT('',(-0.00463502934580068,-0.00256321528923375,-0.00818125558576924));
#12220=CARTESIAN_POINT('',(-0.00136497065419932,-0.0024924789260913,-0.00375363269884591));
#12221=CARTESIAN_POINT('',(-0.00463502934580068,-0.0024924789260913,-0.00375363269884591));
#12222=CARTESIAN_POINT('',(-0.00175,-0.00249569421532475,-0.00395488828461501));
#12223=CARTESIAN_POINT('',(-0.00379171169611564,-0.00222949850104687,-0.00364454875044497));
#12224=CARTESIAN_POINT('',(-0.0022082883038842,-0.00222949850104687,-0.00364454875044497));
#12225=CARTESIAN_POINT('',(-0.00379171169611564,-0.00241482950259416,-0.00367613535877304));
#12226=CARTESIAN_POINT('',(-0.0022082883038842,-0.00241482950259416,-0.00367613535877304));
#12227=CARTESIAN_POINT('',(-0.00379171169611564,-0.00252325854272636,-0.00382972063546388));
#12228=CARTESIAN_POINT('',(-0.0022082883038842,-0.00252325854272636,-0.00382972063546388));
#12229=CARTESIAN_POINT('',(-0.00379171169611564,-0.00249098469872089,-0.00401493319700683));
#12230=CARTESIAN_POINT('',(-0.0022082883038842,-0.00249098469872089,-0.00401493319700683));
#12231=CARTESIAN_POINT('',(-0.00175,-0.00228765587226805,-0.00366021052631586));
#12232=CARTESIAN_POINT('',(-0.00374780129428325,-0.00240215319685937,-0.0036910446475616));
#12233=CARTESIAN_POINT('',(-0.00225219870571669,-0.00240215319685937,-0.0036910446475616));
#12234=CARTESIAN_POINT('',(-0.00374780129428325,-0.00174269799275192,-0.003578651399438));
#12235=CARTESIAN_POINT('',(-0.00225219870571669,-0.00174269799275192,-0.003578651399438));
#12236=CARTESIAN_POINT('',(-0.00374780129428325,-0.00160059998711669,-0.00292495302461773));
#12237=CARTESIAN_POINT('',(-0.00225219870571669,-0.00160059998711669,-0.00292495302461773));
#12238=CARTESIAN_POINT('',(-0.00374780129428325,-0.00215388747195353,-0.00254893923820677));
#12239=CARTESIAN_POINT('',(-0.00225219870571669,-0.00215388747195353,-0.00254893923820677));
#12240=CARTESIAN_POINT('',(-0.0065756724,-0.00288334925027994,-0.000676589157004889));
#12241=CARTESIAN_POINT('',(0.0065756724,-0.00288334925027994,-0.000676589157004889));
#12242=CARTESIAN_POINT('',(-0.0065756724,-0.00283928134238369,-0.000445577093777204));
#12243=CARTESIAN_POINT('',(0.0065756724,-0.00283928134238369,-0.000445577093777204));
#12244=CARTESIAN_POINT('',(-0.0065756724,-0.0030055770937772,-0.000279281342383694));
#12245=CARTESIAN_POINT('',(0.0065756724,-0.0030055770937772,-0.000279281342383694));
#12246=CARTESIAN_POINT('',(-0.0065756724,-0.00323658915700489,-0.000323349250279936));
#12247=CARTESIAN_POINT('',(0.0065756724,-0.00323658915700489,-0.000323349250279936));
#12248=CARTESIAN_POINT('',(-0.006565,-0.00318,-0.000318));
#12249=CARTESIAN_POINT('',(-0.005607,-0.00318,-0.000318));
#12250=CARTESIAN_POINT('',(0.005607,-0.00318,-0.000318));
#12251=CARTESIAN_POINT('',(-0.005607,-0.00318,-0.00062));
#12252=CARTESIAN_POINT('',(-0.005607,-0.0031453012968541,-0.000320000000000012));
#12253=CARTESIAN_POINT('',(-0.005607,-0.0031453012968541,-0.000320000000000012));
#12254=CARTESIAN_POINT('',(-0.005607,-0.00304382492811653,-0.000331736994650507));
#12255=CARTESIAN_POINT('',(-0.00560237281135608,-0.00286193425181067,-0.000487938908010751));
#12256=CARTESIAN_POINT('',(-0.00580600932929293,-0.002878,-0.00062));
#12257=CARTESIAN_POINT('',(-0.005907,-0.002878,-0.00062));
#12258=CARTESIAN_POINT('',(0.00590699999999999,-0.002878,-0.00062));
#12259=CARTESIAN_POINT('',(0.00580483271908026,-0.002878,-0.000619999999999996));
#12260=CARTESIAN_POINT('',(0.00560369196965685,-0.00286078932476275,-0.000489141144732194));
#12261=CARTESIAN_POINT('',(0.005607,-0.0030449483034694,-0.000331607062424186));
#12262=CARTESIAN_POINT('',(0.005607,-0.00314530129685416,-0.000320000000000005));
#12263=CARTESIAN_POINT('',(0.005607,-0.00314530129685416,-0.000320000000000006));
#12264=CARTESIAN_POINT('',(0.005607,-0.00318,-0.00062));
#12265=CARTESIAN_POINT('',(0.005607,-0.00259870248710598,-0.000336000000000006));
#12266=CARTESIAN_POINT('',(0.005607,-0.00259870248710598,1.60000000000003E-5));
#12267=CARTESIAN_POINT('',(0.005607,-0.0033595855958521,-0.000336000000000006));
#12268=CARTESIAN_POINT('',(0.005607,-0.0033595855958521,1.60000000000003E-5));
#12269=CARTESIAN_POINT('',(0.005607,-0.00256,-0.000318));
#12270=CARTESIAN_POINT('',(0.005607,-0.003325,-0.000318));
#12271=CARTESIAN_POINT('',(0.005607,-0.00256,-0.00032));
#12272=CARTESIAN_POINT('',(0.005607,-0.00263741360134998,-0.00032));
#12273=CARTESIAN_POINT('',(0.005607,-0.00318,-0.00062));
#12274=CARTESIAN_POINT('',(0.005607,-0.00318,0.));
#12275=CARTESIAN_POINT('',(0.005607,-0.00256,0.));
#12276=CARTESIAN_POINT('',(0.005607,-0.003325,0.));
#12277=CARTESIAN_POINT('',(0.005607,-0.003325,-0.0322504));
#12278=CARTESIAN_POINT('',(0.00525078560562428,-0.00361968617521861,-0.000333899999999998));
#12279=CARTESIAN_POINT('',(0.00525078560562428,-0.00361968617521861,1.58999999999992E-5));
#12280=CARTESIAN_POINT('',(0.00548026778763854,-0.0036634622426652,-0.000333899999999998));
#12281=CARTESIAN_POINT('',(0.00548026778763854,-0.0036634622426652,1.58999999999992E-5));
#12282=CARTESIAN_POINT('',(0.0056454622426652,-0.00349826778763854,-0.000333899999999998));
#12283=CARTESIAN_POINT('',(0.0056454622426652,-0.00349826778763854,1.58999999999992E-5));
#12284=CARTESIAN_POINT('',(0.00560168617521861,-0.00326878560562428,-0.000333899999999998));
#12285=CARTESIAN_POINT('',(0.00560168617521861,-0.00326878560562428,1.58999999999992E-5));
#12286=CARTESIAN_POINT('',(0.005307,-0.003625,0.));
#12287=CARTESIAN_POINT('',(0.005307,-0.003625,-0.000318));
#12288=CARTESIAN_POINT('',(0.005307,-0.003625,0.));
#12289=CARTESIAN_POINT('',(0.005307,-0.003325,-0.000318));
#12290=CARTESIAN_POINT('',(0.005307,-0.003325,0.));
#12291=CARTESIAN_POINT('',(-0.0061677,-0.00315775,0.));
#12292=CARTESIAN_POINT('',(0.0061677,-0.00315775,0.));
#12293=CARTESIAN_POINT('',(-0.0061677,-0.00364725,0.));
#12294=CARTESIAN_POINT('',(0.0061677,-0.00364725,0.));
#12295=CARTESIAN_POINT('',(-0.006565,-0.003625,0.));
#12296=CARTESIAN_POINT('',(-0.005307,-0.003625,0.));
#12297=CARTESIAN_POINT('',(-0.006565,-0.00318,0.));
#12298=CARTESIAN_POINT('',(-0.005607,-0.00318,0.));
#12299=CARTESIAN_POINT('',(-0.005607,-0.00318,0.));
#12300=CARTESIAN_POINT('',(-0.005607,-0.003325,0.));
#12301=CARTESIAN_POINT('',(-0.005307,-0.003325,0.));
#12302=CARTESIAN_POINT('',(-0.00525078560562428,-0.00361968617521861,1.58999999999992E-5));
#12303=CARTESIAN_POINT('',(-0.00525078560562428,-0.00361968617521861,-0.000333899999999998));
#12304=CARTESIAN_POINT('',(-0.00548026778763854,-0.0036634622426652,1.58999999999992E-5));
#12305=CARTESIAN_POINT('',(-0.00548026778763854,-0.0036634622426652,-0.000333899999999998));
#12306=CARTESIAN_POINT('',(-0.0056454622426652,-0.00349826778763854,1.58999999999992E-5));
#12307=CARTESIAN_POINT('',(-0.0056454622426652,-0.00349826778763854,-0.000333899999999998));
#12308=CARTESIAN_POINT('',(-0.00560168617521861,-0.00326878560562428,1.58999999999992E-5));
#12309=CARTESIAN_POINT('',(-0.00560168617521861,-0.00326878560562428,-0.000333899999999998));
#12310=CARTESIAN_POINT('',(-0.005307,-0.003625,0.));
#12311=CARTESIAN_POINT('',(-0.005307,-0.003625,-0.000318));
#12312=CARTESIAN_POINT('',(-0.005607,-0.003325,0.0182504));
#12313=CARTESIAN_POINT('',(-0.005607,-0.003325,-0.000318));
#12314=CARTESIAN_POINT('',(-0.005307,-0.003325,-0.000318));
#12315=CARTESIAN_POINT('',(-0.0061677,-0.00364725,-0.000318));
#12316=CARTESIAN_POINT('',(0.0061677,-0.00364725,-0.000318));
#12317=CARTESIAN_POINT('',(-0.0061677,-0.00315775,-0.000318));
#12318=CARTESIAN_POINT('',(0.0061677,-0.00315775,-0.000318));
#12319=CARTESIAN_POINT('',(-0.005607,-0.003625,-0.000318));
#12320=CARTESIAN_POINT('',(-0.006565,-0.003625,-0.000318));
#12321=CARTESIAN_POINT('',(-0.0058377,-0.003625,1.59E-5));
#12322=CARTESIAN_POINT('',(0.0058377,-0.003625,1.59E-5));
#12323=CARTESIAN_POINT('',(-0.0058377,-0.003625,-0.0003339));
#12324=CARTESIAN_POINT('',(0.0058377,-0.003625,-0.0003339));
#12325=CARTESIAN_POINT('',(-0.005607,-0.0033595855958521,-0.000336000000000012));
#12326=CARTESIAN_POINT('',(-0.005607,-0.0033595855958521,1.60000000000006E-5));
#12327=CARTESIAN_POINT('',(-0.005607,-0.00259870248710598,-0.000336000000000012));
#12328=CARTESIAN_POINT('',(-0.005607,-0.00259870248710598,1.60000000000006E-5));
#12329=CARTESIAN_POINT('',(-0.005607,-0.00318,-0.00062));
#12330=CARTESIAN_POINT('',(-0.005607,-0.00263741360134998,-0.00032));
#12331=CARTESIAN_POINT('',(-0.005607,-0.003625,-0.000320000000000006));
#12332=CARTESIAN_POINT('',(-0.00596321439437572,-0.00252679588568293,-0.000614686175218606));
#12333=CARTESIAN_POINT('',(-0.00596321439437572,-0.00317843342469083,-0.000614686175218606));
#12334=CARTESIAN_POINT('',(-0.00573373221236146,-0.00252679588568293,-0.000658462242665205));
#12335=CARTESIAN_POINT('',(-0.00573373221236146,-0.00317843342469083,-0.000658462242665205));
#12336=CARTESIAN_POINT('',(-0.00556853775733479,-0.00252679588568293,-0.000493267787638538));
#12337=CARTESIAN_POINT('',(-0.00556853775733479,-0.00317843342469083,-0.000493267787638538));
#12338=CARTESIAN_POINT('',(-0.00561231382478139,-0.00252679588568293,-0.00026378560562428));
#12339=CARTESIAN_POINT('',(-0.00561231382478139,-0.00317843342469083,-0.00026378560562428));
#12340=CARTESIAN_POINT('',(-0.005907,-0.00256,-0.00062));
#12341=CARTESIAN_POINT('',(-0.00574423719267083,-0.00256,-0.00062));
#12342=CARTESIAN_POINT('',(-0.005607,-0.0025590328492681,-0.000461761099985282));
#12343=CARTESIAN_POINT('',(-0.005607,-0.00263741360134998,-0.00032));
#12344=CARTESIAN_POINT('',(-0.005907,0.0137370252,-0.00062));
#12345=CARTESIAN_POINT('',(-0.0058741,-0.0021871,-0.00062));
#12346=CARTESIAN_POINT('',(-0.0058741,-0.0029109,-0.00062));
#12347=CARTESIAN_POINT('',(-0.0065979,-0.0021871,-0.00062));
#12348=CARTESIAN_POINT('',(-0.0065979,-0.0029109,-0.00062));
#12349=CARTESIAN_POINT('',(-0.006565,0.,-0.00062));
#12350=CARTESIAN_POINT('',(-0.006565,-0.00224,-0.00062));
#12351=CARTESIAN_POINT('',(-0.006565,-0.00222,-0.00062));
#12352=CARTESIAN_POINT('',(-0.005927,-0.00224,-0.00062));
#12353=CARTESIAN_POINT('',(-0.005927,-0.00224,-0.00062));
#12354=CARTESIAN_POINT('',(-0.006247,-0.00224,-0.00062));
#12355=CARTESIAN_POINT('',(-0.006247,0.,-0.00062));
#12356=CARTESIAN_POINT('',(-0.006247,-0.00222,-0.00062));
#12357=CARTESIAN_POINT('',(-0.0263758464,-0.00222,-0.00062));
#12358=CARTESIAN_POINT('',(-0.00686543208550854,-0.00227621439437572,-0.000614686175218606));
#12359=CARTESIAN_POINT('',(-0.00621382088532867,-0.00227621439437572,-0.000614686175218606));
#12360=CARTESIAN_POINT('',(-0.00686543208550854,-0.00204673221236146,-0.000658462242665205));
#12361=CARTESIAN_POINT('',(-0.00621382088532867,-0.00204673221236146,-0.000658462242665205));
#12362=CARTESIAN_POINT('',(-0.00686543208550854,-0.00188153775733479,-0.000493267787638535));
#12363=CARTESIAN_POINT('',(-0.00621382088532867,-0.00188153775733479,-0.000493267787638535));
#12364=CARTESIAN_POINT('',(-0.00686543208550854,-0.0019253138247814,-0.000263785605624274));
#12365=CARTESIAN_POINT('',(-0.00621382088532867,-0.0019253138247814,-0.000263785605624274));
#12366=CARTESIAN_POINT('',(-0.00632441360134998,-0.00192,-0.000320000000000005));
#12367=CARTESIAN_POINT('',(-0.00624572628325584,-0.00192,-0.000462315561813766));
#12368=CARTESIAN_POINT('',(-0.006247,-0.00205797999779496,-0.00062));
#12369=CARTESIAN_POINT('',(-0.006247,-0.00222,-0.00062));
#12370=CARTESIAN_POINT('',(-0.00632441360134998,-0.00192,-0.000320000000000006));
#12371=CARTESIAN_POINT('',(-0.006247,-0.00192,-0.000320000000000012));
#12372=CARTESIAN_POINT('',(-0.00683230129685405,-0.00192,-0.000320000000000018));
#12373=CARTESIAN_POINT('',(-0.006565,-0.00221999999999999,-0.00062));
#12374=CARTESIAN_POINT('',(-0.006565,-0.00211783271908027,-0.000619999999999996));
#12375=CARTESIAN_POINT('',(-0.00654778932476276,-0.00191669196965689,-0.000489141144732256));
#12376=CARTESIAN_POINT('',(-0.00673194830346932,-0.00192,-0.000331607062424232));
#12377=CARTESIAN_POINT('',(-0.00683230129685405,-0.00192,-0.000320000000000018));
#12378=CARTESIAN_POINT('',(-0.00692358915700489,-0.002471304,-0.000323349250279936));
#12379=CARTESIAN_POINT('',(-0.00692358915700489,0.002471304,-0.000323349250279936));
#12380=CARTESIAN_POINT('',(-0.0066925770937772,-0.002471304,-0.000279281342383694));
#12381=CARTESIAN_POINT('',(-0.0066925770937772,0.002471304,-0.000279281342383694));
#12382=CARTESIAN_POINT('',(-0.00652628134238369,-0.002471304,-0.000445577093777204));
#12383=CARTESIAN_POINT('',(-0.00652628134238369,0.002471304,-0.000445577093777204));
#12384=CARTESIAN_POINT('',(-0.00657034925027994,-0.002471304,-0.00067658915700489));
#12385=CARTESIAN_POINT('',(-0.00657034925027994,0.002471304,-0.00067658915700489));
#12386=CARTESIAN_POINT('',(-0.006867,-0.00192,-0.00062));
#12387=CARTESIAN_POINT('',(-0.006867,-0.00192,-0.000318));
#12388=CARTESIAN_POINT('',(-0.006867,-0.002878,-0.000318));
#12389=CARTESIAN_POINT('',(-0.006867,0.00192,-0.000318));
#12390=CARTESIAN_POINT('',(-0.006867,0.00192,-0.00062));
#12391=CARTESIAN_POINT('',(-0.00683230129685412,0.00192,-0.00032000000000001));
#12392=CARTESIAN_POINT('',(-0.00683230129685412,0.00192,-0.00032000000000001));
#12393=CARTESIAN_POINT('',(-0.00673082492811654,0.00192,-0.000331736994650501));
#12394=CARTESIAN_POINT('',(-0.00654893425181066,0.00191537281135607,-0.000487938908010742));
#12395=CARTESIAN_POINT('',(-0.006565,0.00211900932929292,-0.00062));
#12396=CARTESIAN_POINT('',(-0.006565,0.00222,-0.00062));
#12397=CARTESIAN_POINT('',(-0.006565,0.00222,-0.00062));
#12398=CARTESIAN_POINT('',(-0.006565,0.,-0.00062));
#12399=CARTESIAN_POINT('',(-0.0058741,0.0029109,-0.00062));
#12400=CARTESIAN_POINT('',(-0.0058741,0.0021871,-0.00062));
#12401=CARTESIAN_POINT('',(-0.0065979,0.0029109,-0.00062));
#12402=CARTESIAN_POINT('',(-0.0065979,0.0021871,-0.00062));
#12403=CARTESIAN_POINT('',(-0.005927,0.00224,-0.00062));
#12404=CARTESIAN_POINT('',(-0.006565,0.00224,-0.00062));
#12405=CARTESIAN_POINT('',(-0.006565,0.,-0.00062));
#12406=CARTESIAN_POINT('',(0.02441165086761,0.00222,-0.00062));
#12407=CARTESIAN_POINT('',(-0.006247,0.00222,-0.00062));
#12408=CARTESIAN_POINT('',(-0.006247,0.,-0.00062));
#12409=CARTESIAN_POINT('',(-0.006247,0.00224,-0.00062));
#12410=CARTESIAN_POINT('',(-0.005927,0.00224,-0.00062));
#12411=CARTESIAN_POINT('',(-0.005907,0.0137370252,-0.00062));
#12412=CARTESIAN_POINT('',(-0.006565,-0.0039445,4.9E-5));
#12413=CARTESIAN_POINT('',(-0.006565,0.0025345,4.9E-5));
#12414=CARTESIAN_POINT('',(-0.006565,-0.0039445,-0.014669));
#12415=CARTESIAN_POINT('',(-0.006565,0.0025345,-0.014669));
#12416=CARTESIAN_POINT('',(-0.006565,-0.00365,0.));
#12417=CARTESIAN_POINT('',(-0.006565,-0.00365,-0.0113000000000015));
#12418=CARTESIAN_POINT('',(-0.0065649999999999,-0.00365,-0.00926));
#12419=CARTESIAN_POINT('',(-0.006565,0.,-0.00926));
#12420=CARTESIAN_POINT('',(-0.006565,-0.00224,-0.00926));
#12421=CARTESIAN_POINT('',(-0.006565,-0.00224,0.));
#12422=CARTESIAN_POINT('',(-0.006565,0.00224,0.));
#12423=CARTESIAN_POINT('',(-0.006565,0.00224,-0.014));
#12424=CARTESIAN_POINT('',(-0.006565,-0.002878,-0.014));
#12425=CARTESIAN_POINT('',(-0.006565,-0.00365,-0.014));
#12426=CARTESIAN_POINT('',(-0.006565,-0.00365,0.));
#12427=CARTESIAN_POINT('',(-0.006565,-0.0006056840564903,-0.00829));
#12428=CARTESIAN_POINT('',(-0.006565,-0.000854521559879089,-0.00831408104871502));
#12429=CARTESIAN_POINT('',(-0.006565,-0.0006056840564903,-0.00854));
#12430=CARTESIAN_POINT('',(-0.006565,0.,-0.00854));
#12431=CARTESIAN_POINT('',(-0.006565,0.001748,-0.00854));
#12432=CARTESIAN_POINT('',(-0.006565,0.001748,-0.00841));
#12433=CARTESIAN_POINT('',(-0.006565,0.001878,-0.00841));
#12434=CARTESIAN_POINT('',(-0.006565,0.001878,0.));
#12435=CARTESIAN_POINT('',(-0.006565,0.001878,-0.00513));
#12436=CARTESIAN_POINT('',(-0.006565,0.001748,-0.00513));
#12437=CARTESIAN_POINT('',(-0.006565,0.001748,-0.005));
#12438=CARTESIAN_POINT('',(-0.006565,0.,-0.005));
#12439=CARTESIAN_POINT('',(-0.006565,0.001450600556568,-0.005));
#12440=CARTESIAN_POINT('',(-0.006565,0.001450600556568,-0.00475));
#12441=CARTESIAN_POINT('',(-0.006565,0.00120176305317913,-0.00472591895128498));
#12442=CARTESIAN_POINT('',(-0.006565,0.00120176305317909,-0.00472591895128498));
#12443=CARTESIAN_POINT('',(-0.006565,0.00147581188245994,-0.00189408104871502));
#12444=CARTESIAN_POINT('',(-0.006565,0.001226974379071,-0.00187));
#12445=CARTESIAN_POINT('',(-0.00656346460306169,0.00122698978531508,-0.0016200000026746));
#12446=CARTESIAN_POINT('',(-0.006565,0.,-0.00162000000534915));
#12447=CARTESIAN_POINT('',(-0.006561929489264,-0.00122697437907076,-0.00162000000267457));
#12448=CARTESIAN_POINT('',(-0.006565,-0.001226974379071,-0.00187));
#12449=CARTESIAN_POINT('',(-0.006565,-0.00147581188245987,-0.00189408104871505));
#12450=CARTESIAN_POINT('',(-0.006565,-0.00147581188245992,-0.00189408104871499));
#12451=CARTESIAN_POINT('',(-0.006565,-0.002302,-0.01243));
#12452=CARTESIAN_POINT('',(-0.006565,-0.002302,-0.01243));
#12453=CARTESIAN_POINT('',(-0.006565,-0.002302,-0.01058));
#12454=CARTESIAN_POINT('',(-0.006565,-0.002172,-0.01243));
#12455=CARTESIAN_POINT('',(-0.006565,-0.002172,-0.01256));
#12456=CARTESIAN_POINT('',(-0.006565,-0.000832,-0.01256));
#12457=CARTESIAN_POINT('',(-0.006565,-0.000832,-0.01256));
#12458=CARTESIAN_POINT('',(-0.006565,-0.000832,-0.01243));
#12459=CARTESIAN_POINT('',(-0.006565,-0.000702,-0.01243));
#12460=CARTESIAN_POINT('',(-0.006565,-0.000702,-0.01058));
#12461=CARTESIAN_POINT('',(-0.006565,-0.000702,-0.01058));
#12462=CARTESIAN_POINT('',(-0.006565,-0.000832,-0.01058));
#12463=CARTESIAN_POINT('',(-0.006565,-0.000832,-0.01045));
#12464=CARTESIAN_POINT('',(-0.006565,-0.002172,-0.01045));
#12465=CARTESIAN_POINT('',(-0.006565,-0.002172,-0.01045));
#12466=CARTESIAN_POINT('',(-0.006565,-0.002172,-0.01058));
#12467=CARTESIAN_POINT('',(-0.0062311,-0.00229969734259473,-0.0106043595708961));
#12468=CARTESIAN_POINT('',(-0.0065809,-0.00229969734259473,-0.0106043595708961));
#12469=CARTESIAN_POINT('',(-0.0062311,-0.00231866697182159,-0.0105049172920233));
#12470=CARTESIAN_POINT('',(-0.0065809,-0.00231866697182159,-0.0105049172920233));
#12471=CARTESIAN_POINT('',(-0.0062311,-0.0022470827079767,-0.0104333330281784));
#12472=CARTESIAN_POINT('',(-0.0065809,-0.0022470827079767,-0.0104333330281784));
#12473=CARTESIAN_POINT('',(-0.0062311,-0.00214764042910386,-0.0104523026574053));
#12474=CARTESIAN_POINT('',(-0.0065809,-0.00214764042910386,-0.0104523026574053));
#12475=CARTESIAN_POINT('',(-0.006565,-0.002172,-0.01045));
#12476=CARTESIAN_POINT('',(-0.006247,-0.002172,-0.01045));
#12477=CARTESIAN_POINT('',(-0.006247,-0.002172,-0.01058));
#12478=CARTESIAN_POINT('',(-0.006247,-0.002302,-0.01058));
#12479=CARTESIAN_POINT('',(-0.006565,-0.002302,-0.01058));
#12480=CARTESIAN_POINT('',(-0.0062311,-0.002302,-0.0125225));
#12481=CARTESIAN_POINT('',(-0.0065809,-0.002302,-0.0125225));
#12482=CARTESIAN_POINT('',(-0.0062311,-0.002302,-0.0104875));
#12483=CARTESIAN_POINT('',(-0.0065809,-0.002302,-0.0104875));
#12484=CARTESIAN_POINT('',(-0.006247,-0.002302,-0.00062));
#12485=CARTESIAN_POINT('',(-0.006247,-0.002302,-0.01243));
#12486=CARTESIAN_POINT('',(-0.006565,-0.002302,-0.01243));
#12487=CARTESIAN_POINT('',(-0.0062311,-0.00214764042910386,-0.0125576973425947));
#12488=CARTESIAN_POINT('',(-0.0065809,-0.00214764042910386,-0.0125576973425947));
#12489=CARTESIAN_POINT('',(-0.0062311,-0.0022470827079767,-0.0125766669718216));
#12490=CARTESIAN_POINT('',(-0.0065809,-0.0022470827079767,-0.0125766669718216));
#12491=CARTESIAN_POINT('',(-0.0062311,-0.00231866697182159,-0.0125050827079767));
#12492=CARTESIAN_POINT('',(-0.0065809,-0.00231866697182159,-0.0125050827079767));
#12493=CARTESIAN_POINT('',(-0.0062311,-0.00229969734259473,-0.0124056404291039));
#12494=CARTESIAN_POINT('',(-0.0065809,-0.00229969734259473,-0.0124056404291039));
#12495=CARTESIAN_POINT('',(-0.006247,-0.002172,-0.01243));
#12496=CARTESIAN_POINT('',(-0.006247,-0.002172,-0.01256));
#12497=CARTESIAN_POINT('',(-0.006565,-0.002172,-0.01256));
#12498=CARTESIAN_POINT('',(-0.0062311,-0.000765,-0.01256));
#12499=CARTESIAN_POINT('',(-0.0065809,-0.000765,-0.01256));
#12500=CARTESIAN_POINT('',(-0.0062311,-0.002239,-0.01256));
#12501=CARTESIAN_POINT('',(-0.0065809,-0.002239,-0.01256));
#12502=CARTESIAN_POINT('',(-0.006247,-0.002878,-0.01256));
#12503=CARTESIAN_POINT('',(-0.006247,-0.000832,-0.01256));
#12504=CARTESIAN_POINT('',(-0.006565,-0.000832,-0.01256));
#12505=CARTESIAN_POINT('',(-0.0062311,-0.00070430265740527,-0.0124056404291039));
#12506=CARTESIAN_POINT('',(-0.0065809,-0.00070430265740527,-0.0124056404291039));
#12507=CARTESIAN_POINT('',(-0.0062311,-0.000685333028178411,-0.0125050827079767));
#12508=CARTESIAN_POINT('',(-0.0065809,-0.000685333028178411,-0.0125050827079767));
#12509=CARTESIAN_POINT('',(-0.0062311,-0.000756917292023299,-0.0125766669718216));
#12510=CARTESIAN_POINT('',(-0.0065809,-0.000756917292023299,-0.0125766669718216));
#12511=CARTESIAN_POINT('',(-0.0062311,-0.000856359570896144,-0.0125576973425947));
#12512=CARTESIAN_POINT('',(-0.0065809,-0.000856359570896144,-0.0125576973425947));
#12513=CARTESIAN_POINT('',(-0.006247,-0.000832,-0.01243));
#12514=CARTESIAN_POINT('',(-0.006247,-0.000702,-0.01243));
#12515=CARTESIAN_POINT('',(-0.006565,-0.000702,-0.01243));
#12516=CARTESIAN_POINT('',(-0.0062311,-0.000702,-0.0104875));
#12517=CARTESIAN_POINT('',(-0.0065809,-0.000702,-0.0104875));
#12518=CARTESIAN_POINT('',(-0.0062311,-0.000702,-0.0125225));
#12519=CARTESIAN_POINT('',(-0.0065809,-0.000702,-0.0125225));
#12520=CARTESIAN_POINT('',(-0.006247,-0.000702,-0.00062));
#12521=CARTESIAN_POINT('',(-0.006247,-0.000702,-0.01058));
#12522=CARTESIAN_POINT('',(-0.006565,-0.000702,-0.01058));
#12523=CARTESIAN_POINT('',(-0.0062311,-0.000856359570896144,-0.0104523026574053));
#12524=CARTESIAN_POINT('',(-0.0065809,-0.000856359570896144,-0.0104523026574053));
#12525=CARTESIAN_POINT('',(-0.0062311,-0.000756917292023299,-0.0104333330281784));
#12526=CARTESIAN_POINT('',(-0.0065809,-0.000756917292023299,-0.0104333330281784));
#12527=CARTESIAN_POINT('',(-0.0062311,-0.000685333028178411,-0.0105049172920233));
#12528=CARTESIAN_POINT('',(-0.0065809,-0.000685333028178411,-0.0105049172920233));
#12529=CARTESIAN_POINT('',(-0.0062311,-0.00070430265740527,-0.0106043595708961));
#12530=CARTESIAN_POINT('',(-0.0065809,-0.00070430265740527,-0.0106043595708961));
#12531=CARTESIAN_POINT('',(-0.006247,-0.000832,-0.01058));
#12532=CARTESIAN_POINT('',(-0.006247,-0.000832,-0.01045));
#12533=CARTESIAN_POINT('',(-0.006565,-0.000832,-0.01045));
#12534=CARTESIAN_POINT('',(-0.0062311,-0.002239,-0.01045));
#12535=CARTESIAN_POINT('',(-0.0065809,-0.002239,-0.01045));
#12536=CARTESIAN_POINT('',(-0.0062311,-0.000765,-0.01045));
#12537=CARTESIAN_POINT('',(-0.0065809,-0.000765,-0.01045));
#12538=CARTESIAN_POINT('',(-0.006247,-0.002878,-0.01045));
#12539=CARTESIAN_POINT('',(-0.006247,-0.002382,-0.0103445));
#12540=CARTESIAN_POINT('',(-0.006247,-0.000622,-0.0103445));
#12541=CARTESIAN_POINT('',(-0.006247,-0.002382,-0.0126655));
#12542=CARTESIAN_POINT('',(-0.006247,-0.000622,-0.0126655));
#12543=CARTESIAN_POINT('',(-0.006247,-0.002878,-0.01092413207547));
#12544=CARTESIAN_POINT('',(-0.006247,-0.000972,-0.0109241320754708));
#12545=CARTESIAN_POINT('',(-0.006247,-0.002032,-0.01092413207547));
#12546=CARTESIAN_POINT('',(-0.006247,-0.002032,-0.01045));
#12547=CARTESIAN_POINT('',(-0.006247,-0.002032,-0.01238));
#12548=CARTESIAN_POINT('',(-0.006247,-0.000972,-0.01238));
#12549=CARTESIAN_POINT('',(-0.006247,-0.000972,-0.01238));
#12550=CARTESIAN_POINT('',(-0.006247,-0.000972,-0.00062));
#12551=CARTESIAN_POINT('',(-0.00622535,-0.000972,-0.0124532301566038));
#12552=CARTESIAN_POINT('',(-0.00670165,-0.000972,-0.0124532301566038));
#12553=CARTESIAN_POINT('',(-0.00622535,-0.000972,-0.0108421667113198));
#12554=CARTESIAN_POINT('',(-0.00670165,-0.000972,-0.0108421667113198));
#12555=CARTESIAN_POINT('',(-0.00668,-0.000972,-0.01238));
#12556=CARTESIAN_POINT('',(-0.00668,-0.000972,-0.01238));
#12557=CARTESIAN_POINT('',(-0.00668,-0.000972,-0.01188));
#12558=CARTESIAN_POINT('',(-0.00668,-0.000972,-0.01188));
#12559=CARTESIAN_POINT('',(-0.00615,-0.000972,-0.01071));
#12560=CARTESIAN_POINT('',(-0.00670165,-0.000919,-0.01238));
#12561=CARTESIAN_POINT('',(-0.00670165,-0.002085,-0.01238));
#12562=CARTESIAN_POINT('',(-0.00622535,-0.000919,-0.01238));
#12563=CARTESIAN_POINT('',(-0.00622535,-0.002085,-0.01238));
#12564=CARTESIAN_POINT('',(0.,-0.002032,-0.01238));
#12565=CARTESIAN_POINT('',(-0.00668,-0.002032,-0.01238));
#12566=CARTESIAN_POINT('',(-0.00668,-0.000972,-0.01238));
#12567=CARTESIAN_POINT('',(-0.00622535,-0.002032,-0.0124532301566039));
#12568=CARTESIAN_POINT('',(-0.00670165,-0.002032,-0.0124532301566039));
#12569=CARTESIAN_POINT('',(-0.00622535,-0.002032,-0.010842166711319));
#12570=CARTESIAN_POINT('',(-0.00670165,-0.002032,-0.010842166711319));
#12571=CARTESIAN_POINT('',(-0.006247,-0.002032,-0.01092413207547));
#12572=CARTESIAN_POINT('',(-0.00668,-0.002032,-0.01188));
#12573=CARTESIAN_POINT('',(-0.00668,-0.002032,-0.01045));
#12574=CARTESIAN_POINT('',(-0.00668,-0.000919,-0.011855));
#12575=CARTESIAN_POINT('',(-0.00668,-0.002085,-0.011855));
#12576=CARTESIAN_POINT('',(-0.00668,-0.000919,-0.012405));
#12577=CARTESIAN_POINT('',(-0.00668,-0.002085,-0.012405));
#12578=CARTESIAN_POINT('',(-0.00668,-0.000972,-0.01188));
#12579=CARTESIAN_POINT('',(-0.00622534999999934,-0.000919,-0.0108763386792438));
#12580=CARTESIAN_POINT('',(-0.00622534999999934,-0.002085,-0.0108763386792438));
#12581=CARTESIAN_POINT('',(-0.00670165000000008,-0.000919,-0.0119277933962265));
#12582=CARTESIAN_POINT('',(-0.00670165000000008,-0.002085,-0.0119277933962265));
#12583=CARTESIAN_POINT('',(-0.0065809,0.00118806061171496,-0.00486751084641346));
#12584=CARTESIAN_POINT('',(-0.0062311,0.00118806061171496,-0.00486751084641346));
#12585=CARTESIAN_POINT('',(-0.0065809,0.00148951432392401,-0.00175248915358653));
#12586=CARTESIAN_POINT('',(-0.0062311,0.00148951432392401,-0.00175248915358653));
#12587=CARTESIAN_POINT('',(0.006565,0.00120176305317917,-0.00472591895128499));
#12588=CARTESIAN_POINT('',(-0.006247,0.00120176305317909,-0.00472591895128497));
#12589=CARTESIAN_POINT('',(-0.006247,0.001201763053179,-0.004725918951285));
#12590=CARTESIAN_POINT('',(-0.006247,0.00147581188245996,-0.00189408104871503));
#12591=CARTESIAN_POINT('',(0.006565,0.00147581188245997,-0.00189408104871499));
#12592=CARTESIAN_POINT('',(-0.0065809,0.00121068298805082,-0.00467971799435983));
#12593=CARTESIAN_POINT('',(-0.0062311,0.00121068298805082,-0.00467971799435983));
#12594=CARTESIAN_POINT('',(-0.0065809,0.00115198185815351,-0.00488010260526974));
#12595=CARTESIAN_POINT('',(-0.0062311,0.00115198185815351,-0.00488010260526974));
#12596=CARTESIAN_POINT('',(-0.0065809,0.00129233872095424,-0.00503469809681292));
#12597=CARTESIAN_POINT('',(-0.0062311,0.00129233872095424,-0.00503469809681292));
#12598=CARTESIAN_POINT('',(-0.0065809,0.00149744588521443,-0.00499557181268217));
#12599=CARTESIAN_POINT('',(-0.0062311,0.00149744588521443,-0.00499557181268217));
#12600=CARTESIAN_POINT('',(0.006565,0.001450600556568,-0.005));
#12601=CARTESIAN_POINT('',(-0.006247,0.001450600556568,-0.005));
#12602=CARTESIAN_POINT('',(-0.006247,0.001450600556568,-0.00475));
#12603=CARTESIAN_POINT('',(-0.0065809,0.0017628699721716,-0.005));
#12604=CARTESIAN_POINT('',(-0.0062311,0.0017628699721716,-0.005));
#12605=CARTESIAN_POINT('',(-0.0065809,0.0014357305843964,-0.005));
#12606=CARTESIAN_POINT('',(-0.0062311,0.0014357305843964,-0.005));
#12607=CARTESIAN_POINT('',(0.006565,0.001748,-0.005));
#12608=CARTESIAN_POINT('',(-0.006247,0.001748,-0.005));
#12609=CARTESIAN_POINT('',(-0.006247,0.001748,-0.005));
#12610=CARTESIAN_POINT('',(-0.0065809,0.00187569734259473,-0.00515435957089614));
#12611=CARTESIAN_POINT('',(-0.0062311,0.00187569734259473,-0.00515435957089614));
#12612=CARTESIAN_POINT('',(-0.0065809,0.00189466697182159,-0.0050549172920233));
#12613=CARTESIAN_POINT('',(-0.0062311,0.00189466697182159,-0.0050549172920233));
#12614=CARTESIAN_POINT('',(-0.0065809,0.0018230827079767,-0.00498333302817841));
#12615=CARTESIAN_POINT('',(-0.0062311,0.0018230827079767,-0.00498333302817841));
#12616=CARTESIAN_POINT('',(-0.0065809,0.00172364042910386,-0.00500230265740527));
#12617=CARTESIAN_POINT('',(-0.0062311,0.00172364042910386,-0.00500230265740527));
#12618=CARTESIAN_POINT('',(0.006565,0.001878,-0.00513));
#12619=CARTESIAN_POINT('',(-0.006247,0.001878,-0.00513));
#12620=CARTESIAN_POINT('',(-0.006247,0.001748,-0.00513));
#12621=CARTESIAN_POINT('',(-0.0065809,0.001878,-0.008574));
#12622=CARTESIAN_POINT('',(-0.0062311,0.001878,-0.008574));
#12623=CARTESIAN_POINT('',(-0.0065809,0.001878,-0.004966));
#12624=CARTESIAN_POINT('',(-0.0062311,0.001878,-0.004966));
#12625=CARTESIAN_POINT('',(0.006565,0.001878,-0.00841));
#12626=CARTESIAN_POINT('',(-0.006247,0.001878,-0.00841));
#12627=CARTESIAN_POINT('',(-0.006247,0.001878,-0.00841));
#12628=CARTESIAN_POINT('',(-0.0065809,0.00172364042910386,-0.00853769734259473));
#12629=CARTESIAN_POINT('',(-0.0062311,0.00172364042910386,-0.00853769734259473));
#12630=CARTESIAN_POINT('',(-0.0065809,0.0018230827079767,-0.00855666697182159));
#12631=CARTESIAN_POINT('',(-0.0062311,0.0018230827079767,-0.00855666697182159));
#12632=CARTESIAN_POINT('',(-0.0065809,0.00189466697182159,-0.0084850827079767));
#12633=CARTESIAN_POINT('',(-0.0062311,0.00189466697182159,-0.0084850827079767));
#12634=CARTESIAN_POINT('',(-0.0065809,0.00187569734259473,-0.00838564042910386));
#12635=CARTESIAN_POINT('',(-0.0062311,0.00187569734259473,-0.00838564042910386));
#12636=CARTESIAN_POINT('',(0.006565,0.001748,-0.00854));
#12637=CARTESIAN_POINT('',(-0.006247,0.001748,-0.00854));
#12638=CARTESIAN_POINT('',(-0.006247,0.001748,-0.00841));
#12639=CARTESIAN_POINT('',(-0.0065809,-0.000723368259314815,-0.00854));
#12640=CARTESIAN_POINT('',(-0.0062311,-0.000723368259314815,-0.00854));
#12641=CARTESIAN_POINT('',(-0.0065809,0.00186568420282451,-0.00854));
#12642=CARTESIAN_POINT('',(-0.0062311,0.00186568420282451,-0.00854));
#12643=CARTESIAN_POINT('',(0.006565,-0.0006056840564903,-0.00854));
#12644=CARTESIAN_POINT('',(-0.006247,-0.0006056840564903,-0.00854));
#12645=CARTESIAN_POINT('',(-0.006247,-0.0006056840564903,-0.00854));
#12646=CARTESIAN_POINT('',(-0.0065809,-0.000854626302137124,-0.0082670270086337));
#12647=CARTESIAN_POINT('',(-0.0062311,-0.000854626302137124,-0.0082670270086337));
#12648=CARTESIAN_POINT('',(-0.0065809,-0.000871293532036084,-0.00844763812599323));
#12649=CARTESIAN_POINT('',(-0.0062311,-0.000871293532036084,-0.00844763812599323));
#12650=CARTESIAN_POINT('',(-0.0065809,-0.000737004548455359,-0.00856955876065046));
#12651=CARTESIAN_POINT('',(-0.0062311,-0.000737004548455359,-0.00856955876065046));
#12652=CARTESIAN_POINT('',(-0.0065809,-0.000558838727843869,-0.00853557181268217));
#12653=CARTESIAN_POINT('',(-0.0062311,-0.000558838727843869,-0.00853557181268217));
#12654=CARTESIAN_POINT('',(0.006565,-0.000854521559879067,-0.008314081048715));
#12655=CARTESIAN_POINT('',(-0.006247,-0.000854521559879065,-0.00831408104871502));
#12656=CARTESIAN_POINT('',(-0.006247,-0.0006056840564903,-0.00829));
#12657=CARTESIAN_POINT('',(-0.0065809,-0.00150687639858874,-0.00157308104871503));
#12658=CARTESIAN_POINT('',(-0.0062311,-0.00150687639858874,-0.00157308104871503));
#12659=CARTESIAN_POINT('',(-0.0065809,-0.000823457043750033,-0.00863508104871502));
#12660=CARTESIAN_POINT('',(-0.0062311,-0.000823457043750033,-0.00863508104871502));
#12661=CARTESIAN_POINT('',(0.006568392386878,-0.00147581188245982,-0.00189408104871504));
#12662=CARTESIAN_POINT('',(-0.006247,-0.00147581188245977,-0.00189408104871504));
#12663=CARTESIAN_POINT('',(-0.006247,-0.001502335854916,-0.00162));
#12664=CARTESIAN_POINT('',(-0.006247,-0.002464,-0.000207));
#12665=CARTESIAN_POINT('',(-0.006247,0.002464,-0.000207));
#12666=CARTESIAN_POINT('',(-0.006247,-0.002464,-0.009293));
#12667=CARTESIAN_POINT('',(-0.006247,0.002464,-0.009293));
#12668=CARTESIAN_POINT('',(-0.006247,-0.00224,-0.00062));
#12669=CARTESIAN_POINT('',(-0.006247,-0.00224,-0.00888));
#12670=CARTESIAN_POINT('',(-0.006247,-0.002878,-0.00888));
#12671=CARTESIAN_POINT('',(-0.006247,0.00224,-0.00888));
#12672=CARTESIAN_POINT('',(-0.006247,0.00224,-0.00062));
#12673=CARTESIAN_POINT('',(-0.006247,-0.002878,-0.00062));
#12674=CARTESIAN_POINT('',(-0.006247,-0.002878,-0.001620000001478));
#12675=CARTESIAN_POINT('',(-0.00624700000011508,-0.00122540948675999,-0.00162000000070203));
#12676=CARTESIAN_POINT('',(-0.00624700558146746,0.0012254095427735,-0.00162000000055421));
#12677=CARTESIAN_POINT('',(-0.006247,0.001226974379071,-0.00187));
#12678=CARTESIAN_POINT('',(-0.006247,-0.001226974379071,-0.00187));
#12679=CARTESIAN_POINT('',(-0.006247,0.00122318169943479,-0.00162002877049313));
#12680=CARTESIAN_POINT('',(-0.006565,0.00122318169943479,-0.00162002877049313));
#12681=CARTESIAN_POINT('',(-0.006247,0.00138293698011151,-0.00161760488914889));
#12682=CARTESIAN_POINT('',(-0.006565,0.00138293698011151,-0.00161760488914888));
#12683=CARTESIAN_POINT('',(-0.006247,0.00149119862109374,-0.00173508474949773));
#12684=CARTESIAN_POINT('',(-0.006565,0.00149119862109374,-0.00173508474949773));
#12685=CARTESIAN_POINT('',(-0.006247,0.00147581188245983,-0.00189408104871502));
#12686=CARTESIAN_POINT('',(-0.006565,0.00147581188245983,-0.00189408104871502));
#12687=CARTESIAN_POINT('',(0.006568392386878,0.001226974379071,-0.00162));
#12688=CARTESIAN_POINT('',(-0.00656700122343512,0.00123219432068587,-0.00162005281199991));
#12689=CARTESIAN_POINT('',(-0.00622073307145236,0.00122873769198819,-0.00162005281199991));
#12690=CARTESIAN_POINT('',(-0.00656837526310083,0.00109454974922419,-0.00161722297876656));
#12691=CARTESIAN_POINT('',(-0.00622210711111807,0.0010910931205265,-0.00161722297876656));
#12692=CARTESIAN_POINT('',(-0.00656940422129661,0.000991473751168431,-0.00170868657341894));
#12693=CARTESIAN_POINT('',(-0.00622313606931385,0.000988017122470744,-0.00170868657341894));
#12694=CARTESIAN_POINT('',(-0.00656953648113483,0.000978224607634225,-0.00184598577754629));
#12695=CARTESIAN_POINT('',(-0.00622326832915207,0.000974767978936539,-0.00184598577754629));
#12696=CARTESIAN_POINT('',(-0.0065649999999994,0.00122698978600492,-0.00162000000421245));
#12697=CARTESIAN_POINT('',(-0.00656499999999932,0.00116471023517936,-0.00162001143658617));
#12698=CARTESIAN_POINT('',(-0.0065659172116492,0.00110382691025235,-0.00164393822067546));
#12699=CARTESIAN_POINT('',(-0.00656162469237234,0.00105836235413015,-0.00168543698189915));
#12700=CARTESIAN_POINT('',(-0.00656162469237283,0.00105836235413,-0.00168543698189903));
#12701=CARTESIAN_POINT('',(-0.00624531234618586,0.00110019056486454,-0.00165271849094953));
#12702=CARTESIAN_POINT('',(-0.00624756210271256,0.00113843532825564,-0.00163096853413142));
#12703=CARTESIAN_POINT('',(-0.00624700000402147,0.00118193824244667,-0.00161973559404201));
#12704=CARTESIAN_POINT('',(-0.00624699999996327,0.00122540951308997,-0.00162000479386348));
#12705=CARTESIAN_POINT('',(-0.00624531234618675,0.0011001905648643,-0.00165271849095008));
#12706=CARTESIAN_POINT('',(-0.00622283733636469,0.00122362003636073,-0.00187));
#12707=CARTESIAN_POINT('',(-0.00622532130238517,0.000974788472782049,-0.00184598577755183));
#12708=CARTESIAN_POINT('',(-0.006545017960512,0.000977979851015092,-0.00184598577755199));
#12709=CARTESIAN_POINT('',(-0.00654501796051141,0.000977979851015119,-0.00184598577755183));
#12710=CARTESIAN_POINT('',(-0.00654253399449079,0.00122681141459378,-0.00187));
#12711=CARTESIAN_POINT('',(-0.00624699985786316,0.0012401144569507,-0.00161969933635423));
#12712=CARTESIAN_POINT('',(-0.00624699985786316,-0.00124011440093719,-0.00161969933635423));
#12713=CARTESIAN_POINT('',(-0.00624701028715454,0.0012401144569507,-0.0016307299788123));
#12714=CARTESIAN_POINT('',(-0.00624701028715454,-0.00124011440093719,-0.0016307299788123));
#12715=CARTESIAN_POINT('',(-0.00624644728045593,0.0012401144569507,-0.00164174629414858));
#12716=CARTESIAN_POINT('',(-0.00624644728045593,-0.00124011440093719,-0.00164174629414858));
#12717=CARTESIAN_POINT('',(-0.00624531234618581,0.0012401144569507,-0.00165271849094998));
#12718=CARTESIAN_POINT('',(-0.00624531234618581,-0.00124011440093719,-0.00165271849094998));
#12719=CARTESIAN_POINT('',(-0.00624699999996327,-0.00122540945709758,-0.00162000479351675));
#12720=CARTESIAN_POINT('',(-0.00624700000407045,-0.00118140881368339,-0.00161973232536028));
#12721=CARTESIAN_POINT('',(-0.00624752994437854,-0.00113788865221952,-0.00163127943107774));
#12722=CARTESIAN_POINT('',(-0.00624531234618857,-0.00110019056486371,-0.0016527184909494));
#12723=CARTESIAN_POINT('',(-0.00624531234618675,-0.00110019056486414,-0.00165271849095008));
#12724=CARTESIAN_POINT('',(-0.00624531234618669,0.,-0.00165271849095007));
#12725=CARTESIAN_POINT('',(-0.00657975449834983,-0.00122366855404152,-0.00162));
#12726=CARTESIAN_POINT('',(-0.00622917499102925,-0.00122366855404152,-0.00162));
#12727=CARTESIAN_POINT('',(-0.00657975449834983,-0.0012271317993105,-0.00162));
#12728=CARTESIAN_POINT('',(-0.00622917499102925,-0.0012271317993105,-0.00162));
#12729=CARTESIAN_POINT('',(-0.00624701570363178,-0.00122384475203788,-0.00162000000055408));
#12730=CARTESIAN_POINT('',(-0.00635096346192983,-0.00122488796111832,-0.00162000000018469));
#12731=CARTESIAN_POINT('',(-0.00645491122022895,-0.00122593117012745,-0.00162));
#12732=CARTESIAN_POINT('',(-0.00655885897852806,-0.00122697437906522,-0.00162));
#12733=CARTESIAN_POINT('',(0.006565,-0.001226974379071,-0.00162));
#12734=CARTESIAN_POINT('',(-0.006247,-0.00147581188245982,-0.00189408104871505));
#12735=CARTESIAN_POINT('',(-0.006565,-0.00147581188245982,-0.00189408104871505));
#12736=CARTESIAN_POINT('',(-0.006247,-0.0014911986237461,-0.00173508472209021));
#12737=CARTESIAN_POINT('',(-0.006565,-0.0014911986237461,-0.00173508472209021));
#12738=CARTESIAN_POINT('',(-0.006247,-0.00138293695089464,-0.00161760485364681));
#12739=CARTESIAN_POINT('',(-0.006565,-0.00138293695089464,-0.00161760485364681));
#12740=CARTESIAN_POINT('',(-0.006247,-0.00122318164320353,-0.0016200287713463));
#12741=CARTESIAN_POINT('',(-0.006565,-0.00122318164320353,-0.0016200287713463));
#12742=CARTESIAN_POINT('',(-0.00622074876678529,-0.00122716550277408,-0.00162002543597332));
#12743=CARTESIAN_POINT('',(-0.00656701676314484,-0.00123062212991825,-0.00162002543597332));
#12744=CARTESIAN_POINT('',(-0.00622211565358694,-0.00109023747023945,-0.00161807192290077));
#12745=CARTESIAN_POINT('',(-0.00656838364994649,-0.00109369409738363,-0.00161807192290077));
#12746=CARTESIAN_POINT('',(-0.00622313672152134,-0.000987951879967646,-0.00170936267334416));
#12747=CARTESIAN_POINT('',(-0.00656940471788089,-0.000991408507111821,-0.00170936267334416));
#12748=CARTESIAN_POINT('',(-0.00622326833007488,-0.000974767978945406,-0.00184598577754653));
#12749=CARTESIAN_POINT('',(-0.00656953632643444,-0.000978224606089581,-0.00184598577754653));
#12750=CARTESIAN_POINT('',(-0.00656500000000408,-0.00122697437906999,-0.00162000000751451));
#12751=CARTESIAN_POINT('',(-0.00656500000000391,-0.00116574594626853,-0.0016200150199335));
#12752=CARTESIAN_POINT('',(-0.0065659555645357,-0.00110423312787152,-0.00164356743671915));
#12753=CARTESIAN_POINT('',(-0.00656162469237234,-0.00105836235413005,-0.00168543698189896));
#12754=CARTESIAN_POINT('',(-0.00656162469237286,-0.00105836235413002,-0.00168543698189899));
#12755=CARTESIAN_POINT('',(-0.00654253399449079,-0.00122681141459345,-0.00187));
#12756=CARTESIAN_POINT('',(-0.00654501796051172,-0.000977979851014934,-0.00184598577755183));
#12757=CARTESIAN_POINT('',(-0.006225321302385,-0.000974788472782042,-0.001845985777552));
#12758=CARTESIAN_POINT('',(-0.00622532130238532,-0.000974788472781905,-0.00184598577755183));
#12759=CARTESIAN_POINT('',(-0.00622283733636469,-0.00122362003636041,-0.00187));
#12760=CARTESIAN_POINT('',(-0.00565215073691293,-0.00122473213680677,-0.00738722319614286));
#12761=CARTESIAN_POINT('',(-0.00627355813710449,-0.00122473213680677,-0.00137964683832184));
#12762=CARTESIAN_POINT('',(-0.00565215073691293,0.00122473213680693,-0.00738722319614286));
#12763=CARTESIAN_POINT('',(-0.00627355813710449,0.00122473213680693,-0.00137964683832184));
#12764=CARTESIAN_POINT('',(-0.00568039653597694,0.,-0.00711415146475558));
#12765=CARTESIAN_POINT('',(-0.00568039656145962,0.000460928917084235,-0.00711415154699311));
#12766=CARTESIAN_POINT('',(-0.0056803965358769,-0.000460928924671817,-0.00711415146572274));
#12767=CARTESIAN_POINT('',(-0.00596285444108178,0.0007272843883859,-0.00438343497785222));
#12768=CARTESIAN_POINT('',(-0.0062253213023853,-0.0009747884727821,-0.00184598577755203));
#12769=CARTESIAN_POINT('',(-0.00659170337893205,-0.00100708981873267,-0.00154918192286931));
#12770=CARTESIAN_POINT('',(-0.00598494455283206,-0.000434921252546851,-0.00741514035441335));
#12771=CARTESIAN_POINT('',(-0.00624375979812673,-0.00100708981873267,-0.00151319158282476));
#12772=CARTESIAN_POINT('',(-0.00563700097202674,-0.00043492125254685,-0.0073791500143688));
#12773=CARTESIAN_POINT('',(-0.00627916678726862,-0.0007272843883859,-0.00441615346880182));
#12774=CARTESIAN_POINT('',(-0.00599670888424149,-0.000460928913954789,-0.00714686993561603));
#12775=CARTESIAN_POINT('',(-0.00583855270907028,-0.000460928914646178,-0.00713051071023027));
#12776=CARTESIAN_POINT('',(-0.00567715417280779,-0.000460928934798168,-0.00711381608873366));
#12777=CARTESIAN_POINT('',(-0.00566825658051903,-0.00045251521938123,-0.00720007454120577));
#12778=CARTESIAN_POINT('',(-0.00568603268031816,-0.000441556160219362,-0.00738175145145664));
#12779=CARTESIAN_POINT('',(-0.0058243202054206,-0.000434782047482448,-0.00762434153886305));
#12780=CARTESIAN_POINT('',(-0.00605139489642468,-0.000428008011046002,-0.00778685919547401));
#12781=CARTESIAN_POINT('',(-0.00623028131422588,-0.000417048976855984,-0.00782323506193496));
#12782=CARTESIAN_POINT('',(-0.00631699999481432,-0.000408635013717636,-0.00782325966411585));
#12783=CARTESIAN_POINT('',(-0.00567820881549281,-0.00046092893476541,-0.00711392517704725));
#12784=CARTESIAN_POINT('',(-0.00566932547412783,-0.000452528896573958,-0.00720004532555534));
#12785=CARTESIAN_POINT('',(-0.00568707497784656,-0.000441577241643557,-0.00738142480842996));
#12786=CARTESIAN_POINT('',(-0.00582513313150014,-0.000434782047863085,-0.00762360837149216));
#12787=CARTESIAN_POINT('',(-0.00605182705480658,-0.000427986929716379,-0.00778585603990586));
#12788=CARTESIAN_POINT('',(-0.0062304203555892,-0.000417035299260527,-0.007822174846951));
#12789=CARTESIAN_POINT('',(-0.00631699999587175,-0.000408635013750347,-0.00782219939459191));
#12790=CARTESIAN_POINT('',(-0.00567926345817783,-0.000460928934732651,-0.00711403426536083));
#12791=CARTESIAN_POINT('',(-0.00567039436773664,-0.000452542573766685,-0.00720001610990492));
#12792=CARTESIAN_POINT('',(-0.00568811727537496,-0.000441598323067753,-0.00738109816540327));
#12793=CARTESIAN_POINT('',(-0.00582594605757968,-0.000434782048243723,-0.00762287520412128));
#12794=CARTESIAN_POINT('',(-0.00605225921318847,-0.000427965848386755,-0.00778485288433771));
#12795=CARTESIAN_POINT('',(-0.00623055939695252,-0.000417021621665071,-0.00782111463196704));
#12796=CARTESIAN_POINT('',(-0.00631699999692917,-0.000408635013783057,-0.00782113912506796));
#12797=CARTESIAN_POINT('',(-0.00568031810086286,-0.000460928934699893,-0.00711414335367441));
#12798=CARTESIAN_POINT('',(-0.00567146326134544,-0.000452556250959413,-0.00719998689425449));
#12799=CARTESIAN_POINT('',(-0.00568915957290336,-0.000441619404491948,-0.00738077152237659));
#12800=CARTESIAN_POINT('',(-0.00582675898365922,-0.00043478204862436,-0.00762214203675039));
#12801=CARTESIAN_POINT('',(-0.00605269137157036,-0.000427944767057131,-0.00778384972876956));
#12802=CARTESIAN_POINT('',(-0.00623069843831584,-0.000417007944069614,-0.00782005441698308));
#12803=CARTESIAN_POINT('',(-0.0063169999979866,-0.000408635013815768,-0.00782007885554402));
#12804=CARTESIAN_POINT('',(-0.00578578236936522,-0.000460928931424049,-0.00712505218503268));
#12805=CARTESIAN_POINT('',(-0.00577835262222598,-0.000453923970232166,-0.00719706532921195));
#12806=CARTESIAN_POINT('',(-0.00579338932574348,-0.000443727546911503,-0.00734810721970817));
#12807=CARTESIAN_POINT('',(-0.00590805159161305,-0.000434782086688108,-0.0075488252996619));
#12808=CARTESIAN_POINT('',(-0.00609590720975951,-0.000425836634094797,-0.00768353417195457));
#12809=CARTESIAN_POINT('',(-0.00624460257464771,-0.000415640184523943,-0.00771403291858714));
#12810=CARTESIAN_POINT('',(-0.00631700010372897,-0.000408635017086862,-0.00771405190314983));
#12811=CARTESIAN_POINT('',(-0.00589124667396946,-0.000460928928148137,-0.00713596107169112));
#12812=CARTESIAN_POINT('',(-0.00588526268126795,-0.000455291689505007,-0.00719395032973778));
#12813=CARTESIAN_POINT('',(-0.00589750571049154,-0.00044583568933106,-0.00731514797502715));
#12814=CARTESIAN_POINT('',(-0.00598930125841768,-0.000434782124751945,-0.0074755472829786));
#12815=CARTESIAN_POINT('',(-0.00613940475693458,-0.000423728501132467,-0.00758336173211222));
#12816=CARTESIAN_POINT('',(-0.0062587012547465,-0.000414272424978274,-0.00760801073444554));
#12817=CARTESIAN_POINT('',(-0.00631700015825095,-0.000408635020358035,-0.00760802490921162));
#12818=CARTESIAN_POINT('',(-0.00599671101971692,-0.000460928924872303,-0.00714687001591185));
#12819=CARTESIAN_POINT('',(-0.00599219352153332,-0.000456659408777849,-0.00719064193264576));
#12820=CARTESIAN_POINT('',(-0.00600150736778112,-0.000447943831750615,-0.00728189426878973));
#12821=CARTESIAN_POINT('',(-0.00607050848837155,-0.000434782162815694,-0.00740230753189607));
#12822=CARTESIAN_POINT('',(-0.00618318339530262,-0.000421620368170223,-0.00748333371190408));
#12823=CARTESIAN_POINT('',(-0.00627299445056033,-0.000412904665432695,-0.00750198777820662));
#12824=CARTESIAN_POINT('',(-0.0063170001598226,-0.000408635023629139,-0.00750199786848986));
#12825=CARTESIAN_POINT('',(-0.00599777620960897,-0.000460928924839217,-0.00714698019624848));
#12826=CARTESIAN_POINT('',(-0.00599327352302,-0.000456673222742505,-0.00719060851783513));
#12827=CARTESIAN_POINT('',(-0.00600255778451975,-0.000447965123989052,-0.00728155840635673));
#12828=CARTESIAN_POINT('',(-0.00607132868139408,-0.000434782163200138,-0.00740156781041013));
#12829=CARTESIAN_POINT('',(-0.00618362555955014,-0.000421599076027305,-0.00748232342889997));
#12830=CARTESIAN_POINT('',(-0.00627313881183805,-0.000412890851061285,-0.00750091694634861));
#12831=CARTESIAN_POINT('',(-0.00631700015983847,-0.000408635023662177,-0.00750092699537857));
#12832=CARTESIAN_POINT('',(-0.00599884139950102,-0.000460928924806131,-0.00714709037658511));
#12833=CARTESIAN_POINT('',(-0.00599435352450668,-0.00045668703670716,-0.0071905751030245));
#12834=CARTESIAN_POINT('',(-0.00600360820125837,-0.00044798641622749,-0.00728122254392374));
#12835=CARTESIAN_POINT('',(-0.00607214887441662,-0.000434782163584582,-0.0074008280889242));
#12836=CARTESIAN_POINT('',(-0.00618406772379766,-0.000421577783884386,-0.00748131314589587));
#12837=CARTESIAN_POINT('',(-0.00627328317311577,-0.000412877036689874,-0.0074998461144906));
#12838=CARTESIAN_POINT('',(-0.00631700015985435,-0.000408635023695215,-0.00749985612226728));
#12839=CARTESIAN_POINT('',(-0.00599990658939307,-0.000460928924773045,-0.00714720055692174));
#12840=CARTESIAN_POINT('',(-0.00599543352599336,-0.000456700850671816,-0.00719054168821387));
#12841=CARTESIAN_POINT('',(-0.006004658617997,-0.000448007708465927,-0.00728088668149074));
#12842=CARTESIAN_POINT('',(-0.00607296906743915,-0.000434782163969025,-0.00740008836743827));
#12843=CARTESIAN_POINT('',(-0.00618450988804517,-0.000421556491741467,-0.00748030286289177));
#12844=CARTESIAN_POINT('',(-0.00627342753439349,-0.000412863222318464,-0.00749877528263258));
#12845=CARTESIAN_POINT('',(-0.00631700015987022,-0.000408635023728253,-0.00749878524915599));
#12846=CARTESIAN_POINT('',(-0.00599670888425453,-0.000460928912641691,-0.0071468699354893));
#12847=CARTESIAN_POINT('',(-0.00597805051009831,-0.000443333892367437,-0.00732725326971629));
#12848=CARTESIAN_POINT('',(-0.00613565424723593,-0.000426230059209775,-0.00750200000029414));
#12849=CARTESIAN_POINT('',(-0.00631700000052229,-0.000408635039085138,-0.007502));
#12850=CARTESIAN_POINT('',(-0.006317,-0.000408635033840407,-0.007502));
#12851=CARTESIAN_POINT('',(-0.006317,-0.000408635033840414,-0.00782));
#12852=CARTESIAN_POINT('',(-0.006317,-0.000408635033840414,-0.007714));
#12853=CARTESIAN_POINT('',(-0.006317,-0.000408635033840414,-0.007608));
#12854=CARTESIAN_POINT('',(-0.006317,-0.000408635033840414,-0.007502));
#12855=CARTESIAN_POINT('',(-0.00631699999903043,-0.000408635023829519,-0.00782));
#12856=CARTESIAN_POINT('',(-0.00568039653582688,-0.000460928929684637,-0.00711415146620635));
#12857=CARTESIAN_POINT('',(-0.00566191139495521,-0.000443498234100622,-0.00729286014731624));
#12858=CARTESIAN_POINT('',(-0.00578383156935072,-0.000434782919888212,-0.00766081353642904));
#12859=CARTESIAN_POINT('',(-0.00613733799504752,-0.000426065694257766,-0.00781999999951616));
#12860=CARTESIAN_POINT('',(-0.00631699999827644,-0.00040863501379771,-0.00782));
#12861=CARTESIAN_POINT('',(-0.0056810058988055,-0.000466460071722353,-0.00710850522224802));
#12862=CARTESIAN_POINT('',(-0.0056810058988055,0.000466460064134771,-0.00710850522224802));
#12863=CARTESIAN_POINT('',(-0.00563504004579864,-0.000466460071722353,-0.00751740237932638));
#12864=CARTESIAN_POINT('',(-0.00563504004579865,0.000466460064134771,-0.00751740237932638));
#12865=CARTESIAN_POINT('',(-0.00591045107712864,-0.000466460071722353,-0.00782364925145706));
#12866=CARTESIAN_POINT('',(-0.00591045107712864,0.000466460064134772,-0.00782364925145706));
#12867=CARTESIAN_POINT('',(-0.00632270449719195,-0.000466460071722353,-0.00781997457661362));
#12868=CARTESIAN_POINT('',(-0.00632270449719195,0.000466460064134771,-0.00781997457661362));
#12869=CARTESIAN_POINT('',(-0.006317,0.,-0.00782));
#12870=CARTESIAN_POINT('',(-0.00631699995998089,0.000408635027618077,-0.00782));
#12871=CARTESIAN_POINT('',(-0.00568039654459493,0.000460928922097041,-0.00711415154573761));
#12872=CARTESIAN_POINT('',(-0.00566191142812035,0.000443498232840737,-0.00729286020436486));
#12873=CARTESIAN_POINT('',(-0.00578383158913388,0.000434782919563018,-0.00766081354333569));
#12874=CARTESIAN_POINT('',(-0.00613733797633572,0.000426065694135245,-0.00781999998855325));
#12875=CARTESIAN_POINT('',(-0.00631699995922388,0.000408635017586561,-0.00782));
#12876=CARTESIAN_POINT('',(-0.00599987495008934,0.000460928924774028,-0.00714719728423847));
#12877=CARTESIAN_POINT('',(-0.00599540144674128,0.000456700440356034,-0.007190542680733));
#12878=CARTESIAN_POINT('',(-0.00600462741749981,0.000448007076023202,-0.00728089665760261));
#12879=CARTESIAN_POINT('',(-0.00607294470527017,0.000434782163957606,-0.00740011033936359));
#12880=CARTESIAN_POINT('',(-0.00618449675445366,0.000421557124181357,-0.00748033287129783));
#12881=CARTESIAN_POINT('',(-0.00627342324643475,0.000412863632646327,-0.00749880708951946));
#12882=CARTESIAN_POINT('',(-0.00631700015986975,0.000408635023727272,-0.00749881705726821));
#12883=CARTESIAN_POINT('',(-0.00599882030663187,0.000460928924806786,-0.00714708819479626));
#12884=CARTESIAN_POINT('',(-0.00599433213833863,0.000456686763163306,-0.00719057576470392));
#12885=CARTESIAN_POINT('',(-0.00600358740092691,0.000447985994599006,-0.00728122919466498));
#12886=CARTESIAN_POINT('',(-0.00607213263297063,0.000434782163576969,-0.00740084273687442));
#12887=CARTESIAN_POINT('',(-0.00618405896806998,0.000421578205510978,-0.00748133315149992));
#12888=CARTESIAN_POINT('',(-0.00627328031447661,0.000412877310241783,-0.00749986731908185));
#12889=CARTESIAN_POINT('',(-0.00631700015985403,0.000408635023694561,-0.00749987732767542));
#12890=CARTESIAN_POINT('',(-0.0059977656631744,0.000460928924839545,-0.00714697910535406));
#12891=CARTESIAN_POINT('',(-0.00599326282993598,0.000456673085970577,-0.00719060884867484));
#12892=CARTESIAN_POINT('',(-0.00600254738435402,0.00044796491317481,-0.00728156173172736));
#12893=CARTESIAN_POINT('',(-0.00607132056067109,0.000434782163196331,-0.00740157513438524));
#12894=CARTESIAN_POINT('',(-0.0061836211816863,0.000421599286840601,-0.007482333431702));
#12895=CARTESIAN_POINT('',(-0.00627313738251847,0.000412890987837239,-0.00750092754864423));
#12896=CARTESIAN_POINT('',(-0.00631700015983832,0.00040863502366185,-0.00750093759808264));
#12897=CARTESIAN_POINT('',(-0.00599671101971692,0.000460928924872303,-0.00714687001591185));
#12898=CARTESIAN_POINT('',(-0.00599219352153332,0.000456659408777849,-0.00719064193264576));
#12899=CARTESIAN_POINT('',(-0.00600150736778112,0.000447943831750615,-0.00728189426878973));
#12900=CARTESIAN_POINT('',(-0.00607050848837155,0.000434782162815694,-0.00740230753189607));
#12901=CARTESIAN_POINT('',(-0.00618318339530262,0.000421620368170223,-0.00748333371190408));
#12902=CARTESIAN_POINT('',(-0.00627299445056033,0.000412904665432695,-0.00750198777820662));
#12903=CARTESIAN_POINT('',(-0.0063170001598226,0.000408635023629139,-0.00750199786848986));
#12904=CARTESIAN_POINT('',(-0.00589124667396946,0.000460928928148137,-0.00713596107169112));
#12905=CARTESIAN_POINT('',(-0.00588526268126795,0.000455291689505007,-0.00719395032973778));
#12906=CARTESIAN_POINT('',(-0.00589750571049154,0.00044583568933106,-0.00731514797502715));
#12907=CARTESIAN_POINT('',(-0.00598930125841768,0.000434782124751946,-0.0074755472829786));
#12908=CARTESIAN_POINT('',(-0.00613940475693459,0.000423728501132467,-0.00758336173211222));
#12909=CARTESIAN_POINT('',(-0.0062587012547465,0.000414272424978274,-0.00760801073444554));
#12910=CARTESIAN_POINT('',(-0.00631700015825096,0.000408635020358035,-0.00760802490921162));
#12911=CARTESIAN_POINT('',(-0.00578578236936522,0.000460928931424049,-0.00712505218503267));
#12912=CARTESIAN_POINT('',(-0.00577835262222598,0.000453923970232166,-0.00719706532921195));
#12913=CARTESIAN_POINT('',(-0.00579338932574348,0.000443727546911503,-0.00734810721970818));
#12914=CARTESIAN_POINT('',(-0.00590805159161304,0.000434782086688108,-0.0075488252996619));
#12915=CARTESIAN_POINT('',(-0.00609590720975951,0.000425836634094797,-0.00768353417195457));
#12916=CARTESIAN_POINT('',(-0.00624460257464771,0.000415640184523943,-0.00771403291858714));
#12917=CARTESIAN_POINT('',(-0.00631700010372897,0.000408635017086862,-0.00771405190314983));
#12918=CARTESIAN_POINT('',(-0.00568031810086286,0.000460928934699893,-0.00711414335367441));
#12919=CARTESIAN_POINT('',(-0.00567146326134544,0.000452556250959413,-0.00719998689425449));
#12920=CARTESIAN_POINT('',(-0.00568915957290336,0.000441619404491948,-0.00738077152237659));
#12921=CARTESIAN_POINT('',(-0.00582675898365921,0.00043478204862436,-0.00762214203675039));
#12922=CARTESIAN_POINT('',(-0.00605269137157036,0.000427944767057131,-0.00778384972876956));
#12923=CARTESIAN_POINT('',(-0.00623069843831584,0.000417007944069614,-0.00782005441698308));
#12924=CARTESIAN_POINT('',(-0.0063169999979866,0.000408635013815768,-0.00782007885554403));
#12925=CARTESIAN_POINT('',(-0.00567925291175098,0.000460928934732979,-0.00711403317447769));
#12926=CARTESIAN_POINT('',(-0.00567038367880055,0.000452542436994758,-0.00720001640206142));
#12927=CARTESIAN_POINT('',(-0.00568810685239967,0.000441598112253511,-0.00738110143183354));
#12928=CARTESIAN_POINT('',(-0.00582593792831888,0.000434782048239916,-0.00762288253579499));
#12929=CARTESIAN_POINT('',(-0.00605225489160465,0.000427966059200051,-0.00778486291589339));
#12930=CARTESIAN_POINT('',(-0.00623055800653889,0.000417021758441026,-0.00782112523411688));
#12931=CARTESIAN_POINT('',(-0.0063169999969186,0.00040863501378273,-0.00782114972776321));
#12932=CARTESIAN_POINT('',(-0.00567818772263911,0.000460928934766065,-0.00711392299528097));
#12933=CARTESIAN_POINT('',(-0.00566930409625565,0.000452528623030103,-0.00720004590986835));
#12934=CARTESIAN_POINT('',(-0.00568705413189599,0.000441576820015073,-0.00738143134129049));
#12935=CARTESIAN_POINT('',(-0.00582511687297855,0.000434782047855472,-0.00762362303483958));
#12936=CARTESIAN_POINT('',(-0.00605181841163894,0.000427987351342971,-0.00778587610301722));
#12937=CARTESIAN_POINT('',(-0.00623041757476194,0.000417035572812436,-0.00782219605125068));
#12938=CARTESIAN_POINT('',(-0.00631699999585061,0.000408635013749692,-0.00782222059998239));
#12939=CARTESIAN_POINT('',(-0.00567712253352724,0.000460928934799151,-0.00711381281608426));
#12940=CARTESIAN_POINT('',(-0.00566822451371076,0.000452514809065448,-0.00720007541767528));
#12941=CARTESIAN_POINT('',(-0.0056860014113923,0.000441555527776636,-0.00738176125074744));
#12942=CARTESIAN_POINT('',(-0.00582429581763821,0.000434782047471029,-0.00762436353388418));
#12943=CARTESIAN_POINT('',(-0.00605138193167323,0.000428008643485891,-0.00778688929014105));
#12944=CARTESIAN_POINT('',(-0.00623027714298498,0.000417049387183848,-0.00782326686838448));
#12945=CARTESIAN_POINT('',(-0.00631699999478261,0.000408635013716654,-0.00782329147220157));
#12946=CARTESIAN_POINT('',(-0.006317,0.000408635033840414,-0.007661));
#12947=CARTESIAN_POINT('',(-0.00631700000025606,0.000408635036463262,-0.007502));
#12948=CARTESIAN_POINT('',(-0.00599670888220262,0.000460928910706885,-0.0071468699553249));
#12949=CARTESIAN_POINT('',(-0.00597805051991882,0.000443333891092876,-0.00732725328392764));
#12950=CARTESIAN_POINT('',(-0.00613565425404979,0.000426230058548662,-0.00750200000029128));
#12951=CARTESIAN_POINT('',(-0.00631700000051721,0.000408635039085631,-0.007502));
#12952=CARTESIAN_POINT('',(-0.00599670888218941,0.000460928912019992,-0.00714686995545162));
#12953=CARTESIAN_POINT('',(-0.00599670888221543,0.000460928909393783,-0.00714686995519809));
#12954=CARTESIAN_POINT('',(-0.00589127140831953,0.000460928910291335,-0.00713596381587806));
#12955=CARTESIAN_POINT('',(-0.00578583397827854,0.000460928913667555,-0.00712505770762521));
#12956=CARTESIAN_POINT('',(-0.00568039658694225,0.000460928919522302,-0.00711415162923063));
#12957=CARTESIAN_POINT('',(-0.00654830781507806,0.00098108215672437,-0.00181418047154941));
#12958=CARTESIAN_POINT('',(-0.00599341901150357,0.00045782659376127,-0.00717867541729041));
#12959=CARTESIAN_POINT('',(-0.00623009759481485,0.000981082156724369,-0.00178126566965418));
#12960=CARTESIAN_POINT('',(-0.00567520879124037,0.000457826593761269,-0.00714576061539518));
#12961=CARTESIAN_POINT('',(-0.0065450179605114,0.0009779798510152,-0.00184598577755194));
#12962=CARTESIAN_POINT('',(-0.00596846309168035,-0.00117816897261754,-0.00741994160412927));
#12963=CARTESIAN_POINT('',(-0.00658987048288186,-0.00117816897261754,-0.00141236533322133));
#12964=CARTESIAN_POINT('',(-0.00596846309168035,0.00117816897261752,-0.00741994160412927));
#12965=CARTESIAN_POINT('',(-0.00658987048288186,0.00117816897261752,-0.00141236533322133));
#12966=CARTESIAN_POINT('',(-0.0059967088821634,0.,-0.00714686995570515));
#12967=CARTESIAN_POINT('',(-0.0065616246923727,0.,-0.00168543698189897));
#12968=CARTESIAN_POINT('',(-0.00655373469246519,0.00136588415701985,-0.00150082548917799));
#12969=CARTESIAN_POINT('',(-0.00655373469246519,-0.00136586875077689,-0.00150082548917799));
#12970=CARTESIAN_POINT('',(-0.00657299050986132,0.00136588415701985,-0.00160176802358543));
#12971=CARTESIAN_POINT('',(-0.00657299050986132,-0.00136586875077689,-0.00160176802358543));
#12972=CARTESIAN_POINT('',(-0.00656769693746862,0.00136588415701985,-0.001704394335258));
#12973=CARTESIAN_POINT('',(-0.00656769693746862,-0.00136586875077689,-0.001704394335258));
#12974=CARTESIAN_POINT('',(-0.00653815750212273,0.00136588415701985,-0.0018028199595417));
#12975=CARTESIAN_POINT('',(-0.00653815750212273,-0.00136586875077689,-0.0018028199595417));
#12976=CARTESIAN_POINT('',(-0.00599701618670706,-0.000466460060910638,-0.00714402279568245));
#12977=CARTESIAN_POINT('',(-0.00599701618670706,0.000466460058975841,-0.00714402279568245));
#12978=CARTESIAN_POINT('',(-0.00597403982395154,-0.000466460060910638,-0.00734837619972185));
#12979=CARTESIAN_POINT('',(-0.00597403982395154,0.000466460058975841,-0.00734837619972185));
#12980=CARTESIAN_POINT('',(-0.00611100794558258,-0.000466460060910638,-0.00750200000033412));
#12981=CARTESIAN_POINT('',(-0.00611100794558258,0.000466460058975841,-0.00750200000033412));
#12982=CARTESIAN_POINT('',(-0.00631700000052228,-0.000466460060910638,-0.007502));
#12983=CARTESIAN_POINT('',(-0.00631700000052229,0.000466460058975841,-0.007502));
#12984=CARTESIAN_POINT('',(-0.006317,0.,-0.007502));
#12985=CARTESIAN_POINT('',(-0.00641045,-0.000454892519819595,-0.007502));
#12986=CARTESIAN_POINT('',(-0.00641045,0.00045489252244245,-0.007502));
#12987=CARTESIAN_POINT('',(-0.00631255,-0.000454892519819595,-0.007502));
#12988=CARTESIAN_POINT('',(-0.00631255,0.00045489252244245,-0.007502));
#12989=CARTESIAN_POINT('',(-0.006317,0.0004086350338404,-0.007502));
#12990=CARTESIAN_POINT('',(-0.006406,0.0004,-0.007502));
#12991=CARTESIAN_POINT('',(-0.006406,0.,-0.007502));
#12992=CARTESIAN_POINT('',(-0.006406,-0.000399999999999993,-0.007502));
#12993=CARTESIAN_POINT('',(-0.0063615,-0.0004043175169202,-0.007502));
#12994=CARTESIAN_POINT('',(-0.00641045,-0.000399568248307965,-0.0074861));
#12995=CARTESIAN_POINT('',(-0.00641045,-0.000399568248307965,-0.0078359));
#12996=CARTESIAN_POINT('',(-0.00631255,-0.000409066785532435,-0.0074861));
#12997=CARTESIAN_POINT('',(-0.00631255,-0.000409066785532435,-0.0078359));
#12998=CARTESIAN_POINT('',(-0.006406,-0.0004,-0.007502));
#12999=CARTESIAN_POINT('',(-0.006406,-0.0004,-0.00782));
#13000=CARTESIAN_POINT('',(-0.006317,-0.0004086350338404,-0.00782));
#13001=CARTESIAN_POINT('',(-0.006406,-0.000413538644138205,-0.00782));
#13002=CARTESIAN_POINT('',(-0.006406,0.000413538647926763,-0.00782));
#13003=CARTESIAN_POINT('',(-0.00631646595974078,-0.000413538644138205,-0.00782));
#13004=CARTESIAN_POINT('',(-0.00631646595974078,0.000413538647926763,-0.00782));
#13005=CARTESIAN_POINT('',(-0.006406,0.,-0.00782));
#13006=CARTESIAN_POINT('',(-0.006406,0.000399999999999993,-0.00782));
#13007=CARTESIAN_POINT('',(-0.0063615,0.0004043175169202,-0.00782));
#13008=CARTESIAN_POINT('',(-0.006406,0.000399999999999986,-0.007502));
#13009=CARTESIAN_POINT('',(-0.006406,0.000399999999999986,-0.00782));
#13010=CARTESIAN_POINT('',(-0.00631646596071789,0.000408686847854719,-0.007502));
#13011=CARTESIAN_POINT('',(-0.00631646596071789,0.000408686847854719,-0.00782));
#13012=CARTESIAN_POINT('',(-0.006406,0.0004,-0.007502));
#13013=CARTESIAN_POINT('',(-0.006406,-0.00044,-0.0078359));
#13014=CARTESIAN_POINT('',(-0.006406,0.00044,-0.0078359));
#13015=CARTESIAN_POINT('',(-0.006406,-0.00044,-0.0074861));
#13016=CARTESIAN_POINT('',(-0.006406,0.00044,-0.0074861));
#13017=CARTESIAN_POINT('',(-0.00698317641504315,-0.002471304,-1.0981904548213E-5));
#13018=CARTESIAN_POINT('',(-0.00698317641504315,0.002471304,-1.0981904548213E-5));
#13019=CARTESIAN_POINT('',(-0.00650891323888035,-0.002471304,7.94886348414222E-5));
#13020=CARTESIAN_POINT('',(-0.00650891323888035,0.002471304,7.94886348414222E-5));
#13021=CARTESIAN_POINT('',(-0.00616751136515858,-0.002471304,-0.000261913238880353));
#13022=CARTESIAN_POINT('',(-0.00616751136515858,0.002471304,-0.000261913238880353));
#13023=CARTESIAN_POINT('',(-0.00625798190454821,-0.002471304,-0.000736176415043151));
#13024=CARTESIAN_POINT('',(-0.00625798190454821,0.002471304,-0.000736176415043151));
#13025=CARTESIAN_POINT('',(-0.006867,-0.002878,0.));
#13026=CARTESIAN_POINT('',(-0.006867,-0.00192,0.));
#13027=CARTESIAN_POINT('',(-0.006867,0.00192,0.));
#13028=CARTESIAN_POINT('',(-0.006867,-0.00192,-0.00062));
#13029=CARTESIAN_POINT('',(-0.006247,0.00222,-0.00062));
#13030=CARTESIAN_POINT('',(-0.006247,0.00205723719267083,-0.00062));
#13031=CARTESIAN_POINT('',(-0.0062460328492681,0.00192,-0.000461761099985282));
#13032=CARTESIAN_POINT('',(-0.00632441360134998,0.00192,-0.00032));
#13033=CARTESIAN_POINT('',(-0.00632441360134998,0.00192,-0.00032));
#13034=CARTESIAN_POINT('',(-0.006867,0.00192,-0.00062));
#13035=CARTESIAN_POINT('',(-0.0070465855958521,0.00192,-0.00033600000000001));
#13036=CARTESIAN_POINT('',(-0.0070465855958521,0.00192,1.60000000000005E-5));
#13037=CARTESIAN_POINT('',(-0.00628570248710598,0.00192,-0.00033600000000001));
#13038=CARTESIAN_POINT('',(-0.00628570248710598,0.00192,1.60000000000005E-5));
#13039=CARTESIAN_POINT('',(-0.007312,0.00192,-0.000318));
#13040=CARTESIAN_POINT('',(-0.007012,0.00192,-0.000318));
#13041=CARTESIAN_POINT('',(-0.007012,0.00192,3.205337325151E-6));
#13042=CARTESIAN_POINT('',(-0.007012,0.00192,0.));
#13043=CARTESIAN_POINT('',(-0.007312,0.00192,0.));
#13044=CARTESIAN_POINT('',(-0.007312,0.00192,-0.000319999999999995));
#13045=CARTESIAN_POINT('',(-0.00621379588568293,0.00227621439437572,-0.000614686175218606));
#13046=CARTESIAN_POINT('',(-0.00686543342469085,0.00227621439437572,-0.000614686175218606));
#13047=CARTESIAN_POINT('',(-0.00621379588568293,0.00204673221236146,-0.000658462242665205));
#13048=CARTESIAN_POINT('',(-0.00686543342469085,0.00204673221236146,-0.000658462242665205));
#13049=CARTESIAN_POINT('',(-0.00621379588568293,0.00188153775733479,-0.000493267787638535));
#13050=CARTESIAN_POINT('',(-0.00686543342469085,0.00188153775733479,-0.000493267787638535));
#13051=CARTESIAN_POINT('',(-0.00621379588568293,0.0019253138247814,-0.000263785605624274));
#13052=CARTESIAN_POINT('',(-0.00686543342469085,0.0019253138247814,-0.000263785605624274));
#13053=CARTESIAN_POINT('',(-0.00733425,-0.002112,0.));
#13054=CARTESIAN_POINT('',(-0.00733425,0.002112,0.));
#13055=CARTESIAN_POINT('',(-0.00684475,-0.002112,0.));
#13056=CARTESIAN_POINT('',(-0.00684475,0.002112,0.));
#13057=CARTESIAN_POINT('',(-0.007312,-0.00192,0.));
#13058=CARTESIAN_POINT('',(-0.007012,-0.00192,0.));
#13059=CARTESIAN_POINT('',(-0.007012,0.00162,0.));
#13060=CARTESIAN_POINT('',(-0.007312,0.00162,0.));
#13061=CARTESIAN_POINT('',(-0.007312,-0.002878,0.));
#13062=CARTESIAN_POINT('',(-0.007312,-0.00162,0.));
#13063=CARTESIAN_POINT('',(-0.007012,-0.00162,0.));
#13064=CARTESIAN_POINT('',(-0.00730668617521861,-0.00156378560562428,-0.0003339));
#13065=CARTESIAN_POINT('',(-0.00730668617521861,-0.00156378560562428,1.59E-5));
#13066=CARTESIAN_POINT('',(-0.0073504622426652,-0.00179326778763854,-0.0003339));
#13067=CARTESIAN_POINT('',(-0.0073504622426652,-0.00179326778763854,1.59E-5));
#13068=CARTESIAN_POINT('',(-0.00718526778763854,-0.0019584622426652,-0.0003339));
#13069=CARTESIAN_POINT('',(-0.00718526778763854,-0.0019584622426652,1.59E-5));
#13070=CARTESIAN_POINT('',(-0.00695578560562428,-0.00191468617521861,-0.0003339));
#13071=CARTESIAN_POINT('',(-0.00695578560562428,-0.00191468617521861,1.59E-5));
#13072=CARTESIAN_POINT('',(-0.007312,-0.00162,-0.000318));
#13073=CARTESIAN_POINT('',(-0.007312,-0.00162,-0.000318));
#13074=CARTESIAN_POINT('',(-0.007012,-0.00162,-0.000318));
#13075=CARTESIAN_POINT('',(-0.007012,-0.00192,-0.000318));
#13076=CARTESIAN_POINT('',(-0.007012,-0.00192,-0.0003214943666059));
#13077=CARTESIAN_POINT('',(-0.00628570248710598,-0.00192,-0.000336000000000018));
#13078=CARTESIAN_POINT('',(-0.00628570248710598,-0.00192,1.60000000000009E-5));
#13079=CARTESIAN_POINT('',(-0.0070465855958521,-0.00192,-0.000336000000000018));
#13080=CARTESIAN_POINT('',(-0.0070465855958521,-0.00192,1.60000000000009E-5));
#13081=CARTESIAN_POINT('',(-0.006867,-0.00192,-0.000318));
#13082=CARTESIAN_POINT('',(-0.00684475,-0.002112,-0.000318));
#13083=CARTESIAN_POINT('',(-0.00684475,0.002112,-0.000318));
#13084=CARTESIAN_POINT('',(-0.00733425,-0.002112,-0.000318));
#13085=CARTESIAN_POINT('',(-0.00733425,0.002112,-0.000318));
#13086=CARTESIAN_POINT('',(-0.007312,-0.002878,-0.000318));
#13087=CARTESIAN_POINT('',(-0.007312,0.00162,-0.000318));
#13088=CARTESIAN_POINT('',(-0.007012,0.00162,-0.000318));
#13089=CARTESIAN_POINT('',(-0.00730668617521861,0.00156378560562428,1.59E-5));
#13090=CARTESIAN_POINT('',(-0.00730668617521861,0.00156378560562428,-0.0003339));
#13091=CARTESIAN_POINT('',(-0.0073504622426652,0.00179326778763854,1.59E-5));
#13092=CARTESIAN_POINT('',(-0.0073504622426652,0.00179326778763854,-0.0003339));
#13093=CARTESIAN_POINT('',(-0.00718526778763854,0.0019584622426652,1.59E-5));
#13094=CARTESIAN_POINT('',(-0.00718526778763854,0.0019584622426652,-0.0003339));
#13095=CARTESIAN_POINT('',(-0.00695578560562428,0.00191468617521861,1.59E-5));
#13096=CARTESIAN_POINT('',(-0.00695578560562428,0.00191468617521861,-0.0003339));
#13097=CARTESIAN_POINT('',(-0.007312,0.00162,-0.000318));
#13098=CARTESIAN_POINT('',(-0.007312,-0.001782,-0.0003339));
#13099=CARTESIAN_POINT('',(-0.007312,0.001782,-0.0003339));
#13100=CARTESIAN_POINT('',(-0.007312,-0.001782,1.59E-5));
#13101=CARTESIAN_POINT('',(-0.007312,0.001782,1.59E-5));
#13102=CARTESIAN_POINT('',(-0.00586703797933257,0.00255433192023318,-0.009293));
#13103=CARTESIAN_POINT('',(-0.00586703797933257,0.00255433192023318,-0.000207000000000001));
#13104=CARTESIAN_POINT('',(-0.00611181897348111,0.00260102639217622,-0.009293));
#13105=CARTESIAN_POINT('',(-0.00611181897348111,0.00260102639217622,-0.000207000000000001));
#13106=CARTESIAN_POINT('',(-0.00628802639217622,0.00242481897348111,-0.009293));
#13107=CARTESIAN_POINT('',(-0.00628802639217622,0.00242481897348111,-0.000207000000000001));
#13108=CARTESIAN_POINT('',(-0.00624133192023318,0.00218003797933257,-0.009293));
#13109=CARTESIAN_POINT('',(-0.00624133192023318,0.00218003797933257,-0.000207000000000001));
#13110=CARTESIAN_POINT('',(-0.005927,0.00224,-0.00888));
#13111=CARTESIAN_POINT('',(-0.0068717,0.002816,-0.00888));
#13112=CARTESIAN_POINT('',(0.0068717,0.002816,-0.00888));
#13113=CARTESIAN_POINT('',(-0.0068717,-0.002816,-0.00888));
#13114=CARTESIAN_POINT('',(0.0068717,-0.002816,-0.00888));
#13115=CARTESIAN_POINT('',(-0.005927,-0.00224,-0.00888));
#13116=CARTESIAN_POINT('',(0.005927,-0.00224,-0.00888));
#13117=CARTESIAN_POINT('',(0.006247,-0.00224,-0.00888));
#13118=CARTESIAN_POINT('',(0.006247,-0.002878,-0.00888));
#13119=CARTESIAN_POINT('',(0.006247,0.00224,-0.00888));
#13120=CARTESIAN_POINT('',(0.005927,0.00224,-0.00888));
#13121=CARTESIAN_POINT('',(-0.005661568542495,0.0006814314575051,-0.00888));
#13122=CARTESIAN_POINT('',(-0.00566156854249496,0.000681431457505088,-0.00888));
#13123=CARTESIAN_POINT('',(-0.00555,0.000569862915010125,-0.00888));
#13124=CARTESIAN_POINT('',(-0.005605,0.000738,-0.00888));
#13125=CARTESIAN_POINT('',(-0.00566156854249493,0.000794568542494875,-0.00888));
#13126=CARTESIAN_POINT('',(-0.00555,0.0009061370849898,-0.00888));
#13127=CARTESIAN_POINT('',(-0.00555,0.0009061370849898,-0.00888));
#13128=CARTESIAN_POINT('',(-0.00555,0.,-0.00888));
#13129=CARTESIAN_POINT('',(-0.00555,0.001238,-0.00888));
#13130=CARTESIAN_POINT('',(-0.00491,0.001238,-0.00888));
#13131=CARTESIAN_POINT('',(-0.00491,0.001878,-0.00888));
#13132=CARTESIAN_POINT('',(-0.006565,0.001878,-0.00888));
#13133=CARTESIAN_POINT('',(0.00491,0.001878,-0.00888));
#13134=CARTESIAN_POINT('',(0.00491,0.001238,-0.00888));
#13135=CARTESIAN_POINT('',(0.00555,0.001238,-0.00888));
#13136=CARTESIAN_POINT('',(0.00555,0.00256,-0.00888));
#13137=CARTESIAN_POINT('',(0.00555,0.000906137084989874,-0.00888));
#13138=CARTESIAN_POINT('',(0.005661568542495,0.0007945685424949,-0.00888));
#13139=CARTESIAN_POINT('',(0.00566156854249496,0.000794568542494912,-0.00888));
#13140=CARTESIAN_POINT('',(0.005605,0.000738,-0.00888));
#13141=CARTESIAN_POINT('',(0.005685,0.000738,-0.00888));
#13142=CARTESIAN_POINT('',(0.005605,0.000738,-0.00888));
#13143=CARTESIAN_POINT('',(0.00566156854249493,0.000681431457505125,-0.00888));
#13144=CARTESIAN_POINT('',(0.00555,0.0005698629150102,-0.00888));
#13145=CARTESIAN_POINT('',(0.00555,0.000569862915010201,-0.00888));
#13146=CARTESIAN_POINT('',(0.00555,0.00256,-0.00888));
#13147=CARTESIAN_POINT('',(0.00555,0.000168,-0.00888));
#13148=CARTESIAN_POINT('',(0.00542,0.000168,-0.00888));
#13149=CARTESIAN_POINT('',(0.00542,3.8E-5,-0.00888));
#13150=CARTESIAN_POINT('',(-0.00555,3.8E-5,-0.00888));
#13151=CARTESIAN_POINT('',(-0.00542,3.8E-5,-0.00888));
#13152=CARTESIAN_POINT('',(-0.00542,0.000168,-0.00888));
#13153=CARTESIAN_POINT('',(-0.00555,0.000168,-0.00888));
#13154=CARTESIAN_POINT('',(-0.00555,0.,-0.00888));
#13155=CARTESIAN_POINT('',(-0.00351625,-0.0017,-0.00888));
#13156=CARTESIAN_POINT('',(-0.00351625,-0.0017,-0.00888));
#13157=CARTESIAN_POINT('',(-0.0034325,-0.0017,-0.00888));
#13158=CARTESIAN_POINT('',(-0.00351625,-0.001144042539597,-0.00888));
#13159=CARTESIAN_POINT('',(-0.00351625,-0.00114404253959692,-0.00888));
#13160=CARTESIAN_POINT('',(-0.0036,-0.001243829801679,-0.00888));
#13161=CARTESIAN_POINT('',(-0.0036,-0.001243829801679,-0.00888));
#13162=CARTESIAN_POINT('',(-0.0036,-0.001129787222147,-0.00888));
#13163=CARTESIAN_POINT('',(-0.0036,-0.001129787222147,-0.00888));
#13164=CARTESIAN_POINT('',(-0.00351625,-0.00103,-0.00888));
#13165=CARTESIAN_POINT('',(-0.00351625,-0.00103,-0.00888));
#13166=CARTESIAN_POINT('',(-0.0034325,-0.00103,-0.00888));
#13167=CARTESIAN_POINT('',(-0.0034325,-0.00103,-0.00888));
#13168=CARTESIAN_POINT('',(-0.0034325,-0.0017,-0.00888));
#13169=CARTESIAN_POINT('',(0.00586703797933257,0.00255433192023318,-0.000207));
#13170=CARTESIAN_POINT('',(0.00586703797933257,0.00255433192023318,-0.009293));
#13171=CARTESIAN_POINT('',(0.00611181897348111,0.00260102639217622,-0.000207));
#13172=CARTESIAN_POINT('',(0.00611181897348111,0.00260102639217622,-0.009293));
#13173=CARTESIAN_POINT('',(0.00628802639217622,0.00242481897348111,-0.000207));
#13174=CARTESIAN_POINT('',(0.00628802639217622,0.00242481897348111,-0.009293));
#13175=CARTESIAN_POINT('',(0.00624133192023318,0.00218003797933257,-0.000207));
#13176=CARTESIAN_POINT('',(0.00624133192023318,0.00218003797933257,-0.009293));
#13177=CARTESIAN_POINT('',(0.006247,0.00224,-0.00888));
#13178=CARTESIAN_POINT('',(0.006247,-0.002464,-0.009293));
#13179=CARTESIAN_POINT('',(0.006247,0.002464,-0.009293));
#13180=CARTESIAN_POINT('',(0.006247,-0.002464,-0.000207000000000001));
#13181=CARTESIAN_POINT('',(0.006247,0.002464,-0.000207000000000001));
#13182=CARTESIAN_POINT('',(0.006247,-0.00224,-0.00888));
#13183=CARTESIAN_POINT('',(0.006247,-0.002878,-0.00062));
#13184=CARTESIAN_POINT('',(0.006247,-0.002878,-0.001620000001478));
#13185=CARTESIAN_POINT('',(0.00624700594492931,0.00122540948679672,-0.00162000000027707));
#13186=CARTESIAN_POINT('',(0.00624700112170908,-0.00122540949363804,-0.001620000000739));
#13187=CARTESIAN_POINT('',(0.006247,-0.001226974379071,-0.00187));
#13188=CARTESIAN_POINT('',(0.006247,-0.00147581188245987,-0.00189408104871505));
#13189=CARTESIAN_POINT('',(0.006247,-0.00147581188245991,-0.00189408104871499));
#13190=CARTESIAN_POINT('',(0.006247,-0.000854521559879089,-0.00831408104871502));
#13191=CARTESIAN_POINT('',(0.006247,-0.0006056840564903,-0.00829));
#13192=CARTESIAN_POINT('',(0.006247,-0.0006056840564903,-0.00854));
#13193=CARTESIAN_POINT('',(0.006247,-0.002878,-0.00854));
#13194=CARTESIAN_POINT('',(0.006247,0.001748,-0.00854));
#13195=CARTESIAN_POINT('',(0.006247,0.001748,-0.00841));
#13196=CARTESIAN_POINT('',(0.006247,0.001878,-0.00841));
#13197=CARTESIAN_POINT('',(0.006247,0.001878,-0.00888));
#13198=CARTESIAN_POINT('',(0.006247,0.001878,-0.00513));
#13199=CARTESIAN_POINT('',(0.006247,0.001748,-0.00513));
#13200=CARTESIAN_POINT('',(0.006247,0.001748,-0.005));
#13201=CARTESIAN_POINT('',(0.006247,-0.002878,-0.005));
#13202=CARTESIAN_POINT('',(0.006247,0.001450600556568,-0.005));
#13203=CARTESIAN_POINT('',(0.006247,0.001450600556568,-0.00475));
#13204=CARTESIAN_POINT('',(0.006247,0.00120176305317913,-0.00472591895128497));
#13205=CARTESIAN_POINT('',(0.006247,0.00120176305317909,-0.00472591895128499));
#13206=CARTESIAN_POINT('',(0.006247,0.00147581188245994,-0.00189408104871502));
#13207=CARTESIAN_POINT('',(0.006247,0.001226974379071,-0.00187));
#13208=CARTESIAN_POINT('',(0.0062311,0.00118806061171496,-0.00486751084641345));
#13209=CARTESIAN_POINT('',(0.0065809,0.00118806061171496,-0.00486751084641345));
#13210=CARTESIAN_POINT('',(0.0062311,0.00148951432392401,-0.00175248915358653));
#13211=CARTESIAN_POINT('',(0.0065809,0.00148951432392401,-0.00175248915358653));
#13212=CARTESIAN_POINT('',(0.006565,0.00147581188245997,-0.00189408104871499));
#13213=CARTESIAN_POINT('',(0.006565,0.00120176305317917,-0.00472591895128499));
#13214=CARTESIAN_POINT('',(0.0062311,0.00121068298805082,-0.00467971799435982));
#13215=CARTESIAN_POINT('',(0.0065809,0.00121068298805082,-0.00467971799435982));
#13216=CARTESIAN_POINT('',(0.0062311,0.0011519818581535,-0.00488010260526974));
#13217=CARTESIAN_POINT('',(0.0065809,0.0011519818581535,-0.00488010260526974));
#13218=CARTESIAN_POINT('',(0.0062311,0.00129233872095423,-0.00503469809681292));
#13219=CARTESIAN_POINT('',(0.0065809,0.00129233872095423,-0.00503469809681292));
#13220=CARTESIAN_POINT('',(0.0062311,0.00149744588521443,-0.00499557181268217));
#13221=CARTESIAN_POINT('',(0.0065809,0.00149744588521443,-0.00499557181268217));
#13222=CARTESIAN_POINT('',(0.006565,0.001450600556568,-0.005));
#13223=CARTESIAN_POINT('',(0.0062311,0.0017628699721716,-0.005));
#13224=CARTESIAN_POINT('',(0.0065809,0.0017628699721716,-0.005));
#13225=CARTESIAN_POINT('',(0.0062311,0.0014357305843964,-0.005));
#13226=CARTESIAN_POINT('',(0.0065809,0.0014357305843964,-0.005));
#13227=CARTESIAN_POINT('',(0.006565,0.001748,-0.005));
#13228=CARTESIAN_POINT('',(0.0062311,0.00187569734259473,-0.00515435957089614));
#13229=CARTESIAN_POINT('',(0.0065809,0.00187569734259473,-0.00515435957089614));
#13230=CARTESIAN_POINT('',(0.0062311,0.00189466697182159,-0.0050549172920233));
#13231=CARTESIAN_POINT('',(0.0065809,0.00189466697182159,-0.0050549172920233));
#13232=CARTESIAN_POINT('',(0.0062311,0.0018230827079767,-0.00498333302817841));
#13233=CARTESIAN_POINT('',(0.0065809,0.0018230827079767,-0.00498333302817841));
#13234=CARTESIAN_POINT('',(0.0062311,0.00172364042910386,-0.00500230265740527));
#13235=CARTESIAN_POINT('',(0.0065809,0.00172364042910386,-0.00500230265740527));
#13236=CARTESIAN_POINT('',(0.006565,0.001878,-0.00513));
#13237=CARTESIAN_POINT('',(0.0062311,0.001878,-0.008574));
#13238=CARTESIAN_POINT('',(0.0065809,0.001878,-0.008574));
#13239=CARTESIAN_POINT('',(0.0062311,0.001878,-0.004966));
#13240=CARTESIAN_POINT('',(0.0065809,0.001878,-0.004966));
#13241=CARTESIAN_POINT('',(0.006565,0.001878,-0.00841));
#13242=CARTESIAN_POINT('',(0.0062311,0.00172364042910386,-0.00853769734259473));
#13243=CARTESIAN_POINT('',(0.0065809,0.00172364042910386,-0.00853769734259473));
#13244=CARTESIAN_POINT('',(0.0062311,0.0018230827079767,-0.00855666697182159));
#13245=CARTESIAN_POINT('',(0.0065809,0.0018230827079767,-0.00855666697182159));
#13246=CARTESIAN_POINT('',(0.0062311,0.00189466697182159,-0.0084850827079767));
#13247=CARTESIAN_POINT('',(0.0065809,0.00189466697182159,-0.0084850827079767));
#13248=CARTESIAN_POINT('',(0.0062311,0.00187569734259473,-0.00838564042910386));
#13249=CARTESIAN_POINT('',(0.0065809,0.00187569734259473,-0.00838564042910386));
#13250=CARTESIAN_POINT('',(0.006565,0.001748,-0.00854));
#13251=CARTESIAN_POINT('',(0.0062311,-0.000723368259314815,-0.00854));
#13252=CARTESIAN_POINT('',(0.0065809,-0.000723368259314815,-0.00854));
#13253=CARTESIAN_POINT('',(0.0062311,0.00186568420282451,-0.00854));
#13254=CARTESIAN_POINT('',(0.0065809,0.00186568420282451,-0.00854));
#13255=CARTESIAN_POINT('',(0.006565,-0.0006056840564903,-0.00854));
#13256=CARTESIAN_POINT('',(0.0062311,-0.000854626302137124,-0.0082670270086337));
#13257=CARTESIAN_POINT('',(0.0065809,-0.000854626302137124,-0.0082670270086337));
#13258=CARTESIAN_POINT('',(0.0062311,-0.000871293532036084,-0.00844763812599323));
#13259=CARTESIAN_POINT('',(0.0065809,-0.000871293532036084,-0.00844763812599323));
#13260=CARTESIAN_POINT('',(0.0062311,-0.000737004548455359,-0.00856955876065046));
#13261=CARTESIAN_POINT('',(0.0065809,-0.000737004548455359,-0.00856955876065046));
#13262=CARTESIAN_POINT('',(0.0062311,-0.000558838727843869,-0.00853557181268217));
#13263=CARTESIAN_POINT('',(0.0065809,-0.000558838727843869,-0.00853557181268217));
#13264=CARTESIAN_POINT('',(0.006565,-0.000854521559879067,-0.008314081048715));
#13265=CARTESIAN_POINT('',(0.0062311,-0.00150687639858874,-0.00157308104871503));
#13266=CARTESIAN_POINT('',(0.0065809,-0.00150687639858874,-0.00157308104871503));
#13267=CARTESIAN_POINT('',(0.0062311,-0.000823457043750033,-0.00863508104871502));
#13268=CARTESIAN_POINT('',(0.0065809,-0.000823457043750033,-0.00863508104871502));
#13269=CARTESIAN_POINT('',(0.006568392386878,-0.00147581188245982,-0.00189408104871504));
#13270=CARTESIAN_POINT('',(0.006565,-0.00147581188245982,-0.00189408104871505));
#13271=CARTESIAN_POINT('',(0.006247,-0.00147581188245982,-0.00189408104871505));
#13272=CARTESIAN_POINT('',(0.006565,-0.00149128204857788,-0.00173422266549517));
#13273=CARTESIAN_POINT('',(0.006247,-0.00149128204857788,-0.00173422266549517));
#13274=CARTESIAN_POINT('',(0.006565,-0.00138202327434955,-0.00161661738769857));
#13275=CARTESIAN_POINT('',(0.006247,-0.00138202327434955,-0.00161661738769857));
#13276=CARTESIAN_POINT('',(0.006565,-0.00122161419113202,-0.00162005746983505));
#13277=CARTESIAN_POINT('',(0.006247,-0.00122161419113202,-0.00162005746983505));
#13278=CARTESIAN_POINT('',(0.00624701682518197,-0.00122384500847525,-0.00162001958668793));
#13279=CARTESIAN_POINT('',(0.00635249931473246,-0.00122490051093341,-0.00162000637341929));
#13280=CARTESIAN_POINT('',(0.00645798180428295,-0.00122595907476371,-0.00161999980802446));
#13281=CARTESIAN_POINT('',(0.00656346429383344,-0.0012270205975405,-0.00162000000427229));
#13282=CARTESIAN_POINT('',(0.00624699985786714,-0.00124011440752065,-0.00161969933960579));
#13283=CARTESIAN_POINT('',(0.00624699985786714,0.00124011440067933,-0.00161969933960579));
#13284=CARTESIAN_POINT('',(0.0062470102870447,-0.00124011440752065,-0.00163072998097918));
#13285=CARTESIAN_POINT('',(0.0062470102870447,0.00124011440067933,-0.00163072998097918));
#13286=CARTESIAN_POINT('',(0.00624644728034511,-0.00124011440752065,-0.0016417462952287));
#13287=CARTESIAN_POINT('',(0.00624644728034511,0.00124011440067933,-0.0016417462952287));
#13288=CARTESIAN_POINT('',(0.00624531234618671,-0.00124011440752065,-0.00165271849095007));
#13289=CARTESIAN_POINT('',(0.00624531234618671,0.00124011440067933,-0.00165271849095007));
#13290=CARTESIAN_POINT('',(0.00624531234618678,-0.00110019056486443,-0.00165271849094939));
#13291=CARTESIAN_POINT('',(0.0062475621018659,-0.00113843531384749,-0.00163096854232524));
#13292=CARTESIAN_POINT('',(0.00624700000402198,-0.00118193821001035,-0.00161973560238388));
#13293=CARTESIAN_POINT('',(0.00624699999996417,-0.0012254094639589,-0.00162000479355924));
#13294=CARTESIAN_POINT('',(0.0062453123461867,-0.00110019056486411,-0.00165271849095007));
#13295=CARTESIAN_POINT('',(0.00624699999996417,0.00122540945713113,-0.00162000479351695));
#13296=CARTESIAN_POINT('',(0.00624700000407134,0.00118140881370712,-0.00161973232535463));
#13297=CARTESIAN_POINT('',(0.00624752994437999,0.00113788865222921,-0.00163127943107252));
#13298=CARTESIAN_POINT('',(0.00624531234618946,0.00110019056486405,-0.00165271849094955));
#13299=CARTESIAN_POINT('',(0.0062453123461867,0.00110019056486445,-0.00165271849095007));
#13300=CARTESIAN_POINT('',(0.00624531234618669,0.,-0.00165271849095007));
#13301=CARTESIAN_POINT('',(0.006565,0.00122318164324299,-0.0016200287713457));
#13302=CARTESIAN_POINT('',(0.006247,0.00122318164324299,-0.0016200287713457));
#13303=CARTESIAN_POINT('',(0.006565,0.00138293695091793,-0.00161760485367167));
#13304=CARTESIAN_POINT('',(0.006247,0.00138293695091793,-0.00161760485367167));
#13305=CARTESIAN_POINT('',(0.006565,0.00149119862374395,-0.00173508472211221));
#13306=CARTESIAN_POINT('',(0.006247,0.00149119862374395,-0.00173508472211221));
#13307=CARTESIAN_POINT('',(0.006565,0.00147581188245983,-0.00189408104871502));
#13308=CARTESIAN_POINT('',(0.006247,0.00147581188245983,-0.00189408104871502));
#13309=CARTESIAN_POINT('',(0.00624702164784894,0.00122384481168144,-0.00162000000055406));
#13310=CARTESIAN_POINT('',(0.00635250252979189,0.00122490340703838,-0.00162000000017923));
#13311=CARTESIAN_POINT('',(0.00645798341173558,0.00122596200232188,-0.00161999999999459));
#13312=CARTESIAN_POINT('',(0.00656346429367999,0.00122702059753192,-0.00162000000000012));
#13313=CARTESIAN_POINT('',(0.00622074876586229,0.00122716550279849,-0.0016200254359738));
#13314=CARTESIAN_POINT('',(0.00656701691784584,0.00123062213149618,-0.0016200254359738));
#13315=CARTESIAN_POINT('',(0.00622211565266407,0.00109023747025079,-0.00161807192288296));
#13316=CARTESIAN_POINT('',(0.00656838380464762,0.00109369409894848,-0.00161807192288296));
#13317=CARTESIAN_POINT('',(0.00622313672059865,0.000987951879960588,-0.00170936267332799));
#13318=CARTESIAN_POINT('',(0.0065694048725822,0.000991408508658282,-0.00170936267332799));
#13319=CARTESIAN_POINT('',(0.00622326832915221,0.000974767978936801,-0.00184598577754656));
#13320=CARTESIAN_POINT('',(0.00656953648113576,0.000978224607634495,-0.00184598577754656));
#13321=CARTESIAN_POINT('',(0.006565000000005,0.00122698978530834,-0.00162000000421175));
#13322=CARTESIAN_POINT('',(0.00656500000000492,0.00116575660776668,-0.00162001124467827));
#13323=CARTESIAN_POINT('',(0.00656595592778101,0.00110423697520352,-0.00164356392498365));
#13324=CARTESIAN_POINT('',(0.00656162469237319,0.00105836235413022,-0.00168543698189936));
#13325=CARTESIAN_POINT('',(0.0065616246923727,0.00105836235413032,-0.00168543698189897));
#13326=CARTESIAN_POINT('',(0.00654253399449079,0.00122681141459406,-0.00187));
#13327=CARTESIAN_POINT('',(0.00654501796051172,0.000977979851015238,-0.00184598577755183));
#13328=CARTESIAN_POINT('',(0.006225321302385,0.000974788472782042,-0.001845985777552));
#13329=CARTESIAN_POINT('',(0.00622532130238532,0.000974788472782194,-0.00184598577755183));
#13330=CARTESIAN_POINT('',(0.00622283733636469,0.00122362003636102,-0.00187));
#13331=CARTESIAN_POINT('',(0.00565215073691293,-0.00122473213680675,-0.00738722319614286));
#13332=CARTESIAN_POINT('',(0.00627355813710449,-0.00122473213680675,-0.00137964683832184));
#13333=CARTESIAN_POINT('',(0.00565215073691293,0.00122473213680708,-0.00738722319614286));
#13334=CARTESIAN_POINT('',(0.00627355813710449,0.00122473213680708,-0.00137964683832184));
#13335=CARTESIAN_POINT('',(0.00568039653597694,0.,-0.00711415146475558));
#13336=CARTESIAN_POINT('',(0.00568039656145961,-0.000460928917084235,-0.00711415154699311));
#13337=CARTESIAN_POINT('',(0.0056803965358769,0.000460928924671818,-0.00711415146572274));
#13338=CARTESIAN_POINT('',(0.00596285444108178,-0.0007272843883859,-0.00438343497785222));
#13339=CARTESIAN_POINT('',(0.00622532130238517,-0.00097478847278186,-0.00184598577755183));
#13340=CARTESIAN_POINT('',(0.00622283733636469,-0.00122362003636036,-0.00187));
#13341=CARTESIAN_POINT('',(0.0062253213023853,0.0009747884727821,-0.00184598577755203));
#13342=CARTESIAN_POINT('',(0.00624375979812673,0.00100708981873268,-0.00151319158282473));
#13343=CARTESIAN_POINT('',(0.00563700097202674,0.00043492125254685,-0.00737915001436881));
#13344=CARTESIAN_POINT('',(0.00659170337893205,0.00100708981873268,-0.00154918192286928));
#13345=CARTESIAN_POINT('',(0.00598494455283206,0.000434921252546851,-0.00741514035441336));
#13346=CARTESIAN_POINT('',(0.00627916678726862,0.0007272843883859,-0.00441615346880182));
#13347=CARTESIAN_POINT('',(0.00599670888424148,0.000460928913954789,-0.00714686993561603));
#13348=CARTESIAN_POINT('',(0.00583855270907028,0.000460928914646179,-0.00713051071023027));
#13349=CARTESIAN_POINT('',(0.00567715417280779,0.000460928934798168,-0.00711381608873366));
#13350=CARTESIAN_POINT('',(0.00566825658051903,0.00045251521938123,-0.00720007454120577));
#13351=CARTESIAN_POINT('',(0.00568603268031816,0.000441556160219362,-0.00738175145145664));
#13352=CARTESIAN_POINT('',(0.0058243202054206,0.000434782047482448,-0.00762434153886305));
#13353=CARTESIAN_POINT('',(0.00605139489642468,0.000428008011046002,-0.00778685919547401));
#13354=CARTESIAN_POINT('',(0.00623028131422588,0.000417048976855984,-0.00782323506193496));
#13355=CARTESIAN_POINT('',(0.00631699999481432,0.000408635013717636,-0.00782325966411585));
#13356=CARTESIAN_POINT('',(0.00567820881549281,0.00046092893476541,-0.00711392517704725));
#13357=CARTESIAN_POINT('',(0.00566932547412783,0.000452528896573958,-0.00720004532555534));
#13358=CARTESIAN_POINT('',(0.00568707497784656,0.000441577241643557,-0.00738142480842996));
#13359=CARTESIAN_POINT('',(0.00582513313150014,0.000434782047863085,-0.00762360837149216));
#13360=CARTESIAN_POINT('',(0.00605182705480658,0.000427986929716379,-0.00778585603990586));
#13361=CARTESIAN_POINT('',(0.0062304203555892,0.000417035299260527,-0.007822174846951));
#13362=CARTESIAN_POINT('',(0.00631699999587175,0.000408635013750347,-0.00782219939459191));
#13363=CARTESIAN_POINT('',(0.00567926345817783,0.000460928934732651,-0.00711403426536083));
#13364=CARTESIAN_POINT('',(0.00567039436773664,0.000452542573766685,-0.00720001610990492));
#13365=CARTESIAN_POINT('',(0.00568811727537496,0.000441598323067753,-0.00738109816540327));
#13366=CARTESIAN_POINT('',(0.00582594605757968,0.000434782048243723,-0.00762287520412128));
#13367=CARTESIAN_POINT('',(0.00605225921318847,0.000427965848386755,-0.00778485288433771));
#13368=CARTESIAN_POINT('',(0.00623055939695252,0.000417021621665071,-0.00782111463196704));
#13369=CARTESIAN_POINT('',(0.00631699999692917,0.000408635013783057,-0.00782113912506796));
#13370=CARTESIAN_POINT('',(0.00568031810086286,0.000460928934699893,-0.00711414335367441));
#13371=CARTESIAN_POINT('',(0.00567146326134544,0.000452556250959413,-0.00719998689425449));
#13372=CARTESIAN_POINT('',(0.00568915957290336,0.000441619404491948,-0.00738077152237659));
#13373=CARTESIAN_POINT('',(0.00582675898365922,0.00043478204862436,-0.00762214203675039));
#13374=CARTESIAN_POINT('',(0.00605269137157036,0.000427944767057131,-0.00778384972876956));
#13375=CARTESIAN_POINT('',(0.00623069843831584,0.000417007944069614,-0.00782005441698308));
#13376=CARTESIAN_POINT('',(0.0063169999979866,0.000408635013815768,-0.00782007885554402));
#13377=CARTESIAN_POINT('',(0.00578578236936522,0.000460928931424049,-0.00712505218503268));
#13378=CARTESIAN_POINT('',(0.00577835262222598,0.000453923970232166,-0.00719706532921195));
#13379=CARTESIAN_POINT('',(0.00579338932574348,0.000443727546911503,-0.00734810721970817));
#13380=CARTESIAN_POINT('',(0.00590805159161305,0.000434782086688108,-0.0075488252996619));
#13381=CARTESIAN_POINT('',(0.00609590720975951,0.000425836634094797,-0.00768353417195457));
#13382=CARTESIAN_POINT('',(0.00624460257464771,0.000415640184523943,-0.00771403291858714));
#13383=CARTESIAN_POINT('',(0.00631700010372897,0.000408635017086862,-0.00771405190314983));
#13384=CARTESIAN_POINT('',(0.00589124667396946,0.000460928928148137,-0.00713596107169112));
#13385=CARTESIAN_POINT('',(0.00588526268126795,0.000455291689505007,-0.00719395032973778));
#13386=CARTESIAN_POINT('',(0.00589750571049154,0.00044583568933106,-0.00731514797502715));
#13387=CARTESIAN_POINT('',(0.00598930125841768,0.000434782124751945,-0.0074755472829786));
#13388=CARTESIAN_POINT('',(0.00613940475693458,0.000423728501132467,-0.00758336173211222));
#13389=CARTESIAN_POINT('',(0.0062587012547465,0.000414272424978274,-0.00760801073444554));
#13390=CARTESIAN_POINT('',(0.00631700015825095,0.000408635020358035,-0.00760802490921162));
#13391=CARTESIAN_POINT('',(0.00599671101971692,0.000460928924872303,-0.00714687001591185));
#13392=CARTESIAN_POINT('',(0.00599219352153332,0.000456659408777849,-0.00719064193264576));
#13393=CARTESIAN_POINT('',(0.00600150736778112,0.000447943831750615,-0.00728189426878973));
#13394=CARTESIAN_POINT('',(0.00607050848837155,0.000434782162815694,-0.00740230753189607));
#13395=CARTESIAN_POINT('',(0.00618318339530262,0.000421620368170223,-0.00748333371190408));
#13396=CARTESIAN_POINT('',(0.00627299445056033,0.000412904665432695,-0.00750198777820662));
#13397=CARTESIAN_POINT('',(0.0063170001598226,0.000408635023629139,-0.00750199786848986));
#13398=CARTESIAN_POINT('',(0.00599777620960897,0.000460928924839217,-0.00714698019624848));
#13399=CARTESIAN_POINT('',(0.00599327352302,0.000456673222742505,-0.00719060851783513));
#13400=CARTESIAN_POINT('',(0.00600255778451975,0.000447965123989052,-0.00728155840635673));
#13401=CARTESIAN_POINT('',(0.00607132868139408,0.000434782163200138,-0.00740156781041013));
#13402=CARTESIAN_POINT('',(0.00618362555955014,0.000421599076027305,-0.00748232342889997));
#13403=CARTESIAN_POINT('',(0.00627313881183805,0.000412890851061285,-0.00750091694634861));
#13404=CARTESIAN_POINT('',(0.00631700015983847,0.000408635023662177,-0.00750092699537857));
#13405=CARTESIAN_POINT('',(0.00599884139950102,0.000460928924806131,-0.00714709037658511));
#13406=CARTESIAN_POINT('',(0.00599435352450668,0.00045668703670716,-0.0071905751030245));
#13407=CARTESIAN_POINT('',(0.00600360820125837,0.00044798641622749,-0.00728122254392374));
#13408=CARTESIAN_POINT('',(0.00607214887441662,0.000434782163584582,-0.0074008280889242));
#13409=CARTESIAN_POINT('',(0.00618406772379766,0.000421577783884386,-0.00748131314589587));
#13410=CARTESIAN_POINT('',(0.00627328317311577,0.000412877036689874,-0.0074998461144906));
#13411=CARTESIAN_POINT('',(0.00631700015985435,0.000408635023695215,-0.00749985612226728));
#13412=CARTESIAN_POINT('',(0.00599990658939307,0.000460928924773045,-0.00714720055692174));
#13413=CARTESIAN_POINT('',(0.00599543352599336,0.000456700850671816,-0.00719054168821387));
#13414=CARTESIAN_POINT('',(0.006004658617997,0.000448007708465927,-0.00728088668149074));
#13415=CARTESIAN_POINT('',(0.00607296906743915,0.000434782163969025,-0.00740008836743827));
#13416=CARTESIAN_POINT('',(0.00618450988804517,0.000421556491741467,-0.00748030286289177));
#13417=CARTESIAN_POINT('',(0.00627342753439349,0.000412863222318464,-0.00749877528263258));
#13418=CARTESIAN_POINT('',(0.00631700015987022,0.000408635023728253,-0.00749878524915599));
#13419=CARTESIAN_POINT('',(0.00599670888425453,0.000460928912641691,-0.0071468699354893));
#13420=CARTESIAN_POINT('',(0.00597805051009831,0.000443333892367437,-0.00732725326971629));
#13421=CARTESIAN_POINT('',(0.00613565424723593,0.000426230059209774,-0.00750200000029415));
#13422=CARTESIAN_POINT('',(0.00631700000052229,0.000408635039085138,-0.007502));
#13423=CARTESIAN_POINT('',(0.006317,0.000408635033840407,-0.007502));
#13424=CARTESIAN_POINT('',(0.006317,0.000408635033840414,-0.00782));
#13425=CARTESIAN_POINT('',(0.006317,0.000408635033840414,-0.007714));
#13426=CARTESIAN_POINT('',(0.006317,0.000408635033840414,-0.007608));
#13427=CARTESIAN_POINT('',(0.006317,0.000408635033840414,-0.007502));
#13428=CARTESIAN_POINT('',(0.00631699999903043,0.000408635023829519,-0.00782));
#13429=CARTESIAN_POINT('',(0.00568039653582688,0.000460928929684637,-0.00711415146620635));
#13430=CARTESIAN_POINT('',(0.00566191139495521,0.000443498234100623,-0.00729286014731623));
#13431=CARTESIAN_POINT('',(0.00578383156935071,0.000434782919888212,-0.00766081353642904));
#13432=CARTESIAN_POINT('',(0.00613733799504752,0.000426065694257766,-0.00781999999951616));
#13433=CARTESIAN_POINT('',(0.00631699999827643,0.000408635013797711,-0.00782));
#13434=CARTESIAN_POINT('',(0.0056810058988055,0.000466460071722354,-0.00710850522224802));
#13435=CARTESIAN_POINT('',(0.0056810058988055,-0.000466460064134771,-0.00710850522224802));
#13436=CARTESIAN_POINT('',(0.00563504004579865,0.000466460071722354,-0.00751740237932638));
#13437=CARTESIAN_POINT('',(0.00563504004579865,-0.000466460064134771,-0.00751740237932638));
#13438=CARTESIAN_POINT('',(0.00591045107712864,0.000466460071722354,-0.00782364925145706));
#13439=CARTESIAN_POINT('',(0.00591045107712864,-0.000466460064134772,-0.00782364925145706));
#13440=CARTESIAN_POINT('',(0.00632270449719195,0.000466460071722354,-0.00781997457661362));
#13441=CARTESIAN_POINT('',(0.00632270449719195,-0.000466460064134771,-0.00781997457661362));
#13442=CARTESIAN_POINT('',(0.006317,0.,-0.00782));
#13443=CARTESIAN_POINT('',(0.00631699995998089,-0.000408635027618077,-0.00782));
#13444=CARTESIAN_POINT('',(0.00568039654459493,-0.000460928922097041,-0.00711415154573761));
#13445=CARTESIAN_POINT('',(0.00566191142812034,-0.000443498232840737,-0.00729286020436486));
#13446=CARTESIAN_POINT('',(0.00578383158913389,-0.000434782919563018,-0.0076608135433357));
#13447=CARTESIAN_POINT('',(0.00613733797633572,-0.000426065694135245,-0.00781999998855325));
#13448=CARTESIAN_POINT('',(0.00631699995922388,-0.000408635017586562,-0.00782));
#13449=CARTESIAN_POINT('',(0.00599987495008935,-0.000460928924774028,-0.00714719728423847));
#13450=CARTESIAN_POINT('',(0.00599540144674128,-0.000456700440356034,-0.007190542680733));
#13451=CARTESIAN_POINT('',(0.00600462741749981,-0.000448007076023202,-0.00728089665760261));
#13452=CARTESIAN_POINT('',(0.00607294470527016,-0.000434782163957606,-0.00740011033936359));
#13453=CARTESIAN_POINT('',(0.00618449675445366,-0.000421557124181356,-0.00748033287129783));
#13454=CARTESIAN_POINT('',(0.00627342324643475,-0.000412863632646327,-0.00749880708951945));
#13455=CARTESIAN_POINT('',(0.00631700015986975,-0.000408635023727272,-0.00749881705726821));
#13456=CARTESIAN_POINT('',(0.00599882030663187,-0.000460928924806786,-0.00714708819479626));
#13457=CARTESIAN_POINT('',(0.00599433213833863,-0.000456686763163306,-0.00719057576470392));
#13458=CARTESIAN_POINT('',(0.00600358740092691,-0.000447985994599006,-0.00728122919466499));
#13459=CARTESIAN_POINT('',(0.00607213263297062,-0.000434782163576969,-0.00740084273687442));
#13460=CARTESIAN_POINT('',(0.00618405896806998,-0.000421578205510978,-0.00748133315149992));
#13461=CARTESIAN_POINT('',(0.00627328031447661,-0.000412877310241783,-0.00749986731908184));
#13462=CARTESIAN_POINT('',(0.00631700015985403,-0.000408635023694561,-0.00749987732767542));
#13463=CARTESIAN_POINT('',(0.0059977656631744,-0.000460928924839545,-0.00714697910535405));
#13464=CARTESIAN_POINT('',(0.00599326282993598,-0.000456673085970577,-0.00719060884867484));
#13465=CARTESIAN_POINT('',(0.00600254738435402,-0.00044796491317481,-0.00728156173172736));
#13466=CARTESIAN_POINT('',(0.00607132056067109,-0.000434782163196331,-0.00740157513438524));
#13467=CARTESIAN_POINT('',(0.0061836211816863,-0.000421599286840601,-0.007482333431702));
#13468=CARTESIAN_POINT('',(0.00627313738251847,-0.000412890987837239,-0.00750092754864423));
#13469=CARTESIAN_POINT('',(0.00631700015983832,-0.00040863502366185,-0.00750093759808264));
#13470=CARTESIAN_POINT('',(0.00599671101971692,-0.000460928924872303,-0.00714687001591185));
#13471=CARTESIAN_POINT('',(0.00599219352153332,-0.000456659408777849,-0.00719064193264576));
#13472=CARTESIAN_POINT('',(0.00600150736778112,-0.000447943831750615,-0.00728189426878973));
#13473=CARTESIAN_POINT('',(0.00607050848837155,-0.000434782162815694,-0.00740230753189607));
#13474=CARTESIAN_POINT('',(0.00618318339530262,-0.000421620368170223,-0.00748333371190408));
#13475=CARTESIAN_POINT('',(0.00627299445056033,-0.000412904665432695,-0.00750198777820662));
#13476=CARTESIAN_POINT('',(0.0063170001598226,-0.000408635023629139,-0.00750199786848986));
#13477=CARTESIAN_POINT('',(0.00589124667396946,-0.000460928928148137,-0.00713596107169112));
#13478=CARTESIAN_POINT('',(0.00588526268126795,-0.000455291689505007,-0.00719395032973778));
#13479=CARTESIAN_POINT('',(0.00589750571049154,-0.00044583568933106,-0.00731514797502715));
#13480=CARTESIAN_POINT('',(0.00598930125841768,-0.000434782124751945,-0.0074755472829786));
#13481=CARTESIAN_POINT('',(0.00613940475693458,-0.000423728501132466,-0.00758336173211222));
#13482=CARTESIAN_POINT('',(0.0062587012547465,-0.000414272424978274,-0.00760801073444554));
#13483=CARTESIAN_POINT('',(0.00631700015825095,-0.000408635020358035,-0.00760802490921162));
#13484=CARTESIAN_POINT('',(0.00578578236936522,-0.000460928931424049,-0.00712505218503267));
#13485=CARTESIAN_POINT('',(0.00577835262222598,-0.000453923970232166,-0.00719706532921195));
#13486=CARTESIAN_POINT('',(0.00579338932574348,-0.000443727546911503,-0.00734810721970818));
#13487=CARTESIAN_POINT('',(0.00590805159161305,-0.000434782086688108,-0.0075488252996619));
#13488=CARTESIAN_POINT('',(0.00609590720975951,-0.000425836634094797,-0.00768353417195457));
#13489=CARTESIAN_POINT('',(0.00624460257464771,-0.000415640184523943,-0.00771403291858714));
#13490=CARTESIAN_POINT('',(0.00631700010372897,-0.000408635017086862,-0.00771405190314983));
#13491=CARTESIAN_POINT('',(0.00568031810086286,-0.000460928934699893,-0.00711414335367441));
#13492=CARTESIAN_POINT('',(0.00567146326134544,-0.000452556250959413,-0.00719998689425449));
#13493=CARTESIAN_POINT('',(0.00568915957290336,-0.000441619404491948,-0.00738077152237659));
#13494=CARTESIAN_POINT('',(0.00582675898365921,-0.00043478204862436,-0.00762214203675039));
#13495=CARTESIAN_POINT('',(0.00605269137157036,-0.000427944767057131,-0.00778384972876956));
#13496=CARTESIAN_POINT('',(0.00623069843831584,-0.000417007944069614,-0.00782005441698308));
#13497=CARTESIAN_POINT('',(0.0063169999979866,-0.000408635013815768,-0.00782007885554403));
#13498=CARTESIAN_POINT('',(0.00567925291175098,-0.000460928934732979,-0.00711403317447769));
#13499=CARTESIAN_POINT('',(0.00567038367880055,-0.000452542436994758,-0.00720001640206142));
#13500=CARTESIAN_POINT('',(0.00568810685239967,-0.000441598112253511,-0.00738110143183354));
#13501=CARTESIAN_POINT('',(0.00582593792831888,-0.000434782048239916,-0.00762288253579499));
#13502=CARTESIAN_POINT('',(0.00605225489160465,-0.000427966059200051,-0.00778486291589339));
#13503=CARTESIAN_POINT('',(0.00623055800653889,-0.000417021758441026,-0.00782112523411688));
#13504=CARTESIAN_POINT('',(0.0063169999969186,-0.00040863501378273,-0.00782114972776321));
#13505=CARTESIAN_POINT('',(0.00567818772263911,-0.000460928934766065,-0.00711392299528097));
#13506=CARTESIAN_POINT('',(0.00566930409625565,-0.000452528623030103,-0.00720004590986835));
#13507=CARTESIAN_POINT('',(0.00568705413189599,-0.000441576820015073,-0.00738143134129049));
#13508=CARTESIAN_POINT('',(0.00582511687297855,-0.000434782047855472,-0.00762362303483958));
#13509=CARTESIAN_POINT('',(0.00605181841163894,-0.000427987351342971,-0.00778587610301722));
#13510=CARTESIAN_POINT('',(0.00623041757476193,-0.000417035572812436,-0.00782219605125068));
#13511=CARTESIAN_POINT('',(0.0063169999958506,-0.000408635013749692,-0.00782222059998239));
#13512=CARTESIAN_POINT('',(0.00567712253352724,-0.000460928934799151,-0.00711381281608426));
#13513=CARTESIAN_POINT('',(0.00566822451371076,-0.000452514809065448,-0.00720007541767528));
#13514=CARTESIAN_POINT('',(0.0056860014113923,-0.000441555527776636,-0.00738176125074744));
#13515=CARTESIAN_POINT('',(0.00582429581763821,-0.000434782047471029,-0.00762436353388418));
#13516=CARTESIAN_POINT('',(0.00605138193167323,-0.000428008643485891,-0.00778688929014105));
#13517=CARTESIAN_POINT('',(0.00623027714298498,-0.000417049387183848,-0.00782326686838448));
#13518=CARTESIAN_POINT('',(0.0063169999947826,-0.000408635013716654,-0.00782329147220157));
#13519=CARTESIAN_POINT('',(0.006317,-0.000408635033840414,-0.007661));
#13520=CARTESIAN_POINT('',(0.00631700000025606,-0.000408635036463261,-0.007502));
#13521=CARTESIAN_POINT('',(0.00599670888220263,-0.000460928910706885,-0.0071468699553249));
#13522=CARTESIAN_POINT('',(0.00597805051991883,-0.000443333891092875,-0.00732725328392764));
#13523=CARTESIAN_POINT('',(0.0061356542540498,-0.00042623005854866,-0.00750200000029129));
#13524=CARTESIAN_POINT('',(0.00631700000051721,-0.00040863503908563,-0.007502));
#13525=CARTESIAN_POINT('',(0.00599670888218942,-0.000460928912019992,-0.00714686995545162));
#13526=CARTESIAN_POINT('',(0.00599670888221543,-0.000460928909393783,-0.00714686995519809));
#13527=CARTESIAN_POINT('',(0.00589127140831953,-0.000460928910291335,-0.00713596381587806));
#13528=CARTESIAN_POINT('',(0.00578583397827854,-0.000460928913667555,-0.00712505770762521));
#13529=CARTESIAN_POINT('',(0.00568039658694224,-0.000460928919522302,-0.00711415162923064));
#13530=CARTESIAN_POINT('',(0.00623009759481485,-0.000981082156724368,-0.0017812656696542));
#13531=CARTESIAN_POINT('',(0.00567520879124037,-0.000457826593761269,-0.00714576061539519));
#13532=CARTESIAN_POINT('',(0.00654830781507806,-0.000981082156724368,-0.00181418047154942));
#13533=CARTESIAN_POINT('',(0.00599341901150357,-0.000457826593761269,-0.00717867541729042));
#13534=CARTESIAN_POINT('',(0.0065450179605114,-0.0009779798510152,-0.00184598577755194));
#13535=CARTESIAN_POINT('',(0.00654501796051141,-0.00097797985101493,-0.00184598577755183));
#13536=CARTESIAN_POINT('',(0.006545017960512,-0.000977979851015092,-0.00184598577755199));
#13537=CARTESIAN_POINT('',(0.00656701688301787,-0.00123062562108229,-0.0016200254857831));
#13538=CARTESIAN_POINT('',(0.00622074873102723,-0.00122716899238453,-0.0016200254857831));
#13539=CARTESIAN_POINT('',(0.00656838474053494,-0.00109360034702627,-0.00161806867195402));
#13540=CARTESIAN_POINT('',(0.00622211658854429,-0.00109014371832851,-0.00161806867195402));
#13541=CARTESIAN_POINT('',(0.0065694049628028,-0.000991399471490577,-0.00170945632435309));
#13542=CARTESIAN_POINT('',(0.00622313681081216,-0.000987942842792813,-0.00170945632435309));
#13543=CARTESIAN_POINT('',(0.00656953648114266,-0.000978224607633927,-0.00184598577754627));
#13544=CARTESIAN_POINT('',(0.00622326832915202,-0.000974767978936162,-0.00184598577754627));
#13545=CARTESIAN_POINT('',(0.00654253399449079,-0.0012268114145934,-0.00187));
#13546=CARTESIAN_POINT('',(0.00656162469237296,-0.00105836235412999,-0.001685436981899));
#13547=CARTESIAN_POINT('',(0.0065650000000003,-0.00122698978600479,-0.00162000000421245));
#13548=CARTESIAN_POINT('',(0.00656500000000022,-0.00116471023494937,-0.00162001143658615));
#13549=CARTESIAN_POINT('',(0.00656591721166595,-0.00110382691042,-0.00164393822052218));
#13550=CARTESIAN_POINT('',(0.00656162469237325,-0.00105836235412996,-0.00168543698189899));
#13551=CARTESIAN_POINT('',(0.00655373469246609,-0.00136588433038527,-0.00150082548917801));
#13552=CARTESIAN_POINT('',(0.00655373469246609,0.00136587198713825,-0.00150082548917801));
#13553=CARTESIAN_POINT('',(0.00657299050986222,-0.00136588433038527,-0.00160176802358544));
#13554=CARTESIAN_POINT('',(0.00657299050986222,0.00136587198713825,-0.00160176802358544));
#13555=CARTESIAN_POINT('',(0.00656769693746951,-0.00136588433038527,-0.00170439433525798));
#13556=CARTESIAN_POINT('',(0.00656769693746951,0.00136587198713825,-0.00170439433525798));
#13557=CARTESIAN_POINT('',(0.00653815750212364,-0.00136588433038527,-0.00180281995954167));
#13558=CARTESIAN_POINT('',(0.00653815750212364,0.00136587198713825,-0.00180281995954167));
#13559=CARTESIAN_POINT('',(0.0065616246923727,0.,-0.00168543698189897));
#13560=CARTESIAN_POINT('',(0.00596846309168035,-0.00117816897261752,-0.00741994160412927));
#13561=CARTESIAN_POINT('',(0.00658987048288186,-0.00117816897261752,-0.00141236533322133));
#13562=CARTESIAN_POINT('',(0.00596846309168035,0.00117816897261786,-0.00741994160412927));
#13563=CARTESIAN_POINT('',(0.00658987048288186,0.00117816897261786,-0.00141236533322133));
#13564=CARTESIAN_POINT('',(0.0059967088821634,0.,-0.00714686995570515));
#13565=CARTESIAN_POINT('',(0.00599701618670706,0.000466460060910638,-0.00714402279568245));
#13566=CARTESIAN_POINT('',(0.00599701618670706,-0.000466460058975841,-0.00714402279568245));
#13567=CARTESIAN_POINT('',(0.00597403982395154,0.000466460060910637,-0.00734837619972185));
#13568=CARTESIAN_POINT('',(0.00597403982395154,-0.000466460058975841,-0.00734837619972185));
#13569=CARTESIAN_POINT('',(0.00611100794558259,0.000466460060910638,-0.00750200000033412));
#13570=CARTESIAN_POINT('',(0.00611100794558259,-0.000466460058975841,-0.00750200000033412));
#13571=CARTESIAN_POINT('',(0.00631700000052229,0.000466460060910638,-0.007502));
#13572=CARTESIAN_POINT('',(0.00631700000052229,-0.000466460058975841,-0.007502));
#13573=CARTESIAN_POINT('',(0.006317,0.,-0.007502));
#13574=CARTESIAN_POINT('',(0.00631255,-0.000454892522442449,-0.007502));
#13575=CARTESIAN_POINT('',(0.00631255,0.000454892519819595,-0.007502));
#13576=CARTESIAN_POINT('',(0.00641045,-0.000454892522442449,-0.007502));
#13577=CARTESIAN_POINT('',(0.00641045,0.000454892519819595,-0.007502));
#13578=CARTESIAN_POINT('',(0.006317,-0.0004086350338404,-0.007502));
#13579=CARTESIAN_POINT('',(0.006406,-0.0004,-0.007502));
#13580=CARTESIAN_POINT('',(0.006406,0.,-0.007502));
#13581=CARTESIAN_POINT('',(0.006406,0.000399999999999993,-0.007502));
#13582=CARTESIAN_POINT('',(0.0063615,0.0004043175169202,-0.007502));
#13583=CARTESIAN_POINT('',(0.00631255,0.000409066785532435,-0.0074861));
#13584=CARTESIAN_POINT('',(0.00631255,0.000409066785532435,-0.0078359));
#13585=CARTESIAN_POINT('',(0.00641045,0.000399568248307965,-0.0074861));
#13586=CARTESIAN_POINT('',(0.00641045,0.000399568248307965,-0.0078359));
#13587=CARTESIAN_POINT('',(0.006406,0.0004,-0.007502));
#13588=CARTESIAN_POINT('',(0.006406,0.0004,-0.00782));
#13589=CARTESIAN_POINT('',(0.006317,0.0004086350338404,-0.00782));
#13590=CARTESIAN_POINT('',(0.00631646595974077,-0.000413538647926763,-0.00782));
#13591=CARTESIAN_POINT('',(0.00631646595974078,0.000413538644138205,-0.00782));
#13592=CARTESIAN_POINT('',(0.006406,-0.000413538647926763,-0.00782));
#13593=CARTESIAN_POINT('',(0.006406,0.000413538644138205,-0.00782));
#13594=CARTESIAN_POINT('',(0.006406,0.,-0.00782));
#13595=CARTESIAN_POINT('',(0.006406,-0.000399999999999993,-0.00782));
#13596=CARTESIAN_POINT('',(0.0063615,-0.0004043175169202,-0.00782));
#13597=CARTESIAN_POINT('',(0.00631646596071789,-0.000408686847854719,-0.007502));
#13598=CARTESIAN_POINT('',(0.00631646596071789,-0.000408686847854719,-0.00782));
#13599=CARTESIAN_POINT('',(0.006406,-0.000399999999999986,-0.007502));
#13600=CARTESIAN_POINT('',(0.006406,-0.000399999999999986,-0.00782));
#13601=CARTESIAN_POINT('',(0.006406,-0.0004,-0.007502));
#13602=CARTESIAN_POINT('',(0.006406,-0.00044,-0.0074861));
#13603=CARTESIAN_POINT('',(0.006406,0.00044,-0.0074861));
#13604=CARTESIAN_POINT('',(0.006406,-0.00044,-0.0078359));
#13605=CARTESIAN_POINT('',(0.006406,0.00044,-0.0078359));
#13606=CARTESIAN_POINT('',(0.00625798190454821,-0.002471304,-0.000736176415043149));
#13607=CARTESIAN_POINT('',(0.00625798190454821,0.002471304,-0.000736176415043149));
#13608=CARTESIAN_POINT('',(0.00616751136515858,-0.002471304,-0.000261913238880352));
#13609=CARTESIAN_POINT('',(0.00616751136515858,0.002471304,-0.000261913238880352));
#13610=CARTESIAN_POINT('',(0.00650891323888035,-0.002471304,7.94886348414218E-5));
#13611=CARTESIAN_POINT('',(0.00650891323888035,0.002471304,7.94886348414218E-5));
#13612=CARTESIAN_POINT('',(0.00698317641504315,-0.002471304,-1.0981904548213E-5));
#13613=CARTESIAN_POINT('',(0.00698317641504315,0.002471304,-1.0981904548213E-5));
#13614=CARTESIAN_POINT('',(0.006867,-0.002878,0.));
#13615=CARTESIAN_POINT('',(0.006867,-0.00192,0.));
#13616=CARTESIAN_POINT('',(0.006867,0.00192,0.));
#13617=CARTESIAN_POINT('',(0.006867,0.00192,-0.00062));
#13618=CARTESIAN_POINT('',(0.00632441360134998,0.00192,-0.00032));
#13619=CARTESIAN_POINT('',(0.00632441360134998,0.00192,-0.00032));
#13620=CARTESIAN_POINT('',(0.00624576050093468,0.00192,-0.000462253674989985));
#13621=CARTESIAN_POINT('',(0.006247,0.00205730130499402,-0.00062));
#13622=CARTESIAN_POINT('',(0.006247,0.00222,-0.00062));
#13623=CARTESIAN_POINT('',(0.006247,-0.00222,-0.00062));
#13624=CARTESIAN_POINT('',(0.006247,-0.00205730006400381,-0.00062));
#13625=CARTESIAN_POINT('',(0.00624572682117121,-0.00192000000000159,-0.000462314588929786));
#13626=CARTESIAN_POINT('',(0.00632441360134838,-0.00192,-0.000320000000003344));
#13627=CARTESIAN_POINT('',(0.00632441360134998,-0.00192,-0.00032));
#13628=CARTESIAN_POINT('',(0.006867,-0.00192,-0.00062));
#13629=CARTESIAN_POINT('',(0.0070465855958521,-0.00192,-0.000336000000000012));
#13630=CARTESIAN_POINT('',(0.0070465855958521,-0.00192,1.60000000000006E-5));
#13631=CARTESIAN_POINT('',(0.00628570248710598,-0.00192,-0.000336000000000012));
#13632=CARTESIAN_POINT('',(0.00628570248710598,-0.00192,1.60000000000006E-5));
#13633=CARTESIAN_POINT('',(0.006867,-0.00192,-0.00062));
#13634=CARTESIAN_POINT('',(0.00683230129685411,-0.00192,-0.000320000000000012));
#13635=CARTESIAN_POINT('',(0.006867,-0.00192,-0.000318));
#13636=CARTESIAN_POINT('',(0.007312,-0.00192,-0.000318));
#13637=CARTESIAN_POINT('',(0.007012,-0.00192,-0.000318));
#13638=CARTESIAN_POINT('',(0.007012,-0.00192,3.494366605911E-6));
#13639=CARTESIAN_POINT('',(0.007012,-0.00192,0.));
#13640=CARTESIAN_POINT('',(0.006867,-0.00192,0.));
#13641=CARTESIAN_POINT('',(0.007312,-0.00192,-0.000320000000000006));
#13642=CARTESIAN_POINT('',(0.00621379588568293,-0.00227621439437572,-0.000614686175218606));
#13643=CARTESIAN_POINT('',(0.00686543342469084,-0.00227621439437572,-0.000614686175218606));
#13644=CARTESIAN_POINT('',(0.00621379588568293,-0.00204673221236146,-0.000658462242665205));
#13645=CARTESIAN_POINT('',(0.00686543342469084,-0.00204673221236146,-0.000658462242665205));
#13646=CARTESIAN_POINT('',(0.00621379588568293,-0.00188153775733479,-0.000493267787638537));
#13647=CARTESIAN_POINT('',(0.00686543342469084,-0.00188153775733479,-0.000493267787638537));
#13648=CARTESIAN_POINT('',(0.00621379588568293,-0.00192531382478139,-0.000263785605624279));
#13649=CARTESIAN_POINT('',(0.00686543342469084,-0.00192531382478139,-0.000263785605624279));
#13650=CARTESIAN_POINT('',(0.00683230129685411,-0.00192,-0.000320000000000011));
#13651=CARTESIAN_POINT('',(0.00673089233225966,-0.00192,-0.000331729198529328));
#13652=CARTESIAN_POINT('',(0.00654906177322029,-0.0019157692289065,-0.000487629475303332));
#13653=CARTESIAN_POINT('',(0.006565,-0.00211781504866041,-0.000619999999999996));
#13654=CARTESIAN_POINT('',(0.006565,-0.00221999999999999,-0.00062));
#13655=CARTESIAN_POINT('',(0.00657034925027994,-0.002471304,-0.000676589157004889));
#13656=CARTESIAN_POINT('',(0.00657034925027994,0.002471304,-0.000676589157004889));
#13657=CARTESIAN_POINT('',(0.00652628134238369,-0.002471304,-0.000445577093777204));
#13658=CARTESIAN_POINT('',(0.00652628134238369,0.002471304,-0.000445577093777204));
#13659=CARTESIAN_POINT('',(0.0066925770937772,-0.002471304,-0.000279281342383694));
#13660=CARTESIAN_POINT('',(0.0066925770937772,0.002471304,-0.000279281342383694));
#13661=CARTESIAN_POINT('',(0.00692358915700489,-0.002471304,-0.000323349250279936));
#13662=CARTESIAN_POINT('',(0.00692358915700489,0.002471304,-0.000323349250279936));
#13663=CARTESIAN_POINT('',(0.006565,0.00221999999999999,-0.00062));
#13664=CARTESIAN_POINT('',(0.006565,0.00211789623597391,-0.000619999999999993));
#13665=CARTESIAN_POINT('',(0.00654822313073935,0.00191684967235883,-0.000489367494454292));
#13666=CARTESIAN_POINT('',(0.00673078023025631,0.00192,-0.000331742164509764));
#13667=CARTESIAN_POINT('',(0.00683230129685416,0.00192,-0.000320000000000005));
#13668=CARTESIAN_POINT('',(0.00683230129685416,0.00192,-0.000320000000000006));
#13669=CARTESIAN_POINT('',(0.006867,0.00192,-0.00062));
#13670=CARTESIAN_POINT('',(0.006867,0.00192,-0.000318));
#13671=CARTESIAN_POINT('',(0.006867,-0.002878,-0.000318));
#13672=CARTESIAN_POINT('',(0.00733425,-0.002112,-0.000318));
#13673=CARTESIAN_POINT('',(0.00733425,0.002112,-0.000318));
#13674=CARTESIAN_POINT('',(0.00684475,-0.002112,-0.000318));
#13675=CARTESIAN_POINT('',(0.00684475,0.002112,-0.000318));
#13676=CARTESIAN_POINT('',(0.007312,-0.002878,-0.000318));
#13677=CARTESIAN_POINT('',(0.007312,-0.00162,-0.000318));
#13678=CARTESIAN_POINT('',(0.007312,0.00162,-0.000318));
#13679=CARTESIAN_POINT('',(0.007012,-0.00162,-0.000318));
#13680=CARTESIAN_POINT('',(0.006247,0.00192,-0.000318));
#13681=CARTESIAN_POINT('',(0.007012,0.00192,-0.000318));
#13682=CARTESIAN_POINT('',(0.007012,0.00162,-0.000318));
#13683=CARTESIAN_POINT('',(0.00730668617521861,0.00156378560562428,-0.0003339));
#13684=CARTESIAN_POINT('',(0.00730668617521861,0.00156378560562428,1.59E-5));
#13685=CARTESIAN_POINT('',(0.0073504622426652,0.00179326778763854,-0.0003339));
#13686=CARTESIAN_POINT('',(0.0073504622426652,0.00179326778763854,1.59E-5));
#13687=CARTESIAN_POINT('',(0.00718526778763854,0.0019584622426652,-0.0003339));
#13688=CARTESIAN_POINT('',(0.00718526778763854,0.0019584622426652,1.59E-5));
#13689=CARTESIAN_POINT('',(0.00695578560562428,0.00191468617521861,-0.0003339));
#13690=CARTESIAN_POINT('',(0.00695578560562428,0.00191468617521861,1.59E-5));
#13691=CARTESIAN_POINT('',(0.007312,0.00162,0.));
#13692=CARTESIAN_POINT('',(0.007312,0.00162,0.));
#13693=CARTESIAN_POINT('',(0.007012,0.00192,-0.0003212053373252));
#13694=CARTESIAN_POINT('',(0.007012,0.00192,0.));
#13695=CARTESIAN_POINT('',(0.007012,0.00162,0.));
#13696=CARTESIAN_POINT('',(0.00684475,-0.002112,0.));
#13697=CARTESIAN_POINT('',(0.00684475,0.002112,0.));
#13698=CARTESIAN_POINT('',(0.00733425,-0.002112,0.));
#13699=CARTESIAN_POINT('',(0.00733425,0.002112,0.));
#13700=CARTESIAN_POINT('',(0.006247,0.00192,0.));
#13701=CARTESIAN_POINT('',(0.007012,-0.00162,0.));
#13702=CARTESIAN_POINT('',(0.007312,-0.00162,0.));
#13703=CARTESIAN_POINT('',(0.007312,-0.002878,0.));
#13704=CARTESIAN_POINT('',(0.007312,-0.001782,1.59E-5));
#13705=CARTESIAN_POINT('',(0.007312,0.001782,1.59E-5));
#13706=CARTESIAN_POINT('',(0.007312,-0.001782,-0.0003339));
#13707=CARTESIAN_POINT('',(0.007312,0.001782,-0.0003339));
#13708=CARTESIAN_POINT('',(0.007312,-0.00162,0.));
#13709=CARTESIAN_POINT('',(0.00730668617521861,-0.00156378560562428,1.59E-5));
#13710=CARTESIAN_POINT('',(0.00730668617521861,-0.00156378560562428,-0.0003339));
#13711=CARTESIAN_POINT('',(0.0073504622426652,-0.00179326778763854,1.59E-5));
#13712=CARTESIAN_POINT('',(0.0073504622426652,-0.00179326778763854,-0.0003339));
#13713=CARTESIAN_POINT('',(0.00718526778763854,-0.0019584622426652,1.59E-5));
#13714=CARTESIAN_POINT('',(0.00718526778763854,-0.0019584622426652,-0.0003339));
#13715=CARTESIAN_POINT('',(0.00695578560562428,-0.00191468617521861,1.59E-5));
#13716=CARTESIAN_POINT('',(0.00695578560562428,-0.00191468617521861,-0.0003339));
#13717=CARTESIAN_POINT('',(0.00628570248710598,0.00192,-0.000336000000000006));
#13718=CARTESIAN_POINT('',(0.00628570248710598,0.00192,1.60000000000003E-5));
#13719=CARTESIAN_POINT('',(0.0070465855958521,0.00192,-0.000336000000000006));
#13720=CARTESIAN_POINT('',(0.0070465855958521,0.00192,1.60000000000003E-5));
#13721=CARTESIAN_POINT('',(0.006247,0.00192,-0.00032));
#13722=CARTESIAN_POINT('',(0.00686543208550866,0.00227621439437572,-0.000614686175218606));
#13723=CARTESIAN_POINT('',(0.00621382088532866,0.00227621439437572,-0.000614686175218606));
#13724=CARTESIAN_POINT('',(0.00686543208550866,0.00204673221236146,-0.000658462242665205));
#13725=CARTESIAN_POINT('',(0.00621382088532866,0.00204673221236146,-0.000658462242665205));
#13726=CARTESIAN_POINT('',(0.00686543208550866,0.00188153775733479,-0.000493267787638538));
#13727=CARTESIAN_POINT('',(0.00621382088532866,0.00188153775733479,-0.000493267787638538));
#13728=CARTESIAN_POINT('',(0.00686543208550866,0.00192531382478139,-0.00026378560562428));
#13729=CARTESIAN_POINT('',(0.00621382088532866,0.00192531382478139,-0.00026378560562428));
#13730=CARTESIAN_POINT('',(0.00586703797933257,-0.00255433192023318,-0.009293));
#13731=CARTESIAN_POINT('',(0.00586703797933257,-0.00255433192023318,-0.000207000000000001));
#13732=CARTESIAN_POINT('',(0.00611181897348111,-0.00260102639217622,-0.009293));
#13733=CARTESIAN_POINT('',(0.00611181897348111,-0.00260102639217622,-0.000207000000000001));
#13734=CARTESIAN_POINT('',(0.00628802639217622,-0.00242481897348111,-0.009293));
#13735=CARTESIAN_POINT('',(0.00628802639217622,-0.00242481897348111,-0.000207000000000001));
#13736=CARTESIAN_POINT('',(0.00624133192023318,-0.00218003797933257,-0.009293));
#13737=CARTESIAN_POINT('',(0.00624133192023318,-0.00218003797933257,-0.000207000000000001));
#13738=CARTESIAN_POINT('',(-0.00586703797933257,-0.00255433192023318,-0.000207));
#13739=CARTESIAN_POINT('',(-0.00586703797933257,-0.00255433192023318,-0.009293));
#13740=CARTESIAN_POINT('',(-0.00611181897348111,-0.00260102639217622,-0.000207));
#13741=CARTESIAN_POINT('',(-0.00611181897348111,-0.00260102639217622,-0.009293));
#13742=CARTESIAN_POINT('',(-0.00628802639217622,-0.00242481897348111,-0.000207));
#13743=CARTESIAN_POINT('',(-0.00628802639217622,-0.00242481897348111,-0.009293));
#13744=CARTESIAN_POINT('',(-0.00624133192023318,-0.00218003797933257,-0.000207));
#13745=CARTESIAN_POINT('',(-0.00624133192023318,-0.00218003797933257,-0.009293));
#13746=CARTESIAN_POINT('',(-0.00555,0.0001145,-0.00099032667397341));
#13747=CARTESIAN_POINT('',(-0.00555,0.0012915,-0.00099032667397341));
#13748=CARTESIAN_POINT('',(-0.00555,0.0001145,-0.00925569872981079));
#13749=CARTESIAN_POINT('',(-0.00555,0.0012915,-0.00925569872981079));
#13750=CARTESIAN_POINT('',(-0.00555,0.001238,0.));
#13751=CARTESIAN_POINT('',(-0.00555,0.001238,-0.0013660254037842));
#13752=CARTESIAN_POINT('',(-0.00555,0.0009061370849898,0.));
#13753=CARTESIAN_POINT('',(-0.00555,0.0009061370849898,-0.0035));
#13754=CARTESIAN_POINT('',(-0.00555,0.,-0.0035));
#13755=CARTESIAN_POINT('',(-0.00555,0.000569862915010175,-0.0035));
#13756=CARTESIAN_POINT('',(-0.00555,0.00056986291501015,-0.00888));
#13757=CARTESIAN_POINT('',(-0.00555,0.000168,0.));
#13758=CARTESIAN_POINT('',(-0.00555,0.000168,-0.0013660254037842));
#13759=CARTESIAN_POINT('',(-0.00555,0.,-0.001366025403784));
#13760=CARTESIAN_POINT('',(-0.005575,-5.52816968554489E-5,-0.00140932667397362));
#13761=CARTESIAN_POINT('',(-0.005575,0.00178406904796992,-0.00140932667397362));
#13762=CARTESIAN_POINT('',(-0.00502499999999997,-5.52816968554489E-5,-0.000456698729810736));
#13763=CARTESIAN_POINT('',(-0.00502499999999997,0.00178406904796992,-0.000456698729810736));
#13764=CARTESIAN_POINT('',(-0.00542,0.000168,-0.00114085879880046));
#13765=CARTESIAN_POINT('',(-0.00542412606906407,3.84618979314258E-5,-0.00115666561409272));
#13766=CARTESIAN_POINT('',(-0.00505,0.000418,-0.0005));
#13767=CARTESIAN_POINT('',(-0.00505,0.000418,-0.0005));
#13768=CARTESIAN_POINT('',(-0.00505,0.000828,-0.0005));
#13769=CARTESIAN_POINT('',(-0.00505,0.00137800000000019,-0.000499999999999944));
#13770=CARTESIAN_POINT('',(-0.005362548339959,0.00169054833995949,-0.00104134960463072));
#13771=CARTESIAN_POINT('',(-0.00536254833995921,0.00169054833995957,-0.00104134960463086));
#13772=CARTESIAN_POINT('',(-0.00491,0.001238,-0.000257512886940368));
#13773=CARTESIAN_POINT('',(-0.00553866384046636,0.00111807595866514,-0.000600033587371579));
#13774=CARTESIAN_POINT('',(-0.00553866384046636,0.00111807595866514,-0.00927428411488707));
#13775=CARTESIAN_POINT('',(-0.00563205278435244,0.00160763794696222,-0.000600033587371579));
#13776=CARTESIAN_POINT('',(-0.00563205278435244,0.00160763794696222,-0.00927428411488707));
#13777=CARTESIAN_POINT('',(-0.00527963794696222,0.00196005278435244,-0.000600033587371579));
#13778=CARTESIAN_POINT('',(-0.00527963794696222,0.00196005278435244,-0.00927428411488707));
#13779=CARTESIAN_POINT('',(-0.00479007595866514,0.00186666384046636,-0.000600033587371579));
#13780=CARTESIAN_POINT('',(-0.00479007595866514,0.00186666384046636,-0.00927428411488707));
#13781=CARTESIAN_POINT('',(-0.00491,0.001238,-0.000257512886939968));
#13782=CARTESIAN_POINT('',(-0.00491,0.001878,-0.001366025403784));
#13783=CARTESIAN_POINT('',(-0.00491,0.001878,-0.000487640891807));
#13784=CARTESIAN_POINT('',(-0.00596958881204259,0.00190299999999999,-0.0014093266739732));
#13785=CARTESIAN_POINT('',(0.0059695888120426,0.00190299999999999,-0.0014093266739732));
#13786=CARTESIAN_POINT('',(-0.00596958881204259,0.00135300000000021,-0.000456698729810739));
#13787=CARTESIAN_POINT('',(0.0059695888120426,0.00135300000000021,-0.000456698729810739));
#13788=CARTESIAN_POINT('',(-0.00555,0.00137800000000017,-0.0004999999999999));
#13789=CARTESIAN_POINT('',(0.00505,0.00137800000000019,-0.000499999999999944));
#13790=CARTESIAN_POINT('',(0.00505,0.00137800000000017,-0.0004999999999999));
#13791=CARTESIAN_POINT('',(0.00536254833995921,0.00169054833995957,-0.00104134960463086));
#13792=CARTESIAN_POINT('',(0.00491,0.001238,-0.000257512886939969));
#13793=CARTESIAN_POINT('',(0.00491,0.001878,-0.001366025403784));
#13794=CARTESIAN_POINT('',(-0.00555,0.001878,-0.001366025403784));
#13795=CARTESIAN_POINT('',(0.00553866384046636,0.00111807595866514,-0.00927428411488707));
#13796=CARTESIAN_POINT('',(0.00553866384046636,0.00111807595866514,-0.000600033587371577));
#13797=CARTESIAN_POINT('',(0.00563205278435244,0.00160763794696222,-0.00927428411488707));
#13798=CARTESIAN_POINT('',(0.00563205278435244,0.00160763794696222,-0.000600033587371577));
#13799=CARTESIAN_POINT('',(0.00527963794696222,0.00196005278435244,-0.00927428411488707));
#13800=CARTESIAN_POINT('',(0.00527963794696222,0.00196005278435244,-0.000600033587371577));
#13801=CARTESIAN_POINT('',(0.00479007595866514,0.00186666384046636,-0.00927428411488707));
#13802=CARTESIAN_POINT('',(0.00479007595866514,0.00186666384046636,-0.000600033587371577));
#13803=CARTESIAN_POINT('',(0.00555,0.001238,0.));
#13804=CARTESIAN_POINT('',(0.00555,0.001238,-0.0013660254037842));
#13805=CARTESIAN_POINT('',(0.00491,0.001878,-0.008890979807951));
#13806=CARTESIAN_POINT('',(0.00491,0.001238,-0.000257512886940368));
#13807=CARTESIAN_POINT('',(0.005575,0.00178406946945026,-0.00140932667397362));
#13808=CARTESIAN_POINT('',(0.005575,-5.52895649849443E-5,-0.00140932667397362));
#13809=CARTESIAN_POINT('',(0.00502499999999997,0.00178406946945026,-0.000456698729810736));
#13810=CARTESIAN_POINT('',(0.00502499999999997,-5.52895649849443E-5,-0.000456698729810736));
#13811=CARTESIAN_POINT('',(0.00555,0.,-0.001366025403784));
#13812=CARTESIAN_POINT('',(0.00555,0.000168,-0.0013660254037842));
#13813=CARTESIAN_POINT('',(0.00505,0.000828,-0.0005));
#13814=CARTESIAN_POINT('',(0.00505,0.000418,-0.0005));
#13815=CARTESIAN_POINT('',(0.005429641941386,3.83580586142833E-5,-0.00115755913116412));
#13816=CARTESIAN_POINT('',(0.00542399427892354,3.90057210766222E-5,-0.00115643734687316));
#13817=CARTESIAN_POINT('',(0.00542,0.000168,-0.00114085879880046));
#13818=CARTESIAN_POINT('',(0.00554769734259473,0.000192359570896144,-0.000719334975897889));
#13819=CARTESIAN_POINT('',(0.00554769734259473,0.000192359570896144,-0.00926860309638582));
#13820=CARTESIAN_POINT('',(0.00556666697182159,9.29172920232995E-5,-0.000719334975897889));
#13821=CARTESIAN_POINT('',(0.00556666697182159,9.29172920232995E-5,-0.00926860309638582));
#13822=CARTESIAN_POINT('',(0.0054950827079767,2.13330281784114E-5,-0.000719334975897889));
#13823=CARTESIAN_POINT('',(0.0054950827079767,2.13330281784114E-5,-0.00926860309638582));
#13824=CARTESIAN_POINT('',(0.00539564042910386,4.03026574052705E-5,-0.000719334975897889));
#13825=CARTESIAN_POINT('',(0.00539564042910386,4.03026574052705E-5,-0.00926860309638582));
#13826=CARTESIAN_POINT('',(0.00542,3.8E-5,-0.000487640891807));
#13827=CARTESIAN_POINT('',(0.00555,0.000168,0.));
#13828=CARTESIAN_POINT('',(0.00555,0.0001145,-0.00099032667397341));
#13829=CARTESIAN_POINT('',(0.00555,0.0012915,-0.00099032667397341));
#13830=CARTESIAN_POINT('',(0.00555,0.0001145,-0.00925569872981079));
#13831=CARTESIAN_POINT('',(0.00555,0.0012915,-0.00925569872981079));
#13832=CARTESIAN_POINT('',(0.00555,0.0005698629150102,0.));
#13833=CARTESIAN_POINT('',(0.00555,0.000569862915010199,-0.0035));
#13834=CARTESIAN_POINT('',(0.00555,0.,-0.0035));
#13835=CARTESIAN_POINT('',(0.00555,0.000906137084989825,-0.0035));
#13836=CARTESIAN_POINT('',(0.00555,0.00090613708498985,-0.00888));
#13837=CARTESIAN_POINT('',(0.00566714696961972,0.000788990115370178,-0.009149));
#13838=CARTESIAN_POINT('',(0.00566714696961972,0.000788990115370178,-0.00323099999999998));
#13839=CARTESIAN_POINT('',(0.00554442157287526,0.000911715512114635,-0.009149));
#13840=CARTESIAN_POINT('',(0.00554442157287526,0.000911715512114635,-0.00323099999999998));
#13841=CARTESIAN_POINT('',(0.00566156854249499,0.000794568542494887,-0.0035));
#13842=CARTESIAN_POINT('',(0.00566156854249495,0.000794568542494916,-0.0035));
#13843=CARTESIAN_POINT('',(0.00566156854249497,0.000794568542494874,-0.00888));
#13844=CARTESIAN_POINT('',(0.00564996667022819,0.00067183355405805,-0.009149));
#13845=CARTESIAN_POINT('',(0.00564996667022819,0.00067183355405805,-0.003231));
#13846=CARTESIAN_POINT('',(0.00570149273988387,0.000706850634836343,-0.009149));
#13847=CARTESIAN_POINT('',(0.00570149273988387,0.000706850634836343,-0.003231));
#13848=CARTESIAN_POINT('',(0.00570149273988387,0.000769149365163659,-0.009149));
#13849=CARTESIAN_POINT('',(0.00570149273988387,0.000769149365163659,-0.003231));
#13850=CARTESIAN_POINT('',(0.00564996667022819,0.000804166445941951,-0.009149));
#13851=CARTESIAN_POINT('',(0.00564996667022819,0.000804166445941951,-0.003231));
#13852=CARTESIAN_POINT('',(0.005605,0.000738,-0.0035));
#13853=CARTESIAN_POINT('',(0.005685,0.000738,-0.0035));
#13854=CARTESIAN_POINT('',(0.005605,0.000738,-0.0035));
#13855=CARTESIAN_POINT('',(0.00566156854249494,0.000681431457505097,-0.0035));
#13856=CARTESIAN_POINT('',(0.00566156854249495,0.00068143145750515,-0.00888));
#13857=CARTESIAN_POINT('',(0.00554442157287525,0.000564284487885453,-0.009149));
#13858=CARTESIAN_POINT('',(0.00554442157287525,0.000564284487885453,-0.00323099999999998));
#13859=CARTESIAN_POINT('',(0.00566714696961967,0.000687009884629874,-0.009149));
#13860=CARTESIAN_POINT('',(0.00566714696961967,0.000687009884629874,-0.00323099999999998));
#13861=CARTESIAN_POINT('',(0.00555,0.0005698629150102,-0.0035));
#13862=CARTESIAN_POINT('',(0.00555,0.000567845269990321,-0.0035));
#13863=CARTESIAN_POINT('',(0.00555,0.000908154730009703,-0.0035));
#13864=CARTESIAN_POINT('',(0.00568595705985055,0.000567845269990321,-0.0035));
#13865=CARTESIAN_POINT('',(0.00568595705985055,0.000908154730009703,-0.0035));
#13866=CARTESIAN_POINT('',(-0.005489214791152,3.8E-5,-0.0011100959709544));
#13867=CARTESIAN_POINT('',(0.00548908300101146,3.8E-5,-0.0011100959709544));
#13868=CARTESIAN_POINT('',(-0.005489214791152,3.8E-5,-0.00888));
#13869=CARTESIAN_POINT('',(0.00548908300101146,3.8E-5,-0.00888));
#13870=CARTESIAN_POINT('',(-0.00555,3.80000000000624E-5,-0.00115817930687604));
#13871=CARTESIAN_POINT('',(-0.00542,3.8E-5,-0.008890979807951));
#13872=CARTESIAN_POINT('',(-0.00555,3.8E-5,-0.006253659052624));
#13873=CARTESIAN_POINT('',(-0.003,3.8E-5,-0.006253659052624));
#13874=CARTESIAN_POINT('',(-0.004,3.79999999999989E-5,-0.00625365905262399));
#13875=CARTESIAN_POINT('',(-0.004,3.8E-5,-0.001158179306876));
#13876=CARTESIAN_POINT('',(-0.004,3.80000000000305E-5,-0.00539516284404598));
#13877=CARTESIAN_POINT('',(-0.003,3.80000000001224E-5,-0.00539516284404596));
#13878=CARTESIAN_POINT('',(-0.003,3.8000000000061E-5,-0.00539516284404576));
#13879=CARTESIAN_POINT('',(-0.003,3.8E-5,0.));
#13880=CARTESIAN_POINT('',(-0.00555,3.8E-5,-0.003119498226127));
#13881=CARTESIAN_POINT('',(-0.003,3.80000000000171E-5,-0.00311949822612725));
#13882=CARTESIAN_POINT('',(-0.004,3.8E-5,-0.00311949822612726));
#13883=CARTESIAN_POINT('',(-0.004,3.8E-5,-0.001158179306876));
#13884=CARTESIAN_POINT('',(-0.004,3.79999999999331E-5,-0.00282029187375672));
#13885=CARTESIAN_POINT('',(-0.003,3.79999999998661E-5,-0.00282029187375676));
#13886=CARTESIAN_POINT('',(-0.003,3.79999999999501E-5,-0.00282029187375671));
#13887=CARTESIAN_POINT('',(-0.003,3.80000000000341E-5,0.));
#13888=CARTESIAN_POINT('',(-0.00555,3.8E-5,-0.006253659052624));
#13889=CARTESIAN_POINT('',(-0.0005,3.8E-5,-0.006253659052624));
#13890=CARTESIAN_POINT('',(-0.0015,3.79999999999989E-5,-0.00625365905262399));
#13891=CARTESIAN_POINT('',(-0.0015,3.8E-5,-0.001158179306876));
#13892=CARTESIAN_POINT('',(-0.0015,3.80000000000305E-5,-0.00539516284404598));
#13893=CARTESIAN_POINT('',(-0.0005,3.80000000001224E-5,-0.00539516284404596));
#13894=CARTESIAN_POINT('',(-0.0005,3.8000000000061E-5,-0.00539516284404576));
#13895=CARTESIAN_POINT('',(-0.0005,3.8E-5,0.));
#13896=CARTESIAN_POINT('',(-0.00555,3.8E-5,-0.003119498226127));
#13897=CARTESIAN_POINT('',(-0.0005,3.80000000000171E-5,-0.00311949822612725));
#13898=CARTESIAN_POINT('',(-0.0015,3.8E-5,-0.00311949822612726));
#13899=CARTESIAN_POINT('',(-0.0015,3.8E-5,-0.001158179306876));
#13900=CARTESIAN_POINT('',(-0.0015,3.79999999999331E-5,-0.00282029187375672));
#13901=CARTESIAN_POINT('',(-0.0005,3.79999999998661E-5,-0.00282029187375676));
#13902=CARTESIAN_POINT('',(-0.0005,3.79999999999501E-5,-0.00282029187375671));
#13903=CARTESIAN_POINT('',(-0.0005,3.80000000000341E-5,0.));
#13904=CARTESIAN_POINT('',(-0.00555,3.8E-5,-0.006253659052624));
#13905=CARTESIAN_POINT('',(0.0015,3.8E-5,-0.006253659052624));
#13906=CARTESIAN_POINT('',(0.0005,3.79999999999989E-5,-0.00625365905262399));
#13907=CARTESIAN_POINT('',(0.0005,3.8E-5,-0.001158179306876));
#13908=CARTESIAN_POINT('',(0.0005,3.80000000000305E-5,-0.00539516284404598));
#13909=CARTESIAN_POINT('',(0.0015,3.80000000001224E-5,-0.00539516284404596));
#13910=CARTESIAN_POINT('',(0.0015,3.8000000000061E-5,-0.00539516284404576));
#13911=CARTESIAN_POINT('',(0.0015,3.8E-5,0.));
#13912=CARTESIAN_POINT('',(-0.00555,3.8E-5,-0.003119498226127));
#13913=CARTESIAN_POINT('',(0.0015,3.80000000000171E-5,-0.00311949822612725));
#13914=CARTESIAN_POINT('',(0.0005,3.8E-5,-0.00311949822612726));
#13915=CARTESIAN_POINT('',(0.0005,3.8E-5,-0.001158179306876));
#13916=CARTESIAN_POINT('',(0.0005,3.79999999999331E-5,-0.00282029187375672));
#13917=CARTESIAN_POINT('',(0.0015,3.79999999998661E-5,-0.00282029187375676));
#13918=CARTESIAN_POINT('',(0.0015,3.79999999999501E-5,-0.00282029187375671));
#13919=CARTESIAN_POINT('',(0.0015,3.80000000000341E-5,0.));
#13920=CARTESIAN_POINT('',(-0.00555,3.8E-5,-0.006253659052624));
#13921=CARTESIAN_POINT('',(0.004,3.8E-5,-0.006253659052624));
#13922=CARTESIAN_POINT('',(0.003,3.79999999999989E-5,-0.00625365905262399));
#13923=CARTESIAN_POINT('',(0.003,3.8E-5,-0.001158179306876));
#13924=CARTESIAN_POINT('',(0.003,3.80000000000305E-5,-0.00539516284404598));
#13925=CARTESIAN_POINT('',(0.004,3.80000000001224E-5,-0.00539516284404596));
#13926=CARTESIAN_POINT('',(0.004,3.8000000000061E-5,-0.00539516284404576));
#13927=CARTESIAN_POINT('',(0.004,3.8E-5,0.));
#13928=CARTESIAN_POINT('',(-0.00555,3.8E-5,-0.003119498226127));
#13929=CARTESIAN_POINT('',(0.004,3.80000000000171E-5,-0.00311949822612725));
#13930=CARTESIAN_POINT('',(0.003,3.8E-5,-0.00311949822612726));
#13931=CARTESIAN_POINT('',(0.003,3.8E-5,-0.001158179306876));
#13932=CARTESIAN_POINT('',(0.003,3.79999999999331E-5,-0.00282029187375672));
#13933=CARTESIAN_POINT('',(0.004,3.79999999998661E-5,-0.00282029187375676));
#13934=CARTESIAN_POINT('',(0.004,3.79999999999501E-5,-0.00282029187375671));
#13935=CARTESIAN_POINT('',(0.004,3.80000000000341E-5,0.));
#13936=CARTESIAN_POINT('',(-0.00554769734259473,0.000192359570896144,-0.00926859232752104));
#13937=CARTESIAN_POINT('',(-0.00554769734259473,0.000192359570896144,-0.000719561122058236));
#13938=CARTESIAN_POINT('',(-0.00556666697182159,9.29172920232995E-5,-0.00926859232752104));
#13939=CARTESIAN_POINT('',(-0.00556666697182159,9.29172920232995E-5,-0.000719561122058235));
#13940=CARTESIAN_POINT('',(-0.0054950827079767,2.13330281784114E-5,-0.00926859232752104));
#13941=CARTESIAN_POINT('',(-0.0054950827079767,2.13330281784114E-5,-0.000719561122058235));
#13942=CARTESIAN_POINT('',(-0.00539564042910386,4.03026574052705E-5,-0.00926859232752104));
#13943=CARTESIAN_POINT('',(-0.00539564042910386,4.03026574052705E-5,-0.000719561122058236));
#13944=CARTESIAN_POINT('',(-0.00604266955157471,0.000436999999999997,-0.000467091034656198));
#13945=CARTESIAN_POINT('',(0.00604245535483334,0.000436999999999997,-0.000467091034656198));
#13946=CARTESIAN_POINT('',(-0.00604266955157471,1.90000000000654E-5,-0.00119108827221984));
#13947=CARTESIAN_POINT('',(0.00604245535483334,1.90000000000654E-5,-0.00119108827221984));
#13948=CARTESIAN_POINT('',(-0.00555,0.000418,-0.0005));
#13949=CARTESIAN_POINT('',(-0.005555,0.0014260000000002,-0.0005));
#13950=CARTESIAN_POINT('',(0.005555,0.0014260000000002,-0.0005));
#13951=CARTESIAN_POINT('',(-0.005555,0.00036999999999999,-0.0005));
#13952=CARTESIAN_POINT('',(0.005555,0.00036999999999999,-0.0005));
#13953=CARTESIAN_POINT('',(-0.003,-0.000651114629252339,-0.00644798763494789));
#13954=CARTESIAN_POINT('',(-0.003,7.08149823454136E-5,-0.00644798763494789));
#13955=CARTESIAN_POINT('',(-0.003,-0.000651114629252339,-0.00262596329143283));
#13956=CARTESIAN_POINT('',(-0.003,7.08149823454136E-5,-0.00262596329143283));
#13957=CARTESIAN_POINT('',(-0.003,-0.000318859881224,-0.004227926767112));
#13958=CARTESIAN_POINT('',(-0.003,-0.00031885988122397,-0.00422792676711223));
#13959=CARTESIAN_POINT('',(-0.003,0.0006556146651024,-0.00393));
#13960=CARTESIAN_POINT('',(-0.003,0.0006556146651024,-0.00393));
#13961=CARTESIAN_POINT('',(-0.003,-0.000558892374970635,-0.00430131206499791));
#13962=CARTESIAN_POINT('',(-0.003,3.8E-5,-0.006253659052624));
#13963=CARTESIAN_POINT('',(-0.00295,6.78446187485317E-5,-0.0063512764020053));
#13964=CARTESIAN_POINT('',(-0.00405,6.78446187485317E-5,-0.0063512764020053));
#13965=CARTESIAN_POINT('',(-0.00295,-0.000588736993719166,-0.0042036947156166));
#13966=CARTESIAN_POINT('',(-0.00405,-0.000588736993719166,-0.0042036947156166));
#13967=CARTESIAN_POINT('',(-0.003,-0.000558892374970615,-0.00430131206499797));
#13968=CARTESIAN_POINT('',(-0.004,-0.000558892374970654,-0.00430131206499793));
#13969=CARTESIAN_POINT('',(-0.004,3.8E-5,-0.006253659052624));
#13970=CARTESIAN_POINT('',(-0.004,-0.000651114629252337,-0.00644798763494788));
#13971=CARTESIAN_POINT('',(-0.004,7.08149823453815E-5,-0.00644798763494788));
#13972=CARTESIAN_POINT('',(-0.004,-0.000651114629252337,-0.00262596329143283));
#13973=CARTESIAN_POINT('',(-0.004,7.08149823453815E-5,-0.00262596329143283));
#13974=CARTESIAN_POINT('',(-0.004,0.0006556146651024,-0.00393));
#13975=CARTESIAN_POINT('',(-0.004,0.0006556146651024,-0.00393));
#13976=CARTESIAN_POINT('',(-0.004,-0.000318859881223999,-0.0042279267671122));
#13977=CARTESIAN_POINT('',(-0.004,-0.000318859881224036,-0.00422792676711201));
#13978=CARTESIAN_POINT('',(-0.00295,-0.000336702875285149,-0.00416956496326549));
#13979=CARTESIAN_POINT('',(-0.00405,-0.000336702875285149,-0.00416956496326549));
#13980=CARTESIAN_POINT('',(-0.00295,5.58429940613222E-5,-0.00545352464789264));
#13981=CARTESIAN_POINT('',(-0.00405,5.58429940613222E-5,-0.00545352464789264));
#13982=CARTESIAN_POINT('',(-0.003,-0.00031885988122407,-0.00422792676711202));
#13983=CARTESIAN_POINT('',(-0.00295,-0.000245773348641884,-0.00440524798650613));
#13984=CARTESIAN_POINT('',(-0.00405,-0.000245773348641884,-0.00440524798650613));
#13985=CARTESIAN_POINT('',(-0.00295,-0.000529170692313294,-0.003867737095423));
#13986=CARTESIAN_POINT('',(-0.00405,-0.000529170692313294,-0.003867737095423));
#13987=CARTESIAN_POINT('',(-0.00295,-0.000342951897390533,-0.00328933016872648));
#13988=CARTESIAN_POINT('',(-0.00405,-0.000342951897390533,-0.00328933016872648));
#13989=CARTESIAN_POINT('',(-0.00295,0.00020081254157181,-0.00301812499297762));
#13990=CARTESIAN_POINT('',(-0.00405,0.00020081254157181,-0.00301812499297762));
#13991=CARTESIAN_POINT('',(-0.00295,-0.000467803173420707,-0.00452231103323176));
#13992=CARTESIAN_POINT('',(-0.00405,-0.000467803173420707,-0.00452231103323176));
#13993=CARTESIAN_POINT('',(-0.00295,-0.000862246230123025,-0.00377418320626355));
#13994=CARTESIAN_POINT('',(-0.00405,-0.000862246230123025,-0.00377418320626355));
#13995=CARTESIAN_POINT('',(-0.00295,-0.000546098847077579,-0.00298975258303525));
#13996=CARTESIAN_POINT('',(-0.00405,-0.000546098847077579,-0.00298975258303525));
#13997=CARTESIAN_POINT('',(-0.00295,0.000256878221211122,-0.00272421840770688));
#13998=CARTESIAN_POINT('',(-0.00405,0.000256878221211122,-0.00272421840770688));
#13999=CARTESIAN_POINT('',(-0.0005,-0.000651114629252339,-0.00644798763494789));
#14000=CARTESIAN_POINT('',(-0.0005,7.08149823454136E-5,-0.00644798763494789));
#14001=CARTESIAN_POINT('',(-0.0005,-0.000651114629252339,-0.00262596329143283));
#14002=CARTESIAN_POINT('',(-0.0005,7.08149823454136E-5,-0.00262596329143283));
#14003=CARTESIAN_POINT('',(-0.0005,-0.000318859881224,-0.004227926767112));
#14004=CARTESIAN_POINT('',(-0.0005,-0.00031885988122397,-0.00422792676711223));
#14005=CARTESIAN_POINT('',(-0.0005,0.0006556146651024,-0.00393));
#14006=CARTESIAN_POINT('',(-0.0005,0.0006556146651024,-0.00393));
#14007=CARTESIAN_POINT('',(-0.0005,-0.000558892374970635,-0.00430131206499791));
#14008=CARTESIAN_POINT('',(-0.0005,3.8E-5,-0.006253659052624));
#14009=CARTESIAN_POINT('',(-0.00045,6.78446187485317E-5,-0.0063512764020053));
#14010=CARTESIAN_POINT('',(-0.00155,6.78446187485317E-5,-0.0063512764020053));
#14011=CARTESIAN_POINT('',(-0.00045,-0.000588736993719166,-0.0042036947156166));
#14012=CARTESIAN_POINT('',(-0.00155,-0.000588736993719166,-0.0042036947156166));
#14013=CARTESIAN_POINT('',(-0.0005,-0.000558892374970615,-0.00430131206499797));
#14014=CARTESIAN_POINT('',(-0.0015,-0.000558892374970654,-0.00430131206499793));
#14015=CARTESIAN_POINT('',(-0.0015,3.8E-5,-0.006253659052624));
#14016=CARTESIAN_POINT('',(-0.0015,-0.000651114629252337,-0.00644798763494788));
#14017=CARTESIAN_POINT('',(-0.0015,7.08149823453815E-5,-0.00644798763494788));
#14018=CARTESIAN_POINT('',(-0.0015,-0.000651114629252337,-0.00262596329143283));
#14019=CARTESIAN_POINT('',(-0.0015,7.08149823453815E-5,-0.00262596329143283));
#14020=CARTESIAN_POINT('',(-0.0015,0.0006556146651024,-0.00393));
#14021=CARTESIAN_POINT('',(-0.0015,0.0006556146651024,-0.00393));
#14022=CARTESIAN_POINT('',(-0.0015,-0.000318859881223999,-0.0042279267671122));
#14023=CARTESIAN_POINT('',(-0.0015,-0.000318859881224036,-0.00422792676711201));
#14024=CARTESIAN_POINT('',(-0.00045,-0.000336702875285149,-0.00416956496326549));
#14025=CARTESIAN_POINT('',(-0.00155,-0.000336702875285149,-0.00416956496326549));
#14026=CARTESIAN_POINT('',(-0.00045,5.58429940613222E-5,-0.00545352464789264));
#14027=CARTESIAN_POINT('',(-0.00155,5.58429940613222E-5,-0.00545352464789264));
#14028=CARTESIAN_POINT('',(-0.0005,-0.00031885988122407,-0.00422792676711202));
#14029=CARTESIAN_POINT('',(-0.00045,-0.000245773348641884,-0.00440524798650613));
#14030=CARTESIAN_POINT('',(-0.00155,-0.000245773348641884,-0.00440524798650613));
#14031=CARTESIAN_POINT('',(-0.00045,-0.000529170692313294,-0.003867737095423));
#14032=CARTESIAN_POINT('',(-0.00155,-0.000529170692313294,-0.003867737095423));
#14033=CARTESIAN_POINT('',(-0.00045,-0.000342951897390533,-0.00328933016872648));
#14034=CARTESIAN_POINT('',(-0.00155,-0.000342951897390533,-0.00328933016872648));
#14035=CARTESIAN_POINT('',(-0.00045,0.00020081254157181,-0.00301812499297762));
#14036=CARTESIAN_POINT('',(-0.00155,0.00020081254157181,-0.00301812499297762));
#14037=CARTESIAN_POINT('',(-0.00045,-0.000467803173420707,-0.00452231103323176));
#14038=CARTESIAN_POINT('',(-0.00155,-0.000467803173420707,-0.00452231103323176));
#14039=CARTESIAN_POINT('',(-0.00045,-0.000862246230123025,-0.00377418320626355));
#14040=CARTESIAN_POINT('',(-0.00155,-0.000862246230123025,-0.00377418320626355));
#14041=CARTESIAN_POINT('',(-0.00045,-0.000546098847077579,-0.00298975258303525));
#14042=CARTESIAN_POINT('',(-0.00155,-0.000546098847077579,-0.00298975258303525));
#14043=CARTESIAN_POINT('',(-0.00045,0.000256878221211122,-0.00272421840770688));
#14044=CARTESIAN_POINT('',(-0.00155,0.000256878221211122,-0.00272421840770688));
#14045=CARTESIAN_POINT('',(0.0015,-0.000651114629252339,-0.00644798763494789));
#14046=CARTESIAN_POINT('',(0.0015,7.08149823454136E-5,-0.00644798763494789));
#14047=CARTESIAN_POINT('',(0.0015,-0.000651114629252339,-0.00262596329143283));
#14048=CARTESIAN_POINT('',(0.0015,7.08149823454136E-5,-0.00262596329143283));
#14049=CARTESIAN_POINT('',(0.0015,-0.000318859881224,-0.004227926767112));
#14050=CARTESIAN_POINT('',(0.0015,-0.00031885988122397,-0.00422792676711223));
#14051=CARTESIAN_POINT('',(0.0015,0.0006556146651024,-0.00393));
#14052=CARTESIAN_POINT('',(0.0015,0.0006556146651024,-0.00393));
#14053=CARTESIAN_POINT('',(0.0015,-0.000558892374970635,-0.00430131206499791));
#14054=CARTESIAN_POINT('',(0.0015,3.8E-5,-0.006253659052624));
#14055=CARTESIAN_POINT('',(0.00155,6.78446187485317E-5,-0.0063512764020053));
#14056=CARTESIAN_POINT('',(0.000449999999999999,6.78446187485317E-5,-0.0063512764020053));
#14057=CARTESIAN_POINT('',(0.00155,-0.000588736993719166,-0.0042036947156166));
#14058=CARTESIAN_POINT('',(0.000449999999999999,-0.000588736993719166,-0.0042036947156166));
#14059=CARTESIAN_POINT('',(0.0015,-0.000558892374970615,-0.00430131206499797));
#14060=CARTESIAN_POINT('',(0.0005,-0.000558892374970654,-0.00430131206499793));
#14061=CARTESIAN_POINT('',(0.0005,3.8E-5,-0.006253659052624));
#14062=CARTESIAN_POINT('',(0.0005,-0.000651114629252337,-0.00644798763494788));
#14063=CARTESIAN_POINT('',(0.0005,7.08149823453815E-5,-0.00644798763494788));
#14064=CARTESIAN_POINT('',(0.0005,-0.000651114629252337,-0.00262596329143283));
#14065=CARTESIAN_POINT('',(0.0005,7.08149823453815E-5,-0.00262596329143283));
#14066=CARTESIAN_POINT('',(0.0005,0.0006556146651024,-0.00393));
#14067=CARTESIAN_POINT('',(0.0005,0.0006556146651024,-0.00393));
#14068=CARTESIAN_POINT('',(0.0005,-0.000318859881223999,-0.0042279267671122));
#14069=CARTESIAN_POINT('',(0.0005,-0.000318859881224036,-0.00422792676711201));
#14070=CARTESIAN_POINT('',(0.00155,-0.000336702875285149,-0.00416956496326549));
#14071=CARTESIAN_POINT('',(0.000449999999999999,-0.000336702875285149,-0.00416956496326549));
#14072=CARTESIAN_POINT('',(0.00155,5.58429940613222E-5,-0.00545352464789264));
#14073=CARTESIAN_POINT('',(0.000449999999999999,5.58429940613222E-5,-0.00545352464789264));
#14074=CARTESIAN_POINT('',(0.0015,-0.00031885988122407,-0.00422792676711202));
#14075=CARTESIAN_POINT('',(0.00155,-0.000245773348641884,-0.00440524798650613));
#14076=CARTESIAN_POINT('',(0.00045,-0.000245773348641884,-0.00440524798650613));
#14077=CARTESIAN_POINT('',(0.00155,-0.000529170692313294,-0.003867737095423));
#14078=CARTESIAN_POINT('',(0.00045,-0.000529170692313294,-0.003867737095423));
#14079=CARTESIAN_POINT('',(0.00155,-0.000342951897390533,-0.00328933016872648));
#14080=CARTESIAN_POINT('',(0.00045,-0.000342951897390533,-0.00328933016872648));
#14081=CARTESIAN_POINT('',(0.00155,0.00020081254157181,-0.00301812499297762));
#14082=CARTESIAN_POINT('',(0.00045,0.00020081254157181,-0.00301812499297762));
#14083=CARTESIAN_POINT('',(0.00155,-0.000467803173420707,-0.00452231103323176));
#14084=CARTESIAN_POINT('',(0.00045,-0.000467803173420707,-0.00452231103323176));
#14085=CARTESIAN_POINT('',(0.00155,-0.000862246230123025,-0.00377418320626355));
#14086=CARTESIAN_POINT('',(0.00045,-0.000862246230123025,-0.00377418320626355));
#14087=CARTESIAN_POINT('',(0.00155,-0.000546098847077579,-0.00298975258303525));
#14088=CARTESIAN_POINT('',(0.00045,-0.000546098847077579,-0.00298975258303525));
#14089=CARTESIAN_POINT('',(0.00155,0.000256878221211122,-0.00272421840770688));
#14090=CARTESIAN_POINT('',(0.00045,0.000256878221211122,-0.00272421840770688));
#14091=CARTESIAN_POINT('',(0.004,-0.000651114629252339,-0.00644798763494789));
#14092=CARTESIAN_POINT('',(0.004,7.08149823454136E-5,-0.00644798763494789));
#14093=CARTESIAN_POINT('',(0.004,-0.000651114629252339,-0.00262596329143283));
#14094=CARTESIAN_POINT('',(0.004,7.08149823454136E-5,-0.00262596329143283));
#14095=CARTESIAN_POINT('',(0.004,-0.000318859881224,-0.004227926767112));
#14096=CARTESIAN_POINT('',(0.004,-0.00031885988122397,-0.00422792676711223));
#14097=CARTESIAN_POINT('',(0.004,0.0006556146651024,-0.00393));
#14098=CARTESIAN_POINT('',(0.004,0.0006556146651024,-0.00393));
#14099=CARTESIAN_POINT('',(0.004,-0.000558892374970635,-0.00430131206499791));
#14100=CARTESIAN_POINT('',(0.004,3.8E-5,-0.006253659052624));
#14101=CARTESIAN_POINT('',(0.00405,6.78446187485317E-5,-0.0063512764020053));
#14102=CARTESIAN_POINT('',(0.00295,6.78446187485317E-5,-0.0063512764020053));
#14103=CARTESIAN_POINT('',(0.00405,-0.000588736993719166,-0.0042036947156166));
#14104=CARTESIAN_POINT('',(0.00295,-0.000588736993719166,-0.0042036947156166));
#14105=CARTESIAN_POINT('',(0.004,-0.000558892374970615,-0.00430131206499797));
#14106=CARTESIAN_POINT('',(0.003,-0.000558892374970654,-0.00430131206499793));
#14107=CARTESIAN_POINT('',(0.003,3.8E-5,-0.006253659052624));
#14108=CARTESIAN_POINT('',(0.003,-0.000651114629252337,-0.00644798763494788));
#14109=CARTESIAN_POINT('',(0.003,7.08149823453815E-5,-0.00644798763494788));
#14110=CARTESIAN_POINT('',(0.003,-0.000651114629252337,-0.00262596329143283));
#14111=CARTESIAN_POINT('',(0.003,7.08149823453815E-5,-0.00262596329143283));
#14112=CARTESIAN_POINT('',(0.003,0.0006556146651024,-0.00393));
#14113=CARTESIAN_POINT('',(0.003,0.0006556146651024,-0.00393));
#14114=CARTESIAN_POINT('',(0.003,-0.000318859881223999,-0.0042279267671122));
#14115=CARTESIAN_POINT('',(0.003,-0.000318859881224036,-0.00422792676711201));
#14116=CARTESIAN_POINT('',(0.00405,-0.000336702875285149,-0.00416956496326549));
#14117=CARTESIAN_POINT('',(0.00295,-0.000336702875285149,-0.00416956496326549));
#14118=CARTESIAN_POINT('',(0.00405,5.58429940613222E-5,-0.00545352464789264));
#14119=CARTESIAN_POINT('',(0.00295,5.58429940613222E-5,-0.00545352464789264));
#14120=CARTESIAN_POINT('',(0.004,-0.00031885988122407,-0.00422792676711202));
#14121=CARTESIAN_POINT('',(0.00405,-0.000245773348641884,-0.00440524798650613));
#14122=CARTESIAN_POINT('',(0.00295,-0.000245773348641884,-0.00440524798650613));
#14123=CARTESIAN_POINT('',(0.00405,-0.000529170692313294,-0.003867737095423));
#14124=CARTESIAN_POINT('',(0.00295,-0.000529170692313294,-0.003867737095423));
#14125=CARTESIAN_POINT('',(0.00405,-0.000342951897390533,-0.00328933016872648));
#14126=CARTESIAN_POINT('',(0.00295,-0.000342951897390533,-0.00328933016872648));
#14127=CARTESIAN_POINT('',(0.00405,0.00020081254157181,-0.00301812499297762));
#14128=CARTESIAN_POINT('',(0.00295,0.00020081254157181,-0.00301812499297762));
#14129=CARTESIAN_POINT('',(0.00405,-0.000467803173420707,-0.00452231103323176));
#14130=CARTESIAN_POINT('',(0.00295,-0.000467803173420707,-0.00452231103323176));
#14131=CARTESIAN_POINT('',(0.00405,-0.000862246230123025,-0.00377418320626355));
#14132=CARTESIAN_POINT('',(0.00295,-0.000862246230123025,-0.00377418320626355));
#14133=CARTESIAN_POINT('',(0.00405,-0.000546098847077579,-0.00298975258303525));
#14134=CARTESIAN_POINT('',(0.00295,-0.000546098847077579,-0.00298975258303525));
#14135=CARTESIAN_POINT('',(0.00405,0.000256878221211122,-0.00272421840770688));
#14136=CARTESIAN_POINT('',(0.00295,0.000256878221211122,-0.00272421840770688));
#14137=CARTESIAN_POINT('',(-0.00568595705985054,0.000567845269990297,-0.0035));
#14138=CARTESIAN_POINT('',(-0.00568595705985054,0.000908154730009678,-0.0035));
#14139=CARTESIAN_POINT('',(-0.00555,0.000567845269990297,-0.0035));
#14140=CARTESIAN_POINT('',(-0.00555,0.000908154730009678,-0.0035));
#14141=CARTESIAN_POINT('',(-0.00555,0.0009061370849898,-0.0035));
#14142=CARTESIAN_POINT('',(-0.00566156854249493,0.000794568542494903,-0.0035));
#14143=CARTESIAN_POINT('',(-0.005605,0.000738,-0.0035));
#14144=CARTESIAN_POINT('',(-0.00566156854249495,0.000681431457505085,-0.0035));
#14145=CARTESIAN_POINT('',(-0.00566156854249499,0.000681431457505113,-0.0035));
#14146=CARTESIAN_POINT('',(-0.00566714696961972,0.000687009884629822,-0.009149));
#14147=CARTESIAN_POINT('',(-0.00566714696961972,0.000687009884629822,-0.00323099999999998));
#14148=CARTESIAN_POINT('',(-0.00554442157287526,0.000564284487885364,-0.009149));
#14149=CARTESIAN_POINT('',(-0.00554442157287526,0.000564284487885364,-0.00323099999999998));
#14150=CARTESIAN_POINT('',(-0.00566156854249497,0.000681431457505126,-0.00888));
#14151=CARTESIAN_POINT('',(-0.00564996667022819,0.000804166445941954,-0.009149));
#14152=CARTESIAN_POINT('',(-0.00564996667022819,0.000804166445941954,-0.003231));
#14153=CARTESIAN_POINT('',(-0.00570149273988387,0.000769149365163664,-0.009149));
#14154=CARTESIAN_POINT('',(-0.00570149273988387,0.000769149365163664,-0.003231));
#14155=CARTESIAN_POINT('',(-0.00570149273988388,0.000706850634836344,-0.009149));
#14156=CARTESIAN_POINT('',(-0.00570149273988388,0.000706850634836344,-0.003231));
#14157=CARTESIAN_POINT('',(-0.00564996667022819,0.000671833554058049,-0.009149));
#14158=CARTESIAN_POINT('',(-0.00564996667022819,0.000671833554058049,-0.003231));
#14159=CARTESIAN_POINT('',(-0.00566156854249495,0.00079456854249485,-0.00888));
#14160=CARTESIAN_POINT('',(-0.00554442157287525,0.000911715512114546,-0.009149));
#14161=CARTESIAN_POINT('',(-0.00554442157287525,0.000911715512114546,-0.00323099999999998));
#14162=CARTESIAN_POINT('',(-0.00566714696961967,0.000788990115370126,-0.009149));
#14163=CARTESIAN_POINT('',(-0.00566714696961967,0.000788990115370126,-0.00323099999999998));
#14164=CARTESIAN_POINT('',(-0.0034325,-0.0017335,-0.00905325));
#14165=CARTESIAN_POINT('',(-0.0034325,-0.0017335,-0.00887175));
#14166=CARTESIAN_POINT('',(-0.0034325,-0.0009965,-0.00905325));
#14167=CARTESIAN_POINT('',(-0.0034325,-0.0009965,-0.00887175));
#14168=CARTESIAN_POINT('',(-0.0034325,-0.00103,-0.00888));
#14169=CARTESIAN_POINT('',(-0.0034325,-0.00103,-0.009045));
#14170=CARTESIAN_POINT('',(-0.0034325,0.,-0.009045));
#14171=CARTESIAN_POINT('',(-0.0034325,-0.0017,-0.009045));
#14172=CARTESIAN_POINT('',(-0.0034325,-0.0017,-0.00888));
#14173=CARTESIAN_POINT('',(-0.0035204375,-0.0017,-0.00905325));
#14174=CARTESIAN_POINT('',(-0.0035204375,-0.0017,-0.00887175));
#14175=CARTESIAN_POINT('',(-0.0034283125,-0.0017,-0.00905325));
#14176=CARTESIAN_POINT('',(-0.0034283125,-0.0017,-0.00887175));
#14177=CARTESIAN_POINT('',(-0.006565,-0.0017,-0.009045));
#14178=CARTESIAN_POINT('',(-0.00351625,-0.0017,-0.009045));
#14179=CARTESIAN_POINT('',(-0.00351625,-0.0017,-0.00888));
#14180=CARTESIAN_POINT('',(-0.00351625,-0.00111624466657677,-0.00905325));
#14181=CARTESIAN_POINT('',(-0.00351625,-0.00111624466657677,-0.00887175));
#14182=CARTESIAN_POINT('',(-0.00351625,-0.00172779787302015,-0.00905325));
#14183=CARTESIAN_POINT('',(-0.00351625,-0.00172779787302015,-0.00887175));
#14184=CARTESIAN_POINT('',(-0.00351625,0.,-0.009045));
#14185=CARTESIAN_POINT('',(-0.00351625,-0.00114404253959698,-0.009045));
#14186=CARTESIAN_POINT('',(-0.00351625000000005,-0.00114404253959696,-0.00888));
#14187=CARTESIAN_POINT('',(-0.0036041875,-0.0012488191647831,-0.00905325));
#14188=CARTESIAN_POINT('',(-0.0036041875,-0.0012488191647831,-0.00887175));
#14189=CARTESIAN_POINT('',(-0.00351206250000002,-0.00113905317649281,-0.00905325));
#14190=CARTESIAN_POINT('',(-0.00351206250000002,-0.00113905317649281,-0.00887175));
#14191=CARTESIAN_POINT('',(-0.0036,-0.001243829801679,-0.009045));
#14192=CARTESIAN_POINT('',(-0.0036,-0.001243829801679,-0.009045));
#14193=CARTESIAN_POINT('',(-0.0036,-0.001243829801679,-0.00888));
#14194=CARTESIAN_POINT('',(-0.0036,-0.0011240850931704,-0.00905325));
#14195=CARTESIAN_POINT('',(-0.0036,-0.0011240850931704,-0.00887175));
#14196=CARTESIAN_POINT('',(-0.0036,-0.0012495319306556,-0.00905325));
#14197=CARTESIAN_POINT('',(-0.0036,-0.0012495319306556,-0.00887175));
#14198=CARTESIAN_POINT('',(-0.0036,0.,-0.009045));
#14199=CARTESIAN_POINT('',(-0.0036,-0.001129787222147,-0.009045));
#14200=CARTESIAN_POINT('',(-0.0036,-0.001129787222147,-0.00888));
#14201=CARTESIAN_POINT('',(-0.0035120625,-0.00102501063889265,-0.00905325));
#14202=CARTESIAN_POINT('',(-0.0035120625,-0.00102501063889265,-0.00887175));
#14203=CARTESIAN_POINT('',(-0.0036041875,-0.00113477658325435,-0.00905325));
#14204=CARTESIAN_POINT('',(-0.0036041875,-0.00113477658325435,-0.00887175));
#14205=CARTESIAN_POINT('',(-0.00351625,-0.00103,-0.009045));
#14206=CARTESIAN_POINT('',(-0.00351625,-0.00103,-0.009045));
#14207=CARTESIAN_POINT('',(-0.00351625,-0.00103,-0.00888));
#14208=CARTESIAN_POINT('',(-0.0034283125,-0.00103,-0.00905325));
#14209=CARTESIAN_POINT('',(-0.0034283125,-0.00103,-0.00887175));
#14210=CARTESIAN_POINT('',(-0.0035204375,-0.00103,-0.00905325));
#14211=CARTESIAN_POINT('',(-0.0035204375,-0.00103,-0.00887175));
#14212=CARTESIAN_POINT('',(-0.006565,-0.00103,-0.009045));
#14213=CARTESIAN_POINT('',(-0.003608375,-0.0017335,-0.009045));
#14214=CARTESIAN_POINT('',(-0.003608375,-0.0009965,-0.009045));
#14215=CARTESIAN_POINT('',(-0.003424125,-0.0017335,-0.009045));
#14216=CARTESIAN_POINT('',(-0.003424125,-0.0009965,-0.009045));
#14217=CARTESIAN_POINT('',(-0.0065809,-0.00365,-0.0141349999999999));
#14218=CARTESIAN_POINT('',(-0.0065809,-0.00365,-0.0111650000000015));
#14219=CARTESIAN_POINT('',(-0.0062311,-0.00365,-0.0141349999999999));
#14220=CARTESIAN_POINT('',(-0.0062311,-0.00365,-0.0111650000000015));
#14221=CARTESIAN_POINT('',(-0.00615,-0.00365000000000039,-0.0113000000000029));
#14222=CARTESIAN_POINT('',(-0.006247,-0.00365000000000019,-0.0113000000000014));
#14223=CARTESIAN_POINT('',(0.,-0.00365,-0.014));
#14224=CARTESIAN_POINT('',(-0.006247,-0.00365,-0.014));
#14225=CARTESIAN_POINT('',(-0.006247,-0.00365,0.));
#14226=CARTESIAN_POINT('',(-0.0072215,-0.0044825,-0.014));
#14227=CARTESIAN_POINT('',(0.0072215,-0.0044825,-0.014));
#14228=CARTESIAN_POINT('',(-0.0072215,0.0032285,-0.014));
#14229=CARTESIAN_POINT('',(0.0072215,0.0032285,-0.014));
#14230=CARTESIAN_POINT('',(0.005927,0.00224,-0.014));
#14231=CARTESIAN_POINT('',(0.,-0.00365,-0.014));
#14232=CARTESIAN_POINT('',(0.006247,-0.00365,-0.014));
#14233=CARTESIAN_POINT('',(0.006247,-0.002878,-0.014));
#14234=CARTESIAN_POINT('',(0.006247,-0.00279194564949811,-0.014));
#14235=CARTESIAN_POINT('',(0.005927,-0.00224,-0.014));
#14236=CARTESIAN_POINT('',(0.00615,-0.0028377583123639,-0.014));
#14237=CARTESIAN_POINT('',(0.00615,-0.002878,-0.014));
#14238=CARTESIAN_POINT('',(0.00615,-0.003752,-0.014));
#14239=CARTESIAN_POINT('',(-0.00555,-0.003752,-0.014));
#14240=CARTESIAN_POINT('',(0.0024,-0.003752,-0.014));
#14241=CARTESIAN_POINT('',(0.0024,-0.002878,-0.014));
#14242=CARTESIAN_POINT('',(0.0024,-0.004132,-0.014));
#14243=CARTESIAN_POINT('',(0.,-0.004132,-0.014));
#14244=CARTESIAN_POINT('',(0.00175,-0.004132,-0.014));
#14245=CARTESIAN_POINT('',(0.00175,-0.003752,-0.014));
#14246=CARTESIAN_POINT('',(0.00175,-0.003752,-0.014));
#14247=CARTESIAN_POINT('',(-0.00555,-0.003752,-0.014));
#14248=CARTESIAN_POINT('',(-0.00175,-0.003752,-0.014));
#14249=CARTESIAN_POINT('',(-0.00175,-0.002878,-0.014));
#14250=CARTESIAN_POINT('',(-0.00175,-0.004132,-0.014));
#14251=CARTESIAN_POINT('',(0.,-0.004132,-0.014));
#14252=CARTESIAN_POINT('',(-0.0024,-0.004132,-0.014));
#14253=CARTESIAN_POINT('',(-0.0024,-0.003752,-0.014));
#14254=CARTESIAN_POINT('',(-0.0024,-0.003752,-0.014));
#14255=CARTESIAN_POINT('',(-0.00555,-0.003752,-0.014));
#14256=CARTESIAN_POINT('',(-0.00615,-0.003752,-0.014));
#14257=CARTESIAN_POINT('',(-0.00615,-0.002878,-0.014));
#14258=CARTESIAN_POINT('',(-0.00615,-0.0028377583123639,-0.014));
#14259=CARTESIAN_POINT('',(-0.005927,-0.00224,-0.014));
#14260=CARTESIAN_POINT('',(-0.006247,-0.00279194564949809,-0.014));
#14261=CARTESIAN_POINT('',(-0.006247,-0.002878,-0.014));
#14262=CARTESIAN_POINT('',(-0.005927,0.00224,-0.014));
#14263=CARTESIAN_POINT('',(0.0062311,-0.00365,-0.014135));
#14264=CARTESIAN_POINT('',(0.0062311,-0.00365,-0.011165));
#14265=CARTESIAN_POINT('',(0.0065809,-0.00365,-0.014135));
#14266=CARTESIAN_POINT('',(0.0065809,-0.00365,-0.011165));
#14267=CARTESIAN_POINT('',(0.00615,-0.00365,-0.0113));
#14268=CARTESIAN_POINT('',(0.006247,-0.00365,-0.0113));
#14269=CARTESIAN_POINT('',(0.006247,-0.00365,0.));
#14270=CARTESIAN_POINT('',(0.006141158,-0.00346173279590755,-0.0113249712311299));
#14271=CARTESIAN_POINT('',(0.008222842,-0.00346173279590755,-0.0113249712311299));
#14272=CARTESIAN_POINT('',(0.006141158,-0.00760361128594155,-0.0107756041462717));
#14273=CARTESIAN_POINT('',(0.008222842,-0.00760361128594155,-0.0107756041462717));
#14274=CARTESIAN_POINT('',(0.007768911614581,-0.006006383816327,-0.01098745589445));
#14275=CARTESIAN_POINT('',(0.00776891161458114,-0.00600638381632713,-0.0109874558944478));
#14276=CARTESIAN_POINT('',(0.00669783885625322,-0.00715496878345527,-0.0108351108228502));
#14277=CARTESIAN_POINT('',(0.007687,-0.00593,-0.0109975872284784));
#14278=CARTESIAN_POINT('',(0.00777279697762935,-0.0058580077877147,-0.0110071360725316));
#14279=CARTESIAN_POINT('',(0.006497451751994,-0.004338110533266,-0.011208730959));
#14280=CARTESIAN_POINT('',(0.00649745175199388,-0.0043381105332661,-0.011208730959));
#14281=CARTESIAN_POINT('',(0.006247,-0.00365000000000004,-0.0113));
#14282=CARTESIAN_POINT('',(0.00624700000000001,-0.00390113115282038,-0.0112666906719562));
#14283=CARTESIAN_POINT('',(0.00633578113442236,-0.00414543899395835,-0.0112342863687356));
#14284=CARTESIAN_POINT('',(0.00649745175199389,-0.00433811053326619,-0.0112087309590008));
#14285=CARTESIAN_POINT('',(0.007317509952116,-0.00365,-0.0113));
#14286=CARTESIAN_POINT('',(0.00674105388490574,-0.0041337040733863,-0.0112358428555118));
#14287=CARTESIAN_POINT('',(0.008016399110541,-0.005653601327835,-0.01103424796905));
#14288=CARTESIAN_POINT('',(0.00801639911054115,-0.00565360132783488,-0.011034247969048));
#14289=CARTESIAN_POINT('',(0.007687,-0.00593,-0.0109975872284784));
#14290=CARTESIAN_POINT('',(0.00800148209169619,-0.00622325929482693,-0.0109586901424598));
#14291=CARTESIAN_POINT('',(0.00691078683406645,-0.00739288676128142,-0.01080355405308));
#14292=CARTESIAN_POINT('',(0.00691078686526826,-0.00739288672782157,-0.010803554057518));
#14293=CARTESIAN_POINT('',(0.00691078686526826,-0.00739288672782197,-0.010803554057521));
#14294=CARTESIAN_POINT('',(0.00683980419559658,-0.00731358074636641,-0.0108140729792975));
#14295=CARTESIAN_POINT('',(0.0067688215259249,-0.00723427476491084,-0.0108245919010739));
#14296=CARTESIAN_POINT('',(0.00669783885625322,-0.00715496878345528,-0.0108351108228503));
#14297=CARTESIAN_POINT('',(0.0066963712957185,-0.00715332912262651,-0.0108353283028387));
#14298=CARTESIAN_POINT('',(0.00646502900271688,-0.00735681180272401,-0.010808338960892));
#14299=CARTESIAN_POINT('',(0.00631432134215453,-0.00748937035172343,-0.0105794029530609));
#14300=CARTESIAN_POINT('',(0.0063143213421548,-0.00748937035172345,-0.0102799999999992));
#14301=CARTESIAN_POINT('',(0.00631432134215508,-0.00748937035172347,-0.00997612388587858));
#14302=CARTESIAN_POINT('',(0.00646878514556992,-0.00735350799690262,-0.00974601051198075));
#14303=CARTESIAN_POINT('',(0.00670339393711506,-0.00714715218941654,-0.00972393165708301));
#14304=CARTESIAN_POINT('',(0.00694390122703079,-0.00742988402805553,-0.0107986468399314));
#14305=CARTESIAN_POINT('',(0.0067278399375298,-0.00761992593385041,-0.010773440242607));
#14306=CARTESIAN_POINT('',(0.00658708706845302,-0.00774372850647813,-0.0105596262943514));
#14307=CARTESIAN_POINT('',(0.00658708706845327,-0.00774372850647815,-0.0102799999999995));
#14308=CARTESIAN_POINT('',(0.00658708706845353,-0.00774372850647817,-0.00999619601321615));
#14309=CARTESIAN_POINT('',(0.00673134797342695,-0.00761684035647167,-0.00978128246822314));
#14310=CARTESIAN_POINT('',(0.00695045999731078,-0.00742411510384721,-0.00976066200234111));
#14311=CARTESIAN_POINT('',(0.00691078686526766,-0.00739288672782221,-0.0097564459424793));
#14312=CARTESIAN_POINT('',(0.0067332892249786,-0.00758322964337142,-0.00978169246739167));
#14313=CARTESIAN_POINT('',(0.00643620708631123,-0.00790181123318553,-0.0102801468893875));
#14314=CARTESIAN_POINT('',(0.00673523054405976,-0.00758114783353261,-0.0107785836577467));
#14315=CARTESIAN_POINT('',(0.006910786865268,-0.00739288672782185,-0.0108035540575202));
#14316=CARTESIAN_POINT('',(0.00691078686526836,-0.00739288672782102,-0.00975644594247889));
#14317=CARTESIAN_POINT('',(0.00691078686526574,-0.0073928867278222,-0.0097564459424793));
#14318=CARTESIAN_POINT('',(0.00683980418775463,-0.00731358075490583,-0.00974592702183537));
#14319=CARTESIAN_POINT('',(0.00676882150955606,-0.00723427478259414,-0.00973540810127164));
#14320=CARTESIAN_POINT('',(0.00669783883067003,-0.00715496881088712,-0.00972488918078812));
#14321=CARTESIAN_POINT('',(0.00669783883067485,-0.00715496881088487,-0.00972488918078802));
#14322=CARTESIAN_POINT('',(0.00669783882910432,-0.00715496875763121,-0.0108351108262746));
#14323=CARTESIAN_POINT('',(0.00650964266754206,-0.00735678443263734,-0.0108083425812983));
#14324=CARTESIAN_POINT('',(0.00619465411667799,-0.0076945682986,-0.0102798443776667));
#14325=CARTESIAN_POINT('',(0.00651170113544627,-0.00735457699606628,-0.00975136464963192));
#14326=CARTESIAN_POINT('',(0.0066978388028673,-0.00715496878576697,-0.00972488917745626));
#14327=CARTESIAN_POINT('',(0.006141158,-0.00760361128594113,-0.00978439585372833));
#14328=CARTESIAN_POINT('',(0.008222842,-0.00760361128594113,-0.00978439585372833));
#14329=CARTESIAN_POINT('',(0.006141158,-0.00346173279590755,-0.00923502876887012));
#14330=CARTESIAN_POINT('',(0.008222842,-0.00346173279590755,-0.00923502876887012));
#14331=CARTESIAN_POINT('',(0.006910786834066,-0.00739288676128101,-0.00975644594691691));
#14332=CARTESIAN_POINT('',(0.0080014820916961,-0.00622325929482701,-0.00960130985754054));
#14333=CARTESIAN_POINT('',(0.007687,-0.00593,-0.00956241277152163));
#14334=CARTESIAN_POINT('',(0.00801639911054116,-0.00565360132783489,-0.00952575203095395));
#14335=CARTESIAN_POINT('',(0.008016399110541,-0.00565360132783501,-0.00952575203095396));
#14336=CARTESIAN_POINT('',(0.0067410538849056,-0.00413370407338614,-0.00932415714448644));
#14337=CARTESIAN_POINT('',(0.007317509952116,-0.00365,-0.00926));
#14338=CARTESIAN_POINT('',(0.00615,-0.00365,-0.00926));
#14339=CARTESIAN_POINT('',(0.006247,-0.00365,-0.00926));
#14340=CARTESIAN_POINT('',(0.007317509952116,-0.00365,-0.00926));
#14341=CARTESIAN_POINT('',(0.00649745175199388,-0.00433811053326609,-0.00935126904099925));
#14342=CARTESIAN_POINT('',(0.006497451751994,-0.00433811053326596,-0.00935126904099924));
#14343=CARTESIAN_POINT('',(0.00777279697762935,-0.00585800778771492,-0.00955286392746676));
#14344=CARTESIAN_POINT('',(0.007687,-0.00593,-0.00956241277152163));
#14345=CARTESIAN_POINT('',(0.00776891161458124,-0.00600638381632705,-0.00957254410555446));
#14346=CARTESIAN_POINT('',(0.007768911614581,-0.00600638381632707,-0.00957254410555447));
#14347=CARTESIAN_POINT('',(0.0065809,-0.002160617,-0.00926));
#14348=CARTESIAN_POINT('',(0.0065809,-0.003720923,-0.00926));
#14349=CARTESIAN_POINT('',(0.0062311,-0.002160617,-0.00926));
#14350=CARTESIAN_POINT('',(0.0062311,-0.003720923,-0.00926));
#14351=CARTESIAN_POINT('',(0.005927,-0.00224,-0.00926));
#14352=CARTESIAN_POINT('',(0.006247,-0.00279194564949809,-0.00926));
#14353=CARTESIAN_POINT('',(0.006247,-0.002878,-0.00926));
#14354=CARTESIAN_POINT('',(0.0065783290201058,-0.00350899369593363,-0.011415464));
#14355=CARTESIAN_POINT('',(0.0065783290201058,-0.00350899369593363,-0.009144536));
#14356=CARTESIAN_POINT('',(0.00652519921689229,-0.00378750987800726,-0.011415464));
#14357=CARTESIAN_POINT('',(0.00652519921689229,-0.00378750987800726,-0.009144536));
#14358=CARTESIAN_POINT('',(0.0066221750703819,-0.00405394884570219,-0.011415464));
#14359=CARTESIAN_POINT('',(0.0066221750703819,-0.00405394884570219,-0.009144536));
#14360=CARTESIAN_POINT('',(0.0068419016118318,-0.00423315344008762,-0.011415464));
#14361=CARTESIAN_POINT('',(0.0068419016118318,-0.00423315344008762,-0.009144536));
#14362=CARTESIAN_POINT('',(0.00674105388490565,-0.00413370407338629,-0.00926));
#14363=CARTESIAN_POINT('',(0.00808016637182278,-0.00572959619055746,-0.0113440442667558));
#14364=CARTESIAN_POINT('',(0.00808016637182278,-0.00572959619055746,-0.00921595573324241));
#14365=CARTESIAN_POINT('',(0.00667728662362378,-0.00405770921066374,-0.0113440442667558));
#14366=CARTESIAN_POINT('',(0.00667728662362378,-0.00405770921066374,-0.00921595573324241));
#14367=CARTESIAN_POINT('',(0.0080163991105412,-0.00565360132783483,-0.00926));
#14368=CARTESIAN_POINT('',(0.00794096043707636,-0.00627699293422199,-0.0111196288391442));
#14369=CARTESIAN_POINT('',(0.00794096043707636,-0.00627699293422199,-0.00944037116085782));
#14370=CARTESIAN_POINT('',(0.00818796205323504,-0.00609621507907957,-0.0111196288391442));
#14371=CARTESIAN_POINT('',(0.00818796205323504,-0.00609621507907957,-0.00944037116085782));
#14372=CARTESIAN_POINT('',(0.00819597452725753,-0.00579023104100743,-0.0111196288391442));
#14373=CARTESIAN_POINT('',(0.00819597452725753,-0.00579023104100743,-0.00944037116085782));
#14374=CARTESIAN_POINT('',(0.00795877260014593,-0.00559677386985724,-0.0111196288391442));
#14375=CARTESIAN_POINT('',(0.00795877260014593,-0.00559677386985724,-0.00944037116085782));
#14376=CARTESIAN_POINT('',(0.00800148209169606,-0.00622325929482706,-0.00926));
#14377=CARTESIAN_POINT('',(0.00657450063306255,-0.00775350956085108,-0.0109668344241693));
#14378=CARTESIAN_POINT('',(0.00657450063306255,-0.00775350956085108,-0.00959316557583102));
#14379=CARTESIAN_POINT('',(0.00800148209169619,-0.00622325929482693,-0.0109668344241693));
#14380=CARTESIAN_POINT('',(0.00800148209169619,-0.00622325929482693,-0.00959316557583102));
#14381=CARTESIAN_POINT('',(0.00626596167437427,-0.0034494064378954,-0.011415464));
#14382=CARTESIAN_POINT('',(0.00626596167437427,-0.0034494064378954,-0.009144536));
#14383=CARTESIAN_POINT('',(0.00619037997218674,-0.00384561959613546,-0.011415464));
#14384=CARTESIAN_POINT('',(0.00619037997218674,-0.00384561959613546,-0.009144536));
#14385=CARTESIAN_POINT('',(0.00632833644171052,-0.00422465188101982,-0.011415464));
#14386=CARTESIAN_POINT('',(0.00632833644171052,-0.00422465188101982,-0.009144536));
#14387=CARTESIAN_POINT('',(0.00664091629358418,-0.00447958578749514,-0.011415464));
#14388=CARTESIAN_POINT('',(0.00664091629358418,-0.00447958578749514,-0.009144536));
#14389=CARTESIAN_POINT('',(0.006247,-0.00365,-0.00926));
#14390=CARTESIAN_POINT('',(0.00649745175199384,-0.00433811053326613,-0.00926));
#14391=CARTESIAN_POINT('',(0.00643368449071222,-0.00426211567054355,-0.0113138633035588));
#14392=CARTESIAN_POINT('',(0.00643368449071222,-0.00426211567054355,-0.00924613669644041));
#14393=CARTESIAN_POINT('',(0.00783656423891123,-0.00593400265043727,-0.0113138633035588));
#14394=CARTESIAN_POINT('',(0.00783656423891123,-0.00593400265043727,-0.00924613669644041));
#14395=CARTESIAN_POINT('',(0.00777279697762935,-0.0058580077877147,-0.00926));
#14396=CARTESIAN_POINT('',(0.00775314783477324,-0.00602037955496025,-0.0110894478759423));
#14397=CARTESIAN_POINT('',(0.00775314783477324,-0.00602037955496025,-0.00947055212405609));
#14398=CARTESIAN_POINT('',(0.00781748313944741,-0.00597329322989984,-0.0110894478759423));
#14399=CARTESIAN_POINT('',(0.00781748313944741,-0.00597329322989984,-0.00947055212405608));
#14400=CARTESIAN_POINT('',(0.00781957010942531,-0.00589359506184359,-0.0110894478759423));
#14401=CARTESIAN_POINT('',(0.00781957010942531,-0.00589359506184359,-0.00947055212405608));
#14402=CARTESIAN_POINT('',(0.00775778728189823,-0.00584320621726494,-0.0110894478759423));
#14403=CARTESIAN_POINT('',(0.00775778728189823,-0.00584320621726494,-0.00947055212405609));
#14404=CARTESIAN_POINT('',(0.00776891161458119,-0.00600638381632717,-0.00926));
#14405=CARTESIAN_POINT('',(0.00776891161458109,-0.00600638381632691,-0.0109959453651811));
#14406=CARTESIAN_POINT('',(0.00776891161458109,-0.00600638381632691,-0.0095640546348211));
#14407=CARTESIAN_POINT('',(0.00634179538754398,-0.00753677860377003,-0.0109959453651811));
#14408=CARTESIAN_POINT('',(0.00634179538754398,-0.00753677860377003,-0.0095640546348211));
#14409=CARTESIAN_POINT('',(0.006247,-0.00274904293197299,-0.009023));
#14410=CARTESIAN_POINT('',(0.006247,-0.0036929027175251,-0.009023));
#14411=CARTESIAN_POINT('',(0.006247,-0.00274904293197299,-0.014237));
#14412=CARTESIAN_POINT('',(0.006247,-0.0036929027175251,-0.014237));
#14413=CARTESIAN_POINT('',(0.006247,-0.002791945649498,-0.00926));
#14414=CARTESIAN_POINT('',(0.0065536992659649,-0.00212045072129431,4.9E-5));
#14415=CARTESIAN_POINT('',(0.0065536992659649,-0.00212045072129431,-0.014669));
#14416=CARTESIAN_POINT('',(0.00664679636940133,-0.00260848282837796,4.9E-5));
#14417=CARTESIAN_POINT('',(0.00664679636940133,-0.00260848282837796,-0.014669));
#14418=CARTESIAN_POINT('',(0.00629548282837796,-0.00295979636940133,4.9E-5));
#14419=CARTESIAN_POINT('',(0.00629548282837796,-0.00295979636940133,-0.014669));
#14420=CARTESIAN_POINT('',(0.00580745072129431,-0.0028666992659649,4.9E-5));
#14421=CARTESIAN_POINT('',(0.00580745072129431,-0.0028666992659649,-0.014669));
#14422=CARTESIAN_POINT('',(0.005927,-0.00224,-0.00888));
#14423=CARTESIAN_POINT('',(0.00615,-0.00283775831236389,-0.00888));
#14424=CARTESIAN_POINT('',(0.00615,-0.002837758312364,-0.014));
#14425=CARTESIAN_POINT('',(0.00615,-0.00279204622798208,-0.014256));
#14426=CARTESIAN_POINT('',(0.00615,-0.00379771208438181,-0.014256));
#14427=CARTESIAN_POINT('',(0.00615,-0.00279204622798208,-0.008624));
#14428=CARTESIAN_POINT('',(0.00615,-0.00379771208438181,-0.008624));
#14429=CARTESIAN_POINT('',(0.00615,-0.003752,-0.001158179306876));
#14430=CARTESIAN_POINT('',(0.00615,-0.003752,-0.00888));
#14431=CARTESIAN_POINT('',(0.00615,-0.002878,-0.00888));
#14432=CARTESIAN_POINT('',(0.006765,-0.00276489250534998,-0.00888));
#14433=CARTESIAN_POINT('',(0.006765,-0.0041971003568881,-0.00888));
#14434=CARTESIAN_POINT('',(-0.006765,-0.00276489250534998,-0.00888));
#14435=CARTESIAN_POINT('',(-0.006765,-0.0041971003568881,-0.00888));
#14436=CARTESIAN_POINT('',(-0.00555,-0.003752,-0.00888));
#14437=CARTESIAN_POINT('',(-0.00505,-0.003752,-0.00888));
#14438=CARTESIAN_POINT('',(-0.00615,-0.003752,-0.00888));
#14439=CARTESIAN_POINT('',(-0.00505,-0.002878,-0.00888));
#14440=CARTESIAN_POINT('',(-0.00505,-0.004132,-0.00888));
#14441=CARTESIAN_POINT('',(0.,-0.004132,-0.00888));
#14442=CARTESIAN_POINT('',(-0.0044,-0.004132,-0.00888));
#14443=CARTESIAN_POINT('',(-0.0044,-0.003752,-0.00888));
#14444=CARTESIAN_POINT('',(-0.0044,-0.003752,-0.00888));
#14445=CARTESIAN_POINT('',(-0.00555,-0.003752,-0.00888));
#14446=CARTESIAN_POINT('',(0.0044,-0.003752,-0.00888));
#14447=CARTESIAN_POINT('',(0.0044,-0.002878,-0.00888));
#14448=CARTESIAN_POINT('',(0.0044,-0.004132,-0.00888));
#14449=CARTESIAN_POINT('',(0.,-0.004132,-0.00888));
#14450=CARTESIAN_POINT('',(0.00505,-0.004132,-0.00888));
#14451=CARTESIAN_POINT('',(0.00505,-0.003752,-0.00888));
#14452=CARTESIAN_POINT('',(0.00505,-0.003752,-0.00888));
#14453=CARTESIAN_POINT('',(-0.00555,-0.003752,-0.00888));
#14454=CARTESIAN_POINT('',(-0.005927,-0.00224,-0.00888));
#14455=CARTESIAN_POINT('',(-0.00615,-0.0028377583123639,-0.00888));
#14456=CARTESIAN_POINT('',(-0.00615,-0.002878,-0.00888));
#14457=CARTESIAN_POINT('',(-0.00615,-0.00279204622798209,-0.008624));
#14458=CARTESIAN_POINT('',(-0.00615,-0.00379771208438181,-0.008624));
#14459=CARTESIAN_POINT('',(-0.00615,-0.00279204622798209,-0.014256));
#14460=CARTESIAN_POINT('',(-0.00615,-0.00379771208438181,-0.014256));
#14461=CARTESIAN_POINT('',(-0.00615,-0.003752,-0.001158179306876));
#14462=CARTESIAN_POINT('',(-0.00615,-0.002837758312364,-0.00888));
#14463=CARTESIAN_POINT('',(-0.0065536992659649,-0.00212045072129431,-0.014669));
#14464=CARTESIAN_POINT('',(-0.0065536992659649,-0.00212045072129431,4.89999999999987E-5));
#14465=CARTESIAN_POINT('',(-0.00664679636940133,-0.00260848282837796,-0.014669));
#14466=CARTESIAN_POINT('',(-0.00664679636940133,-0.00260848282837796,4.89999999999993E-5));
#14467=CARTESIAN_POINT('',(-0.00629548282837796,-0.00295979636940133,-0.014669));
#14468=CARTESIAN_POINT('',(-0.00629548282837796,-0.00295979636940133,4.89999999999993E-5));
#14469=CARTESIAN_POINT('',(-0.00580745072129431,-0.0028666992659649,-0.014669));
#14470=CARTESIAN_POINT('',(-0.00580745072129431,-0.0028666992659649,4.89999999999987E-5));
#14471=CARTESIAN_POINT('',(-0.005927,-0.00224,-0.00926));
#14472=CARTESIAN_POINT('',(-0.006247,-0.00279194564949811,-0.00926));
#14473=CARTESIAN_POINT('',(-0.006247,-0.002791945649498,-0.014));
#14474=CARTESIAN_POINT('',(-0.006247,-0.00274904293197299,-0.014237));
#14475=CARTESIAN_POINT('',(-0.006247,-0.00369290271752529,-0.014237));
#14476=CARTESIAN_POINT('',(-0.006247,-0.00274904293197299,-0.009023));
#14477=CARTESIAN_POINT('',(-0.006247,-0.00369290271752529,-0.009023));
#14478=CARTESIAN_POINT('',(-0.006247,-0.002878,-0.00926));
#14479=CARTESIAN_POINT('',(-0.006247,-0.00365,-0.00926));
#14480=CARTESIAN_POINT('',(-0.006247,-0.00365,-0.00926));
#14481=CARTESIAN_POINT('',(-0.00664091629358418,-0.00447958578749514,-0.0114154640000015));
#14482=CARTESIAN_POINT('',(-0.00664091629358418,-0.00447958578749514,-0.00914453599999992));
#14483=CARTESIAN_POINT('',(-0.00632833644171052,-0.00422465188101982,-0.0114154640000015));
#14484=CARTESIAN_POINT('',(-0.00632833644171052,-0.00422465188101982,-0.00914453599999992));
#14485=CARTESIAN_POINT('',(-0.00619037997218674,-0.00384561959613546,-0.0114154640000015));
#14486=CARTESIAN_POINT('',(-0.00619037997218674,-0.00384561959613546,-0.00914453599999992));
#14487=CARTESIAN_POINT('',(-0.00626596167437428,-0.0034494064378954,-0.0114154640000015));
#14488=CARTESIAN_POINT('',(-0.00626596167437428,-0.0034494064378954,-0.00914453599999992));
#14489=CARTESIAN_POINT('',(-0.007317509952116,-0.00365,-0.00926));
#14490=CARTESIAN_POINT('',(-0.00649745175199374,-0.0043381105332662,-0.00935126904099922));
#14491=CARTESIAN_POINT('',(-0.00649745175199365,-0.00433811053326629,-0.00926));
#14492=CARTESIAN_POINT('',(-0.00649745175199382,-0.00433811053326631,-0.011208730959));
#14493=CARTESIAN_POINT('',(-0.006247,-0.00365000000000038,-0.0113000000000029));
#14494=CARTESIAN_POINT('',(-0.00624700000000009,-0.0038971506466387,-0.011267218635076));
#14495=CARTESIAN_POINT('',(-0.00633538287680581,-0.00414496436901312,-0.011234349321653));
#14496=CARTESIAN_POINT('',(-0.00649745175199401,-0.00433811053326634,-0.0112087309590036));
#14497=CARTESIAN_POINT('',(-0.006141158,-0.00760361128594195,-0.0107756041462746));
#14498=CARTESIAN_POINT('',(-0.008222842,-0.00760361128594195,-0.0107756041462746));
#14499=CARTESIAN_POINT('',(-0.006141158,-0.00346173279590772,-0.0113249712311329));
#14500=CARTESIAN_POINT('',(-0.008222842,-0.00346173279590772,-0.0113249712311329));
#14501=CARTESIAN_POINT('',(-0.008001482091696,-0.006223259294827,-0.01095869014246));
#14502=CARTESIAN_POINT('',(-0.00800148209169617,-0.00622325929482692,-0.0109586901424612));
#14503=CARTESIAN_POINT('',(-0.00691078686526852,-0.00739288672782116,-0.0108035540575181));
#14504=CARTESIAN_POINT('',(-0.007687,-0.00593,-0.0109975872284814));
#14505=CARTESIAN_POINT('',(-0.00801639911054121,-0.00565360132783469,-0.0110342479690495));
#14506=CARTESIAN_POINT('',(-0.006741053884906,-0.004133704073386,-0.01123584285551));
#14507=CARTESIAN_POINT('',(-0.00674105388490581,-0.00413370407338616,-0.0112358428555133));
#14508=CARTESIAN_POINT('',(-0.007317509952116,-0.00365,-0.011300000000003));
#14509=CARTESIAN_POINT('',(-0.007772796977629,-0.005858007787715,-0.01100713607253));
#14510=CARTESIAN_POINT('',(-0.0077727969776291,-0.00585800778771491,-0.0110071360725331));
#14511=CARTESIAN_POINT('',(-0.007687,-0.00593,-0.0109975872284814));
#14512=CARTESIAN_POINT('',(-0.00776891161458122,-0.00600638381632702,-0.0109874558944493));
#14513=CARTESIAN_POINT('',(-0.00669783880558486,-0.00715496878285287,-0.01083511082293));
#14514=CARTESIAN_POINT('',(-0.00669783883067478,-0.00715496881088498,-0.0108351108192135));
#14515=CARTESIAN_POINT('',(-0.00669783883067478,-0.00715496881088518,-0.010835110819215));
#14516=CARTESIAN_POINT('',(-0.00676882150887269,-0.00723427478319744,-0.0108245918986513));
#14517=CARTESIAN_POINT('',(-0.00683980418707061,-0.00731358075550969,-0.0108140729780877));
#14518=CARTESIAN_POINT('',(-0.00691078686526852,-0.00739288672782195,-0.010803554057524));
#14519=CARTESIAN_POINT('',(-0.00669637129571872,-0.00715332912262661,-0.00972467169716037));
#14520=CARTESIAN_POINT('',(-0.0064650290012142,-0.00735681180404598,-0.00975166103928232));
#14521=CARTESIAN_POINT('',(-0.00631432134000695,-0.00748937035361225,-0.00998059704950511));
#14522=CARTESIAN_POINT('',(-0.00631432134215444,-0.00748937035172311,-0.0102800000053249));
#14523=CARTESIAN_POINT('',(-0.00631432134433402,-0.00748937034980575,-0.0105838761171385));
#14524=CARTESIAN_POINT('',(-0.0064687851474326,-0.00735350799526267,-0.0108139894882006));
#14525=CARTESIAN_POINT('',(-0.00670339393712333,-0.00714715218940764,-0.010836068342917));
#14526=CARTESIAN_POINT('',(-0.00694390122703125,-0.00742988402805591,-0.00976135316006817));
#14527=CARTESIAN_POINT('',(-0.00672783993612665,-0.00761992593508533,-0.00978655975755622));
#14528=CARTESIAN_POINT('',(-0.00658708706644757,-0.00774372850824244,-0.0100003737080456));
#14529=CARTESIAN_POINT('',(-0.00658708706845322,-0.00774372850647809,-0.0102800000049733));
#14530=CARTESIAN_POINT('',(-0.00658708707048882,-0.00774372850468738,-0.010563803989602));
#14531=CARTESIAN_POINT('',(-0.00673134797516685,-0.00761684035494033,-0.0107787175319466));
#14532=CARTESIAN_POINT('',(-0.00695045999731876,-0.00742411510383918,-0.0107993379976593));
#14533=CARTESIAN_POINT('',(-0.00669783882910436,-0.0071549687576313,-0.00972488917372443));
#14534=CARTESIAN_POINT('',(-0.0065096426675421,-0.00735678443263743,-0.0097516574187008));
#14535=CARTESIAN_POINT('',(-0.00619465411667798,-0.00769456829860015,-0.0102801556223329));
#14536=CARTESIAN_POINT('',(-0.00651170113544652,-0.00735457699606613,-0.0108086353503673));
#14537=CARTESIAN_POINT('',(-0.00669783880286758,-0.00715496878576681,-0.0108351108225428));
#14538=CARTESIAN_POINT('',(-0.00669783885625328,-0.0071549687834554,-0.00972488917714974));
#14539=CARTESIAN_POINT('',(-0.00669783885624846,-0.00715496878345763,-0.00972488917714996));
#14540=CARTESIAN_POINT('',(-0.00676882152607671,-0.00723427476477543,-0.00973540809890823));
#14541=CARTESIAN_POINT('',(-0.006839804195749,-0.00731358074623041,-0.00974592702068469));
#14542=CARTESIAN_POINT('',(-0.00691078686526532,-0.00739288672782257,-0.00975644594247935));
#14543=CARTESIAN_POINT('',(-0.00691078686526794,-0.0073928867278214,-0.00975644594247892));
#14544=CARTESIAN_POINT('',(-0.00691078686526762,-0.00739288672782213,-0.0108035540575201));
#14545=CARTESIAN_POINT('',(-0.00673328922497844,-0.00758322964337147,-0.0107783075326078));
#14546=CARTESIAN_POINT('',(-0.00643620708631118,-0.00790181123318546,-0.0102798531106124));
#14547=CARTESIAN_POINT('',(-0.0067352305440598,-0.00758114783353244,-0.00978141634225254));
#14548=CARTESIAN_POINT('',(-0.00691078686526816,-0.00739288672782154,-0.00975644594247921));
#14549=CARTESIAN_POINT('',(-0.00800148209169612,-0.00622325929482687,-0.0109668344241708));
#14550=CARTESIAN_POINT('',(-0.00800148209169612,-0.00622325929482687,-0.00959316557583097));
#14551=CARTESIAN_POINT('',(-0.00657450063306249,-0.00775350956085101,-0.0109668344241708));
#14552=CARTESIAN_POINT('',(-0.00657450063306249,-0.00775350956085101,-0.00959316557583097));
#14553=CARTESIAN_POINT('',(-0.008001482091696,-0.00622325929482707,-0.0096013098575405));
#14554=CARTESIAN_POINT('',(-0.0080014820916961,-0.00622325929482701,-0.00960130985754049));
#14555=CARTESIAN_POINT('',(-0.00800148209169607,-0.00622325929482706,-0.00926));
#14556=CARTESIAN_POINT('',(-0.00795877260014585,-0.00559677386985717,-0.0111196288391458));
#14557=CARTESIAN_POINT('',(-0.00795877260014585,-0.00559677386985717,-0.00944037116085768));
#14558=CARTESIAN_POINT('',(-0.00819597452725754,-0.00579023104100734,-0.0111196288391458));
#14559=CARTESIAN_POINT('',(-0.00819597452725754,-0.00579023104100734,-0.00944037116085768));
#14560=CARTESIAN_POINT('',(-0.00818796205323508,-0.00609621507907953,-0.0111196288391458));
#14561=CARTESIAN_POINT('',(-0.00818796205323508,-0.00609621507907953,-0.00944037116085768));
#14562=CARTESIAN_POINT('',(-0.00794096043707636,-0.00627699293422198,-0.0111196288391458));
#14563=CARTESIAN_POINT('',(-0.00794096043707636,-0.00627699293422198,-0.00944037116085768));
#14564=CARTESIAN_POINT('',(-0.007687,-0.00593,-0.00956241277152159));
#14565=CARTESIAN_POINT('',(-0.00801639911054126,-0.00565360132783478,-0.00952575203095389));
#14566=CARTESIAN_POINT('',(-0.00801639911054135,-0.00565360132783471,-0.00926));
#14567=CARTESIAN_POINT('',(-0.00667728662362413,-0.00405770921066344,-0.0113440442667574));
#14568=CARTESIAN_POINT('',(-0.00667728662362413,-0.00405770921066344,-0.00921595573324225));
#14569=CARTESIAN_POINT('',(-0.00808016637182312,-0.00572959619055714,-0.0113440442667574));
#14570=CARTESIAN_POINT('',(-0.00808016637182312,-0.00572959619055714,-0.00921595573324225));
#14571=CARTESIAN_POINT('',(-0.006741053884906,-0.00413370407338595,-0.00932415714448637));
#14572=CARTESIAN_POINT('',(-0.00674105388490572,-0.00413370407338604,-0.00932415714448637));
#14573=CARTESIAN_POINT('',(-0.00674105388490575,-0.00413370407338621,-0.00926));
#14574=CARTESIAN_POINT('',(-0.00684190161183175,-0.00423315344008758,-0.0114154640000016));
#14575=CARTESIAN_POINT('',(-0.00684190161183175,-0.00423315344008758,-0.00914453599999991));
#14576=CARTESIAN_POINT('',(-0.00662217507038189,-0.00405394884570215,-0.0114154640000016));
#14577=CARTESIAN_POINT('',(-0.00662217507038189,-0.00405394884570215,-0.00914453599999991));
#14578=CARTESIAN_POINT('',(-0.0065251992168923,-0.00378750987800724,-0.0114154640000016));
#14579=CARTESIAN_POINT('',(-0.0065251992168923,-0.00378750987800724,-0.00914453599999991));
#14580=CARTESIAN_POINT('',(-0.0065783290201058,-0.00350899369593363,-0.0114154640000016));
#14581=CARTESIAN_POINT('',(-0.0065783290201058,-0.00350899369593363,-0.00914453599999991));
#14582=CARTESIAN_POINT('',(-0.007317509952116,-0.00365,-0.00926));
#14583=CARTESIAN_POINT('',(-0.006141158,-0.00346173279590757,-0.00923502876887008));
#14584=CARTESIAN_POINT('',(-0.008222842,-0.00346173279590757,-0.00923502876887008));
#14585=CARTESIAN_POINT('',(-0.006141158,-0.00760361128594114,-0.00978439585372829));
#14586=CARTESIAN_POINT('',(-0.008222842,-0.00760361128594114,-0.00978439585372829));
#14587=CARTESIAN_POINT('',(-0.006697838805585,-0.00715496878285302,-0.00972488917706984));
#14588=CARTESIAN_POINT('',(-0.00776891161458121,-0.00600638381632702,-0.00957254410555442));
#14589=CARTESIAN_POINT('',(-0.007687,-0.00593,-0.00956241277152159));
#14590=CARTESIAN_POINT('',(-0.0077727969776292,-0.00585800778771504,-0.00955286392746674));
#14591=CARTESIAN_POINT('',(-0.007772796977629,-0.00585800778771504,-0.00955286392746674));
#14592=CARTESIAN_POINT('',(0.006565,-0.00365,-0.00926));
#14593=CARTESIAN_POINT('',(-0.0062311,-0.002160617,-0.00926));
#14594=CARTESIAN_POINT('',(-0.0062311,-0.003720923,-0.00926));
#14595=CARTESIAN_POINT('',(-0.0065809,-0.002160617,-0.00926));
#14596=CARTESIAN_POINT('',(-0.0065809,-0.003720923,-0.00926));
#14597=CARTESIAN_POINT('',(-0.00783656423891088,-0.00593400265043756,-0.0113138633035588));
#14598=CARTESIAN_POINT('',(-0.00783656423891088,-0.00593400265043756,-0.00924613669644038));
#14599=CARTESIAN_POINT('',(-0.00643368449071187,-0.00426211567054385,-0.0113138633035588));
#14600=CARTESIAN_POINT('',(-0.00643368449071187,-0.00426211567054385,-0.00924613669644038));
#14601=CARTESIAN_POINT('',(-0.00777279697762914,-0.00585800778771488,-0.00926));
#14602=CARTESIAN_POINT('',(-0.00775778728189823,-0.00584320621726494,-0.0110894478759439));
#14603=CARTESIAN_POINT('',(-0.00775778728189823,-0.00584320621726494,-0.00947055212405598));
#14604=CARTESIAN_POINT('',(-0.00781957010942531,-0.00589359506184359,-0.0110894478759439));
#14605=CARTESIAN_POINT('',(-0.00781957010942531,-0.00589359506184359,-0.00947055212405598));
#14606=CARTESIAN_POINT('',(-0.00781748313944741,-0.00597329322989984,-0.0110894478759439));
#14607=CARTESIAN_POINT('',(-0.00781748313944741,-0.00597329322989984,-0.00947055212405598));
#14608=CARTESIAN_POINT('',(-0.00775314783477324,-0.00602037955496024,-0.0110894478759439));
#14609=CARTESIAN_POINT('',(-0.00775314783477324,-0.00602037955496024,-0.00947055212405598));
#14610=CARTESIAN_POINT('',(-0.00776891161458107,-0.00600638381632706,-0.00926));
#14611=CARTESIAN_POINT('',(-0.00634179538754405,-0.00753677860377009,-0.0109959453651826));
#14612=CARTESIAN_POINT('',(-0.00634179538754405,-0.00753677860377009,-0.00956405463482105));
#14613=CARTESIAN_POINT('',(-0.00776891161458116,-0.00600638381632696,-0.0109959453651826));
#14614=CARTESIAN_POINT('',(-0.00776891161458116,-0.00600638381632696,-0.00956405463482105));
#14615=CARTESIAN_POINT('',(-0.006765,-0.003752,-0.008624));
#14616=CARTESIAN_POINT('',(0.006765,-0.003752,-0.008624));
#14617=CARTESIAN_POINT('',(-0.006765,-0.003752,-0.014256));
#14618=CARTESIAN_POINT('',(0.006765,-0.003752,-0.014256));
#14619=CARTESIAN_POINT('',(-0.0024,-0.003752,-0.001158179306876));
#14620=CARTESIAN_POINT('',(-0.0024,-0.003752,-0.01188));
#14621=CARTESIAN_POINT('',(-0.00175,-0.003752,-0.01188));
#14622=CARTESIAN_POINT('',(-0.00175,-0.003752,-0.01188));
#14623=CARTESIAN_POINT('',(-0.00175,-0.003752,-0.014));
#14624=CARTESIAN_POINT('',(0.00175,-0.003752,-0.001158179306876));
#14625=CARTESIAN_POINT('',(0.00175,-0.003752,-0.01188));
#14626=CARTESIAN_POINT('',(0.0024,-0.003752,-0.01188));
#14627=CARTESIAN_POINT('',(0.0024,-0.003752,-0.01188));
#14628=CARTESIAN_POINT('',(0.0024,-0.003752,-0.014));
#14629=CARTESIAN_POINT('',(0.00505,-0.003752,-0.001158179306876));
#14630=CARTESIAN_POINT('',(0.00505,-0.003752,-0.01188));
#14631=CARTESIAN_POINT('',(0.0044,-0.003752,-0.01188));
#14632=CARTESIAN_POINT('',(0.0044,-0.003752,-0.01188));
#14633=CARTESIAN_POINT('',(0.0044,-0.003752,-0.00888));
#14634=CARTESIAN_POINT('',(-0.0044,-0.003752,-0.001158179306876));
#14635=CARTESIAN_POINT('',(-0.0044,-0.003752,-0.01188));
#14636=CARTESIAN_POINT('',(-0.00505,-0.003752,-0.01188));
#14637=CARTESIAN_POINT('',(-0.00505,-0.003752,-0.01188));
#14638=CARTESIAN_POINT('',(-0.00505,-0.003752,-0.00888));
#14639=CARTESIAN_POINT('',(-0.0032,-0.003752,-0.001158179306876));
#14640=CARTESIAN_POINT('',(-0.0032,-0.00375200000000024,-0.012674831304998));
#14641=CARTESIAN_POINT('',(-0.0032,-0.003752,-0.0129422330006603));
#14642=CARTESIAN_POINT('',(-0.00555,-0.003752,-0.01294223300066));
#14643=CARTESIAN_POINT('',(-0.0038,-0.003752,-0.0129422330006603));
#14644=CARTESIAN_POINT('',(-0.0038,-0.003752,-0.001158179306876));
#14645=CARTESIAN_POINT('',(-0.0038,-0.00375200000000024,-0.012674831304998));
#14646=CARTESIAN_POINT('',(-0.003,-0.00375200000000048,-0.0126748313049981));
#14647=CARTESIAN_POINT('',(-0.0007,-0.003752,-0.001158179306876));
#14648=CARTESIAN_POINT('',(-0.0007,-0.00375200000000024,-0.012674831304998));
#14649=CARTESIAN_POINT('',(-0.0007,-0.003752,-0.0129422330006603));
#14650=CARTESIAN_POINT('',(-0.00555,-0.003752,-0.01294223300066));
#14651=CARTESIAN_POINT('',(-0.0013,-0.003752,-0.0129422330006603));
#14652=CARTESIAN_POINT('',(-0.0013,-0.003752,-0.001158179306876));
#14653=CARTESIAN_POINT('',(-0.0013,-0.00375200000000024,-0.012674831304998));
#14654=CARTESIAN_POINT('',(-0.0005,-0.00375200000000048,-0.0126748313049981));
#14655=CARTESIAN_POINT('',(0.0007,-0.003752,-0.001158179306876));
#14656=CARTESIAN_POINT('',(0.0007,-0.003752,-0.0129422330006603));
#14657=CARTESIAN_POINT('',(0.0007,-0.00375200000000024,-0.012674831304998));
#14658=CARTESIAN_POINT('',(0.0015,-0.00375200000000048,-0.0126748313049981));
#14659=CARTESIAN_POINT('',(0.0013,-0.00375200000000024,-0.012674831304998));
#14660=CARTESIAN_POINT('',(0.0013,-0.003752,-0.001158179306876));
#14661=CARTESIAN_POINT('',(0.0013,-0.003752,-0.0129422330006603));
#14662=CARTESIAN_POINT('',(-0.00555,-0.003752,-0.01294223300066));
#14663=CARTESIAN_POINT('',(0.0032,-0.003752,-0.001158179306876));
#14664=CARTESIAN_POINT('',(0.0032,-0.003752,-0.0129422330006603));
#14665=CARTESIAN_POINT('',(0.0032,-0.00375200000000024,-0.012674831304998));
#14666=CARTESIAN_POINT('',(0.004,-0.00375200000000048,-0.0126748313049981));
#14667=CARTESIAN_POINT('',(0.0038,-0.00375200000000024,-0.012674831304998));
#14668=CARTESIAN_POINT('',(0.0038,-0.003752,-0.001158179306876));
#14669=CARTESIAN_POINT('',(0.0038,-0.003752,-0.0129422330006603));
#14670=CARTESIAN_POINT('',(-0.00555,-0.003752,-0.01294223300066));
#14671=CARTESIAN_POINT('',(-0.00505,-0.003733,-0.00873));
#14672=CARTESIAN_POINT('',(-0.00505,-0.004151,-0.00873));
#14673=CARTESIAN_POINT('',(-0.00505,-0.003733,-0.01203));
#14674=CARTESIAN_POINT('',(-0.00505,-0.004151,-0.01203));
#14675=CARTESIAN_POINT('',(-0.00505,-0.003752,-0.01188));
#14676=CARTESIAN_POINT('',(-0.00505,-0.004132,-0.01188));
#14677=CARTESIAN_POINT('',(-0.00505,-0.004132,0.));
#14678=CARTESIAN_POINT('',(-0.0050825,-0.004132,-0.01203));
#14679=CARTESIAN_POINT('',(-0.0050825,-0.004132,-0.00873));
#14680=CARTESIAN_POINT('',(-0.0043675,-0.004132,-0.01203));
#14681=CARTESIAN_POINT('',(-0.0043675,-0.004132,-0.00873));
#14682=CARTESIAN_POINT('',(0.,-0.004132,-0.01188));
#14683=CARTESIAN_POINT('',(-0.0044,-0.004132,-0.01188));
#14684=CARTESIAN_POINT('',(-0.0044,-0.004132,0.));
#14685=CARTESIAN_POINT('',(-0.0044,-0.003733,-0.01203));
#14686=CARTESIAN_POINT('',(-0.0044,-0.004151,-0.01203));
#14687=CARTESIAN_POINT('',(-0.0044,-0.003733,-0.00873));
#14688=CARTESIAN_POINT('',(-0.0044,-0.004151,-0.00873));
#14689=CARTESIAN_POINT('',(-0.0044,-0.003752,-0.01188));
#14690=CARTESIAN_POINT('',(-0.0050825,-0.003733,-0.01188));
#14691=CARTESIAN_POINT('',(-0.0050825,-0.004151,-0.01188));
#14692=CARTESIAN_POINT('',(-0.0043675,-0.003733,-0.01188));
#14693=CARTESIAN_POINT('',(-0.0043675,-0.004151,-0.01188));
#14694=CARTESIAN_POINT('',(0.00175,-0.003733,-0.011774));
#14695=CARTESIAN_POINT('',(0.00175,-0.004151,-0.011774));
#14696=CARTESIAN_POINT('',(0.00175,-0.003733,-0.014106));
#14697=CARTESIAN_POINT('',(0.00175,-0.004151,-0.014106));
#14698=CARTESIAN_POINT('',(0.00175,-0.004132,0.));
#14699=CARTESIAN_POINT('',(0.00175,-0.004132,-0.01188));
#14700=CARTESIAN_POINT('',(0.00175,-0.003752,-0.01188));
#14701=CARTESIAN_POINT('',(0.0017175,-0.004132,-0.014106));
#14702=CARTESIAN_POINT('',(0.0017175,-0.004132,-0.011774));
#14703=CARTESIAN_POINT('',(0.0024325,-0.004132,-0.014106));
#14704=CARTESIAN_POINT('',(0.0024325,-0.004132,-0.011774));
#14705=CARTESIAN_POINT('',(0.0024,-0.004132,0.));
#14706=CARTESIAN_POINT('',(0.0024,-0.004132,-0.01188));
#14707=CARTESIAN_POINT('',(0.,-0.004132,-0.01188));
#14708=CARTESIAN_POINT('',(0.0024325,-0.003733,-0.01188));
#14709=CARTESIAN_POINT('',(0.0024325,-0.004151,-0.01188));
#14710=CARTESIAN_POINT('',(0.0017175,-0.003733,-0.01188));
#14711=CARTESIAN_POINT('',(0.0017175,-0.004151,-0.01188));
#14712=CARTESIAN_POINT('',(0.0024,-0.003752,-0.01188));
#14713=CARTESIAN_POINT('',(0.0024,-0.003733,-0.014106));
#14714=CARTESIAN_POINT('',(0.0024,-0.004151,-0.014106));
#14715=CARTESIAN_POINT('',(0.0024,-0.003733,-0.011774));
#14716=CARTESIAN_POINT('',(0.0024,-0.004151,-0.011774));
#14717=CARTESIAN_POINT('',(0.00505,-0.003733,-0.01203));
#14718=CARTESIAN_POINT('',(0.00505,-0.004151,-0.01203));
#14719=CARTESIAN_POINT('',(0.00505,-0.003733,-0.00873));
#14720=CARTESIAN_POINT('',(0.00505,-0.004151,-0.00873));
#14721=CARTESIAN_POINT('',(0.00505,-0.004132,0.));
#14722=CARTESIAN_POINT('',(0.00505,-0.004132,-0.01188));
#14723=CARTESIAN_POINT('',(0.00505,-0.003752,-0.01188));
#14724=CARTESIAN_POINT('',(0.0043675,-0.004132,-0.01203));
#14725=CARTESIAN_POINT('',(0.0043675,-0.004132,-0.00873));
#14726=CARTESIAN_POINT('',(0.0050825,-0.004132,-0.01203));
#14727=CARTESIAN_POINT('',(0.0050825,-0.004132,-0.00873));
#14728=CARTESIAN_POINT('',(0.0044,-0.004132,0.));
#14729=CARTESIAN_POINT('',(0.0044,-0.004132,-0.01188));
#14730=CARTESIAN_POINT('',(0.,-0.004132,-0.01188));
#14731=CARTESIAN_POINT('',(0.0043675,-0.003733,-0.01188));
#14732=CARTESIAN_POINT('',(0.0043675,-0.004151,-0.01188));
#14733=CARTESIAN_POINT('',(0.0050825,-0.003733,-0.01188));
#14734=CARTESIAN_POINT('',(0.0050825,-0.004151,-0.01188));
#14735=CARTESIAN_POINT('',(0.0044,-0.003752,-0.01188));
#14736=CARTESIAN_POINT('',(0.0044,-0.003733,-0.00873));
#14737=CARTESIAN_POINT('',(0.0044,-0.004151,-0.00873));
#14738=CARTESIAN_POINT('',(0.0044,-0.003733,-0.01203));
#14739=CARTESIAN_POINT('',(0.0044,-0.004151,-0.01203));
#14740=CARTESIAN_POINT('',(-0.00175,-0.003733,-0.014106));
#14741=CARTESIAN_POINT('',(-0.00175,-0.004151,-0.014106));
#14742=CARTESIAN_POINT('',(-0.00175,-0.003733,-0.011774));
#14743=CARTESIAN_POINT('',(-0.00175,-0.004151,-0.011774));
#14744=CARTESIAN_POINT('',(-0.00175,-0.003752,-0.01188));
#14745=CARTESIAN_POINT('',(-0.00175,-0.004132,-0.01188));
#14746=CARTESIAN_POINT('',(-0.00175,-0.004132,0.));
#14747=CARTESIAN_POINT('',(-0.0024325,-0.004132,-0.014106));
#14748=CARTESIAN_POINT('',(-0.0024325,-0.004132,-0.011774));
#14749=CARTESIAN_POINT('',(-0.0017175,-0.004132,-0.014106));
#14750=CARTESIAN_POINT('',(-0.0017175,-0.004132,-0.011774));
#14751=CARTESIAN_POINT('',(0.,-0.004132,-0.01188));
#14752=CARTESIAN_POINT('',(-0.0024,-0.004132,-0.01188));
#14753=CARTESIAN_POINT('',(-0.0024,-0.004132,0.));
#14754=CARTESIAN_POINT('',(-0.0017175,-0.003733,-0.01188));
#14755=CARTESIAN_POINT('',(-0.0017175,-0.004151,-0.01188));
#14756=CARTESIAN_POINT('',(-0.0024325,-0.003733,-0.01188));
#14757=CARTESIAN_POINT('',(-0.0024325,-0.004151,-0.01188));
#14758=CARTESIAN_POINT('',(-0.0024,-0.003752,-0.01188));
#14759=CARTESIAN_POINT('',(-0.0024,-0.003733,-0.011774));
#14760=CARTESIAN_POINT('',(-0.0024,-0.004151,-0.011774));
#14761=CARTESIAN_POINT('',(-0.0024,-0.003733,-0.014106));
#14762=CARTESIAN_POINT('',(-0.0024,-0.004151,-0.014106));
#14763=CARTESIAN_POINT('',(-0.00317,-0.00412312591261507,-0.0132548780386074));
#14764=CARTESIAN_POINT('',(-0.00383,-0.00412312591261507,-0.0132548780386074));
#14765=CARTESIAN_POINT('',(-0.00317,-0.00418410662702315,-0.0129352059387729));
#14766=CARTESIAN_POINT('',(-0.00383,-0.00418410662702315,-0.0129352059387729));
#14767=CARTESIAN_POINT('',(-0.00317,-0.00398369442306571,-0.0126788003080873));
#14768=CARTESIAN_POINT('',(-0.00383,-0.00398369442306571,-0.0126788003080873));
#14769=CARTESIAN_POINT('',(-0.00317,-0.00365875782815851,-0.0126607695501312));
#14770=CARTESIAN_POINT('',(-0.00383,-0.00365875782815851,-0.0126607695501312));
#14771=CARTESIAN_POINT('',(-0.0038,-0.003631,-0.013161));
#14772=CARTESIAN_POINT('',(-0.0038,-0.004132,-0.013161));
#14773=CARTESIAN_POINT('',(-0.003,-0.004132,-0.013161));
#14774=CARTESIAN_POINT('',(-0.0032,-0.004132,-0.013161));
#14775=CARTESIAN_POINT('',(-0.0032,-0.003631,-0.013161));
#14776=CARTESIAN_POINT('',(-0.0032,-0.003733,-0.0125349163074694));
#14777=CARTESIAN_POINT('',(-0.0032,-0.004151,-0.0125349163074694));
#14778=CARTESIAN_POINT('',(-0.0032,-0.003733,-0.0152850039853586));
#14779=CARTESIAN_POINT('',(-0.0032,-0.004151,-0.0152850039853586));
#14780=CARTESIAN_POINT('',(-0.0032,-0.004132,-0.01516));
#14781=CARTESIAN_POINT('',(-0.0032,-0.004132,-0.01516));
#14782=CARTESIAN_POINT('',(-0.0032,-0.003881,-0.01516));
#14783=CARTESIAN_POINT('',(-0.0032,-0.003881,-0.01516));
#14784=CARTESIAN_POINT('',(-0.0032,-0.003881,-0.013161));
#14785=CARTESIAN_POINT('',(-0.0032,-0.003881,-0.013161));
#14786=CARTESIAN_POINT('',(-0.0032,-0.003631,-0.013161));
#14787=CARTESIAN_POINT('',(-0.00317,-0.00387657181268217,-0.0132078453286464));
#14788=CARTESIAN_POINT('',(-0.00383,-0.00387657181268217,-0.0132078453286464));
#14789=CARTESIAN_POINT('',(-0.00317,-0.00390130026897376,-0.0130782142210884));
#14790=CARTESIAN_POINT('',(-0.00383,-0.00390130026897376,-0.0130782142210884));
#14791=CARTESIAN_POINT('',(-0.00317,-0.003834268515945,-0.0129645372019368));
#14792=CARTESIAN_POINT('',(-0.00383,-0.003834268515945,-0.0129645372019368));
#14793=CARTESIAN_POINT('',(-0.00317,-0.00370886390941373,-0.0129234348266037));
#14794=CARTESIAN_POINT('',(-0.00383,-0.00370886390941373,-0.0129234348266037));
#14795=CARTESIAN_POINT('',(-0.003,-0.003881,-0.013161));
#14796=CARTESIAN_POINT('',(-0.0038,-0.003881,-0.013161));
#14797=CARTESIAN_POINT('',(-0.0038,-0.003631,-0.013161));
#14798=CARTESIAN_POINT('',(-0.0038,-0.003733,-0.0152850039853586));
#14799=CARTESIAN_POINT('',(-0.0038,-0.004151,-0.0152850039853586));
#14800=CARTESIAN_POINT('',(-0.0038,-0.003733,-0.0125349163074694));
#14801=CARTESIAN_POINT('',(-0.0038,-0.004151,-0.0125349163074694));
#14802=CARTESIAN_POINT('',(-0.0038,-0.003881,-0.01516));
#14803=CARTESIAN_POINT('',(-0.0038,-0.003881,-0.01516));
#14804=CARTESIAN_POINT('',(-0.0038,-0.003752,-0.01516));
#14805=CARTESIAN_POINT('',(-0.0038,-0.004132,-0.01516));
#14806=CARTESIAN_POINT('',(-0.0038,-0.004132,-0.01516));
#14807=CARTESIAN_POINT('',(-0.00317,-0.004132,-0.01525995));
#14808=CARTESIAN_POINT('',(-0.00383,-0.004132,-0.01525995));
#14809=CARTESIAN_POINT('',(-0.00317,-0.004132,-0.01306105));
#14810=CARTESIAN_POINT('',(-0.00383,-0.004132,-0.01306105));
#14811=CARTESIAN_POINT('',(-0.003,-0.004132,-0.01516));
#14812=CARTESIAN_POINT('',(-0.00317,-0.00386845,-0.01516));
#14813=CARTESIAN_POINT('',(-0.00383,-0.00386845,-0.01516));
#14814=CARTESIAN_POINT('',(-0.00317,-0.00414455,-0.01516));
#14815=CARTESIAN_POINT('',(-0.00383,-0.00414455,-0.01516));
#14816=CARTESIAN_POINT('',(-0.003,-0.003881,-0.01516));
#14817=CARTESIAN_POINT('',(-0.00317,-0.003881,-0.01306105));
#14818=CARTESIAN_POINT('',(-0.00383,-0.003881,-0.01306105));
#14819=CARTESIAN_POINT('',(-0.00317,-0.003881,-0.01525995));
#14820=CARTESIAN_POINT('',(-0.00383,-0.003881,-0.01525995));
#14821=CARTESIAN_POINT('',(-0.00067,-0.00412312591261507,-0.0132548780386074));
#14822=CARTESIAN_POINT('',(-0.00133,-0.00412312591261507,-0.0132548780386074));
#14823=CARTESIAN_POINT('',(-0.00067,-0.00418410662702315,-0.0129352059387729));
#14824=CARTESIAN_POINT('',(-0.00133,-0.00418410662702315,-0.0129352059387729));
#14825=CARTESIAN_POINT('',(-0.00067,-0.00398369442306571,-0.0126788003080873));
#14826=CARTESIAN_POINT('',(-0.00133,-0.00398369442306571,-0.0126788003080873));
#14827=CARTESIAN_POINT('',(-0.00067,-0.00365875782815851,-0.0126607695501312));
#14828=CARTESIAN_POINT('',(-0.00133,-0.00365875782815851,-0.0126607695501312));
#14829=CARTESIAN_POINT('',(-0.0013,-0.003631,-0.013161));
#14830=CARTESIAN_POINT('',(-0.0013,-0.004132,-0.013161));
#14831=CARTESIAN_POINT('',(-0.0005,-0.004132,-0.013161));
#14832=CARTESIAN_POINT('',(-0.0007,-0.004132,-0.013161));
#14833=CARTESIAN_POINT('',(-0.0007,-0.003631,-0.013161));
#14834=CARTESIAN_POINT('',(-0.0007,-0.003733,-0.0125349163074694));
#14835=CARTESIAN_POINT('',(-0.0007,-0.004151,-0.0125349163074694));
#14836=CARTESIAN_POINT('',(-0.0007,-0.003733,-0.0152850039853586));
#14837=CARTESIAN_POINT('',(-0.0007,-0.004151,-0.0152850039853586));
#14838=CARTESIAN_POINT('',(-0.0007,-0.004132,-0.01516));
#14839=CARTESIAN_POINT('',(-0.0007,-0.004132,-0.01516));
#14840=CARTESIAN_POINT('',(-0.0007,-0.003881,-0.01516));
#14841=CARTESIAN_POINT('',(-0.0007,-0.003881,-0.01516));
#14842=CARTESIAN_POINT('',(-0.0007,-0.003881,-0.013161));
#14843=CARTESIAN_POINT('',(-0.0007,-0.003881,-0.013161));
#14844=CARTESIAN_POINT('',(-0.0007,-0.003631,-0.013161));
#14845=CARTESIAN_POINT('',(-0.00067,-0.00387657181268217,-0.0132078453286464));
#14846=CARTESIAN_POINT('',(-0.00133,-0.00387657181268217,-0.0132078453286464));
#14847=CARTESIAN_POINT('',(-0.00067,-0.00390130026897376,-0.0130782142210884));
#14848=CARTESIAN_POINT('',(-0.00133,-0.00390130026897376,-0.0130782142210884));
#14849=CARTESIAN_POINT('',(-0.00067,-0.003834268515945,-0.0129645372019368));
#14850=CARTESIAN_POINT('',(-0.00133,-0.003834268515945,-0.0129645372019368));
#14851=CARTESIAN_POINT('',(-0.00067,-0.00370886390941373,-0.0129234348266037));
#14852=CARTESIAN_POINT('',(-0.00133,-0.00370886390941373,-0.0129234348266037));
#14853=CARTESIAN_POINT('',(-0.0005,-0.003881,-0.013161));
#14854=CARTESIAN_POINT('',(-0.0013,-0.003881,-0.013161));
#14855=CARTESIAN_POINT('',(-0.0013,-0.003631,-0.013161));
#14856=CARTESIAN_POINT('',(-0.0013,-0.003733,-0.0152850039853586));
#14857=CARTESIAN_POINT('',(-0.0013,-0.004151,-0.0152850039853586));
#14858=CARTESIAN_POINT('',(-0.0013,-0.003733,-0.0125349163074694));
#14859=CARTESIAN_POINT('',(-0.0013,-0.004151,-0.0125349163074694));
#14860=CARTESIAN_POINT('',(-0.0013,-0.003881,-0.01516));
#14861=CARTESIAN_POINT('',(-0.0013,-0.003881,-0.01516));
#14862=CARTESIAN_POINT('',(-0.0013,-0.003752,-0.01516));
#14863=CARTESIAN_POINT('',(-0.0013,-0.004132,-0.01516));
#14864=CARTESIAN_POINT('',(-0.0013,-0.004132,-0.01516));
#14865=CARTESIAN_POINT('',(-0.00067,-0.004132,-0.01525995));
#14866=CARTESIAN_POINT('',(-0.00133,-0.004132,-0.01525995));
#14867=CARTESIAN_POINT('',(-0.00067,-0.004132,-0.01306105));
#14868=CARTESIAN_POINT('',(-0.00133,-0.004132,-0.01306105));
#14869=CARTESIAN_POINT('',(-0.0005,-0.004132,-0.01516));
#14870=CARTESIAN_POINT('',(-0.00067,-0.00386845,-0.01516));
#14871=CARTESIAN_POINT('',(-0.00133,-0.00386845,-0.01516));
#14872=CARTESIAN_POINT('',(-0.00067,-0.00414455,-0.01516));
#14873=CARTESIAN_POINT('',(-0.00133,-0.00414455,-0.01516));
#14874=CARTESIAN_POINT('',(-0.0005,-0.003881,-0.01516));
#14875=CARTESIAN_POINT('',(-0.00067,-0.003881,-0.01306105));
#14876=CARTESIAN_POINT('',(-0.00133,-0.003881,-0.01306105));
#14877=CARTESIAN_POINT('',(-0.00067,-0.003881,-0.01525995));
#14878=CARTESIAN_POINT('',(-0.00133,-0.003881,-0.01525995));
#14879=CARTESIAN_POINT('',(0.00133,-0.00387657181268217,-0.0132078453286464));
#14880=CARTESIAN_POINT('',(0.00067,-0.00387657181268217,-0.0132078453286464));
#14881=CARTESIAN_POINT('',(0.00133,-0.00390130026897376,-0.0130782142210884));
#14882=CARTESIAN_POINT('',(0.00067,-0.00390130026897376,-0.0130782142210884));
#14883=CARTESIAN_POINT('',(0.00133,-0.003834268515945,-0.0129645372019368));
#14884=CARTESIAN_POINT('',(0.00067,-0.003834268515945,-0.0129645372019368));
#14885=CARTESIAN_POINT('',(0.00133,-0.00370886390941373,-0.0129234348266037));
#14886=CARTESIAN_POINT('',(0.00067,-0.00370886390941373,-0.0129234348266037));
#14887=CARTESIAN_POINT('',(0.0013,-0.003631,-0.013161));
#14888=CARTESIAN_POINT('',(0.0013,-0.003881,-0.013161));
#14889=CARTESIAN_POINT('',(0.0015,-0.003881,-0.013161));
#14890=CARTESIAN_POINT('',(0.0007,-0.003881,-0.013161));
#14891=CARTESIAN_POINT('',(0.0007,-0.003631,-0.013161));
#14892=CARTESIAN_POINT('',(0.0007,-0.003733,-0.0152850039853586));
#14893=CARTESIAN_POINT('',(0.0007,-0.004151,-0.0152850039853586));
#14894=CARTESIAN_POINT('',(0.0007,-0.003733,-0.0125349163074694));
#14895=CARTESIAN_POINT('',(0.0007,-0.004151,-0.0125349163074694));
#14896=CARTESIAN_POINT('',(0.0007,-0.003881,-0.01516));
#14897=CARTESIAN_POINT('',(0.0007,-0.003881,-0.01516));
#14898=CARTESIAN_POINT('',(0.0007,-0.003752,-0.01516));
#14899=CARTESIAN_POINT('',(0.0007,-0.004132,-0.01516));
#14900=CARTESIAN_POINT('',(0.0007,-0.004132,-0.01516));
#14901=CARTESIAN_POINT('',(0.0007,-0.004132,-0.013161));
#14902=CARTESIAN_POINT('',(0.0007,-0.003631,-0.013161));
#14903=CARTESIAN_POINT('',(0.00133,-0.00412312591261507,-0.0132548780386074));
#14904=CARTESIAN_POINT('',(0.00067,-0.00412312591261507,-0.0132548780386074));
#14905=CARTESIAN_POINT('',(0.00133,-0.00418410662702315,-0.0129352059387729));
#14906=CARTESIAN_POINT('',(0.00067,-0.00418410662702315,-0.0129352059387729));
#14907=CARTESIAN_POINT('',(0.00133,-0.00398369442306571,-0.0126788003080873));
#14908=CARTESIAN_POINT('',(0.00067,-0.00398369442306571,-0.0126788003080873));
#14909=CARTESIAN_POINT('',(0.00133,-0.00365875782815851,-0.0126607695501312));
#14910=CARTESIAN_POINT('',(0.00067,-0.00365875782815851,-0.0126607695501312));
#14911=CARTESIAN_POINT('',(0.0015,-0.004132,-0.013161));
#14912=CARTESIAN_POINT('',(0.0013,-0.004132,-0.013161));
#14913=CARTESIAN_POINT('',(0.0013,-0.003631,-0.013161));
#14914=CARTESIAN_POINT('',(0.0013,-0.003733,-0.0125349163074694));
#14915=CARTESIAN_POINT('',(0.0013,-0.004151,-0.0125349163074694));
#14916=CARTESIAN_POINT('',(0.0013,-0.003733,-0.0152850039853586));
#14917=CARTESIAN_POINT('',(0.0013,-0.004151,-0.0152850039853586));
#14918=CARTESIAN_POINT('',(0.0013,-0.004132,-0.01516));
#14919=CARTESIAN_POINT('',(0.0013,-0.004132,-0.01516));
#14920=CARTESIAN_POINT('',(0.0013,-0.003881,-0.01516));
#14921=CARTESIAN_POINT('',(0.0013,-0.003881,-0.01516));
#14922=CARTESIAN_POINT('',(0.0013,-0.003881,-0.013161));
#14923=CARTESIAN_POINT('',(0.00133,-0.003881,-0.01306105));
#14924=CARTESIAN_POINT('',(0.00067,-0.003881,-0.01306105));
#14925=CARTESIAN_POINT('',(0.00133,-0.003881,-0.01525995));
#14926=CARTESIAN_POINT('',(0.00067,-0.003881,-0.01525995));
#14927=CARTESIAN_POINT('',(0.0015,-0.003881,-0.01516));
#14928=CARTESIAN_POINT('',(0.00133,-0.00386845,-0.01516));
#14929=CARTESIAN_POINT('',(0.00067,-0.00386845,-0.01516));
#14930=CARTESIAN_POINT('',(0.00133,-0.00414455,-0.01516));
#14931=CARTESIAN_POINT('',(0.00067,-0.00414455,-0.01516));
#14932=CARTESIAN_POINT('',(0.0015,-0.004132,-0.01516));
#14933=CARTESIAN_POINT('',(0.00133,-0.004132,-0.01525995));
#14934=CARTESIAN_POINT('',(0.00067,-0.004132,-0.01525995));
#14935=CARTESIAN_POINT('',(0.00133,-0.004132,-0.01306105));
#14936=CARTESIAN_POINT('',(0.00067,-0.004132,-0.01306105));
#14937=CARTESIAN_POINT('',(0.00383,-0.00387657181268217,-0.0132078453286464));
#14938=CARTESIAN_POINT('',(0.00317,-0.00387657181268217,-0.0132078453286464));
#14939=CARTESIAN_POINT('',(0.00383,-0.00390130026897376,-0.0130782142210884));
#14940=CARTESIAN_POINT('',(0.00317,-0.00390130026897376,-0.0130782142210884));
#14941=CARTESIAN_POINT('',(0.00383,-0.003834268515945,-0.0129645372019368));
#14942=CARTESIAN_POINT('',(0.00317,-0.003834268515945,-0.0129645372019368));
#14943=CARTESIAN_POINT('',(0.00383,-0.00370886390941373,-0.0129234348266037));
#14944=CARTESIAN_POINT('',(0.00317,-0.00370886390941373,-0.0129234348266037));
#14945=CARTESIAN_POINT('',(0.0038,-0.003631,-0.013161));
#14946=CARTESIAN_POINT('',(0.0038,-0.003881,-0.013161));
#14947=CARTESIAN_POINT('',(0.004,-0.003881,-0.013161));
#14948=CARTESIAN_POINT('',(0.0032,-0.003881,-0.013161));
#14949=CARTESIAN_POINT('',(0.0032,-0.003631,-0.013161));
#14950=CARTESIAN_POINT('',(0.0032,-0.003733,-0.0152850039853586));
#14951=CARTESIAN_POINT('',(0.0032,-0.004151,-0.0152850039853586));
#14952=CARTESIAN_POINT('',(0.0032,-0.003733,-0.0125349163074694));
#14953=CARTESIAN_POINT('',(0.0032,-0.004151,-0.0125349163074694));
#14954=CARTESIAN_POINT('',(0.0032,-0.003881,-0.01516));
#14955=CARTESIAN_POINT('',(0.0032,-0.003881,-0.01516));
#14956=CARTESIAN_POINT('',(0.0032,-0.003752,-0.01516));
#14957=CARTESIAN_POINT('',(0.0032,-0.004132,-0.01516));
#14958=CARTESIAN_POINT('',(0.0032,-0.004132,-0.01516));
#14959=CARTESIAN_POINT('',(0.0032,-0.004132,-0.013161));
#14960=CARTESIAN_POINT('',(0.0032,-0.003631,-0.013161));
#14961=CARTESIAN_POINT('',(0.00383,-0.00412312591261507,-0.0132548780386074));
#14962=CARTESIAN_POINT('',(0.00317,-0.00412312591261507,-0.0132548780386074));
#14963=CARTESIAN_POINT('',(0.00383,-0.00418410662702315,-0.0129352059387729));
#14964=CARTESIAN_POINT('',(0.00317,-0.00418410662702315,-0.0129352059387729));
#14965=CARTESIAN_POINT('',(0.00383,-0.00398369442306571,-0.0126788003080873));
#14966=CARTESIAN_POINT('',(0.00317,-0.00398369442306571,-0.0126788003080873));
#14967=CARTESIAN_POINT('',(0.00383,-0.00365875782815851,-0.0126607695501312));
#14968=CARTESIAN_POINT('',(0.00317,-0.00365875782815851,-0.0126607695501312));
#14969=CARTESIAN_POINT('',(0.004,-0.004132,-0.013161));
#14970=CARTESIAN_POINT('',(0.0038,-0.004132,-0.013161));
#14971=CARTESIAN_POINT('',(0.0038,-0.003631,-0.013161));
#14972=CARTESIAN_POINT('',(0.0038,-0.003733,-0.0125349163074694));
#14973=CARTESIAN_POINT('',(0.0038,-0.004151,-0.0125349163074694));
#14974=CARTESIAN_POINT('',(0.0038,-0.003733,-0.0152850039853586));
#14975=CARTESIAN_POINT('',(0.0038,-0.004151,-0.0152850039853586));
#14976=CARTESIAN_POINT('',(0.0038,-0.004132,-0.01516));
#14977=CARTESIAN_POINT('',(0.0038,-0.004132,-0.01516));
#14978=CARTESIAN_POINT('',(0.0038,-0.003881,-0.01516));
#14979=CARTESIAN_POINT('',(0.0038,-0.003881,-0.01516));
#14980=CARTESIAN_POINT('',(0.0038,-0.003881,-0.013161));
#14981=CARTESIAN_POINT('',(0.00383,-0.003881,-0.01306105));
#14982=CARTESIAN_POINT('',(0.00317,-0.003881,-0.01306105));
#14983=CARTESIAN_POINT('',(0.00383,-0.003881,-0.01525995));
#14984=CARTESIAN_POINT('',(0.00317,-0.003881,-0.01525995));
#14985=CARTESIAN_POINT('',(0.004,-0.003881,-0.01516));
#14986=CARTESIAN_POINT('',(0.00383,-0.00386845,-0.01516));
#14987=CARTESIAN_POINT('',(0.00317,-0.00386845,-0.01516));
#14988=CARTESIAN_POINT('',(0.00383,-0.00414455,-0.01516));
#14989=CARTESIAN_POINT('',(0.00317,-0.00414455,-0.01516));
#14990=CARTESIAN_POINT('',(0.004,-0.004132,-0.01516));
#14991=CARTESIAN_POINT('',(0.00383,-0.004132,-0.01525995));
#14992=CARTESIAN_POINT('',(0.00317,-0.004132,-0.01525995));
#14993=CARTESIAN_POINT('',(0.00383,-0.004132,-0.01306105));
#14994=CARTESIAN_POINT('',(0.00317,-0.004132,-0.01306105));
#14995=CARTESIAN_POINT('',(-0.0065536992659649,0.00212045072129431,4.90000000000001E-5));
#14996=CARTESIAN_POINT('',(-0.0065536992659649,0.00212045072129431,-0.014669));
#14997=CARTESIAN_POINT('',(-0.00664679636940133,0.00260848282837796,4.90000000000001E-5));
#14998=CARTESIAN_POINT('',(-0.00664679636940133,0.00260848282837796,-0.014669));
#14999=CARTESIAN_POINT('',(-0.00629548282837796,0.00295979636940133,4.90000000000001E-5));
#15000=CARTESIAN_POINT('',(-0.00629548282837796,0.00295979636940133,-0.014669));
#15001=CARTESIAN_POINT('',(-0.00580745072129431,0.0028666992659649,4.90000000000001E-5));
#15002=CARTESIAN_POINT('',(-0.00580745072129431,0.0028666992659649,-0.014669));
#15003=CARTESIAN_POINT('',(0.0065536992659649,0.00212045072129431,-0.014669));
#15004=CARTESIAN_POINT('',(0.0065536992659649,0.00212045072129431,4.89999999999987E-5));
#15005=CARTESIAN_POINT('',(0.00664679636940133,0.00260848282837796,-0.014669));
#15006=CARTESIAN_POINT('',(0.00664679636940133,0.00260848282837796,4.89999999999993E-5));
#15007=CARTESIAN_POINT('',(0.00629548282837796,0.00295979636940133,-0.014669));
#15008=CARTESIAN_POINT('',(0.00629548282837796,0.00295979636940133,4.89999999999993E-5));
#15009=CARTESIAN_POINT('',(0.00580745072129431,0.0028666992659649,-0.014669));
#15010=CARTESIAN_POINT('',(0.00580745072129431,0.0028666992659649,4.89999999999987E-5));
#15011=CARTESIAN_POINT('',(-0.00596321439437572,0.00317843208550855,-0.000614686175218606));
#15012=CARTESIAN_POINT('',(-0.00596321439437572,0.00252682088532869,-0.000614686175218606));
#15013=CARTESIAN_POINT('',(-0.00573373221236145,0.00317843208550855,-0.000658462242665205));
#15014=CARTESIAN_POINT('',(-0.00573373221236145,0.00252682088532869,-0.000658462242665205));
#15015=CARTESIAN_POINT('',(-0.00556853775733479,0.00317843208550855,-0.000493267787638534));
#15016=CARTESIAN_POINT('',(-0.00556853775733479,0.00252682088532869,-0.000493267787638534));
#15017=CARTESIAN_POINT('',(-0.00561231382478139,0.00317843208550855,-0.000263785605624273));
#15018=CARTESIAN_POINT('',(-0.00561231382478139,0.00252682088532869,-0.000263785605624273));
#15019=CARTESIAN_POINT('',(-0.0065756724,-0.00257098190454821,-0.00073617641504315));
#15020=CARTESIAN_POINT('',(0.0065756724,-0.00257098190454821,-0.00073617641504315));
#15021=CARTESIAN_POINT('',(-0.0065756724,-0.00248051136515858,-0.000261913238880353));
#15022=CARTESIAN_POINT('',(0.0065756724,-0.00248051136515858,-0.000261913238880353));
#15023=CARTESIAN_POINT('',(-0.0065756724,-0.00282191323888035,7.94886348414219E-5));
#15024=CARTESIAN_POINT('',(0.0065756724,-0.00282191323888035,7.94886348414219E-5));
#15025=CARTESIAN_POINT('',(-0.0065756724,-0.00329617641504315,-1.0981904548213E-5));
#15026=CARTESIAN_POINT('',(0.0065756724,-0.00329617641504315,-1.0981904548213E-5));
#15027=CARTESIAN_POINT('',(0.005607,-0.00263741360134998,-0.000319999999999999));
#15028=CARTESIAN_POINT('',(0.005607,-0.00255872628325584,-0.000462315561813761));
#15029=CARTESIAN_POINT('',(0.00574497999779496,-0.00256,-0.00062));
#15030=CARTESIAN_POINT('',(0.005907,-0.00256,-0.00062));
#15031=CARTESIAN_POINT('',(0.00596321439437572,-0.00317843208550866,-0.000614686175218606));
#15032=CARTESIAN_POINT('',(0.00596321439437572,-0.00252682088532868,-0.000614686175218606));
#15033=CARTESIAN_POINT('',(0.00573373221236146,-0.00317843208550866,-0.000658462242665205));
#15034=CARTESIAN_POINT('',(0.00573373221236146,-0.00252682088532868,-0.000658462242665205));
#15035=CARTESIAN_POINT('',(0.00556853775733479,-0.00317843208550866,-0.000493267787638538));
#15036=CARTESIAN_POINT('',(0.00556853775733479,-0.00252682088532868,-0.000493267787638538));
#15037=CARTESIAN_POINT('',(0.00561231382478139,-0.00317843208550866,-0.00026378560562428));
#15038=CARTESIAN_POINT('',(0.00561231382478139,-0.00252682088532868,-0.00026378560562428));
#15039=CARTESIAN_POINT('',(0.0062311,-0.00229969734259473,-0.0124056404291039));
#15040=CARTESIAN_POINT('',(0.0065809,-0.00229969734259473,-0.0124056404291039));
#15041=CARTESIAN_POINT('',(0.0062311,-0.00231866697182159,-0.0125050827079767));
#15042=CARTESIAN_POINT('',(0.0065809,-0.00231866697182159,-0.0125050827079767));
#15043=CARTESIAN_POINT('',(0.0062311,-0.0022470827079767,-0.0125766669718216));
#15044=CARTESIAN_POINT('',(0.0065809,-0.0022470827079767,-0.0125766669718216));
#15045=CARTESIAN_POINT('',(0.0062311,-0.00214764042910386,-0.0125576973425947));
#15046=CARTESIAN_POINT('',(0.0065809,-0.00214764042910386,-0.0125576973425947));
#15047=CARTESIAN_POINT('',(0.006565,-0.002172,-0.01256));
#15048=CARTESIAN_POINT('',(0.006247,-0.002172,-0.01256));
#15049=CARTESIAN_POINT('',(0.006247,-0.002172,-0.01243));
#15050=CARTESIAN_POINT('',(0.006247,-0.002302,-0.01243));
#15051=CARTESIAN_POINT('',(0.006565,-0.002302,-0.01243));
#15052=CARTESIAN_POINT('',(0.006247,-0.002382,-0.0126655));
#15053=CARTESIAN_POINT('',(0.006247,-0.000622,-0.0126655));
#15054=CARTESIAN_POINT('',(0.006247,-0.002382,-0.0103445));
#15055=CARTESIAN_POINT('',(0.006247,-0.000622,-0.0103445));
#15056=CARTESIAN_POINT('',(0.006247,-0.002878,-0.01256));
#15057=CARTESIAN_POINT('',(0.006247,-0.000832,-0.01256));
#15058=CARTESIAN_POINT('',(0.006247,-0.000832,-0.01243));
#15059=CARTESIAN_POINT('',(0.006247,-0.000702,-0.01243));
#15060=CARTESIAN_POINT('',(0.006247,-0.000702,-0.00888));
#15061=CARTESIAN_POINT('',(0.006247,-0.000702,-0.01058));
#15062=CARTESIAN_POINT('',(0.006247,-0.000832,-0.01058));
#15063=CARTESIAN_POINT('',(0.006247,-0.000832,-0.01045));
#15064=CARTESIAN_POINT('',(0.006247,-0.002878,-0.01045));
#15065=CARTESIAN_POINT('',(0.006247,-0.002172,-0.01045));
#15066=CARTESIAN_POINT('',(0.006247,-0.002172,-0.01058));
#15067=CARTESIAN_POINT('',(0.006247,-0.002302,-0.01058));
#15068=CARTESIAN_POINT('',(0.006247,-0.002302,-0.00888));
#15069=CARTESIAN_POINT('',(0.006247,-0.002878,-0.01238));
#15070=CARTESIAN_POINT('',(0.006247,-0.000972,-0.01238));
#15071=CARTESIAN_POINT('',(0.006247,-0.002032,-0.01238));
#15072=CARTESIAN_POINT('',(0.006247,-0.002032,-0.00888));
#15073=CARTESIAN_POINT('',(0.00624699999999983,-0.002032,-0.0109241320754701));
#15074=CARTESIAN_POINT('',(0.00624699999999932,-0.000972,-0.0109241320754703));
#15075=CARTESIAN_POINT('',(0.00624699999999966,-0.000972,-0.0109241320754711));
#15076=CARTESIAN_POINT('',(0.006247,-0.000972,-0.01045));
#15077=CARTESIAN_POINT('',(0.00670165000000002,-0.000972,-0.0124532301566038));
#15078=CARTESIAN_POINT('',(0.00622534999999964,-0.000972,-0.0124532301566038));
#15079=CARTESIAN_POINT('',(0.00670165000000002,-0.000972,-0.0108421667113201));
#15080=CARTESIAN_POINT('',(0.00622534999999964,-0.000972,-0.0108421667113201));
#15081=CARTESIAN_POINT('',(0.00668,-0.000972,-0.01188));
#15082=CARTESIAN_POINT('',(0.00668,-0.000972,-0.01188));
#15083=CARTESIAN_POINT('',(0.00668,-0.000972,-0.01238));
#15084=CARTESIAN_POINT('',(0.00668,-0.000972,-0.01238));
#15085=CARTESIAN_POINT('',(0.00615,-0.000972,-0.01238));
#15086=CARTESIAN_POINT('',(0.00670165000000003,-0.000919,-0.0119277933962265));
#15087=CARTESIAN_POINT('',(0.00670165000000003,-0.002085,-0.0119277933962265));
#15088=CARTESIAN_POINT('',(0.00622534999999931,-0.000919,-0.0108763386792439));
#15089=CARTESIAN_POINT('',(0.00622534999999931,-0.002085,-0.0108763386792439));
#15090=CARTESIAN_POINT('',(0.00668,-0.002032,-0.01188));
#15091=CARTESIAN_POINT('',(0.00668,-0.002032,-0.01188));
#15092=CARTESIAN_POINT('',(0.00668,-0.000972,-0.01188));
#15093=CARTESIAN_POINT('',(0.00668,-0.000919,-0.012405));
#15094=CARTESIAN_POINT('',(0.00668,-0.002085,-0.012405));
#15095=CARTESIAN_POINT('',(0.00668,-0.000919,-0.011855));
#15096=CARTESIAN_POINT('',(0.00668,-0.002085,-0.011855));
#15097=CARTESIAN_POINT('',(0.00668,-0.002032,-0.01045));
#15098=CARTESIAN_POINT('',(0.00668,-0.002032,-0.01238));
#15099=CARTESIAN_POINT('',(0.00668,-0.000972,-0.01238));
#15100=CARTESIAN_POINT('',(0.00622535,-0.000919,-0.01238));
#15101=CARTESIAN_POINT('',(0.00622535,-0.002085,-0.01238));
#15102=CARTESIAN_POINT('',(0.00670165,-0.000919,-0.01238));
#15103=CARTESIAN_POINT('',(0.00670165,-0.002085,-0.01238));
#15104=CARTESIAN_POINT('',(0.,-0.002032,-0.01238));
#15105=CARTESIAN_POINT('',(0.00670165000000001,-0.002032,-0.0124532301566039));
#15106=CARTESIAN_POINT('',(0.00622534999999982,-0.002032,-0.0124532301566039));
#15107=CARTESIAN_POINT('',(0.00670165000000001,-0.002032,-0.0108421667113191));
#15108=CARTESIAN_POINT('',(0.00622534999999982,-0.002032,-0.0108421667113191));
#15109=CARTESIAN_POINT('',(0.0062311,-0.002239,-0.01256));
#15110=CARTESIAN_POINT('',(0.0065809,-0.002239,-0.01256));
#15111=CARTESIAN_POINT('',(0.0062311,-0.000765,-0.01256));
#15112=CARTESIAN_POINT('',(0.0065809,-0.000765,-0.01256));
#15113=CARTESIAN_POINT('',(0.006565,-0.000832,-0.01256));
#15114=CARTESIAN_POINT('',(0.0062311,-0.000856359570896144,-0.0125576973425947));
#15115=CARTESIAN_POINT('',(0.0065809,-0.000856359570896144,-0.0125576973425947));
#15116=CARTESIAN_POINT('',(0.0062311,-0.000756917292023299,-0.0125766669718216));
#15117=CARTESIAN_POINT('',(0.0065809,-0.000756917292023299,-0.0125766669718216));
#15118=CARTESIAN_POINT('',(0.0062311,-0.000685333028178411,-0.0125050827079767));
#15119=CARTESIAN_POINT('',(0.0065809,-0.000685333028178411,-0.0125050827079767));
#15120=CARTESIAN_POINT('',(0.0062311,-0.00070430265740527,-0.0124056404291039));
#15121=CARTESIAN_POINT('',(0.0065809,-0.00070430265740527,-0.0124056404291039));
#15122=CARTESIAN_POINT('',(0.006565,-0.000702,-0.01243));
#15123=CARTESIAN_POINT('',(0.0062311,-0.000702,-0.0125225));
#15124=CARTESIAN_POINT('',(0.0065809,-0.000702,-0.0125225));
#15125=CARTESIAN_POINT('',(0.0062311,-0.000702,-0.0104875));
#15126=CARTESIAN_POINT('',(0.0065809,-0.000702,-0.0104875));
#15127=CARTESIAN_POINT('',(0.006565,-0.000702,-0.01058));
#15128=CARTESIAN_POINT('',(0.0062311,-0.00070430265740527,-0.0106043595708961));
#15129=CARTESIAN_POINT('',(0.0065809,-0.00070430265740527,-0.0106043595708961));
#15130=CARTESIAN_POINT('',(0.0062311,-0.000685333028178411,-0.0105049172920233));
#15131=CARTESIAN_POINT('',(0.0065809,-0.000685333028178411,-0.0105049172920233));
#15132=CARTESIAN_POINT('',(0.0062311,-0.000756917292023299,-0.0104333330281784));
#15133=CARTESIAN_POINT('',(0.0065809,-0.000756917292023299,-0.0104333330281784));
#15134=CARTESIAN_POINT('',(0.0062311,-0.000856359570896144,-0.0104523026574053));
#15135=CARTESIAN_POINT('',(0.0065809,-0.000856359570896144,-0.0104523026574053));
#15136=CARTESIAN_POINT('',(0.006565,-0.000832,-0.01045));
#15137=CARTESIAN_POINT('',(0.0062311,-0.000765,-0.01045));
#15138=CARTESIAN_POINT('',(0.0065809,-0.000765,-0.01045));
#15139=CARTESIAN_POINT('',(0.0062311,-0.002239,-0.01045));
#15140=CARTESIAN_POINT('',(0.0065809,-0.002239,-0.01045));
#15141=CARTESIAN_POINT('',(0.006565,-0.002172,-0.01045));
#15142=CARTESIAN_POINT('',(0.0062311,-0.00214764042910386,-0.0104523026574053));
#15143=CARTESIAN_POINT('',(0.0065809,-0.00214764042910386,-0.0104523026574053));
#15144=CARTESIAN_POINT('',(0.0062311,-0.0022470827079767,-0.0104333330281784));
#15145=CARTESIAN_POINT('',(0.0065809,-0.0022470827079767,-0.0104333330281784));
#15146=CARTESIAN_POINT('',(0.0062311,-0.00231866697182159,-0.0105049172920233));
#15147=CARTESIAN_POINT('',(0.0065809,-0.00231866697182159,-0.0105049172920233));
#15148=CARTESIAN_POINT('',(0.0062311,-0.00229969734259473,-0.0106043595708961));
#15149=CARTESIAN_POINT('',(0.0065809,-0.00229969734259473,-0.0106043595708961));
#15150=CARTESIAN_POINT('',(0.006565,-0.002302,-0.01058));
#15151=CARTESIAN_POINT('',(0.0062311,-0.002302,-0.0104875));
#15152=CARTESIAN_POINT('',(0.0065809,-0.002302,-0.0104875));
#15153=CARTESIAN_POINT('',(0.0062311,-0.002302,-0.0125225));
#15154=CARTESIAN_POINT('',(0.0065809,-0.002302,-0.0125225));
#15155=CARTESIAN_POINT('',(0.00596321439437572,0.00252679588568293,-0.000614686175218606));
#15156=CARTESIAN_POINT('',(0.00596321439437572,0.00317843342469086,-0.000614686175218606));
#15157=CARTESIAN_POINT('',(0.00573373221236145,0.00252679588568293,-0.000658462242665205));
#15158=CARTESIAN_POINT('',(0.00573373221236145,0.00317843342469086,-0.000658462242665205));
#15159=CARTESIAN_POINT('',(0.00556853775733479,0.00252679588568293,-0.000493267787638534));
#15160=CARTESIAN_POINT('',(0.00556853775733479,0.00317843342469086,-0.000493267787638534));
#15161=CARTESIAN_POINT('',(0.00561231382478139,0.00252679588568293,-0.000263785605624273));
#15162=CARTESIAN_POINT('',(0.00561231382478139,0.00317843342469086,-0.000263785605624273));
#15163=CARTESIAN_POINT('',(0.,0.,0.));
#15164=CARTESIAN_POINT('',(0.00255287754535064,0.00182159606957399,-0.00198205532546143));
#15165=CARTESIAN_POINT('',(0.00255287754535064,0.00293093980367715,-0.00198205532546143));
#15166=CARTESIAN_POINT('',(0.00174217461963738,0.00182159606957399,-0.00803845997156649));
#15167=CARTESIAN_POINT('',(0.00174217461963738,0.00293093980367715,-0.00803845997156649));
#15168=CARTESIAN_POINT('',(0.002436782005393,0.002287353993434,-0.002849353993434));
#15169=CARTESIAN_POINT('',(0.00243678200539295,0.00228735399343363,-0.00284935399343364));
#15170=CARTESIAN_POINT('',(0.00248153613176528,0.00262169236855612,-0.00251501561831189));
#15171=CARTESIAN_POINT('',(0.00240724660055738,0.002508,-0.00307));
#15172=CARTESIAN_POINT('',(0.00236811529594808,0.00239886300268463,-0.00336233274918236));
#15173=CARTESIAN_POINT('',(0.00228811228803273,0.002175735045483,-0.00396));
#15174=CARTESIAN_POINT('',(0.00228947642067339,0.00281361307056259,-0.00394980916560097));
#15175=CARTESIAN_POINT('',(0.00228947642067337,0.002813613070563,-0.00394980916560105));
#15176=CARTESIAN_POINT('',(0.00177902475262428,0.00287453587325114,-0.00776316885128897));
#15177=CARTESIAN_POINT('',(0.00177902475262434,0.0044007,-0.00776316885128905));
#15178=CARTESIAN_POINT('',(0.00177902475262428,0.00255653587325124,-0.00776316885128898));
#15179=CARTESIAN_POINT('',(0.002288796536008,0.002495694215325,-0.003954888284615));
#15180=CARTESIAN_POINT('',(0.00228879653600811,0.00249569421532481,-0.00395488828461515));
#15181=CARTESIAN_POINT('',(0.00228811228803273,0.002175735045483,-0.00396));
#15182=CARTESIAN_POINT('',(0.00232824174067262,0.00228765587226787,-0.00366021052631582));
#15183=CARTESIAN_POINT('',(0.00240724660055738,0.002508,-0.00307));
#15184=CARTESIAN_POINT('',(0.0024668776438861,0.00206252272785248,-0.0026245227278525));
#15185=CARTESIAN_POINT('',(0.002511631770258,0.002396861102975,-0.00229018435273));
#15186=CARTESIAN_POINT('',(0.00251163177025857,0.00239686110297465,-0.00229018435273038));
#15187=CARTESIAN_POINT('',(0.000993651260577898,0.0137370252000019,-0.0136303484497559));
#15188=CARTESIAN_POINT('',(0.,0.,0.));
#15189=CARTESIAN_POINT('',(0.00425782538036268,0.00182159606957398,-0.00803845997156646));
#15190=CARTESIAN_POINT('',(0.00425782538036268,0.00293093980367731,-0.00803845997156646));
#15191=CARTESIAN_POINT('',(0.00344712245464946,0.00182159606957398,-0.00198205532546169));
#15192=CARTESIAN_POINT('',(0.00344712245464946,0.00293093980367731,-0.00198205532546169));
#15193=CARTESIAN_POINT('',(0.00348836822974215,0.002396861102975,-0.00229018435272998));
#15194=CARTESIAN_POINT('',(0.00348836822974172,0.00239686110297442,-0.0022901843527306));
#15195=CARTESIAN_POINT('',(0.00353312235611379,0.00206252272785269,-0.00262452272785204));
#15196=CARTESIAN_POINT('',(0.00359275339944268,0.002508,-0.00307));
#15197=CARTESIAN_POINT('',(0.00367175825932746,0.00228765587226787,-0.00366021052631582));
#15198=CARTESIAN_POINT('',(0.00371188771196733,0.002175735045483,-0.00396));
#15199=CARTESIAN_POINT('',(0.00371120346399183,0.00249569421532481,-0.00395488828461516));
#15200=CARTESIAN_POINT('',(0.00371120346399181,0.002495694215325,-0.00395488828461503));
#15201=CARTESIAN_POINT('',(0.00422097524737575,0.00255653587325112,-0.00776316885128897));
#15202=CARTESIAN_POINT('',(0.00422097524737572,0.0044007,-0.00776316885128904));
#15203=CARTESIAN_POINT('',(0.00422097524737575,0.00287453587325129,-0.00776316885128897));
#15204=CARTESIAN_POINT('',(0.003710523579327,0.00281361307056268,-0.003949809165601));
#15205=CARTESIAN_POINT('',(0.00371052357932683,0.00281361307056251,-0.00394980916560092));
#15206=CARTESIAN_POINT('',(0.00371188771196733,0.002175735045483,-0.00396));
#15207=CARTESIAN_POINT('',(0.00363188470405198,0.00239886300268463,-0.00336233274918236));
#15208=CARTESIAN_POINT('',(0.00359275339944268,0.002508,-0.00307));
#15209=CARTESIAN_POINT('',(0.0035632179946072,0.00228735399343362,-0.00284935399343363));
#15210=CARTESIAN_POINT('',(0.00356321799460723,0.002287353993434,-0.00284935399343397));
#15211=CARTESIAN_POINT('',(0.00351846386823509,0.00262169236855592,-0.00251501561831207));
#15212=CARTESIAN_POINT('',(0.00126083952243154,-0.0142440251999984,0.0143507019502438));
#15213=CARTESIAN_POINT('',(0.,0.,0.));
#15214=CARTESIAN_POINT('',(0.00225219870571675,0.00215388747195353,-0.00254893923820677));
#15215=CARTESIAN_POINT('',(0.00374780129428332,0.00215388747195353,-0.00254893923820677));
#15216=CARTESIAN_POINT('',(0.00225219870571675,0.00160059998711669,-0.00292495302461772));
#15217=CARTESIAN_POINT('',(0.00374780129428332,0.00160059998711669,-0.00292495302461772));
#15218=CARTESIAN_POINT('',(0.00225219870571675,0.00174269799275192,-0.00357865139943799));
#15219=CARTESIAN_POINT('',(0.00374780129428332,0.00174269799275192,-0.00357865139943799));
#15220=CARTESIAN_POINT('',(0.00225219870571675,0.00240215319685937,-0.0036910446475616));
#15221=CARTESIAN_POINT('',(0.00374780129428332,0.00240215319685937,-0.0036910446475616));
#15222=CARTESIAN_POINT('',(0.00175,0.0020625227278525,-0.0026245227278525));
#15223=CARTESIAN_POINT('',(0.0024668776438861,0.00206252272785248,-0.0026245227278525));
#15224=CARTESIAN_POINT('',(0.00353312235611379,0.00206252272785269,-0.00262452272785204));
#15225=CARTESIAN_POINT('',(0.00240724660055738,0.002508,-0.00307));
#15226=CARTESIAN_POINT('',(0.00232824174067262,0.00228765587226787,-0.00366021052631582));
#15227=CARTESIAN_POINT('',(0.00175,0.00228765587226805,-0.00366021052631586));
#15228=CARTESIAN_POINT('',(0.00367175825932746,0.00228765587226787,-0.00366021052631582));
#15229=CARTESIAN_POINT('',(0.00359275339944268,0.002508,-0.00307));
#15230=CARTESIAN_POINT('',(0.,0.,0.));
#15231=CARTESIAN_POINT('',(-0.00174217461963733,0.00182159606957398,-0.00803845997156646));
#15232=CARTESIAN_POINT('',(-0.00174217461963733,0.00293093980367731,-0.00803845997156646));
#15233=CARTESIAN_POINT('',(-0.00255287754535052,0.00182159606957398,-0.0019820553254619));
#15234=CARTESIAN_POINT('',(-0.00255287754535052,0.00293093980367731,-0.0019820553254619));
#15235=CARTESIAN_POINT('',(-0.00251163177025785,0.002396861102975,-0.00229018435272998));
#15236=CARTESIAN_POINT('',(-0.00251163177025783,0.00239686110297427,-0.00229018435273074));
#15237=CARTESIAN_POINT('',(-0.00246687764388621,0.00206252272785268,-0.00262452272785204));
#15238=CARTESIAN_POINT('',(-0.00240724660055732,0.002508,-0.00307));
#15239=CARTESIAN_POINT('',(-0.00232824174067254,0.00228765587226785,-0.00366021052631587));
#15240=CARTESIAN_POINT('',(-0.00228811228803267,0.002175735045483,-0.00396));
#15241=CARTESIAN_POINT('',(-0.00228879653600817,0.00249569421532488,-0.00395488828461516));
#15242=CARTESIAN_POINT('',(-0.00228879653600819,0.002495694215325,-0.00395488828461503));
#15243=CARTESIAN_POINT('',(-0.00177902475262425,0.00255653587325112,-0.00776316885128897));
#15244=CARTESIAN_POINT('',(-0.00177902475262428,0.0044007,-0.00776316885128904));
#15245=CARTESIAN_POINT('',(-0.00177902475262425,0.00287453587325129,-0.00776316885128897));
#15246=CARTESIAN_POINT('',(-0.002289476420673,0.00281361307056268,-0.003949809165601));
#15247=CARTESIAN_POINT('',(-0.00228947642067317,0.00281361307056242,-0.00394980916560092));
#15248=CARTESIAN_POINT('',(-0.00228811228803267,0.002175735045483,-0.00396));
#15249=CARTESIAN_POINT('',(-0.00236811529594802,0.00239886300268464,-0.00336233274918231));
#15250=CARTESIAN_POINT('',(-0.00240724660055732,0.002508,-0.00307));
#15251=CARTESIAN_POINT('',(-0.0024367820053928,0.00228735399343375,-0.00284935399343376));
#15252=CARTESIAN_POINT('',(-0.00243678200539277,0.002287353993434,-0.00284935399343397));
#15253=CARTESIAN_POINT('',(-0.00248153613176446,0.00262169236855578,-0.00251501561831222));
#15254=CARTESIAN_POINT('',(-0.00473916047756783,-0.0142440251999987,0.0143507019502435));
#15255=CARTESIAN_POINT('',(0.,0.,0.));
#15256=CARTESIAN_POINT('',(-0.00374780129428326,0.00215388747195353,-0.00254893923820677));
#15257=CARTESIAN_POINT('',(-0.00225219870571668,0.00215388747195353,-0.00254893923820677));
#15258=CARTESIAN_POINT('',(-0.00374780129428326,0.00160059998711669,-0.00292495302461772));
#15259=CARTESIAN_POINT('',(-0.00225219870571668,0.00160059998711669,-0.00292495302461772));
#15260=CARTESIAN_POINT('',(-0.00374780129428326,0.00174269799275192,-0.003578651399438));
#15261=CARTESIAN_POINT('',(-0.00225219870571668,0.00174269799275192,-0.003578651399438));
#15262=CARTESIAN_POINT('',(-0.00374780129428326,0.00240215319685937,-0.0036910446475616));
#15263=CARTESIAN_POINT('',(-0.00225219870571668,0.00240215319685937,-0.0036910446475616));
#15264=CARTESIAN_POINT('',(-0.00175,0.00206252272785248,-0.00262452272785248));
#15265=CARTESIAN_POINT('',(-0.00246687764388621,0.00206252272785268,-0.00262452272785204));
#15266=CARTESIAN_POINT('',(-0.0035331223561139,0.00206252272785248,-0.00262452272785248));
#15267=CARTESIAN_POINT('',(-0.00359275339944262,0.002508,-0.00307));
#15268=CARTESIAN_POINT('',(-0.0036717582593274,0.00228765587226785,-0.00366021052631587));
#15269=CARTESIAN_POINT('',(-0.00175,0.00228765587226802,-0.00366021052631596));
#15270=CARTESIAN_POINT('',(-0.00232824174067254,0.00228765587226785,-0.00366021052631587));
#15271=CARTESIAN_POINT('',(-0.00240724660055732,0.002508,-0.00307));
#15272=CARTESIAN_POINT('',(0.,0.,0.));
#15273=CARTESIAN_POINT('',(-0.00344712245464936,0.00182159606957399,-0.00198205532546143));
#15274=CARTESIAN_POINT('',(-0.00344712245464936,0.00293093980367715,-0.00198205532546143));
#15275=CARTESIAN_POINT('',(-0.00425782538036262,0.00182159606957399,-0.00803845997156649));
#15276=CARTESIAN_POINT('',(-0.00425782538036262,0.00293093980367715,-0.00803845997156649));
#15277=CARTESIAN_POINT('',(-0.003563217994607,0.002287353993434,-0.002849353993434));
#15278=CARTESIAN_POINT('',(-0.00356321799460706,0.00228735399343375,-0.00284935399343376));
#15279=CARTESIAN_POINT('',(-0.00351846386823472,0.00262169236855612,-0.00251501561831189));
#15280=CARTESIAN_POINT('',(-0.00359275339944262,0.002508,-0.00307));
#15281=CARTESIAN_POINT('',(-0.00363188470405192,0.00239886300268464,-0.00336233274918231));
#15282=CARTESIAN_POINT('',(-0.00371188771196726,0.002175735045483,-0.00396));
#15283=CARTESIAN_POINT('',(-0.00371052357932661,0.00281361307056251,-0.00394980916560097));
#15284=CARTESIAN_POINT('',(-0.00371052357932663,0.002813613070563,-0.00394980916560105));
#15285=CARTESIAN_POINT('',(-0.00422097524737572,0.00287453587325114,-0.00776316885128897));
#15286=CARTESIAN_POINT('',(-0.00422097524737565,0.0044007,-0.00776316885128905));
#15287=CARTESIAN_POINT('',(-0.00422097524737572,0.00255653587325124,-0.00776316885128898));
#15288=CARTESIAN_POINT('',(-0.003711203463992,0.002495694215325,-0.003954888284615));
#15289=CARTESIAN_POINT('',(-0.00371120346399189,0.00249569421532488,-0.00395488828461515));
#15290=CARTESIAN_POINT('',(-0.00371188771196726,0.002175735045483,-0.00396));
#15291=CARTESIAN_POINT('',(-0.0036717582593274,0.00228765587226785,-0.00366021052631587));
#15292=CARTESIAN_POINT('',(-0.00359275339944262,0.002508,-0.00307));
#15293=CARTESIAN_POINT('',(-0.0035331223561139,0.00206252272785248,-0.00262452272785248));
#15294=CARTESIAN_POINT('',(-0.003488368229742,0.002396861102975,-0.00229018435273));
#15295=CARTESIAN_POINT('',(-0.00348836822974143,0.00239686110297465,-0.00229018435273038));
#15296=CARTESIAN_POINT('',(-0.0050063487394221,0.0137370252000019,-0.0136303484497559));
#15297=CARTESIAN_POINT('',(0.,0.,0.));
#15298=CARTESIAN_POINT('',(-0.005401,0.001878,-0.0092556987298108));
#15299=CARTESIAN_POINT('',(0.005401,0.001878,-0.0092556987298108));
#15300=CARTESIAN_POINT('',(-0.005401,0.001878,-0.0009903266739732));
#15301=CARTESIAN_POINT('',(0.005401,0.001878,-0.0009903266739732));
#15302=CARTESIAN_POINT('',(-0.006565,0.001878,-0.00888));
#15303=CARTESIAN_POINT('',(-0.00491,0.001878,-0.00888));
#15304=CARTESIAN_POINT('',(0.00491,0.001878,-0.00888));
#15305=CARTESIAN_POINT('',(-0.00491,0.001878,-0.000487640891807));
#15306=CARTESIAN_POINT('',(-0.00491,0.001878,-0.001366025403784));
#15307=CARTESIAN_POINT('',(-0.00555,0.001878,-0.001366025403784));
#15308=CARTESIAN_POINT('',(0.00491,0.001878,-0.001366025403784));
#15309=CARTESIAN_POINT('',(0.00491,0.001878,-0.008890979807951));
#15310=MECHANICAL_DESIGN_GEOMETRIC_PRESENTATION_REPRESENTATION('',(#7069),
#15319);
#15311=MECHANICAL_DESIGN_GEOMETRIC_PRESENTATION_REPRESENTATION('',(#7070,
#7071,#7072,#7073,#7074,#7075,#7076,#7077,#7078,#7079,#7080,#7081,#7082,
#7083,#7084,#7085,#7086,#7087,#7088,#7089,#7090,#7091,#7092,#7093,#7094,
#7095,#7096,#7097,#7098,#7099,#7100,#7101,#7102,#7103,#7104,#7105,#7106,
#7107,#7108,#7109,#7110,#7111,#7112,#7113,#7114,#7115,#7116,#7117,#7118,
#7119,#7120,#7121,#7122,#7123,#7124,#7125,#7126,#7127,#7128,#7129,#7130,
#7131,#7132,#7133,#7134,#7135,#7136,#7137,#7138,#7139,#7140,#7141,#7142,
#7143,#7144,#7145,#7146,#7147,#7148,#7149,#7150,#7151,#7152,#7153,#7154,
#7155,#7156,#7157,#7158,#7159,#7160,#7161,#7162,#7163,#7164,#7165,#7166,
#7167,#7168,#7169,#7170,#7171,#7172,#7173,#7174,#7175,#7176,#7177,#7178,
#7179,#7180,#7181,#7182,#7183,#7184,#7185,#7186,#7187,#7188,#7189,#7190,
#7191,#7192,#7193,#7194,#7195,#7196,#7197,#7198,#7199,#7200,#7201,#7202,
#7203,#7204,#7205,#7206,#7207,#7208,#7209,#7210,#7211,#7212,#7213,#7214,
#7215,#7216,#7217,#7218,#7219,#7220,#7221,#7222,#7223,#7224,#7225,#7226,
#7227,#7228,#7229,#7230,#7231,#7232,#7233,#7234,#7235,#7236,#7237,#7238,
#7239,#7240,#7241,#7242,#7243,#7244,#7245,#7246,#7247,#7248,#7249,#7250,
#7251,#7252,#7253,#7254,#7255,#7256,#7257,#7258,#7259,#7260,#7261,#7262,
#7263,#7264,#7265,#7266,#7267,#7268,#7269,#7270,#7271,#7272,#7273,#7274,
#7275,#7276,#7277,#7278,#7279,#7280,#7281,#7282,#7283,#7284,#7285,#7286,
#7287,#7288,#7289,#7290,#7291,#7292,#7293,#7294,#7295,#7296,#7297,#7298,
#7299,#7300,#7301,#7302,#7303,#7304,#7305,#7306,#7307,#7308,#7309,#7310,
#7311,#7312,#7313,#7314,#7315,#7316,#7317,#7318,#7319,#7320,#7321,#7322,
#7323,#7324,#7325,#7326,#7327,#7328,#7329,#7330,#7331,#7332,#7333,#7334,
#7335,#7336,#7337,#7338,#7339,#7340,#7341,#7342,#7343,#7344,#7345,#7346,
#7347,#7348,#7349,#7350,#7351,#7352,#7353,#7354,#7355,#7356,#7357,#7358,
#7359,#7360,#7361,#7362,#7363,#7364,#7365,#7366,#7367,#7368,#7369,#7370,
#7371,#7372,#7373,#7374,#7375,#7376,#7377,#7378,#7379,#7380,#7381,#7382,
#7383,#7384,#7385,#7386,#7387,#7388,#7389,#7390,#7391,#7392,#7393,#7394,
#7395,#7396,#7397,#7398,#7399,#7400,#7401,#7402,#7403,#7404,#7405,#7406,
#7407,#7408,#7409,#7410,#7411),#15320);
#15312=MECHANICAL_DESIGN_GEOMETRIC_PRESENTATION_REPRESENTATION('',(#7412),
#15321);
#15313=MECHANICAL_DESIGN_GEOMETRIC_PRESENTATION_REPRESENTATION('',(#7413),
#15322);
#15314=MECHANICAL_DESIGN_GEOMETRIC_PRESENTATION_REPRESENTATION('',(#7414),
#15323);
#15315=MECHANICAL_DESIGN_GEOMETRIC_PRESENTATION_REPRESENTATION('',(#7415),
#15324);
#15316=MECHANICAL_DESIGN_GEOMETRIC_PRESENTATION_REPRESENTATION('',(#7416),
#15325);
#15317=MECHANICAL_DESIGN_GEOMETRIC_PRESENTATION_REPRESENTATION('',(#7417),
#15326);
#15318=MECHANICAL_DESIGN_GEOMETRIC_PRESENTATION_REPRESENTATION('',(#7418),
#15327);
#15319=(
GEOMETRIC_REPRESENTATION_CONTEXT(3)
GLOBAL_UNCERTAINTY_ASSIGNED_CONTEXT((#15328))
GLOBAL_UNIT_ASSIGNED_CONTEXT((#15355,#15346,#15337))
REPRESENTATION_CONTEXT('Part 1','TOP_LEVEL_ASSEMBLY_PART')
);
#15320=(
GEOMETRIC_REPRESENTATION_CONTEXT(3)
GLOBAL_UNCERTAINTY_ASSIGNED_CONTEXT((#15329))
GLOBAL_UNIT_ASSIGNED_CONTEXT((#15356,#15347,#15338))
REPRESENTATION_CONTEXT('id5','TOP_LEVEL_ASSEMBLY_PART')
);
#15321=(
GEOMETRIC_REPRESENTATION_CONTEXT(3)
GLOBAL_UNCERTAINTY_ASSIGNED_CONTEXT((#15330))
GLOBAL_UNIT_ASSIGNED_CONTEXT((#15357,#15348,#15339))
REPRESENTATION_CONTEXT('id8','TOP_LEVEL_ASSEMBLY_PART')
);
#15322=(
GEOMETRIC_REPRESENTATION_CONTEXT(3)
GLOBAL_UNCERTAINTY_ASSIGNED_CONTEXT((#15331))
GLOBAL_UNIT_ASSIGNED_CONTEXT((#15358,#15349,#15340))
REPRESENTATION_CONTEXT('id11','TOP_LEVEL_ASSEMBLY_PART')
);
#15323=(
GEOMETRIC_REPRESENTATION_CONTEXT(3)
GLOBAL_UNCERTAINTY_ASSIGNED_CONTEXT((#15332))
GLOBAL_UNIT_ASSIGNED_CONTEXT((#15359,#15350,#15341))
REPRESENTATION_CONTEXT('id14','TOP_LEVEL_ASSEMBLY_PART')
);
#15324=(
GEOMETRIC_REPRESENTATION_CONTEXT(3)
GLOBAL_UNCERTAINTY_ASSIGNED_CONTEXT((#15333))
GLOBAL_UNIT_ASSIGNED_CONTEXT((#15360,#15351,#15342))
REPRESENTATION_CONTEXT('id17','TOP_LEVEL_ASSEMBLY_PART')
);
#15325=(
GEOMETRIC_REPRESENTATION_CONTEXT(3)
GLOBAL_UNCERTAINTY_ASSIGNED_CONTEXT((#15334))
GLOBAL_UNIT_ASSIGNED_CONTEXT((#15361,#15352,#15343))
REPRESENTATION_CONTEXT('id20','TOP_LEVEL_ASSEMBLY_PART')
);
#15326=(
GEOMETRIC_REPRESENTATION_CONTEXT(3)
GLOBAL_UNCERTAINTY_ASSIGNED_CONTEXT((#15335))
GLOBAL_UNIT_ASSIGNED_CONTEXT((#15362,#15353,#15344))
REPRESENTATION_CONTEXT('id23','TOP_LEVEL_ASSEMBLY_PART')
);
#15327=(
GEOMETRIC_REPRESENTATION_CONTEXT(3)
GLOBAL_UNCERTAINTY_ASSIGNED_CONTEXT((#15336))
GLOBAL_UNIT_ASSIGNED_CONTEXT((#15363,#15354,#15345))
REPRESENTATION_CONTEXT('id26','TOP_LEVEL_ASSEMBLY_PART')
);
#15328=UNCERTAINTY_MEASURE_WITH_UNIT(LENGTH_MEASURE(1.E-8),#15355,
'DISTANCE_ACCURACY_VALUE','Maximum Tolerance applied to model');
#15329=UNCERTAINTY_MEASURE_WITH_UNIT(LENGTH_MEASURE(2.E-5),#15356,
'DISTANCE_ACCURACY_VALUE','Maximum Tolerance applied to model');
#15330=UNCERTAINTY_MEASURE_WITH_UNIT(LENGTH_MEASURE(1.E-8),#15357,
'DISTANCE_ACCURACY_VALUE','Maximum Tolerance applied to model');
#15331=UNCERTAINTY_MEASURE_WITH_UNIT(LENGTH_MEASURE(1.E-8),#15358,
'DISTANCE_ACCURACY_VALUE','Maximum Tolerance applied to model');
#15332=UNCERTAINTY_MEASURE_WITH_UNIT(LENGTH_MEASURE(1.E-8),#15359,
'DISTANCE_ACCURACY_VALUE','Maximum Tolerance applied to model');
#15333=UNCERTAINTY_MEASURE_WITH_UNIT(LENGTH_MEASURE(1.E-8),#15360,
'DISTANCE_ACCURACY_VALUE','Maximum Tolerance applied to model');
#15334=UNCERTAINTY_MEASURE_WITH_UNIT(LENGTH_MEASURE(1.E-8),#15361,
'DISTANCE_ACCURACY_VALUE','Maximum Tolerance applied to model');
#15335=UNCERTAINTY_MEASURE_WITH_UNIT(LENGTH_MEASURE(1.E-8),#15362,
'DISTANCE_ACCURACY_VALUE','Maximum Tolerance applied to model');
#15336=UNCERTAINTY_MEASURE_WITH_UNIT(LENGTH_MEASURE(1.E-8),#15363,
'DISTANCE_ACCURACY_VALUE','Maximum Tolerance applied to model');
#15337=(
NAMED_UNIT(*)
SI_UNIT($,.STERADIAN.)
SOLID_ANGLE_UNIT()
);
#15338=(
NAMED_UNIT(*)
SI_UNIT($,.STERADIAN.)
SOLID_ANGLE_UNIT()
);
#15339=(
NAMED_UNIT(*)
SI_UNIT($,.STERADIAN.)
SOLID_ANGLE_UNIT()
);
#15340=(
NAMED_UNIT(*)
SI_UNIT($,.STERADIAN.)
SOLID_ANGLE_UNIT()
);
#15341=(
NAMED_UNIT(*)
SI_UNIT($,.STERADIAN.)
SOLID_ANGLE_UNIT()
);
#15342=(
NAMED_UNIT(*)
SI_UNIT($,.STERADIAN.)
SOLID_ANGLE_UNIT()
);
#15343=(
NAMED_UNIT(*)
SI_UNIT($,.STERADIAN.)
SOLID_ANGLE_UNIT()
);
#15344=(
NAMED_UNIT(*)
SI_UNIT($,.STERADIAN.)
SOLID_ANGLE_UNIT()
);
#15345=(
NAMED_UNIT(*)
SI_UNIT($,.STERADIAN.)
SOLID_ANGLE_UNIT()
);
#15346=(
NAMED_UNIT(*)
PLANE_ANGLE_UNIT()
SI_UNIT($,.RADIAN.)
);
#15347=(
NAMED_UNIT(*)
PLANE_ANGLE_UNIT()
SI_UNIT($,.RADIAN.)
);
#15348=(
NAMED_UNIT(*)
PLANE_ANGLE_UNIT()
SI_UNIT($,.RADIAN.)
);
#15349=(
NAMED_UNIT(*)
PLANE_ANGLE_UNIT()
SI_UNIT($,.RADIAN.)
);
#15350=(
NAMED_UNIT(*)
PLANE_ANGLE_UNIT()
SI_UNIT($,.RADIAN.)
);
#15351=(
NAMED_UNIT(*)
PLANE_ANGLE_UNIT()
SI_UNIT($,.RADIAN.)
);
#15352=(
NAMED_UNIT(*)
PLANE_ANGLE_UNIT()
SI_UNIT($,.RADIAN.)
);
#15353=(
NAMED_UNIT(*)
PLANE_ANGLE_UNIT()
SI_UNIT($,.RADIAN.)
);
#15354=(
NAMED_UNIT(*)
PLANE_ANGLE_UNIT()
SI_UNIT($,.RADIAN.)
);
#15355=(
LENGTH_UNIT()
NAMED_UNIT(*)
SI_UNIT($,.METRE.)
);
#15356=(
LENGTH_UNIT()
NAMED_UNIT(*)
SI_UNIT($,.METRE.)
);
#15357=(
LENGTH_UNIT()
NAMED_UNIT(*)
SI_UNIT($,.METRE.)
);
#15358=(
LENGTH_UNIT()
NAMED_UNIT(*)
SI_UNIT($,.METRE.)
);
#15359=(
LENGTH_UNIT()
NAMED_UNIT(*)
SI_UNIT($,.METRE.)
);
#15360=(
LENGTH_UNIT()
NAMED_UNIT(*)
SI_UNIT($,.METRE.)
);
#15361=(
LENGTH_UNIT()
NAMED_UNIT(*)
SI_UNIT($,.METRE.)
);
#15362=(
LENGTH_UNIT()
NAMED_UNIT(*)
SI_UNIT($,.METRE.)
);
#15363=(
LENGTH_UNIT()
NAMED_UNIT(*)
SI_UNIT($,.METRE.)
);
#15364=PRODUCT_DEFINITION_SHAPE('','',#15373);
#15365=PRODUCT_DEFINITION_SHAPE('','',#15374);
#15366=PRODUCT_DEFINITION_SHAPE('','',#15375);
#15367=PRODUCT_DEFINITION_SHAPE('','',#15376);
#15368=PRODUCT_DEFINITION_SHAPE('','',#15377);
#15369=PRODUCT_DEFINITION_SHAPE('','',#15378);
#15370=PRODUCT_DEFINITION_SHAPE('','',#15379);
#15371=PRODUCT_DEFINITION_SHAPE('','',#15380);
#15372=PRODUCT_DEFINITION_SHAPE('','',#15381);
#15373=PRODUCT_DEFINITION('','',#15391,#15382);
#15374=PRODUCT_DEFINITION('','',#15392,#15383);
#15375=PRODUCT_DEFINITION('','',#15393,#15384);
#15376=PRODUCT_DEFINITION('','',#15394,#15385);
#15377=PRODUCT_DEFINITION('','',#15395,#15386);
#15378=PRODUCT_DEFINITION('','',#15396,#15387);
#15379=PRODUCT_DEFINITION('','',#15397,#15388);
#15380=PRODUCT_DEFINITION('','',#15398,#15389);
#15381=PRODUCT_DEFINITION('','',#15399,#15390);
#15382=PRODUCT_DEFINITION_CONTEXT('',#15445,'design');
#15383=PRODUCT_DEFINITION_CONTEXT('',#15446,'design');
#15384=PRODUCT_DEFINITION_CONTEXT('',#15447,'design');
#15385=PRODUCT_DEFINITION_CONTEXT('',#15448,'design');
#15386=PRODUCT_DEFINITION_CONTEXT('',#15449,'design');
#15387=PRODUCT_DEFINITION_CONTEXT('',#15450,'design');
#15388=PRODUCT_DEFINITION_CONTEXT('',#15451,'design');
#15389=PRODUCT_DEFINITION_CONTEXT('',#15452,'design');
#15390=PRODUCT_DEFINITION_CONTEXT('',#15453,'design');
#15391=PRODUCT_DEFINITION_FORMATION_WITH_SPECIFIED_SOURCE('','',#15409,
 .NOT_KNOWN.);
#15392=PRODUCT_DEFINITION_FORMATION_WITH_SPECIFIED_SOURCE('','',#15410,
 .NOT_KNOWN.);
#15393=PRODUCT_DEFINITION_FORMATION_WITH_SPECIFIED_SOURCE('','',#15411,
 .NOT_KNOWN.);
#15394=PRODUCT_DEFINITION_FORMATION_WITH_SPECIFIED_SOURCE('','',#15412,
 .NOT_KNOWN.);
#15395=PRODUCT_DEFINITION_FORMATION_WITH_SPECIFIED_SOURCE('','',#15413,
 .NOT_KNOWN.);
#15396=PRODUCT_DEFINITION_FORMATION_WITH_SPECIFIED_SOURCE('','',#15414,
 .NOT_KNOWN.);
#15397=PRODUCT_DEFINITION_FORMATION_WITH_SPECIFIED_SOURCE('','',#15415,
 .NOT_KNOWN.);
#15398=PRODUCT_DEFINITION_FORMATION_WITH_SPECIFIED_SOURCE('','',#15416,
 .NOT_KNOWN.);
#15399=PRODUCT_DEFINITION_FORMATION_WITH_SPECIFIED_SOURCE('','',#15417,
 .NOT_KNOWN.);
#15400=PRODUCT_RELATED_PRODUCT_CATEGORY('','',(#15409));
#15401=PRODUCT_RELATED_PRODUCT_CATEGORY('','',(#15410));
#15402=PRODUCT_RELATED_PRODUCT_CATEGORY('','',(#15411));
#15403=PRODUCT_RELATED_PRODUCT_CATEGORY('','',(#15412));
#15404=PRODUCT_RELATED_PRODUCT_CATEGORY('','',(#15413));
#15405=PRODUCT_RELATED_PRODUCT_CATEGORY('','',(#15414));
#15406=PRODUCT_RELATED_PRODUCT_CATEGORY('','',(#15415));
#15407=PRODUCT_RELATED_PRODUCT_CATEGORY('','',(#15416));
#15408=PRODUCT_RELATED_PRODUCT_CATEGORY('','',(#15417));
#15409=PRODUCT('Part 1','Part 1','Part 1',(#15427));
#15410=PRODUCT('id5','id5','id5',(#15428));
#15411=PRODUCT('id8','id8','id8',(#15429));
#15412=PRODUCT('id11','id11','id11',(#15430));
#15413=PRODUCT('id14','id14','id14',(#15431));
#15414=PRODUCT('id17','id17','id17',(#15432));
#15415=PRODUCT('id20','id20','id20',(#15433));
#15416=PRODUCT('id23','id23','id23',(#15434));
#15417=PRODUCT('id26','id26','id26',(#15435));
#15418=PRODUCT_CATEGORY('','');
#15419=PRODUCT_CATEGORY('','');
#15420=PRODUCT_CATEGORY('','');
#15421=PRODUCT_CATEGORY('','');
#15422=PRODUCT_CATEGORY('','');
#15423=PRODUCT_CATEGORY('','');
#15424=PRODUCT_CATEGORY('','');
#15425=PRODUCT_CATEGORY('','');
#15426=PRODUCT_CATEGORY('','');
#15427=PRODUCT_CONTEXT('',#15445,'mechanical');
#15428=PRODUCT_CONTEXT('',#15446,'mechanical');
#15429=PRODUCT_CONTEXT('',#15447,'mechanical');
#15430=PRODUCT_CONTEXT('',#15448,'mechanical');
#15431=PRODUCT_CONTEXT('',#15449,'mechanical');
#15432=PRODUCT_CONTEXT('',#15450,'mechanical');
#15433=PRODUCT_CONTEXT('',#15451,'mechanical');
#15434=PRODUCT_CONTEXT('',#15452,'mechanical');
#15435=PRODUCT_CONTEXT('',#15453,'mechanical');
#15436=APPLICATION_PROTOCOL_DEFINITION('international standard',
'ap242_managed_model_based_3d_engineering',2020,#15445);
#15437=APPLICATION_PROTOCOL_DEFINITION('international standard',
'ap242_managed_model_based_3d_engineering',2020,#15446);
#15438=APPLICATION_PROTOCOL_DEFINITION('international standard',
'ap242_managed_model_based_3d_engineering',2020,#15447);
#15439=APPLICATION_PROTOCOL_DEFINITION('international standard',
'ap242_managed_model_based_3d_engineering',2020,#15448);
#15440=APPLICATION_PROTOCOL_DEFINITION('international standard',
'ap242_managed_model_based_3d_engineering',2020,#15449);
#15441=APPLICATION_PROTOCOL_DEFINITION('international standard',
'ap242_managed_model_based_3d_engineering',2020,#15450);
#15442=APPLICATION_PROTOCOL_DEFINITION('international standard',
'ap242_managed_model_based_3d_engineering',2020,#15451);
#15443=APPLICATION_PROTOCOL_DEFINITION('international standard',
'ap242_managed_model_based_3d_engineering',2020,#15452);
#15444=APPLICATION_PROTOCOL_DEFINITION('international standard',
'ap242_managed_model_based_3d_engineering',2020,#15453);
#15445=APPLICATION_CONTEXT('managed model based 3d engineering');
#15446=APPLICATION_CONTEXT('managed model based 3d engineering');
#15447=APPLICATION_CONTEXT('managed model based 3d engineering');
#15448=APPLICATION_CONTEXT('managed model based 3d engineering');
#15449=APPLICATION_CONTEXT('managed model based 3d engineering');
#15450=APPLICATION_CONTEXT('managed model based 3d engineering');
#15451=APPLICATION_CONTEXT('managed model based 3d engineering');
#15452=APPLICATION_CONTEXT('managed model based 3d engineering');
#15453=APPLICATION_CONTEXT('managed model based 3d engineering');
ENDSEC;
END-ISO-10303-21;
