ISO-10303-21;
HEADER;
/* Generated by software containing ST-Developer
 * from STEP Tools, Inc. (www.steptools.com) 
 */
/* OPTION: using custom renumber hook */

FILE_DESCRIPTION(
/* description */ ('STEP AP242 Edition 2',
'CAx-IF Rec.Pracs.---Representation and Presentation of Product Manufa
cturing Information (PMI)---4.0---2014-10-13',
'CAx-IF Rec.Pracs.---3D Tessellated Geometry---0.4---2014-09-14','2;1',
'CAx-IF Rec.Pracs.---User Defined Attributes---1.5---2016-08-15'),
/* implementation_level */ '2;1');

FILE_NAME(
/* name */ 'LBEE5KL1YN',
/* time_stamp */ '2026-08-11T14:56:12Z',
/* author */ (''),
/* organization */ (''),
/* preprocessor_version */ 'ST-DEVELOPER v20',
/* originating_system */ 'ONSHAPE BY PTC INC, 1.219',
/* authorisation */ '  ');

FILE_SCHEMA (('AP242_MANAGED_MODEL_BASED_3D_ENGINEERING_MIM_LF { 1 0 10303 442 3 1 4 }'));
ENDSEC;

DATA;
#10=CIRCLE('',#10713,0.00025);
#11=CIRCLE('',#10714,0.00025);
#12=CIRCLE('',#10738,0.00025);
#13=CIRCLE('',#10739,0.00025);
#14=CYLINDRICAL_SURFACE('',#10712,0.00025);
#15=CYLINDRICAL_SURFACE('',#10737,0.00025);
#16=OVER_RIDING_STYLED_ITEM('',(#9054),#8450,#9004);
#17=OVER_RIDING_STYLED_ITEM('',(#9055),#8451,#9004);
#18=OVER_RIDING_STYLED_ITEM('',(#9056),#8452,#9004);
#19=OVER_RIDING_STYLED_ITEM('',(#9057),#8453,#9004);
#20=OVER_RIDING_STYLED_ITEM('',(#9058),#8454,#9004);
#21=OVER_RIDING_STYLED_ITEM('',(#9059),#8455,#9004);
#22=OVER_RIDING_STYLED_ITEM('',(#9060),#8456,#9004);
#23=OVER_RIDING_STYLED_ITEM('',(#9067),#8485,#9010);
#24=OVER_RIDING_STYLED_ITEM('',(#9068),#8486,#9010);
#25=OVER_RIDING_STYLED_ITEM('',(#9069),#8487,#9010);
#26=OVER_RIDING_STYLED_ITEM('',(#9070),#8488,#9010);
#27=OVER_RIDING_STYLED_ITEM('',(#9071),#8489,#9010);
#28=OVER_RIDING_STYLED_ITEM('',(#9072),#8490,#9010);
#29=OVER_RIDING_STYLED_ITEM('',(#9073),#8491,#9010);
#30=OVER_RIDING_STYLED_ITEM('',(#9074),#8492,#9010);
#31=OVER_RIDING_STYLED_ITEM('',(#9075),#8493,#9010);
#32=OVER_RIDING_STYLED_ITEM('',(#9076),#8494,#9010);
#33=OVER_RIDING_STYLED_ITEM('',(#9077),#8496,#9010);
#34=OVER_RIDING_STYLED_ITEM('',(#9078),#8497,#9010);
#35=OVER_RIDING_STYLED_ITEM('',(#9079),#8498,#9010);
#36=OVER_RIDING_STYLED_ITEM('',(#9080),#8499,#9010);
#37=OVER_RIDING_STYLED_ITEM('',(#9081),#8501,#9010);
#38=OVER_RIDING_STYLED_ITEM('',(#9082),#8502,#9010);
#39=OVER_RIDING_STYLED_ITEM('',(#9083),#8503,#9010);
#40=OVER_RIDING_STYLED_ITEM('',(#9084),#8504,#9010);
#41=OVER_RIDING_STYLED_ITEM('',(#9085),#8506,#9010);
#42=OVER_RIDING_STYLED_ITEM('',(#9086),#8507,#9010);
#43=OVER_RIDING_STYLED_ITEM('',(#9087),#8508,#9010);
#44=OVER_RIDING_STYLED_ITEM('',(#9088),#8509,#9010);
#45=OVER_RIDING_STYLED_ITEM('',(#9089),#8511,#9010);
#46=OVER_RIDING_STYLED_ITEM('',(#9090),#8512,#9010);
#47=OVER_RIDING_STYLED_ITEM('',(#9091),#8513,#9010);
#48=OVER_RIDING_STYLED_ITEM('',(#9092),#8514,#9010);
#49=OVER_RIDING_STYLED_ITEM('',(#9093),#8516,#9010);
#50=OVER_RIDING_STYLED_ITEM('',(#9094),#8517,#9010);
#51=OVER_RIDING_STYLED_ITEM('',(#9095),#8518,#9010);
#52=OVER_RIDING_STYLED_ITEM('',(#9096),#8519,#9010);
#53=OVER_RIDING_STYLED_ITEM('',(#9097),#8521,#9010);
#54=OVER_RIDING_STYLED_ITEM('',(#9098),#8522,#9010);
#55=OVER_RIDING_STYLED_ITEM('',(#9099),#8523,#9010);
#56=OVER_RIDING_STYLED_ITEM('',(#9100),#8524,#9010);
#57=OVER_RIDING_STYLED_ITEM('',(#9101),#8526,#9010);
#58=OVER_RIDING_STYLED_ITEM('',(#9102),#8527,#9010);
#59=OVER_RIDING_STYLED_ITEM('',(#9103),#8528,#9010);
#60=OVER_RIDING_STYLED_ITEM('',(#9104),#8529,#9010);
#61=OVER_RIDING_STYLED_ITEM('',(#9105),#8531,#9010);
#62=OVER_RIDING_STYLED_ITEM('',(#9106),#8532,#9010);
#63=OVER_RIDING_STYLED_ITEM('',(#9107),#8533,#9010);
#64=OVER_RIDING_STYLED_ITEM('',(#9108),#8534,#9010);
#65=OVER_RIDING_STYLED_ITEM('',(#9109),#8536,#9010);
#66=OVER_RIDING_STYLED_ITEM('',(#9110),#8537,#9010);
#67=OVER_RIDING_STYLED_ITEM('',(#9111),#8538,#9010);
#68=OVER_RIDING_STYLED_ITEM('',(#9112),#8539,#9010);
#69=OVER_RIDING_STYLED_ITEM('',(#9113),#8541,#9010);
#70=OVER_RIDING_STYLED_ITEM('',(#9114),#8542,#9010);
#71=OVER_RIDING_STYLED_ITEM('',(#9115),#8543,#9010);
#72=OVER_RIDING_STYLED_ITEM('',(#9116),#8544,#9010);
#73=OVER_RIDING_STYLED_ITEM('',(#9117),#8546,#9010);
#74=OVER_RIDING_STYLED_ITEM('',(#9118),#8547,#9010);
#75=OVER_RIDING_STYLED_ITEM('',(#9119),#8548,#9010);
#76=OVER_RIDING_STYLED_ITEM('',(#9120),#8549,#9010);
#77=OVER_RIDING_STYLED_ITEM('',(#9121),#8551,#9010);
#78=OVER_RIDING_STYLED_ITEM('',(#9122),#8552,#9010);
#79=OVER_RIDING_STYLED_ITEM('',(#9123),#8553,#9010);
#80=OVER_RIDING_STYLED_ITEM('',(#9124),#8554,#9010);
#81=OVER_RIDING_STYLED_ITEM('',(#9125),#8556,#9010);
#82=OVER_RIDING_STYLED_ITEM('',(#9126),#8557,#9010);
#83=OVER_RIDING_STYLED_ITEM('',(#9127),#8558,#9010);
#84=OVER_RIDING_STYLED_ITEM('',(#9128),#8559,#9010);
#85=OVER_RIDING_STYLED_ITEM('',(#9129),#8561,#9010);
#86=OVER_RIDING_STYLED_ITEM('',(#9130),#8562,#9010);
#87=OVER_RIDING_STYLED_ITEM('',(#9131),#8563,#9010);
#88=OVER_RIDING_STYLED_ITEM('',(#9132),#8564,#9010);
#89=OVER_RIDING_STYLED_ITEM('',(#9133),#8566,#9010);
#90=OVER_RIDING_STYLED_ITEM('',(#9134),#8567,#9010);
#91=OVER_RIDING_STYLED_ITEM('',(#9135),#8568,#9010);
#92=OVER_RIDING_STYLED_ITEM('',(#9136),#8569,#9010);
#93=OVER_RIDING_STYLED_ITEM('',(#9137),#8571,#9010);
#94=OVER_RIDING_STYLED_ITEM('',(#9138),#8572,#9010);
#95=OVER_RIDING_STYLED_ITEM('',(#9139),#8573,#9010);
#96=OVER_RIDING_STYLED_ITEM('',(#9140),#8574,#9010);
#97=OVER_RIDING_STYLED_ITEM('',(#9141),#8576,#9010);
#98=OVER_RIDING_STYLED_ITEM('',(#9142),#8577,#9010);
#99=OVER_RIDING_STYLED_ITEM('',(#9143),#8578,#9010);
#100=OVER_RIDING_STYLED_ITEM('',(#9144),#8579,#9010);
#101=OVER_RIDING_STYLED_ITEM('',(#9145),#8581,#9010);
#102=OVER_RIDING_STYLED_ITEM('',(#9146),#8582,#9010);
#103=OVER_RIDING_STYLED_ITEM('',(#9147),#8583,#9010);
#104=OVER_RIDING_STYLED_ITEM('',(#9148),#8584,#9010);
#105=OVER_RIDING_STYLED_ITEM('',(#9149),#8586,#9010);
#106=OVER_RIDING_STYLED_ITEM('',(#9150),#8587,#9010);
#107=OVER_RIDING_STYLED_ITEM('',(#9151),#8588,#9010);
#108=OVER_RIDING_STYLED_ITEM('',(#9152),#8589,#9010);
#109=OVER_RIDING_STYLED_ITEM('',(#9153),#8591,#9010);
#110=OVER_RIDING_STYLED_ITEM('',(#9154),#8592,#9010);
#111=OVER_RIDING_STYLED_ITEM('',(#9155),#8593,#9010);
#112=OVER_RIDING_STYLED_ITEM('',(#9156),#8594,#9010);
#113=OVER_RIDING_STYLED_ITEM('',(#9157),#8596,#9010);
#114=OVER_RIDING_STYLED_ITEM('',(#9158),#8597,#9010);
#115=OVER_RIDING_STYLED_ITEM('',(#9159),#8598,#9010);
#116=OVER_RIDING_STYLED_ITEM('',(#9160),#8599,#9010);
#117=OVER_RIDING_STYLED_ITEM('',(#9161),#8600,#9010);
#118=OVER_RIDING_STYLED_ITEM('',(#9162),#8602,#9010);
#119=OVER_RIDING_STYLED_ITEM('',(#9163),#8603,#9010);
#120=OVER_RIDING_STYLED_ITEM('',(#9164),#8604,#9010);
#121=OVER_RIDING_STYLED_ITEM('',(#9165),#8605,#9010);
#122=OVER_RIDING_STYLED_ITEM('',(#9166),#8607,#9010);
#123=OVER_RIDING_STYLED_ITEM('',(#9167),#8608,#9010);
#124=OVER_RIDING_STYLED_ITEM('',(#9168),#8609,#9010);
#125=OVER_RIDING_STYLED_ITEM('',(#9169),#8610,#9010);
#126=OVER_RIDING_STYLED_ITEM('',(#9170),#8612,#9010);
#127=OVER_RIDING_STYLED_ITEM('',(#9171),#8613,#9010);
#128=OVER_RIDING_STYLED_ITEM('',(#9172),#8614,#9010);
#129=OVER_RIDING_STYLED_ITEM('',(#9173),#8615,#9010);
#130=OVER_RIDING_STYLED_ITEM('',(#9174),#8617,#9010);
#131=OVER_RIDING_STYLED_ITEM('',(#9175),#8618,#9010);
#132=OVER_RIDING_STYLED_ITEM('',(#9176),#8619,#9010);
#133=OVER_RIDING_STYLED_ITEM('',(#9177),#8620,#9010);
#134=OVER_RIDING_STYLED_ITEM('',(#9178),#8622,#9010);
#135=OVER_RIDING_STYLED_ITEM('',(#9179),#8623,#9010);
#136=OVER_RIDING_STYLED_ITEM('',(#9180),#8624,#9010);
#137=OVER_RIDING_STYLED_ITEM('',(#9181),#8625,#9010);
#138=OVER_RIDING_STYLED_ITEM('',(#9182),#8627,#9010);
#139=OVER_RIDING_STYLED_ITEM('',(#9183),#8628,#9010);
#140=OVER_RIDING_STYLED_ITEM('',(#9184),#8629,#9010);
#141=OVER_RIDING_STYLED_ITEM('',(#9185),#8630,#9010);
#142=OVER_RIDING_STYLED_ITEM('',(#9186),#8632,#9010);
#143=OVER_RIDING_STYLED_ITEM('',(#9187),#8633,#9010);
#144=OVER_RIDING_STYLED_ITEM('',(#9188),#8634,#9010);
#145=OVER_RIDING_STYLED_ITEM('',(#9189),#8635,#9010);
#146=OVER_RIDING_STYLED_ITEM('',(#9190),#8637,#9010);
#147=OVER_RIDING_STYLED_ITEM('',(#9191),#8638,#9010);
#148=OVER_RIDING_STYLED_ITEM('',(#9192),#8639,#9010);
#149=OVER_RIDING_STYLED_ITEM('',(#9193),#8640,#9010);
#150=OVER_RIDING_STYLED_ITEM('',(#9194),#8642,#9010);
#151=OVER_RIDING_STYLED_ITEM('',(#9195),#8643,#9010);
#152=OVER_RIDING_STYLED_ITEM('',(#9196),#8644,#9010);
#153=OVER_RIDING_STYLED_ITEM('',(#9197),#8645,#9010);
#154=OVER_RIDING_STYLED_ITEM('',(#9198),#8647,#9010);
#155=OVER_RIDING_STYLED_ITEM('',(#9199),#8648,#9010);
#156=OVER_RIDING_STYLED_ITEM('',(#9200),#8649,#9010);
#157=OVER_RIDING_STYLED_ITEM('',(#9201),#8650,#9010);
#158=OVER_RIDING_STYLED_ITEM('',(#9202),#8652,#9010);
#159=OVER_RIDING_STYLED_ITEM('',(#9203),#8653,#9010);
#160=OVER_RIDING_STYLED_ITEM('',(#9204),#8654,#9010);
#161=OVER_RIDING_STYLED_ITEM('',(#9205),#8655,#9010);
#162=OVER_RIDING_STYLED_ITEM('',(#9206),#8657,#9010);
#163=OVER_RIDING_STYLED_ITEM('',(#9207),#8658,#9010);
#164=OVER_RIDING_STYLED_ITEM('',(#9208),#8659,#9010);
#165=OVER_RIDING_STYLED_ITEM('',(#9209),#8660,#9010);
#166=OVER_RIDING_STYLED_ITEM('',(#9210),#8662,#9010);
#167=OVER_RIDING_STYLED_ITEM('',(#9211),#8663,#9010);
#168=OVER_RIDING_STYLED_ITEM('',(#9212),#8664,#9010);
#169=OVER_RIDING_STYLED_ITEM('',(#9213),#8665,#9010);
#170=OVER_RIDING_STYLED_ITEM('',(#9214),#8667,#9010);
#171=OVER_RIDING_STYLED_ITEM('',(#9215),#8668,#9010);
#172=OVER_RIDING_STYLED_ITEM('',(#9216),#8669,#9010);
#173=OVER_RIDING_STYLED_ITEM('',(#9217),#8670,#9010);
#174=OVER_RIDING_STYLED_ITEM('',(#9218),#8672,#9010);
#175=OVER_RIDING_STYLED_ITEM('',(#9219),#8673,#9010);
#176=OVER_RIDING_STYLED_ITEM('',(#9220),#8674,#9010);
#177=OVER_RIDING_STYLED_ITEM('',(#9221),#8675,#9010);
#178=OVER_RIDING_STYLED_ITEM('',(#9222),#8677,#9010);
#179=OVER_RIDING_STYLED_ITEM('',(#9223),#8678,#9010);
#180=OVER_RIDING_STYLED_ITEM('',(#9224),#8679,#9010);
#181=OVER_RIDING_STYLED_ITEM('',(#9225),#8680,#9010);
#182=OVER_RIDING_STYLED_ITEM('',(#9226),#8682,#9010);
#183=OVER_RIDING_STYLED_ITEM('',(#9227),#8683,#9010);
#184=OVER_RIDING_STYLED_ITEM('',(#9228),#8684,#9010);
#185=OVER_RIDING_STYLED_ITEM('',(#9229),#8685,#9010);
#186=OVER_RIDING_STYLED_ITEM('',(#9230),#8687,#9010);
#187=OVER_RIDING_STYLED_ITEM('',(#9231),#8688,#9010);
#188=OVER_RIDING_STYLED_ITEM('',(#9232),#8689,#9010);
#189=OVER_RIDING_STYLED_ITEM('',(#9233),#8690,#9010);
#190=OVER_RIDING_STYLED_ITEM('',(#9234),#8692,#9010);
#191=OVER_RIDING_STYLED_ITEM('',(#9235),#8693,#9010);
#192=OVER_RIDING_STYLED_ITEM('',(#9236),#8694,#9010);
#193=OVER_RIDING_STYLED_ITEM('',(#9237),#8695,#9010);
#194=OVER_RIDING_STYLED_ITEM('',(#9238),#8697,#9010);
#195=OVER_RIDING_STYLED_ITEM('',(#9239),#8698,#9010);
#196=OVER_RIDING_STYLED_ITEM('',(#9240),#8699,#9010);
#197=OVER_RIDING_STYLED_ITEM('',(#9241),#8700,#9010);
#198=OVER_RIDING_STYLED_ITEM('',(#9242),#8702,#9010);
#199=OVER_RIDING_STYLED_ITEM('',(#9243),#8703,#9010);
#200=OVER_RIDING_STYLED_ITEM('',(#9244),#8704,#9010);
#201=OVER_RIDING_STYLED_ITEM('',(#9245),#8705,#9010);
#202=OVER_RIDING_STYLED_ITEM('',(#9246),#8707,#9010);
#203=OVER_RIDING_STYLED_ITEM('',(#9247),#8708,#9010);
#204=OVER_RIDING_STYLED_ITEM('',(#9248),#8709,#9010);
#205=OVER_RIDING_STYLED_ITEM('',(#9249),#8710,#9010);
#206=OVER_RIDING_STYLED_ITEM('',(#9250),#8712,#9010);
#207=OVER_RIDING_STYLED_ITEM('',(#9251),#8713,#9010);
#208=OVER_RIDING_STYLED_ITEM('',(#9252),#8714,#9010);
#209=OVER_RIDING_STYLED_ITEM('',(#9253),#8715,#9010);
#210=OVER_RIDING_STYLED_ITEM('',(#9254),#8717,#9010);
#211=OVER_RIDING_STYLED_ITEM('',(#9255),#8718,#9010);
#212=OVER_RIDING_STYLED_ITEM('',(#9256),#8719,#9010);
#213=OVER_RIDING_STYLED_ITEM('',(#9257),#8720,#9010);
#214=DRAUGHTING_PRE_DEFINED_COLOUR('white');
#215=SHAPE_REPRESENTATION_RELATIONSHIP('','',#10634,#264);
#216=SHAPE_REPRESENTATION_RELATIONSHIP('','',#10635,#265);
#217=SHAPE_REPRESENTATION_RELATIONSHIP('','',#10636,#266);
#218=SHAPE_REPRESENTATION_RELATIONSHIP('','',#10637,#267);
#219=SHAPE_REPRESENTATION_RELATIONSHIP('','',#10638,#268);
#220=SHAPE_REPRESENTATION_RELATIONSHIP('','',#10639,#269);
#221=SHAPE_REPRESENTATION_RELATIONSHIP('','',#10640,#270);
#222=SHAPE_REPRESENTATION_RELATIONSHIP('','',#10641,#271);
#223=SHAPE_REPRESENTATION_RELATIONSHIP('','',#10642,#272);
#224=SHAPE_REPRESENTATION_RELATIONSHIP('','',#10643,#273);
#225=SHAPE_REPRESENTATION_RELATIONSHIP('','',#10644,#274);
#226=SHAPE_REPRESENTATION_RELATIONSHIP('','',#10645,#275);
#227=SHAPE_REPRESENTATION_RELATIONSHIP('','',#10646,#276);
#228=SHAPE_REPRESENTATION_RELATIONSHIP('','',#10647,#277);
#229=SHAPE_REPRESENTATION_RELATIONSHIP('','',#10648,#278);
#230=SHAPE_REPRESENTATION_RELATIONSHIP('','',#10649,#279);
#231=SHAPE_REPRESENTATION_RELATIONSHIP('','',#10650,#280);
#232=SHAPE_REPRESENTATION_RELATIONSHIP('','',#10651,#281);
#233=SHAPE_REPRESENTATION_RELATIONSHIP('','',#10652,#282);
#234=SHAPE_REPRESENTATION_RELATIONSHIP('','',#10653,#283);
#235=SHAPE_REPRESENTATION_RELATIONSHIP('','',#10654,#284);
#236=SHAPE_REPRESENTATION_RELATIONSHIP('','',#10655,#285);
#237=SHAPE_REPRESENTATION_RELATIONSHIP('','',#10656,#286);
#238=SHAPE_REPRESENTATION_RELATIONSHIP('','',#10657,#287);
#239=SHAPE_REPRESENTATION_RELATIONSHIP('','',#10658,#288);
#240=SHAPE_REPRESENTATION_RELATIONSHIP('','',#10659,#289);
#241=SHAPE_REPRESENTATION_RELATIONSHIP('','',#10660,#290);
#242=SHAPE_REPRESENTATION_RELATIONSHIP('','',#10661,#291);
#243=SHAPE_REPRESENTATION_RELATIONSHIP('','',#10662,#292);
#244=SHAPE_REPRESENTATION_RELATIONSHIP('','',#10663,#293);
#245=SHAPE_REPRESENTATION_RELATIONSHIP('','',#10664,#294);
#246=SHAPE_REPRESENTATION_RELATIONSHIP('','',#10665,#295);
#247=SHAPE_REPRESENTATION_RELATIONSHIP('','',#10666,#296);
#248=SHAPE_REPRESENTATION_RELATIONSHIP('','',#10667,#297);
#249=SHAPE_REPRESENTATION_RELATIONSHIP('','',#10668,#298);
#250=SHAPE_REPRESENTATION_RELATIONSHIP('','',#10669,#299);
#251=SHAPE_REPRESENTATION_RELATIONSHIP('','',#10670,#300);
#252=SHAPE_REPRESENTATION_RELATIONSHIP('','',#10671,#301);
#253=SHAPE_REPRESENTATION_RELATIONSHIP('','',#10672,#302);
#254=SHAPE_REPRESENTATION_RELATIONSHIP('','',#10673,#303);
#255=SHAPE_REPRESENTATION_RELATIONSHIP('','',#10674,#304);
#256=SHAPE_REPRESENTATION_RELATIONSHIP('','',#10675,#305);
#257=SHAPE_REPRESENTATION_RELATIONSHIP('','',#10676,#306);
#258=SHAPE_REPRESENTATION_RELATIONSHIP('','',#10677,#307);
#259=SHAPE_REPRESENTATION_RELATIONSHIP('','',#10678,#308);
#260=SHAPE_REPRESENTATION_RELATIONSHIP('','',#10679,#309);
#261=SHAPE_REPRESENTATION_RELATIONSHIP('','',#10680,#310);
#262=SHAPE_REPRESENTATION_RELATIONSHIP('','',#10681,#311);
#263=SHAPE_REPRESENTATION_RELATIONSHIP('','',#10682,#312);
#264=ADVANCED_BREP_SHAPE_REPRESENTATION('',(#10536),#16072);
#265=ADVANCED_BREP_SHAPE_REPRESENTATION('',(#10537),#16073);
#266=ADVANCED_BREP_SHAPE_REPRESENTATION('',(#10538),#16074);
#267=ADVANCED_BREP_SHAPE_REPRESENTATION('',(#10539),#16075);
#268=ADVANCED_BREP_SHAPE_REPRESENTATION('',(#10540),#16076);
#269=ADVANCED_BREP_SHAPE_REPRESENTATION('',(#10541),#16077);
#270=ADVANCED_BREP_SHAPE_REPRESENTATION('',(#10542),#16078);
#271=ADVANCED_BREP_SHAPE_REPRESENTATION('',(#10543),#16079);
#272=ADVANCED_BREP_SHAPE_REPRESENTATION('',(#10544),#16080);
#273=ADVANCED_BREP_SHAPE_REPRESENTATION('',(#10545),#16081);
#274=ADVANCED_BREP_SHAPE_REPRESENTATION('',(#10546),#16082);
#275=ADVANCED_BREP_SHAPE_REPRESENTATION('',(#10547),#16083);
#276=ADVANCED_BREP_SHAPE_REPRESENTATION('',(#10548),#16084);
#277=ADVANCED_BREP_SHAPE_REPRESENTATION('',(#10549),#16085);
#278=ADVANCED_BREP_SHAPE_REPRESENTATION('',(#10550),#16086);
#279=ADVANCED_BREP_SHAPE_REPRESENTATION('',(#10551),#16087);
#280=ADVANCED_BREP_SHAPE_REPRESENTATION('',(#10552),#16088);
#281=ADVANCED_BREP_SHAPE_REPRESENTATION('',(#10553),#16089);
#282=ADVANCED_BREP_SHAPE_REPRESENTATION('',(#10554),#16090);
#283=ADVANCED_BREP_SHAPE_REPRESENTATION('',(#10555),#16091);
#284=ADVANCED_BREP_SHAPE_REPRESENTATION('',(#10556),#16092);
#285=ADVANCED_BREP_SHAPE_REPRESENTATION('',(#10557),#16093);
#286=ADVANCED_BREP_SHAPE_REPRESENTATION('',(#10558),#16094);
#287=ADVANCED_BREP_SHAPE_REPRESENTATION('',(#10559),#16095);
#288=ADVANCED_BREP_SHAPE_REPRESENTATION('',(#10560),#16096);
#289=ADVANCED_BREP_SHAPE_REPRESENTATION('',(#10561),#16097);
#290=ADVANCED_BREP_SHAPE_REPRESENTATION('',(#10562),#16098);
#291=ADVANCED_BREP_SHAPE_REPRESENTATION('',(#10563),#16099);
#292=ADVANCED_BREP_SHAPE_REPRESENTATION('',(#10564),#16100);
#293=ADVANCED_BREP_SHAPE_REPRESENTATION('',(#10565),#16101);
#294=ADVANCED_BREP_SHAPE_REPRESENTATION('',(#10566),#16102);
#295=ADVANCED_BREP_SHAPE_REPRESENTATION('',(#10567),#16103);
#296=ADVANCED_BREP_SHAPE_REPRESENTATION('',(#10568),#16104);
#297=ADVANCED_BREP_SHAPE_REPRESENTATION('',(#10569),#16105);
#298=ADVANCED_BREP_SHAPE_REPRESENTATION('',(#10570),#16106);
#299=ADVANCED_BREP_SHAPE_REPRESENTATION('',(#10571),#16107);
#300=ADVANCED_BREP_SHAPE_REPRESENTATION('',(#10572),#16108);
#301=ADVANCED_BREP_SHAPE_REPRESENTATION('',(#10573),#16109);
#302=ADVANCED_BREP_SHAPE_REPRESENTATION('',(#10574),#16110);
#303=ADVANCED_BREP_SHAPE_REPRESENTATION('',(#10575),#16111);
#304=ADVANCED_BREP_SHAPE_REPRESENTATION('',(#10576),#16112);
#305=ADVANCED_BREP_SHAPE_REPRESENTATION('',(#10577),#16113);
#306=ADVANCED_BREP_SHAPE_REPRESENTATION('',(#10578),#16114);
#307=ADVANCED_BREP_SHAPE_REPRESENTATION('',(#10579),#16115);
#308=ADVANCED_BREP_SHAPE_REPRESENTATION('',(#10580),#16116);
#309=ADVANCED_BREP_SHAPE_REPRESENTATION('',(#10581),#16117);
#310=ADVANCED_BREP_SHAPE_REPRESENTATION('',(#10582),#16118);
#311=ADVANCED_BREP_SHAPE_REPRESENTATION('',(#10583),#16119);
#312=ADVANCED_BREP_SHAPE_REPRESENTATION('',(#10584),#16120);
#313=ORIENTED_EDGE('',*,*,#2589,.T.);
#314=ORIENTED_EDGE('',*,*,#2590,.F.);
#315=ORIENTED_EDGE('',*,*,#2591,.F.);
#316=ORIENTED_EDGE('',*,*,#2592,.T.);
#317=ORIENTED_EDGE('',*,*,#2593,.T.);
#318=ORIENTED_EDGE('',*,*,#2594,.F.);
#319=ORIENTED_EDGE('',*,*,#2595,.F.);
#320=ORIENTED_EDGE('',*,*,#2590,.T.);
#321=ORIENTED_EDGE('',*,*,#2596,.T.);
#322=ORIENTED_EDGE('',*,*,#2597,.F.);
#323=ORIENTED_EDGE('',*,*,#2598,.F.);
#324=ORIENTED_EDGE('',*,*,#2594,.T.);
#325=ORIENTED_EDGE('',*,*,#2599,.T.);
#326=ORIENTED_EDGE('',*,*,#2592,.F.);
#327=ORIENTED_EDGE('',*,*,#2600,.F.);
#328=ORIENTED_EDGE('',*,*,#2597,.T.);
#329=ORIENTED_EDGE('',*,*,#2591,.T.);
#330=ORIENTED_EDGE('',*,*,#2595,.T.);
#331=ORIENTED_EDGE('',*,*,#2598,.T.);
#332=ORIENTED_EDGE('',*,*,#2600,.T.);
#333=ORIENTED_EDGE('',*,*,#2589,.F.);
#334=ORIENTED_EDGE('',*,*,#2599,.F.);
#335=ORIENTED_EDGE('',*,*,#2596,.F.);
#336=ORIENTED_EDGE('',*,*,#2593,.F.);
#337=ORIENTED_EDGE('',*,*,#2601,.T.);
#338=ORIENTED_EDGE('',*,*,#2602,.F.);
#339=ORIENTED_EDGE('',*,*,#2603,.F.);
#340=ORIENTED_EDGE('',*,*,#2604,.T.);
#341=ORIENTED_EDGE('',*,*,#2605,.T.);
#342=ORIENTED_EDGE('',*,*,#2606,.F.);
#343=ORIENTED_EDGE('',*,*,#2607,.F.);
#344=ORIENTED_EDGE('',*,*,#2602,.T.);
#345=ORIENTED_EDGE('',*,*,#2608,.T.);
#346=ORIENTED_EDGE('',*,*,#2609,.F.);
#347=ORIENTED_EDGE('',*,*,#2610,.F.);
#348=ORIENTED_EDGE('',*,*,#2606,.T.);
#349=ORIENTED_EDGE('',*,*,#2611,.T.);
#350=ORIENTED_EDGE('',*,*,#2604,.F.);
#351=ORIENTED_EDGE('',*,*,#2612,.F.);
#352=ORIENTED_EDGE('',*,*,#2609,.T.);
#353=ORIENTED_EDGE('',*,*,#2603,.T.);
#354=ORIENTED_EDGE('',*,*,#2607,.T.);
#355=ORIENTED_EDGE('',*,*,#2610,.T.);
#356=ORIENTED_EDGE('',*,*,#2612,.T.);
#357=ORIENTED_EDGE('',*,*,#2601,.F.);
#358=ORIENTED_EDGE('',*,*,#2611,.F.);
#359=ORIENTED_EDGE('',*,*,#2608,.F.);
#360=ORIENTED_EDGE('',*,*,#2605,.F.);
#361=ORIENTED_EDGE('',*,*,#2613,.T.);
#362=ORIENTED_EDGE('',*,*,#2614,.F.);
#363=ORIENTED_EDGE('',*,*,#2615,.F.);
#364=ORIENTED_EDGE('',*,*,#2616,.T.);
#365=ORIENTED_EDGE('',*,*,#2617,.T.);
#366=ORIENTED_EDGE('',*,*,#2618,.F.);
#367=ORIENTED_EDGE('',*,*,#2619,.F.);
#368=ORIENTED_EDGE('',*,*,#2614,.T.);
#369=ORIENTED_EDGE('',*,*,#2620,.T.);
#370=ORIENTED_EDGE('',*,*,#2621,.F.);
#371=ORIENTED_EDGE('',*,*,#2622,.F.);
#372=ORIENTED_EDGE('',*,*,#2618,.T.);
#373=ORIENTED_EDGE('',*,*,#2623,.T.);
#374=ORIENTED_EDGE('',*,*,#2616,.F.);
#375=ORIENTED_EDGE('',*,*,#2624,.F.);
#376=ORIENTED_EDGE('',*,*,#2621,.T.);
#377=ORIENTED_EDGE('',*,*,#2615,.T.);
#378=ORIENTED_EDGE('',*,*,#2619,.T.);
#379=ORIENTED_EDGE('',*,*,#2622,.T.);
#380=ORIENTED_EDGE('',*,*,#2624,.T.);
#381=ORIENTED_EDGE('',*,*,#2613,.F.);
#382=ORIENTED_EDGE('',*,*,#2623,.F.);
#383=ORIENTED_EDGE('',*,*,#2620,.F.);
#384=ORIENTED_EDGE('',*,*,#2617,.F.);
#385=ORIENTED_EDGE('',*,*,#2625,.T.);
#386=ORIENTED_EDGE('',*,*,#2626,.F.);
#387=ORIENTED_EDGE('',*,*,#2627,.F.);
#388=ORIENTED_EDGE('',*,*,#2628,.T.);
#389=ORIENTED_EDGE('',*,*,#2629,.T.);
#390=ORIENTED_EDGE('',*,*,#2630,.F.);
#391=ORIENTED_EDGE('',*,*,#2631,.F.);
#392=ORIENTED_EDGE('',*,*,#2626,.T.);
#393=ORIENTED_EDGE('',*,*,#2632,.T.);
#394=ORIENTED_EDGE('',*,*,#2633,.F.);
#395=ORIENTED_EDGE('',*,*,#2634,.F.);
#396=ORIENTED_EDGE('',*,*,#2630,.T.);
#397=ORIENTED_EDGE('',*,*,#2635,.T.);
#398=ORIENTED_EDGE('',*,*,#2628,.F.);
#399=ORIENTED_EDGE('',*,*,#2636,.F.);
#400=ORIENTED_EDGE('',*,*,#2633,.T.);
#401=ORIENTED_EDGE('',*,*,#2627,.T.);
#402=ORIENTED_EDGE('',*,*,#2631,.T.);
#403=ORIENTED_EDGE('',*,*,#2634,.T.);
#404=ORIENTED_EDGE('',*,*,#2636,.T.);
#405=ORIENTED_EDGE('',*,*,#2625,.F.);
#406=ORIENTED_EDGE('',*,*,#2635,.F.);
#407=ORIENTED_EDGE('',*,*,#2632,.F.);
#408=ORIENTED_EDGE('',*,*,#2629,.F.);
#409=ORIENTED_EDGE('',*,*,#2637,.T.);
#410=ORIENTED_EDGE('',*,*,#2638,.F.);
#411=ORIENTED_EDGE('',*,*,#2639,.F.);
#412=ORIENTED_EDGE('',*,*,#2640,.T.);
#413=ORIENTED_EDGE('',*,*,#2641,.T.);
#414=ORIENTED_EDGE('',*,*,#2642,.F.);
#415=ORIENTED_EDGE('',*,*,#2643,.F.);
#416=ORIENTED_EDGE('',*,*,#2642,.T.);
#417=ORIENTED_EDGE('',*,*,#2644,.T.);
#418=ORIENTED_EDGE('',*,*,#2645,.F.);
#419=ORIENTED_EDGE('',*,*,#2646,.F.);
#420=ORIENTED_EDGE('',*,*,#2645,.T.);
#421=ORIENTED_EDGE('',*,*,#2647,.T.);
#422=ORIENTED_EDGE('',*,*,#2648,.F.);
#423=ORIENTED_EDGE('',*,*,#2649,.F.);
#424=ORIENTED_EDGE('',*,*,#2648,.T.);
#425=ORIENTED_EDGE('',*,*,#2650,.T.);
#426=ORIENTED_EDGE('',*,*,#2640,.F.);
#427=ORIENTED_EDGE('',*,*,#2641,.F.);
#428=ORIENTED_EDGE('',*,*,#2650,.F.);
#429=ORIENTED_EDGE('',*,*,#2647,.F.);
#430=ORIENTED_EDGE('',*,*,#2644,.F.);
#431=ORIENTED_EDGE('',*,*,#2637,.F.);
#432=ORIENTED_EDGE('',*,*,#2649,.T.);
#433=ORIENTED_EDGE('',*,*,#2639,.T.);
#434=ORIENTED_EDGE('',*,*,#2643,.T.);
#435=ORIENTED_EDGE('',*,*,#2646,.T.);
#436=ORIENTED_EDGE('',*,*,#2638,.T.);
#437=ORIENTED_EDGE('',*,*,#2651,.T.);
#438=ORIENTED_EDGE('',*,*,#2652,.F.);
#439=ORIENTED_EDGE('',*,*,#2653,.F.);
#440=ORIENTED_EDGE('',*,*,#2654,.T.);
#441=ORIENTED_EDGE('',*,*,#2655,.T.);
#442=ORIENTED_EDGE('',*,*,#2656,.F.);
#443=ORIENTED_EDGE('',*,*,#2657,.F.);
#444=ORIENTED_EDGE('',*,*,#2652,.T.);
#445=ORIENTED_EDGE('',*,*,#2658,.T.);
#446=ORIENTED_EDGE('',*,*,#2659,.F.);
#447=ORIENTED_EDGE('',*,*,#2660,.F.);
#448=ORIENTED_EDGE('',*,*,#2656,.T.);
#449=ORIENTED_EDGE('',*,*,#2661,.T.);
#450=ORIENTED_EDGE('',*,*,#2654,.F.);
#451=ORIENTED_EDGE('',*,*,#2662,.F.);
#452=ORIENTED_EDGE('',*,*,#2659,.T.);
#453=ORIENTED_EDGE('',*,*,#2653,.T.);
#454=ORIENTED_EDGE('',*,*,#2657,.T.);
#455=ORIENTED_EDGE('',*,*,#2660,.T.);
#456=ORIENTED_EDGE('',*,*,#2662,.T.);
#457=ORIENTED_EDGE('',*,*,#2651,.F.);
#458=ORIENTED_EDGE('',*,*,#2661,.F.);
#459=ORIENTED_EDGE('',*,*,#2658,.F.);
#460=ORIENTED_EDGE('',*,*,#2655,.F.);
#461=ORIENTED_EDGE('',*,*,#2663,.T.);
#462=ORIENTED_EDGE('',*,*,#2664,.F.);
#463=ORIENTED_EDGE('',*,*,#2665,.F.);
#464=ORIENTED_EDGE('',*,*,#2666,.T.);
#465=ORIENTED_EDGE('',*,*,#2667,.T.);
#466=ORIENTED_EDGE('',*,*,#2668,.F.);
#467=ORIENTED_EDGE('',*,*,#2669,.F.);
#468=ORIENTED_EDGE('',*,*,#2664,.T.);
#469=ORIENTED_EDGE('',*,*,#2670,.T.);
#470=ORIENTED_EDGE('',*,*,#2671,.F.);
#471=ORIENTED_EDGE('',*,*,#2672,.F.);
#472=ORIENTED_EDGE('',*,*,#2668,.T.);
#473=ORIENTED_EDGE('',*,*,#2673,.T.);
#474=ORIENTED_EDGE('',*,*,#2666,.F.);
#475=ORIENTED_EDGE('',*,*,#2674,.F.);
#476=ORIENTED_EDGE('',*,*,#2671,.T.);
#477=ORIENTED_EDGE('',*,*,#2665,.T.);
#478=ORIENTED_EDGE('',*,*,#2669,.T.);
#479=ORIENTED_EDGE('',*,*,#2672,.T.);
#480=ORIENTED_EDGE('',*,*,#2674,.T.);
#481=ORIENTED_EDGE('',*,*,#2663,.F.);
#482=ORIENTED_EDGE('',*,*,#2673,.F.);
#483=ORIENTED_EDGE('',*,*,#2670,.F.);
#484=ORIENTED_EDGE('',*,*,#2667,.F.);
#485=ORIENTED_EDGE('',*,*,#2675,.F.);
#486=ORIENTED_EDGE('',*,*,#2676,.T.);
#487=ORIENTED_EDGE('',*,*,#2676,.F.);
#488=ORIENTED_EDGE('',*,*,#2675,.T.);
#489=ORIENTED_EDGE('',*,*,#2677,.T.);
#490=ORIENTED_EDGE('',*,*,#2678,.F.);
#491=ORIENTED_EDGE('',*,*,#2679,.F.);
#492=ORIENTED_EDGE('',*,*,#2680,.T.);
#493=ORIENTED_EDGE('',*,*,#2681,.T.);
#494=ORIENTED_EDGE('',*,*,#2682,.F.);
#495=ORIENTED_EDGE('',*,*,#2683,.F.);
#496=ORIENTED_EDGE('',*,*,#2678,.T.);
#497=ORIENTED_EDGE('',*,*,#2684,.T.);
#498=ORIENTED_EDGE('',*,*,#2685,.F.);
#499=ORIENTED_EDGE('',*,*,#2686,.F.);
#500=ORIENTED_EDGE('',*,*,#2682,.T.);
#501=ORIENTED_EDGE('',*,*,#2687,.T.);
#502=ORIENTED_EDGE('',*,*,#2680,.F.);
#503=ORIENTED_EDGE('',*,*,#2688,.F.);
#504=ORIENTED_EDGE('',*,*,#2685,.T.);
#505=ORIENTED_EDGE('',*,*,#2679,.T.);
#506=ORIENTED_EDGE('',*,*,#2683,.T.);
#507=ORIENTED_EDGE('',*,*,#2686,.T.);
#508=ORIENTED_EDGE('',*,*,#2688,.T.);
#509=ORIENTED_EDGE('',*,*,#2677,.F.);
#510=ORIENTED_EDGE('',*,*,#2687,.F.);
#511=ORIENTED_EDGE('',*,*,#2684,.F.);
#512=ORIENTED_EDGE('',*,*,#2681,.F.);
#513=ORIENTED_EDGE('',*,*,#2689,.T.);
#514=ORIENTED_EDGE('',*,*,#2690,.F.);
#515=ORIENTED_EDGE('',*,*,#2691,.F.);
#516=ORIENTED_EDGE('',*,*,#2692,.T.);
#517=ORIENTED_EDGE('',*,*,#2693,.T.);
#518=ORIENTED_EDGE('',*,*,#2694,.F.);
#519=ORIENTED_EDGE('',*,*,#2695,.F.);
#520=ORIENTED_EDGE('',*,*,#2690,.T.);
#521=ORIENTED_EDGE('',*,*,#2696,.T.);
#522=ORIENTED_EDGE('',*,*,#2697,.F.);
#523=ORIENTED_EDGE('',*,*,#2698,.F.);
#524=ORIENTED_EDGE('',*,*,#2694,.T.);
#525=ORIENTED_EDGE('',*,*,#2699,.T.);
#526=ORIENTED_EDGE('',*,*,#2692,.F.);
#527=ORIENTED_EDGE('',*,*,#2700,.F.);
#528=ORIENTED_EDGE('',*,*,#2697,.T.);
#529=ORIENTED_EDGE('',*,*,#2691,.T.);
#530=ORIENTED_EDGE('',*,*,#2695,.T.);
#531=ORIENTED_EDGE('',*,*,#2698,.T.);
#532=ORIENTED_EDGE('',*,*,#2700,.T.);
#533=ORIENTED_EDGE('',*,*,#2689,.F.);
#534=ORIENTED_EDGE('',*,*,#2699,.F.);
#535=ORIENTED_EDGE('',*,*,#2696,.F.);
#536=ORIENTED_EDGE('',*,*,#2693,.F.);
#537=ORIENTED_EDGE('',*,*,#2701,.F.);
#538=ORIENTED_EDGE('',*,*,#2702,.F.);
#539=ORIENTED_EDGE('',*,*,#2703,.F.);
#540=ORIENTED_EDGE('',*,*,#2704,.F.);
#541=ORIENTED_EDGE('',*,*,#2705,.T.);
#542=ORIENTED_EDGE('',*,*,#2706,.T.);
#543=ORIENTED_EDGE('',*,*,#2707,.T.);
#544=ORIENTED_EDGE('',*,*,#2708,.T.);
#545=ORIENTED_EDGE('',*,*,#2709,.T.);
#546=ORIENTED_EDGE('',*,*,#2710,.T.);
#547=ORIENTED_EDGE('',*,*,#2711,.T.);
#548=ORIENTED_EDGE('',*,*,#2712,.T.);
#549=ORIENTED_EDGE('',*,*,#2713,.T.);
#550=ORIENTED_EDGE('',*,*,#2714,.T.);
#551=ORIENTED_EDGE('',*,*,#2715,.T.);
#552=ORIENTED_EDGE('',*,*,#2716,.T.);
#553=ORIENTED_EDGE('',*,*,#2717,.T.);
#554=ORIENTED_EDGE('',*,*,#2718,.T.);
#555=ORIENTED_EDGE('',*,*,#2719,.T.);
#556=ORIENTED_EDGE('',*,*,#2720,.T.);
#557=ORIENTED_EDGE('',*,*,#2721,.T.);
#558=ORIENTED_EDGE('',*,*,#2722,.T.);
#559=ORIENTED_EDGE('',*,*,#2723,.T.);
#560=ORIENTED_EDGE('',*,*,#2724,.T.);
#561=ORIENTED_EDGE('',*,*,#2725,.T.);
#562=ORIENTED_EDGE('',*,*,#2726,.T.);
#563=ORIENTED_EDGE('',*,*,#2727,.T.);
#564=ORIENTED_EDGE('',*,*,#2728,.T.);
#565=ORIENTED_EDGE('',*,*,#2729,.T.);
#566=ORIENTED_EDGE('',*,*,#2730,.T.);
#567=ORIENTED_EDGE('',*,*,#2731,.T.);
#568=ORIENTED_EDGE('',*,*,#2732,.T.);
#569=ORIENTED_EDGE('',*,*,#2733,.T.);
#570=ORIENTED_EDGE('',*,*,#2734,.T.);
#571=ORIENTED_EDGE('',*,*,#2735,.T.);
#572=ORIENTED_EDGE('',*,*,#2736,.T.);
#573=ORIENTED_EDGE('',*,*,#2737,.T.);
#574=ORIENTED_EDGE('',*,*,#2738,.T.);
#575=ORIENTED_EDGE('',*,*,#2739,.T.);
#576=ORIENTED_EDGE('',*,*,#2740,.T.);
#577=ORIENTED_EDGE('',*,*,#2741,.T.);
#578=ORIENTED_EDGE('',*,*,#2742,.T.);
#579=ORIENTED_EDGE('',*,*,#2743,.T.);
#580=ORIENTED_EDGE('',*,*,#2744,.T.);
#581=ORIENTED_EDGE('',*,*,#2745,.T.);
#582=ORIENTED_EDGE('',*,*,#2746,.T.);
#583=ORIENTED_EDGE('',*,*,#2747,.T.);
#584=ORIENTED_EDGE('',*,*,#2748,.T.);
#585=ORIENTED_EDGE('',*,*,#2749,.T.);
#586=ORIENTED_EDGE('',*,*,#2750,.T.);
#587=ORIENTED_EDGE('',*,*,#2751,.T.);
#588=ORIENTED_EDGE('',*,*,#2752,.T.);
#589=ORIENTED_EDGE('',*,*,#2753,.T.);
#590=ORIENTED_EDGE('',*,*,#2754,.T.);
#591=ORIENTED_EDGE('',*,*,#2755,.T.);
#592=ORIENTED_EDGE('',*,*,#2756,.T.);
#593=ORIENTED_EDGE('',*,*,#2757,.T.);
#594=ORIENTED_EDGE('',*,*,#2758,.T.);
#595=ORIENTED_EDGE('',*,*,#2759,.T.);
#596=ORIENTED_EDGE('',*,*,#2760,.T.);
#597=ORIENTED_EDGE('',*,*,#2761,.T.);
#598=ORIENTED_EDGE('',*,*,#2762,.T.);
#599=ORIENTED_EDGE('',*,*,#2763,.T.);
#600=ORIENTED_EDGE('',*,*,#2764,.T.);
#601=ORIENTED_EDGE('',*,*,#2765,.T.);
#602=ORIENTED_EDGE('',*,*,#2766,.T.);
#603=ORIENTED_EDGE('',*,*,#2767,.T.);
#604=ORIENTED_EDGE('',*,*,#2768,.T.);
#605=ORIENTED_EDGE('',*,*,#2769,.T.);
#606=ORIENTED_EDGE('',*,*,#2770,.T.);
#607=ORIENTED_EDGE('',*,*,#2771,.T.);
#608=ORIENTED_EDGE('',*,*,#2772,.T.);
#609=ORIENTED_EDGE('',*,*,#2773,.T.);
#610=ORIENTED_EDGE('',*,*,#2774,.T.);
#611=ORIENTED_EDGE('',*,*,#2775,.T.);
#612=ORIENTED_EDGE('',*,*,#2776,.T.);
#613=ORIENTED_EDGE('',*,*,#2777,.T.);
#614=ORIENTED_EDGE('',*,*,#2778,.T.);
#615=ORIENTED_EDGE('',*,*,#2779,.T.);
#616=ORIENTED_EDGE('',*,*,#2780,.T.);
#617=ORIENTED_EDGE('',*,*,#2781,.T.);
#618=ORIENTED_EDGE('',*,*,#2782,.T.);
#619=ORIENTED_EDGE('',*,*,#2783,.T.);
#620=ORIENTED_EDGE('',*,*,#2784,.T.);
#621=ORIENTED_EDGE('',*,*,#2785,.T.);
#622=ORIENTED_EDGE('',*,*,#2786,.T.);
#623=ORIENTED_EDGE('',*,*,#2787,.T.);
#624=ORIENTED_EDGE('',*,*,#2788,.T.);
#625=ORIENTED_EDGE('',*,*,#2789,.T.);
#626=ORIENTED_EDGE('',*,*,#2790,.T.);
#627=ORIENTED_EDGE('',*,*,#2791,.T.);
#628=ORIENTED_EDGE('',*,*,#2792,.T.);
#629=ORIENTED_EDGE('',*,*,#2793,.T.);
#630=ORIENTED_EDGE('',*,*,#2794,.T.);
#631=ORIENTED_EDGE('',*,*,#2795,.T.);
#632=ORIENTED_EDGE('',*,*,#2796,.T.);
#633=ORIENTED_EDGE('',*,*,#2797,.T.);
#634=ORIENTED_EDGE('',*,*,#2798,.T.);
#635=ORIENTED_EDGE('',*,*,#2799,.T.);
#636=ORIENTED_EDGE('',*,*,#2800,.T.);
#637=ORIENTED_EDGE('',*,*,#2801,.T.);
#638=ORIENTED_EDGE('',*,*,#2802,.T.);
#639=ORIENTED_EDGE('',*,*,#2803,.T.);
#640=ORIENTED_EDGE('',*,*,#2804,.T.);
#641=ORIENTED_EDGE('',*,*,#2805,.T.);
#642=ORIENTED_EDGE('',*,*,#2806,.T.);
#643=ORIENTED_EDGE('',*,*,#2807,.T.);
#644=ORIENTED_EDGE('',*,*,#2808,.T.);
#645=ORIENTED_EDGE('',*,*,#2809,.T.);
#646=ORIENTED_EDGE('',*,*,#2810,.T.);
#647=ORIENTED_EDGE('',*,*,#2811,.T.);
#648=ORIENTED_EDGE('',*,*,#2812,.T.);
#649=ORIENTED_EDGE('',*,*,#2813,.T.);
#650=ORIENTED_EDGE('',*,*,#2814,.T.);
#651=ORIENTED_EDGE('',*,*,#2815,.T.);
#652=ORIENTED_EDGE('',*,*,#2816,.T.);
#653=ORIENTED_EDGE('',*,*,#2817,.T.);
#654=ORIENTED_EDGE('',*,*,#2818,.T.);
#655=ORIENTED_EDGE('',*,*,#2819,.T.);
#656=ORIENTED_EDGE('',*,*,#2820,.T.);
#657=ORIENTED_EDGE('',*,*,#2821,.T.);
#658=ORIENTED_EDGE('',*,*,#2822,.T.);
#659=ORIENTED_EDGE('',*,*,#2823,.T.);
#660=ORIENTED_EDGE('',*,*,#2824,.T.);
#661=ORIENTED_EDGE('',*,*,#2825,.T.);
#662=ORIENTED_EDGE('',*,*,#2826,.T.);
#663=ORIENTED_EDGE('',*,*,#2827,.T.);
#664=ORIENTED_EDGE('',*,*,#2828,.T.);
#665=ORIENTED_EDGE('',*,*,#2829,.T.);
#666=ORIENTED_EDGE('',*,*,#2830,.T.);
#667=ORIENTED_EDGE('',*,*,#2831,.T.);
#668=ORIENTED_EDGE('',*,*,#2832,.T.);
#669=ORIENTED_EDGE('',*,*,#2833,.T.);
#670=ORIENTED_EDGE('',*,*,#2834,.T.);
#671=ORIENTED_EDGE('',*,*,#2835,.T.);
#672=ORIENTED_EDGE('',*,*,#2836,.T.);
#673=ORIENTED_EDGE('',*,*,#2837,.T.);
#674=ORIENTED_EDGE('',*,*,#2838,.T.);
#675=ORIENTED_EDGE('',*,*,#2839,.T.);
#676=ORIENTED_EDGE('',*,*,#2840,.T.);
#677=ORIENTED_EDGE('',*,*,#2841,.T.);
#678=ORIENTED_EDGE('',*,*,#2842,.T.);
#679=ORIENTED_EDGE('',*,*,#2843,.T.);
#680=ORIENTED_EDGE('',*,*,#2844,.T.);
#681=ORIENTED_EDGE('',*,*,#2845,.T.);
#682=ORIENTED_EDGE('',*,*,#2846,.T.);
#683=ORIENTED_EDGE('',*,*,#2847,.T.);
#684=ORIENTED_EDGE('',*,*,#2848,.T.);
#685=ORIENTED_EDGE('',*,*,#2849,.T.);
#686=ORIENTED_EDGE('',*,*,#2850,.T.);
#687=ORIENTED_EDGE('',*,*,#2851,.T.);
#688=ORIENTED_EDGE('',*,*,#2852,.T.);
#689=ORIENTED_EDGE('',*,*,#2853,.T.);
#690=ORIENTED_EDGE('',*,*,#2854,.T.);
#691=ORIENTED_EDGE('',*,*,#2855,.T.);
#692=ORIENTED_EDGE('',*,*,#2856,.T.);
#693=ORIENTED_EDGE('',*,*,#2857,.T.);
#694=ORIENTED_EDGE('',*,*,#2858,.T.);
#695=ORIENTED_EDGE('',*,*,#2859,.T.);
#696=ORIENTED_EDGE('',*,*,#2860,.T.);
#697=ORIENTED_EDGE('',*,*,#2861,.T.);
#698=ORIENTED_EDGE('',*,*,#2862,.T.);
#699=ORIENTED_EDGE('',*,*,#2863,.T.);
#700=ORIENTED_EDGE('',*,*,#2864,.T.);
#701=ORIENTED_EDGE('',*,*,#2865,.T.);
#702=ORIENTED_EDGE('',*,*,#2866,.T.);
#703=ORIENTED_EDGE('',*,*,#2867,.T.);
#704=ORIENTED_EDGE('',*,*,#2868,.T.);
#705=ORIENTED_EDGE('',*,*,#2869,.T.);
#706=ORIENTED_EDGE('',*,*,#2870,.T.);
#707=ORIENTED_EDGE('',*,*,#2871,.T.);
#708=ORIENTED_EDGE('',*,*,#2872,.T.);
#709=ORIENTED_EDGE('',*,*,#2873,.T.);
#710=ORIENTED_EDGE('',*,*,#2874,.T.);
#711=ORIENTED_EDGE('',*,*,#2875,.T.);
#712=ORIENTED_EDGE('',*,*,#2876,.T.);
#713=ORIENTED_EDGE('',*,*,#2877,.T.);
#714=ORIENTED_EDGE('',*,*,#2878,.T.);
#715=ORIENTED_EDGE('',*,*,#2879,.T.);
#716=ORIENTED_EDGE('',*,*,#2880,.T.);
#717=ORIENTED_EDGE('',*,*,#2881,.T.);
#718=ORIENTED_EDGE('',*,*,#2882,.T.);
#719=ORIENTED_EDGE('',*,*,#2883,.T.);
#720=ORIENTED_EDGE('',*,*,#2884,.T.);
#721=ORIENTED_EDGE('',*,*,#2885,.T.);
#722=ORIENTED_EDGE('',*,*,#2886,.T.);
#723=ORIENTED_EDGE('',*,*,#2887,.T.);
#724=ORIENTED_EDGE('',*,*,#2888,.T.);
#725=ORIENTED_EDGE('',*,*,#2889,.T.);
#726=ORIENTED_EDGE('',*,*,#2701,.T.);
#727=ORIENTED_EDGE('',*,*,#2890,.F.);
#728=ORIENTED_EDGE('',*,*,#2891,.F.);
#729=ORIENTED_EDGE('',*,*,#2892,.T.);
#730=ORIENTED_EDGE('',*,*,#2704,.T.);
#731=ORIENTED_EDGE('',*,*,#2893,.F.);
#732=ORIENTED_EDGE('',*,*,#2894,.F.);
#733=ORIENTED_EDGE('',*,*,#2890,.T.);
#734=ORIENTED_EDGE('',*,*,#2703,.T.);
#735=ORIENTED_EDGE('',*,*,#2895,.F.);
#736=ORIENTED_EDGE('',*,*,#2896,.F.);
#737=ORIENTED_EDGE('',*,*,#2893,.T.);
#738=ORIENTED_EDGE('',*,*,#2702,.T.);
#739=ORIENTED_EDGE('',*,*,#2892,.F.);
#740=ORIENTED_EDGE('',*,*,#2897,.F.);
#741=ORIENTED_EDGE('',*,*,#2895,.T.);
#742=ORIENTED_EDGE('',*,*,#2891,.T.);
#743=ORIENTED_EDGE('',*,*,#2894,.T.);
#744=ORIENTED_EDGE('',*,*,#2896,.T.);
#745=ORIENTED_EDGE('',*,*,#2897,.T.);
#746=ORIENTED_EDGE('',*,*,#2706,.F.);
#747=ORIENTED_EDGE('',*,*,#2898,.F.);
#748=ORIENTED_EDGE('',*,*,#2899,.T.);
#749=ORIENTED_EDGE('',*,*,#2900,.T.);
#750=ORIENTED_EDGE('',*,*,#2707,.F.);
#751=ORIENTED_EDGE('',*,*,#2900,.F.);
#752=ORIENTED_EDGE('',*,*,#2901,.T.);
#753=ORIENTED_EDGE('',*,*,#2902,.T.);
#754=ORIENTED_EDGE('',*,*,#2708,.F.);
#755=ORIENTED_EDGE('',*,*,#2902,.F.);
#756=ORIENTED_EDGE('',*,*,#2903,.T.);
#757=ORIENTED_EDGE('',*,*,#2904,.T.);
#758=ORIENTED_EDGE('',*,*,#2705,.F.);
#759=ORIENTED_EDGE('',*,*,#2904,.F.);
#760=ORIENTED_EDGE('',*,*,#2905,.T.);
#761=ORIENTED_EDGE('',*,*,#2898,.T.);
#762=ORIENTED_EDGE('',*,*,#2899,.F.);
#763=ORIENTED_EDGE('',*,*,#2905,.F.);
#764=ORIENTED_EDGE('',*,*,#2903,.F.);
#765=ORIENTED_EDGE('',*,*,#2901,.F.);
#766=ORIENTED_EDGE('',*,*,#2710,.F.);
#767=ORIENTED_EDGE('',*,*,#2906,.F.);
#768=ORIENTED_EDGE('',*,*,#2907,.T.);
#769=ORIENTED_EDGE('',*,*,#2908,.T.);
#770=ORIENTED_EDGE('',*,*,#2711,.F.);
#771=ORIENTED_EDGE('',*,*,#2908,.F.);
#772=ORIENTED_EDGE('',*,*,#2909,.T.);
#773=ORIENTED_EDGE('',*,*,#2910,.T.);
#774=ORIENTED_EDGE('',*,*,#2712,.F.);
#775=ORIENTED_EDGE('',*,*,#2910,.F.);
#776=ORIENTED_EDGE('',*,*,#2911,.T.);
#777=ORIENTED_EDGE('',*,*,#2912,.T.);
#778=ORIENTED_EDGE('',*,*,#2709,.F.);
#779=ORIENTED_EDGE('',*,*,#2912,.F.);
#780=ORIENTED_EDGE('',*,*,#2913,.T.);
#781=ORIENTED_EDGE('',*,*,#2906,.T.);
#782=ORIENTED_EDGE('',*,*,#2907,.F.);
#783=ORIENTED_EDGE('',*,*,#2913,.F.);
#784=ORIENTED_EDGE('',*,*,#2911,.F.);
#785=ORIENTED_EDGE('',*,*,#2909,.F.);
#786=ORIENTED_EDGE('',*,*,#2714,.F.);
#787=ORIENTED_EDGE('',*,*,#2914,.F.);
#788=ORIENTED_EDGE('',*,*,#2915,.T.);
#789=ORIENTED_EDGE('',*,*,#2916,.T.);
#790=ORIENTED_EDGE('',*,*,#2715,.F.);
#791=ORIENTED_EDGE('',*,*,#2916,.F.);
#792=ORIENTED_EDGE('',*,*,#2917,.T.);
#793=ORIENTED_EDGE('',*,*,#2918,.T.);
#794=ORIENTED_EDGE('',*,*,#2716,.F.);
#795=ORIENTED_EDGE('',*,*,#2918,.F.);
#796=ORIENTED_EDGE('',*,*,#2919,.T.);
#797=ORIENTED_EDGE('',*,*,#2920,.T.);
#798=ORIENTED_EDGE('',*,*,#2713,.F.);
#799=ORIENTED_EDGE('',*,*,#2920,.F.);
#800=ORIENTED_EDGE('',*,*,#2921,.T.);
#801=ORIENTED_EDGE('',*,*,#2914,.T.);
#802=ORIENTED_EDGE('',*,*,#2915,.F.);
#803=ORIENTED_EDGE('',*,*,#2921,.F.);
#804=ORIENTED_EDGE('',*,*,#2919,.F.);
#805=ORIENTED_EDGE('',*,*,#2917,.F.);
#806=ORIENTED_EDGE('',*,*,#2718,.F.);
#807=ORIENTED_EDGE('',*,*,#2922,.F.);
#808=ORIENTED_EDGE('',*,*,#2923,.T.);
#809=ORIENTED_EDGE('',*,*,#2924,.T.);
#810=ORIENTED_EDGE('',*,*,#2719,.F.);
#811=ORIENTED_EDGE('',*,*,#2924,.F.);
#812=ORIENTED_EDGE('',*,*,#2925,.T.);
#813=ORIENTED_EDGE('',*,*,#2926,.T.);
#814=ORIENTED_EDGE('',*,*,#2720,.F.);
#815=ORIENTED_EDGE('',*,*,#2926,.F.);
#816=ORIENTED_EDGE('',*,*,#2927,.T.);
#817=ORIENTED_EDGE('',*,*,#2928,.T.);
#818=ORIENTED_EDGE('',*,*,#2717,.F.);
#819=ORIENTED_EDGE('',*,*,#2928,.F.);
#820=ORIENTED_EDGE('',*,*,#2929,.T.);
#821=ORIENTED_EDGE('',*,*,#2922,.T.);
#822=ORIENTED_EDGE('',*,*,#2923,.F.);
#823=ORIENTED_EDGE('',*,*,#2929,.F.);
#824=ORIENTED_EDGE('',*,*,#2927,.F.);
#825=ORIENTED_EDGE('',*,*,#2925,.F.);
#826=ORIENTED_EDGE('',*,*,#2722,.F.);
#827=ORIENTED_EDGE('',*,*,#2930,.F.);
#828=ORIENTED_EDGE('',*,*,#2931,.T.);
#829=ORIENTED_EDGE('',*,*,#2932,.T.);
#830=ORIENTED_EDGE('',*,*,#2723,.F.);
#831=ORIENTED_EDGE('',*,*,#2932,.F.);
#832=ORIENTED_EDGE('',*,*,#2933,.T.);
#833=ORIENTED_EDGE('',*,*,#2934,.T.);
#834=ORIENTED_EDGE('',*,*,#2724,.F.);
#835=ORIENTED_EDGE('',*,*,#2934,.F.);
#836=ORIENTED_EDGE('',*,*,#2935,.T.);
#837=ORIENTED_EDGE('',*,*,#2936,.T.);
#838=ORIENTED_EDGE('',*,*,#2721,.F.);
#839=ORIENTED_EDGE('',*,*,#2936,.F.);
#840=ORIENTED_EDGE('',*,*,#2937,.T.);
#841=ORIENTED_EDGE('',*,*,#2930,.T.);
#842=ORIENTED_EDGE('',*,*,#2931,.F.);
#843=ORIENTED_EDGE('',*,*,#2937,.F.);
#844=ORIENTED_EDGE('',*,*,#2935,.F.);
#845=ORIENTED_EDGE('',*,*,#2933,.F.);
#846=ORIENTED_EDGE('',*,*,#2726,.F.);
#847=ORIENTED_EDGE('',*,*,#2938,.F.);
#848=ORIENTED_EDGE('',*,*,#2939,.T.);
#849=ORIENTED_EDGE('',*,*,#2940,.T.);
#850=ORIENTED_EDGE('',*,*,#2727,.F.);
#851=ORIENTED_EDGE('',*,*,#2940,.F.);
#852=ORIENTED_EDGE('',*,*,#2941,.T.);
#853=ORIENTED_EDGE('',*,*,#2942,.T.);
#854=ORIENTED_EDGE('',*,*,#2728,.F.);
#855=ORIENTED_EDGE('',*,*,#2942,.F.);
#856=ORIENTED_EDGE('',*,*,#2943,.T.);
#857=ORIENTED_EDGE('',*,*,#2944,.T.);
#858=ORIENTED_EDGE('',*,*,#2725,.F.);
#859=ORIENTED_EDGE('',*,*,#2944,.F.);
#860=ORIENTED_EDGE('',*,*,#2945,.T.);
#861=ORIENTED_EDGE('',*,*,#2938,.T.);
#862=ORIENTED_EDGE('',*,*,#2939,.F.);
#863=ORIENTED_EDGE('',*,*,#2945,.F.);
#864=ORIENTED_EDGE('',*,*,#2943,.F.);
#865=ORIENTED_EDGE('',*,*,#2941,.F.);
#866=ORIENTED_EDGE('',*,*,#2730,.F.);
#867=ORIENTED_EDGE('',*,*,#2946,.F.);
#868=ORIENTED_EDGE('',*,*,#2947,.T.);
#869=ORIENTED_EDGE('',*,*,#2948,.T.);
#870=ORIENTED_EDGE('',*,*,#2731,.F.);
#871=ORIENTED_EDGE('',*,*,#2948,.F.);
#872=ORIENTED_EDGE('',*,*,#2949,.T.);
#873=ORIENTED_EDGE('',*,*,#2950,.T.);
#874=ORIENTED_EDGE('',*,*,#2732,.F.);
#875=ORIENTED_EDGE('',*,*,#2950,.F.);
#876=ORIENTED_EDGE('',*,*,#2951,.T.);
#877=ORIENTED_EDGE('',*,*,#2952,.T.);
#878=ORIENTED_EDGE('',*,*,#2729,.F.);
#879=ORIENTED_EDGE('',*,*,#2952,.F.);
#880=ORIENTED_EDGE('',*,*,#2953,.T.);
#881=ORIENTED_EDGE('',*,*,#2946,.T.);
#882=ORIENTED_EDGE('',*,*,#2947,.F.);
#883=ORIENTED_EDGE('',*,*,#2953,.F.);
#884=ORIENTED_EDGE('',*,*,#2951,.F.);
#885=ORIENTED_EDGE('',*,*,#2949,.F.);
#886=ORIENTED_EDGE('',*,*,#2734,.F.);
#887=ORIENTED_EDGE('',*,*,#2954,.F.);
#888=ORIENTED_EDGE('',*,*,#2955,.T.);
#889=ORIENTED_EDGE('',*,*,#2956,.T.);
#890=ORIENTED_EDGE('',*,*,#2735,.F.);
#891=ORIENTED_EDGE('',*,*,#2956,.F.);
#892=ORIENTED_EDGE('',*,*,#2957,.T.);
#893=ORIENTED_EDGE('',*,*,#2958,.T.);
#894=ORIENTED_EDGE('',*,*,#2736,.F.);
#895=ORIENTED_EDGE('',*,*,#2958,.F.);
#896=ORIENTED_EDGE('',*,*,#2959,.T.);
#897=ORIENTED_EDGE('',*,*,#2960,.T.);
#898=ORIENTED_EDGE('',*,*,#2733,.F.);
#899=ORIENTED_EDGE('',*,*,#2960,.F.);
#900=ORIENTED_EDGE('',*,*,#2961,.T.);
#901=ORIENTED_EDGE('',*,*,#2954,.T.);
#902=ORIENTED_EDGE('',*,*,#2955,.F.);
#903=ORIENTED_EDGE('',*,*,#2961,.F.);
#904=ORIENTED_EDGE('',*,*,#2959,.F.);
#905=ORIENTED_EDGE('',*,*,#2957,.F.);
#906=ORIENTED_EDGE('',*,*,#2738,.F.);
#907=ORIENTED_EDGE('',*,*,#2962,.F.);
#908=ORIENTED_EDGE('',*,*,#2963,.T.);
#909=ORIENTED_EDGE('',*,*,#2964,.T.);
#910=ORIENTED_EDGE('',*,*,#2739,.F.);
#911=ORIENTED_EDGE('',*,*,#2964,.F.);
#912=ORIENTED_EDGE('',*,*,#2965,.T.);
#913=ORIENTED_EDGE('',*,*,#2966,.T.);
#914=ORIENTED_EDGE('',*,*,#2740,.F.);
#915=ORIENTED_EDGE('',*,*,#2966,.F.);
#916=ORIENTED_EDGE('',*,*,#2967,.T.);
#917=ORIENTED_EDGE('',*,*,#2968,.T.);
#918=ORIENTED_EDGE('',*,*,#2737,.F.);
#919=ORIENTED_EDGE('',*,*,#2968,.F.);
#920=ORIENTED_EDGE('',*,*,#2969,.T.);
#921=ORIENTED_EDGE('',*,*,#2962,.T.);
#922=ORIENTED_EDGE('',*,*,#2963,.F.);
#923=ORIENTED_EDGE('',*,*,#2969,.F.);
#924=ORIENTED_EDGE('',*,*,#2967,.F.);
#925=ORIENTED_EDGE('',*,*,#2965,.F.);
#926=ORIENTED_EDGE('',*,*,#2742,.F.);
#927=ORIENTED_EDGE('',*,*,#2970,.F.);
#928=ORIENTED_EDGE('',*,*,#2971,.T.);
#929=ORIENTED_EDGE('',*,*,#2972,.T.);
#930=ORIENTED_EDGE('',*,*,#2743,.F.);
#931=ORIENTED_EDGE('',*,*,#2972,.F.);
#932=ORIENTED_EDGE('',*,*,#2973,.T.);
#933=ORIENTED_EDGE('',*,*,#2974,.T.);
#934=ORIENTED_EDGE('',*,*,#2744,.F.);
#935=ORIENTED_EDGE('',*,*,#2974,.F.);
#936=ORIENTED_EDGE('',*,*,#2975,.T.);
#937=ORIENTED_EDGE('',*,*,#2976,.T.);
#938=ORIENTED_EDGE('',*,*,#2741,.F.);
#939=ORIENTED_EDGE('',*,*,#2976,.F.);
#940=ORIENTED_EDGE('',*,*,#2977,.T.);
#941=ORIENTED_EDGE('',*,*,#2970,.T.);
#942=ORIENTED_EDGE('',*,*,#2971,.F.);
#943=ORIENTED_EDGE('',*,*,#2977,.F.);
#944=ORIENTED_EDGE('',*,*,#2975,.F.);
#945=ORIENTED_EDGE('',*,*,#2973,.F.);
#946=ORIENTED_EDGE('',*,*,#2746,.F.);
#947=ORIENTED_EDGE('',*,*,#2978,.F.);
#948=ORIENTED_EDGE('',*,*,#2979,.T.);
#949=ORIENTED_EDGE('',*,*,#2980,.T.);
#950=ORIENTED_EDGE('',*,*,#2747,.F.);
#951=ORIENTED_EDGE('',*,*,#2980,.F.);
#952=ORIENTED_EDGE('',*,*,#2981,.T.);
#953=ORIENTED_EDGE('',*,*,#2982,.T.);
#954=ORIENTED_EDGE('',*,*,#2748,.F.);
#955=ORIENTED_EDGE('',*,*,#2982,.F.);
#956=ORIENTED_EDGE('',*,*,#2983,.T.);
#957=ORIENTED_EDGE('',*,*,#2984,.T.);
#958=ORIENTED_EDGE('',*,*,#2745,.F.);
#959=ORIENTED_EDGE('',*,*,#2984,.F.);
#960=ORIENTED_EDGE('',*,*,#2985,.T.);
#961=ORIENTED_EDGE('',*,*,#2978,.T.);
#962=ORIENTED_EDGE('',*,*,#2979,.F.);
#963=ORIENTED_EDGE('',*,*,#2985,.F.);
#964=ORIENTED_EDGE('',*,*,#2983,.F.);
#965=ORIENTED_EDGE('',*,*,#2981,.F.);
#966=ORIENTED_EDGE('',*,*,#2750,.F.);
#967=ORIENTED_EDGE('',*,*,#2986,.F.);
#968=ORIENTED_EDGE('',*,*,#2987,.T.);
#969=ORIENTED_EDGE('',*,*,#2988,.T.);
#970=ORIENTED_EDGE('',*,*,#2751,.F.);
#971=ORIENTED_EDGE('',*,*,#2988,.F.);
#972=ORIENTED_EDGE('',*,*,#2989,.T.);
#973=ORIENTED_EDGE('',*,*,#2990,.T.);
#974=ORIENTED_EDGE('',*,*,#2752,.F.);
#975=ORIENTED_EDGE('',*,*,#2990,.F.);
#976=ORIENTED_EDGE('',*,*,#2991,.T.);
#977=ORIENTED_EDGE('',*,*,#2992,.T.);
#978=ORIENTED_EDGE('',*,*,#2749,.F.);
#979=ORIENTED_EDGE('',*,*,#2992,.F.);
#980=ORIENTED_EDGE('',*,*,#2993,.T.);
#981=ORIENTED_EDGE('',*,*,#2986,.T.);
#982=ORIENTED_EDGE('',*,*,#2987,.F.);
#983=ORIENTED_EDGE('',*,*,#2993,.F.);
#984=ORIENTED_EDGE('',*,*,#2991,.F.);
#985=ORIENTED_EDGE('',*,*,#2989,.F.);
#986=ORIENTED_EDGE('',*,*,#2754,.F.);
#987=ORIENTED_EDGE('',*,*,#2994,.F.);
#988=ORIENTED_EDGE('',*,*,#2995,.T.);
#989=ORIENTED_EDGE('',*,*,#2996,.T.);
#990=ORIENTED_EDGE('',*,*,#2755,.F.);
#991=ORIENTED_EDGE('',*,*,#2996,.F.);
#992=ORIENTED_EDGE('',*,*,#2997,.T.);
#993=ORIENTED_EDGE('',*,*,#2998,.T.);
#994=ORIENTED_EDGE('',*,*,#2756,.F.);
#995=ORIENTED_EDGE('',*,*,#2998,.F.);
#996=ORIENTED_EDGE('',*,*,#2999,.T.);
#997=ORIENTED_EDGE('',*,*,#3000,.T.);
#998=ORIENTED_EDGE('',*,*,#2753,.F.);
#999=ORIENTED_EDGE('',*,*,#3000,.F.);
#1000=ORIENTED_EDGE('',*,*,#3001,.T.);
#1001=ORIENTED_EDGE('',*,*,#2994,.T.);
#1002=ORIENTED_EDGE('',*,*,#2995,.F.);
#1003=ORIENTED_EDGE('',*,*,#3001,.F.);
#1004=ORIENTED_EDGE('',*,*,#2999,.F.);
#1005=ORIENTED_EDGE('',*,*,#2997,.F.);
#1006=ORIENTED_EDGE('',*,*,#2758,.F.);
#1007=ORIENTED_EDGE('',*,*,#3002,.F.);
#1008=ORIENTED_EDGE('',*,*,#3003,.T.);
#1009=ORIENTED_EDGE('',*,*,#3004,.T.);
#1010=ORIENTED_EDGE('',*,*,#2759,.F.);
#1011=ORIENTED_EDGE('',*,*,#3004,.F.);
#1012=ORIENTED_EDGE('',*,*,#3005,.T.);
#1013=ORIENTED_EDGE('',*,*,#3006,.T.);
#1014=ORIENTED_EDGE('',*,*,#2760,.F.);
#1015=ORIENTED_EDGE('',*,*,#3006,.F.);
#1016=ORIENTED_EDGE('',*,*,#3007,.T.);
#1017=ORIENTED_EDGE('',*,*,#3008,.T.);
#1018=ORIENTED_EDGE('',*,*,#2757,.F.);
#1019=ORIENTED_EDGE('',*,*,#3008,.F.);
#1020=ORIENTED_EDGE('',*,*,#3009,.T.);
#1021=ORIENTED_EDGE('',*,*,#3002,.T.);
#1022=ORIENTED_EDGE('',*,*,#3003,.F.);
#1023=ORIENTED_EDGE('',*,*,#3009,.F.);
#1024=ORIENTED_EDGE('',*,*,#3007,.F.);
#1025=ORIENTED_EDGE('',*,*,#3005,.F.);
#1026=ORIENTED_EDGE('',*,*,#2762,.F.);
#1027=ORIENTED_EDGE('',*,*,#3010,.F.);
#1028=ORIENTED_EDGE('',*,*,#3011,.T.);
#1029=ORIENTED_EDGE('',*,*,#3012,.T.);
#1030=ORIENTED_EDGE('',*,*,#2763,.F.);
#1031=ORIENTED_EDGE('',*,*,#3012,.F.);
#1032=ORIENTED_EDGE('',*,*,#3013,.T.);
#1033=ORIENTED_EDGE('',*,*,#3014,.T.);
#1034=ORIENTED_EDGE('',*,*,#2764,.F.);
#1035=ORIENTED_EDGE('',*,*,#3014,.F.);
#1036=ORIENTED_EDGE('',*,*,#3015,.T.);
#1037=ORIENTED_EDGE('',*,*,#3016,.T.);
#1038=ORIENTED_EDGE('',*,*,#2761,.F.);
#1039=ORIENTED_EDGE('',*,*,#3016,.F.);
#1040=ORIENTED_EDGE('',*,*,#3017,.T.);
#1041=ORIENTED_EDGE('',*,*,#3010,.T.);
#1042=ORIENTED_EDGE('',*,*,#3011,.F.);
#1043=ORIENTED_EDGE('',*,*,#3017,.F.);
#1044=ORIENTED_EDGE('',*,*,#3015,.F.);
#1045=ORIENTED_EDGE('',*,*,#3013,.F.);
#1046=ORIENTED_EDGE('',*,*,#2766,.F.);
#1047=ORIENTED_EDGE('',*,*,#3018,.F.);
#1048=ORIENTED_EDGE('',*,*,#3019,.T.);
#1049=ORIENTED_EDGE('',*,*,#3020,.T.);
#1050=ORIENTED_EDGE('',*,*,#2767,.F.);
#1051=ORIENTED_EDGE('',*,*,#3020,.F.);
#1052=ORIENTED_EDGE('',*,*,#3021,.T.);
#1053=ORIENTED_EDGE('',*,*,#3022,.T.);
#1054=ORIENTED_EDGE('',*,*,#2768,.F.);
#1055=ORIENTED_EDGE('',*,*,#3022,.F.);
#1056=ORIENTED_EDGE('',*,*,#3023,.T.);
#1057=ORIENTED_EDGE('',*,*,#3024,.T.);
#1058=ORIENTED_EDGE('',*,*,#2765,.F.);
#1059=ORIENTED_EDGE('',*,*,#3024,.F.);
#1060=ORIENTED_EDGE('',*,*,#3025,.T.);
#1061=ORIENTED_EDGE('',*,*,#3018,.T.);
#1062=ORIENTED_EDGE('',*,*,#3019,.F.);
#1063=ORIENTED_EDGE('',*,*,#3025,.F.);
#1064=ORIENTED_EDGE('',*,*,#3023,.F.);
#1065=ORIENTED_EDGE('',*,*,#3021,.F.);
#1066=ORIENTED_EDGE('',*,*,#2770,.F.);
#1067=ORIENTED_EDGE('',*,*,#3026,.F.);
#1068=ORIENTED_EDGE('',*,*,#3027,.T.);
#1069=ORIENTED_EDGE('',*,*,#3028,.T.);
#1070=ORIENTED_EDGE('',*,*,#2771,.F.);
#1071=ORIENTED_EDGE('',*,*,#3028,.F.);
#1072=ORIENTED_EDGE('',*,*,#3029,.T.);
#1073=ORIENTED_EDGE('',*,*,#3030,.T.);
#1074=ORIENTED_EDGE('',*,*,#2772,.F.);
#1075=ORIENTED_EDGE('',*,*,#3030,.F.);
#1076=ORIENTED_EDGE('',*,*,#3031,.T.);
#1077=ORIENTED_EDGE('',*,*,#3032,.T.);
#1078=ORIENTED_EDGE('',*,*,#2769,.F.);
#1079=ORIENTED_EDGE('',*,*,#3032,.F.);
#1080=ORIENTED_EDGE('',*,*,#3033,.T.);
#1081=ORIENTED_EDGE('',*,*,#3026,.T.);
#1082=ORIENTED_EDGE('',*,*,#3027,.F.);
#1083=ORIENTED_EDGE('',*,*,#3033,.F.);
#1084=ORIENTED_EDGE('',*,*,#3031,.F.);
#1085=ORIENTED_EDGE('',*,*,#3029,.F.);
#1086=ORIENTED_EDGE('',*,*,#2774,.F.);
#1087=ORIENTED_EDGE('',*,*,#3034,.F.);
#1088=ORIENTED_EDGE('',*,*,#3035,.T.);
#1089=ORIENTED_EDGE('',*,*,#3036,.T.);
#1090=ORIENTED_EDGE('',*,*,#2775,.F.);
#1091=ORIENTED_EDGE('',*,*,#3036,.F.);
#1092=ORIENTED_EDGE('',*,*,#3037,.T.);
#1093=ORIENTED_EDGE('',*,*,#3038,.T.);
#1094=ORIENTED_EDGE('',*,*,#2776,.F.);
#1095=ORIENTED_EDGE('',*,*,#3038,.F.);
#1096=ORIENTED_EDGE('',*,*,#3039,.T.);
#1097=ORIENTED_EDGE('',*,*,#3040,.T.);
#1098=ORIENTED_EDGE('',*,*,#2773,.F.);
#1099=ORIENTED_EDGE('',*,*,#3040,.F.);
#1100=ORIENTED_EDGE('',*,*,#3041,.T.);
#1101=ORIENTED_EDGE('',*,*,#3034,.T.);
#1102=ORIENTED_EDGE('',*,*,#3035,.F.);
#1103=ORIENTED_EDGE('',*,*,#3041,.F.);
#1104=ORIENTED_EDGE('',*,*,#3039,.F.);
#1105=ORIENTED_EDGE('',*,*,#3037,.F.);
#1106=ORIENTED_EDGE('',*,*,#2778,.F.);
#1107=ORIENTED_EDGE('',*,*,#3042,.F.);
#1108=ORIENTED_EDGE('',*,*,#3043,.T.);
#1109=ORIENTED_EDGE('',*,*,#3044,.T.);
#1110=ORIENTED_EDGE('',*,*,#2779,.F.);
#1111=ORIENTED_EDGE('',*,*,#3044,.F.);
#1112=ORIENTED_EDGE('',*,*,#3045,.T.);
#1113=ORIENTED_EDGE('',*,*,#3046,.T.);
#1114=ORIENTED_EDGE('',*,*,#2780,.F.);
#1115=ORIENTED_EDGE('',*,*,#3046,.F.);
#1116=ORIENTED_EDGE('',*,*,#3047,.T.);
#1117=ORIENTED_EDGE('',*,*,#3048,.T.);
#1118=ORIENTED_EDGE('',*,*,#2777,.F.);
#1119=ORIENTED_EDGE('',*,*,#3048,.F.);
#1120=ORIENTED_EDGE('',*,*,#3049,.T.);
#1121=ORIENTED_EDGE('',*,*,#3042,.T.);
#1122=ORIENTED_EDGE('',*,*,#3043,.F.);
#1123=ORIENTED_EDGE('',*,*,#3049,.F.);
#1124=ORIENTED_EDGE('',*,*,#3047,.F.);
#1125=ORIENTED_EDGE('',*,*,#3045,.F.);
#1126=ORIENTED_EDGE('',*,*,#2782,.F.);
#1127=ORIENTED_EDGE('',*,*,#3050,.F.);
#1128=ORIENTED_EDGE('',*,*,#3051,.T.);
#1129=ORIENTED_EDGE('',*,*,#3052,.T.);
#1130=ORIENTED_EDGE('',*,*,#2783,.F.);
#1131=ORIENTED_EDGE('',*,*,#3052,.F.);
#1132=ORIENTED_EDGE('',*,*,#3053,.T.);
#1133=ORIENTED_EDGE('',*,*,#3054,.T.);
#1134=ORIENTED_EDGE('',*,*,#2784,.F.);
#1135=ORIENTED_EDGE('',*,*,#3054,.F.);
#1136=ORIENTED_EDGE('',*,*,#3055,.T.);
#1137=ORIENTED_EDGE('',*,*,#3056,.T.);
#1138=ORIENTED_EDGE('',*,*,#2781,.F.);
#1139=ORIENTED_EDGE('',*,*,#3056,.F.);
#1140=ORIENTED_EDGE('',*,*,#3057,.T.);
#1141=ORIENTED_EDGE('',*,*,#3050,.T.);
#1142=ORIENTED_EDGE('',*,*,#3051,.F.);
#1143=ORIENTED_EDGE('',*,*,#3057,.F.);
#1144=ORIENTED_EDGE('',*,*,#3055,.F.);
#1145=ORIENTED_EDGE('',*,*,#3053,.F.);
#1146=ORIENTED_EDGE('',*,*,#2786,.F.);
#1147=ORIENTED_EDGE('',*,*,#3058,.F.);
#1148=ORIENTED_EDGE('',*,*,#3059,.T.);
#1149=ORIENTED_EDGE('',*,*,#3060,.T.);
#1150=ORIENTED_EDGE('',*,*,#2787,.F.);
#1151=ORIENTED_EDGE('',*,*,#3060,.F.);
#1152=ORIENTED_EDGE('',*,*,#3061,.T.);
#1153=ORIENTED_EDGE('',*,*,#3062,.T.);
#1154=ORIENTED_EDGE('',*,*,#2788,.F.);
#1155=ORIENTED_EDGE('',*,*,#3062,.F.);
#1156=ORIENTED_EDGE('',*,*,#3063,.T.);
#1157=ORIENTED_EDGE('',*,*,#3064,.T.);
#1158=ORIENTED_EDGE('',*,*,#2785,.F.);
#1159=ORIENTED_EDGE('',*,*,#3064,.F.);
#1160=ORIENTED_EDGE('',*,*,#3065,.T.);
#1161=ORIENTED_EDGE('',*,*,#3058,.T.);
#1162=ORIENTED_EDGE('',*,*,#3059,.F.);
#1163=ORIENTED_EDGE('',*,*,#3065,.F.);
#1164=ORIENTED_EDGE('',*,*,#3063,.F.);
#1165=ORIENTED_EDGE('',*,*,#3061,.F.);
#1166=ORIENTED_EDGE('',*,*,#2790,.F.);
#1167=ORIENTED_EDGE('',*,*,#3066,.F.);
#1168=ORIENTED_EDGE('',*,*,#3067,.T.);
#1169=ORIENTED_EDGE('',*,*,#3068,.T.);
#1170=ORIENTED_EDGE('',*,*,#2791,.F.);
#1171=ORIENTED_EDGE('',*,*,#3068,.F.);
#1172=ORIENTED_EDGE('',*,*,#3069,.T.);
#1173=ORIENTED_EDGE('',*,*,#3070,.T.);
#1174=ORIENTED_EDGE('',*,*,#2792,.F.);
#1175=ORIENTED_EDGE('',*,*,#3070,.F.);
#1176=ORIENTED_EDGE('',*,*,#3071,.T.);
#1177=ORIENTED_EDGE('',*,*,#3072,.T.);
#1178=ORIENTED_EDGE('',*,*,#2793,.F.);
#1179=ORIENTED_EDGE('',*,*,#3072,.F.);
#1180=ORIENTED_EDGE('',*,*,#3073,.T.);
#1181=ORIENTED_EDGE('',*,*,#3074,.T.);
#1182=ORIENTED_EDGE('',*,*,#2789,.F.);
#1183=ORIENTED_EDGE('',*,*,#3074,.F.);
#1184=ORIENTED_EDGE('',*,*,#3075,.T.);
#1185=ORIENTED_EDGE('',*,*,#3066,.T.);
#1186=ORIENTED_EDGE('',*,*,#3067,.F.);
#1187=ORIENTED_EDGE('',*,*,#3075,.F.);
#1188=ORIENTED_EDGE('',*,*,#3073,.F.);
#1189=ORIENTED_EDGE('',*,*,#3071,.F.);
#1190=ORIENTED_EDGE('',*,*,#3069,.F.);
#1191=ORIENTED_EDGE('',*,*,#2795,.F.);
#1192=ORIENTED_EDGE('',*,*,#3076,.F.);
#1193=ORIENTED_EDGE('',*,*,#3077,.T.);
#1194=ORIENTED_EDGE('',*,*,#3078,.T.);
#1195=ORIENTED_EDGE('',*,*,#2796,.F.);
#1196=ORIENTED_EDGE('',*,*,#3078,.F.);
#1197=ORIENTED_EDGE('',*,*,#3079,.T.);
#1198=ORIENTED_EDGE('',*,*,#3080,.T.);
#1199=ORIENTED_EDGE('',*,*,#2797,.F.);
#1200=ORIENTED_EDGE('',*,*,#3080,.F.);
#1201=ORIENTED_EDGE('',*,*,#3081,.T.);
#1202=ORIENTED_EDGE('',*,*,#3082,.T.);
#1203=ORIENTED_EDGE('',*,*,#2794,.F.);
#1204=ORIENTED_EDGE('',*,*,#3082,.F.);
#1205=ORIENTED_EDGE('',*,*,#3083,.T.);
#1206=ORIENTED_EDGE('',*,*,#3076,.T.);
#1207=ORIENTED_EDGE('',*,*,#3077,.F.);
#1208=ORIENTED_EDGE('',*,*,#3083,.F.);
#1209=ORIENTED_EDGE('',*,*,#3081,.F.);
#1210=ORIENTED_EDGE('',*,*,#3079,.F.);
#1211=ORIENTED_EDGE('',*,*,#2799,.F.);
#1212=ORIENTED_EDGE('',*,*,#3084,.F.);
#1213=ORIENTED_EDGE('',*,*,#3085,.T.);
#1214=ORIENTED_EDGE('',*,*,#3086,.T.);
#1215=ORIENTED_EDGE('',*,*,#2800,.F.);
#1216=ORIENTED_EDGE('',*,*,#3086,.F.);
#1217=ORIENTED_EDGE('',*,*,#3087,.T.);
#1218=ORIENTED_EDGE('',*,*,#3088,.T.);
#1219=ORIENTED_EDGE('',*,*,#2801,.F.);
#1220=ORIENTED_EDGE('',*,*,#3088,.F.);
#1221=ORIENTED_EDGE('',*,*,#3089,.T.);
#1222=ORIENTED_EDGE('',*,*,#3090,.T.);
#1223=ORIENTED_EDGE('',*,*,#2798,.F.);
#1224=ORIENTED_EDGE('',*,*,#3090,.F.);
#1225=ORIENTED_EDGE('',*,*,#3091,.T.);
#1226=ORIENTED_EDGE('',*,*,#3084,.T.);
#1227=ORIENTED_EDGE('',*,*,#3085,.F.);
#1228=ORIENTED_EDGE('',*,*,#3091,.F.);
#1229=ORIENTED_EDGE('',*,*,#3089,.F.);
#1230=ORIENTED_EDGE('',*,*,#3087,.F.);
#1231=ORIENTED_EDGE('',*,*,#2803,.F.);
#1232=ORIENTED_EDGE('',*,*,#3092,.F.);
#1233=ORIENTED_EDGE('',*,*,#3093,.T.);
#1234=ORIENTED_EDGE('',*,*,#3094,.T.);
#1235=ORIENTED_EDGE('',*,*,#2804,.F.);
#1236=ORIENTED_EDGE('',*,*,#3094,.F.);
#1237=ORIENTED_EDGE('',*,*,#3095,.T.);
#1238=ORIENTED_EDGE('',*,*,#3096,.T.);
#1239=ORIENTED_EDGE('',*,*,#2805,.F.);
#1240=ORIENTED_EDGE('',*,*,#3096,.F.);
#1241=ORIENTED_EDGE('',*,*,#3097,.T.);
#1242=ORIENTED_EDGE('',*,*,#3098,.T.);
#1243=ORIENTED_EDGE('',*,*,#2802,.F.);
#1244=ORIENTED_EDGE('',*,*,#3098,.F.);
#1245=ORIENTED_EDGE('',*,*,#3099,.T.);
#1246=ORIENTED_EDGE('',*,*,#3092,.T.);
#1247=ORIENTED_EDGE('',*,*,#3093,.F.);
#1248=ORIENTED_EDGE('',*,*,#3099,.F.);
#1249=ORIENTED_EDGE('',*,*,#3097,.F.);
#1250=ORIENTED_EDGE('',*,*,#3095,.F.);
#1251=ORIENTED_EDGE('',*,*,#2807,.F.);
#1252=ORIENTED_EDGE('',*,*,#3100,.F.);
#1253=ORIENTED_EDGE('',*,*,#3101,.T.);
#1254=ORIENTED_EDGE('',*,*,#3102,.T.);
#1255=ORIENTED_EDGE('',*,*,#2808,.F.);
#1256=ORIENTED_EDGE('',*,*,#3102,.F.);
#1257=ORIENTED_EDGE('',*,*,#3103,.T.);
#1258=ORIENTED_EDGE('',*,*,#3104,.T.);
#1259=ORIENTED_EDGE('',*,*,#2809,.F.);
#1260=ORIENTED_EDGE('',*,*,#3104,.F.);
#1261=ORIENTED_EDGE('',*,*,#3105,.T.);
#1262=ORIENTED_EDGE('',*,*,#3106,.T.);
#1263=ORIENTED_EDGE('',*,*,#2806,.F.);
#1264=ORIENTED_EDGE('',*,*,#3106,.F.);
#1265=ORIENTED_EDGE('',*,*,#3107,.T.);
#1266=ORIENTED_EDGE('',*,*,#3100,.T.);
#1267=ORIENTED_EDGE('',*,*,#3101,.F.);
#1268=ORIENTED_EDGE('',*,*,#3107,.F.);
#1269=ORIENTED_EDGE('',*,*,#3105,.F.);
#1270=ORIENTED_EDGE('',*,*,#3103,.F.);
#1271=ORIENTED_EDGE('',*,*,#2811,.F.);
#1272=ORIENTED_EDGE('',*,*,#3108,.F.);
#1273=ORIENTED_EDGE('',*,*,#3109,.T.);
#1274=ORIENTED_EDGE('',*,*,#3110,.T.);
#1275=ORIENTED_EDGE('',*,*,#2812,.F.);
#1276=ORIENTED_EDGE('',*,*,#3110,.F.);
#1277=ORIENTED_EDGE('',*,*,#3111,.T.);
#1278=ORIENTED_EDGE('',*,*,#3112,.T.);
#1279=ORIENTED_EDGE('',*,*,#2813,.F.);
#1280=ORIENTED_EDGE('',*,*,#3112,.F.);
#1281=ORIENTED_EDGE('',*,*,#3113,.T.);
#1282=ORIENTED_EDGE('',*,*,#3114,.T.);
#1283=ORIENTED_EDGE('',*,*,#2810,.F.);
#1284=ORIENTED_EDGE('',*,*,#3114,.F.);
#1285=ORIENTED_EDGE('',*,*,#3115,.T.);
#1286=ORIENTED_EDGE('',*,*,#3108,.T.);
#1287=ORIENTED_EDGE('',*,*,#3109,.F.);
#1288=ORIENTED_EDGE('',*,*,#3115,.F.);
#1289=ORIENTED_EDGE('',*,*,#3113,.F.);
#1290=ORIENTED_EDGE('',*,*,#3111,.F.);
#1291=ORIENTED_EDGE('',*,*,#2815,.F.);
#1292=ORIENTED_EDGE('',*,*,#3116,.F.);
#1293=ORIENTED_EDGE('',*,*,#3117,.T.);
#1294=ORIENTED_EDGE('',*,*,#3118,.T.);
#1295=ORIENTED_EDGE('',*,*,#2816,.F.);
#1296=ORIENTED_EDGE('',*,*,#3118,.F.);
#1297=ORIENTED_EDGE('',*,*,#3119,.T.);
#1298=ORIENTED_EDGE('',*,*,#3120,.T.);
#1299=ORIENTED_EDGE('',*,*,#2817,.F.);
#1300=ORIENTED_EDGE('',*,*,#3120,.F.);
#1301=ORIENTED_EDGE('',*,*,#3121,.T.);
#1302=ORIENTED_EDGE('',*,*,#3122,.T.);
#1303=ORIENTED_EDGE('',*,*,#2814,.F.);
#1304=ORIENTED_EDGE('',*,*,#3122,.F.);
#1305=ORIENTED_EDGE('',*,*,#3123,.T.);
#1306=ORIENTED_EDGE('',*,*,#3116,.T.);
#1307=ORIENTED_EDGE('',*,*,#3117,.F.);
#1308=ORIENTED_EDGE('',*,*,#3123,.F.);
#1309=ORIENTED_EDGE('',*,*,#3121,.F.);
#1310=ORIENTED_EDGE('',*,*,#3119,.F.);
#1311=ORIENTED_EDGE('',*,*,#2819,.F.);
#1312=ORIENTED_EDGE('',*,*,#3124,.F.);
#1313=ORIENTED_EDGE('',*,*,#3125,.T.);
#1314=ORIENTED_EDGE('',*,*,#3126,.T.);
#1315=ORIENTED_EDGE('',*,*,#2820,.F.);
#1316=ORIENTED_EDGE('',*,*,#3126,.F.);
#1317=ORIENTED_EDGE('',*,*,#3127,.T.);
#1318=ORIENTED_EDGE('',*,*,#3128,.T.);
#1319=ORIENTED_EDGE('',*,*,#2821,.F.);
#1320=ORIENTED_EDGE('',*,*,#3128,.F.);
#1321=ORIENTED_EDGE('',*,*,#3129,.T.);
#1322=ORIENTED_EDGE('',*,*,#3130,.T.);
#1323=ORIENTED_EDGE('',*,*,#2818,.F.);
#1324=ORIENTED_EDGE('',*,*,#3130,.F.);
#1325=ORIENTED_EDGE('',*,*,#3131,.T.);
#1326=ORIENTED_EDGE('',*,*,#3124,.T.);
#1327=ORIENTED_EDGE('',*,*,#3125,.F.);
#1328=ORIENTED_EDGE('',*,*,#3131,.F.);
#1329=ORIENTED_EDGE('',*,*,#3129,.F.);
#1330=ORIENTED_EDGE('',*,*,#3127,.F.);
#1331=ORIENTED_EDGE('',*,*,#2823,.F.);
#1332=ORIENTED_EDGE('',*,*,#3132,.F.);
#1333=ORIENTED_EDGE('',*,*,#3133,.T.);
#1334=ORIENTED_EDGE('',*,*,#3134,.T.);
#1335=ORIENTED_EDGE('',*,*,#2824,.F.);
#1336=ORIENTED_EDGE('',*,*,#3134,.F.);
#1337=ORIENTED_EDGE('',*,*,#3135,.T.);
#1338=ORIENTED_EDGE('',*,*,#3136,.T.);
#1339=ORIENTED_EDGE('',*,*,#2825,.F.);
#1340=ORIENTED_EDGE('',*,*,#3136,.F.);
#1341=ORIENTED_EDGE('',*,*,#3137,.T.);
#1342=ORIENTED_EDGE('',*,*,#3138,.T.);
#1343=ORIENTED_EDGE('',*,*,#2822,.F.);
#1344=ORIENTED_EDGE('',*,*,#3138,.F.);
#1345=ORIENTED_EDGE('',*,*,#3139,.T.);
#1346=ORIENTED_EDGE('',*,*,#3132,.T.);
#1347=ORIENTED_EDGE('',*,*,#3133,.F.);
#1348=ORIENTED_EDGE('',*,*,#3139,.F.);
#1349=ORIENTED_EDGE('',*,*,#3137,.F.);
#1350=ORIENTED_EDGE('',*,*,#3135,.F.);
#1351=ORIENTED_EDGE('',*,*,#2827,.F.);
#1352=ORIENTED_EDGE('',*,*,#3140,.F.);
#1353=ORIENTED_EDGE('',*,*,#3141,.T.);
#1354=ORIENTED_EDGE('',*,*,#3142,.T.);
#1355=ORIENTED_EDGE('',*,*,#2828,.F.);
#1356=ORIENTED_EDGE('',*,*,#3142,.F.);
#1357=ORIENTED_EDGE('',*,*,#3143,.T.);
#1358=ORIENTED_EDGE('',*,*,#3144,.T.);
#1359=ORIENTED_EDGE('',*,*,#2829,.F.);
#1360=ORIENTED_EDGE('',*,*,#3144,.F.);
#1361=ORIENTED_EDGE('',*,*,#3145,.T.);
#1362=ORIENTED_EDGE('',*,*,#3146,.T.);
#1363=ORIENTED_EDGE('',*,*,#2826,.F.);
#1364=ORIENTED_EDGE('',*,*,#3146,.F.);
#1365=ORIENTED_EDGE('',*,*,#3147,.T.);
#1366=ORIENTED_EDGE('',*,*,#3140,.T.);
#1367=ORIENTED_EDGE('',*,*,#3141,.F.);
#1368=ORIENTED_EDGE('',*,*,#3147,.F.);
#1369=ORIENTED_EDGE('',*,*,#3145,.F.);
#1370=ORIENTED_EDGE('',*,*,#3143,.F.);
#1371=ORIENTED_EDGE('',*,*,#2831,.F.);
#1372=ORIENTED_EDGE('',*,*,#3148,.F.);
#1373=ORIENTED_EDGE('',*,*,#3149,.T.);
#1374=ORIENTED_EDGE('',*,*,#3150,.T.);
#1375=ORIENTED_EDGE('',*,*,#2832,.F.);
#1376=ORIENTED_EDGE('',*,*,#3150,.F.);
#1377=ORIENTED_EDGE('',*,*,#3151,.T.);
#1378=ORIENTED_EDGE('',*,*,#3152,.T.);
#1379=ORIENTED_EDGE('',*,*,#2833,.F.);
#1380=ORIENTED_EDGE('',*,*,#3152,.F.);
#1381=ORIENTED_EDGE('',*,*,#3153,.T.);
#1382=ORIENTED_EDGE('',*,*,#3154,.T.);
#1383=ORIENTED_EDGE('',*,*,#2830,.F.);
#1384=ORIENTED_EDGE('',*,*,#3154,.F.);
#1385=ORIENTED_EDGE('',*,*,#3155,.T.);
#1386=ORIENTED_EDGE('',*,*,#3148,.T.);
#1387=ORIENTED_EDGE('',*,*,#3149,.F.);
#1388=ORIENTED_EDGE('',*,*,#3155,.F.);
#1389=ORIENTED_EDGE('',*,*,#3153,.F.);
#1390=ORIENTED_EDGE('',*,*,#3151,.F.);
#1391=ORIENTED_EDGE('',*,*,#2835,.F.);
#1392=ORIENTED_EDGE('',*,*,#3156,.F.);
#1393=ORIENTED_EDGE('',*,*,#3157,.T.);
#1394=ORIENTED_EDGE('',*,*,#3158,.T.);
#1395=ORIENTED_EDGE('',*,*,#2836,.F.);
#1396=ORIENTED_EDGE('',*,*,#3158,.F.);
#1397=ORIENTED_EDGE('',*,*,#3159,.T.);
#1398=ORIENTED_EDGE('',*,*,#3160,.T.);
#1399=ORIENTED_EDGE('',*,*,#2837,.F.);
#1400=ORIENTED_EDGE('',*,*,#3160,.F.);
#1401=ORIENTED_EDGE('',*,*,#3161,.T.);
#1402=ORIENTED_EDGE('',*,*,#3162,.T.);
#1403=ORIENTED_EDGE('',*,*,#2834,.F.);
#1404=ORIENTED_EDGE('',*,*,#3162,.F.);
#1405=ORIENTED_EDGE('',*,*,#3163,.T.);
#1406=ORIENTED_EDGE('',*,*,#3156,.T.);
#1407=ORIENTED_EDGE('',*,*,#3157,.F.);
#1408=ORIENTED_EDGE('',*,*,#3163,.F.);
#1409=ORIENTED_EDGE('',*,*,#3161,.F.);
#1410=ORIENTED_EDGE('',*,*,#3159,.F.);
#1411=ORIENTED_EDGE('',*,*,#2839,.F.);
#1412=ORIENTED_EDGE('',*,*,#3164,.F.);
#1413=ORIENTED_EDGE('',*,*,#3165,.T.);
#1414=ORIENTED_EDGE('',*,*,#3166,.T.);
#1415=ORIENTED_EDGE('',*,*,#2840,.F.);
#1416=ORIENTED_EDGE('',*,*,#3166,.F.);
#1417=ORIENTED_EDGE('',*,*,#3167,.T.);
#1418=ORIENTED_EDGE('',*,*,#3168,.T.);
#1419=ORIENTED_EDGE('',*,*,#2841,.F.);
#1420=ORIENTED_EDGE('',*,*,#3168,.F.);
#1421=ORIENTED_EDGE('',*,*,#3169,.T.);
#1422=ORIENTED_EDGE('',*,*,#3170,.T.);
#1423=ORIENTED_EDGE('',*,*,#2838,.F.);
#1424=ORIENTED_EDGE('',*,*,#3170,.F.);
#1425=ORIENTED_EDGE('',*,*,#3171,.T.);
#1426=ORIENTED_EDGE('',*,*,#3164,.T.);
#1427=ORIENTED_EDGE('',*,*,#3165,.F.);
#1428=ORIENTED_EDGE('',*,*,#3171,.F.);
#1429=ORIENTED_EDGE('',*,*,#3169,.F.);
#1430=ORIENTED_EDGE('',*,*,#3167,.F.);
#1431=ORIENTED_EDGE('',*,*,#2843,.F.);
#1432=ORIENTED_EDGE('',*,*,#3172,.F.);
#1433=ORIENTED_EDGE('',*,*,#3173,.T.);
#1434=ORIENTED_EDGE('',*,*,#3174,.T.);
#1435=ORIENTED_EDGE('',*,*,#2844,.F.);
#1436=ORIENTED_EDGE('',*,*,#3174,.F.);
#1437=ORIENTED_EDGE('',*,*,#3175,.T.);
#1438=ORIENTED_EDGE('',*,*,#3176,.T.);
#1439=ORIENTED_EDGE('',*,*,#2845,.F.);
#1440=ORIENTED_EDGE('',*,*,#3176,.F.);
#1441=ORIENTED_EDGE('',*,*,#3177,.T.);
#1442=ORIENTED_EDGE('',*,*,#3178,.T.);
#1443=ORIENTED_EDGE('',*,*,#2842,.F.);
#1444=ORIENTED_EDGE('',*,*,#3178,.F.);
#1445=ORIENTED_EDGE('',*,*,#3179,.T.);
#1446=ORIENTED_EDGE('',*,*,#3172,.T.);
#1447=ORIENTED_EDGE('',*,*,#3173,.F.);
#1448=ORIENTED_EDGE('',*,*,#3179,.F.);
#1449=ORIENTED_EDGE('',*,*,#3177,.F.);
#1450=ORIENTED_EDGE('',*,*,#3175,.F.);
#1451=ORIENTED_EDGE('',*,*,#2847,.F.);
#1452=ORIENTED_EDGE('',*,*,#3180,.F.);
#1453=ORIENTED_EDGE('',*,*,#3181,.T.);
#1454=ORIENTED_EDGE('',*,*,#3182,.T.);
#1455=ORIENTED_EDGE('',*,*,#2848,.F.);
#1456=ORIENTED_EDGE('',*,*,#3182,.F.);
#1457=ORIENTED_EDGE('',*,*,#3183,.T.);
#1458=ORIENTED_EDGE('',*,*,#3184,.T.);
#1459=ORIENTED_EDGE('',*,*,#2849,.F.);
#1460=ORIENTED_EDGE('',*,*,#3184,.F.);
#1461=ORIENTED_EDGE('',*,*,#3185,.T.);
#1462=ORIENTED_EDGE('',*,*,#3186,.T.);
#1463=ORIENTED_EDGE('',*,*,#2846,.F.);
#1464=ORIENTED_EDGE('',*,*,#3186,.F.);
#1465=ORIENTED_EDGE('',*,*,#3187,.T.);
#1466=ORIENTED_EDGE('',*,*,#3180,.T.);
#1467=ORIENTED_EDGE('',*,*,#3181,.F.);
#1468=ORIENTED_EDGE('',*,*,#3187,.F.);
#1469=ORIENTED_EDGE('',*,*,#3185,.F.);
#1470=ORIENTED_EDGE('',*,*,#3183,.F.);
#1471=ORIENTED_EDGE('',*,*,#2851,.F.);
#1472=ORIENTED_EDGE('',*,*,#3188,.F.);
#1473=ORIENTED_EDGE('',*,*,#3189,.T.);
#1474=ORIENTED_EDGE('',*,*,#3190,.T.);
#1475=ORIENTED_EDGE('',*,*,#2852,.F.);
#1476=ORIENTED_EDGE('',*,*,#3190,.F.);
#1477=ORIENTED_EDGE('',*,*,#3191,.T.);
#1478=ORIENTED_EDGE('',*,*,#3192,.T.);
#1479=ORIENTED_EDGE('',*,*,#2853,.F.);
#1480=ORIENTED_EDGE('',*,*,#3192,.F.);
#1481=ORIENTED_EDGE('',*,*,#3193,.T.);
#1482=ORIENTED_EDGE('',*,*,#3194,.T.);
#1483=ORIENTED_EDGE('',*,*,#2850,.F.);
#1484=ORIENTED_EDGE('',*,*,#3194,.F.);
#1485=ORIENTED_EDGE('',*,*,#3195,.T.);
#1486=ORIENTED_EDGE('',*,*,#3188,.T.);
#1487=ORIENTED_EDGE('',*,*,#3189,.F.);
#1488=ORIENTED_EDGE('',*,*,#3195,.F.);
#1489=ORIENTED_EDGE('',*,*,#3193,.F.);
#1490=ORIENTED_EDGE('',*,*,#3191,.F.);
#1491=ORIENTED_EDGE('',*,*,#2855,.F.);
#1492=ORIENTED_EDGE('',*,*,#3196,.F.);
#1493=ORIENTED_EDGE('',*,*,#3197,.T.);
#1494=ORIENTED_EDGE('',*,*,#3198,.T.);
#1495=ORIENTED_EDGE('',*,*,#2856,.F.);
#1496=ORIENTED_EDGE('',*,*,#3198,.F.);
#1497=ORIENTED_EDGE('',*,*,#3199,.T.);
#1498=ORIENTED_EDGE('',*,*,#3200,.T.);
#1499=ORIENTED_EDGE('',*,*,#2857,.F.);
#1500=ORIENTED_EDGE('',*,*,#3200,.F.);
#1501=ORIENTED_EDGE('',*,*,#3201,.T.);
#1502=ORIENTED_EDGE('',*,*,#3202,.T.);
#1503=ORIENTED_EDGE('',*,*,#2854,.F.);
#1504=ORIENTED_EDGE('',*,*,#3202,.F.);
#1505=ORIENTED_EDGE('',*,*,#3203,.T.);
#1506=ORIENTED_EDGE('',*,*,#3196,.T.);
#1507=ORIENTED_EDGE('',*,*,#3197,.F.);
#1508=ORIENTED_EDGE('',*,*,#3203,.F.);
#1509=ORIENTED_EDGE('',*,*,#3201,.F.);
#1510=ORIENTED_EDGE('',*,*,#3199,.F.);
#1511=ORIENTED_EDGE('',*,*,#2859,.F.);
#1512=ORIENTED_EDGE('',*,*,#3204,.F.);
#1513=ORIENTED_EDGE('',*,*,#3205,.T.);
#1514=ORIENTED_EDGE('',*,*,#3206,.T.);
#1515=ORIENTED_EDGE('',*,*,#2860,.F.);
#1516=ORIENTED_EDGE('',*,*,#3206,.F.);
#1517=ORIENTED_EDGE('',*,*,#3207,.T.);
#1518=ORIENTED_EDGE('',*,*,#3208,.T.);
#1519=ORIENTED_EDGE('',*,*,#2861,.F.);
#1520=ORIENTED_EDGE('',*,*,#3208,.F.);
#1521=ORIENTED_EDGE('',*,*,#3209,.T.);
#1522=ORIENTED_EDGE('',*,*,#3210,.T.);
#1523=ORIENTED_EDGE('',*,*,#2858,.F.);
#1524=ORIENTED_EDGE('',*,*,#3210,.F.);
#1525=ORIENTED_EDGE('',*,*,#3211,.T.);
#1526=ORIENTED_EDGE('',*,*,#3204,.T.);
#1527=ORIENTED_EDGE('',*,*,#3205,.F.);
#1528=ORIENTED_EDGE('',*,*,#3211,.F.);
#1529=ORIENTED_EDGE('',*,*,#3209,.F.);
#1530=ORIENTED_EDGE('',*,*,#3207,.F.);
#1531=ORIENTED_EDGE('',*,*,#2863,.F.);
#1532=ORIENTED_EDGE('',*,*,#3212,.F.);
#1533=ORIENTED_EDGE('',*,*,#3213,.T.);
#1534=ORIENTED_EDGE('',*,*,#3214,.T.);
#1535=ORIENTED_EDGE('',*,*,#2864,.F.);
#1536=ORIENTED_EDGE('',*,*,#3214,.F.);
#1537=ORIENTED_EDGE('',*,*,#3215,.T.);
#1538=ORIENTED_EDGE('',*,*,#3216,.T.);
#1539=ORIENTED_EDGE('',*,*,#2865,.F.);
#1540=ORIENTED_EDGE('',*,*,#3216,.F.);
#1541=ORIENTED_EDGE('',*,*,#3217,.T.);
#1542=ORIENTED_EDGE('',*,*,#3218,.T.);
#1543=ORIENTED_EDGE('',*,*,#2862,.F.);
#1544=ORIENTED_EDGE('',*,*,#3218,.F.);
#1545=ORIENTED_EDGE('',*,*,#3219,.T.);
#1546=ORIENTED_EDGE('',*,*,#3212,.T.);
#1547=ORIENTED_EDGE('',*,*,#3213,.F.);
#1548=ORIENTED_EDGE('',*,*,#3219,.F.);
#1549=ORIENTED_EDGE('',*,*,#3217,.F.);
#1550=ORIENTED_EDGE('',*,*,#3215,.F.);
#1551=ORIENTED_EDGE('',*,*,#2867,.F.);
#1552=ORIENTED_EDGE('',*,*,#3220,.F.);
#1553=ORIENTED_EDGE('',*,*,#3221,.T.);
#1554=ORIENTED_EDGE('',*,*,#3222,.T.);
#1555=ORIENTED_EDGE('',*,*,#2868,.F.);
#1556=ORIENTED_EDGE('',*,*,#3222,.F.);
#1557=ORIENTED_EDGE('',*,*,#3223,.T.);
#1558=ORIENTED_EDGE('',*,*,#3224,.T.);
#1559=ORIENTED_EDGE('',*,*,#2869,.F.);
#1560=ORIENTED_EDGE('',*,*,#3224,.F.);
#1561=ORIENTED_EDGE('',*,*,#3225,.T.);
#1562=ORIENTED_EDGE('',*,*,#3226,.T.);
#1563=ORIENTED_EDGE('',*,*,#2866,.F.);
#1564=ORIENTED_EDGE('',*,*,#3226,.F.);
#1565=ORIENTED_EDGE('',*,*,#3227,.T.);
#1566=ORIENTED_EDGE('',*,*,#3220,.T.);
#1567=ORIENTED_EDGE('',*,*,#3221,.F.);
#1568=ORIENTED_EDGE('',*,*,#3227,.F.);
#1569=ORIENTED_EDGE('',*,*,#3225,.F.);
#1570=ORIENTED_EDGE('',*,*,#3223,.F.);
#1571=ORIENTED_EDGE('',*,*,#2871,.F.);
#1572=ORIENTED_EDGE('',*,*,#3228,.F.);
#1573=ORIENTED_EDGE('',*,*,#3229,.T.);
#1574=ORIENTED_EDGE('',*,*,#3230,.T.);
#1575=ORIENTED_EDGE('',*,*,#2872,.F.);
#1576=ORIENTED_EDGE('',*,*,#3230,.F.);
#1577=ORIENTED_EDGE('',*,*,#3231,.T.);
#1578=ORIENTED_EDGE('',*,*,#3232,.T.);
#1579=ORIENTED_EDGE('',*,*,#2873,.F.);
#1580=ORIENTED_EDGE('',*,*,#3232,.F.);
#1581=ORIENTED_EDGE('',*,*,#3233,.T.);
#1582=ORIENTED_EDGE('',*,*,#3234,.T.);
#1583=ORIENTED_EDGE('',*,*,#2870,.F.);
#1584=ORIENTED_EDGE('',*,*,#3234,.F.);
#1585=ORIENTED_EDGE('',*,*,#3235,.T.);
#1586=ORIENTED_EDGE('',*,*,#3228,.T.);
#1587=ORIENTED_EDGE('',*,*,#3229,.F.);
#1588=ORIENTED_EDGE('',*,*,#3235,.F.);
#1589=ORIENTED_EDGE('',*,*,#3233,.F.);
#1590=ORIENTED_EDGE('',*,*,#3231,.F.);
#1591=ORIENTED_EDGE('',*,*,#2875,.F.);
#1592=ORIENTED_EDGE('',*,*,#3236,.F.);
#1593=ORIENTED_EDGE('',*,*,#3237,.T.);
#1594=ORIENTED_EDGE('',*,*,#3238,.T.);
#1595=ORIENTED_EDGE('',*,*,#2876,.F.);
#1596=ORIENTED_EDGE('',*,*,#3238,.F.);
#1597=ORIENTED_EDGE('',*,*,#3239,.T.);
#1598=ORIENTED_EDGE('',*,*,#3240,.T.);
#1599=ORIENTED_EDGE('',*,*,#2877,.F.);
#1600=ORIENTED_EDGE('',*,*,#3240,.F.);
#1601=ORIENTED_EDGE('',*,*,#3241,.T.);
#1602=ORIENTED_EDGE('',*,*,#3242,.T.);
#1603=ORIENTED_EDGE('',*,*,#2874,.F.);
#1604=ORIENTED_EDGE('',*,*,#3242,.F.);
#1605=ORIENTED_EDGE('',*,*,#3243,.T.);
#1606=ORIENTED_EDGE('',*,*,#3236,.T.);
#1607=ORIENTED_EDGE('',*,*,#3237,.F.);
#1608=ORIENTED_EDGE('',*,*,#3243,.F.);
#1609=ORIENTED_EDGE('',*,*,#3241,.F.);
#1610=ORIENTED_EDGE('',*,*,#3239,.F.);
#1611=ORIENTED_EDGE('',*,*,#2879,.F.);
#1612=ORIENTED_EDGE('',*,*,#3244,.F.);
#1613=ORIENTED_EDGE('',*,*,#3245,.T.);
#1614=ORIENTED_EDGE('',*,*,#3246,.T.);
#1615=ORIENTED_EDGE('',*,*,#2880,.F.);
#1616=ORIENTED_EDGE('',*,*,#3246,.F.);
#1617=ORIENTED_EDGE('',*,*,#3247,.T.);
#1618=ORIENTED_EDGE('',*,*,#3248,.T.);
#1619=ORIENTED_EDGE('',*,*,#2881,.F.);
#1620=ORIENTED_EDGE('',*,*,#3248,.F.);
#1621=ORIENTED_EDGE('',*,*,#3249,.T.);
#1622=ORIENTED_EDGE('',*,*,#3250,.T.);
#1623=ORIENTED_EDGE('',*,*,#2878,.F.);
#1624=ORIENTED_EDGE('',*,*,#3250,.F.);
#1625=ORIENTED_EDGE('',*,*,#3251,.T.);
#1626=ORIENTED_EDGE('',*,*,#3244,.T.);
#1627=ORIENTED_EDGE('',*,*,#3245,.F.);
#1628=ORIENTED_EDGE('',*,*,#3251,.F.);
#1629=ORIENTED_EDGE('',*,*,#3249,.F.);
#1630=ORIENTED_EDGE('',*,*,#3247,.F.);
#1631=ORIENTED_EDGE('',*,*,#2883,.F.);
#1632=ORIENTED_EDGE('',*,*,#3252,.F.);
#1633=ORIENTED_EDGE('',*,*,#3253,.T.);
#1634=ORIENTED_EDGE('',*,*,#3254,.T.);
#1635=ORIENTED_EDGE('',*,*,#2884,.F.);
#1636=ORIENTED_EDGE('',*,*,#3254,.F.);
#1637=ORIENTED_EDGE('',*,*,#3255,.T.);
#1638=ORIENTED_EDGE('',*,*,#3256,.T.);
#1639=ORIENTED_EDGE('',*,*,#2885,.F.);
#1640=ORIENTED_EDGE('',*,*,#3256,.F.);
#1641=ORIENTED_EDGE('',*,*,#3257,.T.);
#1642=ORIENTED_EDGE('',*,*,#3258,.T.);
#1643=ORIENTED_EDGE('',*,*,#2882,.F.);
#1644=ORIENTED_EDGE('',*,*,#3258,.F.);
#1645=ORIENTED_EDGE('',*,*,#3259,.T.);
#1646=ORIENTED_EDGE('',*,*,#3252,.T.);
#1647=ORIENTED_EDGE('',*,*,#3253,.F.);
#1648=ORIENTED_EDGE('',*,*,#3259,.F.);
#1649=ORIENTED_EDGE('',*,*,#3257,.F.);
#1650=ORIENTED_EDGE('',*,*,#3255,.F.);
#1651=ORIENTED_EDGE('',*,*,#2887,.F.);
#1652=ORIENTED_EDGE('',*,*,#3260,.F.);
#1653=ORIENTED_EDGE('',*,*,#3261,.T.);
#1654=ORIENTED_EDGE('',*,*,#3262,.T.);
#1655=ORIENTED_EDGE('',*,*,#2888,.F.);
#1656=ORIENTED_EDGE('',*,*,#3262,.F.);
#1657=ORIENTED_EDGE('',*,*,#3263,.T.);
#1658=ORIENTED_EDGE('',*,*,#3264,.T.);
#1659=ORIENTED_EDGE('',*,*,#2889,.F.);
#1660=ORIENTED_EDGE('',*,*,#3264,.F.);
#1661=ORIENTED_EDGE('',*,*,#3265,.T.);
#1662=ORIENTED_EDGE('',*,*,#3266,.T.);
#1663=ORIENTED_EDGE('',*,*,#2886,.F.);
#1664=ORIENTED_EDGE('',*,*,#3266,.F.);
#1665=ORIENTED_EDGE('',*,*,#3267,.T.);
#1666=ORIENTED_EDGE('',*,*,#3260,.T.);
#1667=ORIENTED_EDGE('',*,*,#3261,.F.);
#1668=ORIENTED_EDGE('',*,*,#3267,.F.);
#1669=ORIENTED_EDGE('',*,*,#3265,.F.);
#1670=ORIENTED_EDGE('',*,*,#3263,.F.);
#1671=ORIENTED_EDGE('',*,*,#3268,.T.);
#1672=ORIENTED_EDGE('',*,*,#3269,.F.);
#1673=ORIENTED_EDGE('',*,*,#3270,.F.);
#1674=ORIENTED_EDGE('',*,*,#3271,.T.);
#1675=ORIENTED_EDGE('',*,*,#3272,.T.);
#1676=ORIENTED_EDGE('',*,*,#3273,.F.);
#1677=ORIENTED_EDGE('',*,*,#3274,.F.);
#1678=ORIENTED_EDGE('',*,*,#3269,.T.);
#1679=ORIENTED_EDGE('',*,*,#3275,.T.);
#1680=ORIENTED_EDGE('',*,*,#3276,.F.);
#1681=ORIENTED_EDGE('',*,*,#3277,.F.);
#1682=ORIENTED_EDGE('',*,*,#3273,.T.);
#1683=ORIENTED_EDGE('',*,*,#3278,.T.);
#1684=ORIENTED_EDGE('',*,*,#3271,.F.);
#1685=ORIENTED_EDGE('',*,*,#3279,.F.);
#1686=ORIENTED_EDGE('',*,*,#3276,.T.);
#1687=ORIENTED_EDGE('',*,*,#3270,.T.);
#1688=ORIENTED_EDGE('',*,*,#3274,.T.);
#1689=ORIENTED_EDGE('',*,*,#3277,.T.);
#1690=ORIENTED_EDGE('',*,*,#3279,.T.);
#1691=ORIENTED_EDGE('',*,*,#3268,.F.);
#1692=ORIENTED_EDGE('',*,*,#3278,.F.);
#1693=ORIENTED_EDGE('',*,*,#3275,.F.);
#1694=ORIENTED_EDGE('',*,*,#3272,.F.);
#1695=ORIENTED_EDGE('',*,*,#3280,.T.);
#1696=ORIENTED_EDGE('',*,*,#3281,.F.);
#1697=ORIENTED_EDGE('',*,*,#3282,.F.);
#1698=ORIENTED_EDGE('',*,*,#3283,.T.);
#1699=ORIENTED_EDGE('',*,*,#3284,.T.);
#1700=ORIENTED_EDGE('',*,*,#3285,.F.);
#1701=ORIENTED_EDGE('',*,*,#3286,.F.);
#1702=ORIENTED_EDGE('',*,*,#3281,.T.);
#1703=ORIENTED_EDGE('',*,*,#3287,.T.);
#1704=ORIENTED_EDGE('',*,*,#3288,.F.);
#1705=ORIENTED_EDGE('',*,*,#3289,.F.);
#1706=ORIENTED_EDGE('',*,*,#3285,.T.);
#1707=ORIENTED_EDGE('',*,*,#3290,.T.);
#1708=ORIENTED_EDGE('',*,*,#3283,.F.);
#1709=ORIENTED_EDGE('',*,*,#3291,.F.);
#1710=ORIENTED_EDGE('',*,*,#3288,.T.);
#1711=ORIENTED_EDGE('',*,*,#3282,.T.);
#1712=ORIENTED_EDGE('',*,*,#3286,.T.);
#1713=ORIENTED_EDGE('',*,*,#3289,.T.);
#1714=ORIENTED_EDGE('',*,*,#3291,.T.);
#1715=ORIENTED_EDGE('',*,*,#3280,.F.);
#1716=ORIENTED_EDGE('',*,*,#3290,.F.);
#1717=ORIENTED_EDGE('',*,*,#3287,.F.);
#1718=ORIENTED_EDGE('',*,*,#3284,.F.);
#1719=ORIENTED_EDGE('',*,*,#3292,.T.);
#1720=ORIENTED_EDGE('',*,*,#3293,.F.);
#1721=ORIENTED_EDGE('',*,*,#3294,.F.);
#1722=ORIENTED_EDGE('',*,*,#3295,.T.);
#1723=ORIENTED_EDGE('',*,*,#3296,.T.);
#1724=ORIENTED_EDGE('',*,*,#3297,.F.);
#1725=ORIENTED_EDGE('',*,*,#3298,.F.);
#1726=ORIENTED_EDGE('',*,*,#3293,.T.);
#1727=ORIENTED_EDGE('',*,*,#3299,.T.);
#1728=ORIENTED_EDGE('',*,*,#3300,.F.);
#1729=ORIENTED_EDGE('',*,*,#3301,.F.);
#1730=ORIENTED_EDGE('',*,*,#3297,.T.);
#1731=ORIENTED_EDGE('',*,*,#3302,.T.);
#1732=ORIENTED_EDGE('',*,*,#3295,.F.);
#1733=ORIENTED_EDGE('',*,*,#3303,.F.);
#1734=ORIENTED_EDGE('',*,*,#3300,.T.);
#1735=ORIENTED_EDGE('',*,*,#3294,.T.);
#1736=ORIENTED_EDGE('',*,*,#3298,.T.);
#1737=ORIENTED_EDGE('',*,*,#3301,.T.);
#1738=ORIENTED_EDGE('',*,*,#3303,.T.);
#1739=ORIENTED_EDGE('',*,*,#3292,.F.);
#1740=ORIENTED_EDGE('',*,*,#3302,.F.);
#1741=ORIENTED_EDGE('',*,*,#3299,.F.);
#1742=ORIENTED_EDGE('',*,*,#3296,.F.);
#1743=ORIENTED_EDGE('',*,*,#3304,.T.);
#1744=ORIENTED_EDGE('',*,*,#3305,.F.);
#1745=ORIENTED_EDGE('',*,*,#3306,.F.);
#1746=ORIENTED_EDGE('',*,*,#3307,.T.);
#1747=ORIENTED_EDGE('',*,*,#3308,.T.);
#1748=ORIENTED_EDGE('',*,*,#3309,.F.);
#1749=ORIENTED_EDGE('',*,*,#3310,.F.);
#1750=ORIENTED_EDGE('',*,*,#3305,.T.);
#1751=ORIENTED_EDGE('',*,*,#3311,.T.);
#1752=ORIENTED_EDGE('',*,*,#3312,.F.);
#1753=ORIENTED_EDGE('',*,*,#3313,.F.);
#1754=ORIENTED_EDGE('',*,*,#3309,.T.);
#1755=ORIENTED_EDGE('',*,*,#3314,.T.);
#1756=ORIENTED_EDGE('',*,*,#3307,.F.);
#1757=ORIENTED_EDGE('',*,*,#3315,.F.);
#1758=ORIENTED_EDGE('',*,*,#3312,.T.);
#1759=ORIENTED_EDGE('',*,*,#3306,.T.);
#1760=ORIENTED_EDGE('',*,*,#3310,.T.);
#1761=ORIENTED_EDGE('',*,*,#3313,.T.);
#1762=ORIENTED_EDGE('',*,*,#3315,.T.);
#1763=ORIENTED_EDGE('',*,*,#3304,.F.);
#1764=ORIENTED_EDGE('',*,*,#3314,.F.);
#1765=ORIENTED_EDGE('',*,*,#3311,.F.);
#1766=ORIENTED_EDGE('',*,*,#3308,.F.);
#1767=ORIENTED_EDGE('',*,*,#3316,.T.);
#1768=ORIENTED_EDGE('',*,*,#3317,.F.);
#1769=ORIENTED_EDGE('',*,*,#3318,.F.);
#1770=ORIENTED_EDGE('',*,*,#3319,.T.);
#1771=ORIENTED_EDGE('',*,*,#3320,.T.);
#1772=ORIENTED_EDGE('',*,*,#3321,.F.);
#1773=ORIENTED_EDGE('',*,*,#3322,.F.);
#1774=ORIENTED_EDGE('',*,*,#3317,.T.);
#1775=ORIENTED_EDGE('',*,*,#3323,.T.);
#1776=ORIENTED_EDGE('',*,*,#3324,.F.);
#1777=ORIENTED_EDGE('',*,*,#3325,.F.);
#1778=ORIENTED_EDGE('',*,*,#3321,.T.);
#1779=ORIENTED_EDGE('',*,*,#3326,.T.);
#1780=ORIENTED_EDGE('',*,*,#3319,.F.);
#1781=ORIENTED_EDGE('',*,*,#3327,.F.);
#1782=ORIENTED_EDGE('',*,*,#3324,.T.);
#1783=ORIENTED_EDGE('',*,*,#3318,.T.);
#1784=ORIENTED_EDGE('',*,*,#3322,.T.);
#1785=ORIENTED_EDGE('',*,*,#3325,.T.);
#1786=ORIENTED_EDGE('',*,*,#3327,.T.);
#1787=ORIENTED_EDGE('',*,*,#3316,.F.);
#1788=ORIENTED_EDGE('',*,*,#3326,.F.);
#1789=ORIENTED_EDGE('',*,*,#3323,.F.);
#1790=ORIENTED_EDGE('',*,*,#3320,.F.);
#1791=ORIENTED_EDGE('',*,*,#3328,.T.);
#1792=ORIENTED_EDGE('',*,*,#3329,.F.);
#1793=ORIENTED_EDGE('',*,*,#3330,.F.);
#1794=ORIENTED_EDGE('',*,*,#3331,.T.);
#1795=ORIENTED_EDGE('',*,*,#3332,.T.);
#1796=ORIENTED_EDGE('',*,*,#3333,.F.);
#1797=ORIENTED_EDGE('',*,*,#3334,.F.);
#1798=ORIENTED_EDGE('',*,*,#3329,.T.);
#1799=ORIENTED_EDGE('',*,*,#3335,.T.);
#1800=ORIENTED_EDGE('',*,*,#3336,.F.);
#1801=ORIENTED_EDGE('',*,*,#3337,.F.);
#1802=ORIENTED_EDGE('',*,*,#3333,.T.);
#1803=ORIENTED_EDGE('',*,*,#3338,.T.);
#1804=ORIENTED_EDGE('',*,*,#3331,.F.);
#1805=ORIENTED_EDGE('',*,*,#3339,.F.);
#1806=ORIENTED_EDGE('',*,*,#3336,.T.);
#1807=ORIENTED_EDGE('',*,*,#3330,.T.);
#1808=ORIENTED_EDGE('',*,*,#3334,.T.);
#1809=ORIENTED_EDGE('',*,*,#3337,.T.);
#1810=ORIENTED_EDGE('',*,*,#3339,.T.);
#1811=ORIENTED_EDGE('',*,*,#3328,.F.);
#1812=ORIENTED_EDGE('',*,*,#3338,.F.);
#1813=ORIENTED_EDGE('',*,*,#3335,.F.);
#1814=ORIENTED_EDGE('',*,*,#3332,.F.);
#1815=ORIENTED_EDGE('',*,*,#3340,.T.);
#1816=ORIENTED_EDGE('',*,*,#3341,.F.);
#1817=ORIENTED_EDGE('',*,*,#3342,.F.);
#1818=ORIENTED_EDGE('',*,*,#3343,.T.);
#1819=ORIENTED_EDGE('',*,*,#3344,.T.);
#1820=ORIENTED_EDGE('',*,*,#3345,.F.);
#1821=ORIENTED_EDGE('',*,*,#3346,.F.);
#1822=ORIENTED_EDGE('',*,*,#3341,.T.);
#1823=ORIENTED_EDGE('',*,*,#3347,.T.);
#1824=ORIENTED_EDGE('',*,*,#3348,.F.);
#1825=ORIENTED_EDGE('',*,*,#3349,.F.);
#1826=ORIENTED_EDGE('',*,*,#3345,.T.);
#1827=ORIENTED_EDGE('',*,*,#3350,.T.);
#1828=ORIENTED_EDGE('',*,*,#3343,.F.);
#1829=ORIENTED_EDGE('',*,*,#3351,.F.);
#1830=ORIENTED_EDGE('',*,*,#3348,.T.);
#1831=ORIENTED_EDGE('',*,*,#3342,.T.);
#1832=ORIENTED_EDGE('',*,*,#3346,.T.);
#1833=ORIENTED_EDGE('',*,*,#3349,.T.);
#1834=ORIENTED_EDGE('',*,*,#3351,.T.);
#1835=ORIENTED_EDGE('',*,*,#3340,.F.);
#1836=ORIENTED_EDGE('',*,*,#3350,.F.);
#1837=ORIENTED_EDGE('',*,*,#3347,.F.);
#1838=ORIENTED_EDGE('',*,*,#3344,.F.);
#1839=ORIENTED_EDGE('',*,*,#3352,.T.);
#1840=ORIENTED_EDGE('',*,*,#3353,.F.);
#1841=ORIENTED_EDGE('',*,*,#3354,.F.);
#1842=ORIENTED_EDGE('',*,*,#3355,.T.);
#1843=ORIENTED_EDGE('',*,*,#3356,.T.);
#1844=ORIENTED_EDGE('',*,*,#3357,.F.);
#1845=ORIENTED_EDGE('',*,*,#3358,.F.);
#1846=ORIENTED_EDGE('',*,*,#3353,.T.);
#1847=ORIENTED_EDGE('',*,*,#3359,.T.);
#1848=ORIENTED_EDGE('',*,*,#3360,.F.);
#1849=ORIENTED_EDGE('',*,*,#3361,.F.);
#1850=ORIENTED_EDGE('',*,*,#3357,.T.);
#1851=ORIENTED_EDGE('',*,*,#3362,.T.);
#1852=ORIENTED_EDGE('',*,*,#3355,.F.);
#1853=ORIENTED_EDGE('',*,*,#3363,.F.);
#1854=ORIENTED_EDGE('',*,*,#3360,.T.);
#1855=ORIENTED_EDGE('',*,*,#3354,.T.);
#1856=ORIENTED_EDGE('',*,*,#3358,.T.);
#1857=ORIENTED_EDGE('',*,*,#3361,.T.);
#1858=ORIENTED_EDGE('',*,*,#3363,.T.);
#1859=ORIENTED_EDGE('',*,*,#3352,.F.);
#1860=ORIENTED_EDGE('',*,*,#3362,.F.);
#1861=ORIENTED_EDGE('',*,*,#3359,.F.);
#1862=ORIENTED_EDGE('',*,*,#3356,.F.);
#1863=ORIENTED_EDGE('',*,*,#3364,.T.);
#1864=ORIENTED_EDGE('',*,*,#3365,.F.);
#1865=ORIENTED_EDGE('',*,*,#3366,.F.);
#1866=ORIENTED_EDGE('',*,*,#3367,.T.);
#1867=ORIENTED_EDGE('',*,*,#3368,.T.);
#1868=ORIENTED_EDGE('',*,*,#3369,.F.);
#1869=ORIENTED_EDGE('',*,*,#3370,.F.);
#1870=ORIENTED_EDGE('',*,*,#3365,.T.);
#1871=ORIENTED_EDGE('',*,*,#3371,.T.);
#1872=ORIENTED_EDGE('',*,*,#3372,.F.);
#1873=ORIENTED_EDGE('',*,*,#3373,.F.);
#1874=ORIENTED_EDGE('',*,*,#3369,.T.);
#1875=ORIENTED_EDGE('',*,*,#3374,.T.);
#1876=ORIENTED_EDGE('',*,*,#3367,.F.);
#1877=ORIENTED_EDGE('',*,*,#3375,.F.);
#1878=ORIENTED_EDGE('',*,*,#3372,.T.);
#1879=ORIENTED_EDGE('',*,*,#3366,.T.);
#1880=ORIENTED_EDGE('',*,*,#3370,.T.);
#1881=ORIENTED_EDGE('',*,*,#3373,.T.);
#1882=ORIENTED_EDGE('',*,*,#3375,.T.);
#1883=ORIENTED_EDGE('',*,*,#3364,.F.);
#1884=ORIENTED_EDGE('',*,*,#3374,.F.);
#1885=ORIENTED_EDGE('',*,*,#3371,.F.);
#1886=ORIENTED_EDGE('',*,*,#3368,.F.);
#1887=ORIENTED_EDGE('',*,*,#3376,.T.);
#1888=ORIENTED_EDGE('',*,*,#3377,.F.);
#1889=ORIENTED_EDGE('',*,*,#3378,.F.);
#1890=ORIENTED_EDGE('',*,*,#3379,.T.);
#1891=ORIENTED_EDGE('',*,*,#3380,.T.);
#1892=ORIENTED_EDGE('',*,*,#3381,.F.);
#1893=ORIENTED_EDGE('',*,*,#3382,.F.);
#1894=ORIENTED_EDGE('',*,*,#3377,.T.);
#1895=ORIENTED_EDGE('',*,*,#3383,.T.);
#1896=ORIENTED_EDGE('',*,*,#3384,.F.);
#1897=ORIENTED_EDGE('',*,*,#3385,.F.);
#1898=ORIENTED_EDGE('',*,*,#3381,.T.);
#1899=ORIENTED_EDGE('',*,*,#3386,.T.);
#1900=ORIENTED_EDGE('',*,*,#3379,.F.);
#1901=ORIENTED_EDGE('',*,*,#3387,.F.);
#1902=ORIENTED_EDGE('',*,*,#3384,.T.);
#1903=ORIENTED_EDGE('',*,*,#3378,.T.);
#1904=ORIENTED_EDGE('',*,*,#3382,.T.);
#1905=ORIENTED_EDGE('',*,*,#3385,.T.);
#1906=ORIENTED_EDGE('',*,*,#3387,.T.);
#1907=ORIENTED_EDGE('',*,*,#3376,.F.);
#1908=ORIENTED_EDGE('',*,*,#3386,.F.);
#1909=ORIENTED_EDGE('',*,*,#3383,.F.);
#1910=ORIENTED_EDGE('',*,*,#3380,.F.);
#1911=ORIENTED_EDGE('',*,*,#3388,.T.);
#1912=ORIENTED_EDGE('',*,*,#3389,.F.);
#1913=ORIENTED_EDGE('',*,*,#3390,.F.);
#1914=ORIENTED_EDGE('',*,*,#3391,.T.);
#1915=ORIENTED_EDGE('',*,*,#3392,.T.);
#1916=ORIENTED_EDGE('',*,*,#3393,.F.);
#1917=ORIENTED_EDGE('',*,*,#3394,.F.);
#1918=ORIENTED_EDGE('',*,*,#3389,.T.);
#1919=ORIENTED_EDGE('',*,*,#3395,.T.);
#1920=ORIENTED_EDGE('',*,*,#3396,.F.);
#1921=ORIENTED_EDGE('',*,*,#3397,.F.);
#1922=ORIENTED_EDGE('',*,*,#3393,.T.);
#1923=ORIENTED_EDGE('',*,*,#3398,.T.);
#1924=ORIENTED_EDGE('',*,*,#3391,.F.);
#1925=ORIENTED_EDGE('',*,*,#3399,.F.);
#1926=ORIENTED_EDGE('',*,*,#3396,.T.);
#1927=ORIENTED_EDGE('',*,*,#3390,.T.);
#1928=ORIENTED_EDGE('',*,*,#3394,.T.);
#1929=ORIENTED_EDGE('',*,*,#3397,.T.);
#1930=ORIENTED_EDGE('',*,*,#3399,.T.);
#1931=ORIENTED_EDGE('',*,*,#3388,.F.);
#1932=ORIENTED_EDGE('',*,*,#3398,.F.);
#1933=ORIENTED_EDGE('',*,*,#3395,.F.);
#1934=ORIENTED_EDGE('',*,*,#3392,.F.);
#1935=ORIENTED_EDGE('',*,*,#3400,.T.);
#1936=ORIENTED_EDGE('',*,*,#3401,.F.);
#1937=ORIENTED_EDGE('',*,*,#3402,.F.);
#1938=ORIENTED_EDGE('',*,*,#3403,.T.);
#1939=ORIENTED_EDGE('',*,*,#3404,.T.);
#1940=ORIENTED_EDGE('',*,*,#3405,.F.);
#1941=ORIENTED_EDGE('',*,*,#3406,.F.);
#1942=ORIENTED_EDGE('',*,*,#3401,.T.);
#1943=ORIENTED_EDGE('',*,*,#3407,.T.);
#1944=ORIENTED_EDGE('',*,*,#3408,.F.);
#1945=ORIENTED_EDGE('',*,*,#3409,.F.);
#1946=ORIENTED_EDGE('',*,*,#3405,.T.);
#1947=ORIENTED_EDGE('',*,*,#3410,.T.);
#1948=ORIENTED_EDGE('',*,*,#3403,.F.);
#1949=ORIENTED_EDGE('',*,*,#3411,.F.);
#1950=ORIENTED_EDGE('',*,*,#3408,.T.);
#1951=ORIENTED_EDGE('',*,*,#3402,.T.);
#1952=ORIENTED_EDGE('',*,*,#3406,.T.);
#1953=ORIENTED_EDGE('',*,*,#3409,.T.);
#1954=ORIENTED_EDGE('',*,*,#3411,.T.);
#1955=ORIENTED_EDGE('',*,*,#3400,.F.);
#1956=ORIENTED_EDGE('',*,*,#3410,.F.);
#1957=ORIENTED_EDGE('',*,*,#3407,.F.);
#1958=ORIENTED_EDGE('',*,*,#3404,.F.);
#1959=ORIENTED_EDGE('',*,*,#3412,.T.);
#1960=ORIENTED_EDGE('',*,*,#3413,.F.);
#1961=ORIENTED_EDGE('',*,*,#3414,.F.);
#1962=ORIENTED_EDGE('',*,*,#3415,.T.);
#1963=ORIENTED_EDGE('',*,*,#3416,.T.);
#1964=ORIENTED_EDGE('',*,*,#3417,.F.);
#1965=ORIENTED_EDGE('',*,*,#3418,.F.);
#1966=ORIENTED_EDGE('',*,*,#3413,.T.);
#1967=ORIENTED_EDGE('',*,*,#3419,.T.);
#1968=ORIENTED_EDGE('',*,*,#3420,.F.);
#1969=ORIENTED_EDGE('',*,*,#3421,.F.);
#1970=ORIENTED_EDGE('',*,*,#3417,.T.);
#1971=ORIENTED_EDGE('',*,*,#3422,.T.);
#1972=ORIENTED_EDGE('',*,*,#3415,.F.);
#1973=ORIENTED_EDGE('',*,*,#3423,.F.);
#1974=ORIENTED_EDGE('',*,*,#3420,.T.);
#1975=ORIENTED_EDGE('',*,*,#3414,.T.);
#1976=ORIENTED_EDGE('',*,*,#3418,.T.);
#1977=ORIENTED_EDGE('',*,*,#3421,.T.);
#1978=ORIENTED_EDGE('',*,*,#3423,.T.);
#1979=ORIENTED_EDGE('',*,*,#3412,.F.);
#1980=ORIENTED_EDGE('',*,*,#3422,.F.);
#1981=ORIENTED_EDGE('',*,*,#3419,.F.);
#1982=ORIENTED_EDGE('',*,*,#3416,.F.);
#1983=ORIENTED_EDGE('',*,*,#3424,.T.);
#1984=ORIENTED_EDGE('',*,*,#3425,.F.);
#1985=ORIENTED_EDGE('',*,*,#3426,.F.);
#1986=ORIENTED_EDGE('',*,*,#3427,.T.);
#1987=ORIENTED_EDGE('',*,*,#3428,.T.);
#1988=ORIENTED_EDGE('',*,*,#3429,.F.);
#1989=ORIENTED_EDGE('',*,*,#3430,.F.);
#1990=ORIENTED_EDGE('',*,*,#3425,.T.);
#1991=ORIENTED_EDGE('',*,*,#3431,.T.);
#1992=ORIENTED_EDGE('',*,*,#3432,.F.);
#1993=ORIENTED_EDGE('',*,*,#3433,.F.);
#1994=ORIENTED_EDGE('',*,*,#3429,.T.);
#1995=ORIENTED_EDGE('',*,*,#3434,.T.);
#1996=ORIENTED_EDGE('',*,*,#3427,.F.);
#1997=ORIENTED_EDGE('',*,*,#3435,.F.);
#1998=ORIENTED_EDGE('',*,*,#3432,.T.);
#1999=ORIENTED_EDGE('',*,*,#3426,.T.);
#2000=ORIENTED_EDGE('',*,*,#3430,.T.);
#2001=ORIENTED_EDGE('',*,*,#3433,.T.);
#2002=ORIENTED_EDGE('',*,*,#3435,.T.);
#2003=ORIENTED_EDGE('',*,*,#3424,.F.);
#2004=ORIENTED_EDGE('',*,*,#3434,.F.);
#2005=ORIENTED_EDGE('',*,*,#3431,.F.);
#2006=ORIENTED_EDGE('',*,*,#3428,.F.);
#2007=ORIENTED_EDGE('',*,*,#3436,.T.);
#2008=ORIENTED_EDGE('',*,*,#3437,.F.);
#2009=ORIENTED_EDGE('',*,*,#3438,.F.);
#2010=ORIENTED_EDGE('',*,*,#3439,.T.);
#2011=ORIENTED_EDGE('',*,*,#3440,.T.);
#2012=ORIENTED_EDGE('',*,*,#3441,.F.);
#2013=ORIENTED_EDGE('',*,*,#3442,.F.);
#2014=ORIENTED_EDGE('',*,*,#3437,.T.);
#2015=ORIENTED_EDGE('',*,*,#3443,.T.);
#2016=ORIENTED_EDGE('',*,*,#3444,.F.);
#2017=ORIENTED_EDGE('',*,*,#3445,.F.);
#2018=ORIENTED_EDGE('',*,*,#3441,.T.);
#2019=ORIENTED_EDGE('',*,*,#3446,.T.);
#2020=ORIENTED_EDGE('',*,*,#3439,.F.);
#2021=ORIENTED_EDGE('',*,*,#3447,.F.);
#2022=ORIENTED_EDGE('',*,*,#3444,.T.);
#2023=ORIENTED_EDGE('',*,*,#3438,.T.);
#2024=ORIENTED_EDGE('',*,*,#3442,.T.);
#2025=ORIENTED_EDGE('',*,*,#3445,.T.);
#2026=ORIENTED_EDGE('',*,*,#3447,.T.);
#2027=ORIENTED_EDGE('',*,*,#3436,.F.);
#2028=ORIENTED_EDGE('',*,*,#3446,.F.);
#2029=ORIENTED_EDGE('',*,*,#3443,.F.);
#2030=ORIENTED_EDGE('',*,*,#3440,.F.);
#2031=ORIENTED_EDGE('',*,*,#3448,.T.);
#2032=ORIENTED_EDGE('',*,*,#3449,.F.);
#2033=ORIENTED_EDGE('',*,*,#3450,.F.);
#2034=ORIENTED_EDGE('',*,*,#3451,.T.);
#2035=ORIENTED_EDGE('',*,*,#3452,.T.);
#2036=ORIENTED_EDGE('',*,*,#3453,.F.);
#2037=ORIENTED_EDGE('',*,*,#3454,.F.);
#2038=ORIENTED_EDGE('',*,*,#3449,.T.);
#2039=ORIENTED_EDGE('',*,*,#3455,.T.);
#2040=ORIENTED_EDGE('',*,*,#3456,.F.);
#2041=ORIENTED_EDGE('',*,*,#3457,.F.);
#2042=ORIENTED_EDGE('',*,*,#3453,.T.);
#2043=ORIENTED_EDGE('',*,*,#3458,.T.);
#2044=ORIENTED_EDGE('',*,*,#3451,.F.);
#2045=ORIENTED_EDGE('',*,*,#3459,.F.);
#2046=ORIENTED_EDGE('',*,*,#3456,.T.);
#2047=ORIENTED_EDGE('',*,*,#3450,.T.);
#2048=ORIENTED_EDGE('',*,*,#3454,.T.);
#2049=ORIENTED_EDGE('',*,*,#3457,.T.);
#2050=ORIENTED_EDGE('',*,*,#3459,.T.);
#2051=ORIENTED_EDGE('',*,*,#3448,.F.);
#2052=ORIENTED_EDGE('',*,*,#3458,.F.);
#2053=ORIENTED_EDGE('',*,*,#3455,.F.);
#2054=ORIENTED_EDGE('',*,*,#3452,.F.);
#2055=ORIENTED_EDGE('',*,*,#3460,.T.);
#2056=ORIENTED_EDGE('',*,*,#3461,.F.);
#2057=ORIENTED_EDGE('',*,*,#3462,.F.);
#2058=ORIENTED_EDGE('',*,*,#3463,.T.);
#2059=ORIENTED_EDGE('',*,*,#3464,.T.);
#2060=ORIENTED_EDGE('',*,*,#3465,.F.);
#2061=ORIENTED_EDGE('',*,*,#3466,.F.);
#2062=ORIENTED_EDGE('',*,*,#3461,.T.);
#2063=ORIENTED_EDGE('',*,*,#3467,.T.);
#2064=ORIENTED_EDGE('',*,*,#3468,.F.);
#2065=ORIENTED_EDGE('',*,*,#3469,.F.);
#2066=ORIENTED_EDGE('',*,*,#3465,.T.);
#2067=ORIENTED_EDGE('',*,*,#3470,.T.);
#2068=ORIENTED_EDGE('',*,*,#3463,.F.);
#2069=ORIENTED_EDGE('',*,*,#3471,.F.);
#2070=ORIENTED_EDGE('',*,*,#3468,.T.);
#2071=ORIENTED_EDGE('',*,*,#3462,.T.);
#2072=ORIENTED_EDGE('',*,*,#3466,.T.);
#2073=ORIENTED_EDGE('',*,*,#3469,.T.);
#2074=ORIENTED_EDGE('',*,*,#3471,.T.);
#2075=ORIENTED_EDGE('',*,*,#3460,.F.);
#2076=ORIENTED_EDGE('',*,*,#3470,.F.);
#2077=ORIENTED_EDGE('',*,*,#3467,.F.);
#2078=ORIENTED_EDGE('',*,*,#3464,.F.);
#2079=ORIENTED_EDGE('',*,*,#3472,.T.);
#2080=ORIENTED_EDGE('',*,*,#3473,.F.);
#2081=ORIENTED_EDGE('',*,*,#3474,.F.);
#2082=ORIENTED_EDGE('',*,*,#3475,.T.);
#2083=ORIENTED_EDGE('',*,*,#3476,.T.);
#2084=ORIENTED_EDGE('',*,*,#3477,.F.);
#2085=ORIENTED_EDGE('',*,*,#3478,.F.);
#2086=ORIENTED_EDGE('',*,*,#3473,.T.);
#2087=ORIENTED_EDGE('',*,*,#3479,.T.);
#2088=ORIENTED_EDGE('',*,*,#3480,.F.);
#2089=ORIENTED_EDGE('',*,*,#3481,.F.);
#2090=ORIENTED_EDGE('',*,*,#3477,.T.);
#2091=ORIENTED_EDGE('',*,*,#3482,.T.);
#2092=ORIENTED_EDGE('',*,*,#3475,.F.);
#2093=ORIENTED_EDGE('',*,*,#3483,.F.);
#2094=ORIENTED_EDGE('',*,*,#3480,.T.);
#2095=ORIENTED_EDGE('',*,*,#3474,.T.);
#2096=ORIENTED_EDGE('',*,*,#3478,.T.);
#2097=ORIENTED_EDGE('',*,*,#3481,.T.);
#2098=ORIENTED_EDGE('',*,*,#3483,.T.);
#2099=ORIENTED_EDGE('',*,*,#3472,.F.);
#2100=ORIENTED_EDGE('',*,*,#3482,.F.);
#2101=ORIENTED_EDGE('',*,*,#3479,.F.);
#2102=ORIENTED_EDGE('',*,*,#3476,.F.);
#2103=ORIENTED_EDGE('',*,*,#3484,.T.);
#2104=ORIENTED_EDGE('',*,*,#3485,.F.);
#2105=ORIENTED_EDGE('',*,*,#3486,.F.);
#2106=ORIENTED_EDGE('',*,*,#3487,.T.);
#2107=ORIENTED_EDGE('',*,*,#3488,.T.);
#2108=ORIENTED_EDGE('',*,*,#3489,.F.);
#2109=ORIENTED_EDGE('',*,*,#3490,.F.);
#2110=ORIENTED_EDGE('',*,*,#3485,.T.);
#2111=ORIENTED_EDGE('',*,*,#3491,.T.);
#2112=ORIENTED_EDGE('',*,*,#3492,.F.);
#2113=ORIENTED_EDGE('',*,*,#3493,.F.);
#2114=ORIENTED_EDGE('',*,*,#3489,.T.);
#2115=ORIENTED_EDGE('',*,*,#3494,.T.);
#2116=ORIENTED_EDGE('',*,*,#3495,.F.);
#2117=ORIENTED_EDGE('',*,*,#3496,.F.);
#2118=ORIENTED_EDGE('',*,*,#3492,.T.);
#2119=ORIENTED_EDGE('',*,*,#3497,.T.);
#2120=ORIENTED_EDGE('',*,*,#3487,.F.);
#2121=ORIENTED_EDGE('',*,*,#3498,.F.);
#2122=ORIENTED_EDGE('',*,*,#3495,.T.);
#2123=ORIENTED_EDGE('',*,*,#3486,.T.);
#2124=ORIENTED_EDGE('',*,*,#3490,.T.);
#2125=ORIENTED_EDGE('',*,*,#3493,.T.);
#2126=ORIENTED_EDGE('',*,*,#3496,.T.);
#2127=ORIENTED_EDGE('',*,*,#3498,.T.);
#2128=ORIENTED_EDGE('',*,*,#3484,.F.);
#2129=ORIENTED_EDGE('',*,*,#3497,.F.);
#2130=ORIENTED_EDGE('',*,*,#3494,.F.);
#2131=ORIENTED_EDGE('',*,*,#3491,.F.);
#2132=ORIENTED_EDGE('',*,*,#3488,.F.);
#2133=ORIENTED_EDGE('',*,*,#3499,.T.);
#2134=ORIENTED_EDGE('',*,*,#3500,.F.);
#2135=ORIENTED_EDGE('',*,*,#3501,.F.);
#2136=ORIENTED_EDGE('',*,*,#3502,.T.);
#2137=ORIENTED_EDGE('',*,*,#3503,.T.);
#2138=ORIENTED_EDGE('',*,*,#3504,.F.);
#2139=ORIENTED_EDGE('',*,*,#3505,.F.);
#2140=ORIENTED_EDGE('',*,*,#3500,.T.);
#2141=ORIENTED_EDGE('',*,*,#3506,.T.);
#2142=ORIENTED_EDGE('',*,*,#3507,.F.);
#2143=ORIENTED_EDGE('',*,*,#3508,.F.);
#2144=ORIENTED_EDGE('',*,*,#3504,.T.);
#2145=ORIENTED_EDGE('',*,*,#3509,.T.);
#2146=ORIENTED_EDGE('',*,*,#3502,.F.);
#2147=ORIENTED_EDGE('',*,*,#3510,.F.);
#2148=ORIENTED_EDGE('',*,*,#3507,.T.);
#2149=ORIENTED_EDGE('',*,*,#3501,.T.);
#2150=ORIENTED_EDGE('',*,*,#3505,.T.);
#2151=ORIENTED_EDGE('',*,*,#3508,.T.);
#2152=ORIENTED_EDGE('',*,*,#3510,.T.);
#2153=ORIENTED_EDGE('',*,*,#3499,.F.);
#2154=ORIENTED_EDGE('',*,*,#3509,.F.);
#2155=ORIENTED_EDGE('',*,*,#3506,.F.);
#2156=ORIENTED_EDGE('',*,*,#3503,.F.);
#2157=ORIENTED_EDGE('',*,*,#3511,.T.);
#2158=ORIENTED_EDGE('',*,*,#3512,.F.);
#2159=ORIENTED_EDGE('',*,*,#3513,.F.);
#2160=ORIENTED_EDGE('',*,*,#3514,.T.);
#2161=ORIENTED_EDGE('',*,*,#3515,.T.);
#2162=ORIENTED_EDGE('',*,*,#3516,.F.);
#2163=ORIENTED_EDGE('',*,*,#3517,.F.);
#2164=ORIENTED_EDGE('',*,*,#3512,.T.);
#2165=ORIENTED_EDGE('',*,*,#3518,.T.);
#2166=ORIENTED_EDGE('',*,*,#3519,.F.);
#2167=ORIENTED_EDGE('',*,*,#3520,.F.);
#2168=ORIENTED_EDGE('',*,*,#3516,.T.);
#2169=ORIENTED_EDGE('',*,*,#3521,.T.);
#2170=ORIENTED_EDGE('',*,*,#3514,.F.);
#2171=ORIENTED_EDGE('',*,*,#3522,.F.);
#2172=ORIENTED_EDGE('',*,*,#3519,.T.);
#2173=ORIENTED_EDGE('',*,*,#3513,.T.);
#2174=ORIENTED_EDGE('',*,*,#3517,.T.);
#2175=ORIENTED_EDGE('',*,*,#3520,.T.);
#2176=ORIENTED_EDGE('',*,*,#3522,.T.);
#2177=ORIENTED_EDGE('',*,*,#3511,.F.);
#2178=ORIENTED_EDGE('',*,*,#3521,.F.);
#2179=ORIENTED_EDGE('',*,*,#3518,.F.);
#2180=ORIENTED_EDGE('',*,*,#3515,.F.);
#2181=ORIENTED_EDGE('',*,*,#3523,.T.);
#2182=ORIENTED_EDGE('',*,*,#3524,.F.);
#2183=ORIENTED_EDGE('',*,*,#3525,.F.);
#2184=ORIENTED_EDGE('',*,*,#3526,.T.);
#2185=ORIENTED_EDGE('',*,*,#3527,.T.);
#2186=ORIENTED_EDGE('',*,*,#3528,.F.);
#2187=ORIENTED_EDGE('',*,*,#3529,.F.);
#2188=ORIENTED_EDGE('',*,*,#3524,.T.);
#2189=ORIENTED_EDGE('',*,*,#3530,.T.);
#2190=ORIENTED_EDGE('',*,*,#3531,.F.);
#2191=ORIENTED_EDGE('',*,*,#3532,.F.);
#2192=ORIENTED_EDGE('',*,*,#3528,.T.);
#2193=ORIENTED_EDGE('',*,*,#3533,.T.);
#2194=ORIENTED_EDGE('',*,*,#3526,.F.);
#2195=ORIENTED_EDGE('',*,*,#3534,.F.);
#2196=ORIENTED_EDGE('',*,*,#3531,.T.);
#2197=ORIENTED_EDGE('',*,*,#3525,.T.);
#2198=ORIENTED_EDGE('',*,*,#3529,.T.);
#2199=ORIENTED_EDGE('',*,*,#3532,.T.);
#2200=ORIENTED_EDGE('',*,*,#3534,.T.);
#2201=ORIENTED_EDGE('',*,*,#3523,.F.);
#2202=ORIENTED_EDGE('',*,*,#3533,.F.);
#2203=ORIENTED_EDGE('',*,*,#3530,.F.);
#2204=ORIENTED_EDGE('',*,*,#3527,.F.);
#2205=ORIENTED_EDGE('',*,*,#3535,.T.);
#2206=ORIENTED_EDGE('',*,*,#3536,.F.);
#2207=ORIENTED_EDGE('',*,*,#3537,.F.);
#2208=ORIENTED_EDGE('',*,*,#3538,.T.);
#2209=ORIENTED_EDGE('',*,*,#3539,.T.);
#2210=ORIENTED_EDGE('',*,*,#3540,.F.);
#2211=ORIENTED_EDGE('',*,*,#3541,.F.);
#2212=ORIENTED_EDGE('',*,*,#3536,.T.);
#2213=ORIENTED_EDGE('',*,*,#3542,.T.);
#2214=ORIENTED_EDGE('',*,*,#3543,.F.);
#2215=ORIENTED_EDGE('',*,*,#3544,.F.);
#2216=ORIENTED_EDGE('',*,*,#3540,.T.);
#2217=ORIENTED_EDGE('',*,*,#3545,.T.);
#2218=ORIENTED_EDGE('',*,*,#3538,.F.);
#2219=ORIENTED_EDGE('',*,*,#3546,.F.);
#2220=ORIENTED_EDGE('',*,*,#3543,.T.);
#2221=ORIENTED_EDGE('',*,*,#3537,.T.);
#2222=ORIENTED_EDGE('',*,*,#3541,.T.);
#2223=ORIENTED_EDGE('',*,*,#3544,.T.);
#2224=ORIENTED_EDGE('',*,*,#3546,.T.);
#2225=ORIENTED_EDGE('',*,*,#3535,.F.);
#2226=ORIENTED_EDGE('',*,*,#3545,.F.);
#2227=ORIENTED_EDGE('',*,*,#3542,.F.);
#2228=ORIENTED_EDGE('',*,*,#3539,.F.);
#2229=ORIENTED_EDGE('',*,*,#3547,.T.);
#2230=ORIENTED_EDGE('',*,*,#3548,.F.);
#2231=ORIENTED_EDGE('',*,*,#3549,.F.);
#2232=ORIENTED_EDGE('',*,*,#3550,.T.);
#2233=ORIENTED_EDGE('',*,*,#3551,.T.);
#2234=ORIENTED_EDGE('',*,*,#3552,.F.);
#2235=ORIENTED_EDGE('',*,*,#3553,.F.);
#2236=ORIENTED_EDGE('',*,*,#3548,.T.);
#2237=ORIENTED_EDGE('',*,*,#3554,.T.);
#2238=ORIENTED_EDGE('',*,*,#3555,.F.);
#2239=ORIENTED_EDGE('',*,*,#3556,.F.);
#2240=ORIENTED_EDGE('',*,*,#3552,.T.);
#2241=ORIENTED_EDGE('',*,*,#3557,.T.);
#2242=ORIENTED_EDGE('',*,*,#3550,.F.);
#2243=ORIENTED_EDGE('',*,*,#3558,.F.);
#2244=ORIENTED_EDGE('',*,*,#3555,.T.);
#2245=ORIENTED_EDGE('',*,*,#3549,.T.);
#2246=ORIENTED_EDGE('',*,*,#3553,.T.);
#2247=ORIENTED_EDGE('',*,*,#3556,.T.);
#2248=ORIENTED_EDGE('',*,*,#3558,.T.);
#2249=ORIENTED_EDGE('',*,*,#3547,.F.);
#2250=ORIENTED_EDGE('',*,*,#3557,.F.);
#2251=ORIENTED_EDGE('',*,*,#3554,.F.);
#2252=ORIENTED_EDGE('',*,*,#3551,.F.);
#2253=ORIENTED_EDGE('',*,*,#3559,.T.);
#2254=ORIENTED_EDGE('',*,*,#3560,.F.);
#2255=ORIENTED_EDGE('',*,*,#3561,.F.);
#2256=ORIENTED_EDGE('',*,*,#3562,.T.);
#2257=ORIENTED_EDGE('',*,*,#3563,.T.);
#2258=ORIENTED_EDGE('',*,*,#3564,.F.);
#2259=ORIENTED_EDGE('',*,*,#3565,.F.);
#2260=ORIENTED_EDGE('',*,*,#3560,.T.);
#2261=ORIENTED_EDGE('',*,*,#3566,.T.);
#2262=ORIENTED_EDGE('',*,*,#3567,.F.);
#2263=ORIENTED_EDGE('',*,*,#3568,.F.);
#2264=ORIENTED_EDGE('',*,*,#3564,.T.);
#2265=ORIENTED_EDGE('',*,*,#3569,.T.);
#2266=ORIENTED_EDGE('',*,*,#3562,.F.);
#2267=ORIENTED_EDGE('',*,*,#3570,.F.);
#2268=ORIENTED_EDGE('',*,*,#3567,.T.);
#2269=ORIENTED_EDGE('',*,*,#3561,.T.);
#2270=ORIENTED_EDGE('',*,*,#3565,.T.);
#2271=ORIENTED_EDGE('',*,*,#3568,.T.);
#2272=ORIENTED_EDGE('',*,*,#3570,.T.);
#2273=ORIENTED_EDGE('',*,*,#3559,.F.);
#2274=ORIENTED_EDGE('',*,*,#3569,.F.);
#2275=ORIENTED_EDGE('',*,*,#3566,.F.);
#2276=ORIENTED_EDGE('',*,*,#3563,.F.);
#2277=ORIENTED_EDGE('',*,*,#3571,.T.);
#2278=ORIENTED_EDGE('',*,*,#3572,.F.);
#2279=ORIENTED_EDGE('',*,*,#3573,.F.);
#2280=ORIENTED_EDGE('',*,*,#3574,.T.);
#2281=ORIENTED_EDGE('',*,*,#3575,.T.);
#2282=ORIENTED_EDGE('',*,*,#3576,.F.);
#2283=ORIENTED_EDGE('',*,*,#3577,.F.);
#2284=ORIENTED_EDGE('',*,*,#3572,.T.);
#2285=ORIENTED_EDGE('',*,*,#3578,.T.);
#2286=ORIENTED_EDGE('',*,*,#3579,.F.);
#2287=ORIENTED_EDGE('',*,*,#3580,.F.);
#2288=ORIENTED_EDGE('',*,*,#3576,.T.);
#2289=ORIENTED_EDGE('',*,*,#3581,.T.);
#2290=ORIENTED_EDGE('',*,*,#3574,.F.);
#2291=ORIENTED_EDGE('',*,*,#3582,.F.);
#2292=ORIENTED_EDGE('',*,*,#3579,.T.);
#2293=ORIENTED_EDGE('',*,*,#3573,.T.);
#2294=ORIENTED_EDGE('',*,*,#3577,.T.);
#2295=ORIENTED_EDGE('',*,*,#3580,.T.);
#2296=ORIENTED_EDGE('',*,*,#3582,.T.);
#2297=ORIENTED_EDGE('',*,*,#3571,.F.);
#2298=ORIENTED_EDGE('',*,*,#3581,.F.);
#2299=ORIENTED_EDGE('',*,*,#3578,.F.);
#2300=ORIENTED_EDGE('',*,*,#3575,.F.);
#2301=ORIENTED_EDGE('',*,*,#3583,.T.);
#2302=ORIENTED_EDGE('',*,*,#3584,.F.);
#2303=ORIENTED_EDGE('',*,*,#3585,.F.);
#2304=ORIENTED_EDGE('',*,*,#3586,.T.);
#2305=ORIENTED_EDGE('',*,*,#3587,.T.);
#2306=ORIENTED_EDGE('',*,*,#3588,.F.);
#2307=ORIENTED_EDGE('',*,*,#3589,.F.);
#2308=ORIENTED_EDGE('',*,*,#3584,.T.);
#2309=ORIENTED_EDGE('',*,*,#3590,.T.);
#2310=ORIENTED_EDGE('',*,*,#3591,.F.);
#2311=ORIENTED_EDGE('',*,*,#3592,.F.);
#2312=ORIENTED_EDGE('',*,*,#3588,.T.);
#2313=ORIENTED_EDGE('',*,*,#3593,.T.);
#2314=ORIENTED_EDGE('',*,*,#3586,.F.);
#2315=ORIENTED_EDGE('',*,*,#3594,.F.);
#2316=ORIENTED_EDGE('',*,*,#3591,.T.);
#2317=ORIENTED_EDGE('',*,*,#3585,.T.);
#2318=ORIENTED_EDGE('',*,*,#3589,.T.);
#2319=ORIENTED_EDGE('',*,*,#3592,.T.);
#2320=ORIENTED_EDGE('',*,*,#3594,.T.);
#2321=ORIENTED_EDGE('',*,*,#3583,.F.);
#2322=ORIENTED_EDGE('',*,*,#3593,.F.);
#2323=ORIENTED_EDGE('',*,*,#3590,.F.);
#2324=ORIENTED_EDGE('',*,*,#3587,.F.);
#2325=ORIENTED_EDGE('',*,*,#3595,.T.);
#2326=ORIENTED_EDGE('',*,*,#3596,.F.);
#2327=ORIENTED_EDGE('',*,*,#3597,.F.);
#2328=ORIENTED_EDGE('',*,*,#3598,.T.);
#2329=ORIENTED_EDGE('',*,*,#3599,.T.);
#2330=ORIENTED_EDGE('',*,*,#3600,.F.);
#2331=ORIENTED_EDGE('',*,*,#3601,.F.);
#2332=ORIENTED_EDGE('',*,*,#3596,.T.);
#2333=ORIENTED_EDGE('',*,*,#3602,.T.);
#2334=ORIENTED_EDGE('',*,*,#3603,.F.);
#2335=ORIENTED_EDGE('',*,*,#3604,.F.);
#2336=ORIENTED_EDGE('',*,*,#3600,.T.);
#2337=ORIENTED_EDGE('',*,*,#3605,.T.);
#2338=ORIENTED_EDGE('',*,*,#3598,.F.);
#2339=ORIENTED_EDGE('',*,*,#3606,.F.);
#2340=ORIENTED_EDGE('',*,*,#3603,.T.);
#2341=ORIENTED_EDGE('',*,*,#3597,.T.);
#2342=ORIENTED_EDGE('',*,*,#3601,.T.);
#2343=ORIENTED_EDGE('',*,*,#3604,.T.);
#2344=ORIENTED_EDGE('',*,*,#3606,.T.);
#2345=ORIENTED_EDGE('',*,*,#3595,.F.);
#2346=ORIENTED_EDGE('',*,*,#3605,.F.);
#2347=ORIENTED_EDGE('',*,*,#3602,.F.);
#2348=ORIENTED_EDGE('',*,*,#3599,.F.);
#2349=ORIENTED_EDGE('',*,*,#3607,.T.);
#2350=ORIENTED_EDGE('',*,*,#3608,.F.);
#2351=ORIENTED_EDGE('',*,*,#3609,.F.);
#2352=ORIENTED_EDGE('',*,*,#3610,.T.);
#2353=ORIENTED_EDGE('',*,*,#3611,.T.);
#2354=ORIENTED_EDGE('',*,*,#3612,.F.);
#2355=ORIENTED_EDGE('',*,*,#3613,.F.);
#2356=ORIENTED_EDGE('',*,*,#3608,.T.);
#2357=ORIENTED_EDGE('',*,*,#3614,.T.);
#2358=ORIENTED_EDGE('',*,*,#3615,.F.);
#2359=ORIENTED_EDGE('',*,*,#3616,.F.);
#2360=ORIENTED_EDGE('',*,*,#3612,.T.);
#2361=ORIENTED_EDGE('',*,*,#3617,.T.);
#2362=ORIENTED_EDGE('',*,*,#3610,.F.);
#2363=ORIENTED_EDGE('',*,*,#3618,.F.);
#2364=ORIENTED_EDGE('',*,*,#3615,.T.);
#2365=ORIENTED_EDGE('',*,*,#3609,.T.);
#2366=ORIENTED_EDGE('',*,*,#3613,.T.);
#2367=ORIENTED_EDGE('',*,*,#3616,.T.);
#2368=ORIENTED_EDGE('',*,*,#3618,.T.);
#2369=ORIENTED_EDGE('',*,*,#3607,.F.);
#2370=ORIENTED_EDGE('',*,*,#3617,.F.);
#2371=ORIENTED_EDGE('',*,*,#3614,.F.);
#2372=ORIENTED_EDGE('',*,*,#3611,.F.);
#2373=ORIENTED_EDGE('',*,*,#3619,.T.);
#2374=ORIENTED_EDGE('',*,*,#3620,.F.);
#2375=ORIENTED_EDGE('',*,*,#3621,.F.);
#2376=ORIENTED_EDGE('',*,*,#3622,.T.);
#2377=ORIENTED_EDGE('',*,*,#3623,.T.);
#2378=ORIENTED_EDGE('',*,*,#3624,.F.);
#2379=ORIENTED_EDGE('',*,*,#3625,.F.);
#2380=ORIENTED_EDGE('',*,*,#3620,.T.);
#2381=ORIENTED_EDGE('',*,*,#3626,.T.);
#2382=ORIENTED_EDGE('',*,*,#3627,.F.);
#2383=ORIENTED_EDGE('',*,*,#3628,.F.);
#2384=ORIENTED_EDGE('',*,*,#3624,.T.);
#2385=ORIENTED_EDGE('',*,*,#3629,.T.);
#2386=ORIENTED_EDGE('',*,*,#3622,.F.);
#2387=ORIENTED_EDGE('',*,*,#3630,.F.);
#2388=ORIENTED_EDGE('',*,*,#3627,.T.);
#2389=ORIENTED_EDGE('',*,*,#3621,.T.);
#2390=ORIENTED_EDGE('',*,*,#3625,.T.);
#2391=ORIENTED_EDGE('',*,*,#3628,.T.);
#2392=ORIENTED_EDGE('',*,*,#3630,.T.);
#2393=ORIENTED_EDGE('',*,*,#3619,.F.);
#2394=ORIENTED_EDGE('',*,*,#3629,.F.);
#2395=ORIENTED_EDGE('',*,*,#3626,.F.);
#2396=ORIENTED_EDGE('',*,*,#3623,.F.);
#2397=ORIENTED_EDGE('',*,*,#3631,.T.);
#2398=ORIENTED_EDGE('',*,*,#3632,.F.);
#2399=ORIENTED_EDGE('',*,*,#3633,.F.);
#2400=ORIENTED_EDGE('',*,*,#3634,.T.);
#2401=ORIENTED_EDGE('',*,*,#3635,.T.);
#2402=ORIENTED_EDGE('',*,*,#3636,.F.);
#2403=ORIENTED_EDGE('',*,*,#3637,.F.);
#2404=ORIENTED_EDGE('',*,*,#3632,.T.);
#2405=ORIENTED_EDGE('',*,*,#3638,.T.);
#2406=ORIENTED_EDGE('',*,*,#3639,.F.);
#2407=ORIENTED_EDGE('',*,*,#3640,.F.);
#2408=ORIENTED_EDGE('',*,*,#3636,.T.);
#2409=ORIENTED_EDGE('',*,*,#3641,.T.);
#2410=ORIENTED_EDGE('',*,*,#3634,.F.);
#2411=ORIENTED_EDGE('',*,*,#3642,.F.);
#2412=ORIENTED_EDGE('',*,*,#3639,.T.);
#2413=ORIENTED_EDGE('',*,*,#3633,.T.);
#2414=ORIENTED_EDGE('',*,*,#3637,.T.);
#2415=ORIENTED_EDGE('',*,*,#3640,.T.);
#2416=ORIENTED_EDGE('',*,*,#3642,.T.);
#2417=ORIENTED_EDGE('',*,*,#3631,.F.);
#2418=ORIENTED_EDGE('',*,*,#3641,.F.);
#2419=ORIENTED_EDGE('',*,*,#3638,.F.);
#2420=ORIENTED_EDGE('',*,*,#3635,.F.);
#2421=ORIENTED_EDGE('',*,*,#3643,.T.);
#2422=ORIENTED_EDGE('',*,*,#3644,.F.);
#2423=ORIENTED_EDGE('',*,*,#3645,.F.);
#2424=ORIENTED_EDGE('',*,*,#3646,.T.);
#2425=ORIENTED_EDGE('',*,*,#3647,.T.);
#2426=ORIENTED_EDGE('',*,*,#3648,.F.);
#2427=ORIENTED_EDGE('',*,*,#3649,.F.);
#2428=ORIENTED_EDGE('',*,*,#3644,.T.);
#2429=ORIENTED_EDGE('',*,*,#3650,.T.);
#2430=ORIENTED_EDGE('',*,*,#3651,.F.);
#2431=ORIENTED_EDGE('',*,*,#3652,.F.);
#2432=ORIENTED_EDGE('',*,*,#3648,.T.);
#2433=ORIENTED_EDGE('',*,*,#3653,.T.);
#2434=ORIENTED_EDGE('',*,*,#3646,.F.);
#2435=ORIENTED_EDGE('',*,*,#3654,.F.);
#2436=ORIENTED_EDGE('',*,*,#3651,.T.);
#2437=ORIENTED_EDGE('',*,*,#3645,.T.);
#2438=ORIENTED_EDGE('',*,*,#3649,.T.);
#2439=ORIENTED_EDGE('',*,*,#3652,.T.);
#2440=ORIENTED_EDGE('',*,*,#3654,.T.);
#2441=ORIENTED_EDGE('',*,*,#3643,.F.);
#2442=ORIENTED_EDGE('',*,*,#3653,.F.);
#2443=ORIENTED_EDGE('',*,*,#3650,.F.);
#2444=ORIENTED_EDGE('',*,*,#3647,.F.);
#2445=ORIENTED_EDGE('',*,*,#3655,.T.);
#2446=ORIENTED_EDGE('',*,*,#3656,.F.);
#2447=ORIENTED_EDGE('',*,*,#3657,.F.);
#2448=ORIENTED_EDGE('',*,*,#3658,.T.);
#2449=ORIENTED_EDGE('',*,*,#3659,.T.);
#2450=ORIENTED_EDGE('',*,*,#3660,.F.);
#2451=ORIENTED_EDGE('',*,*,#3661,.F.);
#2452=ORIENTED_EDGE('',*,*,#3656,.T.);
#2453=ORIENTED_EDGE('',*,*,#3662,.T.);
#2454=ORIENTED_EDGE('',*,*,#3663,.F.);
#2455=ORIENTED_EDGE('',*,*,#3664,.F.);
#2456=ORIENTED_EDGE('',*,*,#3660,.T.);
#2457=ORIENTED_EDGE('',*,*,#3665,.T.);
#2458=ORIENTED_EDGE('',*,*,#3658,.F.);
#2459=ORIENTED_EDGE('',*,*,#3666,.F.);
#2460=ORIENTED_EDGE('',*,*,#3663,.T.);
#2461=ORIENTED_EDGE('',*,*,#3657,.T.);
#2462=ORIENTED_EDGE('',*,*,#3661,.T.);
#2463=ORIENTED_EDGE('',*,*,#3664,.T.);
#2464=ORIENTED_EDGE('',*,*,#3666,.T.);
#2465=ORIENTED_EDGE('',*,*,#3655,.F.);
#2466=ORIENTED_EDGE('',*,*,#3665,.F.);
#2467=ORIENTED_EDGE('',*,*,#3662,.F.);
#2468=ORIENTED_EDGE('',*,*,#3659,.F.);
#2469=ORIENTED_EDGE('',*,*,#3667,.T.);
#2470=ORIENTED_EDGE('',*,*,#3668,.F.);
#2471=ORIENTED_EDGE('',*,*,#3669,.F.);
#2472=ORIENTED_EDGE('',*,*,#3670,.T.);
#2473=ORIENTED_EDGE('',*,*,#3671,.T.);
#2474=ORIENTED_EDGE('',*,*,#3672,.F.);
#2475=ORIENTED_EDGE('',*,*,#3673,.F.);
#2476=ORIENTED_EDGE('',*,*,#3668,.T.);
#2477=ORIENTED_EDGE('',*,*,#3674,.T.);
#2478=ORIENTED_EDGE('',*,*,#3675,.F.);
#2479=ORIENTED_EDGE('',*,*,#3676,.F.);
#2480=ORIENTED_EDGE('',*,*,#3672,.T.);
#2481=ORIENTED_EDGE('',*,*,#3677,.T.);
#2482=ORIENTED_EDGE('',*,*,#3670,.F.);
#2483=ORIENTED_EDGE('',*,*,#3678,.F.);
#2484=ORIENTED_EDGE('',*,*,#3675,.T.);
#2485=ORIENTED_EDGE('',*,*,#3669,.T.);
#2486=ORIENTED_EDGE('',*,*,#3673,.T.);
#2487=ORIENTED_EDGE('',*,*,#3676,.T.);
#2488=ORIENTED_EDGE('',*,*,#3678,.T.);
#2489=ORIENTED_EDGE('',*,*,#3667,.F.);
#2490=ORIENTED_EDGE('',*,*,#3677,.F.);
#2491=ORIENTED_EDGE('',*,*,#3674,.F.);
#2492=ORIENTED_EDGE('',*,*,#3671,.F.);
#2493=ORIENTED_EDGE('',*,*,#3679,.T.);
#2494=ORIENTED_EDGE('',*,*,#3680,.F.);
#2495=ORIENTED_EDGE('',*,*,#3681,.F.);
#2496=ORIENTED_EDGE('',*,*,#3682,.T.);
#2497=ORIENTED_EDGE('',*,*,#3683,.T.);
#2498=ORIENTED_EDGE('',*,*,#3684,.F.);
#2499=ORIENTED_EDGE('',*,*,#3685,.F.);
#2500=ORIENTED_EDGE('',*,*,#3680,.T.);
#2501=ORIENTED_EDGE('',*,*,#3686,.T.);
#2502=ORIENTED_EDGE('',*,*,#3687,.F.);
#2503=ORIENTED_EDGE('',*,*,#3688,.F.);
#2504=ORIENTED_EDGE('',*,*,#3684,.T.);
#2505=ORIENTED_EDGE('',*,*,#3689,.T.);
#2506=ORIENTED_EDGE('',*,*,#3682,.F.);
#2507=ORIENTED_EDGE('',*,*,#3690,.F.);
#2508=ORIENTED_EDGE('',*,*,#3687,.T.);
#2509=ORIENTED_EDGE('',*,*,#3681,.T.);
#2510=ORIENTED_EDGE('',*,*,#3685,.T.);
#2511=ORIENTED_EDGE('',*,*,#3688,.T.);
#2512=ORIENTED_EDGE('',*,*,#3690,.T.);
#2513=ORIENTED_EDGE('',*,*,#3679,.F.);
#2514=ORIENTED_EDGE('',*,*,#3689,.F.);
#2515=ORIENTED_EDGE('',*,*,#3686,.F.);
#2516=ORIENTED_EDGE('',*,*,#3683,.F.);
#2517=ORIENTED_EDGE('',*,*,#3691,.T.);
#2518=ORIENTED_EDGE('',*,*,#3692,.F.);
#2519=ORIENTED_EDGE('',*,*,#3693,.F.);
#2520=ORIENTED_EDGE('',*,*,#3694,.T.);
#2521=ORIENTED_EDGE('',*,*,#3695,.T.);
#2522=ORIENTED_EDGE('',*,*,#3696,.F.);
#2523=ORIENTED_EDGE('',*,*,#3697,.F.);
#2524=ORIENTED_EDGE('',*,*,#3692,.T.);
#2525=ORIENTED_EDGE('',*,*,#3698,.T.);
#2526=ORIENTED_EDGE('',*,*,#3699,.F.);
#2527=ORIENTED_EDGE('',*,*,#3700,.F.);
#2528=ORIENTED_EDGE('',*,*,#3696,.T.);
#2529=ORIENTED_EDGE('',*,*,#3701,.T.);
#2530=ORIENTED_EDGE('',*,*,#3694,.F.);
#2531=ORIENTED_EDGE('',*,*,#3702,.F.);
#2532=ORIENTED_EDGE('',*,*,#3699,.T.);
#2533=ORIENTED_EDGE('',*,*,#3693,.T.);
#2534=ORIENTED_EDGE('',*,*,#3697,.T.);
#2535=ORIENTED_EDGE('',*,*,#3700,.T.);
#2536=ORIENTED_EDGE('',*,*,#3702,.T.);
#2537=ORIENTED_EDGE('',*,*,#3691,.F.);
#2538=ORIENTED_EDGE('',*,*,#3701,.F.);
#2539=ORIENTED_EDGE('',*,*,#3698,.F.);
#2540=ORIENTED_EDGE('',*,*,#3695,.F.);
#2541=ORIENTED_EDGE('',*,*,#3703,.T.);
#2542=ORIENTED_EDGE('',*,*,#3704,.F.);
#2543=ORIENTED_EDGE('',*,*,#3705,.F.);
#2544=ORIENTED_EDGE('',*,*,#3706,.T.);
#2545=ORIENTED_EDGE('',*,*,#3707,.T.);
#2546=ORIENTED_EDGE('',*,*,#3708,.F.);
#2547=ORIENTED_EDGE('',*,*,#3709,.F.);
#2548=ORIENTED_EDGE('',*,*,#3704,.T.);
#2549=ORIENTED_EDGE('',*,*,#3710,.T.);
#2550=ORIENTED_EDGE('',*,*,#3711,.F.);
#2551=ORIENTED_EDGE('',*,*,#3712,.F.);
#2552=ORIENTED_EDGE('',*,*,#3708,.T.);
#2553=ORIENTED_EDGE('',*,*,#3713,.T.);
#2554=ORIENTED_EDGE('',*,*,#3706,.F.);
#2555=ORIENTED_EDGE('',*,*,#3714,.F.);
#2556=ORIENTED_EDGE('',*,*,#3711,.T.);
#2557=ORIENTED_EDGE('',*,*,#3705,.T.);
#2558=ORIENTED_EDGE('',*,*,#3709,.T.);
#2559=ORIENTED_EDGE('',*,*,#3712,.T.);
#2560=ORIENTED_EDGE('',*,*,#3714,.T.);
#2561=ORIENTED_EDGE('',*,*,#3703,.F.);
#2562=ORIENTED_EDGE('',*,*,#3713,.F.);
#2563=ORIENTED_EDGE('',*,*,#3710,.F.);
#2564=ORIENTED_EDGE('',*,*,#3707,.F.);
#2565=ORIENTED_EDGE('',*,*,#3715,.T.);
#2566=ORIENTED_EDGE('',*,*,#3716,.F.);
#2567=ORIENTED_EDGE('',*,*,#3717,.F.);
#2568=ORIENTED_EDGE('',*,*,#3718,.T.);
#2569=ORIENTED_EDGE('',*,*,#3719,.T.);
#2570=ORIENTED_EDGE('',*,*,#3720,.F.);
#2571=ORIENTED_EDGE('',*,*,#3721,.F.);
#2572=ORIENTED_EDGE('',*,*,#3716,.T.);
#2573=ORIENTED_EDGE('',*,*,#3722,.T.);
#2574=ORIENTED_EDGE('',*,*,#3723,.F.);
#2575=ORIENTED_EDGE('',*,*,#3724,.F.);
#2576=ORIENTED_EDGE('',*,*,#3720,.T.);
#2577=ORIENTED_EDGE('',*,*,#3725,.T.);
#2578=ORIENTED_EDGE('',*,*,#3718,.F.);
#2579=ORIENTED_EDGE('',*,*,#3726,.F.);
#2580=ORIENTED_EDGE('',*,*,#3723,.T.);
#2581=ORIENTED_EDGE('',*,*,#3717,.T.);
#2582=ORIENTED_EDGE('',*,*,#3721,.T.);
#2583=ORIENTED_EDGE('',*,*,#3724,.T.);
#2584=ORIENTED_EDGE('',*,*,#3726,.T.);
#2585=ORIENTED_EDGE('',*,*,#3715,.F.);
#2586=ORIENTED_EDGE('',*,*,#3725,.F.);
#2587=ORIENTED_EDGE('',*,*,#3722,.F.);
#2588=ORIENTED_EDGE('',*,*,#3719,.F.);
#2589=EDGE_CURVE('NONE',#3727,#3728,#4487,.F.);
#2590=EDGE_CURVE('NONE',#3729,#3728,#4488,.F.);
#2591=EDGE_CURVE('NONE',#3730,#3729,#4489,.T.);
#2592=EDGE_CURVE('NONE',#3730,#3727,#4490,.F.);
#2593=EDGE_CURVE('NONE',#3728,#3731,#4491,.F.);
#2594=EDGE_CURVE('NONE',#3732,#3731,#4492,.F.);
#2595=EDGE_CURVE('NONE',#3729,#3732,#4493,.F.);
#2596=EDGE_CURVE('NONE',#3731,#3733,#4494,.F.);
#2597=EDGE_CURVE('NONE',#3734,#3733,#4495,.F.);
#2598=EDGE_CURVE('NONE',#3732,#3734,#4496,.F.);
#2599=EDGE_CURVE('NONE',#3733,#3727,#4497,.F.);
#2600=EDGE_CURVE('NONE',#3734,#3730,#4498,.T.);
#2601=EDGE_CURVE('NONE',#3735,#3736,#4499,.F.);
#2602=EDGE_CURVE('NONE',#3737,#3736,#4500,.F.);
#2603=EDGE_CURVE('NONE',#3738,#3737,#4501,.T.);
#2604=EDGE_CURVE('NONE',#3738,#3735,#4502,.F.);
#2605=EDGE_CURVE('NONE',#3736,#3739,#4503,.F.);
#2606=EDGE_CURVE('NONE',#3740,#3739,#4504,.F.);
#2607=EDGE_CURVE('NONE',#3737,#3740,#4505,.T.);
#2608=EDGE_CURVE('NONE',#3739,#3741,#4506,.F.);
#2609=EDGE_CURVE('NONE',#3742,#3741,#4507,.F.);
#2610=EDGE_CURVE('NONE',#3740,#3742,#4508,.F.);
#2611=EDGE_CURVE('NONE',#3741,#3735,#4509,.F.);
#2612=EDGE_CURVE('NONE',#3742,#3738,#4510,.F.);
#2613=EDGE_CURVE('NONE',#3743,#3744,#4511,.F.);
#2614=EDGE_CURVE('NONE',#3745,#3744,#4512,.F.);
#2615=EDGE_CURVE('NONE',#3746,#3745,#4513,.F.);
#2616=EDGE_CURVE('NONE',#3746,#3743,#4514,.F.);
#2617=EDGE_CURVE('NONE',#3744,#3747,#4515,.F.);
#2618=EDGE_CURVE('NONE',#3748,#3747,#4516,.F.);
#2619=EDGE_CURVE('NONE',#3745,#3748,#4517,.T.);
#2620=EDGE_CURVE('NONE',#3747,#3749,#4518,.F.);
#2621=EDGE_CURVE('NONE',#3750,#3749,#4519,.F.);
#2622=EDGE_CURVE('NONE',#3748,#3750,#4520,.T.);
#2623=EDGE_CURVE('NONE',#3749,#3743,#4521,.F.);
#2624=EDGE_CURVE('NONE',#3750,#3746,#4522,.F.);
#2625=EDGE_CURVE('NONE',#3751,#3752,#4523,.F.);
#2626=EDGE_CURVE('NONE',#3753,#3752,#4524,.F.);
#2627=EDGE_CURVE('NONE',#3754,#3753,#4525,.T.);
#2628=EDGE_CURVE('NONE',#3754,#3751,#4526,.F.);
#2629=EDGE_CURVE('NONE',#3752,#3755,#4527,.F.);
#2630=EDGE_CURVE('NONE',#3756,#3755,#4528,.F.);
#2631=EDGE_CURVE('NONE',#3753,#3756,#4529,.T.);
#2632=EDGE_CURVE('NONE',#3755,#3757,#4530,.F.);
#2633=EDGE_CURVE('NONE',#3758,#3757,#4531,.F.);
#2634=EDGE_CURVE('NONE',#3756,#3758,#4532,.F.);
#2635=EDGE_CURVE('NONE',#3757,#3751,#4533,.F.);
#2636=EDGE_CURVE('NONE',#3758,#3754,#4534,.F.);
#2637=EDGE_CURVE('NONE',#3759,#3759,#10,.T.);
#2638=EDGE_CURVE('NONE',#3760,#3760,#11,.T.);
#2639=EDGE_CURVE('NONE',#3761,#3762,#4535,.T.);
#2640=EDGE_CURVE('NONE',#3761,#3763,#4536,.F.);
#2641=EDGE_CURVE('NONE',#3763,#3764,#4537,.F.);
#2642=EDGE_CURVE('NONE',#3762,#3764,#4538,.F.);
#2643=EDGE_CURVE('NONE',#3762,#3765,#4539,.F.);
#2644=EDGE_CURVE('NONE',#3764,#3766,#4540,.F.);
#2645=EDGE_CURVE('NONE',#3765,#3766,#4541,.F.);
#2646=EDGE_CURVE('NONE',#3765,#3767,#4542,.F.);
#2647=EDGE_CURVE('NONE',#3766,#3768,#4543,.F.);
#2648=EDGE_CURVE('NONE',#3767,#3768,#4544,.F.);
#2649=EDGE_CURVE('NONE',#3767,#3761,#4545,.T.);
#2650=EDGE_CURVE('NONE',#3768,#3763,#4546,.F.);
#2651=EDGE_CURVE('NONE',#3769,#3770,#4547,.F.);
#2652=EDGE_CURVE('NONE',#3771,#3770,#4548,.F.);
#2653=EDGE_CURVE('NONE',#3772,#3771,#4549,.F.);
#2654=EDGE_CURVE('NONE',#3772,#3769,#4550,.F.);
#2655=EDGE_CURVE('NONE',#3770,#3773,#4551,.F.);
#2656=EDGE_CURVE('NONE',#3774,#3773,#4552,.F.);
#2657=EDGE_CURVE('NONE',#3771,#3774,#4553,.T.);
#2658=EDGE_CURVE('NONE',#3773,#3775,#4554,.F.);
#2659=EDGE_CURVE('NONE',#3776,#3775,#4555,.F.);
#2660=EDGE_CURVE('NONE',#3774,#3776,#4556,.T.);
#2661=EDGE_CURVE('NONE',#3775,#3769,#4557,.F.);
#2662=EDGE_CURVE('NONE',#3776,#3772,#4558,.F.);
#2663=EDGE_CURVE('NONE',#3777,#3778,#4559,.F.);
#2664=EDGE_CURVE('NONE',#3779,#3778,#4560,.F.);
#2665=EDGE_CURVE('NONE',#3780,#3779,#4561,.T.);
#2666=EDGE_CURVE('NONE',#3780,#3777,#4562,.F.);
#2667=EDGE_CURVE('NONE',#3778,#3781,#4563,.F.);
#2668=EDGE_CURVE('NONE',#3782,#3781,#4564,.F.);
#2669=EDGE_CURVE('NONE',#3779,#3782,#4565,.T.);
#2670=EDGE_CURVE('NONE',#3781,#3783,#4566,.F.);
#2671=EDGE_CURVE('NONE',#3784,#3783,#4567,.F.);
#2672=EDGE_CURVE('NONE',#3782,#3784,#4568,.F.);
#2673=EDGE_CURVE('NONE',#3783,#3777,#4569,.F.);
#2674=EDGE_CURVE('NONE',#3784,#3780,#4570,.F.);
#2675=EDGE_CURVE('NONE',#3785,#3785,#12,.T.);
#2676=EDGE_CURVE('NONE',#3786,#3786,#13,.T.);
#2677=EDGE_CURVE('NONE',#3787,#3788,#4571,.F.);
#2678=EDGE_CURVE('NONE',#3789,#3788,#4572,.F.);
#2679=EDGE_CURVE('NONE',#3790,#3789,#4573,.F.);
#2680=EDGE_CURVE('NONE',#3790,#3787,#4574,.F.);
#2681=EDGE_CURVE('NONE',#3788,#3791,#4575,.F.);
#2682=EDGE_CURVE('NONE',#3792,#3791,#4576,.F.);
#2683=EDGE_CURVE('NONE',#3789,#3792,#4577,.T.);
#2684=EDGE_CURVE('NONE',#3791,#3793,#4578,.F.);
#2685=EDGE_CURVE('NONE',#3794,#3793,#4579,.F.);
#2686=EDGE_CURVE('NONE',#3792,#3794,#4580,.T.);
#2687=EDGE_CURVE('NONE',#3793,#3787,#4581,.F.);
#2688=EDGE_CURVE('NONE',#3794,#3790,#4582,.F.);
#2689=EDGE_CURVE('NONE',#3795,#3796,#4583,.F.);
#2690=EDGE_CURVE('NONE',#3797,#3796,#4584,.F.);
#2691=EDGE_CURVE('NONE',#3798,#3797,#4585,.T.);
#2692=EDGE_CURVE('NONE',#3798,#3795,#4586,.F.);
#2693=EDGE_CURVE('NONE',#3796,#3799,#4587,.F.);
#2694=EDGE_CURVE('NONE',#3800,#3799,#4588,.F.);
#2695=EDGE_CURVE('NONE',#3797,#3800,#4589,.T.);
#2696=EDGE_CURVE('NONE',#3799,#3801,#4590,.F.);
#2697=EDGE_CURVE('NONE',#3802,#3801,#4591,.F.);
#2698=EDGE_CURVE('NONE',#3800,#3802,#4592,.F.);
#2699=EDGE_CURVE('NONE',#3801,#3795,#4593,.F.);
#2700=EDGE_CURVE('NONE',#3802,#3798,#4594,.F.);
#2701=EDGE_CURVE('NONE',#3803,#3804,#4595,.F.);
#2702=EDGE_CURVE('NONE',#3805,#3803,#4596,.F.);
#2703=EDGE_CURVE('NONE',#3806,#3805,#4597,.F.);
#2704=EDGE_CURVE('NONE',#3804,#3806,#4598,.F.);
#2705=EDGE_CURVE('NONE',#3807,#3808,#4599,.F.);
#2706=EDGE_CURVE('NONE',#3808,#3809,#4600,.F.);
#2707=EDGE_CURVE('NONE',#3809,#3810,#4601,.T.);
#2708=EDGE_CURVE('NONE',#3810,#3807,#4602,.T.);
#2709=EDGE_CURVE('NONE',#3811,#3812,#4603,.F.);
#2710=EDGE_CURVE('NONE',#3812,#3813,#4604,.F.);
#2711=EDGE_CURVE('NONE',#3813,#3814,#4605,.T.);
#2712=EDGE_CURVE('NONE',#3814,#3811,#4606,.T.);
#2713=EDGE_CURVE('NONE',#3815,#3816,#4607,.F.);
#2714=EDGE_CURVE('NONE',#3816,#3817,#4608,.F.);
#2715=EDGE_CURVE('NONE',#3817,#3818,#4609,.T.);
#2716=EDGE_CURVE('NONE',#3818,#3815,#4610,.T.);
#2717=EDGE_CURVE('NONE',#3819,#3820,#4611,.F.);
#2718=EDGE_CURVE('NONE',#3820,#3821,#4612,.F.);
#2719=EDGE_CURVE('NONE',#3821,#3822,#4613,.T.);
#2720=EDGE_CURVE('NONE',#3822,#3819,#4614,.T.);
#2721=EDGE_CURVE('NONE',#3823,#3824,#4615,.F.);
#2722=EDGE_CURVE('NONE',#3824,#3825,#4616,.F.);
#2723=EDGE_CURVE('NONE',#3825,#3826,#4617,.T.);
#2724=EDGE_CURVE('NONE',#3826,#3823,#4618,.T.);
#2725=EDGE_CURVE('NONE',#3827,#3828,#4619,.F.);
#2726=EDGE_CURVE('NONE',#3828,#3829,#4620,.T.);
#2727=EDGE_CURVE('NONE',#3829,#3830,#4621,.T.);
#2728=EDGE_CURVE('NONE',#3830,#3827,#4622,.F.);
#2729=EDGE_CURVE('NONE',#3831,#3832,#4623,.F.);
#2730=EDGE_CURVE('NONE',#3832,#3833,#4624,.F.);
#2731=EDGE_CURVE('NONE',#3833,#3834,#4625,.T.);
#2732=EDGE_CURVE('NONE',#3834,#3831,#4626,.T.);
#2733=EDGE_CURVE('NONE',#3835,#3836,#4627,.F.);
#2734=EDGE_CURVE('NONE',#3836,#3837,#4628,.F.);
#2735=EDGE_CURVE('NONE',#3837,#3838,#4629,.T.);
#2736=EDGE_CURVE('NONE',#3838,#3835,#4630,.T.);
#2737=EDGE_CURVE('NONE',#3839,#3840,#4631,.F.);
#2738=EDGE_CURVE('NONE',#3840,#3841,#4632,.F.);
#2739=EDGE_CURVE('NONE',#3841,#3842,#4633,.T.);
#2740=EDGE_CURVE('NONE',#3842,#3839,#4634,.T.);
#2741=EDGE_CURVE('NONE',#3843,#3844,#4635,.F.);
#2742=EDGE_CURVE('NONE',#3844,#3845,#4636,.T.);
#2743=EDGE_CURVE('NONE',#3845,#3846,#4637,.T.);
#2744=EDGE_CURVE('NONE',#3846,#3843,#4638,.F.);
#2745=EDGE_CURVE('NONE',#3847,#3848,#4639,.F.);
#2746=EDGE_CURVE('NONE',#3848,#3849,#4640,.T.);
#2747=EDGE_CURVE('NONE',#3849,#3850,#4641,.T.);
#2748=EDGE_CURVE('NONE',#3850,#3847,#4642,.F.);
#2749=EDGE_CURVE('NONE',#3851,#3852,#4643,.F.);
#2750=EDGE_CURVE('NONE',#3852,#3853,#4644,.T.);
#2751=EDGE_CURVE('NONE',#3853,#3854,#4645,.T.);
#2752=EDGE_CURVE('NONE',#3854,#3851,#4646,.F.);
#2753=EDGE_CURVE('NONE',#3855,#3856,#4647,.F.);
#2754=EDGE_CURVE('NONE',#3856,#3857,#4648,.T.);
#2755=EDGE_CURVE('NONE',#3857,#3858,#4649,.T.);
#2756=EDGE_CURVE('NONE',#3858,#3855,#4650,.F.);
#2757=EDGE_CURVE('NONE',#3859,#3860,#4651,.F.);
#2758=EDGE_CURVE('NONE',#3860,#3861,#4652,.T.);
#2759=EDGE_CURVE('NONE',#3861,#3862,#4653,.T.);
#2760=EDGE_CURVE('NONE',#3862,#3859,#4654,.F.);
#2761=EDGE_CURVE('NONE',#3863,#3864,#4655,.F.);
#2762=EDGE_CURVE('NONE',#3864,#3865,#4656,.T.);
#2763=EDGE_CURVE('NONE',#3865,#3866,#4657,.T.);
#2764=EDGE_CURVE('NONE',#3866,#3863,#4658,.F.);
#2765=EDGE_CURVE('NONE',#3867,#3868,#4659,.F.);
#2766=EDGE_CURVE('NONE',#3868,#3869,#4660,.T.);
#2767=EDGE_CURVE('NONE',#3869,#3870,#4661,.T.);
#2768=EDGE_CURVE('NONE',#3870,#3867,#4662,.F.);
#2769=EDGE_CURVE('NONE',#3871,#3872,#4663,.F.);
#2770=EDGE_CURVE('NONE',#3872,#3873,#4664,.T.);
#2771=EDGE_CURVE('NONE',#3873,#3874,#4665,.T.);
#2772=EDGE_CURVE('NONE',#3874,#3871,#4666,.F.);
#2773=EDGE_CURVE('NONE',#3875,#3876,#4667,.F.);
#2774=EDGE_CURVE('NONE',#3876,#3877,#4668,.F.);
#2775=EDGE_CURVE('NONE',#3877,#3878,#4669,.T.);
#2776=EDGE_CURVE('NONE',#3878,#3875,#4670,.T.);
#2777=EDGE_CURVE('NONE',#3879,#3880,#4671,.F.);
#2778=EDGE_CURVE('NONE',#3880,#3881,#4672,.T.);
#2779=EDGE_CURVE('NONE',#3881,#3882,#4673,.T.);
#2780=EDGE_CURVE('NONE',#3882,#3879,#4674,.F.);
#2781=EDGE_CURVE('NONE',#3883,#3884,#4675,.T.);
#2782=EDGE_CURVE('NONE',#3884,#3885,#4676,.T.);
#2783=EDGE_CURVE('NONE',#3885,#3886,#4677,.F.);
#2784=EDGE_CURVE('NONE',#3886,#3883,#4678,.F.);
#2785=EDGE_CURVE('NONE',#3887,#3888,#4679,.T.);
#2786=EDGE_CURVE('NONE',#3888,#3889,#4680,.F.);
#2787=EDGE_CURVE('NONE',#3889,#3890,#4681,.F.);
#2788=EDGE_CURVE('NONE',#3890,#3887,#4682,.T.);
#2789=EDGE_CURVE('NONE',#3891,#3892,#4683,.T.);
#2790=EDGE_CURVE('NONE',#3892,#3893,#4684,.T.);
#2791=EDGE_CURVE('NONE',#3893,#3894,#4685,.F.);
#2792=EDGE_CURVE('NONE',#3894,#3895,#4686,.T.);
#2793=EDGE_CURVE('NONE',#3895,#3891,#4687,.F.);
#2794=EDGE_CURVE('NONE',#3896,#3897,#4688,.F.);
#2795=EDGE_CURVE('NONE',#3897,#3898,#4689,.F.);
#2796=EDGE_CURVE('NONE',#3898,#3899,#4690,.T.);
#2797=EDGE_CURVE('NONE',#3899,#3896,#4691,.T.);
#2798=EDGE_CURVE('NONE',#3900,#3901,#4692,.F.);
#2799=EDGE_CURVE('NONE',#3901,#3902,#4693,.F.);
#2800=EDGE_CURVE('NONE',#3902,#3903,#4694,.T.);
#2801=EDGE_CURVE('NONE',#3903,#3900,#4695,.T.);
#2802=EDGE_CURVE('NONE',#3904,#3905,#4696,.F.);
#2803=EDGE_CURVE('NONE',#3905,#3906,#4697,.F.);
#2804=EDGE_CURVE('NONE',#3906,#3907,#4698,.T.);
#2805=EDGE_CURVE('NONE',#3907,#3904,#4699,.T.);
#2806=EDGE_CURVE('NONE',#3908,#3909,#4700,.F.);
#2807=EDGE_CURVE('NONE',#3909,#3910,#4701,.F.);
#2808=EDGE_CURVE('NONE',#3910,#3911,#4702,.T.);
#2809=EDGE_CURVE('NONE',#3911,#3908,#4703,.T.);
#2810=EDGE_CURVE('NONE',#3912,#3913,#4704,.F.);
#2811=EDGE_CURVE('NONE',#3913,#3914,#4705,.F.);
#2812=EDGE_CURVE('NONE',#3914,#3915,#4706,.T.);
#2813=EDGE_CURVE('NONE',#3915,#3912,#4707,.T.);
#2814=EDGE_CURVE('NONE',#3916,#3917,#4708,.F.);
#2815=EDGE_CURVE('NONE',#3917,#3918,#4709,.F.);
#2816=EDGE_CURVE('NONE',#3918,#3919,#4710,.T.);
#2817=EDGE_CURVE('NONE',#3919,#3916,#4711,.T.);
#2818=EDGE_CURVE('NONE',#3920,#3921,#4712,.F.);
#2819=EDGE_CURVE('NONE',#3921,#3922,#4713,.F.);
#2820=EDGE_CURVE('NONE',#3922,#3923,#4714,.T.);
#2821=EDGE_CURVE('NONE',#3923,#3920,#4715,.T.);
#2822=EDGE_CURVE('NONE',#3924,#3925,#4716,.F.);
#2823=EDGE_CURVE('NONE',#3925,#3926,#4717,.F.);
#2824=EDGE_CURVE('NONE',#3926,#3927,#4718,.T.);
#2825=EDGE_CURVE('NONE',#3927,#3924,#4719,.T.);
#2826=EDGE_CURVE('NONE',#3928,#3929,#4720,.F.);
#2827=EDGE_CURVE('NONE',#3929,#3930,#4721,.F.);
#2828=EDGE_CURVE('NONE',#3930,#3931,#4722,.T.);
#2829=EDGE_CURVE('NONE',#3931,#3928,#4723,.T.);
#2830=EDGE_CURVE('NONE',#3932,#3933,#4724,.F.);
#2831=EDGE_CURVE('NONE',#3933,#3934,#4725,.F.);
#2832=EDGE_CURVE('NONE',#3934,#3935,#4726,.T.);
#2833=EDGE_CURVE('NONE',#3935,#3932,#4727,.T.);
#2834=EDGE_CURVE('NONE',#3936,#3937,#4728,.F.);
#2835=EDGE_CURVE('NONE',#3937,#3938,#4729,.F.);
#2836=EDGE_CURVE('NONE',#3938,#3939,#4730,.T.);
#2837=EDGE_CURVE('NONE',#3939,#3936,#4731,.T.);
#2838=EDGE_CURVE('NONE',#3940,#3941,#4732,.T.);
#2839=EDGE_CURVE('NONE',#3941,#3942,#4733,.T.);
#2840=EDGE_CURVE('NONE',#3942,#3943,#4734,.F.);
#2841=EDGE_CURVE('NONE',#3943,#3940,#4735,.F.);
#2842=EDGE_CURVE('NONE',#3944,#3945,#4736,.T.);
#2843=EDGE_CURVE('NONE',#3945,#3946,#4737,.F.);
#2844=EDGE_CURVE('NONE',#3946,#3947,#4738,.F.);
#2845=EDGE_CURVE('NONE',#3947,#3944,#4739,.T.);
#2846=EDGE_CURVE('NONE',#3948,#3949,#4740,.T.);
#2847=EDGE_CURVE('NONE',#3949,#3950,#4741,.F.);
#2848=EDGE_CURVE('NONE',#3950,#3951,#4742,.F.);
#2849=EDGE_CURVE('NONE',#3951,#3948,#4743,.T.);
#2850=EDGE_CURVE('NONE',#3952,#3953,#4744,.T.);
#2851=EDGE_CURVE('NONE',#3953,#3954,#4745,.F.);
#2852=EDGE_CURVE('NONE',#3954,#3955,#4746,.F.);
#2853=EDGE_CURVE('NONE',#3955,#3952,#4747,.T.);
#2854=EDGE_CURVE('NONE',#3956,#3957,#4748,.T.);
#2855=EDGE_CURVE('NONE',#3957,#3958,#4749,.F.);
#2856=EDGE_CURVE('NONE',#3958,#3959,#4750,.F.);
#2857=EDGE_CURVE('NONE',#3959,#3956,#4751,.T.);
#2858=EDGE_CURVE('NONE',#3960,#3961,#4752,.T.);
#2859=EDGE_CURVE('NONE',#3961,#3962,#4753,.F.);
#2860=EDGE_CURVE('NONE',#3962,#3963,#4754,.F.);
#2861=EDGE_CURVE('NONE',#3963,#3960,#4755,.T.);
#2862=EDGE_CURVE('NONE',#3964,#3965,#4756,.T.);
#2863=EDGE_CURVE('NONE',#3965,#3966,#4757,.F.);
#2864=EDGE_CURVE('NONE',#3966,#3967,#4758,.F.);
#2865=EDGE_CURVE('NONE',#3967,#3964,#4759,.T.);
#2866=EDGE_CURVE('NONE',#3968,#3969,#4760,.T.);
#2867=EDGE_CURVE('NONE',#3969,#3970,#4761,.F.);
#2868=EDGE_CURVE('NONE',#3970,#3971,#4762,.F.);
#2869=EDGE_CURVE('NONE',#3971,#3968,#4763,.T.);
#2870=EDGE_CURVE('NONE',#3972,#3973,#4764,.T.);
#2871=EDGE_CURVE('NONE',#3973,#3974,#4765,.F.);
#2872=EDGE_CURVE('NONE',#3974,#3975,#4766,.F.);
#2873=EDGE_CURVE('NONE',#3975,#3972,#4767,.T.);
#2874=EDGE_CURVE('NONE',#3976,#3977,#4768,.T.);
#2875=EDGE_CURVE('NONE',#3977,#3978,#4769,.F.);
#2876=EDGE_CURVE('NONE',#3978,#3979,#4770,.F.);
#2877=EDGE_CURVE('NONE',#3979,#3976,#4771,.T.);
#2878=EDGE_CURVE('NONE',#3980,#3981,#4772,.T.);
#2879=EDGE_CURVE('NONE',#3981,#3982,#4773,.F.);
#2880=EDGE_CURVE('NONE',#3982,#3983,#4774,.F.);
#2881=EDGE_CURVE('NONE',#3983,#3980,#4775,.T.);
#2882=EDGE_CURVE('NONE',#3984,#3985,#4776,.T.);
#2883=EDGE_CURVE('NONE',#3985,#3986,#4777,.F.);
#2884=EDGE_CURVE('NONE',#3986,#3987,#4778,.F.);
#2885=EDGE_CURVE('NONE',#3987,#3984,#4779,.T.);
#2886=EDGE_CURVE('NONE',#3988,#3989,#4780,.T.);
#2887=EDGE_CURVE('NONE',#3989,#3990,#4781,.F.);
#2888=EDGE_CURVE('NONE',#3990,#3991,#4782,.F.);
#2889=EDGE_CURVE('NONE',#3991,#3988,#4783,.T.);
#2890=EDGE_CURVE('NONE',#3992,#3804,#4784,.F.);
#2891=EDGE_CURVE('NONE',#3993,#3992,#4785,.T.);
#2892=EDGE_CURVE('NONE',#3993,#3803,#4786,.F.);
#2893=EDGE_CURVE('NONE',#3994,#3806,#4787,.F.);
#2894=EDGE_CURVE('NONE',#3992,#3994,#4788,.F.);
#2895=EDGE_CURVE('NONE',#3995,#3805,#4789,.F.);
#2896=EDGE_CURVE('NONE',#3994,#3995,#4790,.F.);
#2897=EDGE_CURVE('NONE',#3995,#3993,#4791,.T.);
#2898=EDGE_CURVE('NONE',#3996,#3808,#4792,.F.);
#2899=EDGE_CURVE('NONE',#3996,#3997,#4793,.F.);
#2900=EDGE_CURVE('NONE',#3997,#3809,#4794,.F.);
#2901=EDGE_CURVE('NONE',#3997,#3998,#4795,.F.);
#2902=EDGE_CURVE('NONE',#3998,#3810,#4796,.F.);
#2903=EDGE_CURVE('NONE',#3998,#3999,#4797,.F.);
#2904=EDGE_CURVE('NONE',#3999,#3807,#4798,.F.);
#2905=EDGE_CURVE('NONE',#3999,#3996,#4799,.F.);
#2906=EDGE_CURVE('NONE',#4000,#3812,#4800,.F.);
#2907=EDGE_CURVE('NONE',#4000,#4001,#4801,.F.);
#2908=EDGE_CURVE('NONE',#4001,#3813,#4802,.F.);
#2909=EDGE_CURVE('NONE',#4001,#4002,#4803,.F.);
#2910=EDGE_CURVE('NONE',#4002,#3814,#4804,.F.);
#2911=EDGE_CURVE('NONE',#4002,#4003,#4805,.F.);
#2912=EDGE_CURVE('NONE',#4003,#3811,#4806,.F.);
#2913=EDGE_CURVE('NONE',#4003,#4000,#4807,.F.);
#2914=EDGE_CURVE('NONE',#4004,#3816,#4808,.F.);
#2915=EDGE_CURVE('NONE',#4004,#4005,#4809,.F.);
#2916=EDGE_CURVE('NONE',#4005,#3817,#4810,.F.);
#2917=EDGE_CURVE('NONE',#4005,#4006,#4811,.F.);
#2918=EDGE_CURVE('NONE',#4006,#3818,#4812,.F.);
#2919=EDGE_CURVE('NONE',#4006,#4007,#4813,.F.);
#2920=EDGE_CURVE('NONE',#4007,#3815,#4814,.F.);
#2921=EDGE_CURVE('NONE',#4007,#4004,#4815,.F.);
#2922=EDGE_CURVE('NONE',#4008,#3820,#4816,.F.);
#2923=EDGE_CURVE('NONE',#4008,#4009,#4817,.F.);
#2924=EDGE_CURVE('NONE',#4009,#3821,#4818,.F.);
#2925=EDGE_CURVE('NONE',#4009,#4010,#4819,.F.);
#2926=EDGE_CURVE('NONE',#4010,#3822,#4820,.F.);
#2927=EDGE_CURVE('NONE',#4010,#4011,#4821,.F.);
#2928=EDGE_CURVE('NONE',#4011,#3819,#4822,.F.);
#2929=EDGE_CURVE('NONE',#4011,#4008,#4823,.F.);
#2930=EDGE_CURVE('NONE',#4012,#3824,#4824,.F.);
#2931=EDGE_CURVE('NONE',#4012,#4013,#4825,.F.);
#2932=EDGE_CURVE('NONE',#4013,#3825,#4826,.F.);
#2933=EDGE_CURVE('NONE',#4013,#4014,#4827,.F.);
#2934=EDGE_CURVE('NONE',#4014,#3826,#4828,.F.);
#2935=EDGE_CURVE('NONE',#4014,#4015,#4829,.F.);
#2936=EDGE_CURVE('NONE',#4015,#3823,#4830,.F.);
#2937=EDGE_CURVE('NONE',#4015,#4012,#4831,.F.);
#2938=EDGE_CURVE('NONE',#4016,#3828,#4832,.F.);
#2939=EDGE_CURVE('NONE',#4016,#4017,#4833,.F.);
#2940=EDGE_CURVE('NONE',#4017,#3829,#4834,.F.);
#2941=EDGE_CURVE('NONE',#4017,#4018,#4835,.F.);
#2942=EDGE_CURVE('NONE',#4018,#3830,#4836,.F.);
#2943=EDGE_CURVE('NONE',#4018,#4019,#4837,.F.);
#2944=EDGE_CURVE('NONE',#4019,#3827,#4838,.F.);
#2945=EDGE_CURVE('NONE',#4019,#4016,#4839,.F.);
#2946=EDGE_CURVE('NONE',#4020,#3832,#4840,.F.);
#2947=EDGE_CURVE('NONE',#4020,#4021,#4841,.F.);
#2948=EDGE_CURVE('NONE',#4021,#3833,#4842,.F.);
#2949=EDGE_CURVE('NONE',#4021,#4022,#4843,.F.);
#2950=EDGE_CURVE('NONE',#4022,#3834,#4844,.F.);
#2951=EDGE_CURVE('NONE',#4022,#4023,#4845,.F.);
#2952=EDGE_CURVE('NONE',#4023,#3831,#4846,.F.);
#2953=EDGE_CURVE('NONE',#4023,#4020,#4847,.F.);
#2954=EDGE_CURVE('NONE',#4024,#3836,#4848,.F.);
#2955=EDGE_CURVE('NONE',#4024,#4025,#4849,.F.);
#2956=EDGE_CURVE('NONE',#4025,#3837,#4850,.F.);
#2957=EDGE_CURVE('NONE',#4025,#4026,#4851,.F.);
#2958=EDGE_CURVE('NONE',#4026,#3838,#4852,.F.);
#2959=EDGE_CURVE('NONE',#4026,#4027,#4853,.F.);
#2960=EDGE_CURVE('NONE',#4027,#3835,#4854,.F.);
#2961=EDGE_CURVE('NONE',#4027,#4024,#4855,.F.);
#2962=EDGE_CURVE('NONE',#4028,#3840,#4856,.F.);
#2963=EDGE_CURVE('NONE',#4028,#4029,#4857,.F.);
#2964=EDGE_CURVE('NONE',#4029,#3841,#4858,.F.);
#2965=EDGE_CURVE('NONE',#4029,#4030,#4859,.F.);
#2966=EDGE_CURVE('NONE',#4030,#3842,#4860,.F.);
#2967=EDGE_CURVE('NONE',#4030,#4031,#4861,.F.);
#2968=EDGE_CURVE('NONE',#4031,#3839,#4862,.F.);
#2969=EDGE_CURVE('NONE',#4031,#4028,#4863,.F.);
#2970=EDGE_CURVE('NONE',#4032,#3844,#4864,.F.);
#2971=EDGE_CURVE('NONE',#4032,#4033,#4865,.F.);
#2972=EDGE_CURVE('NONE',#4033,#3845,#4866,.F.);
#2973=EDGE_CURVE('NONE',#4033,#4034,#4867,.F.);
#2974=EDGE_CURVE('NONE',#4034,#3846,#4868,.F.);
#2975=EDGE_CURVE('NONE',#4034,#4035,#4869,.F.);
#2976=EDGE_CURVE('NONE',#4035,#3843,#4870,.F.);
#2977=EDGE_CURVE('NONE',#4035,#4032,#4871,.F.);
#2978=EDGE_CURVE('NONE',#4036,#3848,#4872,.F.);
#2979=EDGE_CURVE('NONE',#4036,#4037,#4873,.F.);
#2980=EDGE_CURVE('NONE',#4037,#3849,#4874,.F.);
#2981=EDGE_CURVE('NONE',#4037,#4038,#4875,.F.);
#2982=EDGE_CURVE('NONE',#4038,#3850,#4876,.F.);
#2983=EDGE_CURVE('NONE',#4038,#4039,#4877,.F.);
#2984=EDGE_CURVE('NONE',#4039,#3847,#4878,.F.);
#2985=EDGE_CURVE('NONE',#4039,#4036,#4879,.F.);
#2986=EDGE_CURVE('NONE',#4040,#3852,#4880,.F.);
#2987=EDGE_CURVE('NONE',#4040,#4041,#4881,.F.);
#2988=EDGE_CURVE('NONE',#4041,#3853,#4882,.F.);
#2989=EDGE_CURVE('NONE',#4041,#4042,#4883,.F.);
#2990=EDGE_CURVE('NONE',#4042,#3854,#4884,.F.);
#2991=EDGE_CURVE('NONE',#4042,#4043,#4885,.F.);
#2992=EDGE_CURVE('NONE',#4043,#3851,#4886,.F.);
#2993=EDGE_CURVE('NONE',#4043,#4040,#4887,.F.);
#2994=EDGE_CURVE('NONE',#4044,#3856,#4888,.F.);
#2995=EDGE_CURVE('NONE',#4044,#4045,#4889,.F.);
#2996=EDGE_CURVE('NONE',#4045,#3857,#4890,.F.);
#2997=EDGE_CURVE('NONE',#4045,#4046,#4891,.F.);
#2998=EDGE_CURVE('NONE',#4046,#3858,#4892,.F.);
#2999=EDGE_CURVE('NONE',#4046,#4047,#4893,.F.);
#3000=EDGE_CURVE('NONE',#4047,#3855,#4894,.F.);
#3001=EDGE_CURVE('NONE',#4047,#4044,#4895,.F.);
#3002=EDGE_CURVE('NONE',#4048,#3860,#4896,.F.);
#3003=EDGE_CURVE('NONE',#4048,#4049,#4897,.F.);
#3004=EDGE_CURVE('NONE',#4049,#3861,#4898,.F.);
#3005=EDGE_CURVE('NONE',#4049,#4050,#4899,.F.);
#3006=EDGE_CURVE('NONE',#4050,#3862,#4900,.F.);
#3007=EDGE_CURVE('NONE',#4050,#4051,#4901,.F.);
#3008=EDGE_CURVE('NONE',#4051,#3859,#4902,.F.);
#3009=EDGE_CURVE('NONE',#4051,#4048,#4903,.F.);
#3010=EDGE_CURVE('NONE',#4052,#3864,#4904,.F.);
#3011=EDGE_CURVE('NONE',#4052,#4053,#4905,.F.);
#3012=EDGE_CURVE('NONE',#4053,#3865,#4906,.F.);
#3013=EDGE_CURVE('NONE',#4053,#4054,#4907,.F.);
#3014=EDGE_CURVE('NONE',#4054,#3866,#4908,.F.);
#3015=EDGE_CURVE('NONE',#4054,#4055,#4909,.F.);
#3016=EDGE_CURVE('NONE',#4055,#3863,#4910,.F.);
#3017=EDGE_CURVE('NONE',#4055,#4052,#4911,.F.);
#3018=EDGE_CURVE('NONE',#4056,#3868,#4912,.F.);
#3019=EDGE_CURVE('NONE',#4056,#4057,#4913,.F.);
#3020=EDGE_CURVE('NONE',#4057,#3869,#4914,.F.);
#3021=EDGE_CURVE('NONE',#4057,#4058,#4915,.F.);
#3022=EDGE_CURVE('NONE',#4058,#3870,#4916,.F.);
#3023=EDGE_CURVE('NONE',#4058,#4059,#4917,.F.);
#3024=EDGE_CURVE('NONE',#4059,#3867,#4918,.F.);
#3025=EDGE_CURVE('NONE',#4059,#4056,#4919,.F.);
#3026=EDGE_CURVE('NONE',#4060,#3872,#4920,.F.);
#3027=EDGE_CURVE('NONE',#4060,#4061,#4921,.F.);
#3028=EDGE_CURVE('NONE',#4061,#3873,#4922,.F.);
#3029=EDGE_CURVE('NONE',#4061,#4062,#4923,.F.);
#3030=EDGE_CURVE('NONE',#4062,#3874,#4924,.F.);
#3031=EDGE_CURVE('NONE',#4062,#4063,#4925,.F.);
#3032=EDGE_CURVE('NONE',#4063,#3871,#4926,.F.);
#3033=EDGE_CURVE('NONE',#4063,#4060,#4927,.F.);
#3034=EDGE_CURVE('NONE',#4064,#3876,#4928,.F.);
#3035=EDGE_CURVE('NONE',#4064,#4065,#4929,.F.);
#3036=EDGE_CURVE('NONE',#4065,#3877,#4930,.F.);
#3037=EDGE_CURVE('NONE',#4065,#4066,#4931,.F.);
#3038=EDGE_CURVE('NONE',#4066,#3878,#4932,.F.);
#3039=EDGE_CURVE('NONE',#4066,#4067,#4933,.F.);
#3040=EDGE_CURVE('NONE',#4067,#3875,#4934,.F.);
#3041=EDGE_CURVE('NONE',#4067,#4064,#4935,.F.);
#3042=EDGE_CURVE('NONE',#4068,#3880,#4936,.F.);
#3043=EDGE_CURVE('NONE',#4068,#4069,#4937,.F.);
#3044=EDGE_CURVE('NONE',#4069,#3881,#4938,.F.);
#3045=EDGE_CURVE('NONE',#4069,#4070,#4939,.F.);
#3046=EDGE_CURVE('NONE',#4070,#3882,#4940,.F.);
#3047=EDGE_CURVE('NONE',#4070,#4071,#4941,.F.);
#3048=EDGE_CURVE('NONE',#4071,#3879,#4942,.F.);
#3049=EDGE_CURVE('NONE',#4071,#4068,#4943,.F.);
#3050=EDGE_CURVE('NONE',#4072,#3884,#4944,.F.);
#3051=EDGE_CURVE('NONE',#4072,#4073,#4945,.F.);
#3052=EDGE_CURVE('NONE',#4073,#3885,#4946,.F.);
#3053=EDGE_CURVE('NONE',#4073,#4074,#4947,.F.);
#3054=EDGE_CURVE('NONE',#4074,#3886,#4948,.F.);
#3055=EDGE_CURVE('NONE',#4074,#4075,#4949,.F.);
#3056=EDGE_CURVE('NONE',#4075,#3883,#4950,.F.);
#3057=EDGE_CURVE('NONE',#4075,#4072,#4951,.F.);
#3058=EDGE_CURVE('NONE',#4076,#3888,#4952,.F.);
#3059=EDGE_CURVE('NONE',#4076,#4077,#4953,.F.);
#3060=EDGE_CURVE('NONE',#4077,#3889,#4954,.F.);
#3061=EDGE_CURVE('NONE',#4077,#4078,#4955,.F.);
#3062=EDGE_CURVE('NONE',#4078,#3890,#4956,.F.);
#3063=EDGE_CURVE('NONE',#4078,#4079,#4957,.F.);
#3064=EDGE_CURVE('NONE',#4079,#3887,#4958,.F.);
#3065=EDGE_CURVE('NONE',#4079,#4076,#4959,.F.);
#3066=EDGE_CURVE('NONE',#4080,#3892,#4960,.F.);
#3067=EDGE_CURVE('NONE',#4080,#4081,#4961,.F.);
#3068=EDGE_CURVE('NONE',#4081,#3893,#4962,.F.);
#3069=EDGE_CURVE('NONE',#4081,#4082,#4963,.F.);
#3070=EDGE_CURVE('NONE',#4082,#3894,#4964,.F.);
#3071=EDGE_CURVE('NONE',#4082,#4083,#4965,.F.);
#3072=EDGE_CURVE('NONE',#4083,#3895,#4966,.F.);
#3073=EDGE_CURVE('NONE',#4083,#4084,#4967,.F.);
#3074=EDGE_CURVE('NONE',#4084,#3891,#4968,.F.);
#3075=EDGE_CURVE('NONE',#4084,#4080,#4969,.F.);
#3076=EDGE_CURVE('NONE',#4085,#3897,#4970,.F.);
#3077=EDGE_CURVE('NONE',#4085,#4086,#4971,.F.);
#3078=EDGE_CURVE('NONE',#4086,#3898,#4972,.F.);
#3079=EDGE_CURVE('NONE',#4086,#4087,#4973,.F.);
#3080=EDGE_CURVE('NONE',#4087,#3899,#4974,.F.);
#3081=EDGE_CURVE('NONE',#4087,#4088,#4975,.F.);
#3082=EDGE_CURVE('NONE',#4088,#3896,#4976,.F.);
#3083=EDGE_CURVE('NONE',#4088,#4085,#4977,.F.);
#3084=EDGE_CURVE('NONE',#4089,#3901,#4978,.F.);
#3085=EDGE_CURVE('NONE',#4089,#4090,#4979,.F.);
#3086=EDGE_CURVE('NONE',#4090,#3902,#4980,.F.);
#3087=EDGE_CURVE('NONE',#4090,#4091,#4981,.F.);
#3088=EDGE_CURVE('NONE',#4091,#3903,#4982,.F.);
#3089=EDGE_CURVE('NONE',#4091,#4092,#4983,.F.);
#3090=EDGE_CURVE('NONE',#4092,#3900,#4984,.F.);
#3091=EDGE_CURVE('NONE',#4092,#4089,#4985,.F.);
#3092=EDGE_CURVE('NONE',#4093,#3905,#4986,.F.);
#3093=EDGE_CURVE('NONE',#4093,#4094,#4987,.F.);
#3094=EDGE_CURVE('NONE',#4094,#3906,#4988,.F.);
#3095=EDGE_CURVE('NONE',#4094,#4095,#4989,.F.);
#3096=EDGE_CURVE('NONE',#4095,#3907,#4990,.F.);
#3097=EDGE_CURVE('NONE',#4095,#4096,#4991,.F.);
#3098=EDGE_CURVE('NONE',#4096,#3904,#4992,.F.);
#3099=EDGE_CURVE('NONE',#4096,#4093,#4993,.F.);
#3100=EDGE_CURVE('NONE',#4097,#3909,#4994,.F.);
#3101=EDGE_CURVE('NONE',#4097,#4098,#4995,.F.);
#3102=EDGE_CURVE('NONE',#4098,#3910,#4996,.F.);
#3103=EDGE_CURVE('NONE',#4098,#4099,#4997,.F.);
#3104=EDGE_CURVE('NONE',#4099,#3911,#4998,.F.);
#3105=EDGE_CURVE('NONE',#4099,#4100,#4999,.F.);
#3106=EDGE_CURVE('NONE',#4100,#3908,#5000,.F.);
#3107=EDGE_CURVE('NONE',#4100,#4097,#5001,.F.);
#3108=EDGE_CURVE('NONE',#4101,#3913,#5002,.F.);
#3109=EDGE_CURVE('NONE',#4101,#4102,#5003,.F.);
#3110=EDGE_CURVE('NONE',#4102,#3914,#5004,.F.);
#3111=EDGE_CURVE('NONE',#4102,#4103,#5005,.F.);
#3112=EDGE_CURVE('NONE',#4103,#3915,#5006,.F.);
#3113=EDGE_CURVE('NONE',#4103,#4104,#5007,.F.);
#3114=EDGE_CURVE('NONE',#4104,#3912,#5008,.F.);
#3115=EDGE_CURVE('NONE',#4104,#4101,#5009,.F.);
#3116=EDGE_CURVE('NONE',#4105,#3917,#5010,.F.);
#3117=EDGE_CURVE('NONE',#4105,#4106,#5011,.F.);
#3118=EDGE_CURVE('NONE',#4106,#3918,#5012,.F.);
#3119=EDGE_CURVE('NONE',#4106,#4107,#5013,.F.);
#3120=EDGE_CURVE('NONE',#4107,#3919,#5014,.F.);
#3121=EDGE_CURVE('NONE',#4107,#4108,#5015,.F.);
#3122=EDGE_CURVE('NONE',#4108,#3916,#5016,.F.);
#3123=EDGE_CURVE('NONE',#4108,#4105,#5017,.F.);
#3124=EDGE_CURVE('NONE',#4109,#3921,#5018,.F.);
#3125=EDGE_CURVE('NONE',#4109,#4110,#5019,.F.);
#3126=EDGE_CURVE('NONE',#4110,#3922,#5020,.F.);
#3127=EDGE_CURVE('NONE',#4110,#4111,#5021,.F.);
#3128=EDGE_CURVE('NONE',#4111,#3923,#5022,.F.);
#3129=EDGE_CURVE('NONE',#4111,#4112,#5023,.F.);
#3130=EDGE_CURVE('NONE',#4112,#3920,#5024,.F.);
#3131=EDGE_CURVE('NONE',#4112,#4109,#5025,.F.);
#3132=EDGE_CURVE('NONE',#4113,#3925,#5026,.F.);
#3133=EDGE_CURVE('NONE',#4113,#4114,#5027,.F.);
#3134=EDGE_CURVE('NONE',#4114,#3926,#5028,.F.);
#3135=EDGE_CURVE('NONE',#4114,#4115,#5029,.F.);
#3136=EDGE_CURVE('NONE',#4115,#3927,#5030,.F.);
#3137=EDGE_CURVE('NONE',#4115,#4116,#5031,.F.);
#3138=EDGE_CURVE('NONE',#4116,#3924,#5032,.F.);
#3139=EDGE_CURVE('NONE',#4116,#4113,#5033,.F.);
#3140=EDGE_CURVE('NONE',#4117,#3929,#5034,.F.);
#3141=EDGE_CURVE('NONE',#4117,#4118,#5035,.F.);
#3142=EDGE_CURVE('NONE',#4118,#3930,#5036,.F.);
#3143=EDGE_CURVE('NONE',#4118,#4119,#5037,.F.);
#3144=EDGE_CURVE('NONE',#4119,#3931,#5038,.F.);
#3145=EDGE_CURVE('NONE',#4119,#4120,#5039,.F.);
#3146=EDGE_CURVE('NONE',#4120,#3928,#5040,.F.);
#3147=EDGE_CURVE('NONE',#4120,#4117,#5041,.F.);
#3148=EDGE_CURVE('NONE',#4121,#3933,#5042,.F.);
#3149=EDGE_CURVE('NONE',#4121,#4122,#5043,.F.);
#3150=EDGE_CURVE('NONE',#4122,#3934,#5044,.F.);
#3151=EDGE_CURVE('NONE',#4122,#4123,#5045,.F.);
#3152=EDGE_CURVE('NONE',#4123,#3935,#5046,.F.);
#3153=EDGE_CURVE('NONE',#4123,#4124,#5047,.F.);
#3154=EDGE_CURVE('NONE',#4124,#3932,#5048,.F.);
#3155=EDGE_CURVE('NONE',#4124,#4121,#5049,.F.);
#3156=EDGE_CURVE('NONE',#4125,#3937,#5050,.F.);
#3157=EDGE_CURVE('NONE',#4125,#4126,#5051,.F.);
#3158=EDGE_CURVE('NONE',#4126,#3938,#5052,.F.);
#3159=EDGE_CURVE('NONE',#4126,#4127,#5053,.F.);
#3160=EDGE_CURVE('NONE',#4127,#3939,#5054,.F.);
#3161=EDGE_CURVE('NONE',#4127,#4128,#5055,.F.);
#3162=EDGE_CURVE('NONE',#4128,#3936,#5056,.F.);
#3163=EDGE_CURVE('NONE',#4128,#4125,#5057,.F.);
#3164=EDGE_CURVE('NONE',#4129,#3941,#5058,.F.);
#3165=EDGE_CURVE('NONE',#4129,#4130,#5059,.F.);
#3166=EDGE_CURVE('NONE',#4130,#3942,#5060,.F.);
#3167=EDGE_CURVE('NONE',#4130,#4131,#5061,.F.);
#3168=EDGE_CURVE('NONE',#4131,#3943,#5062,.F.);
#3169=EDGE_CURVE('NONE',#4131,#4132,#5063,.F.);
#3170=EDGE_CURVE('NONE',#4132,#3940,#5064,.F.);
#3171=EDGE_CURVE('NONE',#4132,#4129,#5065,.F.);
#3172=EDGE_CURVE('NONE',#4133,#3945,#5066,.F.);
#3173=EDGE_CURVE('NONE',#4133,#4134,#5067,.F.);
#3174=EDGE_CURVE('NONE',#4134,#3946,#5068,.F.);
#3175=EDGE_CURVE('NONE',#4134,#4135,#5069,.F.);
#3176=EDGE_CURVE('NONE',#4135,#3947,#5070,.F.);
#3177=EDGE_CURVE('NONE',#4135,#4136,#5071,.F.);
#3178=EDGE_CURVE('NONE',#4136,#3944,#5072,.F.);
#3179=EDGE_CURVE('NONE',#4136,#4133,#5073,.F.);
#3180=EDGE_CURVE('NONE',#4137,#3949,#5074,.F.);
#3181=EDGE_CURVE('NONE',#4137,#4138,#5075,.F.);
#3182=EDGE_CURVE('NONE',#4138,#3950,#5076,.F.);
#3183=EDGE_CURVE('NONE',#4138,#4139,#5077,.F.);
#3184=EDGE_CURVE('NONE',#4139,#3951,#5078,.F.);
#3185=EDGE_CURVE('NONE',#4139,#4140,#5079,.F.);
#3186=EDGE_CURVE('NONE',#4140,#3948,#5080,.F.);
#3187=EDGE_CURVE('NONE',#4140,#4137,#5081,.F.);
#3188=EDGE_CURVE('NONE',#4141,#3953,#5082,.F.);
#3189=EDGE_CURVE('NONE',#4141,#4142,#5083,.F.);
#3190=EDGE_CURVE('NONE',#4142,#3954,#5084,.F.);
#3191=EDGE_CURVE('NONE',#4142,#4143,#5085,.F.);
#3192=EDGE_CURVE('NONE',#4143,#3955,#5086,.F.);
#3193=EDGE_CURVE('NONE',#4143,#4144,#5087,.F.);
#3194=EDGE_CURVE('NONE',#4144,#3952,#5088,.F.);
#3195=EDGE_CURVE('NONE',#4144,#4141,#5089,.F.);
#3196=EDGE_CURVE('NONE',#4145,#3957,#5090,.F.);
#3197=EDGE_CURVE('NONE',#4145,#4146,#5091,.F.);
#3198=EDGE_CURVE('NONE',#4146,#3958,#5092,.F.);
#3199=EDGE_CURVE('NONE',#4146,#4147,#5093,.F.);
#3200=EDGE_CURVE('NONE',#4147,#3959,#5094,.F.);
#3201=EDGE_CURVE('NONE',#4147,#4148,#5095,.F.);
#3202=EDGE_CURVE('NONE',#4148,#3956,#5096,.F.);
#3203=EDGE_CURVE('NONE',#4148,#4145,#5097,.F.);
#3204=EDGE_CURVE('NONE',#4149,#3961,#5098,.F.);
#3205=EDGE_CURVE('NONE',#4149,#4150,#5099,.F.);
#3206=EDGE_CURVE('NONE',#4150,#3962,#5100,.F.);
#3207=EDGE_CURVE('NONE',#4150,#4151,#5101,.F.);
#3208=EDGE_CURVE('NONE',#4151,#3963,#5102,.F.);
#3209=EDGE_CURVE('NONE',#4151,#4152,#5103,.F.);
#3210=EDGE_CURVE('NONE',#4152,#3960,#5104,.F.);
#3211=EDGE_CURVE('NONE',#4152,#4149,#5105,.F.);
#3212=EDGE_CURVE('NONE',#4153,#3965,#5106,.F.);
#3213=EDGE_CURVE('NONE',#4153,#4154,#5107,.F.);
#3214=EDGE_CURVE('NONE',#4154,#3966,#5108,.F.);
#3215=EDGE_CURVE('NONE',#4154,#4155,#5109,.F.);
#3216=EDGE_CURVE('NONE',#4155,#3967,#5110,.F.);
#3217=EDGE_CURVE('NONE',#4155,#4156,#5111,.F.);
#3218=EDGE_CURVE('NONE',#4156,#3964,#5112,.F.);
#3219=EDGE_CURVE('NONE',#4156,#4153,#5113,.F.);
#3220=EDGE_CURVE('NONE',#4157,#3969,#5114,.F.);
#3221=EDGE_CURVE('NONE',#4157,#4158,#5115,.F.);
#3222=EDGE_CURVE('NONE',#4158,#3970,#5116,.F.);
#3223=EDGE_CURVE('NONE',#4158,#4159,#5117,.F.);
#3224=EDGE_CURVE('NONE',#4159,#3971,#5118,.F.);
#3225=EDGE_CURVE('NONE',#4159,#4160,#5119,.F.);
#3226=EDGE_CURVE('NONE',#4160,#3968,#5120,.F.);
#3227=EDGE_CURVE('NONE',#4160,#4157,#5121,.F.);
#3228=EDGE_CURVE('NONE',#4161,#3973,#5122,.F.);
#3229=EDGE_CURVE('NONE',#4161,#4162,#5123,.F.);
#3230=EDGE_CURVE('NONE',#4162,#3974,#5124,.F.);
#3231=EDGE_CURVE('NONE',#4162,#4163,#5125,.F.);
#3232=EDGE_CURVE('NONE',#4163,#3975,#5126,.F.);
#3233=EDGE_CURVE('NONE',#4163,#4164,#5127,.F.);
#3234=EDGE_CURVE('NONE',#4164,#3972,#5128,.F.);
#3235=EDGE_CURVE('NONE',#4164,#4161,#5129,.F.);
#3236=EDGE_CURVE('NONE',#4165,#3977,#5130,.F.);
#3237=EDGE_CURVE('NONE',#4165,#4166,#5131,.F.);
#3238=EDGE_CURVE('NONE',#4166,#3978,#5132,.F.);
#3239=EDGE_CURVE('NONE',#4166,#4167,#5133,.F.);
#3240=EDGE_CURVE('NONE',#4167,#3979,#5134,.F.);
#3241=EDGE_CURVE('NONE',#4167,#4168,#5135,.F.);
#3242=EDGE_CURVE('NONE',#4168,#3976,#5136,.F.);
#3243=EDGE_CURVE('NONE',#4168,#4165,#5137,.F.);
#3244=EDGE_CURVE('NONE',#4169,#3981,#5138,.F.);
#3245=EDGE_CURVE('NONE',#4169,#4170,#5139,.F.);
#3246=EDGE_CURVE('NONE',#4170,#3982,#5140,.F.);
#3247=EDGE_CURVE('NONE',#4170,#4171,#5141,.F.);
#3248=EDGE_CURVE('NONE',#4171,#3983,#5142,.F.);
#3249=EDGE_CURVE('NONE',#4171,#4172,#5143,.F.);
#3250=EDGE_CURVE('NONE',#4172,#3980,#5144,.F.);
#3251=EDGE_CURVE('NONE',#4172,#4169,#5145,.F.);
#3252=EDGE_CURVE('NONE',#4173,#3985,#5146,.F.);
#3253=EDGE_CURVE('NONE',#4173,#4174,#5147,.F.);
#3254=EDGE_CURVE('NONE',#4174,#3986,#5148,.F.);
#3255=EDGE_CURVE('NONE',#4174,#4175,#5149,.F.);
#3256=EDGE_CURVE('NONE',#4175,#3987,#5150,.F.);
#3257=EDGE_CURVE('NONE',#4175,#4176,#5151,.F.);
#3258=EDGE_CURVE('NONE',#4176,#3984,#5152,.F.);
#3259=EDGE_CURVE('NONE',#4176,#4173,#5153,.F.);
#3260=EDGE_CURVE('NONE',#4177,#3989,#5154,.F.);
#3261=EDGE_CURVE('NONE',#4177,#4178,#5155,.F.);
#3262=EDGE_CURVE('NONE',#4178,#3990,#5156,.F.);
#3263=EDGE_CURVE('NONE',#4178,#4179,#5157,.F.);
#3264=EDGE_CURVE('NONE',#4179,#3991,#5158,.F.);
#3265=EDGE_CURVE('NONE',#4179,#4180,#5159,.F.);
#3266=EDGE_CURVE('NONE',#4180,#3988,#5160,.F.);
#3267=EDGE_CURVE('NONE',#4180,#4177,#5161,.F.);
#3268=EDGE_CURVE('NONE',#4181,#4182,#5162,.F.);
#3269=EDGE_CURVE('NONE',#4183,#4182,#5163,.F.);
#3270=EDGE_CURVE('NONE',#4184,#4183,#5164,.F.);
#3271=EDGE_CURVE('NONE',#4184,#4181,#5165,.F.);
#3272=EDGE_CURVE('NONE',#4182,#4185,#5166,.F.);
#3273=EDGE_CURVE('NONE',#4186,#4185,#5167,.F.);
#3274=EDGE_CURVE('NONE',#4183,#4186,#5168,.T.);
#3275=EDGE_CURVE('NONE',#4185,#4187,#5169,.F.);
#3276=EDGE_CURVE('NONE',#4188,#4187,#5170,.F.);
#3277=EDGE_CURVE('NONE',#4186,#4188,#5171,.T.);
#3278=EDGE_CURVE('NONE',#4187,#4181,#5172,.F.);
#3279=EDGE_CURVE('NONE',#4188,#4184,#5173,.F.);
#3280=EDGE_CURVE('NONE',#4189,#4190,#5174,.F.);
#3281=EDGE_CURVE('NONE',#4191,#4190,#5175,.F.);
#3282=EDGE_CURVE('NONE',#4192,#4191,#5176,.T.);
#3283=EDGE_CURVE('NONE',#4192,#4189,#5177,.F.);
#3284=EDGE_CURVE('NONE',#4190,#4193,#5178,.F.);
#3285=EDGE_CURVE('NONE',#4194,#4193,#5179,.F.);
#3286=EDGE_CURVE('NONE',#4191,#4194,#5180,.T.);
#3287=EDGE_CURVE('NONE',#4193,#4195,#5181,.F.);
#3288=EDGE_CURVE('NONE',#4196,#4195,#5182,.F.);
#3289=EDGE_CURVE('NONE',#4194,#4196,#5183,.F.);
#3290=EDGE_CURVE('NONE',#4195,#4189,#5184,.F.);
#3291=EDGE_CURVE('NONE',#4196,#4192,#5185,.F.);
#3292=EDGE_CURVE('NONE',#4197,#4198,#5186,.F.);
#3293=EDGE_CURVE('NONE',#4199,#4198,#5187,.F.);
#3294=EDGE_CURVE('NONE',#4200,#4199,#5188,.T.);
#3295=EDGE_CURVE('NONE',#4200,#4197,#5189,.F.);
#3296=EDGE_CURVE('NONE',#4198,#4201,#5190,.F.);
#3297=EDGE_CURVE('NONE',#4202,#4201,#5191,.F.);
#3298=EDGE_CURVE('NONE',#4199,#4202,#5192,.T.);
#3299=EDGE_CURVE('NONE',#4201,#4203,#5193,.F.);
#3300=EDGE_CURVE('NONE',#4204,#4203,#5194,.F.);
#3301=EDGE_CURVE('NONE',#4202,#4204,#5195,.F.);
#3302=EDGE_CURVE('NONE',#4203,#4197,#5196,.F.);
#3303=EDGE_CURVE('NONE',#4204,#4200,#5197,.F.);
#3304=EDGE_CURVE('NONE',#4205,#4206,#5198,.F.);
#3305=EDGE_CURVE('NONE',#4207,#4206,#5199,.F.);
#3306=EDGE_CURVE('NONE',#4208,#4207,#5200,.F.);
#3307=EDGE_CURVE('NONE',#4208,#4205,#5201,.F.);
#3308=EDGE_CURVE('NONE',#4206,#4209,#5202,.F.);
#3309=EDGE_CURVE('NONE',#4210,#4209,#5203,.F.);
#3310=EDGE_CURVE('NONE',#4207,#4210,#5204,.T.);
#3311=EDGE_CURVE('NONE',#4209,#4211,#5205,.F.);
#3312=EDGE_CURVE('NONE',#4212,#4211,#5206,.F.);
#3313=EDGE_CURVE('NONE',#4210,#4212,#5207,.T.);
#3314=EDGE_CURVE('NONE',#4211,#4205,#5208,.F.);
#3315=EDGE_CURVE('NONE',#4212,#4208,#5209,.F.);
#3316=EDGE_CURVE('NONE',#4213,#4214,#5210,.F.);
#3317=EDGE_CURVE('NONE',#4215,#4214,#5211,.F.);
#3318=EDGE_CURVE('NONE',#4216,#4215,#5212,.T.);
#3319=EDGE_CURVE('NONE',#4216,#4213,#5213,.F.);
#3320=EDGE_CURVE('NONE',#4214,#4217,#5214,.F.);
#3321=EDGE_CURVE('NONE',#4218,#4217,#5215,.F.);
#3322=EDGE_CURVE('NONE',#4215,#4218,#5216,.T.);
#3323=EDGE_CURVE('NONE',#4217,#4219,#5217,.F.);
#3324=EDGE_CURVE('NONE',#4220,#4219,#5218,.F.);
#3325=EDGE_CURVE('NONE',#4218,#4220,#5219,.F.);
#3326=EDGE_CURVE('NONE',#4219,#4213,#5220,.F.);
#3327=EDGE_CURVE('NONE',#4220,#4216,#5221,.F.);
#3328=EDGE_CURVE('NONE',#4221,#4222,#5222,.F.);
#3329=EDGE_CURVE('NONE',#4223,#4222,#5223,.F.);
#3330=EDGE_CURVE('NONE',#4224,#4223,#5224,.T.);
#3331=EDGE_CURVE('NONE',#4224,#4221,#5225,.F.);
#3332=EDGE_CURVE('NONE',#4222,#4225,#5226,.F.);
#3333=EDGE_CURVE('NONE',#4226,#4225,#5227,.F.);
#3334=EDGE_CURVE('NONE',#4223,#4226,#5228,.T.);
#3335=EDGE_CURVE('NONE',#4225,#4227,#5229,.F.);
#3336=EDGE_CURVE('NONE',#4228,#4227,#5230,.F.);
#3337=EDGE_CURVE('NONE',#4226,#4228,#5231,.F.);
#3338=EDGE_CURVE('NONE',#4227,#4221,#5232,.F.);
#3339=EDGE_CURVE('NONE',#4228,#4224,#5233,.F.);
#3340=EDGE_CURVE('NONE',#4229,#4230,#5234,.F.);
#3341=EDGE_CURVE('NONE',#4231,#4230,#5235,.F.);
#3342=EDGE_CURVE('NONE',#4232,#4231,#5236,.F.);
#3343=EDGE_CURVE('NONE',#4232,#4229,#5237,.F.);
#3344=EDGE_CURVE('NONE',#4230,#4233,#5238,.F.);
#3345=EDGE_CURVE('NONE',#4234,#4233,#5239,.F.);
#3346=EDGE_CURVE('NONE',#4231,#4234,#5240,.T.);
#3347=EDGE_CURVE('NONE',#4233,#4235,#5241,.F.);
#3348=EDGE_CURVE('NONE',#4236,#4235,#5242,.F.);
#3349=EDGE_CURVE('NONE',#4234,#4236,#5243,.T.);
#3350=EDGE_CURVE('NONE',#4235,#4229,#5244,.F.);
#3351=EDGE_CURVE('NONE',#4236,#4232,#5245,.F.);
#3352=EDGE_CURVE('NONE',#4237,#4238,#5246,.F.);
#3353=EDGE_CURVE('NONE',#4239,#4238,#5247,.F.);
#3354=EDGE_CURVE('NONE',#4240,#4239,#5248,.T.);
#3355=EDGE_CURVE('NONE',#4240,#4237,#5249,.F.);
#3356=EDGE_CURVE('NONE',#4238,#4241,#5250,.F.);
#3357=EDGE_CURVE('NONE',#4242,#4241,#5251,.F.);
#3358=EDGE_CURVE('NONE',#4239,#4242,#5252,.T.);
#3359=EDGE_CURVE('NONE',#4241,#4243,#5253,.F.);
#3360=EDGE_CURVE('NONE',#4244,#4243,#5254,.F.);
#3361=EDGE_CURVE('NONE',#4242,#4244,#5255,.F.);
#3362=EDGE_CURVE('NONE',#4243,#4237,#5256,.F.);
#3363=EDGE_CURVE('NONE',#4244,#4240,#5257,.F.);
#3364=EDGE_CURVE('NONE',#4245,#4246,#5258,.F.);
#3365=EDGE_CURVE('NONE',#4247,#4246,#5259,.F.);
#3366=EDGE_CURVE('NONE',#4248,#4247,#5260,.F.);
#3367=EDGE_CURVE('NONE',#4248,#4245,#5261,.F.);
#3368=EDGE_CURVE('NONE',#4246,#4249,#5262,.F.);
#3369=EDGE_CURVE('NONE',#4250,#4249,#5263,.F.);
#3370=EDGE_CURVE('NONE',#4247,#4250,#5264,.T.);
#3371=EDGE_CURVE('NONE',#4249,#4251,#5265,.F.);
#3372=EDGE_CURVE('NONE',#4252,#4251,#5266,.F.);
#3373=EDGE_CURVE('NONE',#4250,#4252,#5267,.T.);
#3374=EDGE_CURVE('NONE',#4251,#4245,#5268,.F.);
#3375=EDGE_CURVE('NONE',#4252,#4248,#5269,.F.);
#3376=EDGE_CURVE('NONE',#4253,#4254,#5270,.F.);
#3377=EDGE_CURVE('NONE',#4255,#4254,#5271,.F.);
#3378=EDGE_CURVE('NONE',#4256,#4255,#5272,.F.);
#3379=EDGE_CURVE('NONE',#4256,#4253,#5273,.F.);
#3380=EDGE_CURVE('NONE',#4254,#4257,#5274,.F.);
#3381=EDGE_CURVE('NONE',#4258,#4257,#5275,.F.);
#3382=EDGE_CURVE('NONE',#4255,#4258,#5276,.T.);
#3383=EDGE_CURVE('NONE',#4257,#4259,#5277,.F.);
#3384=EDGE_CURVE('NONE',#4260,#4259,#5278,.F.);
#3385=EDGE_CURVE('NONE',#4258,#4260,#5279,.T.);
#3386=EDGE_CURVE('NONE',#4259,#4253,#5280,.F.);
#3387=EDGE_CURVE('NONE',#4260,#4256,#5281,.F.);
#3388=EDGE_CURVE('NONE',#4261,#4262,#5282,.F.);
#3389=EDGE_CURVE('NONE',#4263,#4262,#5283,.F.);
#3390=EDGE_CURVE('NONE',#4264,#4263,#5284,.T.);
#3391=EDGE_CURVE('NONE',#4264,#4261,#5285,.F.);
#3392=EDGE_CURVE('NONE',#4262,#4265,#5286,.F.);
#3393=EDGE_CURVE('NONE',#4266,#4265,#5287,.F.);
#3394=EDGE_CURVE('NONE',#4263,#4266,#5288,.F.);
#3395=EDGE_CURVE('NONE',#4265,#4267,#5289,.F.);
#3396=EDGE_CURVE('NONE',#4268,#4267,#5290,.F.);
#3397=EDGE_CURVE('NONE',#4266,#4268,#5291,.F.);
#3398=EDGE_CURVE('NONE',#4267,#4261,#5292,.F.);
#3399=EDGE_CURVE('NONE',#4268,#4264,#5293,.T.);
#3400=EDGE_CURVE('NONE',#4269,#4270,#5294,.F.);
#3401=EDGE_CURVE('NONE',#4271,#4270,#5295,.F.);
#3402=EDGE_CURVE('NONE',#4272,#4271,#5296,.F.);
#3403=EDGE_CURVE('NONE',#4272,#4269,#5297,.F.);
#3404=EDGE_CURVE('NONE',#4270,#4273,#5298,.F.);
#3405=EDGE_CURVE('NONE',#4274,#4273,#5299,.F.);
#3406=EDGE_CURVE('NONE',#4271,#4274,#5300,.T.);
#3407=EDGE_CURVE('NONE',#4273,#4275,#5301,.F.);
#3408=EDGE_CURVE('NONE',#4276,#4275,#5302,.F.);
#3409=EDGE_CURVE('NONE',#4274,#4276,#5303,.T.);
#3410=EDGE_CURVE('NONE',#4275,#4269,#5304,.F.);
#3411=EDGE_CURVE('NONE',#4276,#4272,#5305,.F.);
#3412=EDGE_CURVE('NONE',#4277,#4278,#5306,.F.);
#3413=EDGE_CURVE('NONE',#4279,#4278,#5307,.F.);
#3414=EDGE_CURVE('NONE',#4280,#4279,#5308,.T.);
#3415=EDGE_CURVE('NONE',#4280,#4277,#5309,.F.);
#3416=EDGE_CURVE('NONE',#4278,#4281,#5310,.F.);
#3417=EDGE_CURVE('NONE',#4282,#4281,#5311,.F.);
#3418=EDGE_CURVE('NONE',#4279,#4282,#5312,.T.);
#3419=EDGE_CURVE('NONE',#4281,#4283,#5313,.F.);
#3420=EDGE_CURVE('NONE',#4284,#4283,#5314,.F.);
#3421=EDGE_CURVE('NONE',#4282,#4284,#5315,.F.);
#3422=EDGE_CURVE('NONE',#4283,#4277,#5316,.F.);
#3423=EDGE_CURVE('NONE',#4284,#4280,#5317,.F.);
#3424=EDGE_CURVE('NONE',#4285,#4286,#5318,.F.);
#3425=EDGE_CURVE('NONE',#4287,#4286,#5319,.F.);
#3426=EDGE_CURVE('NONE',#4288,#4287,#5320,.T.);
#3427=EDGE_CURVE('NONE',#4288,#4285,#5321,.F.);
#3428=EDGE_CURVE('NONE',#4286,#4289,#5322,.F.);
#3429=EDGE_CURVE('NONE',#4290,#4289,#5323,.F.);
#3430=EDGE_CURVE('NONE',#4287,#4290,#5324,.T.);
#3431=EDGE_CURVE('NONE',#4289,#4291,#5325,.F.);
#3432=EDGE_CURVE('NONE',#4292,#4291,#5326,.F.);
#3433=EDGE_CURVE('NONE',#4290,#4292,#5327,.F.);
#3434=EDGE_CURVE('NONE',#4291,#4285,#5328,.F.);
#3435=EDGE_CURVE('NONE',#4292,#4288,#5329,.F.);
#3436=EDGE_CURVE('NONE',#4293,#4294,#5330,.F.);
#3437=EDGE_CURVE('NONE',#4295,#4294,#5331,.F.);
#3438=EDGE_CURVE('NONE',#4296,#4295,#5332,.F.);
#3439=EDGE_CURVE('NONE',#4296,#4293,#5333,.F.);
#3440=EDGE_CURVE('NONE',#4294,#4297,#5334,.F.);
#3441=EDGE_CURVE('NONE',#4298,#4297,#5335,.F.);
#3442=EDGE_CURVE('NONE',#4295,#4298,#5336,.T.);
#3443=EDGE_CURVE('NONE',#4297,#4299,#5337,.F.);
#3444=EDGE_CURVE('NONE',#4300,#4299,#5338,.F.);
#3445=EDGE_CURVE('NONE',#4298,#4300,#5339,.T.);
#3446=EDGE_CURVE('NONE',#4299,#4293,#5340,.F.);
#3447=EDGE_CURVE('NONE',#4300,#4296,#5341,.F.);
#3448=EDGE_CURVE('NONE',#4301,#4302,#5342,.F.);
#3449=EDGE_CURVE('NONE',#4303,#4302,#5343,.F.);
#3450=EDGE_CURVE('NONE',#4304,#4303,#5344,.T.);
#3451=EDGE_CURVE('NONE',#4304,#4301,#5345,.F.);
#3452=EDGE_CURVE('NONE',#4302,#4305,#5346,.F.);
#3453=EDGE_CURVE('NONE',#4306,#4305,#5347,.F.);
#3454=EDGE_CURVE('NONE',#4303,#4306,#5348,.F.);
#3455=EDGE_CURVE('NONE',#4305,#4307,#5349,.F.);
#3456=EDGE_CURVE('NONE',#4308,#4307,#5350,.F.);
#3457=EDGE_CURVE('NONE',#4306,#4308,#5351,.F.);
#3458=EDGE_CURVE('NONE',#4307,#4301,#5352,.F.);
#3459=EDGE_CURVE('NONE',#4308,#4304,#5353,.T.);
#3460=EDGE_CURVE('NONE',#4309,#4310,#5354,.F.);
#3461=EDGE_CURVE('NONE',#4311,#4310,#5355,.F.);
#3462=EDGE_CURVE('NONE',#4312,#4311,#5356,.F.);
#3463=EDGE_CURVE('NONE',#4312,#4309,#5357,.F.);
#3464=EDGE_CURVE('NONE',#4310,#4313,#5358,.F.);
#3465=EDGE_CURVE('NONE',#4314,#4313,#5359,.F.);
#3466=EDGE_CURVE('NONE',#4311,#4314,#5360,.F.);
#3467=EDGE_CURVE('NONE',#4313,#4315,#5361,.F.);
#3468=EDGE_CURVE('NONE',#4316,#4315,#5362,.F.);
#3469=EDGE_CURVE('NONE',#4314,#4316,#5363,.T.);
#3470=EDGE_CURVE('NONE',#4315,#4309,#5364,.F.);
#3471=EDGE_CURVE('NONE',#4316,#4312,#5365,.T.);
#3472=EDGE_CURVE('NONE',#4317,#4318,#5366,.F.);
#3473=EDGE_CURVE('NONE',#4319,#4318,#5367,.F.);
#3474=EDGE_CURVE('NONE',#4320,#4319,#5368,.T.);
#3475=EDGE_CURVE('NONE',#4320,#4317,#5369,.F.);
#3476=EDGE_CURVE('NONE',#4318,#4321,#5370,.F.);
#3477=EDGE_CURVE('NONE',#4322,#4321,#5371,.F.);
#3478=EDGE_CURVE('NONE',#4319,#4322,#5372,.F.);
#3479=EDGE_CURVE('NONE',#4321,#4323,#5373,.F.);
#3480=EDGE_CURVE('NONE',#4324,#4323,#5374,.F.);
#3481=EDGE_CURVE('NONE',#4322,#4324,#5375,.F.);
#3482=EDGE_CURVE('NONE',#4323,#4317,#5376,.F.);
#3483=EDGE_CURVE('NONE',#4324,#4320,#5377,.T.);
#3484=EDGE_CURVE('NONE',#4325,#4326,#5378,.F.);
#3485=EDGE_CURVE('NONE',#4327,#4326,#5379,.F.);
#3486=EDGE_CURVE('NONE',#4328,#4327,#5380,.F.);
#3487=EDGE_CURVE('NONE',#4328,#4325,#5381,.F.);
#3488=EDGE_CURVE('NONE',#4326,#4329,#5382,.F.);
#3489=EDGE_CURVE('NONE',#4330,#4329,#5383,.F.);
#3490=EDGE_CURVE('NONE',#4327,#4330,#5384,.F.);
#3491=EDGE_CURVE('NONE',#4329,#4331,#5385,.F.);
#3492=EDGE_CURVE('NONE',#4332,#4331,#5386,.F.);
#3493=EDGE_CURVE('NONE',#4330,#4332,#5387,.T.);
#3494=EDGE_CURVE('NONE',#4331,#4333,#5388,.F.);
#3495=EDGE_CURVE('NONE',#4334,#4333,#5389,.F.);
#3496=EDGE_CURVE('NONE',#4332,#4334,#5390,.T.);
#3497=EDGE_CURVE('NONE',#4333,#4325,#5391,.F.);
#3498=EDGE_CURVE('NONE',#4334,#4328,#5392,.T.);
#3499=EDGE_CURVE('NONE',#4335,#4336,#5393,.F.);
#3500=EDGE_CURVE('NONE',#4337,#4336,#5394,.F.);
#3501=EDGE_CURVE('NONE',#4338,#4337,#5395,.F.);
#3502=EDGE_CURVE('NONE',#4338,#4335,#5396,.F.);
#3503=EDGE_CURVE('NONE',#4336,#4339,#5397,.F.);
#3504=EDGE_CURVE('NONE',#4340,#4339,#5398,.F.);
#3505=EDGE_CURVE('NONE',#4337,#4340,#5399,.T.);
#3506=EDGE_CURVE('NONE',#4339,#4341,#5400,.F.);
#3507=EDGE_CURVE('NONE',#4342,#4341,#5401,.F.);
#3508=EDGE_CURVE('NONE',#4340,#4342,#5402,.T.);
#3509=EDGE_CURVE('NONE',#4341,#4335,#5403,.F.);
#3510=EDGE_CURVE('NONE',#4342,#4338,#5404,.F.);
#3511=EDGE_CURVE('NONE',#4343,#4344,#5405,.F.);
#3512=EDGE_CURVE('NONE',#4345,#4344,#5406,.F.);
#3513=EDGE_CURVE('NONE',#4346,#4345,#5407,.T.);
#3514=EDGE_CURVE('NONE',#4346,#4343,#5408,.F.);
#3515=EDGE_CURVE('NONE',#4344,#4347,#5409,.F.);
#3516=EDGE_CURVE('NONE',#4348,#4347,#5410,.F.);
#3517=EDGE_CURVE('NONE',#4345,#4348,#5411,.F.);
#3518=EDGE_CURVE('NONE',#4347,#4349,#5412,.F.);
#3519=EDGE_CURVE('NONE',#4350,#4349,#5413,.F.);
#3520=EDGE_CURVE('NONE',#4348,#4350,#5414,.F.);
#3521=EDGE_CURVE('NONE',#4349,#4343,#5415,.F.);
#3522=EDGE_CURVE('NONE',#4350,#4346,#5416,.T.);
#3523=EDGE_CURVE('NONE',#4351,#4352,#5417,.F.);
#3524=EDGE_CURVE('NONE',#4353,#4352,#5418,.F.);
#3525=EDGE_CURVE('NONE',#4354,#4353,#5419,.T.);
#3526=EDGE_CURVE('NONE',#4354,#4351,#5420,.F.);
#3527=EDGE_CURVE('NONE',#4352,#4355,#5421,.F.);
#3528=EDGE_CURVE('NONE',#4356,#4355,#5422,.F.);
#3529=EDGE_CURVE('NONE',#4353,#4356,#5423,.F.);
#3530=EDGE_CURVE('NONE',#4355,#4357,#5424,.F.);
#3531=EDGE_CURVE('NONE',#4358,#4357,#5425,.F.);
#3532=EDGE_CURVE('NONE',#4356,#4358,#5426,.F.);
#3533=EDGE_CURVE('NONE',#4357,#4351,#5427,.F.);
#3534=EDGE_CURVE('NONE',#4358,#4354,#5428,.T.);
#3535=EDGE_CURVE('NONE',#4359,#4360,#5429,.F.);
#3536=EDGE_CURVE('NONE',#4361,#4360,#5430,.F.);
#3537=EDGE_CURVE('NONE',#4362,#4361,#5431,.T.);
#3538=EDGE_CURVE('NONE',#4362,#4359,#5432,.F.);
#3539=EDGE_CURVE('NONE',#4360,#4363,#5433,.F.);
#3540=EDGE_CURVE('NONE',#4364,#4363,#5434,.F.);
#3541=EDGE_CURVE('NONE',#4361,#4364,#5435,.T.);
#3542=EDGE_CURVE('NONE',#4363,#4365,#5436,.F.);
#3543=EDGE_CURVE('NONE',#4366,#4365,#5437,.F.);
#3544=EDGE_CURVE('NONE',#4364,#4366,#5438,.F.);
#3545=EDGE_CURVE('NONE',#4365,#4359,#5439,.F.);
#3546=EDGE_CURVE('NONE',#4366,#4362,#5440,.F.);
#3547=EDGE_CURVE('NONE',#4367,#4368,#5441,.F.);
#3548=EDGE_CURVE('NONE',#4369,#4368,#5442,.F.);
#3549=EDGE_CURVE('NONE',#4370,#4369,#5443,.F.);
#3550=EDGE_CURVE('NONE',#4370,#4367,#5444,.F.);
#3551=EDGE_CURVE('NONE',#4368,#4371,#5445,.F.);
#3552=EDGE_CURVE('NONE',#4372,#4371,#5446,.F.);
#3553=EDGE_CURVE('NONE',#4369,#4372,#5447,.T.);
#3554=EDGE_CURVE('NONE',#4371,#4373,#5448,.F.);
#3555=EDGE_CURVE('NONE',#4374,#4373,#5449,.F.);
#3556=EDGE_CURVE('NONE',#4372,#4374,#5450,.T.);
#3557=EDGE_CURVE('NONE',#4373,#4367,#5451,.F.);
#3558=EDGE_CURVE('NONE',#4374,#4370,#5452,.F.);
#3559=EDGE_CURVE('NONE',#4375,#4376,#5453,.F.);
#3560=EDGE_CURVE('NONE',#4377,#4376,#5454,.F.);
#3561=EDGE_CURVE('NONE',#4378,#4377,#5455,.T.);
#3562=EDGE_CURVE('NONE',#4378,#4375,#5456,.F.);
#3563=EDGE_CURVE('NONE',#4376,#4379,#5457,.F.);
#3564=EDGE_CURVE('NONE',#4380,#4379,#5458,.F.);
#3565=EDGE_CURVE('NONE',#4377,#4380,#5459,.F.);
#3566=EDGE_CURVE('NONE',#4379,#4381,#5460,.F.);
#3567=EDGE_CURVE('NONE',#4382,#4381,#5461,.F.);
#3568=EDGE_CURVE('NONE',#4380,#4382,#5462,.F.);
#3569=EDGE_CURVE('NONE',#4381,#4375,#5463,.F.);
#3570=EDGE_CURVE('NONE',#4382,#4378,#5464,.T.);
#3571=EDGE_CURVE('NONE',#4383,#4384,#5465,.F.);
#3572=EDGE_CURVE('NONE',#4385,#4384,#5466,.F.);
#3573=EDGE_CURVE('NONE',#4386,#4385,#5467,.T.);
#3574=EDGE_CURVE('NONE',#4386,#4383,#5468,.F.);
#3575=EDGE_CURVE('NONE',#4384,#4387,#5469,.F.);
#3576=EDGE_CURVE('NONE',#4388,#4387,#5470,.F.);
#3577=EDGE_CURVE('NONE',#4385,#4388,#5471,.T.);
#3578=EDGE_CURVE('NONE',#4387,#4389,#5472,.F.);
#3579=EDGE_CURVE('NONE',#4390,#4389,#5473,.F.);
#3580=EDGE_CURVE('NONE',#4388,#4390,#5474,.F.);
#3581=EDGE_CURVE('NONE',#4389,#4383,#5475,.F.);
#3582=EDGE_CURVE('NONE',#4390,#4386,#5476,.F.);
#3583=EDGE_CURVE('NONE',#4391,#4392,#5477,.F.);
#3584=EDGE_CURVE('NONE',#4393,#4392,#5478,.F.);
#3585=EDGE_CURVE('NONE',#4394,#4393,#5479,.F.);
#3586=EDGE_CURVE('NONE',#4394,#4391,#5480,.F.);
#3587=EDGE_CURVE('NONE',#4392,#4395,#5481,.F.);
#3588=EDGE_CURVE('NONE',#4396,#4395,#5482,.F.);
#3589=EDGE_CURVE('NONE',#4393,#4396,#5483,.F.);
#3590=EDGE_CURVE('NONE',#4395,#4397,#5484,.F.);
#3591=EDGE_CURVE('NONE',#4398,#4397,#5485,.F.);
#3592=EDGE_CURVE('NONE',#4396,#4398,#5486,.T.);
#3593=EDGE_CURVE('NONE',#4397,#4391,#5487,.F.);
#3594=EDGE_CURVE('NONE',#4398,#4394,#5488,.T.);
#3595=EDGE_CURVE('NONE',#4399,#4400,#5489,.F.);
#3596=EDGE_CURVE('NONE',#4401,#4400,#5490,.F.);
#3597=EDGE_CURVE('NONE',#4402,#4401,#5491,.T.);
#3598=EDGE_CURVE('NONE',#4402,#4399,#5492,.F.);
#3599=EDGE_CURVE('NONE',#4400,#4403,#5493,.F.);
#3600=EDGE_CURVE('NONE',#4404,#4403,#5494,.F.);
#3601=EDGE_CURVE('NONE',#4401,#4404,#5495,.F.);
#3602=EDGE_CURVE('NONE',#4403,#4405,#5496,.F.);
#3603=EDGE_CURVE('NONE',#4406,#4405,#5497,.F.);
#3604=EDGE_CURVE('NONE',#4404,#4406,#5498,.F.);
#3605=EDGE_CURVE('NONE',#4405,#4399,#5499,.F.);
#3606=EDGE_CURVE('NONE',#4406,#4402,#5500,.T.);
#3607=EDGE_CURVE('NONE',#4407,#4408,#5501,.F.);
#3608=EDGE_CURVE('NONE',#4409,#4408,#5502,.F.);
#3609=EDGE_CURVE('NONE',#4410,#4409,#5503,.T.);
#3610=EDGE_CURVE('NONE',#4410,#4407,#5504,.F.);
#3611=EDGE_CURVE('NONE',#4408,#4411,#5505,.F.);
#3612=EDGE_CURVE('NONE',#4412,#4411,#5506,.F.);
#3613=EDGE_CURVE('NONE',#4409,#4412,#5507,.T.);
#3614=EDGE_CURVE('NONE',#4411,#4413,#5508,.F.);
#3615=EDGE_CURVE('NONE',#4414,#4413,#5509,.F.);
#3616=EDGE_CURVE('NONE',#4412,#4414,#5510,.F.);
#3617=EDGE_CURVE('NONE',#4413,#4407,#5511,.F.);
#3618=EDGE_CURVE('NONE',#4414,#4410,#5512,.F.);
#3619=EDGE_CURVE('NONE',#4415,#4416,#5513,.F.);
#3620=EDGE_CURVE('NONE',#4417,#4416,#5514,.F.);
#3621=EDGE_CURVE('NONE',#4418,#4417,#5515,.T.);
#3622=EDGE_CURVE('NONE',#4418,#4415,#5516,.F.);
#3623=EDGE_CURVE('NONE',#4416,#4419,#5517,.F.);
#3624=EDGE_CURVE('NONE',#4420,#4419,#5518,.F.);
#3625=EDGE_CURVE('NONE',#4417,#4420,#5519,.F.);
#3626=EDGE_CURVE('NONE',#4419,#4421,#5520,.F.);
#3627=EDGE_CURVE('NONE',#4422,#4421,#5521,.F.);
#3628=EDGE_CURVE('NONE',#4420,#4422,#5522,.F.);
#3629=EDGE_CURVE('NONE',#4421,#4415,#5523,.F.);
#3630=EDGE_CURVE('NONE',#4422,#4418,#5524,.T.);
#3631=EDGE_CURVE('NONE',#4423,#4424,#5525,.F.);
#3632=EDGE_CURVE('NONE',#4425,#4424,#5526,.F.);
#3633=EDGE_CURVE('NONE',#4426,#4425,#5527,.F.);
#3634=EDGE_CURVE('NONE',#4426,#4423,#5528,.F.);
#3635=EDGE_CURVE('NONE',#4424,#4427,#5529,.F.);
#3636=EDGE_CURVE('NONE',#4428,#4427,#5530,.F.);
#3637=EDGE_CURVE('NONE',#4425,#4428,#5531,.T.);
#3638=EDGE_CURVE('NONE',#4427,#4429,#5532,.F.);
#3639=EDGE_CURVE('NONE',#4430,#4429,#5533,.F.);
#3640=EDGE_CURVE('NONE',#4428,#4430,#5534,.T.);
#3641=EDGE_CURVE('NONE',#4429,#4423,#5535,.F.);
#3642=EDGE_CURVE('NONE',#4430,#4426,#5536,.F.);
#3643=EDGE_CURVE('NONE',#4431,#4432,#5537,.F.);
#3644=EDGE_CURVE('NONE',#4433,#4432,#5538,.F.);
#3645=EDGE_CURVE('NONE',#4434,#4433,#5539,.T.);
#3646=EDGE_CURVE('NONE',#4434,#4431,#5540,.F.);
#3647=EDGE_CURVE('NONE',#4432,#4435,#5541,.F.);
#3648=EDGE_CURVE('NONE',#4436,#4435,#5542,.F.);
#3649=EDGE_CURVE('NONE',#4433,#4436,#5543,.F.);
#3650=EDGE_CURVE('NONE',#4435,#4437,#5544,.F.);
#3651=EDGE_CURVE('NONE',#4438,#4437,#5545,.F.);
#3652=EDGE_CURVE('NONE',#4436,#4438,#5546,.F.);
#3653=EDGE_CURVE('NONE',#4437,#4431,#5547,.F.);
#3654=EDGE_CURVE('NONE',#4438,#4434,#5548,.T.);
#3655=EDGE_CURVE('NONE',#4439,#4440,#5549,.F.);
#3656=EDGE_CURVE('NONE',#4441,#4440,#5550,.F.);
#3657=EDGE_CURVE('NONE',#4442,#4441,#5551,.T.);
#3658=EDGE_CURVE('NONE',#4442,#4439,#5552,.F.);
#3659=EDGE_CURVE('NONE',#4440,#4443,#5553,.F.);
#3660=EDGE_CURVE('NONE',#4444,#4443,#5554,.F.);
#3661=EDGE_CURVE('NONE',#4441,#4444,#5555,.T.);
#3662=EDGE_CURVE('NONE',#4443,#4445,#5556,.F.);
#3663=EDGE_CURVE('NONE',#4446,#4445,#5557,.F.);
#3664=EDGE_CURVE('NONE',#4444,#4446,#5558,.F.);
#3665=EDGE_CURVE('NONE',#4445,#4439,#5559,.F.);
#3666=EDGE_CURVE('NONE',#4446,#4442,#5560,.F.);
#3667=EDGE_CURVE('NONE',#4447,#4448,#5561,.F.);
#3668=EDGE_CURVE('NONE',#4449,#4448,#5562,.F.);
#3669=EDGE_CURVE('NONE',#4450,#4449,#5563,.T.);
#3670=EDGE_CURVE('NONE',#4450,#4447,#5564,.F.);
#3671=EDGE_CURVE('NONE',#4448,#4451,#5565,.F.);
#3672=EDGE_CURVE('NONE',#4452,#4451,#5566,.F.);
#3673=EDGE_CURVE('NONE',#4449,#4452,#5567,.T.);
#3674=EDGE_CURVE('NONE',#4451,#4453,#5568,.F.);
#3675=EDGE_CURVE('NONE',#4454,#4453,#5569,.F.);
#3676=EDGE_CURVE('NONE',#4452,#4454,#5570,.F.);
#3677=EDGE_CURVE('NONE',#4453,#4447,#5571,.F.);
#3678=EDGE_CURVE('NONE',#4454,#4450,#5572,.F.);
#3679=EDGE_CURVE('NONE',#4455,#4456,#5573,.F.);
#3680=EDGE_CURVE('NONE',#4457,#4456,#5574,.F.);
#3681=EDGE_CURVE('NONE',#4458,#4457,#5575,.T.);
#3682=EDGE_CURVE('NONE',#4458,#4455,#5576,.F.);
#3683=EDGE_CURVE('NONE',#4456,#4459,#5577,.F.);
#3684=EDGE_CURVE('NONE',#4460,#4459,#5578,.F.);
#3685=EDGE_CURVE('NONE',#4457,#4460,#5579,.T.);
#3686=EDGE_CURVE('NONE',#4459,#4461,#5580,.F.);
#3687=EDGE_CURVE('NONE',#4462,#4461,#5581,.F.);
#3688=EDGE_CURVE('NONE',#4460,#4462,#5582,.F.);
#3689=EDGE_CURVE('NONE',#4461,#4455,#5583,.F.);
#3690=EDGE_CURVE('NONE',#4462,#4458,#5584,.F.);
#3691=EDGE_CURVE('NONE',#4463,#4464,#5585,.F.);
#3692=EDGE_CURVE('NONE',#4465,#4464,#5586,.F.);
#3693=EDGE_CURVE('NONE',#4466,#4465,#5587,.T.);
#3694=EDGE_CURVE('NONE',#4466,#4463,#5588,.F.);
#3695=EDGE_CURVE('NONE',#4464,#4467,#5589,.F.);
#3696=EDGE_CURVE('NONE',#4468,#4467,#5590,.F.);
#3697=EDGE_CURVE('NONE',#4465,#4468,#5591,.T.);
#3698=EDGE_CURVE('NONE',#4467,#4469,#5592,.F.);
#3699=EDGE_CURVE('NONE',#4470,#4469,#5593,.F.);
#3700=EDGE_CURVE('NONE',#4468,#4470,#5594,.F.);
#3701=EDGE_CURVE('NONE',#4469,#4463,#5595,.F.);
#3702=EDGE_CURVE('NONE',#4470,#4466,#5596,.F.);
#3703=EDGE_CURVE('NONE',#4471,#4472,#5597,.F.);
#3704=EDGE_CURVE('NONE',#4473,#4472,#5598,.F.);
#3705=EDGE_CURVE('NONE',#4474,#4473,#5599,.T.);
#3706=EDGE_CURVE('NONE',#4474,#4471,#5600,.F.);
#3707=EDGE_CURVE('NONE',#4472,#4475,#5601,.F.);
#3708=EDGE_CURVE('NONE',#4476,#4475,#5602,.F.);
#3709=EDGE_CURVE('NONE',#4473,#4476,#5603,.T.);
#3710=EDGE_CURVE('NONE',#4475,#4477,#5604,.F.);
#3711=EDGE_CURVE('NONE',#4478,#4477,#5605,.F.);
#3712=EDGE_CURVE('NONE',#4476,#4478,#5606,.F.);
#3713=EDGE_CURVE('NONE',#4477,#4471,#5607,.F.);
#3714=EDGE_CURVE('NONE',#4478,#4474,#5608,.F.);
#3715=EDGE_CURVE('NONE',#4479,#4480,#5609,.F.);
#3716=EDGE_CURVE('NONE',#4481,#4480,#5610,.F.);
#3717=EDGE_CURVE('NONE',#4482,#4481,#5611,.T.);
#3718=EDGE_CURVE('NONE',#4482,#4479,#5612,.F.);
#3719=EDGE_CURVE('NONE',#4480,#4483,#5613,.F.);
#3720=EDGE_CURVE('NONE',#4484,#4483,#5614,.F.);
#3721=EDGE_CURVE('NONE',#4481,#4484,#5615,.T.);
#3722=EDGE_CURVE('NONE',#4483,#4485,#5616,.F.);
#3723=EDGE_CURVE('NONE',#4486,#4485,#5617,.F.);
#3724=EDGE_CURVE('NONE',#4484,#4486,#5618,.F.);
#3725=EDGE_CURVE('NONE',#4485,#4479,#5619,.F.);
#3726=EDGE_CURVE('NONE',#4486,#4482,#5620,.F.);
#3727=VERTEX_POINT('',#13554);
#3728=VERTEX_POINT('',#13555);
#3729=VERTEX_POINT('',#13557);
#3730=VERTEX_POINT('',#13559);
#3731=VERTEX_POINT('',#13563);
#3732=VERTEX_POINT('',#13565);
#3733=VERTEX_POINT('',#13569);
#3734=VERTEX_POINT('',#13571);
#3735=VERTEX_POINT('',#13581);
#3736=VERTEX_POINT('',#13582);
#3737=VERTEX_POINT('',#13584);
#3738=VERTEX_POINT('',#13586);
#3739=VERTEX_POINT('',#13590);
#3740=VERTEX_POINT('',#13592);
#3741=VERTEX_POINT('',#13596);
#3742=VERTEX_POINT('',#13598);
#3743=VERTEX_POINT('',#13608);
#3744=VERTEX_POINT('',#13609);
#3745=VERTEX_POINT('',#13611);
#3746=VERTEX_POINT('',#13613);
#3747=VERTEX_POINT('',#13617);
#3748=VERTEX_POINT('',#13619);
#3749=VERTEX_POINT('',#13623);
#3750=VERTEX_POINT('',#13625);
#3751=VERTEX_POINT('',#13635);
#3752=VERTEX_POINT('',#13636);
#3753=VERTEX_POINT('',#13638);
#3754=VERTEX_POINT('',#13640);
#3755=VERTEX_POINT('',#13644);
#3756=VERTEX_POINT('',#13646);
#3757=VERTEX_POINT('',#13650);
#3758=VERTEX_POINT('',#13652);
#3759=VERTEX_POINT('',#13662);
#3760=VERTEX_POINT('',#13664);
#3761=VERTEX_POINT('',#13667);
#3762=VERTEX_POINT('',#13668);
#3763=VERTEX_POINT('',#13670);
#3764=VERTEX_POINT('',#13672);
#3765=VERTEX_POINT('',#13676);
#3766=VERTEX_POINT('',#13678);
#3767=VERTEX_POINT('',#13682);
#3768=VERTEX_POINT('',#13684);
#3769=VERTEX_POINT('',#13695);
#3770=VERTEX_POINT('',#13696);
#3771=VERTEX_POINT('',#13698);
#3772=VERTEX_POINT('',#13700);
#3773=VERTEX_POINT('',#13704);
#3774=VERTEX_POINT('',#13706);
#3775=VERTEX_POINT('',#13710);
#3776=VERTEX_POINT('',#13712);
#3777=VERTEX_POINT('',#13722);
#3778=VERTEX_POINT('',#13723);
#3779=VERTEX_POINT('',#13725);
#3780=VERTEX_POINT('',#13727);
#3781=VERTEX_POINT('',#13731);
#3782=VERTEX_POINT('',#13733);
#3783=VERTEX_POINT('',#13737);
#3784=VERTEX_POINT('',#13739);
#3785=VERTEX_POINT('',#13749);
#3786=VERTEX_POINT('',#13751);
#3787=VERTEX_POINT('',#13757);
#3788=VERTEX_POINT('',#13758);
#3789=VERTEX_POINT('',#13760);
#3790=VERTEX_POINT('',#13762);
#3791=VERTEX_POINT('',#13766);
#3792=VERTEX_POINT('',#13768);
#3793=VERTEX_POINT('',#13772);
#3794=VERTEX_POINT('',#13774);
#3795=VERTEX_POINT('',#13784);
#3796=VERTEX_POINT('',#13785);
#3797=VERTEX_POINT('',#13787);
#3798=VERTEX_POINT('',#13789);
#3799=VERTEX_POINT('',#13793);
#3800=VERTEX_POINT('',#13795);
#3801=VERTEX_POINT('',#13799);
#3802=VERTEX_POINT('',#13801);
#3803=VERTEX_POINT('',#13811);
#3804=VERTEX_POINT('',#13812);
#3805=VERTEX_POINT('',#13814);
#3806=VERTEX_POINT('',#13816);
#3807=VERTEX_POINT('',#13819);
#3808=VERTEX_POINT('',#13820);
#3809=VERTEX_POINT('',#13822);
#3810=VERTEX_POINT('',#13824);
#3811=VERTEX_POINT('',#13827);
#3812=VERTEX_POINT('',#13828);
#3813=VERTEX_POINT('',#13830);
#3814=VERTEX_POINT('',#13832);
#3815=VERTEX_POINT('',#13835);
#3816=VERTEX_POINT('',#13836);
#3817=VERTEX_POINT('',#13838);
#3818=VERTEX_POINT('',#13840);
#3819=VERTEX_POINT('',#13843);
#3820=VERTEX_POINT('',#13844);
#3821=VERTEX_POINT('',#13846);
#3822=VERTEX_POINT('',#13848);
#3823=VERTEX_POINT('',#13851);
#3824=VERTEX_POINT('',#13852);
#3825=VERTEX_POINT('',#13854);
#3826=VERTEX_POINT('',#13856);
#3827=VERTEX_POINT('',#13859);
#3828=VERTEX_POINT('',#13860);
#3829=VERTEX_POINT('',#13862);
#3830=VERTEX_POINT('',#13864);
#3831=VERTEX_POINT('',#13867);
#3832=VERTEX_POINT('',#13868);
#3833=VERTEX_POINT('',#13870);
#3834=VERTEX_POINT('',#13872);
#3835=VERTEX_POINT('',#13875);
#3836=VERTEX_POINT('',#13876);
#3837=VERTEX_POINT('',#13878);
#3838=VERTEX_POINT('',#13880);
#3839=VERTEX_POINT('',#13883);
#3840=VERTEX_POINT('',#13884);
#3841=VERTEX_POINT('',#13886);
#3842=VERTEX_POINT('',#13888);
#3843=VERTEX_POINT('',#13891);
#3844=VERTEX_POINT('',#13892);
#3845=VERTEX_POINT('',#13894);
#3846=VERTEX_POINT('',#13896);
#3847=VERTEX_POINT('',#13899);
#3848=VERTEX_POINT('',#13900);
#3849=VERTEX_POINT('',#13902);
#3850=VERTEX_POINT('',#13904);
#3851=VERTEX_POINT('',#13907);
#3852=VERTEX_POINT('',#13908);
#3853=VERTEX_POINT('',#13910);
#3854=VERTEX_POINT('',#13912);
#3855=VERTEX_POINT('',#13915);
#3856=VERTEX_POINT('',#13916);
#3857=VERTEX_POINT('',#13918);
#3858=VERTEX_POINT('',#13920);
#3859=VERTEX_POINT('',#13923);
#3860=VERTEX_POINT('',#13924);
#3861=VERTEX_POINT('',#13926);
#3862=VERTEX_POINT('',#13928);
#3863=VERTEX_POINT('',#13931);
#3864=VERTEX_POINT('',#13932);
#3865=VERTEX_POINT('',#13934);
#3866=VERTEX_POINT('',#13936);
#3867=VERTEX_POINT('',#13939);
#3868=VERTEX_POINT('',#13940);
#3869=VERTEX_POINT('',#13942);
#3870=VERTEX_POINT('',#13944);
#3871=VERTEX_POINT('',#13947);
#3872=VERTEX_POINT('',#13948);
#3873=VERTEX_POINT('',#13950);
#3874=VERTEX_POINT('',#13952);
#3875=VERTEX_POINT('',#13955);
#3876=VERTEX_POINT('',#13956);
#3877=VERTEX_POINT('',#13958);
#3878=VERTEX_POINT('',#13960);
#3879=VERTEX_POINT('',#13963);
#3880=VERTEX_POINT('',#13964);
#3881=VERTEX_POINT('',#13966);
#3882=VERTEX_POINT('',#13968);
#3883=VERTEX_POINT('',#13971);
#3884=VERTEX_POINT('',#13972);
#3885=VERTEX_POINT('',#13974);
#3886=VERTEX_POINT('',#13976);
#3887=VERTEX_POINT('',#13979);
#3888=VERTEX_POINT('',#13980);
#3889=VERTEX_POINT('',#13982);
#3890=VERTEX_POINT('',#13984);
#3891=VERTEX_POINT('',#13987);
#3892=VERTEX_POINT('',#13988);
#3893=VERTEX_POINT('',#13990);
#3894=VERTEX_POINT('',#13992);
#3895=VERTEX_POINT('',#13994);
#3896=VERTEX_POINT('',#13997);
#3897=VERTEX_POINT('',#13998);
#3898=VERTEX_POINT('',#14000);
#3899=VERTEX_POINT('',#14002);
#3900=VERTEX_POINT('',#14005);
#3901=VERTEX_POINT('',#14006);
#3902=VERTEX_POINT('',#14008);
#3903=VERTEX_POINT('',#14010);
#3904=VERTEX_POINT('',#14013);
#3905=VERTEX_POINT('',#14014);
#3906=VERTEX_POINT('',#14016);
#3907=VERTEX_POINT('',#14018);
#3908=VERTEX_POINT('',#14021);
#3909=VERTEX_POINT('',#14022);
#3910=VERTEX_POINT('',#14024);
#3911=VERTEX_POINT('',#14026);
#3912=VERTEX_POINT('',#14029);
#3913=VERTEX_POINT('',#14030);
#3914=VERTEX_POINT('',#14032);
#3915=VERTEX_POINT('',#14034);
#3916=VERTEX_POINT('',#14037);
#3917=VERTEX_POINT('',#14038);
#3918=VERTEX_POINT('',#14040);
#3919=VERTEX_POINT('',#14042);
#3920=VERTEX_POINT('',#14045);
#3921=VERTEX_POINT('',#14046);
#3922=VERTEX_POINT('',#14048);
#3923=VERTEX_POINT('',#14050);
#3924=VERTEX_POINT('',#14053);
#3925=VERTEX_POINT('',#14054);
#3926=VERTEX_POINT('',#14056);
#3927=VERTEX_POINT('',#14058);
#3928=VERTEX_POINT('',#14061);
#3929=VERTEX_POINT('',#14062);
#3930=VERTEX_POINT('',#14064);
#3931=VERTEX_POINT('',#14066);
#3932=VERTEX_POINT('',#14069);
#3933=VERTEX_POINT('',#14070);
#3934=VERTEX_POINT('',#14072);
#3935=VERTEX_POINT('',#14074);
#3936=VERTEX_POINT('',#14077);
#3937=VERTEX_POINT('',#14078);
#3938=VERTEX_POINT('',#14080);
#3939=VERTEX_POINT('',#14082);
#3940=VERTEX_POINT('',#14085);
#3941=VERTEX_POINT('',#14086);
#3942=VERTEX_POINT('',#14088);
#3943=VERTEX_POINT('',#14090);
#3944=VERTEX_POINT('',#14093);
#3945=VERTEX_POINT('',#14094);
#3946=VERTEX_POINT('',#14096);
#3947=VERTEX_POINT('',#14098);
#3948=VERTEX_POINT('',#14101);
#3949=VERTEX_POINT('',#14102);
#3950=VERTEX_POINT('',#14104);
#3951=VERTEX_POINT('',#14106);
#3952=VERTEX_POINT('',#14109);
#3953=VERTEX_POINT('',#14110);
#3954=VERTEX_POINT('',#14112);
#3955=VERTEX_POINT('',#14114);
#3956=VERTEX_POINT('',#14117);
#3957=VERTEX_POINT('',#14118);
#3958=VERTEX_POINT('',#14120);
#3959=VERTEX_POINT('',#14122);
#3960=VERTEX_POINT('',#14125);
#3961=VERTEX_POINT('',#14126);
#3962=VERTEX_POINT('',#14128);
#3963=VERTEX_POINT('',#14130);
#3964=VERTEX_POINT('',#14133);
#3965=VERTEX_POINT('',#14134);
#3966=VERTEX_POINT('',#14136);
#3967=VERTEX_POINT('',#14138);
#3968=VERTEX_POINT('',#14141);
#3969=VERTEX_POINT('',#14142);
#3970=VERTEX_POINT('',#14144);
#3971=VERTEX_POINT('',#14146);
#3972=VERTEX_POINT('',#14149);
#3973=VERTEX_POINT('',#14150);
#3974=VERTEX_POINT('',#14152);
#3975=VERTEX_POINT('',#14154);
#3976=VERTEX_POINT('',#14157);
#3977=VERTEX_POINT('',#14158);
#3978=VERTEX_POINT('',#14160);
#3979=VERTEX_POINT('',#14162);
#3980=VERTEX_POINT('',#14165);
#3981=VERTEX_POINT('',#14166);
#3982=VERTEX_POINT('',#14168);
#3983=VERTEX_POINT('',#14170);
#3984=VERTEX_POINT('',#14173);
#3985=VERTEX_POINT('',#14174);
#3986=VERTEX_POINT('',#14176);
#3987=VERTEX_POINT('',#14178);
#3988=VERTEX_POINT('',#14181);
#3989=VERTEX_POINT('',#14182);
#3990=VERTEX_POINT('',#14184);
#3991=VERTEX_POINT('',#14186);
#3992=VERTEX_POINT('',#14190);
#3993=VERTEX_POINT('',#14192);
#3994=VERTEX_POINT('',#14196);
#3995=VERTEX_POINT('',#14200);
#3996=VERTEX_POINT('',#14207);
#3997=VERTEX_POINT('',#14209);
#3998=VERTEX_POINT('',#14213);
#3999=VERTEX_POINT('',#14217);
#4000=VERTEX_POINT('',#14224);
#4001=VERTEX_POINT('',#14226);
#4002=VERTEX_POINT('',#14230);
#4003=VERTEX_POINT('',#14234);
#4004=VERTEX_POINT('',#14241);
#4005=VERTEX_POINT('',#14243);
#4006=VERTEX_POINT('',#14247);
#4007=VERTEX_POINT('',#14251);
#4008=VERTEX_POINT('',#14258);
#4009=VERTEX_POINT('',#14260);
#4010=VERTEX_POINT('',#14264);
#4011=VERTEX_POINT('',#14268);
#4012=VERTEX_POINT('',#14275);
#4013=VERTEX_POINT('',#14277);
#4014=VERTEX_POINT('',#14281);
#4015=VERTEX_POINT('',#14285);
#4016=VERTEX_POINT('',#14292);
#4017=VERTEX_POINT('',#14294);
#4018=VERTEX_POINT('',#14298);
#4019=VERTEX_POINT('',#14302);
#4020=VERTEX_POINT('',#14309);
#4021=VERTEX_POINT('',#14311);
#4022=VERTEX_POINT('',#14315);
#4023=VERTEX_POINT('',#14319);
#4024=VERTEX_POINT('',#14326);
#4025=VERTEX_POINT('',#14328);
#4026=VERTEX_POINT('',#14332);
#4027=VERTEX_POINT('',#14336);
#4028=VERTEX_POINT('',#14343);
#4029=VERTEX_POINT('',#14345);
#4030=VERTEX_POINT('',#14349);
#4031=VERTEX_POINT('',#14353);
#4032=VERTEX_POINT('',#14360);
#4033=VERTEX_POINT('',#14362);
#4034=VERTEX_POINT('',#14366);
#4035=VERTEX_POINT('',#14370);
#4036=VERTEX_POINT('',#14377);
#4037=VERTEX_POINT('',#14379);
#4038=VERTEX_POINT('',#14383);
#4039=VERTEX_POINT('',#14387);
#4040=VERTEX_POINT('',#14394);
#4041=VERTEX_POINT('',#14396);
#4042=VERTEX_POINT('',#14400);
#4043=VERTEX_POINT('',#14404);
#4044=VERTEX_POINT('',#14411);
#4045=VERTEX_POINT('',#14413);
#4046=VERTEX_POINT('',#14417);
#4047=VERTEX_POINT('',#14421);
#4048=VERTEX_POINT('',#14428);
#4049=VERTEX_POINT('',#14430);
#4050=VERTEX_POINT('',#14434);
#4051=VERTEX_POINT('',#14438);
#4052=VERTEX_POINT('',#14445);
#4053=VERTEX_POINT('',#14447);
#4054=VERTEX_POINT('',#14451);
#4055=VERTEX_POINT('',#14455);
#4056=VERTEX_POINT('',#14462);
#4057=VERTEX_POINT('',#14464);
#4058=VERTEX_POINT('',#14468);
#4059=VERTEX_POINT('',#14472);
#4060=VERTEX_POINT('',#14479);
#4061=VERTEX_POINT('',#14481);
#4062=VERTEX_POINT('',#14485);
#4063=VERTEX_POINT('',#14489);
#4064=VERTEX_POINT('',#14496);
#4065=VERTEX_POINT('',#14498);
#4066=VERTEX_POINT('',#14502);
#4067=VERTEX_POINT('',#14506);
#4068=VERTEX_POINT('',#14513);
#4069=VERTEX_POINT('',#14515);
#4070=VERTEX_POINT('',#14519);
#4071=VERTEX_POINT('',#14523);
#4072=VERTEX_POINT('',#14530);
#4073=VERTEX_POINT('',#14532);
#4074=VERTEX_POINT('',#14536);
#4075=VERTEX_POINT('',#14540);
#4076=VERTEX_POINT('',#14547);
#4077=VERTEX_POINT('',#14549);
#4078=VERTEX_POINT('',#14553);
#4079=VERTEX_POINT('',#14557);
#4080=VERTEX_POINT('',#14564);
#4081=VERTEX_POINT('',#14566);
#4082=VERTEX_POINT('',#14570);
#4083=VERTEX_POINT('',#14574);
#4084=VERTEX_POINT('',#14578);
#4085=VERTEX_POINT('',#14585);
#4086=VERTEX_POINT('',#14587);
#4087=VERTEX_POINT('',#14591);
#4088=VERTEX_POINT('',#14595);
#4089=VERTEX_POINT('',#14602);
#4090=VERTEX_POINT('',#14604);
#4091=VERTEX_POINT('',#14608);
#4092=VERTEX_POINT('',#14612);
#4093=VERTEX_POINT('',#14619);
#4094=VERTEX_POINT('',#14621);
#4095=VERTEX_POINT('',#14625);
#4096=VERTEX_POINT('',#14629);
#4097=VERTEX_POINT('',#14636);
#4098=VERTEX_POINT('',#14638);
#4099=VERTEX_POINT('',#14642);
#4100=VERTEX_POINT('',#14646);
#4101=VERTEX_POINT('',#14653);
#4102=VERTEX_POINT('',#14655);
#4103=VERTEX_POINT('',#14659);
#4104=VERTEX_POINT('',#14663);
#4105=VERTEX_POINT('',#14670);
#4106=VERTEX_POINT('',#14672);
#4107=VERTEX_POINT('',#14676);
#4108=VERTEX_POINT('',#14680);
#4109=VERTEX_POINT('',#14687);
#4110=VERTEX_POINT('',#14689);
#4111=VERTEX_POINT('',#14693);
#4112=VERTEX_POINT('',#14697);
#4113=VERTEX_POINT('',#14704);
#4114=VERTEX_POINT('',#14706);
#4115=VERTEX_POINT('',#14710);
#4116=VERTEX_POINT('',#14714);
#4117=VERTEX_POINT('',#14721);
#4118=VERTEX_POINT('',#14723);
#4119=VERTEX_POINT('',#14727);
#4120=VERTEX_POINT('',#14731);
#4121=VERTEX_POINT('',#14738);
#4122=VERTEX_POINT('',#14740);
#4123=VERTEX_POINT('',#14744);
#4124=VERTEX_POINT('',#14748);
#4125=VERTEX_POINT('',#14755);
#4126=VERTEX_POINT('',#14757);
#4127=VERTEX_POINT('',#14761);
#4128=VERTEX_POINT('',#14765);
#4129=VERTEX_POINT('',#14772);
#4130=VERTEX_POINT('',#14774);
#4131=VERTEX_POINT('',#14778);
#4132=VERTEX_POINT('',#14782);
#4133=VERTEX_POINT('',#14789);
#4134=VERTEX_POINT('',#14791);
#4135=VERTEX_POINT('',#14795);
#4136=VERTEX_POINT('',#14799);
#4137=VERTEX_POINT('',#14806);
#4138=VERTEX_POINT('',#14808);
#4139=VERTEX_POINT('',#14812);
#4140=VERTEX_POINT('',#14816);
#4141=VERTEX_POINT('',#14823);
#4142=VERTEX_POINT('',#14825);
#4143=VERTEX_POINT('',#14829);
#4144=VERTEX_POINT('',#14833);
#4145=VERTEX_POINT('',#14840);
#4146=VERTEX_POINT('',#14842);
#4147=VERTEX_POINT('',#14846);
#4148=VERTEX_POINT('',#14850);
#4149=VERTEX_POINT('',#14857);
#4150=VERTEX_POINT('',#14859);
#4151=VERTEX_POINT('',#14863);
#4152=VERTEX_POINT('',#14867);
#4153=VERTEX_POINT('',#14874);
#4154=VERTEX_POINT('',#14876);
#4155=VERTEX_POINT('',#14880);
#4156=VERTEX_POINT('',#14884);
#4157=VERTEX_POINT('',#14891);
#4158=VERTEX_POINT('',#14893);
#4159=VERTEX_POINT('',#14897);
#4160=VERTEX_POINT('',#14901);
#4161=VERTEX_POINT('',#14908);
#4162=VERTEX_POINT('',#14910);
#4163=VERTEX_POINT('',#14914);
#4164=VERTEX_POINT('',#14918);
#4165=VERTEX_POINT('',#14925);
#4166=VERTEX_POINT('',#14927);
#4167=VERTEX_POINT('',#14931);
#4168=VERTEX_POINT('',#14935);
#4169=VERTEX_POINT('',#14942);
#4170=VERTEX_POINT('',#14944);
#4171=VERTEX_POINT('',#14948);
#4172=VERTEX_POINT('',#14952);
#4173=VERTEX_POINT('',#14959);
#4174=VERTEX_POINT('',#14961);
#4175=VERTEX_POINT('',#14965);
#4176=VERTEX_POINT('',#14969);
#4177=VERTEX_POINT('',#14976);
#4178=VERTEX_POINT('',#14978);
#4179=VERTEX_POINT('',#14982);
#4180=VERTEX_POINT('',#14986);
#4181=VERTEX_POINT('',#14994);
#4182=VERTEX_POINT('',#14995);
#4183=VERTEX_POINT('',#14997);
#4184=VERTEX_POINT('',#14999);
#4185=VERTEX_POINT('',#15003);
#4186=VERTEX_POINT('',#15005);
#4187=VERTEX_POINT('',#15009);
#4188=VERTEX_POINT('',#15011);
#4189=VERTEX_POINT('',#15021);
#4190=VERTEX_POINT('',#15022);
#4191=VERTEX_POINT('',#15024);
#4192=VERTEX_POINT('',#15026);
#4193=VERTEX_POINT('',#15030);
#4194=VERTEX_POINT('',#15032);
#4195=VERTEX_POINT('',#15036);
#4196=VERTEX_POINT('',#15038);
#4197=VERTEX_POINT('',#15048);
#4198=VERTEX_POINT('',#15049);
#4199=VERTEX_POINT('',#15051);
#4200=VERTEX_POINT('',#15053);
#4201=VERTEX_POINT('',#15057);
#4202=VERTEX_POINT('',#15059);
#4203=VERTEX_POINT('',#15063);
#4204=VERTEX_POINT('',#15065);
#4205=VERTEX_POINT('',#15075);
#4206=VERTEX_POINT('',#15076);
#4207=VERTEX_POINT('',#15078);
#4208=VERTEX_POINT('',#15080);
#4209=VERTEX_POINT('',#15084);
#4210=VERTEX_POINT('',#15086);
#4211=VERTEX_POINT('',#15090);
#4212=VERTEX_POINT('',#15092);
#4213=VERTEX_POINT('',#15102);
#4214=VERTEX_POINT('',#15103);
#4215=VERTEX_POINT('',#15105);
#4216=VERTEX_POINT('',#15107);
#4217=VERTEX_POINT('',#15111);
#4218=VERTEX_POINT('',#15113);
#4219=VERTEX_POINT('',#15117);
#4220=VERTEX_POINT('',#15119);
#4221=VERTEX_POINT('',#15129);
#4222=VERTEX_POINT('',#15130);
#4223=VERTEX_POINT('',#15132);
#4224=VERTEX_POINT('',#15134);
#4225=VERTEX_POINT('',#15138);
#4226=VERTEX_POINT('',#15140);
#4227=VERTEX_POINT('',#15144);
#4228=VERTEX_POINT('',#15146);
#4229=VERTEX_POINT('',#15156);
#4230=VERTEX_POINT('',#15157);
#4231=VERTEX_POINT('',#15159);
#4232=VERTEX_POINT('',#15161);
#4233=VERTEX_POINT('',#15165);
#4234=VERTEX_POINT('',#15167);
#4235=VERTEX_POINT('',#15171);
#4236=VERTEX_POINT('',#15173);
#4237=VERTEX_POINT('',#15183);
#4238=VERTEX_POINT('',#15184);
#4239=VERTEX_POINT('',#15186);
#4240=VERTEX_POINT('',#15188);
#4241=VERTEX_POINT('',#15192);
#4242=VERTEX_POINT('',#15194);
#4243=VERTEX_POINT('',#15198);
#4244=VERTEX_POINT('',#15200);
#4245=VERTEX_POINT('',#15210);
#4246=VERTEX_POINT('',#15211);
#4247=VERTEX_POINT('',#15213);
#4248=VERTEX_POINT('',#15215);
#4249=VERTEX_POINT('',#15219);
#4250=VERTEX_POINT('',#15221);
#4251=VERTEX_POINT('',#15225);
#4252=VERTEX_POINT('',#15227);
#4253=VERTEX_POINT('',#15237);
#4254=VERTEX_POINT('',#15238);
#4255=VERTEX_POINT('',#15240);
#4256=VERTEX_POINT('',#15242);
#4257=VERTEX_POINT('',#15246);
#4258=VERTEX_POINT('',#15248);
#4259=VERTEX_POINT('',#15252);
#4260=VERTEX_POINT('',#15254);
#4261=VERTEX_POINT('',#15264);
#4262=VERTEX_POINT('',#15265);
#4263=VERTEX_POINT('',#15267);
#4264=VERTEX_POINT('',#15269);
#4265=VERTEX_POINT('',#15273);
#4266=VERTEX_POINT('',#15275);
#4267=VERTEX_POINT('',#15279);
#4268=VERTEX_POINT('',#15281);
#4269=VERTEX_POINT('',#15291);
#4270=VERTEX_POINT('',#15292);
#4271=VERTEX_POINT('',#15294);
#4272=VERTEX_POINT('',#15296);
#4273=VERTEX_POINT('',#15300);
#4274=VERTEX_POINT('',#15302);
#4275=VERTEX_POINT('',#15306);
#4276=VERTEX_POINT('',#15308);
#4277=VERTEX_POINT('',#15318);
#4278=VERTEX_POINT('',#15319);
#4279=VERTEX_POINT('',#15321);
#4280=VERTEX_POINT('',#15323);
#4281=VERTEX_POINT('',#15327);
#4282=VERTEX_POINT('',#15329);
#4283=VERTEX_POINT('',#15333);
#4284=VERTEX_POINT('',#15335);
#4285=VERTEX_POINT('',#15345);
#4286=VERTEX_POINT('',#15346);
#4287=VERTEX_POINT('',#15348);
#4288=VERTEX_POINT('',#15350);
#4289=VERTEX_POINT('',#15354);
#4290=VERTEX_POINT('',#15356);
#4291=VERTEX_POINT('',#15360);
#4292=VERTEX_POINT('',#15362);
#4293=VERTEX_POINT('',#15372);
#4294=VERTEX_POINT('',#15373);
#4295=VERTEX_POINT('',#15375);
#4296=VERTEX_POINT('',#15377);
#4297=VERTEX_POINT('',#15381);
#4298=VERTEX_POINT('',#15383);
#4299=VERTEX_POINT('',#15387);
#4300=VERTEX_POINT('',#15389);
#4301=VERTEX_POINT('',#15399);
#4302=VERTEX_POINT('',#15400);
#4303=VERTEX_POINT('',#15402);
#4304=VERTEX_POINT('',#15404);
#4305=VERTEX_POINT('',#15408);
#4306=VERTEX_POINT('',#15410);
#4307=VERTEX_POINT('',#15414);
#4308=VERTEX_POINT('',#15416);
#4309=VERTEX_POINT('',#15426);
#4310=VERTEX_POINT('',#15427);
#4311=VERTEX_POINT('',#15429);
#4312=VERTEX_POINT('',#15431);
#4313=VERTEX_POINT('',#15435);
#4314=VERTEX_POINT('',#15437);
#4315=VERTEX_POINT('',#15441);
#4316=VERTEX_POINT('',#15443);
#4317=VERTEX_POINT('',#15453);
#4318=VERTEX_POINT('',#15454);
#4319=VERTEX_POINT('',#15456);
#4320=VERTEX_POINT('',#15458);
#4321=VERTEX_POINT('',#15462);
#4322=VERTEX_POINT('',#15464);
#4323=VERTEX_POINT('',#15468);
#4324=VERTEX_POINT('',#15470);
#4325=VERTEX_POINT('',#15480);
#4326=VERTEX_POINT('',#15481);
#4327=VERTEX_POINT('',#15483);
#4328=VERTEX_POINT('',#15485);
#4329=VERTEX_POINT('',#15489);
#4330=VERTEX_POINT('',#15491);
#4331=VERTEX_POINT('',#15495);
#4332=VERTEX_POINT('',#15497);
#4333=VERTEX_POINT('',#15501);
#4334=VERTEX_POINT('',#15503);
#4335=VERTEX_POINT('',#15513);
#4336=VERTEX_POINT('',#15514);
#4337=VERTEX_POINT('',#15516);
#4338=VERTEX_POINT('',#15518);
#4339=VERTEX_POINT('',#15522);
#4340=VERTEX_POINT('',#15524);
#4341=VERTEX_POINT('',#15528);
#4342=VERTEX_POINT('',#15530);
#4343=VERTEX_POINT('',#15540);
#4344=VERTEX_POINT('',#15541);
#4345=VERTEX_POINT('',#15543);
#4346=VERTEX_POINT('',#15545);
#4347=VERTEX_POINT('',#15549);
#4348=VERTEX_POINT('',#15551);
#4349=VERTEX_POINT('',#15555);
#4350=VERTEX_POINT('',#15557);
#4351=VERTEX_POINT('',#15567);
#4352=VERTEX_POINT('',#15568);
#4353=VERTEX_POINT('',#15570);
#4354=VERTEX_POINT('',#15572);
#4355=VERTEX_POINT('',#15576);
#4356=VERTEX_POINT('',#15578);
#4357=VERTEX_POINT('',#15582);
#4358=VERTEX_POINT('',#15584);
#4359=VERTEX_POINT('',#15594);
#4360=VERTEX_POINT('',#15595);
#4361=VERTEX_POINT('',#15597);
#4362=VERTEX_POINT('',#15599);
#4363=VERTEX_POINT('',#15603);
#4364=VERTEX_POINT('',#15605);
#4365=VERTEX_POINT('',#15609);
#4366=VERTEX_POINT('',#15611);
#4367=VERTEX_POINT('',#15621);
#4368=VERTEX_POINT('',#15622);
#4369=VERTEX_POINT('',#15624);
#4370=VERTEX_POINT('',#15626);
#4371=VERTEX_POINT('',#15630);
#4372=VERTEX_POINT('',#15632);
#4373=VERTEX_POINT('',#15636);
#4374=VERTEX_POINT('',#15638);
#4375=VERTEX_POINT('',#15648);
#4376=VERTEX_POINT('',#15649);
#4377=VERTEX_POINT('',#15651);
#4378=VERTEX_POINT('',#15653);
#4379=VERTEX_POINT('',#15657);
#4380=VERTEX_POINT('',#15659);
#4381=VERTEX_POINT('',#15663);
#4382=VERTEX_POINT('',#15665);
#4383=VERTEX_POINT('',#15675);
#4384=VERTEX_POINT('',#15676);
#4385=VERTEX_POINT('',#15678);
#4386=VERTEX_POINT('',#15680);
#4387=VERTEX_POINT('',#15684);
#4388=VERTEX_POINT('',#15686);
#4389=VERTEX_POINT('',#15690);
#4390=VERTEX_POINT('',#15692);
#4391=VERTEX_POINT('',#15702);
#4392=VERTEX_POINT('',#15703);
#4393=VERTEX_POINT('',#15705);
#4394=VERTEX_POINT('',#15707);
#4395=VERTEX_POINT('',#15711);
#4396=VERTEX_POINT('',#15713);
#4397=VERTEX_POINT('',#15717);
#4398=VERTEX_POINT('',#15719);
#4399=VERTEX_POINT('',#15729);
#4400=VERTEX_POINT('',#15730);
#4401=VERTEX_POINT('',#15732);
#4402=VERTEX_POINT('',#15734);
#4403=VERTEX_POINT('',#15738);
#4404=VERTEX_POINT('',#15740);
#4405=VERTEX_POINT('',#15744);
#4406=VERTEX_POINT('',#15746);
#4407=VERTEX_POINT('',#15756);
#4408=VERTEX_POINT('',#15757);
#4409=VERTEX_POINT('',#15759);
#4410=VERTEX_POINT('',#15761);
#4411=VERTEX_POINT('',#15765);
#4412=VERTEX_POINT('',#15767);
#4413=VERTEX_POINT('',#15771);
#4414=VERTEX_POINT('',#15773);
#4415=VERTEX_POINT('',#15783);
#4416=VERTEX_POINT('',#15784);
#4417=VERTEX_POINT('',#15786);
#4418=VERTEX_POINT('',#15788);
#4419=VERTEX_POINT('',#15792);
#4420=VERTEX_POINT('',#15794);
#4421=VERTEX_POINT('',#15798);
#4422=VERTEX_POINT('',#15800);
#4423=VERTEX_POINT('',#15810);
#4424=VERTEX_POINT('',#15811);
#4425=VERTEX_POINT('',#15813);
#4426=VERTEX_POINT('',#15815);
#4427=VERTEX_POINT('',#15819);
#4428=VERTEX_POINT('',#15821);
#4429=VERTEX_POINT('',#15825);
#4430=VERTEX_POINT('',#15827);
#4431=VERTEX_POINT('',#15837);
#4432=VERTEX_POINT('',#15838);
#4433=VERTEX_POINT('',#15840);
#4434=VERTEX_POINT('',#15842);
#4435=VERTEX_POINT('',#15846);
#4436=VERTEX_POINT('',#15848);
#4437=VERTEX_POINT('',#15852);
#4438=VERTEX_POINT('',#15854);
#4439=VERTEX_POINT('',#15864);
#4440=VERTEX_POINT('',#15865);
#4441=VERTEX_POINT('',#15867);
#4442=VERTEX_POINT('',#15869);
#4443=VERTEX_POINT('',#15873);
#4444=VERTEX_POINT('',#15875);
#4445=VERTEX_POINT('',#15879);
#4446=VERTEX_POINT('',#15881);
#4447=VERTEX_POINT('',#15891);
#4448=VERTEX_POINT('',#15892);
#4449=VERTEX_POINT('',#15894);
#4450=VERTEX_POINT('',#15896);
#4451=VERTEX_POINT('',#15900);
#4452=VERTEX_POINT('',#15902);
#4453=VERTEX_POINT('',#15906);
#4454=VERTEX_POINT('',#15908);
#4455=VERTEX_POINT('',#15918);
#4456=VERTEX_POINT('',#15919);
#4457=VERTEX_POINT('',#15921);
#4458=VERTEX_POINT('',#15923);
#4459=VERTEX_POINT('',#15927);
#4460=VERTEX_POINT('',#15929);
#4461=VERTEX_POINT('',#15933);
#4462=VERTEX_POINT('',#15935);
#4463=VERTEX_POINT('',#15945);
#4464=VERTEX_POINT('',#15946);
#4465=VERTEX_POINT('',#15948);
#4466=VERTEX_POINT('',#15950);
#4467=VERTEX_POINT('',#15954);
#4468=VERTEX_POINT('',#15956);
#4469=VERTEX_POINT('',#15960);
#4470=VERTEX_POINT('',#15962);
#4471=VERTEX_POINT('',#15972);
#4472=VERTEX_POINT('',#15973);
#4473=VERTEX_POINT('',#15975);
#4474=VERTEX_POINT('',#15977);
#4475=VERTEX_POINT('',#15981);
#4476=VERTEX_POINT('',#15983);
#4477=VERTEX_POINT('',#15987);
#4478=VERTEX_POINT('',#15989);
#4479=VERTEX_POINT('',#15999);
#4480=VERTEX_POINT('',#16000);
#4481=VERTEX_POINT('',#16002);
#4482=VERTEX_POINT('',#16004);
#4483=VERTEX_POINT('',#16008);
#4484=VERTEX_POINT('',#16010);
#4485=VERTEX_POINT('',#16014);
#4486=VERTEX_POINT('',#16016);
#4487=LINE('',#13553,#5621);
#4488=LINE('',#13556,#5622);
#4489=LINE('',#13558,#5623);
#4490=LINE('',#13560,#5624);
#4491=LINE('',#13562,#5625);
#4492=LINE('',#13564,#5626);
#4493=LINE('',#13566,#5627);
#4494=LINE('',#13568,#5628);
#4495=LINE('',#13570,#5629);
#4496=LINE('',#13572,#5630);
#4497=LINE('',#13574,#5631);
#4498=LINE('',#13575,#5632);
#4499=LINE('',#13580,#5633);
#4500=LINE('',#13583,#5634);
#4501=LINE('',#13585,#5635);
#4502=LINE('',#13587,#5636);
#4503=LINE('',#13589,#5637);
#4504=LINE('',#13591,#5638);
#4505=LINE('',#13593,#5639);
#4506=LINE('',#13595,#5640);
#4507=LINE('',#13597,#5641);
#4508=LINE('',#13599,#5642);
#4509=LINE('',#13601,#5643);
#4510=LINE('',#13602,#5644);
#4511=LINE('',#13607,#5645);
#4512=LINE('',#13610,#5646);
#4513=LINE('',#13612,#5647);
#4514=LINE('',#13614,#5648);
#4515=LINE('',#13616,#5649);
#4516=LINE('',#13618,#5650);
#4517=LINE('',#13620,#5651);
#4518=LINE('',#13622,#5652);
#4519=LINE('',#13624,#5653);
#4520=LINE('',#13626,#5654);
#4521=LINE('',#13628,#5655);
#4522=LINE('',#13629,#5656);
#4523=LINE('',#13634,#5657);
#4524=LINE('',#13637,#5658);
#4525=LINE('',#13639,#5659);
#4526=LINE('',#13641,#5660);
#4527=LINE('',#13643,#5661);
#4528=LINE('',#13645,#5662);
#4529=LINE('',#13647,#5663);
#4530=LINE('',#13649,#5664);
#4531=LINE('',#13651,#5665);
#4532=LINE('',#13653,#5666);
#4533=LINE('',#13655,#5667);
#4534=LINE('',#13656,#5668);
#4535=LINE('',#13666,#5669);
#4536=LINE('',#13669,#5670);
#4537=LINE('',#13671,#5671);
#4538=LINE('',#13673,#5672);
#4539=LINE('',#13675,#5673);
#4540=LINE('',#13677,#5674);
#4541=LINE('',#13679,#5675);
#4542=LINE('',#13681,#5676);
#4543=LINE('',#13683,#5677);
#4544=LINE('',#13685,#5678);
#4545=LINE('',#13687,#5679);
#4546=LINE('',#13688,#5680);
#4547=LINE('',#13694,#5681);
#4548=LINE('',#13697,#5682);
#4549=LINE('',#13699,#5683);
#4550=LINE('',#13701,#5684);
#4551=LINE('',#13703,#5685);
#4552=LINE('',#13705,#5686);
#4553=LINE('',#13707,#5687);
#4554=LINE('',#13709,#5688);
#4555=LINE('',#13711,#5689);
#4556=LINE('',#13713,#5690);
#4557=LINE('',#13715,#5691);
#4558=LINE('',#13716,#5692);
#4559=LINE('',#13721,#5693);
#4560=LINE('',#13724,#5694);
#4561=LINE('',#13726,#5695);
#4562=LINE('',#13728,#5696);
#4563=LINE('',#13730,#5697);
#4564=LINE('',#13732,#5698);
#4565=LINE('',#13734,#5699);
#4566=LINE('',#13736,#5700);
#4567=LINE('',#13738,#5701);
#4568=LINE('',#13740,#5702);
#4569=LINE('',#13742,#5703);
#4570=LINE('',#13743,#5704);
#4571=LINE('',#13756,#5705);
#4572=LINE('',#13759,#5706);
#4573=LINE('',#13761,#5707);
#4574=LINE('',#13763,#5708);
#4575=LINE('',#13765,#5709);
#4576=LINE('',#13767,#5710);
#4577=LINE('',#13769,#5711);
#4578=LINE('',#13771,#5712);
#4579=LINE('',#13773,#5713);
#4580=LINE('',#13775,#5714);
#4581=LINE('',#13777,#5715);
#4582=LINE('',#13778,#5716);
#4583=LINE('',#13783,#5717);
#4584=LINE('',#13786,#5718);
#4585=LINE('',#13788,#5719);
#4586=LINE('',#13790,#5720);
#4587=LINE('',#13792,#5721);
#4588=LINE('',#13794,#5722);
#4589=LINE('',#13796,#5723);
#4590=LINE('',#13798,#5724);
#4591=LINE('',#13800,#5725);
#4592=LINE('',#13802,#5726);
#4593=LINE('',#13804,#5727);
#4594=LINE('',#13805,#5728);
#4595=LINE('',#13810,#5729);
#4596=LINE('',#13813,#5730);
#4597=LINE('',#13815,#5731);
#4598=LINE('',#13817,#5732);
#4599=LINE('',#13818,#5733);
#4600=LINE('',#13821,#5734);
#4601=LINE('',#13823,#5735);
#4602=LINE('',#13825,#5736);
#4603=LINE('',#13826,#5737);
#4604=LINE('',#13829,#5738);
#4605=LINE('',#13831,#5739);
#4606=LINE('',#13833,#5740);
#4607=LINE('',#13834,#5741);
#4608=LINE('',#13837,#5742);
#4609=LINE('',#13839,#5743);
#4610=LINE('',#13841,#5744);
#4611=LINE('',#13842,#5745);
#4612=LINE('',#13845,#5746);
#4613=LINE('',#13847,#5747);
#4614=LINE('',#13849,#5748);
#4615=LINE('',#13850,#5749);
#4616=LINE('',#13853,#5750);
#4617=LINE('',#13855,#5751);
#4618=LINE('',#13857,#5752);
#4619=LINE('',#13858,#5753);
#4620=LINE('',#13861,#5754);
#4621=LINE('',#13863,#5755);
#4622=LINE('',#13865,#5756);
#4623=LINE('',#13866,#5757);
#4624=LINE('',#13869,#5758);
#4625=LINE('',#13871,#5759);
#4626=LINE('',#13873,#5760);
#4627=LINE('',#13874,#5761);
#4628=LINE('',#13877,#5762);
#4629=LINE('',#13879,#5763);
#4630=LINE('',#13881,#5764);
#4631=LINE('',#13882,#5765);
#4632=LINE('',#13885,#5766);
#4633=LINE('',#13887,#5767);
#4634=LINE('',#13889,#5768);
#4635=LINE('',#13890,#5769);
#4636=LINE('',#13893,#5770);
#4637=LINE('',#13895,#5771);
#4638=LINE('',#13897,#5772);
#4639=LINE('',#13898,#5773);
#4640=LINE('',#13901,#5774);
#4641=LINE('',#13903,#5775);
#4642=LINE('',#13905,#5776);
#4643=LINE('',#13906,#5777);
#4644=LINE('',#13909,#5778);
#4645=LINE('',#13911,#5779);
#4646=LINE('',#13913,#5780);
#4647=LINE('',#13914,#5781);
#4648=LINE('',#13917,#5782);
#4649=LINE('',#13919,#5783);
#4650=LINE('',#13921,#5784);
#4651=LINE('',#13922,#5785);
#4652=LINE('',#13925,#5786);
#4653=LINE('',#13927,#5787);
#4654=LINE('',#13929,#5788);
#4655=LINE('',#13930,#5789);
#4656=LINE('',#13933,#5790);
#4657=LINE('',#13935,#5791);
#4658=LINE('',#13937,#5792);
#4659=LINE('',#13938,#5793);
#4660=LINE('',#13941,#5794);
#4661=LINE('',#13943,#5795);
#4662=LINE('',#13945,#5796);
#4663=LINE('',#13946,#5797);
#4664=LINE('',#13949,#5798);
#4665=LINE('',#13951,#5799);
#4666=LINE('',#13953,#5800);
#4667=LINE('',#13954,#5801);
#4668=LINE('',#13957,#5802);
#4669=LINE('',#13959,#5803);
#4670=LINE('',#13961,#5804);
#4671=LINE('',#13962,#5805);
#4672=LINE('',#13965,#5806);
#4673=LINE('',#13967,#5807);
#4674=LINE('',#13969,#5808);
#4675=LINE('',#13970,#5809);
#4676=LINE('',#13973,#5810);
#4677=LINE('',#13975,#5811);
#4678=LINE('',#13977,#5812);
#4679=LINE('',#13978,#5813);
#4680=LINE('',#13981,#5814);
#4681=LINE('',#13983,#5815);
#4682=LINE('',#13985,#5816);
#4683=LINE('',#13986,#5817);
#4684=LINE('',#13989,#5818);
#4685=LINE('',#13991,#5819);
#4686=LINE('',#13993,#5820);
#4687=LINE('',#13995,#5821);
#4688=LINE('',#13996,#5822);
#4689=LINE('',#13999,#5823);
#4690=LINE('',#14001,#5824);
#4691=LINE('',#14003,#5825);
#4692=LINE('',#14004,#5826);
#4693=LINE('',#14007,#5827);
#4694=LINE('',#14009,#5828);
#4695=LINE('',#14011,#5829);
#4696=LINE('',#14012,#5830);
#4697=LINE('',#14015,#5831);
#4698=LINE('',#14017,#5832);
#4699=LINE('',#14019,#5833);
#4700=LINE('',#14020,#5834);
#4701=LINE('',#14023,#5835);
#4702=LINE('',#14025,#5836);
#4703=LINE('',#14027,#5837);
#4704=LINE('',#14028,#5838);
#4705=LINE('',#14031,#5839);
#4706=LINE('',#14033,#5840);
#4707=LINE('',#14035,#5841);
#4708=LINE('',#14036,#5842);
#4709=LINE('',#14039,#5843);
#4710=LINE('',#14041,#5844);
#4711=LINE('',#14043,#5845);
#4712=LINE('',#14044,#5846);
#4713=LINE('',#14047,#5847);
#4714=LINE('',#14049,#5848);
#4715=LINE('',#14051,#5849);
#4716=LINE('',#14052,#5850);
#4717=LINE('',#14055,#5851);
#4718=LINE('',#14057,#5852);
#4719=LINE('',#14059,#5853);
#4720=LINE('',#14060,#5854);
#4721=LINE('',#14063,#5855);
#4722=LINE('',#14065,#5856);
#4723=LINE('',#14067,#5857);
#4724=LINE('',#14068,#5858);
#4725=LINE('',#14071,#5859);
#4726=LINE('',#14073,#5860);
#4727=LINE('',#14075,#5861);
#4728=LINE('',#14076,#5862);
#4729=LINE('',#14079,#5863);
#4730=LINE('',#14081,#5864);
#4731=LINE('',#14083,#5865);
#4732=LINE('',#14084,#5866);
#4733=LINE('',#14087,#5867);
#4734=LINE('',#14089,#5868);
#4735=LINE('',#14091,#5869);
#4736=LINE('',#14092,#5870);
#4737=LINE('',#14095,#5871);
#4738=LINE('',#14097,#5872);
#4739=LINE('',#14099,#5873);
#4740=LINE('',#14100,#5874);
#4741=LINE('',#14103,#5875);
#4742=LINE('',#14105,#5876);
#4743=LINE('',#14107,#5877);
#4744=LINE('',#14108,#5878);
#4745=LINE('',#14111,#5879);
#4746=LINE('',#14113,#5880);
#4747=LINE('',#14115,#5881);
#4748=LINE('',#14116,#5882);
#4749=LINE('',#14119,#5883);
#4750=LINE('',#14121,#5884);
#4751=LINE('',#14123,#5885);
#4752=LINE('',#14124,#5886);
#4753=LINE('',#14127,#5887);
#4754=LINE('',#14129,#5888);
#4755=LINE('',#14131,#5889);
#4756=LINE('',#14132,#5890);
#4757=LINE('',#14135,#5891);
#4758=LINE('',#14137,#5892);
#4759=LINE('',#14139,#5893);
#4760=LINE('',#14140,#5894);
#4761=LINE('',#14143,#5895);
#4762=LINE('',#14145,#5896);
#4763=LINE('',#14147,#5897);
#4764=LINE('',#14148,#5898);
#4765=LINE('',#14151,#5899);
#4766=LINE('',#14153,#5900);
#4767=LINE('',#14155,#5901);
#4768=LINE('',#14156,#5902);
#4769=LINE('',#14159,#5903);
#4770=LINE('',#14161,#5904);
#4771=LINE('',#14163,#5905);
#4772=LINE('',#14164,#5906);
#4773=LINE('',#14167,#5907);
#4774=LINE('',#14169,#5908);
#4775=LINE('',#14171,#5909);
#4776=LINE('',#14172,#5910);
#4777=LINE('',#14175,#5911);
#4778=LINE('',#14177,#5912);
#4779=LINE('',#14179,#5913);
#4780=LINE('',#14180,#5914);
#4781=LINE('',#14183,#5915);
#4782=LINE('',#14185,#5916);
#4783=LINE('',#14187,#5917);
#4784=LINE('',#14189,#5918);
#4785=LINE('',#14191,#5919);
#4786=LINE('',#14193,#5920);
#4787=LINE('',#14195,#5921);
#4788=LINE('',#14197,#5922);
#4789=LINE('',#14199,#5923);
#4790=LINE('',#14201,#5924);
#4791=LINE('',#14203,#5925);
#4792=LINE('',#14206,#5926);
#4793=LINE('',#14208,#5927);
#4794=LINE('',#14210,#5928);
#4795=LINE('',#14212,#5929);
#4796=LINE('',#14214,#5930);
#4797=LINE('',#14216,#5931);
#4798=LINE('',#14218,#5932);
#4799=LINE('',#14220,#5933);
#4800=LINE('',#14223,#5934);
#4801=LINE('',#14225,#5935);
#4802=LINE('',#14227,#5936);
#4803=LINE('',#14229,#5937);
#4804=LINE('',#14231,#5938);
#4805=LINE('',#14233,#5939);
#4806=LINE('',#14235,#5940);
#4807=LINE('',#14237,#5941);
#4808=LINE('',#14240,#5942);
#4809=LINE('',#14242,#5943);
#4810=LINE('',#14244,#5944);
#4811=LINE('',#14246,#5945);
#4812=LINE('',#14248,#5946);
#4813=LINE('',#14250,#5947);
#4814=LINE('',#14252,#5948);
#4815=LINE('',#14254,#5949);
#4816=LINE('',#14257,#5950);
#4817=LINE('',#14259,#5951);
#4818=LINE('',#14261,#5952);
#4819=LINE('',#14263,#5953);
#4820=LINE('',#14265,#5954);
#4821=LINE('',#14267,#5955);
#4822=LINE('',#14269,#5956);
#4823=LINE('',#14271,#5957);
#4824=LINE('',#14274,#5958);
#4825=LINE('',#14276,#5959);
#4826=LINE('',#14278,#5960);
#4827=LINE('',#14280,#5961);
#4828=LINE('',#14282,#5962);
#4829=LINE('',#14284,#5963);
#4830=LINE('',#14286,#5964);
#4831=LINE('',#14288,#5965);
#4832=LINE('',#14291,#5966);
#4833=LINE('',#14293,#5967);
#4834=LINE('',#14295,#5968);
#4835=LINE('',#14297,#5969);
#4836=LINE('',#14299,#5970);
#4837=LINE('',#14301,#5971);
#4838=LINE('',#14303,#5972);
#4839=LINE('',#14305,#5973);
#4840=LINE('',#14308,#5974);
#4841=LINE('',#14310,#5975);
#4842=LINE('',#14312,#5976);
#4843=LINE('',#14314,#5977);
#4844=LINE('',#14316,#5978);
#4845=LINE('',#14318,#5979);
#4846=LINE('',#14320,#5980);
#4847=LINE('',#14322,#5981);
#4848=LINE('',#14325,#5982);
#4849=LINE('',#14327,#5983);
#4850=LINE('',#14329,#5984);
#4851=LINE('',#14331,#5985);
#4852=LINE('',#14333,#5986);
#4853=LINE('',#14335,#5987);
#4854=LINE('',#14337,#5988);
#4855=LINE('',#14339,#5989);
#4856=LINE('',#14342,#5990);
#4857=LINE('',#14344,#5991);
#4858=LINE('',#14346,#5992);
#4859=LINE('',#14348,#5993);
#4860=LINE('',#14350,#5994);
#4861=LINE('',#14352,#5995);
#4862=LINE('',#14354,#5996);
#4863=LINE('',#14356,#5997);
#4864=LINE('',#14359,#5998);
#4865=LINE('',#14361,#5999);
#4866=LINE('',#14363,#6000);
#4867=LINE('',#14365,#6001);
#4868=LINE('',#14367,#6002);
#4869=LINE('',#14369,#6003);
#4870=LINE('',#14371,#6004);
#4871=LINE('',#14373,#6005);
#4872=LINE('',#14376,#6006);
#4873=LINE('',#14378,#6007);
#4874=LINE('',#14380,#6008);
#4875=LINE('',#14382,#6009);
#4876=LINE('',#14384,#6010);
#4877=LINE('',#14386,#6011);
#4878=LINE('',#14388,#6012);
#4879=LINE('',#14390,#6013);
#4880=LINE('',#14393,#6014);
#4881=LINE('',#14395,#6015);
#4882=LINE('',#14397,#6016);
#4883=LINE('',#14399,#6017);
#4884=LINE('',#14401,#6018);
#4885=LINE('',#14403,#6019);
#4886=LINE('',#14405,#6020);
#4887=LINE('',#14407,#6021);
#4888=LINE('',#14410,#6022);
#4889=LINE('',#14412,#6023);
#4890=LINE('',#14414,#6024);
#4891=LINE('',#14416,#6025);
#4892=LINE('',#14418,#6026);
#4893=LINE('',#14420,#6027);
#4894=LINE('',#14422,#6028);
#4895=LINE('',#14424,#6029);
#4896=LINE('',#14427,#6030);
#4897=LINE('',#14429,#6031);
#4898=LINE('',#14431,#6032);
#4899=LINE('',#14433,#6033);
#4900=LINE('',#14435,#6034);
#4901=LINE('',#14437,#6035);
#4902=LINE('',#14439,#6036);
#4903=LINE('',#14441,#6037);
#4904=LINE('',#14444,#6038);
#4905=LINE('',#14446,#6039);
#4906=LINE('',#14448,#6040);
#4907=LINE('',#14450,#6041);
#4908=LINE('',#14452,#6042);
#4909=LINE('',#14454,#6043);
#4910=LINE('',#14456,#6044);
#4911=LINE('',#14458,#6045);
#4912=LINE('',#14461,#6046);
#4913=LINE('',#14463,#6047);
#4914=LINE('',#14465,#6048);
#4915=LINE('',#14467,#6049);
#4916=LINE('',#14469,#6050);
#4917=LINE('',#14471,#6051);
#4918=LINE('',#14473,#6052);
#4919=LINE('',#14475,#6053);
#4920=LINE('',#14478,#6054);
#4921=LINE('',#14480,#6055);
#4922=LINE('',#14482,#6056);
#4923=LINE('',#14484,#6057);
#4924=LINE('',#14486,#6058);
#4925=LINE('',#14488,#6059);
#4926=LINE('',#14490,#6060);
#4927=LINE('',#14492,#6061);
#4928=LINE('',#14495,#6062);
#4929=LINE('',#14497,#6063);
#4930=LINE('',#14499,#6064);
#4931=LINE('',#14501,#6065);
#4932=LINE('',#14503,#6066);
#4933=LINE('',#14505,#6067);
#4934=LINE('',#14507,#6068);
#4935=LINE('',#14509,#6069);
#4936=LINE('',#14512,#6070);
#4937=LINE('',#14514,#6071);
#4938=LINE('',#14516,#6072);
#4939=LINE('',#14518,#6073);
#4940=LINE('',#14520,#6074);
#4941=LINE('',#14522,#6075);
#4942=LINE('',#14524,#6076);
#4943=LINE('',#14526,#6077);
#4944=LINE('',#14529,#6078);
#4945=LINE('',#14531,#6079);
#4946=LINE('',#14533,#6080);
#4947=LINE('',#14535,#6081);
#4948=LINE('',#14537,#6082);
#4949=LINE('',#14539,#6083);
#4950=LINE('',#14541,#6084);
#4951=LINE('',#14543,#6085);
#4952=LINE('',#14546,#6086);
#4953=LINE('',#14548,#6087);
#4954=LINE('',#14550,#6088);
#4955=LINE('',#14552,#6089);
#4956=LINE('',#14554,#6090);
#4957=LINE('',#14556,#6091);
#4958=LINE('',#14558,#6092);
#4959=LINE('',#14560,#6093);
#4960=LINE('',#14563,#6094);
#4961=LINE('',#14565,#6095);
#4962=LINE('',#14567,#6096);
#4963=LINE('',#14569,#6097);
#4964=LINE('',#14571,#6098);
#4965=LINE('',#14573,#6099);
#4966=LINE('',#14575,#6100);
#4967=LINE('',#14577,#6101);
#4968=LINE('',#14579,#6102);
#4969=LINE('',#14581,#6103);
#4970=LINE('',#14584,#6104);
#4971=LINE('',#14586,#6105);
#4972=LINE('',#14588,#6106);
#4973=LINE('',#14590,#6107);
#4974=LINE('',#14592,#6108);
#4975=LINE('',#14594,#6109);
#4976=LINE('',#14596,#6110);
#4977=LINE('',#14598,#6111);
#4978=LINE('',#14601,#6112);
#4979=LINE('',#14603,#6113);
#4980=LINE('',#14605,#6114);
#4981=LINE('',#14607,#6115);
#4982=LINE('',#14609,#6116);
#4983=LINE('',#14611,#6117);
#4984=LINE('',#14613,#6118);
#4985=LINE('',#14615,#6119);
#4986=LINE('',#14618,#6120);
#4987=LINE('',#14620,#6121);
#4988=LINE('',#14622,#6122);
#4989=LINE('',#14624,#6123);
#4990=LINE('',#14626,#6124);
#4991=LINE('',#14628,#6125);
#4992=LINE('',#14630,#6126);
#4993=LINE('',#14632,#6127);
#4994=LINE('',#14635,#6128);
#4995=LINE('',#14637,#6129);
#4996=LINE('',#14639,#6130);
#4997=LINE('',#14641,#6131);
#4998=LINE('',#14643,#6132);
#4999=LINE('',#14645,#6133);
#5000=LINE('',#14647,#6134);
#5001=LINE('',#14649,#6135);
#5002=LINE('',#14652,#6136);
#5003=LINE('',#14654,#6137);
#5004=LINE('',#14656,#6138);
#5005=LINE('',#14658,#6139);
#5006=LINE('',#14660,#6140);
#5007=LINE('',#14662,#6141);
#5008=LINE('',#14664,#6142);
#5009=LINE('',#14666,#6143);
#5010=LINE('',#14669,#6144);
#5011=LINE('',#14671,#6145);
#5012=LINE('',#14673,#6146);
#5013=LINE('',#14675,#6147);
#5014=LINE('',#14677,#6148);
#5015=LINE('',#14679,#6149);
#5016=LINE('',#14681,#6150);
#5017=LINE('',#14683,#6151);
#5018=LINE('',#14686,#6152);
#5019=LINE('',#14688,#6153);
#5020=LINE('',#14690,#6154);
#5021=LINE('',#14692,#6155);
#5022=LINE('',#14694,#6156);
#5023=LINE('',#14696,#6157);
#5024=LINE('',#14698,#6158);
#5025=LINE('',#14700,#6159);
#5026=LINE('',#14703,#6160);
#5027=LINE('',#14705,#6161);
#5028=LINE('',#14707,#6162);
#5029=LINE('',#14709,#6163);
#5030=LINE('',#14711,#6164);
#5031=LINE('',#14713,#6165);
#5032=LINE('',#14715,#6166);
#5033=LINE('',#14717,#6167);
#5034=LINE('',#14720,#6168);
#5035=LINE('',#14722,#6169);
#5036=LINE('',#14724,#6170);
#5037=LINE('',#14726,#6171);
#5038=LINE('',#14728,#6172);
#5039=LINE('',#14730,#6173);
#5040=LINE('',#14732,#6174);
#5041=LINE('',#14734,#6175);
#5042=LINE('',#14737,#6176);
#5043=LINE('',#14739,#6177);
#5044=LINE('',#14741,#6178);
#5045=LINE('',#14743,#6179);
#5046=LINE('',#14745,#6180);
#5047=LINE('',#14747,#6181);
#5048=LINE('',#14749,#6182);
#5049=LINE('',#14751,#6183);
#5050=LINE('',#14754,#6184);
#5051=LINE('',#14756,#6185);
#5052=LINE('',#14758,#6186);
#5053=LINE('',#14760,#6187);
#5054=LINE('',#14762,#6188);
#5055=LINE('',#14764,#6189);
#5056=LINE('',#14766,#6190);
#5057=LINE('',#14768,#6191);
#5058=LINE('',#14771,#6192);
#5059=LINE('',#14773,#6193);
#5060=LINE('',#14775,#6194);
#5061=LINE('',#14777,#6195);
#5062=LINE('',#14779,#6196);
#5063=LINE('',#14781,#6197);
#5064=LINE('',#14783,#6198);
#5065=LINE('',#14785,#6199);
#5066=LINE('',#14788,#6200);
#5067=LINE('',#14790,#6201);
#5068=LINE('',#14792,#6202);
#5069=LINE('',#14794,#6203);
#5070=LINE('',#14796,#6204);
#5071=LINE('',#14798,#6205);
#5072=LINE('',#14800,#6206);
#5073=LINE('',#14802,#6207);
#5074=LINE('',#14805,#6208);
#5075=LINE('',#14807,#6209);
#5076=LINE('',#14809,#6210);
#5077=LINE('',#14811,#6211);
#5078=LINE('',#14813,#6212);
#5079=LINE('',#14815,#6213);
#5080=LINE('',#14817,#6214);
#5081=LINE('',#14819,#6215);
#5082=LINE('',#14822,#6216);
#5083=LINE('',#14824,#6217);
#5084=LINE('',#14826,#6218);
#5085=LINE('',#14828,#6219);
#5086=LINE('',#14830,#6220);
#5087=LINE('',#14832,#6221);
#5088=LINE('',#14834,#6222);
#5089=LINE('',#14836,#6223);
#5090=LINE('',#14839,#6224);
#5091=LINE('',#14841,#6225);
#5092=LINE('',#14843,#6226);
#5093=LINE('',#14845,#6227);
#5094=LINE('',#14847,#6228);
#5095=LINE('',#14849,#6229);
#5096=LINE('',#14851,#6230);
#5097=LINE('',#14853,#6231);
#5098=LINE('',#14856,#6232);
#5099=LINE('',#14858,#6233);
#5100=LINE('',#14860,#6234);
#5101=LINE('',#14862,#6235);
#5102=LINE('',#14864,#6236);
#5103=LINE('',#14866,#6237);
#5104=LINE('',#14868,#6238);
#5105=LINE('',#14870,#6239);
#5106=LINE('',#14873,#6240);
#5107=LINE('',#14875,#6241);
#5108=LINE('',#14877,#6242);
#5109=LINE('',#14879,#6243);
#5110=LINE('',#14881,#6244);
#5111=LINE('',#14883,#6245);
#5112=LINE('',#14885,#6246);
#5113=LINE('',#14887,#6247);
#5114=LINE('',#14890,#6248);
#5115=LINE('',#14892,#6249);
#5116=LINE('',#14894,#6250);
#5117=LINE('',#14896,#6251);
#5118=LINE('',#14898,#6252);
#5119=LINE('',#14900,#6253);
#5120=LINE('',#14902,#6254);
#5121=LINE('',#14904,#6255);
#5122=LINE('',#14907,#6256);
#5123=LINE('',#14909,#6257);
#5124=LINE('',#14911,#6258);
#5125=LINE('',#14913,#6259);
#5126=LINE('',#14915,#6260);
#5127=LINE('',#14917,#6261);
#5128=LINE('',#14919,#6262);
#5129=LINE('',#14921,#6263);
#5130=LINE('',#14924,#6264);
#5131=LINE('',#14926,#6265);
#5132=LINE('',#14928,#6266);
#5133=LINE('',#14930,#6267);
#5134=LINE('',#14932,#6268);
#5135=LINE('',#14934,#6269);
#5136=LINE('',#14936,#6270);
#5137=LINE('',#14938,#6271);
#5138=LINE('',#14941,#6272);
#5139=LINE('',#14943,#6273);
#5140=LINE('',#14945,#6274);
#5141=LINE('',#14947,#6275);
#5142=LINE('',#14949,#6276);
#5143=LINE('',#14951,#6277);
#5144=LINE('',#14953,#6278);
#5145=LINE('',#14955,#6279);
#5146=LINE('',#14958,#6280);
#5147=LINE('',#14960,#6281);
#5148=LINE('',#14962,#6282);
#5149=LINE('',#14964,#6283);
#5150=LINE('',#14966,#6284);
#5151=LINE('',#14968,#6285);
#5152=LINE('',#14970,#6286);
#5153=LINE('',#14972,#6287);
#5154=LINE('',#14975,#6288);
#5155=LINE('',#14977,#6289);
#5156=LINE('',#14979,#6290);
#5157=LINE('',#14981,#6291);
#5158=LINE('',#14983,#6292);
#5159=LINE('',#14985,#6293);
#5160=LINE('',#14987,#6294);
#5161=LINE('',#14989,#6295);
#5162=LINE('',#14993,#6296);
#5163=LINE('',#14996,#6297);
#5164=LINE('',#14998,#6298);
#5165=LINE('',#15000,#6299);
#5166=LINE('',#15002,#6300);
#5167=LINE('',#15004,#6301);
#5168=LINE('',#15006,#6302);
#5169=LINE('',#15008,#6303);
#5170=LINE('',#15010,#6304);
#5171=LINE('',#15012,#6305);
#5172=LINE('',#15014,#6306);
#5173=LINE('',#15015,#6307);
#5174=LINE('',#15020,#6308);
#5175=LINE('',#15023,#6309);
#5176=LINE('',#15025,#6310);
#5177=LINE('',#15027,#6311);
#5178=LINE('',#15029,#6312);
#5179=LINE('',#15031,#6313);
#5180=LINE('',#15033,#6314);
#5181=LINE('',#15035,#6315);
#5182=LINE('',#15037,#6316);
#5183=LINE('',#15039,#6317);
#5184=LINE('',#15041,#6318);
#5185=LINE('',#15042,#6319);
#5186=LINE('',#15047,#6320);
#5187=LINE('',#15050,#6321);
#5188=LINE('',#15052,#6322);
#5189=LINE('',#15054,#6323);
#5190=LINE('',#15056,#6324);
#5191=LINE('',#15058,#6325);
#5192=LINE('',#15060,#6326);
#5193=LINE('',#15062,#6327);
#5194=LINE('',#15064,#6328);
#5195=LINE('',#15066,#6329);
#5196=LINE('',#15068,#6330);
#5197=LINE('',#15069,#6331);
#5198=LINE('',#15074,#6332);
#5199=LINE('',#15077,#6333);
#5200=LINE('',#15079,#6334);
#5201=LINE('',#15081,#6335);
#5202=LINE('',#15083,#6336);
#5203=LINE('',#15085,#6337);
#5204=LINE('',#15087,#6338);
#5205=LINE('',#15089,#6339);
#5206=LINE('',#15091,#6340);
#5207=LINE('',#15093,#6341);
#5208=LINE('',#15095,#6342);
#5209=LINE('',#15096,#6343);
#5210=LINE('',#15101,#6344);
#5211=LINE('',#15104,#6345);
#5212=LINE('',#15106,#6346);
#5213=LINE('',#15108,#6347);
#5214=LINE('',#15110,#6348);
#5215=LINE('',#15112,#6349);
#5216=LINE('',#15114,#6350);
#5217=LINE('',#15116,#6351);
#5218=LINE('',#15118,#6352);
#5219=LINE('',#15120,#6353);
#5220=LINE('',#15122,#6354);
#5221=LINE('',#15123,#6355);
#5222=LINE('',#15128,#6356);
#5223=LINE('',#15131,#6357);
#5224=LINE('',#15133,#6358);
#5225=LINE('',#15135,#6359);
#5226=LINE('',#15137,#6360);
#5227=LINE('',#15139,#6361);
#5228=LINE('',#15141,#6362);
#5229=LINE('',#15143,#6363);
#5230=LINE('',#15145,#6364);
#5231=LINE('',#15147,#6365);
#5232=LINE('',#15149,#6366);
#5233=LINE('',#15150,#6367);
#5234=LINE('',#15155,#6368);
#5235=LINE('',#15158,#6369);
#5236=LINE('',#15160,#6370);
#5237=LINE('',#15162,#6371);
#5238=LINE('',#15164,#6372);
#5239=LINE('',#15166,#6373);
#5240=LINE('',#15168,#6374);
#5241=LINE('',#15170,#6375);
#5242=LINE('',#15172,#6376);
#5243=LINE('',#15174,#6377);
#5244=LINE('',#15176,#6378);
#5245=LINE('',#15177,#6379);
#5246=LINE('',#15182,#6380);
#5247=LINE('',#15185,#6381);
#5248=LINE('',#15187,#6382);
#5249=LINE('',#15189,#6383);
#5250=LINE('',#15191,#6384);
#5251=LINE('',#15193,#6385);
#5252=LINE('',#15195,#6386);
#5253=LINE('',#15197,#6387);
#5254=LINE('',#15199,#6388);
#5255=LINE('',#15201,#6389);
#5256=LINE('',#15203,#6390);
#5257=LINE('',#15204,#6391);
#5258=LINE('',#15209,#6392);
#5259=LINE('',#15212,#6393);
#5260=LINE('',#15214,#6394);
#5261=LINE('',#15216,#6395);
#5262=LINE('',#15218,#6396);
#5263=LINE('',#15220,#6397);
#5264=LINE('',#15222,#6398);
#5265=LINE('',#15224,#6399);
#5266=LINE('',#15226,#6400);
#5267=LINE('',#15228,#6401);
#5268=LINE('',#15230,#6402);
#5269=LINE('',#15231,#6403);
#5270=LINE('',#15236,#6404);
#5271=LINE('',#15239,#6405);
#5272=LINE('',#15241,#6406);
#5273=LINE('',#15243,#6407);
#5274=LINE('',#15245,#6408);
#5275=LINE('',#15247,#6409);
#5276=LINE('',#15249,#6410);
#5277=LINE('',#15251,#6411);
#5278=LINE('',#15253,#6412);
#5279=LINE('',#15255,#6413);
#5280=LINE('',#15257,#6414);
#5281=LINE('',#15258,#6415);
#5282=LINE('',#15263,#6416);
#5283=LINE('',#15266,#6417);
#5284=LINE('',#15268,#6418);
#5285=LINE('',#15270,#6419);
#5286=LINE('',#15272,#6420);
#5287=LINE('',#15274,#6421);
#5288=LINE('',#15276,#6422);
#5289=LINE('',#15278,#6423);
#5290=LINE('',#15280,#6424);
#5291=LINE('',#15282,#6425);
#5292=LINE('',#15284,#6426);
#5293=LINE('',#15285,#6427);
#5294=LINE('',#15290,#6428);
#5295=LINE('',#15293,#6429);
#5296=LINE('',#15295,#6430);
#5297=LINE('',#15297,#6431);
#5298=LINE('',#15299,#6432);
#5299=LINE('',#15301,#6433);
#5300=LINE('',#15303,#6434);
#5301=LINE('',#15305,#6435);
#5302=LINE('',#15307,#6436);
#5303=LINE('',#15309,#6437);
#5304=LINE('',#15311,#6438);
#5305=LINE('',#15312,#6439);
#5306=LINE('',#15317,#6440);
#5307=LINE('',#15320,#6441);
#5308=LINE('',#15322,#6442);
#5309=LINE('',#15324,#6443);
#5310=LINE('',#15326,#6444);
#5311=LINE('',#15328,#6445);
#5312=LINE('',#15330,#6446);
#5313=LINE('',#15332,#6447);
#5314=LINE('',#15334,#6448);
#5315=LINE('',#15336,#6449);
#5316=LINE('',#15338,#6450);
#5317=LINE('',#15339,#6451);
#5318=LINE('',#15344,#6452);
#5319=LINE('',#15347,#6453);
#5320=LINE('',#15349,#6454);
#5321=LINE('',#15351,#6455);
#5322=LINE('',#15353,#6456);
#5323=LINE('',#15355,#6457);
#5324=LINE('',#15357,#6458);
#5325=LINE('',#15359,#6459);
#5326=LINE('',#15361,#6460);
#5327=LINE('',#15363,#6461);
#5328=LINE('',#15365,#6462);
#5329=LINE('',#15366,#6463);
#5330=LINE('',#15371,#6464);
#5331=LINE('',#15374,#6465);
#5332=LINE('',#15376,#6466);
#5333=LINE('',#15378,#6467);
#5334=LINE('',#15380,#6468);
#5335=LINE('',#15382,#6469);
#5336=LINE('',#15384,#6470);
#5337=LINE('',#15386,#6471);
#5338=LINE('',#15388,#6472);
#5339=LINE('',#15390,#6473);
#5340=LINE('',#15392,#6474);
#5341=LINE('',#15393,#6475);
#5342=LINE('',#15398,#6476);
#5343=LINE('',#15401,#6477);
#5344=LINE('',#15403,#6478);
#5345=LINE('',#15405,#6479);
#5346=LINE('',#15407,#6480);
#5347=LINE('',#15409,#6481);
#5348=LINE('',#15411,#6482);
#5349=LINE('',#15413,#6483);
#5350=LINE('',#15415,#6484);
#5351=LINE('',#15417,#6485);
#5352=LINE('',#15419,#6486);
#5353=LINE('',#15420,#6487);
#5354=LINE('',#15425,#6488);
#5355=LINE('',#15428,#6489);
#5356=LINE('',#15430,#6490);
#5357=LINE('',#15432,#6491);
#5358=LINE('',#15434,#6492);
#5359=LINE('',#15436,#6493);
#5360=LINE('',#15438,#6494);
#5361=LINE('',#15440,#6495);
#5362=LINE('',#15442,#6496);
#5363=LINE('',#15444,#6497);
#5364=LINE('',#15446,#6498);
#5365=LINE('',#15447,#6499);
#5366=LINE('',#15452,#6500);
#5367=LINE('',#15455,#6501);
#5368=LINE('',#15457,#6502);
#5369=LINE('',#15459,#6503);
#5370=LINE('',#15461,#6504);
#5371=LINE('',#15463,#6505);
#5372=LINE('',#15465,#6506);
#5373=LINE('',#15467,#6507);
#5374=LINE('',#15469,#6508);
#5375=LINE('',#15471,#6509);
#5376=LINE('',#15473,#6510);
#5377=LINE('',#15474,#6511);
#5378=LINE('',#15479,#6512);
#5379=LINE('',#15482,#6513);
#5380=LINE('',#15484,#6514);
#5381=LINE('',#15486,#6515);
#5382=LINE('',#15488,#6516);
#5383=LINE('',#15490,#6517);
#5384=LINE('',#15492,#6518);
#5385=LINE('',#15494,#6519);
#5386=LINE('',#15496,#6520);
#5387=LINE('',#15498,#6521);
#5388=LINE('',#15500,#6522);
#5389=LINE('',#15502,#6523);
#5390=LINE('',#15504,#6524);
#5391=LINE('',#15506,#6525);
#5392=LINE('',#15507,#6526);
#5393=LINE('',#15512,#6527);
#5394=LINE('',#15515,#6528);
#5395=LINE('',#15517,#6529);
#5396=LINE('',#15519,#6530);
#5397=LINE('',#15521,#6531);
#5398=LINE('',#15523,#6532);
#5399=LINE('',#15525,#6533);
#5400=LINE('',#15527,#6534);
#5401=LINE('',#15529,#6535);
#5402=LINE('',#15531,#6536);
#5403=LINE('',#15533,#6537);
#5404=LINE('',#15534,#6538);
#5405=LINE('',#15539,#6539);
#5406=LINE('',#15542,#6540);
#5407=LINE('',#15544,#6541);
#5408=LINE('',#15546,#6542);
#5409=LINE('',#15548,#6543);
#5410=LINE('',#15550,#6544);
#5411=LINE('',#15552,#6545);
#5412=LINE('',#15554,#6546);
#5413=LINE('',#15556,#6547);
#5414=LINE('',#15558,#6548);
#5415=LINE('',#15560,#6549);
#5416=LINE('',#15561,#6550);
#5417=LINE('',#15566,#6551);
#5418=LINE('',#15569,#6552);
#5419=LINE('',#15571,#6553);
#5420=LINE('',#15573,#6554);
#5421=LINE('',#15575,#6555);
#5422=LINE('',#15577,#6556);
#5423=LINE('',#15579,#6557);
#5424=LINE('',#15581,#6558);
#5425=LINE('',#15583,#6559);
#5426=LINE('',#15585,#6560);
#5427=LINE('',#15587,#6561);
#5428=LINE('',#15588,#6562);
#5429=LINE('',#15593,#6563);
#5430=LINE('',#15596,#6564);
#5431=LINE('',#15598,#6565);
#5432=LINE('',#15600,#6566);
#5433=LINE('',#15602,#6567);
#5434=LINE('',#15604,#6568);
#5435=LINE('',#15606,#6569);
#5436=LINE('',#15608,#6570);
#5437=LINE('',#15610,#6571);
#5438=LINE('',#15612,#6572);
#5439=LINE('',#15614,#6573);
#5440=LINE('',#15615,#6574);
#5441=LINE('',#15620,#6575);
#5442=LINE('',#15623,#6576);
#5443=LINE('',#15625,#6577);
#5444=LINE('',#15627,#6578);
#5445=LINE('',#15629,#6579);
#5446=LINE('',#15631,#6580);
#5447=LINE('',#15633,#6581);
#5448=LINE('',#15635,#6582);
#5449=LINE('',#15637,#6583);
#5450=LINE('',#15639,#6584);
#5451=LINE('',#15641,#6585);
#5452=LINE('',#15642,#6586);
#5453=LINE('',#15647,#6587);
#5454=LINE('',#15650,#6588);
#5455=LINE('',#15652,#6589);
#5456=LINE('',#15654,#6590);
#5457=LINE('',#15656,#6591);
#5458=LINE('',#15658,#6592);
#5459=LINE('',#15660,#6593);
#5460=LINE('',#15662,#6594);
#5461=LINE('',#15664,#6595);
#5462=LINE('',#15666,#6596);
#5463=LINE('',#15668,#6597);
#5464=LINE('',#15669,#6598);
#5465=LINE('',#15674,#6599);
#5466=LINE('',#15677,#6600);
#5467=LINE('',#15679,#6601);
#5468=LINE('',#15681,#6602);
#5469=LINE('',#15683,#6603);
#5470=LINE('',#15685,#6604);
#5471=LINE('',#15687,#6605);
#5472=LINE('',#15689,#6606);
#5473=LINE('',#15691,#6607);
#5474=LINE('',#15693,#6608);
#5475=LINE('',#15695,#6609);
#5476=LINE('',#15696,#6610);
#5477=LINE('',#15701,#6611);
#5478=LINE('',#15704,#6612);
#5479=LINE('',#15706,#6613);
#5480=LINE('',#15708,#6614);
#5481=LINE('',#15710,#6615);
#5482=LINE('',#15712,#6616);
#5483=LINE('',#15714,#6617);
#5484=LINE('',#15716,#6618);
#5485=LINE('',#15718,#6619);
#5486=LINE('',#15720,#6620);
#5487=LINE('',#15722,#6621);
#5488=LINE('',#15723,#6622);
#5489=LINE('',#15728,#6623);
#5490=LINE('',#15731,#6624);
#5491=LINE('',#15733,#6625);
#5492=LINE('',#15735,#6626);
#5493=LINE('',#15737,#6627);
#5494=LINE('',#15739,#6628);
#5495=LINE('',#15741,#6629);
#5496=LINE('',#15743,#6630);
#5497=LINE('',#15745,#6631);
#5498=LINE('',#15747,#6632);
#5499=LINE('',#15749,#6633);
#5500=LINE('',#15750,#6634);
#5501=LINE('',#15755,#6635);
#5502=LINE('',#15758,#6636);
#5503=LINE('',#15760,#6637);
#5504=LINE('',#15762,#6638);
#5505=LINE('',#15764,#6639);
#5506=LINE('',#15766,#6640);
#5507=LINE('',#15768,#6641);
#5508=LINE('',#15770,#6642);
#5509=LINE('',#15772,#6643);
#5510=LINE('',#15774,#6644);
#5511=LINE('',#15776,#6645);
#5512=LINE('',#15777,#6646);
#5513=LINE('',#15782,#6647);
#5514=LINE('',#15785,#6648);
#5515=LINE('',#15787,#6649);
#5516=LINE('',#15789,#6650);
#5517=LINE('',#15791,#6651);
#5518=LINE('',#15793,#6652);
#5519=LINE('',#15795,#6653);
#5520=LINE('',#15797,#6654);
#5521=LINE('',#15799,#6655);
#5522=LINE('',#15801,#6656);
#5523=LINE('',#15803,#6657);
#5524=LINE('',#15804,#6658);
#5525=LINE('',#15809,#6659);
#5526=LINE('',#15812,#6660);
#5527=LINE('',#15814,#6661);
#5528=LINE('',#15816,#6662);
#5529=LINE('',#15818,#6663);
#5530=LINE('',#15820,#6664);
#5531=LINE('',#15822,#6665);
#5532=LINE('',#15824,#6666);
#5533=LINE('',#15826,#6667);
#5534=LINE('',#15828,#6668);
#5535=LINE('',#15830,#6669);
#5536=LINE('',#15831,#6670);
#5537=LINE('',#15836,#6671);
#5538=LINE('',#15839,#6672);
#5539=LINE('',#15841,#6673);
#5540=LINE('',#15843,#6674);
#5541=LINE('',#15845,#6675);
#5542=LINE('',#15847,#6676);
#5543=LINE('',#15849,#6677);
#5544=LINE('',#15851,#6678);
#5545=LINE('',#15853,#6679);
#5546=LINE('',#15855,#6680);
#5547=LINE('',#15857,#6681);
#5548=LINE('',#15858,#6682);
#5549=LINE('',#15863,#6683);
#5550=LINE('',#15866,#6684);
#5551=LINE('',#15868,#6685);
#5552=LINE('',#15870,#6686);
#5553=LINE('',#15872,#6687);
#5554=LINE('',#15874,#6688);
#5555=LINE('',#15876,#6689);
#5556=LINE('',#15878,#6690);
#5557=LINE('',#15880,#6691);
#5558=LINE('',#15882,#6692);
#5559=LINE('',#15884,#6693);
#5560=LINE('',#15885,#6694);
#5561=LINE('',#15890,#6695);
#5562=LINE('',#15893,#6696);
#5563=LINE('',#15895,#6697);
#5564=LINE('',#15897,#6698);
#5565=LINE('',#15899,#6699);
#5566=LINE('',#15901,#6700);
#5567=LINE('',#15903,#6701);
#5568=LINE('',#15905,#6702);
#5569=LINE('',#15907,#6703);
#5570=LINE('',#15909,#6704);
#5571=LINE('',#15911,#6705);
#5572=LINE('',#15912,#6706);
#5573=LINE('',#15917,#6707);
#5574=LINE('',#15920,#6708);
#5575=LINE('',#15922,#6709);
#5576=LINE('',#15924,#6710);
#5577=LINE('',#15926,#6711);
#5578=LINE('',#15928,#6712);
#5579=LINE('',#15930,#6713);
#5580=LINE('',#15932,#6714);
#5581=LINE('',#15934,#6715);
#5582=LINE('',#15936,#6716);
#5583=LINE('',#15938,#6717);
#5584=LINE('',#15939,#6718);
#5585=LINE('',#15944,#6719);
#5586=LINE('',#15947,#6720);
#5587=LINE('',#15949,#6721);
#5588=LINE('',#15951,#6722);
#5589=LINE('',#15953,#6723);
#5590=LINE('',#15955,#6724);
#5591=LINE('',#15957,#6725);
#5592=LINE('',#15959,#6726);
#5593=LINE('',#15961,#6727);
#5594=LINE('',#15963,#6728);
#5595=LINE('',#15965,#6729);
#5596=LINE('',#15966,#6730);
#5597=LINE('',#15971,#6731);
#5598=LINE('',#15974,#6732);
#5599=LINE('',#15976,#6733);
#5600=LINE('',#15978,#6734);
#5601=LINE('',#15980,#6735);
#5602=LINE('',#15982,#6736);
#5603=LINE('',#15984,#6737);
#5604=LINE('',#15986,#6738);
#5605=LINE('',#15988,#6739);
#5606=LINE('',#15990,#6740);
#5607=LINE('',#15992,#6741);
#5608=LINE('',#15993,#6742);
#5609=LINE('',#15998,#6743);
#5610=LINE('',#16001,#6744);
#5611=LINE('',#16003,#6745);
#5612=LINE('',#16005,#6746);
#5613=LINE('',#16007,#6747);
#5614=LINE('',#16009,#6748);
#5615=LINE('',#16011,#6749);
#5616=LINE('',#16013,#6750);
#5617=LINE('',#16015,#6751);
#5618=LINE('',#16017,#6752);
#5619=LINE('',#16019,#6753);
#5620=LINE('',#16020,#6754);
#5621=VECTOR('',#11265,1.);
#5622=VECTOR('',#11266,1.);
#5623=VECTOR('',#11267,1.);
#5624=VECTOR('',#11268,1.);
#5625=VECTOR('',#11271,1.);
#5626=VECTOR('',#11272,1.);
#5627=VECTOR('',#11273,1.);
#5628=VECTOR('',#11276,1.);
#5629=VECTOR('',#11277,1.);
#5630=VECTOR('',#11278,1.);
#5631=VECTOR('',#11281,1.);
#5632=VECTOR('',#11282,1.);
#5633=VECTOR('',#11291,1.);
#5634=VECTOR('',#11292,1.);
#5635=VECTOR('',#11293,1.);
#5636=VECTOR('',#11294,1.);
#5637=VECTOR('',#11297,1.);
#5638=VECTOR('',#11298,1.);
#5639=VECTOR('',#11299,1.);
#5640=VECTOR('',#11302,1.);
#5641=VECTOR('',#11303,1.);
#5642=VECTOR('',#11304,1.);
#5643=VECTOR('',#11307,1.);
#5644=VECTOR('',#11308,1.);
#5645=VECTOR('',#11317,1.);
#5646=VECTOR('',#11318,1.);
#5647=VECTOR('',#11319,1.);
#5648=VECTOR('',#11320,1.);
#5649=VECTOR('',#11323,1.);
#5650=VECTOR('',#11324,1.);
#5651=VECTOR('',#11325,1.);
#5652=VECTOR('',#11328,1.);
#5653=VECTOR('',#11329,1.);
#5654=VECTOR('',#11330,1.);
#5655=VECTOR('',#11333,1.);
#5656=VECTOR('',#11334,1.);
#5657=VECTOR('',#11343,1.);
#5658=VECTOR('',#11344,1.);
#5659=VECTOR('',#11345,1.);
#5660=VECTOR('',#11346,1.);
#5661=VECTOR('',#11349,1.);
#5662=VECTOR('',#11350,1.);
#5663=VECTOR('',#11351,1.);
#5664=VECTOR('',#11354,1.);
#5665=VECTOR('',#11355,1.);
#5666=VECTOR('',#11356,1.);
#5667=VECTOR('',#11359,1.);
#5668=VECTOR('',#11360,1.);
#5669=VECTOR('',#11375,1.);
#5670=VECTOR('',#11376,1.);
#5671=VECTOR('',#11377,1.);
#5672=VECTOR('',#11378,1.);
#5673=VECTOR('',#11381,1.);
#5674=VECTOR('',#11382,1.);
#5675=VECTOR('',#11383,1.);
#5676=VECTOR('',#11386,1.);
#5677=VECTOR('',#11387,1.);
#5678=VECTOR('',#11388,1.);
#5679=VECTOR('',#11391,1.);
#5680=VECTOR('',#11392,1.);
#5681=VECTOR('',#11403,1.);
#5682=VECTOR('',#11404,1.);
#5683=VECTOR('',#11405,1.);
#5684=VECTOR('',#11406,1.);
#5685=VECTOR('',#11409,1.);
#5686=VECTOR('',#11410,1.);
#5687=VECTOR('',#11411,1.);
#5688=VECTOR('',#11414,1.);
#5689=VECTOR('',#11415,1.);
#5690=VECTOR('',#11416,1.);
#5691=VECTOR('',#11419,1.);
#5692=VECTOR('',#11420,1.);
#5693=VECTOR('',#11429,1.);
#5694=VECTOR('',#11430,1.);
#5695=VECTOR('',#11431,1.);
#5696=VECTOR('',#11432,1.);
#5697=VECTOR('',#11435,1.);
#5698=VECTOR('',#11436,1.);
#5699=VECTOR('',#11437,1.);
#5700=VECTOR('',#11440,1.);
#5701=VECTOR('',#11441,1.);
#5702=VECTOR('',#11442,1.);
#5703=VECTOR('',#11445,1.);
#5704=VECTOR('',#11446,1.);
#5705=VECTOR('',#11467,1.);
#5706=VECTOR('',#11468,1.);
#5707=VECTOR('',#11469,1.);
#5708=VECTOR('',#11470,1.);
#5709=VECTOR('',#11473,1.);
#5710=VECTOR('',#11474,1.);
#5711=VECTOR('',#11475,1.);
#5712=VECTOR('',#11478,1.);
#5713=VECTOR('',#11479,1.);
#5714=VECTOR('',#11480,1.);
#5715=VECTOR('',#11483,1.);
#5716=VECTOR('',#11484,1.);
#5717=VECTOR('',#11493,1.);
#5718=VECTOR('',#11494,1.);
#5719=VECTOR('',#11495,1.);
#5720=VECTOR('',#11496,1.);
#5721=VECTOR('',#11499,1.);
#5722=VECTOR('',#11500,1.);
#5723=VECTOR('',#11501,1.);
#5724=VECTOR('',#11504,1.);
#5725=VECTOR('',#11505,1.);
#5726=VECTOR('',#11506,1.);
#5727=VECTOR('',#11509,1.);
#5728=VECTOR('',#11510,1.);
#5729=VECTOR('',#11519,1.);
#5730=VECTOR('',#11520,1.);
#5731=VECTOR('',#11521,1.);
#5732=VECTOR('',#11522,1.);
#5733=VECTOR('',#11523,1.);
#5734=VECTOR('',#11524,1.);
#5735=VECTOR('',#11525,1.);
#5736=VECTOR('',#11526,1.);
#5737=VECTOR('',#11527,1.);
#5738=VECTOR('',#11528,1.);
#5739=VECTOR('',#11529,1.);
#5740=VECTOR('',#11530,1.);
#5741=VECTOR('',#11531,1.);
#5742=VECTOR('',#11532,1.);
#5743=VECTOR('',#11533,1.);
#5744=VECTOR('',#11534,1.);
#5745=VECTOR('',#11535,1.);
#5746=VECTOR('',#11536,1.);
#5747=VECTOR('',#11537,1.);
#5748=VECTOR('',#11538,1.);
#5749=VECTOR('',#11539,1.);
#5750=VECTOR('',#11540,1.);
#5751=VECTOR('',#11541,1.);
#5752=VECTOR('',#11542,1.);
#5753=VECTOR('',#11543,1.);
#5754=VECTOR('',#11544,1.);
#5755=VECTOR('',#11545,1.);
#5756=VECTOR('',#11546,1.);
#5757=VECTOR('',#11547,1.);
#5758=VECTOR('',#11548,1.);
#5759=VECTOR('',#11549,1.);
#5760=VECTOR('',#11550,1.);
#5761=VECTOR('',#11551,1.);
#5762=VECTOR('',#11552,1.);
#5763=VECTOR('',#11553,1.);
#5764=VECTOR('',#11554,1.);
#5765=VECTOR('',#11555,1.);
#5766=VECTOR('',#11556,1.);
#5767=VECTOR('',#11557,1.);
#5768=VECTOR('',#11558,1.);
#5769=VECTOR('',#11559,1.);
#5770=VECTOR('',#11560,1.);
#5771=VECTOR('',#11561,1.);
#5772=VECTOR('',#11562,1.);
#5773=VECTOR('',#11563,1.);
#5774=VECTOR('',#11564,1.);
#5775=VECTOR('',#11565,1.);
#5776=VECTOR('',#11566,1.);
#5777=VECTOR('',#11567,1.);
#5778=VECTOR('',#11568,1.);
#5779=VECTOR('',#11569,1.);
#5780=VECTOR('',#11570,1.);
#5781=VECTOR('',#11571,1.);
#5782=VECTOR('',#11572,1.);
#5783=VECTOR('',#11573,1.);
#5784=VECTOR('',#11574,1.);
#5785=VECTOR('',#11575,1.);
#5786=VECTOR('',#11576,1.);
#5787=VECTOR('',#11577,1.);
#5788=VECTOR('',#11578,1.);
#5789=VECTOR('',#11579,1.);
#5790=VECTOR('',#11580,1.);
#5791=VECTOR('',#11581,1.);
#5792=VECTOR('',#11582,1.);
#5793=VECTOR('',#11583,1.);
#5794=VECTOR('',#11584,1.);
#5795=VECTOR('',#11585,1.);
#5796=VECTOR('',#11586,1.);
#5797=VECTOR('',#11587,1.);
#5798=VECTOR('',#11588,1.);
#5799=VECTOR('',#11589,1.);
#5800=VECTOR('',#11590,1.);
#5801=VECTOR('',#11591,1.);
#5802=VECTOR('',#11592,1.);
#5803=VECTOR('',#11593,1.);
#5804=VECTOR('',#11594,1.);
#5805=VECTOR('',#11595,1.);
#5806=VECTOR('',#11596,1.);
#5807=VECTOR('',#11597,1.);
#5808=VECTOR('',#11598,1.);
#5809=VECTOR('',#11599,1.);
#5810=VECTOR('',#11600,1.);
#5811=VECTOR('',#11601,1.);
#5812=VECTOR('',#11602,1.);
#5813=VECTOR('',#11603,1.);
#5814=VECTOR('',#11604,1.);
#5815=VECTOR('',#11605,1.);
#5816=VECTOR('',#11606,1.);
#5817=VECTOR('',#11607,1.);
#5818=VECTOR('',#11608,1.);
#5819=VECTOR('',#11609,1.);
#5820=VECTOR('',#11610,1.);
#5821=VECTOR('',#11611,1.);
#5822=VECTOR('',#11612,1.);
#5823=VECTOR('',#11613,1.);
#5824=VECTOR('',#11614,1.);
#5825=VECTOR('',#11615,1.);
#5826=VECTOR('',#11616,1.);
#5827=VECTOR('',#11617,1.);
#5828=VECTOR('',#11618,1.);
#5829=VECTOR('',#11619,1.);
#5830=VECTOR('',#11620,1.);
#5831=VECTOR('',#11621,1.);
#5832=VECTOR('',#11622,1.);
#5833=VECTOR('',#11623,1.);
#5834=VECTOR('',#11624,1.);
#5835=VECTOR('',#11625,1.);
#5836=VECTOR('',#11626,1.);
#5837=VECTOR('',#11627,1.);
#5838=VECTOR('',#11628,1.);
#5839=VECTOR('',#11629,1.);
#5840=VECTOR('',#11630,1.);
#5841=VECTOR('',#11631,1.);
#5842=VECTOR('',#11632,1.);
#5843=VECTOR('',#11633,1.);
#5844=VECTOR('',#11634,1.);
#5845=VECTOR('',#11635,1.);
#5846=VECTOR('',#11636,1.);
#5847=VECTOR('',#11637,1.);
#5848=VECTOR('',#11638,1.);
#5849=VECTOR('',#11639,1.);
#5850=VECTOR('',#11640,1.);
#5851=VECTOR('',#11641,1.);
#5852=VECTOR('',#11642,1.);
#5853=VECTOR('',#11643,1.);
#5854=VECTOR('',#11644,1.);
#5855=VECTOR('',#11645,1.);
#5856=VECTOR('',#11646,1.);
#5857=VECTOR('',#11647,1.);
#5858=VECTOR('',#11648,1.);
#5859=VECTOR('',#11649,1.);
#5860=VECTOR('',#11650,1.);
#5861=VECTOR('',#11651,1.);
#5862=VECTOR('',#11652,1.);
#5863=VECTOR('',#11653,1.);
#5864=VECTOR('',#11654,1.);
#5865=VECTOR('',#11655,1.);
#5866=VECTOR('',#11656,1.);
#5867=VECTOR('',#11657,1.);
#5868=VECTOR('',#11658,1.);
#5869=VECTOR('',#11659,1.);
#5870=VECTOR('',#11660,1.);
#5871=VECTOR('',#11661,1.);
#5872=VECTOR('',#11662,1.);
#5873=VECTOR('',#11663,1.);
#5874=VECTOR('',#11664,1.);
#5875=VECTOR('',#11665,1.);
#5876=VECTOR('',#11666,1.);
#5877=VECTOR('',#11667,1.);
#5878=VECTOR('',#11668,1.);
#5879=VECTOR('',#11669,1.);
#5880=VECTOR('',#11670,1.);
#5881=VECTOR('',#11671,1.);
#5882=VECTOR('',#11672,1.);
#5883=VECTOR('',#11673,1.);
#5884=VECTOR('',#11674,1.);
#5885=VECTOR('',#11675,1.);
#5886=VECTOR('',#11676,1.);
#5887=VECTOR('',#11677,1.);
#5888=VECTOR('',#11678,1.);
#5889=VECTOR('',#11679,1.);
#5890=VECTOR('',#11680,1.);
#5891=VECTOR('',#11681,1.);
#5892=VECTOR('',#11682,1.);
#5893=VECTOR('',#11683,1.);
#5894=VECTOR('',#11684,1.);
#5895=VECTOR('',#11685,1.);
#5896=VECTOR('',#11686,1.);
#5897=VECTOR('',#11687,1.);
#5898=VECTOR('',#11688,1.);
#5899=VECTOR('',#11689,1.);
#5900=VECTOR('',#11690,1.);
#5901=VECTOR('',#11691,1.);
#5902=VECTOR('',#11692,1.);
#5903=VECTOR('',#11693,1.);
#5904=VECTOR('',#11694,1.);
#5905=VECTOR('',#11695,1.);
#5906=VECTOR('',#11696,1.);
#5907=VECTOR('',#11697,1.);
#5908=VECTOR('',#11698,1.);
#5909=VECTOR('',#11699,1.);
#5910=VECTOR('',#11700,1.);
#5911=VECTOR('',#11701,1.);
#5912=VECTOR('',#11702,1.);
#5913=VECTOR('',#11703,1.);
#5914=VECTOR('',#11704,1.);
#5915=VECTOR('',#11705,1.);
#5916=VECTOR('',#11706,1.);
#5917=VECTOR('',#11707,1.);
#5918=VECTOR('',#11710,1.);
#5919=VECTOR('',#11711,1.);
#5920=VECTOR('',#11712,1.);
#5921=VECTOR('',#11715,1.);
#5922=VECTOR('',#11716,1.);
#5923=VECTOR('',#11719,1.);
#5924=VECTOR('',#11720,1.);
#5925=VECTOR('',#11723,1.);
#5926=VECTOR('',#11728,1.);
#5927=VECTOR('',#11729,1.);
#5928=VECTOR('',#11730,1.);
#5929=VECTOR('',#11733,1.);
#5930=VECTOR('',#11734,1.);
#5931=VECTOR('',#11737,1.);
#5932=VECTOR('',#11738,1.);
#5933=VECTOR('',#11741,1.);
#5934=VECTOR('',#11746,1.);
#5935=VECTOR('',#11747,1.);
#5936=VECTOR('',#11748,1.);
#5937=VECTOR('',#11751,1.);
#5938=VECTOR('',#11752,1.);
#5939=VECTOR('',#11755,1.);
#5940=VECTOR('',#11756,1.);
#5941=VECTOR('',#11759,1.);
#5942=VECTOR('',#11764,1.);
#5943=VECTOR('',#11765,1.);
#5944=VECTOR('',#11766,1.);
#5945=VECTOR('',#11769,1.);
#5946=VECTOR('',#11770,1.);
#5947=VECTOR('',#11773,1.);
#5948=VECTOR('',#11774,1.);
#5949=VECTOR('',#11777,1.);
#5950=VECTOR('',#11782,1.);
#5951=VECTOR('',#11783,1.);
#5952=VECTOR('',#11784,1.);
#5953=VECTOR('',#11787,1.);
#5954=VECTOR('',#11788,1.);
#5955=VECTOR('',#11791,1.);
#5956=VECTOR('',#11792,1.);
#5957=VECTOR('',#11795,1.);
#5958=VECTOR('',#11800,1.);
#5959=VECTOR('',#11801,1.);
#5960=VECTOR('',#11802,1.);
#5961=VECTOR('',#11805,1.);
#5962=VECTOR('',#11806,1.);
#5963=VECTOR('',#11809,1.);
#5964=VECTOR('',#11810,1.);
#5965=VECTOR('',#11813,1.);
#5966=VECTOR('',#11818,1.);
#5967=VECTOR('',#11819,1.);
#5968=VECTOR('',#11820,1.);
#5969=VECTOR('',#11823,1.);
#5970=VECTOR('',#11824,1.);
#5971=VECTOR('',#11827,1.);
#5972=VECTOR('',#11828,1.);
#5973=VECTOR('',#11831,1.);
#5974=VECTOR('',#11836,1.);
#5975=VECTOR('',#11837,1.);
#5976=VECTOR('',#11838,1.);
#5977=VECTOR('',#11841,1.);
#5978=VECTOR('',#11842,1.);
#5979=VECTOR('',#11845,1.);
#5980=VECTOR('',#11846,1.);
#5981=VECTOR('',#11849,1.);
#5982=VECTOR('',#11854,1.);
#5983=VECTOR('',#11855,1.);
#5984=VECTOR('',#11856,1.);
#5985=VECTOR('',#11859,1.);
#5986=VECTOR('',#11860,1.);
#5987=VECTOR('',#11863,1.);
#5988=VECTOR('',#11864,1.);
#5989=VECTOR('',#11867,1.);
#5990=VECTOR('',#11872,1.);
#5991=VECTOR('',#11873,1.);
#5992=VECTOR('',#11874,1.);
#5993=VECTOR('',#11877,1.);
#5994=VECTOR('',#11878,1.);
#5995=VECTOR('',#11881,1.);
#5996=VECTOR('',#11882,1.);
#5997=VECTOR('',#11885,1.);
#5998=VECTOR('',#11890,1.);
#5999=VECTOR('',#11891,1.);
#6000=VECTOR('',#11892,1.);
#6001=VECTOR('',#11895,1.);
#6002=VECTOR('',#11896,1.);
#6003=VECTOR('',#11899,1.);
#6004=VECTOR('',#11900,1.);
#6005=VECTOR('',#11903,1.);
#6006=VECTOR('',#11908,1.);
#6007=VECTOR('',#11909,1.);
#6008=VECTOR('',#11910,1.);
#6009=VECTOR('',#11913,1.);
#6010=VECTOR('',#11914,1.);
#6011=VECTOR('',#11917,1.);
#6012=VECTOR('',#11918,1.);
#6013=VECTOR('',#11921,1.);
#6014=VECTOR('',#11926,1.);
#6015=VECTOR('',#11927,1.);
#6016=VECTOR('',#11928,1.);
#6017=VECTOR('',#11931,1.);
#6018=VECTOR('',#11932,1.);
#6019=VECTOR('',#11935,1.);
#6020=VECTOR('',#11936,1.);
#6021=VECTOR('',#11939,1.);
#6022=VECTOR('',#11944,1.);
#6023=VECTOR('',#11945,1.);
#6024=VECTOR('',#11946,1.);
#6025=VECTOR('',#11949,1.);
#6026=VECTOR('',#11950,1.);
#6027=VECTOR('',#11953,1.);
#6028=VECTOR('',#11954,1.);
#6029=VECTOR('',#11957,1.);
#6030=VECTOR('',#11962,1.);
#6031=VECTOR('',#11963,1.);
#6032=VECTOR('',#11964,1.);
#6033=VECTOR('',#11967,1.);
#6034=VECTOR('',#11968,1.);
#6035=VECTOR('',#11971,1.);
#6036=VECTOR('',#11972,1.);
#6037=VECTOR('',#11975,1.);
#6038=VECTOR('',#11980,1.);
#6039=VECTOR('',#11981,1.);
#6040=VECTOR('',#11982,1.);
#6041=VECTOR('',#11985,1.);
#6042=VECTOR('',#11986,1.);
#6043=VECTOR('',#11989,1.);
#6044=VECTOR('',#11990,1.);
#6045=VECTOR('',#11993,1.);
#6046=VECTOR('',#11998,1.);
#6047=VECTOR('',#11999,1.);
#6048=VECTOR('',#12000,1.);
#6049=VECTOR('',#12003,1.);
#6050=VECTOR('',#12004,1.);
#6051=VECTOR('',#12007,1.);
#6052=VECTOR('',#12008,1.);
#6053=VECTOR('',#12011,1.);
#6054=VECTOR('',#12016,1.);
#6055=VECTOR('',#12017,1.);
#6056=VECTOR('',#12018,1.);
#6057=VECTOR('',#12021,1.);
#6058=VECTOR('',#12022,1.);
#6059=VECTOR('',#12025,1.);
#6060=VECTOR('',#12026,1.);
#6061=VECTOR('',#12029,1.);
#6062=VECTOR('',#12034,1.);
#6063=VECTOR('',#12035,1.);
#6064=VECTOR('',#12036,1.);
#6065=VECTOR('',#12039,1.);
#6066=VECTOR('',#12040,1.);
#6067=VECTOR('',#12043,1.);
#6068=VECTOR('',#12044,1.);
#6069=VECTOR('',#12047,1.);
#6070=VECTOR('',#12052,1.);
#6071=VECTOR('',#12053,1.);
#6072=VECTOR('',#12054,1.);
#6073=VECTOR('',#12057,1.);
#6074=VECTOR('',#12058,1.);
#6075=VECTOR('',#12061,1.);
#6076=VECTOR('',#12062,1.);
#6077=VECTOR('',#12065,1.);
#6078=VECTOR('',#12070,1.);
#6079=VECTOR('',#12071,1.);
#6080=VECTOR('',#12072,1.);
#6081=VECTOR('',#12075,1.);
#6082=VECTOR('',#12076,1.);
#6083=VECTOR('',#12079,1.);
#6084=VECTOR('',#12080,1.);
#6085=VECTOR('',#12083,1.);
#6086=VECTOR('',#12088,1.);
#6087=VECTOR('',#12089,1.);
#6088=VECTOR('',#12090,1.);
#6089=VECTOR('',#12093,1.);
#6090=VECTOR('',#12094,1.);
#6091=VECTOR('',#12097,1.);
#6092=VECTOR('',#12098,1.);
#6093=VECTOR('',#12101,1.);
#6094=VECTOR('',#12106,1.);
#6095=VECTOR('',#12107,1.);
#6096=VECTOR('',#12108,1.);
#6097=VECTOR('',#12111,1.);
#6098=VECTOR('',#12112,1.);
#6099=VECTOR('',#12115,1.);
#6100=VECTOR('',#12116,1.);
#6101=VECTOR('',#12119,1.);
#6102=VECTOR('',#12120,1.);
#6103=VECTOR('',#12123,1.);
#6104=VECTOR('',#12128,1.);
#6105=VECTOR('',#12129,1.);
#6106=VECTOR('',#12130,1.);
#6107=VECTOR('',#12133,1.);
#6108=VECTOR('',#12134,1.);
#6109=VECTOR('',#12137,1.);
#6110=VECTOR('',#12138,1.);
#6111=VECTOR('',#12141,1.);
#6112=VECTOR('',#12146,1.);
#6113=VECTOR('',#12147,1.);
#6114=VECTOR('',#12148,1.);
#6115=VECTOR('',#12151,1.);
#6116=VECTOR('',#12152,1.);
#6117=VECTOR('',#12155,1.);
#6118=VECTOR('',#12156,1.);
#6119=VECTOR('',#12159,1.);
#6120=VECTOR('',#12164,1.);
#6121=VECTOR('',#12165,1.);
#6122=VECTOR('',#12166,1.);
#6123=VECTOR('',#12169,1.);
#6124=VECTOR('',#12170,1.);
#6125=VECTOR('',#12173,1.);
#6126=VECTOR('',#12174,1.);
#6127=VECTOR('',#12177,1.);
#6128=VECTOR('',#12182,1.);
#6129=VECTOR('',#12183,1.);
#6130=VECTOR('',#12184,1.);
#6131=VECTOR('',#12187,1.);
#6132=VECTOR('',#12188,1.);
#6133=VECTOR('',#12191,1.);
#6134=VECTOR('',#12192,1.);
#6135=VECTOR('',#12195,1.);
#6136=VECTOR('',#12200,1.);
#6137=VECTOR('',#12201,1.);
#6138=VECTOR('',#12202,1.);
#6139=VECTOR('',#12205,1.);
#6140=VECTOR('',#12206,1.);
#6141=VECTOR('',#12209,1.);
#6142=VECTOR('',#12210,1.);
#6143=VECTOR('',#12213,1.);
#6144=VECTOR('',#12218,1.);
#6145=VECTOR('',#12219,1.);
#6146=VECTOR('',#12220,1.);
#6147=VECTOR('',#12223,1.);
#6148=VECTOR('',#12224,1.);
#6149=VECTOR('',#12227,1.);
#6150=VECTOR('',#12228,1.);
#6151=VECTOR('',#12231,1.);
#6152=VECTOR('',#12236,1.);
#6153=VECTOR('',#12237,1.);
#6154=VECTOR('',#12238,1.);
#6155=VECTOR('',#12241,1.);
#6156=VECTOR('',#12242,1.);
#6157=VECTOR('',#12245,1.);
#6158=VECTOR('',#12246,1.);
#6159=VECTOR('',#12249,1.);
#6160=VECTOR('',#12254,1.);
#6161=VECTOR('',#12255,1.);
#6162=VECTOR('',#12256,1.);
#6163=VECTOR('',#12259,1.);
#6164=VECTOR('',#12260,1.);
#6165=VECTOR('',#12263,1.);
#6166=VECTOR('',#12264,1.);
#6167=VECTOR('',#12267,1.);
#6168=VECTOR('',#12272,1.);
#6169=VECTOR('',#12273,1.);
#6170=VECTOR('',#12274,1.);
#6171=VECTOR('',#12277,1.);
#6172=VECTOR('',#12278,1.);
#6173=VECTOR('',#12281,1.);
#6174=VECTOR('',#12282,1.);
#6175=VECTOR('',#12285,1.);
#6176=VECTOR('',#12290,1.);
#6177=VECTOR('',#12291,1.);
#6178=VECTOR('',#12292,1.);
#6179=VECTOR('',#12295,1.);
#6180=VECTOR('',#12296,1.);
#6181=VECTOR('',#12299,1.);
#6182=VECTOR('',#12300,1.);
#6183=VECTOR('',#12303,1.);
#6184=VECTOR('',#12308,1.);
#6185=VECTOR('',#12309,1.);
#6186=VECTOR('',#12310,1.);
#6187=VECTOR('',#12313,1.);
#6188=VECTOR('',#12314,1.);
#6189=VECTOR('',#12317,1.);
#6190=VECTOR('',#12318,1.);
#6191=VECTOR('',#12321,1.);
#6192=VECTOR('',#12326,1.);
#6193=VECTOR('',#12327,1.);
#6194=VECTOR('',#12328,1.);
#6195=VECTOR('',#12331,1.);
#6196=VECTOR('',#12332,1.);
#6197=VECTOR('',#12335,1.);
#6198=VECTOR('',#12336,1.);
#6199=VECTOR('',#12339,1.);
#6200=VECTOR('',#12344,1.);
#6201=VECTOR('',#12345,1.);
#6202=VECTOR('',#12346,1.);
#6203=VECTOR('',#12349,1.);
#6204=VECTOR('',#12350,1.);
#6205=VECTOR('',#12353,1.);
#6206=VECTOR('',#12354,1.);
#6207=VECTOR('',#12357,1.);
#6208=VECTOR('',#12362,1.);
#6209=VECTOR('',#12363,1.);
#6210=VECTOR('',#12364,1.);
#6211=VECTOR('',#12367,1.);
#6212=VECTOR('',#12368,1.);
#6213=VECTOR('',#12371,1.);
#6214=VECTOR('',#12372,1.);
#6215=VECTOR('',#12375,1.);
#6216=VECTOR('',#12380,1.);
#6217=VECTOR('',#12381,1.);
#6218=VECTOR('',#12382,1.);
#6219=VECTOR('',#12385,1.);
#6220=VECTOR('',#12386,1.);
#6221=VECTOR('',#12389,1.);
#6222=VECTOR('',#12390,1.);
#6223=VECTOR('',#12393,1.);
#6224=VECTOR('',#12398,1.);
#6225=VECTOR('',#12399,1.);
#6226=VECTOR('',#12400,1.);
#6227=VECTOR('',#12403,1.);
#6228=VECTOR('',#12404,1.);
#6229=VECTOR('',#12407,1.);
#6230=VECTOR('',#12408,1.);
#6231=VECTOR('',#12411,1.);
#6232=VECTOR('',#12416,1.);
#6233=VECTOR('',#12417,1.);
#6234=VECTOR('',#12418,1.);
#6235=VECTOR('',#12421,1.);
#6236=VECTOR('',#12422,1.);
#6237=VECTOR('',#12425,1.);
#6238=VECTOR('',#12426,1.);
#6239=VECTOR('',#12429,1.);
#6240=VECTOR('',#12434,1.);
#6241=VECTOR('',#12435,1.);
#6242=VECTOR('',#12436,1.);
#6243=VECTOR('',#12439,1.);
#6244=VECTOR('',#12440,1.);
#6245=VECTOR('',#12443,1.);
#6246=VECTOR('',#12444,1.);
#6247=VECTOR('',#12447,1.);
#6248=VECTOR('',#12452,1.);
#6249=VECTOR('',#12453,1.);
#6250=VECTOR('',#12454,1.);
#6251=VECTOR('',#12457,1.);
#6252=VECTOR('',#12458,1.);
#6253=VECTOR('',#12461,1.);
#6254=VECTOR('',#12462,1.);
#6255=VECTOR('',#12465,1.);
#6256=VECTOR('',#12470,1.);
#6257=VECTOR('',#12471,1.);
#6258=VECTOR('',#12472,1.);
#6259=VECTOR('',#12475,1.);
#6260=VECTOR('',#12476,1.);
#6261=VECTOR('',#12479,1.);
#6262=VECTOR('',#12480,1.);
#6263=VECTOR('',#12483,1.);
#6264=VECTOR('',#12488,1.);
#6265=VECTOR('',#12489,1.);
#6266=VECTOR('',#12490,1.);
#6267=VECTOR('',#12493,1.);
#6268=VECTOR('',#12494,1.);
#6269=VECTOR('',#12497,1.);
#6270=VECTOR('',#12498,1.);
#6271=VECTOR('',#12501,1.);
#6272=VECTOR('',#12506,1.);
#6273=VECTOR('',#12507,1.);
#6274=VECTOR('',#12508,1.);
#6275=VECTOR('',#12511,1.);
#6276=VECTOR('',#12512,1.);
#6277=VECTOR('',#12515,1.);
#6278=VECTOR('',#12516,1.);
#6279=VECTOR('',#12519,1.);
#6280=VECTOR('',#12524,1.);
#6281=VECTOR('',#12525,1.);
#6282=VECTOR('',#12526,1.);
#6283=VECTOR('',#12529,1.);
#6284=VECTOR('',#12530,1.);
#6285=VECTOR('',#12533,1.);
#6286=VECTOR('',#12534,1.);
#6287=VECTOR('',#12537,1.);
#6288=VECTOR('',#12542,1.);
#6289=VECTOR('',#12543,1.);
#6290=VECTOR('',#12544,1.);
#6291=VECTOR('',#12547,1.);
#6292=VECTOR('',#12548,1.);
#6293=VECTOR('',#12551,1.);
#6294=VECTOR('',#12552,1.);
#6295=VECTOR('',#12555,1.);
#6296=VECTOR('',#12562,1.);
#6297=VECTOR('',#12563,1.);
#6298=VECTOR('',#12564,1.);
#6299=VECTOR('',#12565,1.);
#6300=VECTOR('',#12568,1.);
#6301=VECTOR('',#12569,1.);
#6302=VECTOR('',#12570,1.);
#6303=VECTOR('',#12573,1.);
#6304=VECTOR('',#12574,1.);
#6305=VECTOR('',#12575,1.);
#6306=VECTOR('',#12578,1.);
#6307=VECTOR('',#12579,1.);
#6308=VECTOR('',#12588,1.);
#6309=VECTOR('',#12589,1.);
#6310=VECTOR('',#12590,1.);
#6311=VECTOR('',#12591,1.);
#6312=VECTOR('',#12594,1.);
#6313=VECTOR('',#12595,1.);
#6314=VECTOR('',#12596,1.);
#6315=VECTOR('',#12599,1.);
#6316=VECTOR('',#12600,1.);
#6317=VECTOR('',#12601,1.);
#6318=VECTOR('',#12604,1.);
#6319=VECTOR('',#12605,1.);
#6320=VECTOR('',#12614,1.);
#6321=VECTOR('',#12615,1.);
#6322=VECTOR('',#12616,1.);
#6323=VECTOR('',#12617,1.);
#6324=VECTOR('',#12620,1.);
#6325=VECTOR('',#12621,1.);
#6326=VECTOR('',#12622,1.);
#6327=VECTOR('',#12625,1.);
#6328=VECTOR('',#12626,1.);
#6329=VECTOR('',#12627,1.);
#6330=VECTOR('',#12630,1.);
#6331=VECTOR('',#12631,1.);
#6332=VECTOR('',#12640,1.);
#6333=VECTOR('',#12641,1.);
#6334=VECTOR('',#12642,1.);
#6335=VECTOR('',#12643,1.);
#6336=VECTOR('',#12646,1.);
#6337=VECTOR('',#12647,1.);
#6338=VECTOR('',#12648,1.);
#6339=VECTOR('',#12651,1.);
#6340=VECTOR('',#12652,1.);
#6341=VECTOR('',#12653,1.);
#6342=VECTOR('',#12656,1.);
#6343=VECTOR('',#12657,1.);
#6344=VECTOR('',#12666,1.);
#6345=VECTOR('',#12667,1.);
#6346=VECTOR('',#12668,1.);
#6347=VECTOR('',#12669,1.);
#6348=VECTOR('',#12672,1.);
#6349=VECTOR('',#12673,1.);
#6350=VECTOR('',#12674,1.);
#6351=VECTOR('',#12677,1.);
#6352=VECTOR('',#12678,1.);
#6353=VECTOR('',#12679,1.);
#6354=VECTOR('',#12682,1.);
#6355=VECTOR('',#12683,1.);
#6356=VECTOR('',#12692,1.);
#6357=VECTOR('',#12693,1.);
#6358=VECTOR('',#12694,1.);
#6359=VECTOR('',#12695,1.);
#6360=VECTOR('',#12698,1.);
#6361=VECTOR('',#12699,1.);
#6362=VECTOR('',#12700,1.);
#6363=VECTOR('',#12703,1.);
#6364=VECTOR('',#12704,1.);
#6365=VECTOR('',#12705,1.);
#6366=VECTOR('',#12708,1.);
#6367=VECTOR('',#12709,1.);
#6368=VECTOR('',#12718,1.);
#6369=VECTOR('',#12719,1.);
#6370=VECTOR('',#12720,1.);
#6371=VECTOR('',#12721,1.);
#6372=VECTOR('',#12724,1.);
#6373=VECTOR('',#12725,1.);
#6374=VECTOR('',#12726,1.);
#6375=VECTOR('',#12729,1.);
#6376=VECTOR('',#12730,1.);
#6377=VECTOR('',#12731,1.);
#6378=VECTOR('',#12734,1.);
#6379=VECTOR('',#12735,1.);
#6380=VECTOR('',#12744,1.);
#6381=VECTOR('',#12745,1.);
#6382=VECTOR('',#12746,1.);
#6383=VECTOR('',#12747,1.);
#6384=VECTOR('',#12750,1.);
#6385=VECTOR('',#12751,1.);
#6386=VECTOR('',#12752,1.);
#6387=VECTOR('',#12755,1.);
#6388=VECTOR('',#12756,1.);
#6389=VECTOR('',#12757,1.);
#6390=VECTOR('',#12760,1.);
#6391=VECTOR('',#12761,1.);
#6392=VECTOR('',#12770,1.);
#6393=VECTOR('',#12771,1.);
#6394=VECTOR('',#12772,1.);
#6395=VECTOR('',#12773,1.);
#6396=VECTOR('',#12776,1.);
#6397=VECTOR('',#12777,1.);
#6398=VECTOR('',#12778,1.);
#6399=VECTOR('',#12781,1.);
#6400=VECTOR('',#12782,1.);
#6401=VECTOR('',#12783,1.);
#6402=VECTOR('',#12786,1.);
#6403=VECTOR('',#12787,1.);
#6404=VECTOR('',#12796,1.);
#6405=VECTOR('',#12797,1.);
#6406=VECTOR('',#12798,1.);
#6407=VECTOR('',#12799,1.);
#6408=VECTOR('',#12802,1.);
#6409=VECTOR('',#12803,1.);
#6410=VECTOR('',#12804,1.);
#6411=VECTOR('',#12807,1.);
#6412=VECTOR('',#12808,1.);
#6413=VECTOR('',#12809,1.);
#6414=VECTOR('',#12812,1.);
#6415=VECTOR('',#12813,1.);
#6416=VECTOR('',#12822,1.);
#6417=VECTOR('',#12823,1.);
#6418=VECTOR('',#12824,1.);
#6419=VECTOR('',#12825,1.);
#6420=VECTOR('',#12828,1.);
#6421=VECTOR('',#12829,1.);
#6422=VECTOR('',#12830,1.);
#6423=VECTOR('',#12833,1.);
#6424=VECTOR('',#12834,1.);
#6425=VECTOR('',#12835,1.);
#6426=VECTOR('',#12838,1.);
#6427=VECTOR('',#12839,1.);
#6428=VECTOR('',#12848,1.);
#6429=VECTOR('',#12849,1.);
#6430=VECTOR('',#12850,1.);
#6431=VECTOR('',#12851,1.);
#6432=VECTOR('',#12854,1.);
#6433=VECTOR('',#12855,1.);
#6434=VECTOR('',#12856,1.);
#6435=VECTOR('',#12859,1.);
#6436=VECTOR('',#12860,1.);
#6437=VECTOR('',#12861,1.);
#6438=VECTOR('',#12864,1.);
#6439=VECTOR('',#12865,1.);
#6440=VECTOR('',#12874,1.);
#6441=VECTOR('',#12875,1.);
#6442=VECTOR('',#12876,1.);
#6443=VECTOR('',#12877,1.);
#6444=VECTOR('',#12880,1.);
#6445=VECTOR('',#12881,1.);
#6446=VECTOR('',#12882,1.);
#6447=VECTOR('',#12885,1.);
#6448=VECTOR('',#12886,1.);
#6449=VECTOR('',#12887,1.);
#6450=VECTOR('',#12890,1.);
#6451=VECTOR('',#12891,1.);
#6452=VECTOR('',#12900,1.);
#6453=VECTOR('',#12901,1.);
#6454=VECTOR('',#12902,1.);
#6455=VECTOR('',#12903,1.);
#6456=VECTOR('',#12906,1.);
#6457=VECTOR('',#12907,1.);
#6458=VECTOR('',#12908,1.);
#6459=VECTOR('',#12911,1.);
#6460=VECTOR('',#12912,1.);
#6461=VECTOR('',#12913,1.);
#6462=VECTOR('',#12916,1.);
#6463=VECTOR('',#12917,1.);
#6464=VECTOR('',#12926,1.);
#6465=VECTOR('',#12927,1.);
#6466=VECTOR('',#12928,1.);
#6467=VECTOR('',#12929,1.);
#6468=VECTOR('',#12932,1.);
#6469=VECTOR('',#12933,1.);
#6470=VECTOR('',#12934,1.);
#6471=VECTOR('',#12937,1.);
#6472=VECTOR('',#12938,1.);
#6473=VECTOR('',#12939,1.);
#6474=VECTOR('',#12942,1.);
#6475=VECTOR('',#12943,1.);
#6476=VECTOR('',#12952,1.);
#6477=VECTOR('',#12953,1.);
#6478=VECTOR('',#12954,1.);
#6479=VECTOR('',#12955,1.);
#6480=VECTOR('',#12958,1.);
#6481=VECTOR('',#12959,1.);
#6482=VECTOR('',#12960,1.);
#6483=VECTOR('',#12963,1.);
#6484=VECTOR('',#12964,1.);
#6485=VECTOR('',#12965,1.);
#6486=VECTOR('',#12968,1.);
#6487=VECTOR('',#12969,1.);
#6488=VECTOR('',#12978,1.);
#6489=VECTOR('',#12979,1.);
#6490=VECTOR('',#12980,1.);
#6491=VECTOR('',#12981,1.);
#6492=VECTOR('',#12984,1.);
#6493=VECTOR('',#12985,1.);
#6494=VECTOR('',#12986,1.);
#6495=VECTOR('',#12989,1.);
#6496=VECTOR('',#12990,1.);
#6497=VECTOR('',#12991,1.);
#6498=VECTOR('',#12994,1.);
#6499=VECTOR('',#12995,1.);
#6500=VECTOR('',#13004,1.);
#6501=VECTOR('',#13005,1.);
#6502=VECTOR('',#13006,1.);
#6503=VECTOR('',#13007,1.);
#6504=VECTOR('',#13010,1.);
#6505=VECTOR('',#13011,1.);
#6506=VECTOR('',#13012,1.);
#6507=VECTOR('',#13015,1.);
#6508=VECTOR('',#13016,1.);
#6509=VECTOR('',#13017,1.);
#6510=VECTOR('',#13020,1.);
#6511=VECTOR('',#13021,1.);
#6512=VECTOR('',#13030,1.);
#6513=VECTOR('',#13031,1.);
#6514=VECTOR('',#13032,1.);
#6515=VECTOR('',#13033,1.);
#6516=VECTOR('',#13036,1.);
#6517=VECTOR('',#13037,1.);
#6518=VECTOR('',#13038,1.);
#6519=VECTOR('',#13041,1.);
#6520=VECTOR('',#13042,1.);
#6521=VECTOR('',#13043,1.);
#6522=VECTOR('',#13046,1.);
#6523=VECTOR('',#13047,1.);
#6524=VECTOR('',#13048,1.);
#6525=VECTOR('',#13051,1.);
#6526=VECTOR('',#13052,1.);
#6527=VECTOR('',#13061,1.);
#6528=VECTOR('',#13062,1.);
#6529=VECTOR('',#13063,1.);
#6530=VECTOR('',#13064,1.);
#6531=VECTOR('',#13067,1.);
#6532=VECTOR('',#13068,1.);
#6533=VECTOR('',#13069,1.);
#6534=VECTOR('',#13072,1.);
#6535=VECTOR('',#13073,1.);
#6536=VECTOR('',#13074,1.);
#6537=VECTOR('',#13077,1.);
#6538=VECTOR('',#13078,1.);
#6539=VECTOR('',#13087,1.);
#6540=VECTOR('',#13088,1.);
#6541=VECTOR('',#13089,1.);
#6542=VECTOR('',#13090,1.);
#6543=VECTOR('',#13093,1.);
#6544=VECTOR('',#13094,1.);
#6545=VECTOR('',#13095,1.);
#6546=VECTOR('',#13098,1.);
#6547=VECTOR('',#13099,1.);
#6548=VECTOR('',#13100,1.);
#6549=VECTOR('',#13103,1.);
#6550=VECTOR('',#13104,1.);
#6551=VECTOR('',#13113,1.);
#6552=VECTOR('',#13114,1.);
#6553=VECTOR('',#13115,1.);
#6554=VECTOR('',#13116,1.);
#6555=VECTOR('',#13119,1.);
#6556=VECTOR('',#13120,1.);
#6557=VECTOR('',#13121,1.);
#6558=VECTOR('',#13124,1.);
#6559=VECTOR('',#13125,1.);
#6560=VECTOR('',#13126,1.);
#6561=VECTOR('',#13129,1.);
#6562=VECTOR('',#13130,1.);
#6563=VECTOR('',#13139,1.);
#6564=VECTOR('',#13140,1.);
#6565=VECTOR('',#13141,1.);
#6566=VECTOR('',#13142,1.);
#6567=VECTOR('',#13145,1.);
#6568=VECTOR('',#13146,1.);
#6569=VECTOR('',#13147,1.);
#6570=VECTOR('',#13150,1.);
#6571=VECTOR('',#13151,1.);
#6572=VECTOR('',#13152,1.);
#6573=VECTOR('',#13155,1.);
#6574=VECTOR('',#13156,1.);
#6575=VECTOR('',#13165,1.);
#6576=VECTOR('',#13166,1.);
#6577=VECTOR('',#13167,1.);
#6578=VECTOR('',#13168,1.);
#6579=VECTOR('',#13171,1.);
#6580=VECTOR('',#13172,1.);
#6581=VECTOR('',#13173,1.);
#6582=VECTOR('',#13176,1.);
#6583=VECTOR('',#13177,1.);
#6584=VECTOR('',#13178,1.);
#6585=VECTOR('',#13181,1.);
#6586=VECTOR('',#13182,1.);
#6587=VECTOR('',#13191,1.);
#6588=VECTOR('',#13192,1.);
#6589=VECTOR('',#13193,1.);
#6590=VECTOR('',#13194,1.);
#6591=VECTOR('',#13197,1.);
#6592=VECTOR('',#13198,1.);
#6593=VECTOR('',#13199,1.);
#6594=VECTOR('',#13202,1.);
#6595=VECTOR('',#13203,1.);
#6596=VECTOR('',#13204,1.);
#6597=VECTOR('',#13207,1.);
#6598=VECTOR('',#13208,1.);
#6599=VECTOR('',#13217,1.);
#6600=VECTOR('',#13218,1.);
#6601=VECTOR('',#13219,1.);
#6602=VECTOR('',#13220,1.);
#6603=VECTOR('',#13223,1.);
#6604=VECTOR('',#13224,1.);
#6605=VECTOR('',#13225,1.);
#6606=VECTOR('',#13228,1.);
#6607=VECTOR('',#13229,1.);
#6608=VECTOR('',#13230,1.);
#6609=VECTOR('',#13233,1.);
#6610=VECTOR('',#13234,1.);
#6611=VECTOR('',#13243,1.);
#6612=VECTOR('',#13244,1.);
#6613=VECTOR('',#13245,1.);
#6614=VECTOR('',#13246,1.);
#6615=VECTOR('',#13249,1.);
#6616=VECTOR('',#13250,1.);
#6617=VECTOR('',#13251,1.);
#6618=VECTOR('',#13254,1.);
#6619=VECTOR('',#13255,1.);
#6620=VECTOR('',#13256,1.);
#6621=VECTOR('',#13259,1.);
#6622=VECTOR('',#13260,1.);
#6623=VECTOR('',#13269,1.);
#6624=VECTOR('',#13270,1.);
#6625=VECTOR('',#13271,1.);
#6626=VECTOR('',#13272,1.);
#6627=VECTOR('',#13275,1.);
#6628=VECTOR('',#13276,1.);
#6629=VECTOR('',#13277,1.);
#6630=VECTOR('',#13280,1.);
#6631=VECTOR('',#13281,1.);
#6632=VECTOR('',#13282,1.);
#6633=VECTOR('',#13285,1.);
#6634=VECTOR('',#13286,1.);
#6635=VECTOR('',#13295,1.);
#6636=VECTOR('',#13296,1.);
#6637=VECTOR('',#13297,1.);
#6638=VECTOR('',#13298,1.);
#6639=VECTOR('',#13301,1.);
#6640=VECTOR('',#13302,1.);
#6641=VECTOR('',#13303,1.);
#6642=VECTOR('',#13306,1.);
#6643=VECTOR('',#13307,1.);
#6644=VECTOR('',#13308,1.);
#6645=VECTOR('',#13311,1.);
#6646=VECTOR('',#13312,1.);
#6647=VECTOR('',#13321,1.);
#6648=VECTOR('',#13322,1.);
#6649=VECTOR('',#13323,1.);
#6650=VECTOR('',#13324,1.);
#6651=VECTOR('',#13327,1.);
#6652=VECTOR('',#13328,1.);
#6653=VECTOR('',#13329,1.);
#6654=VECTOR('',#13332,1.);
#6655=VECTOR('',#13333,1.);
#6656=VECTOR('',#13334,1.);
#6657=VECTOR('',#13337,1.);
#6658=VECTOR('',#13338,1.);
#6659=VECTOR('',#13347,1.);
#6660=VECTOR('',#13348,1.);
#6661=VECTOR('',#13349,1.);
#6662=VECTOR('',#13350,1.);
#6663=VECTOR('',#13353,1.);
#6664=VECTOR('',#13354,1.);
#6665=VECTOR('',#13355,1.);
#6666=VECTOR('',#13358,1.);
#6667=VECTOR('',#13359,1.);
#6668=VECTOR('',#13360,1.);
#6669=VECTOR('',#13363,1.);
#6670=VECTOR('',#13364,1.);
#6671=VECTOR('',#13373,1.);
#6672=VECTOR('',#13374,1.);
#6673=VECTOR('',#13375,1.);
#6674=VECTOR('',#13376,1.);
#6675=VECTOR('',#13379,1.);
#6676=VECTOR('',#13380,1.);
#6677=VECTOR('',#13381,1.);
#6678=VECTOR('',#13384,1.);
#6679=VECTOR('',#13385,1.);
#6680=VECTOR('',#13386,1.);
#6681=VECTOR('',#13389,1.);
#6682=VECTOR('',#13390,1.);
#6683=VECTOR('',#13399,1.);
#6684=VECTOR('',#13400,1.);
#6685=VECTOR('',#13401,1.);
#6686=VECTOR('',#13402,1.);
#6687=VECTOR('',#13405,1.);
#6688=VECTOR('',#13406,1.);
#6689=VECTOR('',#13407,1.);
#6690=VECTOR('',#13410,1.);
#6691=VECTOR('',#13411,1.);
#6692=VECTOR('',#13412,1.);
#6693=VECTOR('',#13415,1.);
#6694=VECTOR('',#13416,1.);
#6695=VECTOR('',#13425,1.);
#6696=VECTOR('',#13426,1.);
#6697=VECTOR('',#13427,1.);
#6698=VECTOR('',#13428,1.);
#6699=VECTOR('',#13431,1.);
#6700=VECTOR('',#13432,1.);
#6701=VECTOR('',#13433,1.);
#6702=VECTOR('',#13436,1.);
#6703=VECTOR('',#13437,1.);
#6704=VECTOR('',#13438,1.);
#6705=VECTOR('',#13441,1.);
#6706=VECTOR('',#13442,1.);
#6707=VECTOR('',#13451,1.);
#6708=VECTOR('',#13452,1.);
#6709=VECTOR('',#13453,1.);
#6710=VECTOR('',#13454,1.);
#6711=VECTOR('',#13457,1.);
#6712=VECTOR('',#13458,1.);
#6713=VECTOR('',#13459,1.);
#6714=VECTOR('',#13462,1.);
#6715=VECTOR('',#13463,1.);
#6716=VECTOR('',#13464,1.);
#6717=VECTOR('',#13467,1.);
#6718=VECTOR('',#13468,1.);
#6719=VECTOR('',#13477,1.);
#6720=VECTOR('',#13478,1.);
#6721=VECTOR('',#13479,1.);
#6722=VECTOR('',#13480,1.);
#6723=VECTOR('',#13483,1.);
#6724=VECTOR('',#13484,1.);
#6725=VECTOR('',#13485,1.);
#6726=VECTOR('',#13488,1.);
#6727=VECTOR('',#13489,1.);
#6728=VECTOR('',#13490,1.);
#6729=VECTOR('',#13493,1.);
#6730=VECTOR('',#13494,1.);
#6731=VECTOR('',#13503,1.);
#6732=VECTOR('',#13504,1.);
#6733=VECTOR('',#13505,1.);
#6734=VECTOR('',#13506,1.);
#6735=VECTOR('',#13509,1.);
#6736=VECTOR('',#13510,1.);
#6737=VECTOR('',#13511,1.);
#6738=VECTOR('',#13514,1.);
#6739=VECTOR('',#13515,1.);
#6740=VECTOR('',#13516,1.);
#6741=VECTOR('',#13519,1.);
#6742=VECTOR('',#13520,1.);
#6743=VECTOR('',#13529,1.);
#6744=VECTOR('',#13530,1.);
#6745=VECTOR('',#13531,1.);
#6746=VECTOR('',#13532,1.);
#6747=VECTOR('',#13535,1.);
#6748=VECTOR('',#13536,1.);
#6749=VECTOR('',#13537,1.);
#6750=VECTOR('',#13540,1.);
#6751=VECTOR('',#13541,1.);
#6752=VECTOR('',#13542,1.);
#6753=VECTOR('',#13545,1.);
#6754=VECTOR('',#13546,1.);
#6755=EDGE_LOOP('',(#313,#314,#315,#316));
#6756=EDGE_LOOP('',(#317,#318,#319,#320));
#6757=EDGE_LOOP('',(#321,#322,#323,#324));
#6758=EDGE_LOOP('',(#325,#326,#327,#328));
#6759=EDGE_LOOP('',(#329,#330,#331,#332));
#6760=EDGE_LOOP('',(#333,#334,#335,#336));
#6761=EDGE_LOOP('',(#337,#338,#339,#340));
#6762=EDGE_LOOP('',(#341,#342,#343,#344));
#6763=EDGE_LOOP('',(#345,#346,#347,#348));
#6764=EDGE_LOOP('',(#349,#350,#351,#352));
#6765=EDGE_LOOP('',(#353,#354,#355,#356));
#6766=EDGE_LOOP('',(#357,#358,#359,#360));
#6767=EDGE_LOOP('',(#361,#362,#363,#364));
#6768=EDGE_LOOP('',(#365,#366,#367,#368));
#6769=EDGE_LOOP('',(#369,#370,#371,#372));
#6770=EDGE_LOOP('',(#373,#374,#375,#376));
#6771=EDGE_LOOP('',(#377,#378,#379,#380));
#6772=EDGE_LOOP('',(#381,#382,#383,#384));
#6773=EDGE_LOOP('',(#385,#386,#387,#388));
#6774=EDGE_LOOP('',(#389,#390,#391,#392));
#6775=EDGE_LOOP('',(#393,#394,#395,#396));
#6776=EDGE_LOOP('',(#397,#398,#399,#400));
#6777=EDGE_LOOP('',(#401,#402,#403,#404));
#6778=EDGE_LOOP('',(#405,#406,#407,#408));
#6779=EDGE_LOOP('',(#409));
#6780=EDGE_LOOP('',(#410));
#6781=EDGE_LOOP('',(#411,#412,#413,#414));
#6782=EDGE_LOOP('',(#415,#416,#417,#418));
#6783=EDGE_LOOP('',(#419,#420,#421,#422));
#6784=EDGE_LOOP('',(#423,#424,#425,#426));
#6785=EDGE_LOOP('',(#427,#428,#429,#430));
#6786=EDGE_LOOP('',(#431));
#6787=EDGE_LOOP('',(#432,#433,#434,#435));
#6788=EDGE_LOOP('',(#436));
#6789=EDGE_LOOP('',(#437,#438,#439,#440));
#6790=EDGE_LOOP('',(#441,#442,#443,#444));
#6791=EDGE_LOOP('',(#445,#446,#447,#448));
#6792=EDGE_LOOP('',(#449,#450,#451,#452));
#6793=EDGE_LOOP('',(#453,#454,#455,#456));
#6794=EDGE_LOOP('',(#457,#458,#459,#460));
#6795=EDGE_LOOP('',(#461,#462,#463,#464));
#6796=EDGE_LOOP('',(#465,#466,#467,#468));
#6797=EDGE_LOOP('',(#469,#470,#471,#472));
#6798=EDGE_LOOP('',(#473,#474,#475,#476));
#6799=EDGE_LOOP('',(#477,#478,#479,#480));
#6800=EDGE_LOOP('',(#481,#482,#483,#484));
#6801=EDGE_LOOP('',(#485));
#6802=EDGE_LOOP('',(#486));
#6803=EDGE_LOOP('',(#487));
#6804=EDGE_LOOP('',(#488));
#6805=EDGE_LOOP('',(#489,#490,#491,#492));
#6806=EDGE_LOOP('',(#493,#494,#495,#496));
#6807=EDGE_LOOP('',(#497,#498,#499,#500));
#6808=EDGE_LOOP('',(#501,#502,#503,#504));
#6809=EDGE_LOOP('',(#505,#506,#507,#508));
#6810=EDGE_LOOP('',(#509,#510,#511,#512));
#6811=EDGE_LOOP('',(#513,#514,#515,#516));
#6812=EDGE_LOOP('',(#517,#518,#519,#520));
#6813=EDGE_LOOP('',(#521,#522,#523,#524));
#6814=EDGE_LOOP('',(#525,#526,#527,#528));
#6815=EDGE_LOOP('',(#529,#530,#531,#532));
#6816=EDGE_LOOP('',(#533,#534,#535,#536));
#6817=EDGE_LOOP('',(#537,#538,#539,#540));
#6818=EDGE_LOOP('',(#541,#542,#543,#544));
#6819=EDGE_LOOP('',(#545,#546,#547,#548));
#6820=EDGE_LOOP('',(#549,#550,#551,#552));
#6821=EDGE_LOOP('',(#553,#554,#555,#556));
#6822=EDGE_LOOP('',(#557,#558,#559,#560));
#6823=EDGE_LOOP('',(#561,#562,#563,#564));
#6824=EDGE_LOOP('',(#565,#566,#567,#568));
#6825=EDGE_LOOP('',(#569,#570,#571,#572));
#6826=EDGE_LOOP('',(#573,#574,#575,#576));
#6827=EDGE_LOOP('',(#577,#578,#579,#580));
#6828=EDGE_LOOP('',(#581,#582,#583,#584));
#6829=EDGE_LOOP('',(#585,#586,#587,#588));
#6830=EDGE_LOOP('',(#589,#590,#591,#592));
#6831=EDGE_LOOP('',(#593,#594,#595,#596));
#6832=EDGE_LOOP('',(#597,#598,#599,#600));
#6833=EDGE_LOOP('',(#601,#602,#603,#604));
#6834=EDGE_LOOP('',(#605,#606,#607,#608));
#6835=EDGE_LOOP('',(#609,#610,#611,#612));
#6836=EDGE_LOOP('',(#613,#614,#615,#616));
#6837=EDGE_LOOP('',(#617,#618,#619,#620));
#6838=EDGE_LOOP('',(#621,#622,#623,#624));
#6839=EDGE_LOOP('',(#625,#626,#627,#628,#629));
#6840=EDGE_LOOP('',(#630,#631,#632,#633));
#6841=EDGE_LOOP('',(#634,#635,#636,#637));
#6842=EDGE_LOOP('',(#638,#639,#640,#641));
#6843=EDGE_LOOP('',(#642,#643,#644,#645));
#6844=EDGE_LOOP('',(#646,#647,#648,#649));
#6845=EDGE_LOOP('',(#650,#651,#652,#653));
#6846=EDGE_LOOP('',(#654,#655,#656,#657));
#6847=EDGE_LOOP('',(#658,#659,#660,#661));
#6848=EDGE_LOOP('',(#662,#663,#664,#665));
#6849=EDGE_LOOP('',(#666,#667,#668,#669));
#6850=EDGE_LOOP('',(#670,#671,#672,#673));
#6851=EDGE_LOOP('',(#674,#675,#676,#677));
#6852=EDGE_LOOP('',(#678,#679,#680,#681));
#6853=EDGE_LOOP('',(#682,#683,#684,#685));
#6854=EDGE_LOOP('',(#686,#687,#688,#689));
#6855=EDGE_LOOP('',(#690,#691,#692,#693));
#6856=EDGE_LOOP('',(#694,#695,#696,#697));
#6857=EDGE_LOOP('',(#698,#699,#700,#701));
#6858=EDGE_LOOP('',(#702,#703,#704,#705));
#6859=EDGE_LOOP('',(#706,#707,#708,#709));
#6860=EDGE_LOOP('',(#710,#711,#712,#713));
#6861=EDGE_LOOP('',(#714,#715,#716,#717));
#6862=EDGE_LOOP('',(#718,#719,#720,#721));
#6863=EDGE_LOOP('',(#722,#723,#724,#725));
#6864=EDGE_LOOP('',(#726,#727,#728,#729));
#6865=EDGE_LOOP('',(#730,#731,#732,#733));
#6866=EDGE_LOOP('',(#734,#735,#736,#737));
#6867=EDGE_LOOP('',(#738,#739,#740,#741));
#6868=EDGE_LOOP('',(#742,#743,#744,#745));
#6869=EDGE_LOOP('',(#746,#747,#748,#749));
#6870=EDGE_LOOP('',(#750,#751,#752,#753));
#6871=EDGE_LOOP('',(#754,#755,#756,#757));
#6872=EDGE_LOOP('',(#758,#759,#760,#761));
#6873=EDGE_LOOP('',(#762,#763,#764,#765));
#6874=EDGE_LOOP('',(#766,#767,#768,#769));
#6875=EDGE_LOOP('',(#770,#771,#772,#773));
#6876=EDGE_LOOP('',(#774,#775,#776,#777));
#6877=EDGE_LOOP('',(#778,#779,#780,#781));
#6878=EDGE_LOOP('',(#782,#783,#784,#785));
#6879=EDGE_LOOP('',(#786,#787,#788,#789));
#6880=EDGE_LOOP('',(#790,#791,#792,#793));
#6881=EDGE_LOOP('',(#794,#795,#796,#797));
#6882=EDGE_LOOP('',(#798,#799,#800,#801));
#6883=EDGE_LOOP('',(#802,#803,#804,#805));
#6884=EDGE_LOOP('',(#806,#807,#808,#809));
#6885=EDGE_LOOP('',(#810,#811,#812,#813));
#6886=EDGE_LOOP('',(#814,#815,#816,#817));
#6887=EDGE_LOOP('',(#818,#819,#820,#821));
#6888=EDGE_LOOP('',(#822,#823,#824,#825));
#6889=EDGE_LOOP('',(#826,#827,#828,#829));
#6890=EDGE_LOOP('',(#830,#831,#832,#833));
#6891=EDGE_LOOP('',(#834,#835,#836,#837));
#6892=EDGE_LOOP('',(#838,#839,#840,#841));
#6893=EDGE_LOOP('',(#842,#843,#844,#845));
#6894=EDGE_LOOP('',(#846,#847,#848,#849));
#6895=EDGE_LOOP('',(#850,#851,#852,#853));
#6896=EDGE_LOOP('',(#854,#855,#856,#857));
#6897=EDGE_LOOP('',(#858,#859,#860,#861));
#6898=EDGE_LOOP('',(#862,#863,#864,#865));
#6899=EDGE_LOOP('',(#866,#867,#868,#869));
#6900=EDGE_LOOP('',(#870,#871,#872,#873));
#6901=EDGE_LOOP('',(#874,#875,#876,#877));
#6902=EDGE_LOOP('',(#878,#879,#880,#881));
#6903=EDGE_LOOP('',(#882,#883,#884,#885));
#6904=EDGE_LOOP('',(#886,#887,#888,#889));
#6905=EDGE_LOOP('',(#890,#891,#892,#893));
#6906=EDGE_LOOP('',(#894,#895,#896,#897));
#6907=EDGE_LOOP('',(#898,#899,#900,#901));
#6908=EDGE_LOOP('',(#902,#903,#904,#905));
#6909=EDGE_LOOP('',(#906,#907,#908,#909));
#6910=EDGE_LOOP('',(#910,#911,#912,#913));
#6911=EDGE_LOOP('',(#914,#915,#916,#917));
#6912=EDGE_LOOP('',(#918,#919,#920,#921));
#6913=EDGE_LOOP('',(#922,#923,#924,#925));
#6914=EDGE_LOOP('',(#926,#927,#928,#929));
#6915=EDGE_LOOP('',(#930,#931,#932,#933));
#6916=EDGE_LOOP('',(#934,#935,#936,#937));
#6917=EDGE_LOOP('',(#938,#939,#940,#941));
#6918=EDGE_LOOP('',(#942,#943,#944,#945));
#6919=EDGE_LOOP('',(#946,#947,#948,#949));
#6920=EDGE_LOOP('',(#950,#951,#952,#953));
#6921=EDGE_LOOP('',(#954,#955,#956,#957));
#6922=EDGE_LOOP('',(#958,#959,#960,#961));
#6923=EDGE_LOOP('',(#962,#963,#964,#965));
#6924=EDGE_LOOP('',(#966,#967,#968,#969));
#6925=EDGE_LOOP('',(#970,#971,#972,#973));
#6926=EDGE_LOOP('',(#974,#975,#976,#977));
#6927=EDGE_LOOP('',(#978,#979,#980,#981));
#6928=EDGE_LOOP('',(#982,#983,#984,#985));
#6929=EDGE_LOOP('',(#986,#987,#988,#989));
#6930=EDGE_LOOP('',(#990,#991,#992,#993));
#6931=EDGE_LOOP('',(#994,#995,#996,#997));
#6932=EDGE_LOOP('',(#998,#999,#1000,#1001));
#6933=EDGE_LOOP('',(#1002,#1003,#1004,#1005));
#6934=EDGE_LOOP('',(#1006,#1007,#1008,#1009));
#6935=EDGE_LOOP('',(#1010,#1011,#1012,#1013));
#6936=EDGE_LOOP('',(#1014,#1015,#1016,#1017));
#6937=EDGE_LOOP('',(#1018,#1019,#1020,#1021));
#6938=EDGE_LOOP('',(#1022,#1023,#1024,#1025));
#6939=EDGE_LOOP('',(#1026,#1027,#1028,#1029));
#6940=EDGE_LOOP('',(#1030,#1031,#1032,#1033));
#6941=EDGE_LOOP('',(#1034,#1035,#1036,#1037));
#6942=EDGE_LOOP('',(#1038,#1039,#1040,#1041));
#6943=EDGE_LOOP('',(#1042,#1043,#1044,#1045));
#6944=EDGE_LOOP('',(#1046,#1047,#1048,#1049));
#6945=EDGE_LOOP('',(#1050,#1051,#1052,#1053));
#6946=EDGE_LOOP('',(#1054,#1055,#1056,#1057));
#6947=EDGE_LOOP('',(#1058,#1059,#1060,#1061));
#6948=EDGE_LOOP('',(#1062,#1063,#1064,#1065));
#6949=EDGE_LOOP('',(#1066,#1067,#1068,#1069));
#6950=EDGE_LOOP('',(#1070,#1071,#1072,#1073));
#6951=EDGE_LOOP('',(#1074,#1075,#1076,#1077));
#6952=EDGE_LOOP('',(#1078,#1079,#1080,#1081));
#6953=EDGE_LOOP('',(#1082,#1083,#1084,#1085));
#6954=EDGE_LOOP('',(#1086,#1087,#1088,#1089));
#6955=EDGE_LOOP('',(#1090,#1091,#1092,#1093));
#6956=EDGE_LOOP('',(#1094,#1095,#1096,#1097));
#6957=EDGE_LOOP('',(#1098,#1099,#1100,#1101));
#6958=EDGE_LOOP('',(#1102,#1103,#1104,#1105));
#6959=EDGE_LOOP('',(#1106,#1107,#1108,#1109));
#6960=EDGE_LOOP('',(#1110,#1111,#1112,#1113));
#6961=EDGE_LOOP('',(#1114,#1115,#1116,#1117));
#6962=EDGE_LOOP('',(#1118,#1119,#1120,#1121));
#6963=EDGE_LOOP('',(#1122,#1123,#1124,#1125));
#6964=EDGE_LOOP('',(#1126,#1127,#1128,#1129));
#6965=EDGE_LOOP('',(#1130,#1131,#1132,#1133));
#6966=EDGE_LOOP('',(#1134,#1135,#1136,#1137));
#6967=EDGE_LOOP('',(#1138,#1139,#1140,#1141));
#6968=EDGE_LOOP('',(#1142,#1143,#1144,#1145));
#6969=EDGE_LOOP('',(#1146,#1147,#1148,#1149));
#6970=EDGE_LOOP('',(#1150,#1151,#1152,#1153));
#6971=EDGE_LOOP('',(#1154,#1155,#1156,#1157));
#6972=EDGE_LOOP('',(#1158,#1159,#1160,#1161));
#6973=EDGE_LOOP('',(#1162,#1163,#1164,#1165));
#6974=EDGE_LOOP('',(#1166,#1167,#1168,#1169));
#6975=EDGE_LOOP('',(#1170,#1171,#1172,#1173));
#6976=EDGE_LOOP('',(#1174,#1175,#1176,#1177));
#6977=EDGE_LOOP('',(#1178,#1179,#1180,#1181));
#6978=EDGE_LOOP('',(#1182,#1183,#1184,#1185));
#6979=EDGE_LOOP('',(#1186,#1187,#1188,#1189,#1190));
#6980=EDGE_LOOP('',(#1191,#1192,#1193,#1194));
#6981=EDGE_LOOP('',(#1195,#1196,#1197,#1198));
#6982=EDGE_LOOP('',(#1199,#1200,#1201,#1202));
#6983=EDGE_LOOP('',(#1203,#1204,#1205,#1206));
#6984=EDGE_LOOP('',(#1207,#1208,#1209,#1210));
#6985=EDGE_LOOP('',(#1211,#1212,#1213,#1214));
#6986=EDGE_LOOP('',(#1215,#1216,#1217,#1218));
#6987=EDGE_LOOP('',(#1219,#1220,#1221,#1222));
#6988=EDGE_LOOP('',(#1223,#1224,#1225,#1226));
#6989=EDGE_LOOP('',(#1227,#1228,#1229,#1230));
#6990=EDGE_LOOP('',(#1231,#1232,#1233,#1234));
#6991=EDGE_LOOP('',(#1235,#1236,#1237,#1238));
#6992=EDGE_LOOP('',(#1239,#1240,#1241,#1242));
#6993=EDGE_LOOP('',(#1243,#1244,#1245,#1246));
#6994=EDGE_LOOP('',(#1247,#1248,#1249,#1250));
#6995=EDGE_LOOP('',(#1251,#1252,#1253,#1254));
#6996=EDGE_LOOP('',(#1255,#1256,#1257,#1258));
#6997=EDGE_LOOP('',(#1259,#1260,#1261,#1262));
#6998=EDGE_LOOP('',(#1263,#1264,#1265,#1266));
#6999=EDGE_LOOP('',(#1267,#1268,#1269,#1270));
#7000=EDGE_LOOP('',(#1271,#1272,#1273,#1274));
#7001=EDGE_LOOP('',(#1275,#1276,#1277,#1278));
#7002=EDGE_LOOP('',(#1279,#1280,#1281,#1282));
#7003=EDGE_LOOP('',(#1283,#1284,#1285,#1286));
#7004=EDGE_LOOP('',(#1287,#1288,#1289,#1290));
#7005=EDGE_LOOP('',(#1291,#1292,#1293,#1294));
#7006=EDGE_LOOP('',(#1295,#1296,#1297,#1298));
#7007=EDGE_LOOP('',(#1299,#1300,#1301,#1302));
#7008=EDGE_LOOP('',(#1303,#1304,#1305,#1306));
#7009=EDGE_LOOP('',(#1307,#1308,#1309,#1310));
#7010=EDGE_LOOP('',(#1311,#1312,#1313,#1314));
#7011=EDGE_LOOP('',(#1315,#1316,#1317,#1318));
#7012=EDGE_LOOP('',(#1319,#1320,#1321,#1322));
#7013=EDGE_LOOP('',(#1323,#1324,#1325,#1326));
#7014=EDGE_LOOP('',(#1327,#1328,#1329,#1330));
#7015=EDGE_LOOP('',(#1331,#1332,#1333,#1334));
#7016=EDGE_LOOP('',(#1335,#1336,#1337,#1338));
#7017=EDGE_LOOP('',(#1339,#1340,#1341,#1342));
#7018=EDGE_LOOP('',(#1343,#1344,#1345,#1346));
#7019=EDGE_LOOP('',(#1347,#1348,#1349,#1350));
#7020=EDGE_LOOP('',(#1351,#1352,#1353,#1354));
#7021=EDGE_LOOP('',(#1355,#1356,#1357,#1358));
#7022=EDGE_LOOP('',(#1359,#1360,#1361,#1362));
#7023=EDGE_LOOP('',(#1363,#1364,#1365,#1366));
#7024=EDGE_LOOP('',(#1367,#1368,#1369,#1370));
#7025=EDGE_LOOP('',(#1371,#1372,#1373,#1374));
#7026=EDGE_LOOP('',(#1375,#1376,#1377,#1378));
#7027=EDGE_LOOP('',(#1379,#1380,#1381,#1382));
#7028=EDGE_LOOP('',(#1383,#1384,#1385,#1386));
#7029=EDGE_LOOP('',(#1387,#1388,#1389,#1390));
#7030=EDGE_LOOP('',(#1391,#1392,#1393,#1394));
#7031=EDGE_LOOP('',(#1395,#1396,#1397,#1398));
#7032=EDGE_LOOP('',(#1399,#1400,#1401,#1402));
#7033=EDGE_LOOP('',(#1403,#1404,#1405,#1406));
#7034=EDGE_LOOP('',(#1407,#1408,#1409,#1410));
#7035=EDGE_LOOP('',(#1411,#1412,#1413,#1414));
#7036=EDGE_LOOP('',(#1415,#1416,#1417,#1418));
#7037=EDGE_LOOP('',(#1419,#1420,#1421,#1422));
#7038=EDGE_LOOP('',(#1423,#1424,#1425,#1426));
#7039=EDGE_LOOP('',(#1427,#1428,#1429,#1430));
#7040=EDGE_LOOP('',(#1431,#1432,#1433,#1434));
#7041=EDGE_LOOP('',(#1435,#1436,#1437,#1438));
#7042=EDGE_LOOP('',(#1439,#1440,#1441,#1442));
#7043=EDGE_LOOP('',(#1443,#1444,#1445,#1446));
#7044=EDGE_LOOP('',(#1447,#1448,#1449,#1450));
#7045=EDGE_LOOP('',(#1451,#1452,#1453,#1454));
#7046=EDGE_LOOP('',(#1455,#1456,#1457,#1458));
#7047=EDGE_LOOP('',(#1459,#1460,#1461,#1462));
#7048=EDGE_LOOP('',(#1463,#1464,#1465,#1466));
#7049=EDGE_LOOP('',(#1467,#1468,#1469,#1470));
#7050=EDGE_LOOP('',(#1471,#1472,#1473,#1474));
#7051=EDGE_LOOP('',(#1475,#1476,#1477,#1478));
#7052=EDGE_LOOP('',(#1479,#1480,#1481,#1482));
#7053=EDGE_LOOP('',(#1483,#1484,#1485,#1486));
#7054=EDGE_LOOP('',(#1487,#1488,#1489,#1490));
#7055=EDGE_LOOP('',(#1491,#1492,#1493,#1494));
#7056=EDGE_LOOP('',(#1495,#1496,#1497,#1498));
#7057=EDGE_LOOP('',(#1499,#1500,#1501,#1502));
#7058=EDGE_LOOP('',(#1503,#1504,#1505,#1506));
#7059=EDGE_LOOP('',(#1507,#1508,#1509,#1510));
#7060=EDGE_LOOP('',(#1511,#1512,#1513,#1514));
#7061=EDGE_LOOP('',(#1515,#1516,#1517,#1518));
#7062=EDGE_LOOP('',(#1519,#1520,#1521,#1522));
#7063=EDGE_LOOP('',(#1523,#1524,#1525,#1526));
#7064=EDGE_LOOP('',(#1527,#1528,#1529,#1530));
#7065=EDGE_LOOP('',(#1531,#1532,#1533,#1534));
#7066=EDGE_LOOP('',(#1535,#1536,#1537,#1538));
#7067=EDGE_LOOP('',(#1539,#1540,#1541,#1542));
#7068=EDGE_LOOP('',(#1543,#1544,#1545,#1546));
#7069=EDGE_LOOP('',(#1547,#1548,#1549,#1550));
#7070=EDGE_LOOP('',(#1551,#1552,#1553,#1554));
#7071=EDGE_LOOP('',(#1555,#1556,#1557,#1558));
#7072=EDGE_LOOP('',(#1559,#1560,#1561,#1562));
#7073=EDGE_LOOP('',(#1563,#1564,#1565,#1566));
#7074=EDGE_LOOP('',(#1567,#1568,#1569,#1570));
#7075=EDGE_LOOP('',(#1571,#1572,#1573,#1574));
#7076=EDGE_LOOP('',(#1575,#1576,#1577,#1578));
#7077=EDGE_LOOP('',(#1579,#1580,#1581,#1582));
#7078=EDGE_LOOP('',(#1583,#1584,#1585,#1586));
#7079=EDGE_LOOP('',(#1587,#1588,#1589,#1590));
#7080=EDGE_LOOP('',(#1591,#1592,#1593,#1594));
#7081=EDGE_LOOP('',(#1595,#1596,#1597,#1598));
#7082=EDGE_LOOP('',(#1599,#1600,#1601,#1602));
#7083=EDGE_LOOP('',(#1603,#1604,#1605,#1606));
#7084=EDGE_LOOP('',(#1607,#1608,#1609,#1610));
#7085=EDGE_LOOP('',(#1611,#1612,#1613,#1614));
#7086=EDGE_LOOP('',(#1615,#1616,#1617,#1618));
#7087=EDGE_LOOP('',(#1619,#1620,#1621,#1622));
#7088=EDGE_LOOP('',(#1623,#1624,#1625,#1626));
#7089=EDGE_LOOP('',(#1627,#1628,#1629,#1630));
#7090=EDGE_LOOP('',(#1631,#1632,#1633,#1634));
#7091=EDGE_LOOP('',(#1635,#1636,#1637,#1638));
#7092=EDGE_LOOP('',(#1639,#1640,#1641,#1642));
#7093=EDGE_LOOP('',(#1643,#1644,#1645,#1646));
#7094=EDGE_LOOP('',(#1647,#1648,#1649,#1650));
#7095=EDGE_LOOP('',(#1651,#1652,#1653,#1654));
#7096=EDGE_LOOP('',(#1655,#1656,#1657,#1658));
#7097=EDGE_LOOP('',(#1659,#1660,#1661,#1662));
#7098=EDGE_LOOP('',(#1663,#1664,#1665,#1666));
#7099=EDGE_LOOP('',(#1667,#1668,#1669,#1670));
#7100=EDGE_LOOP('',(#1671,#1672,#1673,#1674));
#7101=EDGE_LOOP('',(#1675,#1676,#1677,#1678));
#7102=EDGE_LOOP('',(#1679,#1680,#1681,#1682));
#7103=EDGE_LOOP('',(#1683,#1684,#1685,#1686));
#7104=EDGE_LOOP('',(#1687,#1688,#1689,#1690));
#7105=EDGE_LOOP('',(#1691,#1692,#1693,#1694));
#7106=EDGE_LOOP('',(#1695,#1696,#1697,#1698));
#7107=EDGE_LOOP('',(#1699,#1700,#1701,#1702));
#7108=EDGE_LOOP('',(#1703,#1704,#1705,#1706));
#7109=EDGE_LOOP('',(#1707,#1708,#1709,#1710));
#7110=EDGE_LOOP('',(#1711,#1712,#1713,#1714));
#7111=EDGE_LOOP('',(#1715,#1716,#1717,#1718));
#7112=EDGE_LOOP('',(#1719,#1720,#1721,#1722));
#7113=EDGE_LOOP('',(#1723,#1724,#1725,#1726));
#7114=EDGE_LOOP('',(#1727,#1728,#1729,#1730));
#7115=EDGE_LOOP('',(#1731,#1732,#1733,#1734));
#7116=EDGE_LOOP('',(#1735,#1736,#1737,#1738));
#7117=EDGE_LOOP('',(#1739,#1740,#1741,#1742));
#7118=EDGE_LOOP('',(#1743,#1744,#1745,#1746));
#7119=EDGE_LOOP('',(#1747,#1748,#1749,#1750));
#7120=EDGE_LOOP('',(#1751,#1752,#1753,#1754));
#7121=EDGE_LOOP('',(#1755,#1756,#1757,#1758));
#7122=EDGE_LOOP('',(#1759,#1760,#1761,#1762));
#7123=EDGE_LOOP('',(#1763,#1764,#1765,#1766));
#7124=EDGE_LOOP('',(#1767,#1768,#1769,#1770));
#7125=EDGE_LOOP('',(#1771,#1772,#1773,#1774));
#7126=EDGE_LOOP('',(#1775,#1776,#1777,#1778));
#7127=EDGE_LOOP('',(#1779,#1780,#1781,#1782));
#7128=EDGE_LOOP('',(#1783,#1784,#1785,#1786));
#7129=EDGE_LOOP('',(#1787,#1788,#1789,#1790));
#7130=EDGE_LOOP('',(#1791,#1792,#1793,#1794));
#7131=EDGE_LOOP('',(#1795,#1796,#1797,#1798));
#7132=EDGE_LOOP('',(#1799,#1800,#1801,#1802));
#7133=EDGE_LOOP('',(#1803,#1804,#1805,#1806));
#7134=EDGE_LOOP('',(#1807,#1808,#1809,#1810));
#7135=EDGE_LOOP('',(#1811,#1812,#1813,#1814));
#7136=EDGE_LOOP('',(#1815,#1816,#1817,#1818));
#7137=EDGE_LOOP('',(#1819,#1820,#1821,#1822));
#7138=EDGE_LOOP('',(#1823,#1824,#1825,#1826));
#7139=EDGE_LOOP('',(#1827,#1828,#1829,#1830));
#7140=EDGE_LOOP('',(#1831,#1832,#1833,#1834));
#7141=EDGE_LOOP('',(#1835,#1836,#1837,#1838));
#7142=EDGE_LOOP('',(#1839,#1840,#1841,#1842));
#7143=EDGE_LOOP('',(#1843,#1844,#1845,#1846));
#7144=EDGE_LOOP('',(#1847,#1848,#1849,#1850));
#7145=EDGE_LOOP('',(#1851,#1852,#1853,#1854));
#7146=EDGE_LOOP('',(#1855,#1856,#1857,#1858));
#7147=EDGE_LOOP('',(#1859,#1860,#1861,#1862));
#7148=EDGE_LOOP('',(#1863,#1864,#1865,#1866));
#7149=EDGE_LOOP('',(#1867,#1868,#1869,#1870));
#7150=EDGE_LOOP('',(#1871,#1872,#1873,#1874));
#7151=EDGE_LOOP('',(#1875,#1876,#1877,#1878));
#7152=EDGE_LOOP('',(#1879,#1880,#1881,#1882));
#7153=EDGE_LOOP('',(#1883,#1884,#1885,#1886));
#7154=EDGE_LOOP('',(#1887,#1888,#1889,#1890));
#7155=EDGE_LOOP('',(#1891,#1892,#1893,#1894));
#7156=EDGE_LOOP('',(#1895,#1896,#1897,#1898));
#7157=EDGE_LOOP('',(#1899,#1900,#1901,#1902));
#7158=EDGE_LOOP('',(#1903,#1904,#1905,#1906));
#7159=EDGE_LOOP('',(#1907,#1908,#1909,#1910));
#7160=EDGE_LOOP('',(#1911,#1912,#1913,#1914));
#7161=EDGE_LOOP('',(#1915,#1916,#1917,#1918));
#7162=EDGE_LOOP('',(#1919,#1920,#1921,#1922));
#7163=EDGE_LOOP('',(#1923,#1924,#1925,#1926));
#7164=EDGE_LOOP('',(#1927,#1928,#1929,#1930));
#7165=EDGE_LOOP('',(#1931,#1932,#1933,#1934));
#7166=EDGE_LOOP('',(#1935,#1936,#1937,#1938));
#7167=EDGE_LOOP('',(#1939,#1940,#1941,#1942));
#7168=EDGE_LOOP('',(#1943,#1944,#1945,#1946));
#7169=EDGE_LOOP('',(#1947,#1948,#1949,#1950));
#7170=EDGE_LOOP('',(#1951,#1952,#1953,#1954));
#7171=EDGE_LOOP('',(#1955,#1956,#1957,#1958));
#7172=EDGE_LOOP('',(#1959,#1960,#1961,#1962));
#7173=EDGE_LOOP('',(#1963,#1964,#1965,#1966));
#7174=EDGE_LOOP('',(#1967,#1968,#1969,#1970));
#7175=EDGE_LOOP('',(#1971,#1972,#1973,#1974));
#7176=EDGE_LOOP('',(#1975,#1976,#1977,#1978));
#7177=EDGE_LOOP('',(#1979,#1980,#1981,#1982));
#7178=EDGE_LOOP('',(#1983,#1984,#1985,#1986));
#7179=EDGE_LOOP('',(#1987,#1988,#1989,#1990));
#7180=EDGE_LOOP('',(#1991,#1992,#1993,#1994));
#7181=EDGE_LOOP('',(#1995,#1996,#1997,#1998));
#7182=EDGE_LOOP('',(#1999,#2000,#2001,#2002));
#7183=EDGE_LOOP('',(#2003,#2004,#2005,#2006));
#7184=EDGE_LOOP('',(#2007,#2008,#2009,#2010));
#7185=EDGE_LOOP('',(#2011,#2012,#2013,#2014));
#7186=EDGE_LOOP('',(#2015,#2016,#2017,#2018));
#7187=EDGE_LOOP('',(#2019,#2020,#2021,#2022));
#7188=EDGE_LOOP('',(#2023,#2024,#2025,#2026));
#7189=EDGE_LOOP('',(#2027,#2028,#2029,#2030));
#7190=EDGE_LOOP('',(#2031,#2032,#2033,#2034));
#7191=EDGE_LOOP('',(#2035,#2036,#2037,#2038));
#7192=EDGE_LOOP('',(#2039,#2040,#2041,#2042));
#7193=EDGE_LOOP('',(#2043,#2044,#2045,#2046));
#7194=EDGE_LOOP('',(#2047,#2048,#2049,#2050));
#7195=EDGE_LOOP('',(#2051,#2052,#2053,#2054));
#7196=EDGE_LOOP('',(#2055,#2056,#2057,#2058));
#7197=EDGE_LOOP('',(#2059,#2060,#2061,#2062));
#7198=EDGE_LOOP('',(#2063,#2064,#2065,#2066));
#7199=EDGE_LOOP('',(#2067,#2068,#2069,#2070));
#7200=EDGE_LOOP('',(#2071,#2072,#2073,#2074));
#7201=EDGE_LOOP('',(#2075,#2076,#2077,#2078));
#7202=EDGE_LOOP('',(#2079,#2080,#2081,#2082));
#7203=EDGE_LOOP('',(#2083,#2084,#2085,#2086));
#7204=EDGE_LOOP('',(#2087,#2088,#2089,#2090));
#7205=EDGE_LOOP('',(#2091,#2092,#2093,#2094));
#7206=EDGE_LOOP('',(#2095,#2096,#2097,#2098));
#7207=EDGE_LOOP('',(#2099,#2100,#2101,#2102));
#7208=EDGE_LOOP('',(#2103,#2104,#2105,#2106));
#7209=EDGE_LOOP('',(#2107,#2108,#2109,#2110));
#7210=EDGE_LOOP('',(#2111,#2112,#2113,#2114));
#7211=EDGE_LOOP('',(#2115,#2116,#2117,#2118));
#7212=EDGE_LOOP('',(#2119,#2120,#2121,#2122));
#7213=EDGE_LOOP('',(#2123,#2124,#2125,#2126,#2127));
#7214=EDGE_LOOP('',(#2128,#2129,#2130,#2131,#2132));
#7215=EDGE_LOOP('',(#2133,#2134,#2135,#2136));
#7216=EDGE_LOOP('',(#2137,#2138,#2139,#2140));
#7217=EDGE_LOOP('',(#2141,#2142,#2143,#2144));
#7218=EDGE_LOOP('',(#2145,#2146,#2147,#2148));
#7219=EDGE_LOOP('',(#2149,#2150,#2151,#2152));
#7220=EDGE_LOOP('',(#2153,#2154,#2155,#2156));
#7221=EDGE_LOOP('',(#2157,#2158,#2159,#2160));
#7222=EDGE_LOOP('',(#2161,#2162,#2163,#2164));
#7223=EDGE_LOOP('',(#2165,#2166,#2167,#2168));
#7224=EDGE_LOOP('',(#2169,#2170,#2171,#2172));
#7225=EDGE_LOOP('',(#2173,#2174,#2175,#2176));
#7226=EDGE_LOOP('',(#2177,#2178,#2179,#2180));
#7227=EDGE_LOOP('',(#2181,#2182,#2183,#2184));
#7228=EDGE_LOOP('',(#2185,#2186,#2187,#2188));
#7229=EDGE_LOOP('',(#2189,#2190,#2191,#2192));
#7230=EDGE_LOOP('',(#2193,#2194,#2195,#2196));
#7231=EDGE_LOOP('',(#2197,#2198,#2199,#2200));
#7232=EDGE_LOOP('',(#2201,#2202,#2203,#2204));
#7233=EDGE_LOOP('',(#2205,#2206,#2207,#2208));
#7234=EDGE_LOOP('',(#2209,#2210,#2211,#2212));
#7235=EDGE_LOOP('',(#2213,#2214,#2215,#2216));
#7236=EDGE_LOOP('',(#2217,#2218,#2219,#2220));
#7237=EDGE_LOOP('',(#2221,#2222,#2223,#2224));
#7238=EDGE_LOOP('',(#2225,#2226,#2227,#2228));
#7239=EDGE_LOOP('',(#2229,#2230,#2231,#2232));
#7240=EDGE_LOOP('',(#2233,#2234,#2235,#2236));
#7241=EDGE_LOOP('',(#2237,#2238,#2239,#2240));
#7242=EDGE_LOOP('',(#2241,#2242,#2243,#2244));
#7243=EDGE_LOOP('',(#2245,#2246,#2247,#2248));
#7244=EDGE_LOOP('',(#2249,#2250,#2251,#2252));
#7245=EDGE_LOOP('',(#2253,#2254,#2255,#2256));
#7246=EDGE_LOOP('',(#2257,#2258,#2259,#2260));
#7247=EDGE_LOOP('',(#2261,#2262,#2263,#2264));
#7248=EDGE_LOOP('',(#2265,#2266,#2267,#2268));
#7249=EDGE_LOOP('',(#2269,#2270,#2271,#2272));
#7250=EDGE_LOOP('',(#2273,#2274,#2275,#2276));
#7251=EDGE_LOOP('',(#2277,#2278,#2279,#2280));
#7252=EDGE_LOOP('',(#2281,#2282,#2283,#2284));
#7253=EDGE_LOOP('',(#2285,#2286,#2287,#2288));
#7254=EDGE_LOOP('',(#2289,#2290,#2291,#2292));
#7255=EDGE_LOOP('',(#2293,#2294,#2295,#2296));
#7256=EDGE_LOOP('',(#2297,#2298,#2299,#2300));
#7257=EDGE_LOOP('',(#2301,#2302,#2303,#2304));
#7258=EDGE_LOOP('',(#2305,#2306,#2307,#2308));
#7259=EDGE_LOOP('',(#2309,#2310,#2311,#2312));
#7260=EDGE_LOOP('',(#2313,#2314,#2315,#2316));
#7261=EDGE_LOOP('',(#2317,#2318,#2319,#2320));
#7262=EDGE_LOOP('',(#2321,#2322,#2323,#2324));
#7263=EDGE_LOOP('',(#2325,#2326,#2327,#2328));
#7264=EDGE_LOOP('',(#2329,#2330,#2331,#2332));
#7265=EDGE_LOOP('',(#2333,#2334,#2335,#2336));
#7266=EDGE_LOOP('',(#2337,#2338,#2339,#2340));
#7267=EDGE_LOOP('',(#2341,#2342,#2343,#2344));
#7268=EDGE_LOOP('',(#2345,#2346,#2347,#2348));
#7269=EDGE_LOOP('',(#2349,#2350,#2351,#2352));
#7270=EDGE_LOOP('',(#2353,#2354,#2355,#2356));
#7271=EDGE_LOOP('',(#2357,#2358,#2359,#2360));
#7272=EDGE_LOOP('',(#2361,#2362,#2363,#2364));
#7273=EDGE_LOOP('',(#2365,#2366,#2367,#2368));
#7274=EDGE_LOOP('',(#2369,#2370,#2371,#2372));
#7275=EDGE_LOOP('',(#2373,#2374,#2375,#2376));
#7276=EDGE_LOOP('',(#2377,#2378,#2379,#2380));
#7277=EDGE_LOOP('',(#2381,#2382,#2383,#2384));
#7278=EDGE_LOOP('',(#2385,#2386,#2387,#2388));
#7279=EDGE_LOOP('',(#2389,#2390,#2391,#2392));
#7280=EDGE_LOOP('',(#2393,#2394,#2395,#2396));
#7281=EDGE_LOOP('',(#2397,#2398,#2399,#2400));
#7282=EDGE_LOOP('',(#2401,#2402,#2403,#2404));
#7283=EDGE_LOOP('',(#2405,#2406,#2407,#2408));
#7284=EDGE_LOOP('',(#2409,#2410,#2411,#2412));
#7285=EDGE_LOOP('',(#2413,#2414,#2415,#2416));
#7286=EDGE_LOOP('',(#2417,#2418,#2419,#2420));
#7287=EDGE_LOOP('',(#2421,#2422,#2423,#2424));
#7288=EDGE_LOOP('',(#2425,#2426,#2427,#2428));
#7289=EDGE_LOOP('',(#2429,#2430,#2431,#2432));
#7290=EDGE_LOOP('',(#2433,#2434,#2435,#2436));
#7291=EDGE_LOOP('',(#2437,#2438,#2439,#2440));
#7292=EDGE_LOOP('',(#2441,#2442,#2443,#2444));
#7293=EDGE_LOOP('',(#2445,#2446,#2447,#2448));
#7294=EDGE_LOOP('',(#2449,#2450,#2451,#2452));
#7295=EDGE_LOOP('',(#2453,#2454,#2455,#2456));
#7296=EDGE_LOOP('',(#2457,#2458,#2459,#2460));
#7297=EDGE_LOOP('',(#2461,#2462,#2463,#2464));
#7298=EDGE_LOOP('',(#2465,#2466,#2467,#2468));
#7299=EDGE_LOOP('',(#2469,#2470,#2471,#2472));
#7300=EDGE_LOOP('',(#2473,#2474,#2475,#2476));
#7301=EDGE_LOOP('',(#2477,#2478,#2479,#2480));
#7302=EDGE_LOOP('',(#2481,#2482,#2483,#2484));
#7303=EDGE_LOOP('',(#2485,#2486,#2487,#2488));
#7304=EDGE_LOOP('',(#2489,#2490,#2491,#2492));
#7305=EDGE_LOOP('',(#2493,#2494,#2495,#2496));
#7306=EDGE_LOOP('',(#2497,#2498,#2499,#2500));
#7307=EDGE_LOOP('',(#2501,#2502,#2503,#2504));
#7308=EDGE_LOOP('',(#2505,#2506,#2507,#2508));
#7309=EDGE_LOOP('',(#2509,#2510,#2511,#2512));
#7310=EDGE_LOOP('',(#2513,#2514,#2515,#2516));
#7311=EDGE_LOOP('',(#2517,#2518,#2519,#2520));
#7312=EDGE_LOOP('',(#2521,#2522,#2523,#2524));
#7313=EDGE_LOOP('',(#2525,#2526,#2527,#2528));
#7314=EDGE_LOOP('',(#2529,#2530,#2531,#2532));
#7315=EDGE_LOOP('',(#2533,#2534,#2535,#2536));
#7316=EDGE_LOOP('',(#2537,#2538,#2539,#2540));
#7317=EDGE_LOOP('',(#2541,#2542,#2543,#2544));
#7318=EDGE_LOOP('',(#2545,#2546,#2547,#2548));
#7319=EDGE_LOOP('',(#2549,#2550,#2551,#2552));
#7320=EDGE_LOOP('',(#2553,#2554,#2555,#2556));
#7321=EDGE_LOOP('',(#2557,#2558,#2559,#2560));
#7322=EDGE_LOOP('',(#2561,#2562,#2563,#2564));
#7323=EDGE_LOOP('',(#2565,#2566,#2567,#2568));
#7324=EDGE_LOOP('',(#2569,#2570,#2571,#2572));
#7325=EDGE_LOOP('',(#2573,#2574,#2575,#2576));
#7326=EDGE_LOOP('',(#2577,#2578,#2579,#2580));
#7327=EDGE_LOOP('',(#2581,#2582,#2583,#2584));
#7328=EDGE_LOOP('',(#2585,#2586,#2587,#2588));
#7329=FACE_BOUND('',#6755,.T.);
#7330=FACE_BOUND('',#6756,.T.);
#7331=FACE_BOUND('',#6757,.T.);
#7332=FACE_BOUND('',#6758,.T.);
#7333=FACE_BOUND('',#6759,.T.);
#7334=FACE_BOUND('',#6760,.T.);
#7335=FACE_BOUND('',#6761,.T.);
#7336=FACE_BOUND('',#6762,.T.);
#7337=FACE_BOUND('',#6763,.T.);
#7338=FACE_BOUND('',#6764,.T.);
#7339=FACE_BOUND('',#6765,.T.);
#7340=FACE_BOUND('',#6766,.T.);
#7341=FACE_BOUND('',#6767,.T.);
#7342=FACE_BOUND('',#6768,.T.);
#7343=FACE_BOUND('',#6769,.T.);
#7344=FACE_BOUND('',#6770,.T.);
#7345=FACE_BOUND('',#6771,.T.);
#7346=FACE_BOUND('',#6772,.T.);
#7347=FACE_BOUND('',#6773,.T.);
#7348=FACE_BOUND('',#6774,.T.);
#7349=FACE_BOUND('',#6775,.T.);
#7350=FACE_BOUND('',#6776,.T.);
#7351=FACE_BOUND('',#6777,.T.);
#7352=FACE_BOUND('',#6778,.T.);
#7353=FACE_BOUND('',#6779,.T.);
#7354=FACE_BOUND('',#6780,.T.);
#7355=FACE_BOUND('',#6781,.T.);
#7356=FACE_BOUND('',#6782,.T.);
#7357=FACE_BOUND('',#6783,.T.);
#7358=FACE_BOUND('',#6784,.T.);
#7359=FACE_BOUND('',#6785,.T.);
#7360=FACE_BOUND('',#6786,.T.);
#7361=FACE_BOUND('',#6787,.T.);
#7362=FACE_BOUND('',#6788,.T.);
#7363=FACE_BOUND('',#6789,.T.);
#7364=FACE_BOUND('',#6790,.T.);
#7365=FACE_BOUND('',#6791,.T.);
#7366=FACE_BOUND('',#6792,.T.);
#7367=FACE_BOUND('',#6793,.T.);
#7368=FACE_BOUND('',#6794,.T.);
#7369=FACE_BOUND('',#6795,.T.);
#7370=FACE_BOUND('',#6796,.T.);
#7371=FACE_BOUND('',#6797,.T.);
#7372=FACE_BOUND('',#6798,.T.);
#7373=FACE_BOUND('',#6799,.T.);
#7374=FACE_BOUND('',#6800,.T.);
#7375=FACE_BOUND('',#6801,.T.);
#7376=FACE_BOUND('',#6802,.T.);
#7377=FACE_BOUND('',#6803,.T.);
#7378=FACE_BOUND('',#6804,.T.);
#7379=FACE_BOUND('',#6805,.T.);
#7380=FACE_BOUND('',#6806,.T.);
#7381=FACE_BOUND('',#6807,.T.);
#7382=FACE_BOUND('',#6808,.T.);
#7383=FACE_BOUND('',#6809,.T.);
#7384=FACE_BOUND('',#6810,.T.);
#7385=FACE_BOUND('',#6811,.T.);
#7386=FACE_BOUND('',#6812,.T.);
#7387=FACE_BOUND('',#6813,.T.);
#7388=FACE_BOUND('',#6814,.T.);
#7389=FACE_BOUND('',#6815,.T.);
#7390=FACE_BOUND('',#6816,.T.);
#7391=FACE_BOUND('',#6817,.T.);
#7392=FACE_BOUND('',#6818,.T.);
#7393=FACE_BOUND('',#6819,.T.);
#7394=FACE_BOUND('',#6820,.T.);
#7395=FACE_BOUND('',#6821,.T.);
#7396=FACE_BOUND('',#6822,.T.);
#7397=FACE_BOUND('',#6823,.T.);
#7398=FACE_BOUND('',#6824,.T.);
#7399=FACE_BOUND('',#6825,.T.);
#7400=FACE_BOUND('',#6826,.T.);
#7401=FACE_BOUND('',#6827,.T.);
#7402=FACE_BOUND('',#6828,.T.);
#7403=FACE_BOUND('',#6829,.T.);
#7404=FACE_BOUND('',#6830,.T.);
#7405=FACE_BOUND('',#6831,.T.);
#7406=FACE_BOUND('',#6832,.T.);
#7407=FACE_BOUND('',#6833,.T.);
#7408=FACE_BOUND('',#6834,.T.);
#7409=FACE_BOUND('',#6835,.T.);
#7410=FACE_BOUND('',#6836,.T.);
#7411=FACE_BOUND('',#6837,.T.);
#7412=FACE_BOUND('',#6838,.T.);
#7413=FACE_BOUND('',#6839,.T.);
#7414=FACE_BOUND('',#6840,.T.);
#7415=FACE_BOUND('',#6841,.T.);
#7416=FACE_BOUND('',#6842,.T.);
#7417=FACE_BOUND('',#6843,.T.);
#7418=FACE_BOUND('',#6844,.T.);
#7419=FACE_BOUND('',#6845,.T.);
#7420=FACE_BOUND('',#6846,.T.);
#7421=FACE_BOUND('',#6847,.T.);
#7422=FACE_BOUND('',#6848,.T.);
#7423=FACE_BOUND('',#6849,.T.);
#7424=FACE_BOUND('',#6850,.T.);
#7425=FACE_BOUND('',#6851,.T.);
#7426=FACE_BOUND('',#6852,.T.);
#7427=FACE_BOUND('',#6853,.T.);
#7428=FACE_BOUND('',#6854,.T.);
#7429=FACE_BOUND('',#6855,.T.);
#7430=FACE_BOUND('',#6856,.T.);
#7431=FACE_BOUND('',#6857,.T.);
#7432=FACE_BOUND('',#6858,.T.);
#7433=FACE_BOUND('',#6859,.T.);
#7434=FACE_BOUND('',#6860,.T.);
#7435=FACE_BOUND('',#6861,.T.);
#7436=FACE_BOUND('',#6862,.T.);
#7437=FACE_BOUND('',#6863,.T.);
#7438=FACE_BOUND('',#6864,.T.);
#7439=FACE_BOUND('',#6865,.T.);
#7440=FACE_BOUND('',#6866,.T.);
#7441=FACE_BOUND('',#6867,.T.);
#7442=FACE_BOUND('',#6868,.T.);
#7443=FACE_BOUND('',#6869,.T.);
#7444=FACE_BOUND('',#6870,.T.);
#7445=FACE_BOUND('',#6871,.T.);
#7446=FACE_BOUND('',#6872,.T.);
#7447=FACE_BOUND('',#6873,.T.);
#7448=FACE_BOUND('',#6874,.T.);
#7449=FACE_BOUND('',#6875,.T.);
#7450=FACE_BOUND('',#6876,.T.);
#7451=FACE_BOUND('',#6877,.T.);
#7452=FACE_BOUND('',#6878,.T.);
#7453=FACE_BOUND('',#6879,.T.);
#7454=FACE_BOUND('',#6880,.T.);
#7455=FACE_BOUND('',#6881,.T.);
#7456=FACE_BOUND('',#6882,.T.);
#7457=FACE_BOUND('',#6883,.T.);
#7458=FACE_BOUND('',#6884,.T.);
#7459=FACE_BOUND('',#6885,.T.);
#7460=FACE_BOUND('',#6886,.T.);
#7461=FACE_BOUND('',#6887,.T.);
#7462=FACE_BOUND('',#6888,.T.);
#7463=FACE_BOUND('',#6889,.T.);
#7464=FACE_BOUND('',#6890,.T.);
#7465=FACE_BOUND('',#6891,.T.);
#7466=FACE_BOUND('',#6892,.T.);
#7467=FACE_BOUND('',#6893,.T.);
#7468=FACE_BOUND('',#6894,.T.);
#7469=FACE_BOUND('',#6895,.T.);
#7470=FACE_BOUND('',#6896,.T.);
#7471=FACE_BOUND('',#6897,.T.);
#7472=FACE_BOUND('',#6898,.T.);
#7473=FACE_BOUND('',#6899,.T.);
#7474=FACE_BOUND('',#6900,.T.);
#7475=FACE_BOUND('',#6901,.T.);
#7476=FACE_BOUND('',#6902,.T.);
#7477=FACE_BOUND('',#6903,.T.);
#7478=FACE_BOUND('',#6904,.T.);
#7479=FACE_BOUND('',#6905,.T.);
#7480=FACE_BOUND('',#6906,.T.);
#7481=FACE_BOUND('',#6907,.T.);
#7482=FACE_BOUND('',#6908,.T.);
#7483=FACE_BOUND('',#6909,.T.);
#7484=FACE_BOUND('',#6910,.T.);
#7485=FACE_BOUND('',#6911,.T.);
#7486=FACE_BOUND('',#6912,.T.);
#7487=FACE_BOUND('',#6913,.T.);
#7488=FACE_BOUND('',#6914,.T.);
#7489=FACE_BOUND('',#6915,.T.);
#7490=FACE_BOUND('',#6916,.T.);
#7491=FACE_BOUND('',#6917,.T.);
#7492=FACE_BOUND('',#6918,.T.);
#7493=FACE_BOUND('',#6919,.T.);
#7494=FACE_BOUND('',#6920,.T.);
#7495=FACE_BOUND('',#6921,.T.);
#7496=FACE_BOUND('',#6922,.T.);
#7497=FACE_BOUND('',#6923,.T.);
#7498=FACE_BOUND('',#6924,.T.);
#7499=FACE_BOUND('',#6925,.T.);
#7500=FACE_BOUND('',#6926,.T.);
#7501=FACE_BOUND('',#6927,.T.);
#7502=FACE_BOUND('',#6928,.T.);
#7503=FACE_BOUND('',#6929,.T.);
#7504=FACE_BOUND('',#6930,.T.);
#7505=FACE_BOUND('',#6931,.T.);
#7506=FACE_BOUND('',#6932,.T.);
#7507=FACE_BOUND('',#6933,.T.);
#7508=FACE_BOUND('',#6934,.T.);
#7509=FACE_BOUND('',#6935,.T.);
#7510=FACE_BOUND('',#6936,.T.);
#7511=FACE_BOUND('',#6937,.T.);
#7512=FACE_BOUND('',#6938,.T.);
#7513=FACE_BOUND('',#6939,.T.);
#7514=FACE_BOUND('',#6940,.T.);
#7515=FACE_BOUND('',#6941,.T.);
#7516=FACE_BOUND('',#6942,.T.);
#7517=FACE_BOUND('',#6943,.T.);
#7518=FACE_BOUND('',#6944,.T.);
#7519=FACE_BOUND('',#6945,.T.);
#7520=FACE_BOUND('',#6946,.T.);
#7521=FACE_BOUND('',#6947,.T.);
#7522=FACE_BOUND('',#6948,.T.);
#7523=FACE_BOUND('',#6949,.T.);
#7524=FACE_BOUND('',#6950,.T.);
#7525=FACE_BOUND('',#6951,.T.);
#7526=FACE_BOUND('',#6952,.T.);
#7527=FACE_BOUND('',#6953,.T.);
#7528=FACE_BOUND('',#6954,.T.);
#7529=FACE_BOUND('',#6955,.T.);
#7530=FACE_BOUND('',#6956,.T.);
#7531=FACE_BOUND('',#6957,.T.);
#7532=FACE_BOUND('',#6958,.T.);
#7533=FACE_BOUND('',#6959,.T.);
#7534=FACE_BOUND('',#6960,.T.);
#7535=FACE_BOUND('',#6961,.T.);
#7536=FACE_BOUND('',#6962,.T.);
#7537=FACE_BOUND('',#6963,.T.);
#7538=FACE_BOUND('',#6964,.T.);
#7539=FACE_BOUND('',#6965,.T.);
#7540=FACE_BOUND('',#6966,.T.);
#7541=FACE_BOUND('',#6967,.T.);
#7542=FACE_BOUND('',#6968,.T.);
#7543=FACE_BOUND('',#6969,.T.);
#7544=FACE_BOUND('',#6970,.T.);
#7545=FACE_BOUND('',#6971,.T.);
#7546=FACE_BOUND('',#6972,.T.);
#7547=FACE_BOUND('',#6973,.T.);
#7548=FACE_BOUND('',#6974,.T.);
#7549=FACE_BOUND('',#6975,.T.);
#7550=FACE_BOUND('',#6976,.T.);
#7551=FACE_BOUND('',#6977,.T.);
#7552=FACE_BOUND('',#6978,.T.);
#7553=FACE_BOUND('',#6979,.T.);
#7554=FACE_BOUND('',#6980,.T.);
#7555=FACE_BOUND('',#6981,.T.);
#7556=FACE_BOUND('',#6982,.T.);
#7557=FACE_BOUND('',#6983,.T.);
#7558=FACE_BOUND('',#6984,.T.);
#7559=FACE_BOUND('',#6985,.T.);
#7560=FACE_BOUND('',#6986,.T.);
#7561=FACE_BOUND('',#6987,.T.);
#7562=FACE_BOUND('',#6988,.T.);
#7563=FACE_BOUND('',#6989,.T.);
#7564=FACE_BOUND('',#6990,.T.);
#7565=FACE_BOUND('',#6991,.T.);
#7566=FACE_BOUND('',#6992,.T.);
#7567=FACE_BOUND('',#6993,.T.);
#7568=FACE_BOUND('',#6994,.T.);
#7569=FACE_BOUND('',#6995,.T.);
#7570=FACE_BOUND('',#6996,.T.);
#7571=FACE_BOUND('',#6997,.T.);
#7572=FACE_BOUND('',#6998,.T.);
#7573=FACE_BOUND('',#6999,.T.);
#7574=FACE_BOUND('',#7000,.T.);
#7575=FACE_BOUND('',#7001,.T.);
#7576=FACE_BOUND('',#7002,.T.);
#7577=FACE_BOUND('',#7003,.T.);
#7578=FACE_BOUND('',#7004,.T.);
#7579=FACE_BOUND('',#7005,.T.);
#7580=FACE_BOUND('',#7006,.T.);
#7581=FACE_BOUND('',#7007,.T.);
#7582=FACE_BOUND('',#7008,.T.);
#7583=FACE_BOUND('',#7009,.T.);
#7584=FACE_BOUND('',#7010,.T.);
#7585=FACE_BOUND('',#7011,.T.);
#7586=FACE_BOUND('',#7012,.T.);
#7587=FACE_BOUND('',#7013,.T.);
#7588=FACE_BOUND('',#7014,.T.);
#7589=FACE_BOUND('',#7015,.T.);
#7590=FACE_BOUND('',#7016,.T.);
#7591=FACE_BOUND('',#7017,.T.);
#7592=FACE_BOUND('',#7018,.T.);
#7593=FACE_BOUND('',#7019,.T.);
#7594=FACE_BOUND('',#7020,.T.);
#7595=FACE_BOUND('',#7021,.T.);
#7596=FACE_BOUND('',#7022,.T.);
#7597=FACE_BOUND('',#7023,.T.);
#7598=FACE_BOUND('',#7024,.T.);
#7599=FACE_BOUND('',#7025,.T.);
#7600=FACE_BOUND('',#7026,.T.);
#7601=FACE_BOUND('',#7027,.T.);
#7602=FACE_BOUND('',#7028,.T.);
#7603=FACE_BOUND('',#7029,.T.);
#7604=FACE_BOUND('',#7030,.T.);
#7605=FACE_BOUND('',#7031,.T.);
#7606=FACE_BOUND('',#7032,.T.);
#7607=FACE_BOUND('',#7033,.T.);
#7608=FACE_BOUND('',#7034,.T.);
#7609=FACE_BOUND('',#7035,.T.);
#7610=FACE_BOUND('',#7036,.T.);
#7611=FACE_BOUND('',#7037,.T.);
#7612=FACE_BOUND('',#7038,.T.);
#7613=FACE_BOUND('',#7039,.T.);
#7614=FACE_BOUND('',#7040,.T.);
#7615=FACE_BOUND('',#7041,.T.);
#7616=FACE_BOUND('',#7042,.T.);
#7617=FACE_BOUND('',#7043,.T.);
#7618=FACE_BOUND('',#7044,.T.);
#7619=FACE_BOUND('',#7045,.T.);
#7620=FACE_BOUND('',#7046,.T.);
#7621=FACE_BOUND('',#7047,.T.);
#7622=FACE_BOUND('',#7048,.T.);
#7623=FACE_BOUND('',#7049,.T.);
#7624=FACE_BOUND('',#7050,.T.);
#7625=FACE_BOUND('',#7051,.T.);
#7626=FACE_BOUND('',#7052,.T.);
#7627=FACE_BOUND('',#7053,.T.);
#7628=FACE_BOUND('',#7054,.T.);
#7629=FACE_BOUND('',#7055,.T.);
#7630=FACE_BOUND('',#7056,.T.);
#7631=FACE_BOUND('',#7057,.T.);
#7632=FACE_BOUND('',#7058,.T.);
#7633=FACE_BOUND('',#7059,.T.);
#7634=FACE_BOUND('',#7060,.T.);
#7635=FACE_BOUND('',#7061,.T.);
#7636=FACE_BOUND('',#7062,.T.);
#7637=FACE_BOUND('',#7063,.T.);
#7638=FACE_BOUND('',#7064,.T.);
#7639=FACE_BOUND('',#7065,.T.);
#7640=FACE_BOUND('',#7066,.T.);
#7641=FACE_BOUND('',#7067,.T.);
#7642=FACE_BOUND('',#7068,.T.);
#7643=FACE_BOUND('',#7069,.T.);
#7644=FACE_BOUND('',#7070,.T.);
#7645=FACE_BOUND('',#7071,.T.);
#7646=FACE_BOUND('',#7072,.T.);
#7647=FACE_BOUND('',#7073,.T.);
#7648=FACE_BOUND('',#7074,.T.);
#7649=FACE_BOUND('',#7075,.T.);
#7650=FACE_BOUND('',#7076,.T.);
#7651=FACE_BOUND('',#7077,.T.);
#7652=FACE_BOUND('',#7078,.T.);
#7653=FACE_BOUND('',#7079,.T.);
#7654=FACE_BOUND('',#7080,.T.);
#7655=FACE_BOUND('',#7081,.T.);
#7656=FACE_BOUND('',#7082,.T.);
#7657=FACE_BOUND('',#7083,.T.);
#7658=FACE_BOUND('',#7084,.T.);
#7659=FACE_BOUND('',#7085,.T.);
#7660=FACE_BOUND('',#7086,.T.);
#7661=FACE_BOUND('',#7087,.T.);
#7662=FACE_BOUND('',#7088,.T.);
#7663=FACE_BOUND('',#7089,.T.);
#7664=FACE_BOUND('',#7090,.T.);
#7665=FACE_BOUND('',#7091,.T.);
#7666=FACE_BOUND('',#7092,.T.);
#7667=FACE_BOUND('',#7093,.T.);
#7668=FACE_BOUND('',#7094,.T.);
#7669=FACE_BOUND('',#7095,.T.);
#7670=FACE_BOUND('',#7096,.T.);
#7671=FACE_BOUND('',#7097,.T.);
#7672=FACE_BOUND('',#7098,.T.);
#7673=FACE_BOUND('',#7099,.T.);
#7674=FACE_BOUND('',#7100,.T.);
#7675=FACE_BOUND('',#7101,.T.);
#7676=FACE_BOUND('',#7102,.T.);
#7677=FACE_BOUND('',#7103,.T.);
#7678=FACE_BOUND('',#7104,.T.);
#7679=FACE_BOUND('',#7105,.T.);
#7680=FACE_BOUND('',#7106,.T.);
#7681=FACE_BOUND('',#7107,.T.);
#7682=FACE_BOUND('',#7108,.T.);
#7683=FACE_BOUND('',#7109,.T.);
#7684=FACE_BOUND('',#7110,.T.);
#7685=FACE_BOUND('',#7111,.T.);
#7686=FACE_BOUND('',#7112,.T.);
#7687=FACE_BOUND('',#7113,.T.);
#7688=FACE_BOUND('',#7114,.T.);
#7689=FACE_BOUND('',#7115,.T.);
#7690=FACE_BOUND('',#7116,.T.);
#7691=FACE_BOUND('',#7117,.T.);
#7692=FACE_BOUND('',#7118,.T.);
#7693=FACE_BOUND('',#7119,.T.);
#7694=FACE_BOUND('',#7120,.T.);
#7695=FACE_BOUND('',#7121,.T.);
#7696=FACE_BOUND('',#7122,.T.);
#7697=FACE_BOUND('',#7123,.T.);
#7698=FACE_BOUND('',#7124,.T.);
#7699=FACE_BOUND('',#7125,.T.);
#7700=FACE_BOUND('',#7126,.T.);
#7701=FACE_BOUND('',#7127,.T.);
#7702=FACE_BOUND('',#7128,.T.);
#7703=FACE_BOUND('',#7129,.T.);
#7704=FACE_BOUND('',#7130,.T.);
#7705=FACE_BOUND('',#7131,.T.);
#7706=FACE_BOUND('',#7132,.T.);
#7707=FACE_BOUND('',#7133,.T.);
#7708=FACE_BOUND('',#7134,.T.);
#7709=FACE_BOUND('',#7135,.T.);
#7710=FACE_BOUND('',#7136,.T.);
#7711=FACE_BOUND('',#7137,.T.);
#7712=FACE_BOUND('',#7138,.T.);
#7713=FACE_BOUND('',#7139,.T.);
#7714=FACE_BOUND('',#7140,.T.);
#7715=FACE_BOUND('',#7141,.T.);
#7716=FACE_BOUND('',#7142,.T.);
#7717=FACE_BOUND('',#7143,.T.);
#7718=FACE_BOUND('',#7144,.T.);
#7719=FACE_BOUND('',#7145,.T.);
#7720=FACE_BOUND('',#7146,.T.);
#7721=FACE_BOUND('',#7147,.T.);
#7722=FACE_BOUND('',#7148,.T.);
#7723=FACE_BOUND('',#7149,.T.);
#7724=FACE_BOUND('',#7150,.T.);
#7725=FACE_BOUND('',#7151,.T.);
#7726=FACE_BOUND('',#7152,.T.);
#7727=FACE_BOUND('',#7153,.T.);
#7728=FACE_BOUND('',#7154,.T.);
#7729=FACE_BOUND('',#7155,.T.);
#7730=FACE_BOUND('',#7156,.T.);
#7731=FACE_BOUND('',#7157,.T.);
#7732=FACE_BOUND('',#7158,.T.);
#7733=FACE_BOUND('',#7159,.T.);
#7734=FACE_BOUND('',#7160,.T.);
#7735=FACE_BOUND('',#7161,.T.);
#7736=FACE_BOUND('',#7162,.T.);
#7737=FACE_BOUND('',#7163,.T.);
#7738=FACE_BOUND('',#7164,.T.);
#7739=FACE_BOUND('',#7165,.T.);
#7740=FACE_BOUND('',#7166,.T.);
#7741=FACE_BOUND('',#7167,.T.);
#7742=FACE_BOUND('',#7168,.T.);
#7743=FACE_BOUND('',#7169,.T.);
#7744=FACE_BOUND('',#7170,.T.);
#7745=FACE_BOUND('',#7171,.T.);
#7746=FACE_BOUND('',#7172,.T.);
#7747=FACE_BOUND('',#7173,.T.);
#7748=FACE_BOUND('',#7174,.T.);
#7749=FACE_BOUND('',#7175,.T.);
#7750=FACE_BOUND('',#7176,.T.);
#7751=FACE_BOUND('',#7177,.T.);
#7752=FACE_BOUND('',#7178,.T.);
#7753=FACE_BOUND('',#7179,.T.);
#7754=FACE_BOUND('',#7180,.T.);
#7755=FACE_BOUND('',#7181,.T.);
#7756=FACE_BOUND('',#7182,.T.);
#7757=FACE_BOUND('',#7183,.T.);
#7758=FACE_BOUND('',#7184,.T.);
#7759=FACE_BOUND('',#7185,.T.);
#7760=FACE_BOUND('',#7186,.T.);
#7761=FACE_BOUND('',#7187,.T.);
#7762=FACE_BOUND('',#7188,.T.);
#7763=FACE_BOUND('',#7189,.T.);
#7764=FACE_BOUND('',#7190,.T.);
#7765=FACE_BOUND('',#7191,.T.);
#7766=FACE_BOUND('',#7192,.T.);
#7767=FACE_BOUND('',#7193,.T.);
#7768=FACE_BOUND('',#7194,.T.);
#7769=FACE_BOUND('',#7195,.T.);
#7770=FACE_BOUND('',#7196,.T.);
#7771=FACE_BOUND('',#7197,.T.);
#7772=FACE_BOUND('',#7198,.T.);
#7773=FACE_BOUND('',#7199,.T.);
#7774=FACE_BOUND('',#7200,.T.);
#7775=FACE_BOUND('',#7201,.T.);
#7776=FACE_BOUND('',#7202,.T.);
#7777=FACE_BOUND('',#7203,.T.);
#7778=FACE_BOUND('',#7204,.T.);
#7779=FACE_BOUND('',#7205,.T.);
#7780=FACE_BOUND('',#7206,.T.);
#7781=FACE_BOUND('',#7207,.T.);
#7782=FACE_BOUND('',#7208,.T.);
#7783=FACE_BOUND('',#7209,.T.);
#7784=FACE_BOUND('',#7210,.T.);
#7785=FACE_BOUND('',#7211,.T.);
#7786=FACE_BOUND('',#7212,.T.);
#7787=FACE_BOUND('',#7213,.T.);
#7788=FACE_BOUND('',#7214,.T.);
#7789=FACE_BOUND('',#7215,.T.);
#7790=FACE_BOUND('',#7216,.T.);
#7791=FACE_BOUND('',#7217,.T.);
#7792=FACE_BOUND('',#7218,.T.);
#7793=FACE_BOUND('',#7219,.T.);
#7794=FACE_BOUND('',#7220,.T.);
#7795=FACE_BOUND('',#7221,.T.);
#7796=FACE_BOUND('',#7222,.T.);
#7797=FACE_BOUND('',#7223,.T.);
#7798=FACE_BOUND('',#7224,.T.);
#7799=FACE_BOUND('',#7225,.T.);
#7800=FACE_BOUND('',#7226,.T.);
#7801=FACE_BOUND('',#7227,.T.);
#7802=FACE_BOUND('',#7228,.T.);
#7803=FACE_BOUND('',#7229,.T.);
#7804=FACE_BOUND('',#7230,.T.);
#7805=FACE_BOUND('',#7231,.T.);
#7806=FACE_BOUND('',#7232,.T.);
#7807=FACE_BOUND('',#7233,.T.);
#7808=FACE_BOUND('',#7234,.T.);
#7809=FACE_BOUND('',#7235,.T.);
#7810=FACE_BOUND('',#7236,.T.);
#7811=FACE_BOUND('',#7237,.T.);
#7812=FACE_BOUND('',#7238,.T.);
#7813=FACE_BOUND('',#7239,.T.);
#7814=FACE_BOUND('',#7240,.T.);
#7815=FACE_BOUND('',#7241,.T.);
#7816=FACE_BOUND('',#7242,.T.);
#7817=FACE_BOUND('',#7243,.T.);
#7818=FACE_BOUND('',#7244,.T.);
#7819=FACE_BOUND('',#7245,.T.);
#7820=FACE_BOUND('',#7246,.T.);
#7821=FACE_BOUND('',#7247,.T.);
#7822=FACE_BOUND('',#7248,.T.);
#7823=FACE_BOUND('',#7249,.T.);
#7824=FACE_BOUND('',#7250,.T.);
#7825=FACE_BOUND('',#7251,.T.);
#7826=FACE_BOUND('',#7252,.T.);
#7827=FACE_BOUND('',#7253,.T.);
#7828=FACE_BOUND('',#7254,.T.);
#7829=FACE_BOUND('',#7255,.T.);
#7830=FACE_BOUND('',#7256,.T.);
#7831=FACE_BOUND('',#7257,.T.);
#7832=FACE_BOUND('',#7258,.T.);
#7833=FACE_BOUND('',#7259,.T.);
#7834=FACE_BOUND('',#7260,.T.);
#7835=FACE_BOUND('',#7261,.T.);
#7836=FACE_BOUND('',#7262,.T.);
#7837=FACE_BOUND('',#7263,.T.);
#7838=FACE_BOUND('',#7264,.T.);
#7839=FACE_BOUND('',#7265,.T.);
#7840=FACE_BOUND('',#7266,.T.);
#7841=FACE_BOUND('',#7267,.T.);
#7842=FACE_BOUND('',#7268,.T.);
#7843=FACE_BOUND('',#7269,.T.);
#7844=FACE_BOUND('',#7270,.T.);
#7845=FACE_BOUND('',#7271,.T.);
#7846=FACE_BOUND('',#7272,.T.);
#7847=FACE_BOUND('',#7273,.T.);
#7848=FACE_BOUND('',#7274,.T.);
#7849=FACE_BOUND('',#7275,.T.);
#7850=FACE_BOUND('',#7276,.T.);
#7851=FACE_BOUND('',#7277,.T.);
#7852=FACE_BOUND('',#7278,.T.);
#7853=FACE_BOUND('',#7279,.T.);
#7854=FACE_BOUND('',#7280,.T.);
#7855=FACE_BOUND('',#7281,.T.);
#7856=FACE_BOUND('',#7282,.T.);
#7857=FACE_BOUND('',#7283,.T.);
#7858=FACE_BOUND('',#7284,.T.);
#7859=FACE_BOUND('',#7285,.T.);
#7860=FACE_BOUND('',#7286,.T.);
#7861=FACE_BOUND('',#7287,.T.);
#7862=FACE_BOUND('',#7288,.T.);
#7863=FACE_BOUND('',#7289,.T.);
#7864=FACE_BOUND('',#7290,.T.);
#7865=FACE_BOUND('',#7291,.T.);
#7866=FACE_BOUND('',#7292,.T.);
#7867=FACE_BOUND('',#7293,.T.);
#7868=FACE_BOUND('',#7294,.T.);
#7869=FACE_BOUND('',#7295,.T.);
#7870=FACE_BOUND('',#7296,.T.);
#7871=FACE_BOUND('',#7297,.T.);
#7872=FACE_BOUND('',#7298,.T.);
#7873=FACE_BOUND('',#7299,.T.);
#7874=FACE_BOUND('',#7300,.T.);
#7875=FACE_BOUND('',#7301,.T.);
#7876=FACE_BOUND('',#7302,.T.);
#7877=FACE_BOUND('',#7303,.T.);
#7878=FACE_BOUND('',#7304,.T.);
#7879=FACE_BOUND('',#7305,.T.);
#7880=FACE_BOUND('',#7306,.T.);
#7881=FACE_BOUND('',#7307,.T.);
#7882=FACE_BOUND('',#7308,.T.);
#7883=FACE_BOUND('',#7309,.T.);
#7884=FACE_BOUND('',#7310,.T.);
#7885=FACE_BOUND('',#7311,.T.);
#7886=FACE_BOUND('',#7312,.T.);
#7887=FACE_BOUND('',#7313,.T.);
#7888=FACE_BOUND('',#7314,.T.);
#7889=FACE_BOUND('',#7315,.T.);
#7890=FACE_BOUND('',#7316,.T.);
#7891=FACE_BOUND('',#7317,.T.);
#7892=FACE_BOUND('',#7318,.T.);
#7893=FACE_BOUND('',#7319,.T.);
#7894=FACE_BOUND('',#7320,.T.);
#7895=FACE_BOUND('',#7321,.T.);
#7896=FACE_BOUND('',#7322,.T.);
#7897=FACE_BOUND('',#7323,.T.);
#7898=FACE_BOUND('',#7324,.T.);
#7899=FACE_BOUND('',#7325,.T.);
#7900=FACE_BOUND('',#7326,.T.);
#7901=FACE_BOUND('',#7327,.T.);
#7902=FACE_BOUND('',#7328,.T.);
#7903=PLANE('',#10684);
#7904=PLANE('',#10685);
#7905=PLANE('',#10686);
#7906=PLANE('',#10687);
#7907=PLANE('',#10688);
#7908=PLANE('',#10689);
#7909=PLANE('',#10691);
#7910=PLANE('',#10692);
#7911=PLANE('',#10693);
#7912=PLANE('',#10694);
#7913=PLANE('',#10695);
#7914=PLANE('',#10696);
#7915=PLANE('',#10698);
#7916=PLANE('',#10699);
#7917=PLANE('',#10700);
#7918=PLANE('',#10701);
#7919=PLANE('',#10702);
#7920=PLANE('',#10703);
#7921=PLANE('',#10705);
#7922=PLANE('',#10706);
#7923=PLANE('',#10707);
#7924=PLANE('',#10708);
#7925=PLANE('',#10709);
#7926=PLANE('',#10710);
#7927=PLANE('',#10715);
#7928=PLANE('',#10716);
#7929=PLANE('',#10717);
#7930=PLANE('',#10718);
#7931=PLANE('',#10719);
#7932=PLANE('',#10720);
#7933=PLANE('',#10721);
#7934=PLANE('',#10723);
#7935=PLANE('',#10724);
#7936=PLANE('',#10725);
#7937=PLANE('',#10726);
#7938=PLANE('',#10727);
#7939=PLANE('',#10728);
#7940=PLANE('',#10730);
#7941=PLANE('',#10731);
#7942=PLANE('',#10732);
#7943=PLANE('',#10733);
#7944=PLANE('',#10734);
#7945=PLANE('',#10735);
#7946=PLANE('',#10740);
#7947=PLANE('',#10741);
#7948=PLANE('',#10743);
#7949=PLANE('',#10744);
#7950=PLANE('',#10745);
#7951=PLANE('',#10746);
#7952=PLANE('',#10747);
#7953=PLANE('',#10748);
#7954=PLANE('',#10750);
#7955=PLANE('',#10751);
#7956=PLANE('',#10752);
#7957=PLANE('',#10753);
#7958=PLANE('',#10754);
#7959=PLANE('',#10755);
#7960=PLANE('',#10757);
#7961=PLANE('',#10758);
#7962=PLANE('',#10759);
#7963=PLANE('',#10760);
#7964=PLANE('',#10761);
#7965=PLANE('',#10762);
#7966=PLANE('',#10763);
#7967=PLANE('',#10764);
#7968=PLANE('',#10765);
#7969=PLANE('',#10766);
#7970=PLANE('',#10767);
#7971=PLANE('',#10768);
#7972=PLANE('',#10769);
#7973=PLANE('',#10770);
#7974=PLANE('',#10771);
#7975=PLANE('',#10772);
#7976=PLANE('',#10773);
#7977=PLANE('',#10774);
#7978=PLANE('',#10775);
#7979=PLANE('',#10776);
#7980=PLANE('',#10777);
#7981=PLANE('',#10778);
#7982=PLANE('',#10779);
#7983=PLANE('',#10780);
#7984=PLANE('',#10781);
#7985=PLANE('',#10782);
#7986=PLANE('',#10783);
#7987=PLANE('',#10784);
#7988=PLANE('',#10785);
#7989=PLANE('',#10786);
#7990=PLANE('',#10787);
#7991=PLANE('',#10788);
#7992=PLANE('',#10789);
#7993=PLANE('',#10790);
#7994=PLANE('',#10791);
#7995=PLANE('',#10792);
#7996=PLANE('',#10793);
#7997=PLANE('',#10794);
#7998=PLANE('',#10795);
#7999=PLANE('',#10796);
#8000=PLANE('',#10797);
#8001=PLANE('',#10798);
#8002=PLANE('',#10799);
#8003=PLANE('',#10800);
#8004=PLANE('',#10801);
#8005=PLANE('',#10802);
#8006=PLANE('',#10803);
#8007=PLANE('',#10804);
#8008=PLANE('',#10805);
#8009=PLANE('',#10806);
#8010=PLANE('',#10807);
#8011=PLANE('',#10808);
#8012=PLANE('',#10809);
#8013=PLANE('',#10810);
#8014=PLANE('',#10811);
#8015=PLANE('',#10812);
#8016=PLANE('',#10813);
#8017=PLANE('',#10814);
#8018=PLANE('',#10815);
#8019=PLANE('',#10816);
#8020=PLANE('',#10817);
#8021=PLANE('',#10818);
#8022=PLANE('',#10819);
#8023=PLANE('',#10820);
#8024=PLANE('',#10821);
#8025=PLANE('',#10822);
#8026=PLANE('',#10823);
#8027=PLANE('',#10824);
#8028=PLANE('',#10825);
#8029=PLANE('',#10826);
#8030=PLANE('',#10827);
#8031=PLANE('',#10828);
#8032=PLANE('',#10829);
#8033=PLANE('',#10830);
#8034=PLANE('',#10831);
#8035=PLANE('',#10832);
#8036=PLANE('',#10833);
#8037=PLANE('',#10834);
#8038=PLANE('',#10835);
#8039=PLANE('',#10836);
#8040=PLANE('',#10837);
#8041=PLANE('',#10838);
#8042=PLANE('',#10839);
#8043=PLANE('',#10840);
#8044=PLANE('',#10841);
#8045=PLANE('',#10842);
#8046=PLANE('',#10843);
#8047=PLANE('',#10844);
#8048=PLANE('',#10845);
#8049=PLANE('',#10846);
#8050=PLANE('',#10847);
#8051=PLANE('',#10848);
#8052=PLANE('',#10849);
#8053=PLANE('',#10850);
#8054=PLANE('',#10851);
#8055=PLANE('',#10852);
#8056=PLANE('',#10853);
#8057=PLANE('',#10854);
#8058=PLANE('',#10855);
#8059=PLANE('',#10856);
#8060=PLANE('',#10857);
#8061=PLANE('',#10858);
#8062=PLANE('',#10859);
#8063=PLANE('',#10860);
#8064=PLANE('',#10861);
#8065=PLANE('',#10862);
#8066=PLANE('',#10863);
#8067=PLANE('',#10864);
#8068=PLANE('',#10865);
#8069=PLANE('',#10866);
#8070=PLANE('',#10867);
#8071=PLANE('',#10868);
#8072=PLANE('',#10869);
#8073=PLANE('',#10870);
#8074=PLANE('',#10871);
#8075=PLANE('',#10872);
#8076=PLANE('',#10873);
#8077=PLANE('',#10874);
#8078=PLANE('',#10875);
#8079=PLANE('',#10876);
#8080=PLANE('',#10877);
#8081=PLANE('',#10878);
#8082=PLANE('',#10879);
#8083=PLANE('',#10880);
#8084=PLANE('',#10881);
#8085=PLANE('',#10882);
#8086=PLANE('',#10883);
#8087=PLANE('',#10884);
#8088=PLANE('',#10885);
#8089=PLANE('',#10886);
#8090=PLANE('',#10887);
#8091=PLANE('',#10888);
#8092=PLANE('',#10889);
#8093=PLANE('',#10890);
#8094=PLANE('',#10891);
#8095=PLANE('',#10892);
#8096=PLANE('',#10893);
#8097=PLANE('',#10894);
#8098=PLANE('',#10895);
#8099=PLANE('',#10896);
#8100=PLANE('',#10897);
#8101=PLANE('',#10898);
#8102=PLANE('',#10899);
#8103=PLANE('',#10900);
#8104=PLANE('',#10901);
#8105=PLANE('',#10902);
#8106=PLANE('',#10903);
#8107=PLANE('',#10904);
#8108=PLANE('',#10905);
#8109=PLANE('',#10906);
#8110=PLANE('',#10907);
#8111=PLANE('',#10908);
#8112=PLANE('',#10909);
#8113=PLANE('',#10910);
#8114=PLANE('',#10911);
#8115=PLANE('',#10912);
#8116=PLANE('',#10913);
#8117=PLANE('',#10914);
#8118=PLANE('',#10915);
#8119=PLANE('',#10916);
#8120=PLANE('',#10917);
#8121=PLANE('',#10918);
#8122=PLANE('',#10919);
#8123=PLANE('',#10920);
#8124=PLANE('',#10921);
#8125=PLANE('',#10922);
#8126=PLANE('',#10923);
#8127=PLANE('',#10924);
#8128=PLANE('',#10925);
#8129=PLANE('',#10926);
#8130=PLANE('',#10927);
#8131=PLANE('',#10928);
#8132=PLANE('',#10929);
#8133=PLANE('',#10930);
#8134=PLANE('',#10931);
#8135=PLANE('',#10932);
#8136=PLANE('',#10933);
#8137=PLANE('',#10934);
#8138=PLANE('',#10935);
#8139=PLANE('',#10936);
#8140=PLANE('',#10937);
#8141=PLANE('',#10938);
#8142=PLANE('',#10939);
#8143=PLANE('',#10940);
#8144=PLANE('',#10941);
#8145=PLANE('',#10942);
#8146=PLANE('',#10943);
#8147=PLANE('',#10944);
#8148=PLANE('',#10945);
#8149=PLANE('',#10946);
#8150=PLANE('',#10947);
#8151=PLANE('',#10948);
#8152=PLANE('',#10949);
#8153=PLANE('',#10950);
#8154=PLANE('',#10951);
#8155=PLANE('',#10952);
#8156=PLANE('',#10953);
#8157=PLANE('',#10954);
#8158=PLANE('',#10955);
#8159=PLANE('',#10956);
#8160=PLANE('',#10957);
#8161=PLANE('',#10958);
#8162=PLANE('',#10959);
#8163=PLANE('',#10960);
#8164=PLANE('',#10961);
#8165=PLANE('',#10962);
#8166=PLANE('',#10963);
#8167=PLANE('',#10964);
#8168=PLANE('',#10965);
#8169=PLANE('',#10966);
#8170=PLANE('',#10967);
#8171=PLANE('',#10968);
#8172=PLANE('',#10969);
#8173=PLANE('',#10970);
#8174=PLANE('',#10971);
#8175=PLANE('',#10972);
#8176=PLANE('',#10973);
#8177=PLANE('',#10974);
#8178=PLANE('',#10975);
#8179=PLANE('',#10976);
#8180=PLANE('',#10977);
#8181=PLANE('',#10978);
#8182=PLANE('',#10979);
#8183=PLANE('',#10980);
#8184=PLANE('',#10981);
#8185=PLANE('',#10982);
#8186=PLANE('',#10983);
#8187=PLANE('',#10984);
#8188=PLANE('',#10985);
#8189=PLANE('',#10986);
#8190=PLANE('',#10987);
#8191=PLANE('',#10988);
#8192=PLANE('',#10989);
#8193=PLANE('',#10990);
#8194=PLANE('',#10991);
#8195=PLANE('',#10992);
#8196=PLANE('',#10993);
#8197=PLANE('',#10995);
#8198=PLANE('',#10996);
#8199=PLANE('',#10997);
#8200=PLANE('',#10998);
#8201=PLANE('',#10999);
#8202=PLANE('',#11000);
#8203=PLANE('',#11002);
#8204=PLANE('',#11003);
#8205=PLANE('',#11004);
#8206=PLANE('',#11005);
#8207=PLANE('',#11006);
#8208=PLANE('',#11007);
#8209=PLANE('',#11009);
#8210=PLANE('',#11010);
#8211=PLANE('',#11011);
#8212=PLANE('',#11012);
#8213=PLANE('',#11013);
#8214=PLANE('',#11014);
#8215=PLANE('',#11016);
#8216=PLANE('',#11017);
#8217=PLANE('',#11018);
#8218=PLANE('',#11019);
#8219=PLANE('',#11020);
#8220=PLANE('',#11021);
#8221=PLANE('',#11023);
#8222=PLANE('',#11024);
#8223=PLANE('',#11025);
#8224=PLANE('',#11026);
#8225=PLANE('',#11027);
#8226=PLANE('',#11028);
#8227=PLANE('',#11030);
#8228=PLANE('',#11031);
#8229=PLANE('',#11032);
#8230=PLANE('',#11033);
#8231=PLANE('',#11034);
#8232=PLANE('',#11035);
#8233=PLANE('',#11037);
#8234=PLANE('',#11038);
#8235=PLANE('',#11039);
#8236=PLANE('',#11040);
#8237=PLANE('',#11041);
#8238=PLANE('',#11042);
#8239=PLANE('',#11044);
#8240=PLANE('',#11045);
#8241=PLANE('',#11046);
#8242=PLANE('',#11047);
#8243=PLANE('',#11048);
#8244=PLANE('',#11049);
#8245=PLANE('',#11051);
#8246=PLANE('',#11052);
#8247=PLANE('',#11053);
#8248=PLANE('',#11054);
#8249=PLANE('',#11055);
#8250=PLANE('',#11056);
#8251=PLANE('',#11058);
#8252=PLANE('',#11059);
#8253=PLANE('',#11060);
#8254=PLANE('',#11061);
#8255=PLANE('',#11062);
#8256=PLANE('',#11063);
#8257=PLANE('',#11065);
#8258=PLANE('',#11066);
#8259=PLANE('',#11067);
#8260=PLANE('',#11068);
#8261=PLANE('',#11069);
#8262=PLANE('',#11070);
#8263=PLANE('',#11072);
#8264=PLANE('',#11073);
#8265=PLANE('',#11074);
#8266=PLANE('',#11075);
#8267=PLANE('',#11076);
#8268=PLANE('',#11077);
#8269=PLANE('',#11079);
#8270=PLANE('',#11080);
#8271=PLANE('',#11081);
#8272=PLANE('',#11082);
#8273=PLANE('',#11083);
#8274=PLANE('',#11084);
#8275=PLANE('',#11086);
#8276=PLANE('',#11087);
#8277=PLANE('',#11088);
#8278=PLANE('',#11089);
#8279=PLANE('',#11090);
#8280=PLANE('',#11091);
#8281=PLANE('',#11093);
#8282=PLANE('',#11094);
#8283=PLANE('',#11095);
#8284=PLANE('',#11096);
#8285=PLANE('',#11097);
#8286=PLANE('',#11098);
#8287=PLANE('',#11100);
#8288=PLANE('',#11101);
#8289=PLANE('',#11102);
#8290=PLANE('',#11103);
#8291=PLANE('',#11104);
#8292=PLANE('',#11105);
#8293=PLANE('',#11107);
#8294=PLANE('',#11108);
#8295=PLANE('',#11109);
#8296=PLANE('',#11110);
#8297=PLANE('',#11111);
#8298=PLANE('',#11112);
#8299=PLANE('',#11114);
#8300=PLANE('',#11115);
#8301=PLANE('',#11116);
#8302=PLANE('',#11117);
#8303=PLANE('',#11118);
#8304=PLANE('',#11119);
#8305=PLANE('',#11121);
#8306=PLANE('',#11122);
#8307=PLANE('',#11123);
#8308=PLANE('',#11124);
#8309=PLANE('',#11125);
#8310=PLANE('',#11126);
#8311=PLANE('',#11127);
#8312=PLANE('',#11129);
#8313=PLANE('',#11130);
#8314=PLANE('',#11131);
#8315=PLANE('',#11132);
#8316=PLANE('',#11133);
#8317=PLANE('',#11134);
#8318=PLANE('',#11136);
#8319=PLANE('',#11137);
#8320=PLANE('',#11138);
#8321=PLANE('',#11139);
#8322=PLANE('',#11140);
#8323=PLANE('',#11141);
#8324=PLANE('',#11143);
#8325=PLANE('',#11144);
#8326=PLANE('',#11145);
#8327=PLANE('',#11146);
#8328=PLANE('',#11147);
#8329=PLANE('',#11148);
#8330=PLANE('',#11150);
#8331=PLANE('',#11151);
#8332=PLANE('',#11152);
#8333=PLANE('',#11153);
#8334=PLANE('',#11154);
#8335=PLANE('',#11155);
#8336=PLANE('',#11157);
#8337=PLANE('',#11158);
#8338=PLANE('',#11159);
#8339=PLANE('',#11160);
#8340=PLANE('',#11161);
#8341=PLANE('',#11162);
#8342=PLANE('',#11164);
#8343=PLANE('',#11165);
#8344=PLANE('',#11166);
#8345=PLANE('',#11167);
#8346=PLANE('',#11168);
#8347=PLANE('',#11169);
#8348=PLANE('',#11171);
#8349=PLANE('',#11172);
#8350=PLANE('',#11173);
#8351=PLANE('',#11174);
#8352=PLANE('',#11175);
#8353=PLANE('',#11176);
#8354=PLANE('',#11178);
#8355=PLANE('',#11179);
#8356=PLANE('',#11180);
#8357=PLANE('',#11181);
#8358=PLANE('',#11182);
#8359=PLANE('',#11183);
#8360=PLANE('',#11185);
#8361=PLANE('',#11186);
#8362=PLANE('',#11187);
#8363=PLANE('',#11188);
#8364=PLANE('',#11189);
#8365=PLANE('',#11190);
#8366=PLANE('',#11192);
#8367=PLANE('',#11193);
#8368=PLANE('',#11194);
#8369=PLANE('',#11195);
#8370=PLANE('',#11196);
#8371=PLANE('',#11197);
#8372=PLANE('',#11199);
#8373=PLANE('',#11200);
#8374=PLANE('',#11201);
#8375=PLANE('',#11202);
#8376=PLANE('',#11203);
#8377=PLANE('',#11204);
#8378=PLANE('',#11206);
#8379=PLANE('',#11207);
#8380=PLANE('',#11208);
#8381=PLANE('',#11209);
#8382=PLANE('',#11210);
#8383=PLANE('',#11211);
#8384=PLANE('',#11213);
#8385=PLANE('',#11214);
#8386=PLANE('',#11215);
#8387=PLANE('',#11216);
#8388=PLANE('',#11217);
#8389=PLANE('',#11218);
#8390=PLANE('',#11220);
#8391=PLANE('',#11221);
#8392=PLANE('',#11222);
#8393=PLANE('',#11223);
#8394=PLANE('',#11224);
#8395=PLANE('',#11225);
#8396=PLANE('',#11227);
#8397=PLANE('',#11228);
#8398=PLANE('',#11229);
#8399=PLANE('',#11230);
#8400=PLANE('',#11231);
#8401=PLANE('',#11232);
#8402=PLANE('',#11234);
#8403=PLANE('',#11235);
#8404=PLANE('',#11236);
#8405=PLANE('',#11237);
#8406=PLANE('',#11238);
#8407=PLANE('',#11239);
#8408=PLANE('',#11241);
#8409=PLANE('',#11242);
#8410=PLANE('',#11243);
#8411=PLANE('',#11244);
#8412=PLANE('',#11245);
#8413=PLANE('',#11246);
#8414=PLANE('',#11248);
#8415=PLANE('',#11249);
#8416=PLANE('',#11250);
#8417=PLANE('',#11251);
#8418=PLANE('',#11252);
#8419=PLANE('',#11253);
#8420=PLANE('',#11255);
#8421=PLANE('',#11256);
#8422=PLANE('',#11257);
#8423=PLANE('',#11258);
#8424=PLANE('',#11259);
#8425=PLANE('',#11260);
#8426=ADVANCED_FACE('NONE',(#7329),#7903,.F.);
#8427=ADVANCED_FACE('NONE',(#7330),#7904,.F.);
#8428=ADVANCED_FACE('NONE',(#7331),#7905,.F.);
#8429=ADVANCED_FACE('NONE',(#7332),#7906,.F.);
#8430=ADVANCED_FACE('NONE',(#7333),#7907,.T.);
#8431=ADVANCED_FACE('NONE',(#7334),#7908,.F.);
#8432=ADVANCED_FACE('NONE',(#7335),#7909,.F.);
#8433=ADVANCED_FACE('NONE',(#7336),#7910,.F.);
#8434=ADVANCED_FACE('NONE',(#7337),#7911,.F.);
#8435=ADVANCED_FACE('NONE',(#7338),#7912,.F.);
#8436=ADVANCED_FACE('NONE',(#7339),#7913,.T.);
#8437=ADVANCED_FACE('NONE',(#7340),#7914,.F.);
#8438=ADVANCED_FACE('NONE',(#7341),#7915,.F.);
#8439=ADVANCED_FACE('NONE',(#7342),#7916,.F.);
#8440=ADVANCED_FACE('NONE',(#7343),#7917,.F.);
#8441=ADVANCED_FACE('NONE',(#7344),#7918,.F.);
#8442=ADVANCED_FACE('NONE',(#7345),#7919,.T.);
#8443=ADVANCED_FACE('NONE',(#7346),#7920,.F.);
#8444=ADVANCED_FACE('NONE',(#7347),#7921,.F.);
#8445=ADVANCED_FACE('NONE',(#7348),#7922,.F.);
#8446=ADVANCED_FACE('NONE',(#7349),#7923,.F.);
#8447=ADVANCED_FACE('NONE',(#7350),#7924,.F.);
#8448=ADVANCED_FACE('NONE',(#7351),#7925,.T.);
#8449=ADVANCED_FACE('NONE',(#7352),#7926,.F.);
#8450=ADVANCED_FACE('Face appearance 2',(#7353,#7354),#14,.F.);
#8451=ADVANCED_FACE('Face appearance 2',(#7355),#7927,.F.);
#8452=ADVANCED_FACE('Face appearance 2',(#7356),#7928,.F.);
#8453=ADVANCED_FACE('Face appearance 2',(#7357),#7929,.F.);
#8454=ADVANCED_FACE('Face appearance 2',(#7358),#7930,.F.);
#8455=ADVANCED_FACE('Face appearance 2',(#7359),#7931,.F.);
#8456=ADVANCED_FACE('Face appearance 2',(#7360,#7361),#7932,.T.);
#8457=ADVANCED_FACE('NONE',(#7362),#7933,.T.);
#8458=ADVANCED_FACE('NONE',(#7363),#7934,.F.);
#8459=ADVANCED_FACE('NONE',(#7364),#7935,.F.);
#8460=ADVANCED_FACE('NONE',(#7365),#7936,.F.);
#8461=ADVANCED_FACE('NONE',(#7366),#7937,.F.);
#8462=ADVANCED_FACE('NONE',(#7367),#7938,.T.);
#8463=ADVANCED_FACE('NONE',(#7368),#7939,.F.);
#8464=ADVANCED_FACE('NONE',(#7369),#7940,.F.);
#8465=ADVANCED_FACE('NONE',(#7370),#7941,.F.);
#8466=ADVANCED_FACE('NONE',(#7371),#7942,.F.);
#8467=ADVANCED_FACE('NONE',(#7372),#7943,.F.);
#8468=ADVANCED_FACE('NONE',(#7373),#7944,.T.);
#8469=ADVANCED_FACE('NONE',(#7374),#7945,.F.);
#8470=ADVANCED_FACE('NONE',(#7375,#7376),#15,.T.);
#8471=ADVANCED_FACE('NONE',(#7377),#7946,.F.);
#8472=ADVANCED_FACE('NONE',(#7378),#7947,.T.);
#8473=ADVANCED_FACE('NONE',(#7379),#7948,.F.);
#8474=ADVANCED_FACE('NONE',(#7380),#7949,.F.);
#8475=ADVANCED_FACE('NONE',(#7381),#7950,.F.);
#8476=ADVANCED_FACE('NONE',(#7382),#7951,.F.);
#8477=ADVANCED_FACE('NONE',(#7383),#7952,.T.);
#8478=ADVANCED_FACE('NONE',(#7384),#7953,.F.);
#8479=ADVANCED_FACE('NONE',(#7385),#7954,.F.);
#8480=ADVANCED_FACE('NONE',(#7386),#7955,.F.);
#8481=ADVANCED_FACE('NONE',(#7387),#7956,.F.);
#8482=ADVANCED_FACE('NONE',(#7388),#7957,.F.);
#8483=ADVANCED_FACE('NONE',(#7389),#7958,.T.);
#8484=ADVANCED_FACE('NONE',(#7390),#7959,.F.);
#8485=ADVANCED_FACE('Face appearance 1',(#7391,#7392,#7393,#7394,#7395,
#7396,#7397,#7398,#7399,#7400,#7401,#7402,#7403,#7404,#7405,#7406,#7407,
#7408,#7409,#7410,#7411,#7412,#7413,#7414,#7415,#7416,#7417,#7418,#7419,
#7420,#7421,#7422,#7423,#7424,#7425,#7426,#7427,#7428,#7429,#7430,#7431,
#7432,#7433,#7434,#7435,#7436,#7437),#7960,.T.);
#8486=ADVANCED_FACE('Face appearance 1',(#7438),#7961,.F.);
#8487=ADVANCED_FACE('Face appearance 1',(#7439),#7962,.F.);
#8488=ADVANCED_FACE('Face appearance 1',(#7440),#7963,.F.);
#8489=ADVANCED_FACE('Face appearance 1',(#7441),#7964,.F.);
#8490=ADVANCED_FACE('Face appearance 1',(#7442),#7965,.F.);
#8491=ADVANCED_FACE('Face appearance 1',(#7443),#7966,.T.);
#8492=ADVANCED_FACE('Face appearance 1',(#7444),#7967,.T.);
#8493=ADVANCED_FACE('Face appearance 1',(#7445),#7968,.T.);
#8494=ADVANCED_FACE('Face appearance 1',(#7446),#7969,.T.);
#8495=ADVANCED_FACE('NONE',(#7447),#7970,.F.);
#8496=ADVANCED_FACE('Face appearance 1',(#7448),#7971,.T.);
#8497=ADVANCED_FACE('Face appearance 1',(#7449),#7972,.T.);
#8498=ADVANCED_FACE('Face appearance 1',(#7450),#7973,.T.);
#8499=ADVANCED_FACE('Face appearance 1',(#7451),#7974,.T.);
#8500=ADVANCED_FACE('NONE',(#7452),#7975,.F.);
#8501=ADVANCED_FACE('Face appearance 1',(#7453),#7976,.T.);
#8502=ADVANCED_FACE('Face appearance 1',(#7454),#7977,.T.);
#8503=ADVANCED_FACE('Face appearance 1',(#7455),#7978,.T.);
#8504=ADVANCED_FACE('Face appearance 1',(#7456),#7979,.T.);
#8505=ADVANCED_FACE('NONE',(#7457),#7980,.F.);
#8506=ADVANCED_FACE('Face appearance 1',(#7458),#7981,.T.);
#8507=ADVANCED_FACE('Face appearance 1',(#7459),#7982,.T.);
#8508=ADVANCED_FACE('Face appearance 1',(#7460),#7983,.T.);
#8509=ADVANCED_FACE('Face appearance 1',(#7461),#7984,.T.);
#8510=ADVANCED_FACE('NONE',(#7462),#7985,.F.);
#8511=ADVANCED_FACE('Face appearance 1',(#7463),#7986,.T.);
#8512=ADVANCED_FACE('Face appearance 1',(#7464),#7987,.T.);
#8513=ADVANCED_FACE('Face appearance 1',(#7465),#7988,.T.);
#8514=ADVANCED_FACE('Face appearance 1',(#7466),#7989,.T.);
#8515=ADVANCED_FACE('NONE',(#7467),#7990,.F.);
#8516=ADVANCED_FACE('Face appearance 1',(#7468),#7991,.T.);
#8517=ADVANCED_FACE('Face appearance 1',(#7469),#7992,.T.);
#8518=ADVANCED_FACE('Face appearance 1',(#7470),#7993,.T.);
#8519=ADVANCED_FACE('Face appearance 1',(#7471),#7994,.T.);
#8520=ADVANCED_FACE('NONE',(#7472),#7995,.F.);
#8521=ADVANCED_FACE('Face appearance 1',(#7473),#7996,.T.);
#8522=ADVANCED_FACE('Face appearance 1',(#7474),#7997,.T.);
#8523=ADVANCED_FACE('Face appearance 1',(#7475),#7998,.T.);
#8524=ADVANCED_FACE('Face appearance 1',(#7476),#7999,.T.);
#8525=ADVANCED_FACE('NONE',(#7477),#8000,.F.);
#8526=ADVANCED_FACE('Face appearance 1',(#7478),#8001,.T.);
#8527=ADVANCED_FACE('Face appearance 1',(#7479),#8002,.T.);
#8528=ADVANCED_FACE('Face appearance 1',(#7480),#8003,.T.);
#8529=ADVANCED_FACE('Face appearance 1',(#7481),#8004,.T.);
#8530=ADVANCED_FACE('NONE',(#7482),#8005,.F.);
#8531=ADVANCED_FACE('Face appearance 1',(#7483),#8006,.T.);
#8532=ADVANCED_FACE('Face appearance 1',(#7484),#8007,.T.);
#8533=ADVANCED_FACE('Face appearance 1',(#7485),#8008,.T.);
#8534=ADVANCED_FACE('Face appearance 1',(#7486),#8009,.T.);
#8535=ADVANCED_FACE('NONE',(#7487),#8010,.F.);
#8536=ADVANCED_FACE('Face appearance 1',(#7488),#8011,.T.);
#8537=ADVANCED_FACE('Face appearance 1',(#7489),#8012,.T.);
#8538=ADVANCED_FACE('Face appearance 1',(#7490),#8013,.T.);
#8539=ADVANCED_FACE('Face appearance 1',(#7491),#8014,.T.);
#8540=ADVANCED_FACE('NONE',(#7492),#8015,.F.);
#8541=ADVANCED_FACE('Face appearance 1',(#7493),#8016,.T.);
#8542=ADVANCED_FACE('Face appearance 1',(#7494),#8017,.T.);
#8543=ADVANCED_FACE('Face appearance 1',(#7495),#8018,.T.);
#8544=ADVANCED_FACE('Face appearance 1',(#7496),#8019,.T.);
#8545=ADVANCED_FACE('NONE',(#7497),#8020,.F.);
#8546=ADVANCED_FACE('Face appearance 1',(#7498),#8021,.T.);
#8547=ADVANCED_FACE('Face appearance 1',(#7499),#8022,.T.);
#8548=ADVANCED_FACE('Face appearance 1',(#7500),#8023,.T.);
#8549=ADVANCED_FACE('Face appearance 1',(#7501),#8024,.T.);
#8550=ADVANCED_FACE('NONE',(#7502),#8025,.F.);
#8551=ADVANCED_FACE('Face appearance 1',(#7503),#8026,.T.);
#8552=ADVANCED_FACE('Face appearance 1',(#7504),#8027,.T.);
#8553=ADVANCED_FACE('Face appearance 1',(#7505),#8028,.T.);
#8554=ADVANCED_FACE('Face appearance 1',(#7506),#8029,.T.);
#8555=ADVANCED_FACE('NONE',(#7507),#8030,.F.);
#8556=ADVANCED_FACE('Face appearance 1',(#7508),#8031,.T.);
#8557=ADVANCED_FACE('Face appearance 1',(#7509),#8032,.T.);
#8558=ADVANCED_FACE('Face appearance 1',(#7510),#8033,.T.);
#8559=ADVANCED_FACE('Face appearance 1',(#7511),#8034,.T.);
#8560=ADVANCED_FACE('NONE',(#7512),#8035,.F.);
#8561=ADVANCED_FACE('Face appearance 1',(#7513),#8036,.T.);
#8562=ADVANCED_FACE('Face appearance 1',(#7514),#8037,.T.);
#8563=ADVANCED_FACE('Face appearance 1',(#7515),#8038,.T.);
#8564=ADVANCED_FACE('Face appearance 1',(#7516),#8039,.T.);
#8565=ADVANCED_FACE('NONE',(#7517),#8040,.F.);
#8566=ADVANCED_FACE('Face appearance 1',(#7518),#8041,.T.);
#8567=ADVANCED_FACE('Face appearance 1',(#7519),#8042,.T.);
#8568=ADVANCED_FACE('Face appearance 1',(#7520),#8043,.T.);
#8569=ADVANCED_FACE('Face appearance 1',(#7521),#8044,.T.);
#8570=ADVANCED_FACE('NONE',(#7522),#8045,.F.);
#8571=ADVANCED_FACE('Face appearance 1',(#7523),#8046,.T.);
#8572=ADVANCED_FACE('Face appearance 1',(#7524),#8047,.T.);
#8573=ADVANCED_FACE('Face appearance 1',(#7525),#8048,.T.);
#8574=ADVANCED_FACE('Face appearance 1',(#7526),#8049,.T.);
#8575=ADVANCED_FACE('NONE',(#7527),#8050,.F.);
#8576=ADVANCED_FACE('Face appearance 1',(#7528),#8051,.T.);
#8577=ADVANCED_FACE('Face appearance 1',(#7529),#8052,.T.);
#8578=ADVANCED_FACE('Face appearance 1',(#7530),#8053,.T.);
#8579=ADVANCED_FACE('Face appearance 1',(#7531),#8054,.T.);
#8580=ADVANCED_FACE('NONE',(#7532),#8055,.F.);
#8581=ADVANCED_FACE('Face appearance 1',(#7533),#8056,.T.);
#8582=ADVANCED_FACE('Face appearance 1',(#7534),#8057,.T.);
#8583=ADVANCED_FACE('Face appearance 1',(#7535),#8058,.T.);
#8584=ADVANCED_FACE('Face appearance 1',(#7536),#8059,.T.);
#8585=ADVANCED_FACE('NONE',(#7537),#8060,.F.);
#8586=ADVANCED_FACE('Face appearance 1',(#7538),#8061,.T.);
#8587=ADVANCED_FACE('Face appearance 1',(#7539),#8062,.T.);
#8588=ADVANCED_FACE('Face appearance 1',(#7540),#8063,.T.);
#8589=ADVANCED_FACE('Face appearance 1',(#7541),#8064,.T.);
#8590=ADVANCED_FACE('NONE',(#7542),#8065,.F.);
#8591=ADVANCED_FACE('Face appearance 1',(#7543),#8066,.T.);
#8592=ADVANCED_FACE('Face appearance 1',(#7544),#8067,.T.);
#8593=ADVANCED_FACE('Face appearance 1',(#7545),#8068,.T.);
#8594=ADVANCED_FACE('Face appearance 1',(#7546),#8069,.T.);
#8595=ADVANCED_FACE('NONE',(#7547),#8070,.F.);
#8596=ADVANCED_FACE('Face appearance 1',(#7548),#8071,.T.);
#8597=ADVANCED_FACE('Face appearance 1',(#7549),#8072,.T.);
#8598=ADVANCED_FACE('Face appearance 1',(#7550),#8073,.T.);
#8599=ADVANCED_FACE('Face appearance 1',(#7551),#8074,.T.);
#8600=ADVANCED_FACE('Face appearance 1',(#7552),#8075,.T.);
#8601=ADVANCED_FACE('NONE',(#7553),#8076,.F.);
#8602=ADVANCED_FACE('Face appearance 1',(#7554),#8077,.T.);
#8603=ADVANCED_FACE('Face appearance 1',(#7555),#8078,.T.);
#8604=ADVANCED_FACE('Face appearance 1',(#7556),#8079,.T.);
#8605=ADVANCED_FACE('Face appearance 1',(#7557),#8080,.T.);
#8606=ADVANCED_FACE('NONE',(#7558),#8081,.F.);
#8607=ADVANCED_FACE('Face appearance 1',(#7559),#8082,.T.);
#8608=ADVANCED_FACE('Face appearance 1',(#7560),#8083,.T.);
#8609=ADVANCED_FACE('Face appearance 1',(#7561),#8084,.T.);
#8610=ADVANCED_FACE('Face appearance 1',(#7562),#8085,.T.);
#8611=ADVANCED_FACE('NONE',(#7563),#8086,.F.);
#8612=ADVANCED_FACE('Face appearance 1',(#7564),#8087,.T.);
#8613=ADVANCED_FACE('Face appearance 1',(#7565),#8088,.T.);
#8614=ADVANCED_FACE('Face appearance 1',(#7566),#8089,.T.);
#8615=ADVANCED_FACE('Face appearance 1',(#7567),#8090,.T.);
#8616=ADVANCED_FACE('NONE',(#7568),#8091,.F.);
#8617=ADVANCED_FACE('Face appearance 1',(#7569),#8092,.T.);
#8618=ADVANCED_FACE('Face appearance 1',(#7570),#8093,.T.);
#8619=ADVANCED_FACE('Face appearance 1',(#7571),#8094,.T.);
#8620=ADVANCED_FACE('Face appearance 1',(#7572),#8095,.T.);
#8621=ADVANCED_FACE('NONE',(#7573),#8096,.F.);
#8622=ADVANCED_FACE('Face appearance 1',(#7574),#8097,.T.);
#8623=ADVANCED_FACE('Face appearance 1',(#7575),#8098,.T.);
#8624=ADVANCED_FACE('Face appearance 1',(#7576),#8099,.T.);
#8625=ADVANCED_FACE('Face appearance 1',(#7577),#8100,.T.);
#8626=ADVANCED_FACE('NONE',(#7578),#8101,.F.);
#8627=ADVANCED_FACE('Face appearance 1',(#7579),#8102,.T.);
#8628=ADVANCED_FACE('Face appearance 1',(#7580),#8103,.T.);
#8629=ADVANCED_FACE('Face appearance 1',(#7581),#8104,.T.);
#8630=ADVANCED_FACE('Face appearance 1',(#7582),#8105,.T.);
#8631=ADVANCED_FACE('NONE',(#7583),#8106,.F.);
#8632=ADVANCED_FACE('Face appearance 1',(#7584),#8107,.T.);
#8633=ADVANCED_FACE('Face appearance 1',(#7585),#8108,.T.);
#8634=ADVANCED_FACE('Face appearance 1',(#7586),#8109,.T.);
#8635=ADVANCED_FACE('Face appearance 1',(#7587),#8110,.T.);
#8636=ADVANCED_FACE('NONE',(#7588),#8111,.F.);
#8637=ADVANCED_FACE('Face appearance 1',(#7589),#8112,.T.);
#8638=ADVANCED_FACE('Face appearance 1',(#7590),#8113,.T.);
#8639=ADVANCED_FACE('Face appearance 1',(#7591),#8114,.T.);
#8640=ADVANCED_FACE('Face appearance 1',(#7592),#8115,.T.);
#8641=ADVANCED_FACE('NONE',(#7593),#8116,.F.);
#8642=ADVANCED_FACE('Face appearance 1',(#7594),#8117,.T.);
#8643=ADVANCED_FACE('Face appearance 1',(#7595),#8118,.T.);
#8644=ADVANCED_FACE('Face appearance 1',(#7596),#8119,.T.);
#8645=ADVANCED_FACE('Face appearance 1',(#7597),#8120,.T.);
#8646=ADVANCED_FACE('NONE',(#7598),#8121,.F.);
#8647=ADVANCED_FACE('Face appearance 1',(#7599),#8122,.T.);
#8648=ADVANCED_FACE('Face appearance 1',(#7600),#8123,.T.);
#8649=ADVANCED_FACE('Face appearance 1',(#7601),#8124,.T.);
#8650=ADVANCED_FACE('Face appearance 1',(#7602),#8125,.T.);
#8651=ADVANCED_FACE('NONE',(#7603),#8126,.F.);
#8652=ADVANCED_FACE('Face appearance 1',(#7604),#8127,.T.);
#8653=ADVANCED_FACE('Face appearance 1',(#7605),#8128,.T.);
#8654=ADVANCED_FACE('Face appearance 1',(#7606),#8129,.T.);
#8655=ADVANCED_FACE('Face appearance 1',(#7607),#8130,.T.);
#8656=ADVANCED_FACE('NONE',(#7608),#8131,.F.);
#8657=ADVANCED_FACE('Face appearance 1',(#7609),#8132,.T.);
#8658=ADVANCED_FACE('Face appearance 1',(#7610),#8133,.T.);
#8659=ADVANCED_FACE('Face appearance 1',(#7611),#8134,.T.);
#8660=ADVANCED_FACE('Face appearance 1',(#7612),#8135,.T.);
#8661=ADVANCED_FACE('NONE',(#7613),#8136,.F.);
#8662=ADVANCED_FACE('Face appearance 1',(#7614),#8137,.T.);
#8663=ADVANCED_FACE('Face appearance 1',(#7615),#8138,.T.);
#8664=ADVANCED_FACE('Face appearance 1',(#7616),#8139,.T.);
#8665=ADVANCED_FACE('Face appearance 1',(#7617),#8140,.T.);
#8666=ADVANCED_FACE('NONE',(#7618),#8141,.F.);
#8667=ADVANCED_FACE('Face appearance 1',(#7619),#8142,.T.);
#8668=ADVANCED_FACE('Face appearance 1',(#7620),#8143,.T.);
#8669=ADVANCED_FACE('Face appearance 1',(#7621),#8144,.T.);
#8670=ADVANCED_FACE('Face appearance 1',(#7622),#8145,.T.);
#8671=ADVANCED_FACE('NONE',(#7623),#8146,.F.);
#8672=ADVANCED_FACE('Face appearance 1',(#7624),#8147,.T.);
#8673=ADVANCED_FACE('Face appearance 1',(#7625),#8148,.T.);
#8674=ADVANCED_FACE('Face appearance 1',(#7626),#8149,.T.);
#8675=ADVANCED_FACE('Face appearance 1',(#7627),#8150,.T.);
#8676=ADVANCED_FACE('NONE',(#7628),#8151,.F.);
#8677=ADVANCED_FACE('Face appearance 1',(#7629),#8152,.T.);
#8678=ADVANCED_FACE('Face appearance 1',(#7630),#8153,.T.);
#8679=ADVANCED_FACE('Face appearance 1',(#7631),#8154,.T.);
#8680=ADVANCED_FACE('Face appearance 1',(#7632),#8155,.T.);
#8681=ADVANCED_FACE('NONE',(#7633),#8156,.F.);
#8682=ADVANCED_FACE('Face appearance 1',(#7634),#8157,.T.);
#8683=ADVANCED_FACE('Face appearance 1',(#7635),#8158,.T.);
#8684=ADVANCED_FACE('Face appearance 1',(#7636),#8159,.T.);
#8685=ADVANCED_FACE('Face appearance 1',(#7637),#8160,.T.);
#8686=ADVANCED_FACE('NONE',(#7638),#8161,.F.);
#8687=ADVANCED_FACE('Face appearance 1',(#7639),#8162,.T.);
#8688=ADVANCED_FACE('Face appearance 1',(#7640),#8163,.T.);
#8689=ADVANCED_FACE('Face appearance 1',(#7641),#8164,.T.);
#8690=ADVANCED_FACE('Face appearance 1',(#7642),#8165,.T.);
#8691=ADVANCED_FACE('NONE',(#7643),#8166,.F.);
#8692=ADVANCED_FACE('Face appearance 1',(#7644),#8167,.T.);
#8693=ADVANCED_FACE('Face appearance 1',(#7645),#8168,.T.);
#8694=ADVANCED_FACE('Face appearance 1',(#7646),#8169,.T.);
#8695=ADVANCED_FACE('Face appearance 1',(#7647),#8170,.T.);
#8696=ADVANCED_FACE('NONE',(#7648),#8171,.F.);
#8697=ADVANCED_FACE('Face appearance 1',(#7649),#8172,.T.);
#8698=ADVANCED_FACE('Face appearance 1',(#7650),#8173,.T.);
#8699=ADVANCED_FACE('Face appearance 1',(#7651),#8174,.T.);
#8700=ADVANCED_FACE('Face appearance 1',(#7652),#8175,.T.);
#8701=ADVANCED_FACE('NONE',(#7653),#8176,.F.);
#8702=ADVANCED_FACE('Face appearance 1',(#7654),#8177,.T.);
#8703=ADVANCED_FACE('Face appearance 1',(#7655),#8178,.T.);
#8704=ADVANCED_FACE('Face appearance 1',(#7656),#8179,.T.);
#8705=ADVANCED_FACE('Face appearance 1',(#7657),#8180,.T.);
#8706=ADVANCED_FACE('NONE',(#7658),#8181,.F.);
#8707=ADVANCED_FACE('Face appearance 1',(#7659),#8182,.T.);
#8708=ADVANCED_FACE('Face appearance 1',(#7660),#8183,.T.);
#8709=ADVANCED_FACE('Face appearance 1',(#7661),#8184,.T.);
#8710=ADVANCED_FACE('Face appearance 1',(#7662),#8185,.T.);
#8711=ADVANCED_FACE('NONE',(#7663),#8186,.F.);
#8712=ADVANCED_FACE('Face appearance 1',(#7664),#8187,.T.);
#8713=ADVANCED_FACE('Face appearance 1',(#7665),#8188,.T.);
#8714=ADVANCED_FACE('Face appearance 1',(#7666),#8189,.T.);
#8715=ADVANCED_FACE('Face appearance 1',(#7667),#8190,.T.);
#8716=ADVANCED_FACE('NONE',(#7668),#8191,.F.);
#8717=ADVANCED_FACE('Face appearance 1',(#7669),#8192,.T.);
#8718=ADVANCED_FACE('Face appearance 1',(#7670),#8193,.T.);
#8719=ADVANCED_FACE('Face appearance 1',(#7671),#8194,.T.);
#8720=ADVANCED_FACE('Face appearance 1',(#7672),#8195,.T.);
#8721=ADVANCED_FACE('NONE',(#7673),#8196,.F.);
#8722=ADVANCED_FACE('NONE',(#7674),#8197,.F.);
#8723=ADVANCED_FACE('NONE',(#7675),#8198,.F.);
#8724=ADVANCED_FACE('NONE',(#7676),#8199,.F.);
#8725=ADVANCED_FACE('NONE',(#7677),#8200,.F.);
#8726=ADVANCED_FACE('NONE',(#7678),#8201,.T.);
#8727=ADVANCED_FACE('NONE',(#7679),#8202,.F.);
#8728=ADVANCED_FACE('NONE',(#7680),#8203,.F.);
#8729=ADVANCED_FACE('NONE',(#7681),#8204,.F.);
#8730=ADVANCED_FACE('NONE',(#7682),#8205,.F.);
#8731=ADVANCED_FACE('NONE',(#7683),#8206,.F.);
#8732=ADVANCED_FACE('NONE',(#7684),#8207,.T.);
#8733=ADVANCED_FACE('NONE',(#7685),#8208,.F.);
#8734=ADVANCED_FACE('NONE',(#7686),#8209,.F.);
#8735=ADVANCED_FACE('NONE',(#7687),#8210,.F.);
#8736=ADVANCED_FACE('NONE',(#7688),#8211,.F.);
#8737=ADVANCED_FACE('NONE',(#7689),#8212,.F.);
#8738=ADVANCED_FACE('NONE',(#7690),#8213,.T.);
#8739=ADVANCED_FACE('NONE',(#7691),#8214,.F.);
#8740=ADVANCED_FACE('NONE',(#7692),#8215,.F.);
#8741=ADVANCED_FACE('NONE',(#7693),#8216,.F.);
#8742=ADVANCED_FACE('NONE',(#7694),#8217,.F.);
#8743=ADVANCED_FACE('NONE',(#7695),#8218,.F.);
#8744=ADVANCED_FACE('NONE',(#7696),#8219,.T.);
#8745=ADVANCED_FACE('NONE',(#7697),#8220,.F.);
#8746=ADVANCED_FACE('NONE',(#7698),#8221,.F.);
#8747=ADVANCED_FACE('NONE',(#7699),#8222,.F.);
#8748=ADVANCED_FACE('NONE',(#7700),#8223,.F.);
#8749=ADVANCED_FACE('NONE',(#7701),#8224,.F.);
#8750=ADVANCED_FACE('NONE',(#7702),#8225,.T.);
#8751=ADVANCED_FACE('NONE',(#7703),#8226,.F.);
#8752=ADVANCED_FACE('NONE',(#7704),#8227,.F.);
#8753=ADVANCED_FACE('NONE',(#7705),#8228,.F.);
#8754=ADVANCED_FACE('NONE',(#7706),#8229,.F.);
#8755=ADVANCED_FACE('NONE',(#7707),#8230,.F.);
#8756=ADVANCED_FACE('NONE',(#7708),#8231,.T.);
#8757=ADVANCED_FACE('NONE',(#7709),#8232,.F.);
#8758=ADVANCED_FACE('NONE',(#7710),#8233,.F.);
#8759=ADVANCED_FACE('NONE',(#7711),#8234,.F.);
#8760=ADVANCED_FACE('NONE',(#7712),#8235,.F.);
#8761=ADVANCED_FACE('NONE',(#7713),#8236,.F.);
#8762=ADVANCED_FACE('NONE',(#7714),#8237,.T.);
#8763=ADVANCED_FACE('NONE',(#7715),#8238,.F.);
#8764=ADVANCED_FACE('NONE',(#7716),#8239,.F.);
#8765=ADVANCED_FACE('NONE',(#7717),#8240,.F.);
#8766=ADVANCED_FACE('NONE',(#7718),#8241,.F.);
#8767=ADVANCED_FACE('NONE',(#7719),#8242,.F.);
#8768=ADVANCED_FACE('NONE',(#7720),#8243,.T.);
#8769=ADVANCED_FACE('NONE',(#7721),#8244,.F.);
#8770=ADVANCED_FACE('NONE',(#7722),#8245,.F.);
#8771=ADVANCED_FACE('NONE',(#7723),#8246,.F.);
#8772=ADVANCED_FACE('NONE',(#7724),#8247,.F.);
#8773=ADVANCED_FACE('NONE',(#7725),#8248,.F.);
#8774=ADVANCED_FACE('NONE',(#7726),#8249,.T.);
#8775=ADVANCED_FACE('NONE',(#7727),#8250,.F.);
#8776=ADVANCED_FACE('NONE',(#7728),#8251,.F.);
#8777=ADVANCED_FACE('NONE',(#7729),#8252,.F.);
#8778=ADVANCED_FACE('NONE',(#7730),#8253,.F.);
#8779=ADVANCED_FACE('NONE',(#7731),#8254,.F.);
#8780=ADVANCED_FACE('NONE',(#7732),#8255,.T.);
#8781=ADVANCED_FACE('NONE',(#7733),#8256,.F.);
#8782=ADVANCED_FACE('NONE',(#7734),#8257,.F.);
#8783=ADVANCED_FACE('NONE',(#7735),#8258,.F.);
#8784=ADVANCED_FACE('NONE',(#7736),#8259,.F.);
#8785=ADVANCED_FACE('NONE',(#7737),#8260,.F.);
#8786=ADVANCED_FACE('NONE',(#7738),#8261,.T.);
#8787=ADVANCED_FACE('NONE',(#7739),#8262,.F.);
#8788=ADVANCED_FACE('NONE',(#7740),#8263,.F.);
#8789=ADVANCED_FACE('NONE',(#7741),#8264,.F.);
#8790=ADVANCED_FACE('NONE',(#7742),#8265,.F.);
#8791=ADVANCED_FACE('NONE',(#7743),#8266,.F.);
#8792=ADVANCED_FACE('NONE',(#7744),#8267,.T.);
#8793=ADVANCED_FACE('NONE',(#7745),#8268,.F.);
#8794=ADVANCED_FACE('NONE',(#7746),#8269,.F.);
#8795=ADVANCED_FACE('NONE',(#7747),#8270,.F.);
#8796=ADVANCED_FACE('NONE',(#7748),#8271,.F.);
#8797=ADVANCED_FACE('NONE',(#7749),#8272,.F.);
#8798=ADVANCED_FACE('NONE',(#7750),#8273,.T.);
#8799=ADVANCED_FACE('NONE',(#7751),#8274,.F.);
#8800=ADVANCED_FACE('NONE',(#7752),#8275,.F.);
#8801=ADVANCED_FACE('NONE',(#7753),#8276,.F.);
#8802=ADVANCED_FACE('NONE',(#7754),#8277,.F.);
#8803=ADVANCED_FACE('NONE',(#7755),#8278,.F.);
#8804=ADVANCED_FACE('NONE',(#7756),#8279,.T.);
#8805=ADVANCED_FACE('NONE',(#7757),#8280,.F.);
#8806=ADVANCED_FACE('NONE',(#7758),#8281,.F.);
#8807=ADVANCED_FACE('NONE',(#7759),#8282,.F.);
#8808=ADVANCED_FACE('NONE',(#7760),#8283,.F.);
#8809=ADVANCED_FACE('NONE',(#7761),#8284,.F.);
#8810=ADVANCED_FACE('NONE',(#7762),#8285,.T.);
#8811=ADVANCED_FACE('NONE',(#7763),#8286,.F.);
#8812=ADVANCED_FACE('NONE',(#7764),#8287,.F.);
#8813=ADVANCED_FACE('NONE',(#7765),#8288,.F.);
#8814=ADVANCED_FACE('NONE',(#7766),#8289,.F.);
#8815=ADVANCED_FACE('NONE',(#7767),#8290,.F.);
#8816=ADVANCED_FACE('NONE',(#7768),#8291,.T.);
#8817=ADVANCED_FACE('NONE',(#7769),#8292,.F.);
#8818=ADVANCED_FACE('NONE',(#7770),#8293,.F.);
#8819=ADVANCED_FACE('NONE',(#7771),#8294,.F.);
#8820=ADVANCED_FACE('NONE',(#7772),#8295,.F.);
#8821=ADVANCED_FACE('NONE',(#7773),#8296,.F.);
#8822=ADVANCED_FACE('NONE',(#7774),#8297,.T.);
#8823=ADVANCED_FACE('NONE',(#7775),#8298,.F.);
#8824=ADVANCED_FACE('NONE',(#7776),#8299,.F.);
#8825=ADVANCED_FACE('NONE',(#7777),#8300,.F.);
#8826=ADVANCED_FACE('NONE',(#7778),#8301,.F.);
#8827=ADVANCED_FACE('NONE',(#7779),#8302,.F.);
#8828=ADVANCED_FACE('NONE',(#7780),#8303,.T.);
#8829=ADVANCED_FACE('NONE',(#7781),#8304,.F.);
#8830=ADVANCED_FACE('NONE',(#7782),#8305,.F.);
#8831=ADVANCED_FACE('NONE',(#7783),#8306,.F.);
#8832=ADVANCED_FACE('NONE',(#7784),#8307,.F.);
#8833=ADVANCED_FACE('NONE',(#7785),#8308,.F.);
#8834=ADVANCED_FACE('NONE',(#7786),#8309,.F.);
#8835=ADVANCED_FACE('NONE',(#7787),#8310,.T.);
#8836=ADVANCED_FACE('NONE',(#7788),#8311,.F.);
#8837=ADVANCED_FACE('NONE',(#7789),#8312,.F.);
#8838=ADVANCED_FACE('NONE',(#7790),#8313,.F.);
#8839=ADVANCED_FACE('NONE',(#7791),#8314,.F.);
#8840=ADVANCED_FACE('NONE',(#7792),#8315,.F.);
#8841=ADVANCED_FACE('NONE',(#7793),#8316,.T.);
#8842=ADVANCED_FACE('NONE',(#7794),#8317,.F.);
#8843=ADVANCED_FACE('NONE',(#7795),#8318,.F.);
#8844=ADVANCED_FACE('NONE',(#7796),#8319,.F.);
#8845=ADVANCED_FACE('NONE',(#7797),#8320,.F.);
#8846=ADVANCED_FACE('NONE',(#7798),#8321,.F.);
#8847=ADVANCED_FACE('NONE',(#7799),#8322,.T.);
#8848=ADVANCED_FACE('NONE',(#7800),#8323,.F.);
#8849=ADVANCED_FACE('NONE',(#7801),#8324,.F.);
#8850=ADVANCED_FACE('NONE',(#7802),#8325,.F.);
#8851=ADVANCED_FACE('NONE',(#7803),#8326,.F.);
#8852=ADVANCED_FACE('NONE',(#7804),#8327,.F.);
#8853=ADVANCED_FACE('NONE',(#7805),#8328,.T.);
#8854=ADVANCED_FACE('NONE',(#7806),#8329,.F.);
#8855=ADVANCED_FACE('NONE',(#7807),#8330,.F.);
#8856=ADVANCED_FACE('NONE',(#7808),#8331,.F.);
#8857=ADVANCED_FACE('NONE',(#7809),#8332,.F.);
#8858=ADVANCED_FACE('NONE',(#7810),#8333,.F.);
#8859=ADVANCED_FACE('NONE',(#7811),#8334,.T.);
#8860=ADVANCED_FACE('NONE',(#7812),#8335,.F.);
#8861=ADVANCED_FACE('NONE',(#7813),#8336,.F.);
#8862=ADVANCED_FACE('NONE',(#7814),#8337,.F.);
#8863=ADVANCED_FACE('NONE',(#7815),#8338,.F.);
#8864=ADVANCED_FACE('NONE',(#7816),#8339,.F.);
#8865=ADVANCED_FACE('NONE',(#7817),#8340,.T.);
#8866=ADVANCED_FACE('NONE',(#7818),#8341,.F.);
#8867=ADVANCED_FACE('NONE',(#7819),#8342,.F.);
#8868=ADVANCED_FACE('NONE',(#7820),#8343,.F.);
#8869=ADVANCED_FACE('NONE',(#7821),#8344,.F.);
#8870=ADVANCED_FACE('NONE',(#7822),#8345,.F.);
#8871=ADVANCED_FACE('NONE',(#7823),#8346,.T.);
#8872=ADVANCED_FACE('NONE',(#7824),#8347,.F.);
#8873=ADVANCED_FACE('NONE',(#7825),#8348,.F.);
#8874=ADVANCED_FACE('NONE',(#7826),#8349,.F.);
#8875=ADVANCED_FACE('NONE',(#7827),#8350,.F.);
#8876=ADVANCED_FACE('NONE',(#7828),#8351,.F.);
#8877=ADVANCED_FACE('NONE',(#7829),#8352,.T.);
#8878=ADVANCED_FACE('NONE',(#7830),#8353,.F.);
#8879=ADVANCED_FACE('NONE',(#7831),#8354,.F.);
#8880=ADVANCED_FACE('NONE',(#7832),#8355,.F.);
#8881=ADVANCED_FACE('NONE',(#7833),#8356,.F.);
#8882=ADVANCED_FACE('NONE',(#7834),#8357,.F.);
#8883=ADVANCED_FACE('NONE',(#7835),#8358,.T.);
#8884=ADVANCED_FACE('NONE',(#7836),#8359,.F.);
#8885=ADVANCED_FACE('NONE',(#7837),#8360,.F.);
#8886=ADVANCED_FACE('NONE',(#7838),#8361,.F.);
#8887=ADVANCED_FACE('NONE',(#7839),#8362,.F.);
#8888=ADVANCED_FACE('NONE',(#7840),#8363,.F.);
#8889=ADVANCED_FACE('NONE',(#7841),#8364,.T.);
#8890=ADVANCED_FACE('NONE',(#7842),#8365,.F.);
#8891=ADVANCED_FACE('NONE',(#7843),#8366,.F.);
#8892=ADVANCED_FACE('NONE',(#7844),#8367,.F.);
#8893=ADVANCED_FACE('NONE',(#7845),#8368,.F.);
#8894=ADVANCED_FACE('NONE',(#7846),#8369,.F.);
#8895=ADVANCED_FACE('NONE',(#7847),#8370,.T.);
#8896=ADVANCED_FACE('NONE',(#7848),#8371,.F.);
#8897=ADVANCED_FACE('NONE',(#7849),#8372,.F.);
#8898=ADVANCED_FACE('NONE',(#7850),#8373,.F.);
#8899=ADVANCED_FACE('NONE',(#7851),#8374,.F.);
#8900=ADVANCED_FACE('NONE',(#7852),#8375,.F.);
#8901=ADVANCED_FACE('NONE',(#7853),#8376,.T.);
#8902=ADVANCED_FACE('NONE',(#7854),#8377,.F.);
#8903=ADVANCED_FACE('NONE',(#7855),#8378,.F.);
#8904=ADVANCED_FACE('NONE',(#7856),#8379,.F.);
#8905=ADVANCED_FACE('NONE',(#7857),#8380,.F.);
#8906=ADVANCED_FACE('NONE',(#7858),#8381,.F.);
#8907=ADVANCED_FACE('NONE',(#7859),#8382,.T.);
#8908=ADVANCED_FACE('NONE',(#7860),#8383,.F.);
#8909=ADVANCED_FACE('NONE',(#7861),#8384,.F.);
#8910=ADVANCED_FACE('NONE',(#7862),#8385,.F.);
#8911=ADVANCED_FACE('NONE',(#7863),#8386,.F.);
#8912=ADVANCED_FACE('NONE',(#7864),#8387,.F.);
#8913=ADVANCED_FACE('NONE',(#7865),#8388,.T.);
#8914=ADVANCED_FACE('NONE',(#7866),#8389,.F.);
#8915=ADVANCED_FACE('NONE',(#7867),#8390,.F.);
#8916=ADVANCED_FACE('NONE',(#7868),#8391,.F.);
#8917=ADVANCED_FACE('NONE',(#7869),#8392,.F.);
#8918=ADVANCED_FACE('NONE',(#7870),#8393,.F.);
#8919=ADVANCED_FACE('NONE',(#7871),#8394,.T.);
#8920=ADVANCED_FACE('NONE',(#7872),#8395,.F.);
#8921=ADVANCED_FACE('NONE',(#7873),#8396,.F.);
#8922=ADVANCED_FACE('NONE',(#7874),#8397,.F.);
#8923=ADVANCED_FACE('NONE',(#7875),#8398,.F.);
#8924=ADVANCED_FACE('NONE',(#7876),#8399,.F.);
#8925=ADVANCED_FACE('NONE',(#7877),#8400,.T.);
#8926=ADVANCED_FACE('NONE',(#7878),#8401,.F.);
#8927=ADVANCED_FACE('NONE',(#7879),#8402,.F.);
#8928=ADVANCED_FACE('NONE',(#7880),#8403,.F.);
#8929=ADVANCED_FACE('NONE',(#7881),#8404,.F.);
#8930=ADVANCED_FACE('NONE',(#7882),#8405,.F.);
#8931=ADVANCED_FACE('NONE',(#7883),#8406,.T.);
#8932=ADVANCED_FACE('NONE',(#7884),#8407,.F.);
#8933=ADVANCED_FACE('NONE',(#7885),#8408,.F.);
#8934=ADVANCED_FACE('NONE',(#7886),#8409,.F.);
#8935=ADVANCED_FACE('NONE',(#7887),#8410,.F.);
#8936=ADVANCED_FACE('NONE',(#7888),#8411,.F.);
#8937=ADVANCED_FACE('NONE',(#7889),#8412,.T.);
#8938=ADVANCED_FACE('NONE',(#7890),#8413,.F.);
#8939=ADVANCED_FACE('NONE',(#7891),#8414,.F.);
#8940=ADVANCED_FACE('NONE',(#7892),#8415,.F.);
#8941=ADVANCED_FACE('NONE',(#7893),#8416,.F.);
#8942=ADVANCED_FACE('NONE',(#7894),#8417,.F.);
#8943=ADVANCED_FACE('NONE',(#7895),#8418,.T.);
#8944=ADVANCED_FACE('NONE',(#7896),#8419,.F.);
#8945=ADVANCED_FACE('NONE',(#7897),#8420,.F.);
#8946=ADVANCED_FACE('NONE',(#7898),#8421,.F.);
#8947=ADVANCED_FACE('NONE',(#7899),#8422,.F.);
#8948=ADVANCED_FACE('NONE',(#7900),#8423,.F.);
#8949=ADVANCED_FACE('NONE',(#7901),#8424,.T.);
#8950=ADVANCED_FACE('NONE',(#7902),#8425,.F.);
#8951=CLOSED_SHELL('',(#8426,#8427,#8428,#8429,#8430,#8431));
#8952=CLOSED_SHELL('',(#8432,#8433,#8434,#8435,#8436,#8437));
#8953=CLOSED_SHELL('',(#8438,#8439,#8440,#8441,#8442,#8443));
#8954=CLOSED_SHELL('',(#8444,#8445,#8446,#8447,#8448,#8449));
#8955=CLOSED_SHELL('',(#8450,#8451,#8452,#8453,#8454,#8455,#8456,#8457));
#8956=CLOSED_SHELL('',(#8458,#8459,#8460,#8461,#8462,#8463));
#8957=CLOSED_SHELL('',(#8464,#8465,#8466,#8467,#8468,#8469));
#8958=CLOSED_SHELL('',(#8470,#8471,#8472));
#8959=CLOSED_SHELL('',(#8473,#8474,#8475,#8476,#8477,#8478));
#8960=CLOSED_SHELL('',(#8479,#8480,#8481,#8482,#8483,#8484));
#8961=CLOSED_SHELL('',(#8485,#8486,#8487,#8488,#8489,#8490,#8491,#8492,
#8493,#8494,#8495,#8496,#8497,#8498,#8499,#8500,#8501,#8502,#8503,#8504,
#8505,#8506,#8507,#8508,#8509,#8510,#8511,#8512,#8513,#8514,#8515,#8516,
#8517,#8518,#8519,#8520,#8521,#8522,#8523,#8524,#8525,#8526,#8527,#8528,
#8529,#8530,#8531,#8532,#8533,#8534,#8535,#8536,#8537,#8538,#8539,#8540,
#8541,#8542,#8543,#8544,#8545,#8546,#8547,#8548,#8549,#8550,#8551,#8552,
#8553,#8554,#8555,#8556,#8557,#8558,#8559,#8560,#8561,#8562,#8563,#8564,
#8565,#8566,#8567,#8568,#8569,#8570,#8571,#8572,#8573,#8574,#8575,#8576,
#8577,#8578,#8579,#8580,#8581,#8582,#8583,#8584,#8585,#8586,#8587,#8588,
#8589,#8590,#8591,#8592,#8593,#8594,#8595,#8596,#8597,#8598,#8599,#8600,
#8601,#8602,#8603,#8604,#8605,#8606,#8607,#8608,#8609,#8610,#8611,#8612,
#8613,#8614,#8615,#8616,#8617,#8618,#8619,#8620,#8621,#8622,#8623,#8624,
#8625,#8626,#8627,#8628,#8629,#8630,#8631,#8632,#8633,#8634,#8635,#8636,
#8637,#8638,#8639,#8640,#8641,#8642,#8643,#8644,#8645,#8646,#8647,#8648,
#8649,#8650,#8651,#8652,#8653,#8654,#8655,#8656,#8657,#8658,#8659,#8660,
#8661,#8662,#8663,#8664,#8665,#8666,#8667,#8668,#8669,#8670,#8671,#8672,
#8673,#8674,#8675,#8676,#8677,#8678,#8679,#8680,#8681,#8682,#8683,#8684,
#8685,#8686,#8687,#8688,#8689,#8690,#8691,#8692,#8693,#8694,#8695,#8696,
#8697,#8698,#8699,#8700,#8701,#8702,#8703,#8704,#8705,#8706,#8707,#8708,
#8709,#8710,#8711,#8712,#8713,#8714,#8715,#8716,#8717,#8718,#8719,#8720,
#8721));
#8962=CLOSED_SHELL('',(#8722,#8723,#8724,#8725,#8726,#8727));
#8963=CLOSED_SHELL('',(#8728,#8729,#8730,#8731,#8732,#8733));
#8964=CLOSED_SHELL('',(#8734,#8735,#8736,#8737,#8738,#8739));
#8965=CLOSED_SHELL('',(#8740,#8741,#8742,#8743,#8744,#8745));
#8966=CLOSED_SHELL('',(#8746,#8747,#8748,#8749,#8750,#8751));
#8967=CLOSED_SHELL('',(#8752,#8753,#8754,#8755,#8756,#8757));
#8968=CLOSED_SHELL('',(#8758,#8759,#8760,#8761,#8762,#8763));
#8969=CLOSED_SHELL('',(#8764,#8765,#8766,#8767,#8768,#8769));
#8970=CLOSED_SHELL('',(#8770,#8771,#8772,#8773,#8774,#8775));
#8971=CLOSED_SHELL('',(#8776,#8777,#8778,#8779,#8780,#8781));
#8972=CLOSED_SHELL('',(#8782,#8783,#8784,#8785,#8786,#8787));
#8973=CLOSED_SHELL('',(#8788,#8789,#8790,#8791,#8792,#8793));
#8974=CLOSED_SHELL('',(#8794,#8795,#8796,#8797,#8798,#8799));
#8975=CLOSED_SHELL('',(#8800,#8801,#8802,#8803,#8804,#8805));
#8976=CLOSED_SHELL('',(#8806,#8807,#8808,#8809,#8810,#8811));
#8977=CLOSED_SHELL('',(#8812,#8813,#8814,#8815,#8816,#8817));
#8978=CLOSED_SHELL('',(#8818,#8819,#8820,#8821,#8822,#8823));
#8979=CLOSED_SHELL('',(#8824,#8825,#8826,#8827,#8828,#8829));
#8980=CLOSED_SHELL('',(#8830,#8831,#8832,#8833,#8834,#8835,#8836));
#8981=CLOSED_SHELL('',(#8837,#8838,#8839,#8840,#8841,#8842));
#8982=CLOSED_SHELL('',(#8843,#8844,#8845,#8846,#8847,#8848));
#8983=CLOSED_SHELL('',(#8849,#8850,#8851,#8852,#8853,#8854));
#8984=CLOSED_SHELL('',(#8855,#8856,#8857,#8858,#8859,#8860));
#8985=CLOSED_SHELL('',(#8861,#8862,#8863,#8864,#8865,#8866));
#8986=CLOSED_SHELL('',(#8867,#8868,#8869,#8870,#8871,#8872));
#8987=CLOSED_SHELL('',(#8873,#8874,#8875,#8876,#8877,#8878));
#8988=CLOSED_SHELL('',(#8879,#8880,#8881,#8882,#8883,#8884));
#8989=CLOSED_SHELL('',(#8885,#8886,#8887,#8888,#8889,#8890));
#8990=CLOSED_SHELL('',(#8891,#8892,#8893,#8894,#8895,#8896));
#8991=CLOSED_SHELL('',(#8897,#8898,#8899,#8900,#8901,#8902));
#8992=CLOSED_SHELL('',(#8903,#8904,#8905,#8906,#8907,#8908));
#8993=CLOSED_SHELL('',(#8909,#8910,#8911,#8912,#8913,#8914));
#8994=CLOSED_SHELL('',(#8915,#8916,#8917,#8918,#8919,#8920));
#8995=CLOSED_SHELL('',(#8921,#8922,#8923,#8924,#8925,#8926));
#8996=CLOSED_SHELL('',(#8927,#8928,#8929,#8930,#8931,#8932));
#8997=CLOSED_SHELL('',(#8933,#8934,#8935,#8936,#8937,#8938));
#8998=CLOSED_SHELL('',(#8939,#8940,#8941,#8942,#8943,#8944));
#8999=CLOSED_SHELL('',(#8945,#8946,#8947,#8948,#8949,#8950));
#9000=STYLED_ITEM('',(#9049),#10536);
#9001=STYLED_ITEM('',(#9050),#10537);
#9002=STYLED_ITEM('',(#9051),#10538);
#9003=STYLED_ITEM('',(#9052),#10539);
#9004=STYLED_ITEM('',(#9053),#10540);
#9005=STYLED_ITEM('',(#9061),#10541);
#9006=STYLED_ITEM('',(#9062),#10542);
#9007=STYLED_ITEM('',(#9063),#10543);
#9008=STYLED_ITEM('',(#9064),#10544);
#9009=STYLED_ITEM('',(#9065),#10545);
#9010=STYLED_ITEM('',(#9066),#10546);
#9011=STYLED_ITEM('',(#9258),#10547);
#9012=STYLED_ITEM('',(#9259),#10548);
#9013=STYLED_ITEM('',(#9260),#10549);
#9014=STYLED_ITEM('',(#9261),#10550);
#9015=STYLED_ITEM('',(#9262),#10551);
#9016=STYLED_ITEM('',(#9263),#10552);
#9017=STYLED_ITEM('',(#9264),#10553);
#9018=STYLED_ITEM('',(#9265),#10554);
#9019=STYLED_ITEM('',(#9266),#10555);
#9020=STYLED_ITEM('',(#9267),#10556);
#9021=STYLED_ITEM('',(#9268),#10557);
#9022=STYLED_ITEM('',(#9269),#10558);
#9023=STYLED_ITEM('',(#9270),#10559);
#9024=STYLED_ITEM('',(#9271),#10560);
#9025=STYLED_ITEM('',(#9272),#10561);
#9026=STYLED_ITEM('',(#9273),#10562);
#9027=STYLED_ITEM('',(#9274),#10563);
#9028=STYLED_ITEM('',(#9275),#10564);
#9029=STYLED_ITEM('',(#9276),#10565);
#9030=STYLED_ITEM('',(#9277),#10566);
#9031=STYLED_ITEM('',(#9278),#10567);
#9032=STYLED_ITEM('',(#9279),#10568);
#9033=STYLED_ITEM('',(#9280),#10569);
#9034=STYLED_ITEM('',(#9281),#10570);
#9035=STYLED_ITEM('',(#9282),#10571);
#9036=STYLED_ITEM('',(#9283),#10572);
#9037=STYLED_ITEM('',(#9284),#10573);
#9038=STYLED_ITEM('',(#9285),#10574);
#9039=STYLED_ITEM('',(#9286),#10575);
#9040=STYLED_ITEM('',(#9287),#10576);
#9041=STYLED_ITEM('',(#9288),#10577);
#9042=STYLED_ITEM('',(#9289),#10578);
#9043=STYLED_ITEM('',(#9290),#10579);
#9044=STYLED_ITEM('',(#9291),#10580);
#9045=STYLED_ITEM('',(#9292),#10581);
#9046=STYLED_ITEM('',(#9293),#10582);
#9047=STYLED_ITEM('',(#9294),#10583);
#9048=STYLED_ITEM('',(#9295),#10584);
#9049=PRESENTATION_STYLE_ASSIGNMENT((#9296));
#9050=PRESENTATION_STYLE_ASSIGNMENT((#9297));
#9051=PRESENTATION_STYLE_ASSIGNMENT((#9298));
#9052=PRESENTATION_STYLE_ASSIGNMENT((#9299));
#9053=PRESENTATION_STYLE_ASSIGNMENT((#9300));
#9054=PRESENTATION_STYLE_ASSIGNMENT((#9301));
#9055=PRESENTATION_STYLE_ASSIGNMENT((#9302));
#9056=PRESENTATION_STYLE_ASSIGNMENT((#9303));
#9057=PRESENTATION_STYLE_ASSIGNMENT((#9304));
#9058=PRESENTATION_STYLE_ASSIGNMENT((#9305));
#9059=PRESENTATION_STYLE_ASSIGNMENT((#9306));
#9060=PRESENTATION_STYLE_ASSIGNMENT((#9307));
#9061=PRESENTATION_STYLE_ASSIGNMENT((#9308));
#9062=PRESENTATION_STYLE_ASSIGNMENT((#9309));
#9063=PRESENTATION_STYLE_ASSIGNMENT((#9310));
#9064=PRESENTATION_STYLE_ASSIGNMENT((#9311));
#9065=PRESENTATION_STYLE_ASSIGNMENT((#9312));
#9066=PRESENTATION_STYLE_ASSIGNMENT((#9313));
#9067=PRESENTATION_STYLE_ASSIGNMENT((#9314));
#9068=PRESENTATION_STYLE_ASSIGNMENT((#9315));
#9069=PRESENTATION_STYLE_ASSIGNMENT((#9316));
#9070=PRESENTATION_STYLE_ASSIGNMENT((#9317));
#9071=PRESENTATION_STYLE_ASSIGNMENT((#9318));
#9072=PRESENTATION_STYLE_ASSIGNMENT((#9319));
#9073=PRESENTATION_STYLE_ASSIGNMENT((#9320));
#9074=PRESENTATION_STYLE_ASSIGNMENT((#9321));
#9075=PRESENTATION_STYLE_ASSIGNMENT((#9322));
#9076=PRESENTATION_STYLE_ASSIGNMENT((#9323));
#9077=PRESENTATION_STYLE_ASSIGNMENT((#9324));
#9078=PRESENTATION_STYLE_ASSIGNMENT((#9325));
#9079=PRESENTATION_STYLE_ASSIGNMENT((#9326));
#9080=PRESENTATION_STYLE_ASSIGNMENT((#9327));
#9081=PRESENTATION_STYLE_ASSIGNMENT((#9328));
#9082=PRESENTATION_STYLE_ASSIGNMENT((#9329));
#9083=PRESENTATION_STYLE_ASSIGNMENT((#9330));
#9084=PRESENTATION_STYLE_ASSIGNMENT((#9331));
#9085=PRESENTATION_STYLE_ASSIGNMENT((#9332));
#9086=PRESENTATION_STYLE_ASSIGNMENT((#9333));
#9087=PRESENTATION_STYLE_ASSIGNMENT((#9334));
#9088=PRESENTATION_STYLE_ASSIGNMENT((#9335));
#9089=PRESENTATION_STYLE_ASSIGNMENT((#9336));
#9090=PRESENTATION_STYLE_ASSIGNMENT((#9337));
#9091=PRESENTATION_STYLE_ASSIGNMENT((#9338));
#9092=PRESENTATION_STYLE_ASSIGNMENT((#9339));
#9093=PRESENTATION_STYLE_ASSIGNMENT((#9340));
#9094=PRESENTATION_STYLE_ASSIGNMENT((#9341));
#9095=PRESENTATION_STYLE_ASSIGNMENT((#9342));
#9096=PRESENTATION_STYLE_ASSIGNMENT((#9343));
#9097=PRESENTATION_STYLE_ASSIGNMENT((#9344));
#9098=PRESENTATION_STYLE_ASSIGNMENT((#9345));
#9099=PRESENTATION_STYLE_ASSIGNMENT((#9346));
#9100=PRESENTATION_STYLE_ASSIGNMENT((#9347));
#9101=PRESENTATION_STYLE_ASSIGNMENT((#9348));
#9102=PRESENTATION_STYLE_ASSIGNMENT((#9349));
#9103=PRESENTATION_STYLE_ASSIGNMENT((#9350));
#9104=PRESENTATION_STYLE_ASSIGNMENT((#9351));
#9105=PRESENTATION_STYLE_ASSIGNMENT((#9352));
#9106=PRESENTATION_STYLE_ASSIGNMENT((#9353));
#9107=PRESENTATION_STYLE_ASSIGNMENT((#9354));
#9108=PRESENTATION_STYLE_ASSIGNMENT((#9355));
#9109=PRESENTATION_STYLE_ASSIGNMENT((#9356));
#9110=PRESENTATION_STYLE_ASSIGNMENT((#9357));
#9111=PRESENTATION_STYLE_ASSIGNMENT((#9358));
#9112=PRESENTATION_STYLE_ASSIGNMENT((#9359));
#9113=PRESENTATION_STYLE_ASSIGNMENT((#9360));
#9114=PRESENTATION_STYLE_ASSIGNMENT((#9361));
#9115=PRESENTATION_STYLE_ASSIGNMENT((#9362));
#9116=PRESENTATION_STYLE_ASSIGNMENT((#9363));
#9117=PRESENTATION_STYLE_ASSIGNMENT((#9364));
#9118=PRESENTATION_STYLE_ASSIGNMENT((#9365));
#9119=PRESENTATION_STYLE_ASSIGNMENT((#9366));
#9120=PRESENTATION_STYLE_ASSIGNMENT((#9367));
#9121=PRESENTATION_STYLE_ASSIGNMENT((#9368));
#9122=PRESENTATION_STYLE_ASSIGNMENT((#9369));
#9123=PRESENTATION_STYLE_ASSIGNMENT((#9370));
#9124=PRESENTATION_STYLE_ASSIGNMENT((#9371));
#9125=PRESENTATION_STYLE_ASSIGNMENT((#9372));
#9126=PRESENTATION_STYLE_ASSIGNMENT((#9373));
#9127=PRESENTATION_STYLE_ASSIGNMENT((#9374));
#9128=PRESENTATION_STYLE_ASSIGNMENT((#9375));
#9129=PRESENTATION_STYLE_ASSIGNMENT((#9376));
#9130=PRESENTATION_STYLE_ASSIGNMENT((#9377));
#9131=PRESENTATION_STYLE_ASSIGNMENT((#9378));
#9132=PRESENTATION_STYLE_ASSIGNMENT((#9379));
#9133=PRESENTATION_STYLE_ASSIGNMENT((#9380));
#9134=PRESENTATION_STYLE_ASSIGNMENT((#9381));
#9135=PRESENTATION_STYLE_ASSIGNMENT((#9382));
#9136=PRESENTATION_STYLE_ASSIGNMENT((#9383));
#9137=PRESENTATION_STYLE_ASSIGNMENT((#9384));
#9138=PRESENTATION_STYLE_ASSIGNMENT((#9385));
#9139=PRESENTATION_STYLE_ASSIGNMENT((#9386));
#9140=PRESENTATION_STYLE_ASSIGNMENT((#9387));
#9141=PRESENTATION_STYLE_ASSIGNMENT((#9388));
#9142=PRESENTATION_STYLE_ASSIGNMENT((#9389));
#9143=PRESENTATION_STYLE_ASSIGNMENT((#9390));
#9144=PRESENTATION_STYLE_ASSIGNMENT((#9391));
#9145=PRESENTATION_STYLE_ASSIGNMENT((#9392));
#9146=PRESENTATION_STYLE_ASSIGNMENT((#9393));
#9147=PRESENTATION_STYLE_ASSIGNMENT((#9394));
#9148=PRESENTATION_STYLE_ASSIGNMENT((#9395));
#9149=PRESENTATION_STYLE_ASSIGNMENT((#9396));
#9150=PRESENTATION_STYLE_ASSIGNMENT((#9397));
#9151=PRESENTATION_STYLE_ASSIGNMENT((#9398));
#9152=PRESENTATION_STYLE_ASSIGNMENT((#9399));
#9153=PRESENTATION_STYLE_ASSIGNMENT((#9400));
#9154=PRESENTATION_STYLE_ASSIGNMENT((#9401));
#9155=PRESENTATION_STYLE_ASSIGNMENT((#9402));
#9156=PRESENTATION_STYLE_ASSIGNMENT((#9403));
#9157=PRESENTATION_STYLE_ASSIGNMENT((#9404));
#9158=PRESENTATION_STYLE_ASSIGNMENT((#9405));
#9159=PRESENTATION_STYLE_ASSIGNMENT((#9406));
#9160=PRESENTATION_STYLE_ASSIGNMENT((#9407));
#9161=PRESENTATION_STYLE_ASSIGNMENT((#9408));
#9162=PRESENTATION_STYLE_ASSIGNMENT((#9409));
#9163=PRESENTATION_STYLE_ASSIGNMENT((#9410));
#9164=PRESENTATION_STYLE_ASSIGNMENT((#9411));
#9165=PRESENTATION_STYLE_ASSIGNMENT((#9412));
#9166=PRESENTATION_STYLE_ASSIGNMENT((#9413));
#9167=PRESENTATION_STYLE_ASSIGNMENT((#9414));
#9168=PRESENTATION_STYLE_ASSIGNMENT((#9415));
#9169=PRESENTATION_STYLE_ASSIGNMENT((#9416));
#9170=PRESENTATION_STYLE_ASSIGNMENT((#9417));
#9171=PRESENTATION_STYLE_ASSIGNMENT((#9418));
#9172=PRESENTATION_STYLE_ASSIGNMENT((#9419));
#9173=PRESENTATION_STYLE_ASSIGNMENT((#9420));
#9174=PRESENTATION_STYLE_ASSIGNMENT((#9421));
#9175=PRESENTATION_STYLE_ASSIGNMENT((#9422));
#9176=PRESENTATION_STYLE_ASSIGNMENT((#9423));
#9177=PRESENTATION_STYLE_ASSIGNMENT((#9424));
#9178=PRESENTATION_STYLE_ASSIGNMENT((#9425));
#9179=PRESENTATION_STYLE_ASSIGNMENT((#9426));
#9180=PRESENTATION_STYLE_ASSIGNMENT((#9427));
#9181=PRESENTATION_STYLE_ASSIGNMENT((#9428));
#9182=PRESENTATION_STYLE_ASSIGNMENT((#9429));
#9183=PRESENTATION_STYLE_ASSIGNMENT((#9430));
#9184=PRESENTATION_STYLE_ASSIGNMENT((#9431));
#9185=PRESENTATION_STYLE_ASSIGNMENT((#9432));
#9186=PRESENTATION_STYLE_ASSIGNMENT((#9433));
#9187=PRESENTATION_STYLE_ASSIGNMENT((#9434));
#9188=PRESENTATION_STYLE_ASSIGNMENT((#9435));
#9189=PRESENTATION_STYLE_ASSIGNMENT((#9436));
#9190=PRESENTATION_STYLE_ASSIGNMENT((#9437));
#9191=PRESENTATION_STYLE_ASSIGNMENT((#9438));
#9192=PRESENTATION_STYLE_ASSIGNMENT((#9439));
#9193=PRESENTATION_STYLE_ASSIGNMENT((#9440));
#9194=PRESENTATION_STYLE_ASSIGNMENT((#9441));
#9195=PRESENTATION_STYLE_ASSIGNMENT((#9442));
#9196=PRESENTATION_STYLE_ASSIGNMENT((#9443));
#9197=PRESENTATION_STYLE_ASSIGNMENT((#9444));
#9198=PRESENTATION_STYLE_ASSIGNMENT((#9445));
#9199=PRESENTATION_STYLE_ASSIGNMENT((#9446));
#9200=PRESENTATION_STYLE_ASSIGNMENT((#9447));
#9201=PRESENTATION_STYLE_ASSIGNMENT((#9448));
#9202=PRESENTATION_STYLE_ASSIGNMENT((#9449));
#9203=PRESENTATION_STYLE_ASSIGNMENT((#9450));
#9204=PRESENTATION_STYLE_ASSIGNMENT((#9451));
#9205=PRESENTATION_STYLE_ASSIGNMENT((#9452));
#9206=PRESENTATION_STYLE_ASSIGNMENT((#9453));
#9207=PRESENTATION_STYLE_ASSIGNMENT((#9454));
#9208=PRESENTATION_STYLE_ASSIGNMENT((#9455));
#9209=PRESENTATION_STYLE_ASSIGNMENT((#9456));
#9210=PRESENTATION_STYLE_ASSIGNMENT((#9457));
#9211=PRESENTATION_STYLE_ASSIGNMENT((#9458));
#9212=PRESENTATION_STYLE_ASSIGNMENT((#9459));
#9213=PRESENTATION_STYLE_ASSIGNMENT((#9460));
#9214=PRESENTATION_STYLE_ASSIGNMENT((#9461));
#9215=PRESENTATION_STYLE_ASSIGNMENT((#9462));
#9216=PRESENTATION_STYLE_ASSIGNMENT((#9463));
#9217=PRESENTATION_STYLE_ASSIGNMENT((#9464));
#9218=PRESENTATION_STYLE_ASSIGNMENT((#9465));
#9219=PRESENTATION_STYLE_ASSIGNMENT((#9466));
#9220=PRESENTATION_STYLE_ASSIGNMENT((#9467));
#9221=PRESENTATION_STYLE_ASSIGNMENT((#9468));
#9222=PRESENTATION_STYLE_ASSIGNMENT((#9469));
#9223=PRESENTATION_STYLE_ASSIGNMENT((#9470));
#9224=PRESENTATION_STYLE_ASSIGNMENT((#9471));
#9225=PRESENTATION_STYLE_ASSIGNMENT((#9472));
#9226=PRESENTATION_STYLE_ASSIGNMENT((#9473));
#9227=PRESENTATION_STYLE_ASSIGNMENT((#9474));
#9228=PRESENTATION_STYLE_ASSIGNMENT((#9475));
#9229=PRESENTATION_STYLE_ASSIGNMENT((#9476));
#9230=PRESENTATION_STYLE_ASSIGNMENT((#9477));
#9231=PRESENTATION_STYLE_ASSIGNMENT((#9478));
#9232=PRESENTATION_STYLE_ASSIGNMENT((#9479));
#9233=PRESENTATION_STYLE_ASSIGNMENT((#9480));
#9234=PRESENTATION_STYLE_ASSIGNMENT((#9481));
#9235=PRESENTATION_STYLE_ASSIGNMENT((#9482));
#9236=PRESENTATION_STYLE_ASSIGNMENT((#9483));
#9237=PRESENTATION_STYLE_ASSIGNMENT((#9484));
#9238=PRESENTATION_STYLE_ASSIGNMENT((#9485));
#9239=PRESENTATION_STYLE_ASSIGNMENT((#9486));
#9240=PRESENTATION_STYLE_ASSIGNMENT((#9487));
#9241=PRESENTATION_STYLE_ASSIGNMENT((#9488));
#9242=PRESENTATION_STYLE_ASSIGNMENT((#9489));
#9243=PRESENTATION_STYLE_ASSIGNMENT((#9490));
#9244=PRESENTATION_STYLE_ASSIGNMENT((#9491));
#9245=PRESENTATION_STYLE_ASSIGNMENT((#9492));
#9246=PRESENTATION_STYLE_ASSIGNMENT((#9493));
#9247=PRESENTATION_STYLE_ASSIGNMENT((#9494));
#9248=PRESENTATION_STYLE_ASSIGNMENT((#9495));
#9249=PRESENTATION_STYLE_ASSIGNMENT((#9496));
#9250=PRESENTATION_STYLE_ASSIGNMENT((#9497));
#9251=PRESENTATION_STYLE_ASSIGNMENT((#9498));
#9252=PRESENTATION_STYLE_ASSIGNMENT((#9499));
#9253=PRESENTATION_STYLE_ASSIGNMENT((#9500));
#9254=PRESENTATION_STYLE_ASSIGNMENT((#9501));
#9255=PRESENTATION_STYLE_ASSIGNMENT((#9502));
#9256=PRESENTATION_STYLE_ASSIGNMENT((#9503));
#9257=PRESENTATION_STYLE_ASSIGNMENT((#9504));
#9258=PRESENTATION_STYLE_ASSIGNMENT((#9505));
#9259=PRESENTATION_STYLE_ASSIGNMENT((#9506));
#9260=PRESENTATION_STYLE_ASSIGNMENT((#9507));
#9261=PRESENTATION_STYLE_ASSIGNMENT((#9508));
#9262=PRESENTATION_STYLE_ASSIGNMENT((#9509));
#9263=PRESENTATION_STYLE_ASSIGNMENT((#9510));
#9264=PRESENTATION_STYLE_ASSIGNMENT((#9511));
#9265=PRESENTATION_STYLE_ASSIGNMENT((#9512));
#9266=PRESENTATION_STYLE_ASSIGNMENT((#9513));
#9267=PRESENTATION_STYLE_ASSIGNMENT((#9514));
#9268=PRESENTATION_STYLE_ASSIGNMENT((#9515));
#9269=PRESENTATION_STYLE_ASSIGNMENT((#9516));
#9270=PRESENTATION_STYLE_ASSIGNMENT((#9517));
#9271=PRESENTATION_STYLE_ASSIGNMENT((#9518));
#9272=PRESENTATION_STYLE_ASSIGNMENT((#9519));
#9273=PRESENTATION_STYLE_ASSIGNMENT((#9520));
#9274=PRESENTATION_STYLE_ASSIGNMENT((#9521));
#9275=PRESENTATION_STYLE_ASSIGNMENT((#9522));
#9276=PRESENTATION_STYLE_ASSIGNMENT((#9523));
#9277=PRESENTATION_STYLE_ASSIGNMENT((#9524));
#9278=PRESENTATION_STYLE_ASSIGNMENT((#9525));
#9279=PRESENTATION_STYLE_ASSIGNMENT((#9526));
#9280=PRESENTATION_STYLE_ASSIGNMENT((#9527));
#9281=PRESENTATION_STYLE_ASSIGNMENT((#9528));
#9282=PRESENTATION_STYLE_ASSIGNMENT((#9529));
#9283=PRESENTATION_STYLE_ASSIGNMENT((#9530));
#9284=PRESENTATION_STYLE_ASSIGNMENT((#9531));
#9285=PRESENTATION_STYLE_ASSIGNMENT((#9532));
#9286=PRESENTATION_STYLE_ASSIGNMENT((#9533));
#9287=PRESENTATION_STYLE_ASSIGNMENT((#9534));
#9288=PRESENTATION_STYLE_ASSIGNMENT((#9535));
#9289=PRESENTATION_STYLE_ASSIGNMENT((#9536));
#9290=PRESENTATION_STYLE_ASSIGNMENT((#9537));
#9291=PRESENTATION_STYLE_ASSIGNMENT((#9538));
#9292=PRESENTATION_STYLE_ASSIGNMENT((#9539));
#9293=PRESENTATION_STYLE_ASSIGNMENT((#9540));
#9294=PRESENTATION_STYLE_ASSIGNMENT((#9541));
#9295=PRESENTATION_STYLE_ASSIGNMENT((#9542));
#9296=SURFACE_STYLE_USAGE(.BOTH.,#9543);
#9297=SURFACE_STYLE_USAGE(.BOTH.,#9544);
#9298=SURFACE_STYLE_USAGE(.BOTH.,#9545);
#9299=SURFACE_STYLE_USAGE(.BOTH.,#9546);
#9300=SURFACE_STYLE_USAGE(.BOTH.,#9547);
#9301=SURFACE_STYLE_USAGE(.BOTH.,#9548);
#9302=SURFACE_STYLE_USAGE(.BOTH.,#9549);
#9303=SURFACE_STYLE_USAGE(.BOTH.,#9550);
#9304=SURFACE_STYLE_USAGE(.BOTH.,#9551);
#9305=SURFACE_STYLE_USAGE(.BOTH.,#9552);
#9306=SURFACE_STYLE_USAGE(.BOTH.,#9553);
#9307=SURFACE_STYLE_USAGE(.BOTH.,#9554);
#9308=SURFACE_STYLE_USAGE(.BOTH.,#9555);
#9309=SURFACE_STYLE_USAGE(.BOTH.,#9556);
#9310=SURFACE_STYLE_USAGE(.BOTH.,#9557);
#9311=SURFACE_STYLE_USAGE(.BOTH.,#9558);
#9312=SURFACE_STYLE_USAGE(.BOTH.,#9559);
#9313=SURFACE_STYLE_USAGE(.BOTH.,#9560);
#9314=SURFACE_STYLE_USAGE(.BOTH.,#9561);
#9315=SURFACE_STYLE_USAGE(.BOTH.,#9562);
#9316=SURFACE_STYLE_USAGE(.BOTH.,#9563);
#9317=SURFACE_STYLE_USAGE(.BOTH.,#9564);
#9318=SURFACE_STYLE_USAGE(.BOTH.,#9565);
#9319=SURFACE_STYLE_USAGE(.BOTH.,#9566);
#9320=SURFACE_STYLE_USAGE(.BOTH.,#9567);
#9321=SURFACE_STYLE_USAGE(.BOTH.,#9568);
#9322=SURFACE_STYLE_USAGE(.BOTH.,#9569);
#9323=SURFACE_STYLE_USAGE(.BOTH.,#9570);
#9324=SURFACE_STYLE_USAGE(.BOTH.,#9571);
#9325=SURFACE_STYLE_USAGE(.BOTH.,#9572);
#9326=SURFACE_STYLE_USAGE(.BOTH.,#9573);
#9327=SURFACE_STYLE_USAGE(.BOTH.,#9574);
#9328=SURFACE_STYLE_USAGE(.BOTH.,#9575);
#9329=SURFACE_STYLE_USAGE(.BOTH.,#9576);
#9330=SURFACE_STYLE_USAGE(.BOTH.,#9577);
#9331=SURFACE_STYLE_USAGE(.BOTH.,#9578);
#9332=SURFACE_STYLE_USAGE(.BOTH.,#9579);
#9333=SURFACE_STYLE_USAGE(.BOTH.,#9580);
#9334=SURFACE_STYLE_USAGE(.BOTH.,#9581);
#9335=SURFACE_STYLE_USAGE(.BOTH.,#9582);
#9336=SURFACE_STYLE_USAGE(.BOTH.,#9583);
#9337=SURFACE_STYLE_USAGE(.BOTH.,#9584);
#9338=SURFACE_STYLE_USAGE(.BOTH.,#9585);
#9339=SURFACE_STYLE_USAGE(.BOTH.,#9586);
#9340=SURFACE_STYLE_USAGE(.BOTH.,#9587);
#9341=SURFACE_STYLE_USAGE(.BOTH.,#9588);
#9342=SURFACE_STYLE_USAGE(.BOTH.,#9589);
#9343=SURFACE_STYLE_USAGE(.BOTH.,#9590);
#9344=SURFACE_STYLE_USAGE(.BOTH.,#9591);
#9345=SURFACE_STYLE_USAGE(.BOTH.,#9592);
#9346=SURFACE_STYLE_USAGE(.BOTH.,#9593);
#9347=SURFACE_STYLE_USAGE(.BOTH.,#9594);
#9348=SURFACE_STYLE_USAGE(.BOTH.,#9595);
#9349=SURFACE_STYLE_USAGE(.BOTH.,#9596);
#9350=SURFACE_STYLE_USAGE(.BOTH.,#9597);
#9351=SURFACE_STYLE_USAGE(.BOTH.,#9598);
#9352=SURFACE_STYLE_USAGE(.BOTH.,#9599);
#9353=SURFACE_STYLE_USAGE(.BOTH.,#9600);
#9354=SURFACE_STYLE_USAGE(.BOTH.,#9601);
#9355=SURFACE_STYLE_USAGE(.BOTH.,#9602);
#9356=SURFACE_STYLE_USAGE(.BOTH.,#9603);
#9357=SURFACE_STYLE_USAGE(.BOTH.,#9604);
#9358=SURFACE_STYLE_USAGE(.BOTH.,#9605);
#9359=SURFACE_STYLE_USAGE(.BOTH.,#9606);
#9360=SURFACE_STYLE_USAGE(.BOTH.,#9607);
#9361=SURFACE_STYLE_USAGE(.BOTH.,#9608);
#9362=SURFACE_STYLE_USAGE(.BOTH.,#9609);
#9363=SURFACE_STYLE_USAGE(.BOTH.,#9610);
#9364=SURFACE_STYLE_USAGE(.BOTH.,#9611);
#9365=SURFACE_STYLE_USAGE(.BOTH.,#9612);
#9366=SURFACE_STYLE_USAGE(.BOTH.,#9613);
#9367=SURFACE_STYLE_USAGE(.BOTH.,#9614);
#9368=SURFACE_STYLE_USAGE(.BOTH.,#9615);
#9369=SURFACE_STYLE_USAGE(.BOTH.,#9616);
#9370=SURFACE_STYLE_USAGE(.BOTH.,#9617);
#9371=SURFACE_STYLE_USAGE(.BOTH.,#9618);
#9372=SURFACE_STYLE_USAGE(.BOTH.,#9619);
#9373=SURFACE_STYLE_USAGE(.BOTH.,#9620);
#9374=SURFACE_STYLE_USAGE(.BOTH.,#9621);
#9375=SURFACE_STYLE_USAGE(.BOTH.,#9622);
#9376=SURFACE_STYLE_USAGE(.BOTH.,#9623);
#9377=SURFACE_STYLE_USAGE(.BOTH.,#9624);
#9378=SURFACE_STYLE_USAGE(.BOTH.,#9625);
#9379=SURFACE_STYLE_USAGE(.BOTH.,#9626);
#9380=SURFACE_STYLE_USAGE(.BOTH.,#9627);
#9381=SURFACE_STYLE_USAGE(.BOTH.,#9628);
#9382=SURFACE_STYLE_USAGE(.BOTH.,#9629);
#9383=SURFACE_STYLE_USAGE(.BOTH.,#9630);
#9384=SURFACE_STYLE_USAGE(.BOTH.,#9631);
#9385=SURFACE_STYLE_USAGE(.BOTH.,#9632);
#9386=SURFACE_STYLE_USAGE(.BOTH.,#9633);
#9387=SURFACE_STYLE_USAGE(.BOTH.,#9634);
#9388=SURFACE_STYLE_USAGE(.BOTH.,#9635);
#9389=SURFACE_STYLE_USAGE(.BOTH.,#9636);
#9390=SURFACE_STYLE_USAGE(.BOTH.,#9637);
#9391=SURFACE_STYLE_USAGE(.BOTH.,#9638);
#9392=SURFACE_STYLE_USAGE(.BOTH.,#9639);
#9393=SURFACE_STYLE_USAGE(.BOTH.,#9640);
#9394=SURFACE_STYLE_USAGE(.BOTH.,#9641);
#9395=SURFACE_STYLE_USAGE(.BOTH.,#9642);
#9396=SURFACE_STYLE_USAGE(.BOTH.,#9643);
#9397=SURFACE_STYLE_USAGE(.BOTH.,#9644);
#9398=SURFACE_STYLE_USAGE(.BOTH.,#9645);
#9399=SURFACE_STYLE_USAGE(.BOTH.,#9646);
#9400=SURFACE_STYLE_USAGE(.BOTH.,#9647);
#9401=SURFACE_STYLE_USAGE(.BOTH.,#9648);
#9402=SURFACE_STYLE_USAGE(.BOTH.,#9649);
#9403=SURFACE_STYLE_USAGE(.BOTH.,#9650);
#9404=SURFACE_STYLE_USAGE(.BOTH.,#9651);
#9405=SURFACE_STYLE_USAGE(.BOTH.,#9652);
#9406=SURFACE_STYLE_USAGE(.BOTH.,#9653);
#9407=SURFACE_STYLE_USAGE(.BOTH.,#9654);
#9408=SURFACE_STYLE_USAGE(.BOTH.,#9655);
#9409=SURFACE_STYLE_USAGE(.BOTH.,#9656);
#9410=SURFACE_STYLE_USAGE(.BOTH.,#9657);
#9411=SURFACE_STYLE_USAGE(.BOTH.,#9658);
#9412=SURFACE_STYLE_USAGE(.BOTH.,#9659);
#9413=SURFACE_STYLE_USAGE(.BOTH.,#9660);
#9414=SURFACE_STYLE_USAGE(.BOTH.,#9661);
#9415=SURFACE_STYLE_USAGE(.BOTH.,#9662);
#9416=SURFACE_STYLE_USAGE(.BOTH.,#9663);
#9417=SURFACE_STYLE_USAGE(.BOTH.,#9664);
#9418=SURFACE_STYLE_USAGE(.BOTH.,#9665);
#9419=SURFACE_STYLE_USAGE(.BOTH.,#9666);
#9420=SURFACE_STYLE_USAGE(.BOTH.,#9667);
#9421=SURFACE_STYLE_USAGE(.BOTH.,#9668);
#9422=SURFACE_STYLE_USAGE(.BOTH.,#9669);
#9423=SURFACE_STYLE_USAGE(.BOTH.,#9670);
#9424=SURFACE_STYLE_USAGE(.BOTH.,#9671);
#9425=SURFACE_STYLE_USAGE(.BOTH.,#9672);
#9426=SURFACE_STYLE_USAGE(.BOTH.,#9673);
#9427=SURFACE_STYLE_USAGE(.BOTH.,#9674);
#9428=SURFACE_STYLE_USAGE(.BOTH.,#9675);
#9429=SURFACE_STYLE_USAGE(.BOTH.,#9676);
#9430=SURFACE_STYLE_USAGE(.BOTH.,#9677);
#9431=SURFACE_STYLE_USAGE(.BOTH.,#9678);
#9432=SURFACE_STYLE_USAGE(.BOTH.,#9679);
#9433=SURFACE_STYLE_USAGE(.BOTH.,#9680);
#9434=SURFACE_STYLE_USAGE(.BOTH.,#9681);
#9435=SURFACE_STYLE_USAGE(.BOTH.,#9682);
#9436=SURFACE_STYLE_USAGE(.BOTH.,#9683);
#9437=SURFACE_STYLE_USAGE(.BOTH.,#9684);
#9438=SURFACE_STYLE_USAGE(.BOTH.,#9685);
#9439=SURFACE_STYLE_USAGE(.BOTH.,#9686);
#9440=SURFACE_STYLE_USAGE(.BOTH.,#9687);
#9441=SURFACE_STYLE_USAGE(.BOTH.,#9688);
#9442=SURFACE_STYLE_USAGE(.BOTH.,#9689);
#9443=SURFACE_STYLE_USAGE(.BOTH.,#9690);
#9444=SURFACE_STYLE_USAGE(.BOTH.,#9691);
#9445=SURFACE_STYLE_USAGE(.BOTH.,#9692);
#9446=SURFACE_STYLE_USAGE(.BOTH.,#9693);
#9447=SURFACE_STYLE_USAGE(.BOTH.,#9694);
#9448=SURFACE_STYLE_USAGE(.BOTH.,#9695);
#9449=SURFACE_STYLE_USAGE(.BOTH.,#9696);
#9450=SURFACE_STYLE_USAGE(.BOTH.,#9697);
#9451=SURFACE_STYLE_USAGE(.BOTH.,#9698);
#9452=SURFACE_STYLE_USAGE(.BOTH.,#9699);
#9453=SURFACE_STYLE_USAGE(.BOTH.,#9700);
#9454=SURFACE_STYLE_USAGE(.BOTH.,#9701);
#9455=SURFACE_STYLE_USAGE(.BOTH.,#9702);
#9456=SURFACE_STYLE_USAGE(.BOTH.,#9703);
#9457=SURFACE_STYLE_USAGE(.BOTH.,#9704);
#9458=SURFACE_STYLE_USAGE(.BOTH.,#9705);
#9459=SURFACE_STYLE_USAGE(.BOTH.,#9706);
#9460=SURFACE_STYLE_USAGE(.BOTH.,#9707);
#9461=SURFACE_STYLE_USAGE(.BOTH.,#9708);
#9462=SURFACE_STYLE_USAGE(.BOTH.,#9709);
#9463=SURFACE_STYLE_USAGE(.BOTH.,#9710);
#9464=SURFACE_STYLE_USAGE(.BOTH.,#9711);
#9465=SURFACE_STYLE_USAGE(.BOTH.,#9712);
#9466=SURFACE_STYLE_USAGE(.BOTH.,#9713);
#9467=SURFACE_STYLE_USAGE(.BOTH.,#9714);
#9468=SURFACE_STYLE_USAGE(.BOTH.,#9715);
#9469=SURFACE_STYLE_USAGE(.BOTH.,#9716);
#9470=SURFACE_STYLE_USAGE(.BOTH.,#9717);
#9471=SURFACE_STYLE_USAGE(.BOTH.,#9718);
#9472=SURFACE_STYLE_USAGE(.BOTH.,#9719);
#9473=SURFACE_STYLE_USAGE(.BOTH.,#9720);
#9474=SURFACE_STYLE_USAGE(.BOTH.,#9721);
#9475=SURFACE_STYLE_USAGE(.BOTH.,#9722);
#9476=SURFACE_STYLE_USAGE(.BOTH.,#9723);
#9477=SURFACE_STYLE_USAGE(.BOTH.,#9724);
#9478=SURFACE_STYLE_USAGE(.BOTH.,#9725);
#9479=SURFACE_STYLE_USAGE(.BOTH.,#9726);
#9480=SURFACE_STYLE_USAGE(.BOTH.,#9727);
#9481=SURFACE_STYLE_USAGE(.BOTH.,#9728);
#9482=SURFACE_STYLE_USAGE(.BOTH.,#9729);
#9483=SURFACE_STYLE_USAGE(.BOTH.,#9730);
#9484=SURFACE_STYLE_USAGE(.BOTH.,#9731);
#9485=SURFACE_STYLE_USAGE(.BOTH.,#9732);
#9486=SURFACE_STYLE_USAGE(.BOTH.,#9733);
#9487=SURFACE_STYLE_USAGE(.BOTH.,#9734);
#9488=SURFACE_STYLE_USAGE(.BOTH.,#9735);
#9489=SURFACE_STYLE_USAGE(.BOTH.,#9736);
#9490=SURFACE_STYLE_USAGE(.BOTH.,#9737);
#9491=SURFACE_STYLE_USAGE(.BOTH.,#9738);
#9492=SURFACE_STYLE_USAGE(.BOTH.,#9739);
#9493=SURFACE_STYLE_USAGE(.BOTH.,#9740);
#9494=SURFACE_STYLE_USAGE(.BOTH.,#9741);
#9495=SURFACE_STYLE_USAGE(.BOTH.,#9742);
#9496=SURFACE_STYLE_USAGE(.BOTH.,#9743);
#9497=SURFACE_STYLE_USAGE(.BOTH.,#9744);
#9498=SURFACE_STYLE_USAGE(.BOTH.,#9745);
#9499=SURFACE_STYLE_USAGE(.BOTH.,#9746);
#9500=SURFACE_STYLE_USAGE(.BOTH.,#9747);
#9501=SURFACE_STYLE_USAGE(.BOTH.,#9748);
#9502=SURFACE_STYLE_USAGE(.BOTH.,#9749);
#9503=SURFACE_STYLE_USAGE(.BOTH.,#9750);
#9504=SURFACE_STYLE_USAGE(.BOTH.,#9751);
#9505=SURFACE_STYLE_USAGE(.BOTH.,#9752);
#9506=SURFACE_STYLE_USAGE(.BOTH.,#9753);
#9507=SURFACE_STYLE_USAGE(.BOTH.,#9754);
#9508=SURFACE_STYLE_USAGE(.BOTH.,#9755);
#9509=SURFACE_STYLE_USAGE(.BOTH.,#9756);
#9510=SURFACE_STYLE_USAGE(.BOTH.,#9757);
#9511=SURFACE_STYLE_USAGE(.BOTH.,#9758);
#9512=SURFACE_STYLE_USAGE(.BOTH.,#9759);
#9513=SURFACE_STYLE_USAGE(.BOTH.,#9760);
#9514=SURFACE_STYLE_USAGE(.BOTH.,#9761);
#9515=SURFACE_STYLE_USAGE(.BOTH.,#9762);
#9516=SURFACE_STYLE_USAGE(.BOTH.,#9763);
#9517=SURFACE_STYLE_USAGE(.BOTH.,#9764);
#9518=SURFACE_STYLE_USAGE(.BOTH.,#9765);
#9519=SURFACE_STYLE_USAGE(.BOTH.,#9766);
#9520=SURFACE_STYLE_USAGE(.BOTH.,#9767);
#9521=SURFACE_STYLE_USAGE(.BOTH.,#9768);
#9522=SURFACE_STYLE_USAGE(.BOTH.,#9769);
#9523=SURFACE_STYLE_USAGE(.BOTH.,#9770);
#9524=SURFACE_STYLE_USAGE(.BOTH.,#9771);
#9525=SURFACE_STYLE_USAGE(.BOTH.,#9772);
#9526=SURFACE_STYLE_USAGE(.BOTH.,#9773);
#9527=SURFACE_STYLE_USAGE(.BOTH.,#9774);
#9528=SURFACE_STYLE_USAGE(.BOTH.,#9775);
#9529=SURFACE_STYLE_USAGE(.BOTH.,#9776);
#9530=SURFACE_STYLE_USAGE(.BOTH.,#9777);
#9531=SURFACE_STYLE_USAGE(.BOTH.,#9778);
#9532=SURFACE_STYLE_USAGE(.BOTH.,#9779);
#9533=SURFACE_STYLE_USAGE(.BOTH.,#9780);
#9534=SURFACE_STYLE_USAGE(.BOTH.,#9781);
#9535=SURFACE_STYLE_USAGE(.BOTH.,#9782);
#9536=SURFACE_STYLE_USAGE(.BOTH.,#9783);
#9537=SURFACE_STYLE_USAGE(.BOTH.,#9784);
#9538=SURFACE_STYLE_USAGE(.BOTH.,#9785);
#9539=SURFACE_STYLE_USAGE(.BOTH.,#9786);
#9540=SURFACE_STYLE_USAGE(.BOTH.,#9787);
#9541=SURFACE_STYLE_USAGE(.BOTH.,#9788);
#9542=SURFACE_STYLE_USAGE(.BOTH.,#9789);
#9543=SURFACE_SIDE_STYLE('',(#9790));
#9544=SURFACE_SIDE_STYLE('',(#9791));
#9545=SURFACE_SIDE_STYLE('',(#9792));
#9546=SURFACE_SIDE_STYLE('',(#9793));
#9547=SURFACE_SIDE_STYLE('',(#9794));
#9548=SURFACE_SIDE_STYLE('',(#9795));
#9549=SURFACE_SIDE_STYLE('',(#9796));
#9550=SURFACE_SIDE_STYLE('',(#9797));
#9551=SURFACE_SIDE_STYLE('',(#9798));
#9552=SURFACE_SIDE_STYLE('',(#9799));
#9553=SURFACE_SIDE_STYLE('',(#9800));
#9554=SURFACE_SIDE_STYLE('',(#9801));
#9555=SURFACE_SIDE_STYLE('',(#9802));
#9556=SURFACE_SIDE_STYLE('',(#9803));
#9557=SURFACE_SIDE_STYLE('',(#9804));
#9558=SURFACE_SIDE_STYLE('',(#9805));
#9559=SURFACE_SIDE_STYLE('',(#9806));
#9560=SURFACE_SIDE_STYLE('',(#9807));
#9561=SURFACE_SIDE_STYLE('',(#9808));
#9562=SURFACE_SIDE_STYLE('',(#9809));
#9563=SURFACE_SIDE_STYLE('',(#9810));
#9564=SURFACE_SIDE_STYLE('',(#9811));
#9565=SURFACE_SIDE_STYLE('',(#9812));
#9566=SURFACE_SIDE_STYLE('',(#9813));
#9567=SURFACE_SIDE_STYLE('',(#9814));
#9568=SURFACE_SIDE_STYLE('',(#9815));
#9569=SURFACE_SIDE_STYLE('',(#9816));
#9570=SURFACE_SIDE_STYLE('',(#9817));
#9571=SURFACE_SIDE_STYLE('',(#9818));
#9572=SURFACE_SIDE_STYLE('',(#9819));
#9573=SURFACE_SIDE_STYLE('',(#9820));
#9574=SURFACE_SIDE_STYLE('',(#9821));
#9575=SURFACE_SIDE_STYLE('',(#9822));
#9576=SURFACE_SIDE_STYLE('',(#9823));
#9577=SURFACE_SIDE_STYLE('',(#9824));
#9578=SURFACE_SIDE_STYLE('',(#9825));
#9579=SURFACE_SIDE_STYLE('',(#9826));
#9580=SURFACE_SIDE_STYLE('',(#9827));
#9581=SURFACE_SIDE_STYLE('',(#9828));
#9582=SURFACE_SIDE_STYLE('',(#9829));
#9583=SURFACE_SIDE_STYLE('',(#9830));
#9584=SURFACE_SIDE_STYLE('',(#9831));
#9585=SURFACE_SIDE_STYLE('',(#9832));
#9586=SURFACE_SIDE_STYLE('',(#9833));
#9587=SURFACE_SIDE_STYLE('',(#9834));
#9588=SURFACE_SIDE_STYLE('',(#9835));
#9589=SURFACE_SIDE_STYLE('',(#9836));
#9590=SURFACE_SIDE_STYLE('',(#9837));
#9591=SURFACE_SIDE_STYLE('',(#9838));
#9592=SURFACE_SIDE_STYLE('',(#9839));
#9593=SURFACE_SIDE_STYLE('',(#9840));
#9594=SURFACE_SIDE_STYLE('',(#9841));
#9595=SURFACE_SIDE_STYLE('',(#9842));
#9596=SURFACE_SIDE_STYLE('',(#9843));
#9597=SURFACE_SIDE_STYLE('',(#9844));
#9598=SURFACE_SIDE_STYLE('',(#9845));
#9599=SURFACE_SIDE_STYLE('',(#9846));
#9600=SURFACE_SIDE_STYLE('',(#9847));
#9601=SURFACE_SIDE_STYLE('',(#9848));
#9602=SURFACE_SIDE_STYLE('',(#9849));
#9603=SURFACE_SIDE_STYLE('',(#9850));
#9604=SURFACE_SIDE_STYLE('',(#9851));
#9605=SURFACE_SIDE_STYLE('',(#9852));
#9606=SURFACE_SIDE_STYLE('',(#9853));
#9607=SURFACE_SIDE_STYLE('',(#9854));
#9608=SURFACE_SIDE_STYLE('',(#9855));
#9609=SURFACE_SIDE_STYLE('',(#9856));
#9610=SURFACE_SIDE_STYLE('',(#9857));
#9611=SURFACE_SIDE_STYLE('',(#9858));
#9612=SURFACE_SIDE_STYLE('',(#9859));
#9613=SURFACE_SIDE_STYLE('',(#9860));
#9614=SURFACE_SIDE_STYLE('',(#9861));
#9615=SURFACE_SIDE_STYLE('',(#9862));
#9616=SURFACE_SIDE_STYLE('',(#9863));
#9617=SURFACE_SIDE_STYLE('',(#9864));
#9618=SURFACE_SIDE_STYLE('',(#9865));
#9619=SURFACE_SIDE_STYLE('',(#9866));
#9620=SURFACE_SIDE_STYLE('',(#9867));
#9621=SURFACE_SIDE_STYLE('',(#9868));
#9622=SURFACE_SIDE_STYLE('',(#9869));
#9623=SURFACE_SIDE_STYLE('',(#9870));
#9624=SURFACE_SIDE_STYLE('',(#9871));
#9625=SURFACE_SIDE_STYLE('',(#9872));
#9626=SURFACE_SIDE_STYLE('',(#9873));
#9627=SURFACE_SIDE_STYLE('',(#9874));
#9628=SURFACE_SIDE_STYLE('',(#9875));
#9629=SURFACE_SIDE_STYLE('',(#9876));
#9630=SURFACE_SIDE_STYLE('',(#9877));
#9631=SURFACE_SIDE_STYLE('',(#9878));
#9632=SURFACE_SIDE_STYLE('',(#9879));
#9633=SURFACE_SIDE_STYLE('',(#9880));
#9634=SURFACE_SIDE_STYLE('',(#9881));
#9635=SURFACE_SIDE_STYLE('',(#9882));
#9636=SURFACE_SIDE_STYLE('',(#9883));
#9637=SURFACE_SIDE_STYLE('',(#9884));
#9638=SURFACE_SIDE_STYLE('',(#9885));
#9639=SURFACE_SIDE_STYLE('',(#9886));
#9640=SURFACE_SIDE_STYLE('',(#9887));
#9641=SURFACE_SIDE_STYLE('',(#9888));
#9642=SURFACE_SIDE_STYLE('',(#9889));
#9643=SURFACE_SIDE_STYLE('',(#9890));
#9644=SURFACE_SIDE_STYLE('',(#9891));
#9645=SURFACE_SIDE_STYLE('',(#9892));
#9646=SURFACE_SIDE_STYLE('',(#9893));
#9647=SURFACE_SIDE_STYLE('',(#9894));
#9648=SURFACE_SIDE_STYLE('',(#9895));
#9649=SURFACE_SIDE_STYLE('',(#9896));
#9650=SURFACE_SIDE_STYLE('',(#9897));
#9651=SURFACE_SIDE_STYLE('',(#9898));
#9652=SURFACE_SIDE_STYLE('',(#9899));
#9653=SURFACE_SIDE_STYLE('',(#9900));
#9654=SURFACE_SIDE_STYLE('',(#9901));
#9655=SURFACE_SIDE_STYLE('',(#9902));
#9656=SURFACE_SIDE_STYLE('',(#9903));
#9657=SURFACE_SIDE_STYLE('',(#9904));
#9658=SURFACE_SIDE_STYLE('',(#9905));
#9659=SURFACE_SIDE_STYLE('',(#9906));
#9660=SURFACE_SIDE_STYLE('',(#9907));
#9661=SURFACE_SIDE_STYLE('',(#9908));
#9662=SURFACE_SIDE_STYLE('',(#9909));
#9663=SURFACE_SIDE_STYLE('',(#9910));
#9664=SURFACE_SIDE_STYLE('',(#9911));
#9665=SURFACE_SIDE_STYLE('',(#9912));
#9666=SURFACE_SIDE_STYLE('',(#9913));
#9667=SURFACE_SIDE_STYLE('',(#9914));
#9668=SURFACE_SIDE_STYLE('',(#9915));
#9669=SURFACE_SIDE_STYLE('',(#9916));
#9670=SURFACE_SIDE_STYLE('',(#9917));
#9671=SURFACE_SIDE_STYLE('',(#9918));
#9672=SURFACE_SIDE_STYLE('',(#9919));
#9673=SURFACE_SIDE_STYLE('',(#9920));
#9674=SURFACE_SIDE_STYLE('',(#9921));
#9675=SURFACE_SIDE_STYLE('',(#9922));
#9676=SURFACE_SIDE_STYLE('',(#9923));
#9677=SURFACE_SIDE_STYLE('',(#9924));
#9678=SURFACE_SIDE_STYLE('',(#9925));
#9679=SURFACE_SIDE_STYLE('',(#9926));
#9680=SURFACE_SIDE_STYLE('',(#9927));
#9681=SURFACE_SIDE_STYLE('',(#9928));
#9682=SURFACE_SIDE_STYLE('',(#9929));
#9683=SURFACE_SIDE_STYLE('',(#9930));
#9684=SURFACE_SIDE_STYLE('',(#9931));
#9685=SURFACE_SIDE_STYLE('',(#9932));
#9686=SURFACE_SIDE_STYLE('',(#9933));
#9687=SURFACE_SIDE_STYLE('',(#9934));
#9688=SURFACE_SIDE_STYLE('',(#9935));
#9689=SURFACE_SIDE_STYLE('',(#9936));
#9690=SURFACE_SIDE_STYLE('',(#9937));
#9691=SURFACE_SIDE_STYLE('',(#9938));
#9692=SURFACE_SIDE_STYLE('',(#9939));
#9693=SURFACE_SIDE_STYLE('',(#9940));
#9694=SURFACE_SIDE_STYLE('',(#9941));
#9695=SURFACE_SIDE_STYLE('',(#9942));
#9696=SURFACE_SIDE_STYLE('',(#9943));
#9697=SURFACE_SIDE_STYLE('',(#9944));
#9698=SURFACE_SIDE_STYLE('',(#9945));
#9699=SURFACE_SIDE_STYLE('',(#9946));
#9700=SURFACE_SIDE_STYLE('',(#9947));
#9701=SURFACE_SIDE_STYLE('',(#9948));
#9702=SURFACE_SIDE_STYLE('',(#9949));
#9703=SURFACE_SIDE_STYLE('',(#9950));
#9704=SURFACE_SIDE_STYLE('',(#9951));
#9705=SURFACE_SIDE_STYLE('',(#9952));
#9706=SURFACE_SIDE_STYLE('',(#9953));
#9707=SURFACE_SIDE_STYLE('',(#9954));
#9708=SURFACE_SIDE_STYLE('',(#9955));
#9709=SURFACE_SIDE_STYLE('',(#9956));
#9710=SURFACE_SIDE_STYLE('',(#9957));
#9711=SURFACE_SIDE_STYLE('',(#9958));
#9712=SURFACE_SIDE_STYLE('',(#9959));
#9713=SURFACE_SIDE_STYLE('',(#9960));
#9714=SURFACE_SIDE_STYLE('',(#9961));
#9715=SURFACE_SIDE_STYLE('',(#9962));
#9716=SURFACE_SIDE_STYLE('',(#9963));
#9717=SURFACE_SIDE_STYLE('',(#9964));
#9718=SURFACE_SIDE_STYLE('',(#9965));
#9719=SURFACE_SIDE_STYLE('',(#9966));
#9720=SURFACE_SIDE_STYLE('',(#9967));
#9721=SURFACE_SIDE_STYLE('',(#9968));
#9722=SURFACE_SIDE_STYLE('',(#9969));
#9723=SURFACE_SIDE_STYLE('',(#9970));
#9724=SURFACE_SIDE_STYLE('',(#9971));
#9725=SURFACE_SIDE_STYLE('',(#9972));
#9726=SURFACE_SIDE_STYLE('',(#9973));
#9727=SURFACE_SIDE_STYLE('',(#9974));
#9728=SURFACE_SIDE_STYLE('',(#9975));
#9729=SURFACE_SIDE_STYLE('',(#9976));
#9730=SURFACE_SIDE_STYLE('',(#9977));
#9731=SURFACE_SIDE_STYLE('',(#9978));
#9732=SURFACE_SIDE_STYLE('',(#9979));
#9733=SURFACE_SIDE_STYLE('',(#9980));
#9734=SURFACE_SIDE_STYLE('',(#9981));
#9735=SURFACE_SIDE_STYLE('',(#9982));
#9736=SURFACE_SIDE_STYLE('',(#9983));
#9737=SURFACE_SIDE_STYLE('',(#9984));
#9738=SURFACE_SIDE_STYLE('',(#9985));
#9739=SURFACE_SIDE_STYLE('',(#9986));
#9740=SURFACE_SIDE_STYLE('',(#9987));
#9741=SURFACE_SIDE_STYLE('',(#9988));
#9742=SURFACE_SIDE_STYLE('',(#9989));
#9743=SURFACE_SIDE_STYLE('',(#9990));
#9744=SURFACE_SIDE_STYLE('',(#9991));
#9745=SURFACE_SIDE_STYLE('',(#9992));
#9746=SURFACE_SIDE_STYLE('',(#9993));
#9747=SURFACE_SIDE_STYLE('',(#9994));
#9748=SURFACE_SIDE_STYLE('',(#9995));
#9749=SURFACE_SIDE_STYLE('',(#9996));
#9750=SURFACE_SIDE_STYLE('',(#9997));
#9751=SURFACE_SIDE_STYLE('',(#9998));
#9752=SURFACE_SIDE_STYLE('',(#9999));
#9753=SURFACE_SIDE_STYLE('',(#10000));
#9754=SURFACE_SIDE_STYLE('',(#10001));
#9755=SURFACE_SIDE_STYLE('',(#10002));
#9756=SURFACE_SIDE_STYLE('',(#10003));
#9757=SURFACE_SIDE_STYLE('',(#10004));
#9758=SURFACE_SIDE_STYLE('',(#10005));
#9759=SURFACE_SIDE_STYLE('',(#10006));
#9760=SURFACE_SIDE_STYLE('',(#10007));
#9761=SURFACE_SIDE_STYLE('',(#10008));
#9762=SURFACE_SIDE_STYLE('',(#10009));
#9763=SURFACE_SIDE_STYLE('',(#10010));
#9764=SURFACE_SIDE_STYLE('',(#10011));
#9765=SURFACE_SIDE_STYLE('',(#10012));
#9766=SURFACE_SIDE_STYLE('',(#10013));
#9767=SURFACE_SIDE_STYLE('',(#10014));
#9768=SURFACE_SIDE_STYLE('',(#10015));
#9769=SURFACE_SIDE_STYLE('',(#10016));
#9770=SURFACE_SIDE_STYLE('',(#10017));
#9771=SURFACE_SIDE_STYLE('',(#10018));
#9772=SURFACE_SIDE_STYLE('',(#10019));
#9773=SURFACE_SIDE_STYLE('',(#10020));
#9774=SURFACE_SIDE_STYLE('',(#10021));
#9775=SURFACE_SIDE_STYLE('',(#10022));
#9776=SURFACE_SIDE_STYLE('',(#10023));
#9777=SURFACE_SIDE_STYLE('',(#10024));
#9778=SURFACE_SIDE_STYLE('',(#10025));
#9779=SURFACE_SIDE_STYLE('',(#10026));
#9780=SURFACE_SIDE_STYLE('',(#10027));
#9781=SURFACE_SIDE_STYLE('',(#10028));
#9782=SURFACE_SIDE_STYLE('',(#10029));
#9783=SURFACE_SIDE_STYLE('',(#10030));
#9784=SURFACE_SIDE_STYLE('',(#10031));
#9785=SURFACE_SIDE_STYLE('',(#10032));
#9786=SURFACE_SIDE_STYLE('',(#10033));
#9787=SURFACE_SIDE_STYLE('',(#10034));
#9788=SURFACE_SIDE_STYLE('',(#10035));
#9789=SURFACE_SIDE_STYLE('',(#10036));
#9790=SURFACE_STYLE_FILL_AREA(#10037);
#9791=SURFACE_STYLE_FILL_AREA(#10038);
#9792=SURFACE_STYLE_FILL_AREA(#10039);
#9793=SURFACE_STYLE_FILL_AREA(#10040);
#9794=SURFACE_STYLE_FILL_AREA(#10041);
#9795=SURFACE_STYLE_FILL_AREA(#10042);
#9796=SURFACE_STYLE_FILL_AREA(#10043);
#9797=SURFACE_STYLE_FILL_AREA(#10044);
#9798=SURFACE_STYLE_FILL_AREA(#10045);
#9799=SURFACE_STYLE_FILL_AREA(#10046);
#9800=SURFACE_STYLE_FILL_AREA(#10047);
#9801=SURFACE_STYLE_FILL_AREA(#10048);
#9802=SURFACE_STYLE_FILL_AREA(#10049);
#9803=SURFACE_STYLE_FILL_AREA(#10050);
#9804=SURFACE_STYLE_FILL_AREA(#10051);
#9805=SURFACE_STYLE_FILL_AREA(#10052);
#9806=SURFACE_STYLE_FILL_AREA(#10053);
#9807=SURFACE_STYLE_FILL_AREA(#10054);
#9808=SURFACE_STYLE_FILL_AREA(#10055);
#9809=SURFACE_STYLE_FILL_AREA(#10056);
#9810=SURFACE_STYLE_FILL_AREA(#10057);
#9811=SURFACE_STYLE_FILL_AREA(#10058);
#9812=SURFACE_STYLE_FILL_AREA(#10059);
#9813=SURFACE_STYLE_FILL_AREA(#10060);
#9814=SURFACE_STYLE_FILL_AREA(#10061);
#9815=SURFACE_STYLE_FILL_AREA(#10062);
#9816=SURFACE_STYLE_FILL_AREA(#10063);
#9817=SURFACE_STYLE_FILL_AREA(#10064);
#9818=SURFACE_STYLE_FILL_AREA(#10065);
#9819=SURFACE_STYLE_FILL_AREA(#10066);
#9820=SURFACE_STYLE_FILL_AREA(#10067);
#9821=SURFACE_STYLE_FILL_AREA(#10068);
#9822=SURFACE_STYLE_FILL_AREA(#10069);
#9823=SURFACE_STYLE_FILL_AREA(#10070);
#9824=SURFACE_STYLE_FILL_AREA(#10071);
#9825=SURFACE_STYLE_FILL_AREA(#10072);
#9826=SURFACE_STYLE_FILL_AREA(#10073);
#9827=SURFACE_STYLE_FILL_AREA(#10074);
#9828=SURFACE_STYLE_FILL_AREA(#10075);
#9829=SURFACE_STYLE_FILL_AREA(#10076);
#9830=SURFACE_STYLE_FILL_AREA(#10077);
#9831=SURFACE_STYLE_FILL_AREA(#10078);
#9832=SURFACE_STYLE_FILL_AREA(#10079);
#9833=SURFACE_STYLE_FILL_AREA(#10080);
#9834=SURFACE_STYLE_FILL_AREA(#10081);
#9835=SURFACE_STYLE_FILL_AREA(#10082);
#9836=SURFACE_STYLE_FILL_AREA(#10083);
#9837=SURFACE_STYLE_FILL_AREA(#10084);
#9838=SURFACE_STYLE_FILL_AREA(#10085);
#9839=SURFACE_STYLE_FILL_AREA(#10086);
#9840=SURFACE_STYLE_FILL_AREA(#10087);
#9841=SURFACE_STYLE_FILL_AREA(#10088);
#9842=SURFACE_STYLE_FILL_AREA(#10089);
#9843=SURFACE_STYLE_FILL_AREA(#10090);
#9844=SURFACE_STYLE_FILL_AREA(#10091);
#9845=SURFACE_STYLE_FILL_AREA(#10092);
#9846=SURFACE_STYLE_FILL_AREA(#10093);
#9847=SURFACE_STYLE_FILL_AREA(#10094);
#9848=SURFACE_STYLE_FILL_AREA(#10095);
#9849=SURFACE_STYLE_FILL_AREA(#10096);
#9850=SURFACE_STYLE_FILL_AREA(#10097);
#9851=SURFACE_STYLE_FILL_AREA(#10098);
#9852=SURFACE_STYLE_FILL_AREA(#10099);
#9853=SURFACE_STYLE_FILL_AREA(#10100);
#9854=SURFACE_STYLE_FILL_AREA(#10101);
#9855=SURFACE_STYLE_FILL_AREA(#10102);
#9856=SURFACE_STYLE_FILL_AREA(#10103);
#9857=SURFACE_STYLE_FILL_AREA(#10104);
#9858=SURFACE_STYLE_FILL_AREA(#10105);
#9859=SURFACE_STYLE_FILL_AREA(#10106);
#9860=SURFACE_STYLE_FILL_AREA(#10107);
#9861=SURFACE_STYLE_FILL_AREA(#10108);
#9862=SURFACE_STYLE_FILL_AREA(#10109);
#9863=SURFACE_STYLE_FILL_AREA(#10110);
#9864=SURFACE_STYLE_FILL_AREA(#10111);
#9865=SURFACE_STYLE_FILL_AREA(#10112);
#9866=SURFACE_STYLE_FILL_AREA(#10113);
#9867=SURFACE_STYLE_FILL_AREA(#10114);
#9868=SURFACE_STYLE_FILL_AREA(#10115);
#9869=SURFACE_STYLE_FILL_AREA(#10116);
#9870=SURFACE_STYLE_FILL_AREA(#10117);
#9871=SURFACE_STYLE_FILL_AREA(#10118);
#9872=SURFACE_STYLE_FILL_AREA(#10119);
#9873=SURFACE_STYLE_FILL_AREA(#10120);
#9874=SURFACE_STYLE_FILL_AREA(#10121);
#9875=SURFACE_STYLE_FILL_AREA(#10122);
#9876=SURFACE_STYLE_FILL_AREA(#10123);
#9877=SURFACE_STYLE_FILL_AREA(#10124);
#9878=SURFACE_STYLE_FILL_AREA(#10125);
#9879=SURFACE_STYLE_FILL_AREA(#10126);
#9880=SURFACE_STYLE_FILL_AREA(#10127);
#9881=SURFACE_STYLE_FILL_AREA(#10128);
#9882=SURFACE_STYLE_FILL_AREA(#10129);
#9883=SURFACE_STYLE_FILL_AREA(#10130);
#9884=SURFACE_STYLE_FILL_AREA(#10131);
#9885=SURFACE_STYLE_FILL_AREA(#10132);
#9886=SURFACE_STYLE_FILL_AREA(#10133);
#9887=SURFACE_STYLE_FILL_AREA(#10134);
#9888=SURFACE_STYLE_FILL_AREA(#10135);
#9889=SURFACE_STYLE_FILL_AREA(#10136);
#9890=SURFACE_STYLE_FILL_AREA(#10137);
#9891=SURFACE_STYLE_FILL_AREA(#10138);
#9892=SURFACE_STYLE_FILL_AREA(#10139);
#9893=SURFACE_STYLE_FILL_AREA(#10140);
#9894=SURFACE_STYLE_FILL_AREA(#10141);
#9895=SURFACE_STYLE_FILL_AREA(#10142);
#9896=SURFACE_STYLE_FILL_AREA(#10143);
#9897=SURFACE_STYLE_FILL_AREA(#10144);
#9898=SURFACE_STYLE_FILL_AREA(#10145);
#9899=SURFACE_STYLE_FILL_AREA(#10146);
#9900=SURFACE_STYLE_FILL_AREA(#10147);
#9901=SURFACE_STYLE_FILL_AREA(#10148);
#9902=SURFACE_STYLE_FILL_AREA(#10149);
#9903=SURFACE_STYLE_FILL_AREA(#10150);
#9904=SURFACE_STYLE_FILL_AREA(#10151);
#9905=SURFACE_STYLE_FILL_AREA(#10152);
#9906=SURFACE_STYLE_FILL_AREA(#10153);
#9907=SURFACE_STYLE_FILL_AREA(#10154);
#9908=SURFACE_STYLE_FILL_AREA(#10155);
#9909=SURFACE_STYLE_FILL_AREA(#10156);
#9910=SURFACE_STYLE_FILL_AREA(#10157);
#9911=SURFACE_STYLE_FILL_AREA(#10158);
#9912=SURFACE_STYLE_FILL_AREA(#10159);
#9913=SURFACE_STYLE_FILL_AREA(#10160);
#9914=SURFACE_STYLE_FILL_AREA(#10161);
#9915=SURFACE_STYLE_FILL_AREA(#10162);
#9916=SURFACE_STYLE_FILL_AREA(#10163);
#9917=SURFACE_STYLE_FILL_AREA(#10164);
#9918=SURFACE_STYLE_FILL_AREA(#10165);
#9919=SURFACE_STYLE_FILL_AREA(#10166);
#9920=SURFACE_STYLE_FILL_AREA(#10167);
#9921=SURFACE_STYLE_FILL_AREA(#10168);
#9922=SURFACE_STYLE_FILL_AREA(#10169);
#9923=SURFACE_STYLE_FILL_AREA(#10170);
#9924=SURFACE_STYLE_FILL_AREA(#10171);
#9925=SURFACE_STYLE_FILL_AREA(#10172);
#9926=SURFACE_STYLE_FILL_AREA(#10173);
#9927=SURFACE_STYLE_FILL_AREA(#10174);
#9928=SURFACE_STYLE_FILL_AREA(#10175);
#9929=SURFACE_STYLE_FILL_AREA(#10176);
#9930=SURFACE_STYLE_FILL_AREA(#10177);
#9931=SURFACE_STYLE_FILL_AREA(#10178);
#9932=SURFACE_STYLE_FILL_AREA(#10179);
#9933=SURFACE_STYLE_FILL_AREA(#10180);
#9934=SURFACE_STYLE_FILL_AREA(#10181);
#9935=SURFACE_STYLE_FILL_AREA(#10182);
#9936=SURFACE_STYLE_FILL_AREA(#10183);
#9937=SURFACE_STYLE_FILL_AREA(#10184);
#9938=SURFACE_STYLE_FILL_AREA(#10185);
#9939=SURFACE_STYLE_FILL_AREA(#10186);
#9940=SURFACE_STYLE_FILL_AREA(#10187);
#9941=SURFACE_STYLE_FILL_AREA(#10188);
#9942=SURFACE_STYLE_FILL_AREA(#10189);
#9943=SURFACE_STYLE_FILL_AREA(#10190);
#9944=SURFACE_STYLE_FILL_AREA(#10191);
#9945=SURFACE_STYLE_FILL_AREA(#10192);
#9946=SURFACE_STYLE_FILL_AREA(#10193);
#9947=SURFACE_STYLE_FILL_AREA(#10194);
#9948=SURFACE_STYLE_FILL_AREA(#10195);
#9949=SURFACE_STYLE_FILL_AREA(#10196);
#9950=SURFACE_STYLE_FILL_AREA(#10197);
#9951=SURFACE_STYLE_FILL_AREA(#10198);
#9952=SURFACE_STYLE_FILL_AREA(#10199);
#9953=SURFACE_STYLE_FILL_AREA(#10200);
#9954=SURFACE_STYLE_FILL_AREA(#10201);
#9955=SURFACE_STYLE_FILL_AREA(#10202);
#9956=SURFACE_STYLE_FILL_AREA(#10203);
#9957=SURFACE_STYLE_FILL_AREA(#10204);
#9958=SURFACE_STYLE_FILL_AREA(#10205);
#9959=SURFACE_STYLE_FILL_AREA(#10206);
#9960=SURFACE_STYLE_FILL_AREA(#10207);
#9961=SURFACE_STYLE_FILL_AREA(#10208);
#9962=SURFACE_STYLE_FILL_AREA(#10209);
#9963=SURFACE_STYLE_FILL_AREA(#10210);
#9964=SURFACE_STYLE_FILL_AREA(#10211);
#9965=SURFACE_STYLE_FILL_AREA(#10212);
#9966=SURFACE_STYLE_FILL_AREA(#10213);
#9967=SURFACE_STYLE_FILL_AREA(#10214);
#9968=SURFACE_STYLE_FILL_AREA(#10215);
#9969=SURFACE_STYLE_FILL_AREA(#10216);
#9970=SURFACE_STYLE_FILL_AREA(#10217);
#9971=SURFACE_STYLE_FILL_AREA(#10218);
#9972=SURFACE_STYLE_FILL_AREA(#10219);
#9973=SURFACE_STYLE_FILL_AREA(#10220);
#9974=SURFACE_STYLE_FILL_AREA(#10221);
#9975=SURFACE_STYLE_FILL_AREA(#10222);
#9976=SURFACE_STYLE_FILL_AREA(#10223);
#9977=SURFACE_STYLE_FILL_AREA(#10224);
#9978=SURFACE_STYLE_FILL_AREA(#10225);
#9979=SURFACE_STYLE_FILL_AREA(#10226);
#9980=SURFACE_STYLE_FILL_AREA(#10227);
#9981=SURFACE_STYLE_FILL_AREA(#10228);
#9982=SURFACE_STYLE_FILL_AREA(#10229);
#9983=SURFACE_STYLE_FILL_AREA(#10230);
#9984=SURFACE_STYLE_FILL_AREA(#10231);
#9985=SURFACE_STYLE_FILL_AREA(#10232);
#9986=SURFACE_STYLE_FILL_AREA(#10233);
#9987=SURFACE_STYLE_FILL_AREA(#10234);
#9988=SURFACE_STYLE_FILL_AREA(#10235);
#9989=SURFACE_STYLE_FILL_AREA(#10236);
#9990=SURFACE_STYLE_FILL_AREA(#10237);
#9991=SURFACE_STYLE_FILL_AREA(#10238);
#9992=SURFACE_STYLE_FILL_AREA(#10239);
#9993=SURFACE_STYLE_FILL_AREA(#10240);
#9994=SURFACE_STYLE_FILL_AREA(#10241);
#9995=SURFACE_STYLE_FILL_AREA(#10242);
#9996=SURFACE_STYLE_FILL_AREA(#10243);
#9997=SURFACE_STYLE_FILL_AREA(#10244);
#9998=SURFACE_STYLE_FILL_AREA(#10245);
#9999=SURFACE_STYLE_FILL_AREA(#10246);
#10000=SURFACE_STYLE_FILL_AREA(#10247);
#10001=SURFACE_STYLE_FILL_AREA(#10248);
#10002=SURFACE_STYLE_FILL_AREA(#10249);
#10003=SURFACE_STYLE_FILL_AREA(#10250);
#10004=SURFACE_STYLE_FILL_AREA(#10251);
#10005=SURFACE_STYLE_FILL_AREA(#10252);
#10006=SURFACE_STYLE_FILL_AREA(#10253);
#10007=SURFACE_STYLE_FILL_AREA(#10254);
#10008=SURFACE_STYLE_FILL_AREA(#10255);
#10009=SURFACE_STYLE_FILL_AREA(#10256);
#10010=SURFACE_STYLE_FILL_AREA(#10257);
#10011=SURFACE_STYLE_FILL_AREA(#10258);
#10012=SURFACE_STYLE_FILL_AREA(#10259);
#10013=SURFACE_STYLE_FILL_AREA(#10260);
#10014=SURFACE_STYLE_FILL_AREA(#10261);
#10015=SURFACE_STYLE_FILL_AREA(#10262);
#10016=SURFACE_STYLE_FILL_AREA(#10263);
#10017=SURFACE_STYLE_FILL_AREA(#10264);
#10018=SURFACE_STYLE_FILL_AREA(#10265);
#10019=SURFACE_STYLE_FILL_AREA(#10266);
#10020=SURFACE_STYLE_FILL_AREA(#10267);
#10021=SURFACE_STYLE_FILL_AREA(#10268);
#10022=SURFACE_STYLE_FILL_AREA(#10269);
#10023=SURFACE_STYLE_FILL_AREA(#10270);
#10024=SURFACE_STYLE_FILL_AREA(#10271);
#10025=SURFACE_STYLE_FILL_AREA(#10272);
#10026=SURFACE_STYLE_FILL_AREA(#10273);
#10027=SURFACE_STYLE_FILL_AREA(#10274);
#10028=SURFACE_STYLE_FILL_AREA(#10275);
#10029=SURFACE_STYLE_FILL_AREA(#10276);
#10030=SURFACE_STYLE_FILL_AREA(#10277);
#10031=SURFACE_STYLE_FILL_AREA(#10278);
#10032=SURFACE_STYLE_FILL_AREA(#10279);
#10033=SURFACE_STYLE_FILL_AREA(#10280);
#10034=SURFACE_STYLE_FILL_AREA(#10281);
#10035=SURFACE_STYLE_FILL_AREA(#10282);
#10036=SURFACE_STYLE_FILL_AREA(#10283);
#10037=FILL_AREA_STYLE('',(#10284));
#10038=FILL_AREA_STYLE('',(#10285));
#10039=FILL_AREA_STYLE('',(#10286));
#10040=FILL_AREA_STYLE('',(#10287));
#10041=FILL_AREA_STYLE('',(#10288));
#10042=FILL_AREA_STYLE('',(#10289));
#10043=FILL_AREA_STYLE('',(#10290));
#10044=FILL_AREA_STYLE('',(#10291));
#10045=FILL_AREA_STYLE('',(#10292));
#10046=FILL_AREA_STYLE('',(#10293));
#10047=FILL_AREA_STYLE('',(#10294));
#10048=FILL_AREA_STYLE('',(#10295));
#10049=FILL_AREA_STYLE('',(#10296));
#10050=FILL_AREA_STYLE('',(#10297));
#10051=FILL_AREA_STYLE('',(#10298));
#10052=FILL_AREA_STYLE('',(#10299));
#10053=FILL_AREA_STYLE('',(#10300));
#10054=FILL_AREA_STYLE('',(#10301));
#10055=FILL_AREA_STYLE('',(#10302));
#10056=FILL_AREA_STYLE('',(#10303));
#10057=FILL_AREA_STYLE('',(#10304));
#10058=FILL_AREA_STYLE('',(#10305));
#10059=FILL_AREA_STYLE('',(#10306));
#10060=FILL_AREA_STYLE('',(#10307));
#10061=FILL_AREA_STYLE('',(#10308));
#10062=FILL_AREA_STYLE('',(#10309));
#10063=FILL_AREA_STYLE('',(#10310));
#10064=FILL_AREA_STYLE('',(#10311));
#10065=FILL_AREA_STYLE('',(#10312));
#10066=FILL_AREA_STYLE('',(#10313));
#10067=FILL_AREA_STYLE('',(#10314));
#10068=FILL_AREA_STYLE('',(#10315));
#10069=FILL_AREA_STYLE('',(#10316));
#10070=FILL_AREA_STYLE('',(#10317));
#10071=FILL_AREA_STYLE('',(#10318));
#10072=FILL_AREA_STYLE('',(#10319));
#10073=FILL_AREA_STYLE('',(#10320));
#10074=FILL_AREA_STYLE('',(#10321));
#10075=FILL_AREA_STYLE('',(#10322));
#10076=FILL_AREA_STYLE('',(#10323));
#10077=FILL_AREA_STYLE('',(#10324));
#10078=FILL_AREA_STYLE('',(#10325));
#10079=FILL_AREA_STYLE('',(#10326));
#10080=FILL_AREA_STYLE('',(#10327));
#10081=FILL_AREA_STYLE('',(#10328));
#10082=FILL_AREA_STYLE('',(#10329));
#10083=FILL_AREA_STYLE('',(#10330));
#10084=FILL_AREA_STYLE('',(#10331));
#10085=FILL_AREA_STYLE('',(#10332));
#10086=FILL_AREA_STYLE('',(#10333));
#10087=FILL_AREA_STYLE('',(#10334));
#10088=FILL_AREA_STYLE('',(#10335));
#10089=FILL_AREA_STYLE('',(#10336));
#10090=FILL_AREA_STYLE('',(#10337));
#10091=FILL_AREA_STYLE('',(#10338));
#10092=FILL_AREA_STYLE('',(#10339));
#10093=FILL_AREA_STYLE('',(#10340));
#10094=FILL_AREA_STYLE('',(#10341));
#10095=FILL_AREA_STYLE('',(#10342));
#10096=FILL_AREA_STYLE('',(#10343));
#10097=FILL_AREA_STYLE('',(#10344));
#10098=FILL_AREA_STYLE('',(#10345));
#10099=FILL_AREA_STYLE('',(#10346));
#10100=FILL_AREA_STYLE('',(#10347));
#10101=FILL_AREA_STYLE('',(#10348));
#10102=FILL_AREA_STYLE('',(#10349));
#10103=FILL_AREA_STYLE('',(#10350));
#10104=FILL_AREA_STYLE('',(#10351));
#10105=FILL_AREA_STYLE('',(#10352));
#10106=FILL_AREA_STYLE('',(#10353));
#10107=FILL_AREA_STYLE('',(#10354));
#10108=FILL_AREA_STYLE('',(#10355));
#10109=FILL_AREA_STYLE('',(#10356));
#10110=FILL_AREA_STYLE('',(#10357));
#10111=FILL_AREA_STYLE('',(#10358));
#10112=FILL_AREA_STYLE('',(#10359));
#10113=FILL_AREA_STYLE('',(#10360));
#10114=FILL_AREA_STYLE('',(#10361));
#10115=FILL_AREA_STYLE('',(#10362));
#10116=FILL_AREA_STYLE('',(#10363));
#10117=FILL_AREA_STYLE('',(#10364));
#10118=FILL_AREA_STYLE('',(#10365));
#10119=FILL_AREA_STYLE('',(#10366));
#10120=FILL_AREA_STYLE('',(#10367));
#10121=FILL_AREA_STYLE('',(#10368));
#10122=FILL_AREA_STYLE('',(#10369));
#10123=FILL_AREA_STYLE('',(#10370));
#10124=FILL_AREA_STYLE('',(#10371));
#10125=FILL_AREA_STYLE('',(#10372));
#10126=FILL_AREA_STYLE('',(#10373));
#10127=FILL_AREA_STYLE('',(#10374));
#10128=FILL_AREA_STYLE('',(#10375));
#10129=FILL_AREA_STYLE('',(#10376));
#10130=FILL_AREA_STYLE('',(#10377));
#10131=FILL_AREA_STYLE('',(#10378));
#10132=FILL_AREA_STYLE('',(#10379));
#10133=FILL_AREA_STYLE('',(#10380));
#10134=FILL_AREA_STYLE('',(#10381));
#10135=FILL_AREA_STYLE('',(#10382));
#10136=FILL_AREA_STYLE('',(#10383));
#10137=FILL_AREA_STYLE('',(#10384));
#10138=FILL_AREA_STYLE('',(#10385));
#10139=FILL_AREA_STYLE('',(#10386));
#10140=FILL_AREA_STYLE('',(#10387));
#10141=FILL_AREA_STYLE('',(#10388));
#10142=FILL_AREA_STYLE('',(#10389));
#10143=FILL_AREA_STYLE('',(#10390));
#10144=FILL_AREA_STYLE('',(#10391));
#10145=FILL_AREA_STYLE('',(#10392));
#10146=FILL_AREA_STYLE('',(#10393));
#10147=FILL_AREA_STYLE('',(#10394));
#10148=FILL_AREA_STYLE('',(#10395));
#10149=FILL_AREA_STYLE('',(#10396));
#10150=FILL_AREA_STYLE('',(#10397));
#10151=FILL_AREA_STYLE('',(#10398));
#10152=FILL_AREA_STYLE('',(#10399));
#10153=FILL_AREA_STYLE('',(#10400));
#10154=FILL_AREA_STYLE('',(#10401));
#10155=FILL_AREA_STYLE('',(#10402));
#10156=FILL_AREA_STYLE('',(#10403));
#10157=FILL_AREA_STYLE('',(#10404));
#10158=FILL_AREA_STYLE('',(#10405));
#10159=FILL_AREA_STYLE('',(#10406));
#10160=FILL_AREA_STYLE('',(#10407));
#10161=FILL_AREA_STYLE('',(#10408));
#10162=FILL_AREA_STYLE('',(#10409));
#10163=FILL_AREA_STYLE('',(#10410));
#10164=FILL_AREA_STYLE('',(#10411));
#10165=FILL_AREA_STYLE('',(#10412));
#10166=FILL_AREA_STYLE('',(#10413));
#10167=FILL_AREA_STYLE('',(#10414));
#10168=FILL_AREA_STYLE('',(#10415));
#10169=FILL_AREA_STYLE('',(#10416));
#10170=FILL_AREA_STYLE('',(#10417));
#10171=FILL_AREA_STYLE('',(#10418));
#10172=FILL_AREA_STYLE('',(#10419));
#10173=FILL_AREA_STYLE('',(#10420));
#10174=FILL_AREA_STYLE('',(#10421));
#10175=FILL_AREA_STYLE('',(#10422));
#10176=FILL_AREA_STYLE('',(#10423));
#10177=FILL_AREA_STYLE('',(#10424));
#10178=FILL_AREA_STYLE('',(#10425));
#10179=FILL_AREA_STYLE('',(#10426));
#10180=FILL_AREA_STYLE('',(#10427));
#10181=FILL_AREA_STYLE('',(#10428));
#10182=FILL_AREA_STYLE('',(#10429));
#10183=FILL_AREA_STYLE('',(#10430));
#10184=FILL_AREA_STYLE('',(#10431));
#10185=FILL_AREA_STYLE('',(#10432));
#10186=FILL_AREA_STYLE('',(#10433));
#10187=FILL_AREA_STYLE('',(#10434));
#10188=FILL_AREA_STYLE('',(#10435));
#10189=FILL_AREA_STYLE('',(#10436));
#10190=FILL_AREA_STYLE('',(#10437));
#10191=FILL_AREA_STYLE('',(#10438));
#10192=FILL_AREA_STYLE('',(#10439));
#10193=FILL_AREA_STYLE('',(#10440));
#10194=FILL_AREA_STYLE('',(#10441));
#10195=FILL_AREA_STYLE('',(#10442));
#10196=FILL_AREA_STYLE('',(#10443));
#10197=FILL_AREA_STYLE('',(#10444));
#10198=FILL_AREA_STYLE('',(#10445));
#10199=FILL_AREA_STYLE('',(#10446));
#10200=FILL_AREA_STYLE('',(#10447));
#10201=FILL_AREA_STYLE('',(#10448));
#10202=FILL_AREA_STYLE('',(#10449));
#10203=FILL_AREA_STYLE('',(#10450));
#10204=FILL_AREA_STYLE('',(#10451));
#10205=FILL_AREA_STYLE('',(#10452));
#10206=FILL_AREA_STYLE('',(#10453));
#10207=FILL_AREA_STYLE('',(#10454));
#10208=FILL_AREA_STYLE('',(#10455));
#10209=FILL_AREA_STYLE('',(#10456));
#10210=FILL_AREA_STYLE('',(#10457));
#10211=FILL_AREA_STYLE('',(#10458));
#10212=FILL_AREA_STYLE('',(#10459));
#10213=FILL_AREA_STYLE('',(#10460));
#10214=FILL_AREA_STYLE('',(#10461));
#10215=FILL_AREA_STYLE('',(#10462));
#10216=FILL_AREA_STYLE('',(#10463));
#10217=FILL_AREA_STYLE('',(#10464));
#10218=FILL_AREA_STYLE('',(#10465));
#10219=FILL_AREA_STYLE('',(#10466));
#10220=FILL_AREA_STYLE('',(#10467));
#10221=FILL_AREA_STYLE('',(#10468));
#10222=FILL_AREA_STYLE('',(#10469));
#10223=FILL_AREA_STYLE('',(#10470));
#10224=FILL_AREA_STYLE('',(#10471));
#10225=FILL_AREA_STYLE('',(#10472));
#10226=FILL_AREA_STYLE('',(#10473));
#10227=FILL_AREA_STYLE('',(#10474));
#10228=FILL_AREA_STYLE('',(#10475));
#10229=FILL_AREA_STYLE('',(#10476));
#10230=FILL_AREA_STYLE('',(#10477));
#10231=FILL_AREA_STYLE('',(#10478));
#10232=FILL_AREA_STYLE('',(#10479));
#10233=FILL_AREA_STYLE('',(#10480));
#10234=FILL_AREA_STYLE('',(#10481));
#10235=FILL_AREA_STYLE('',(#10482));
#10236=FILL_AREA_STYLE('',(#10483));
#10237=FILL_AREA_STYLE('',(#10484));
#10238=FILL_AREA_STYLE('',(#10485));
#10239=FILL_AREA_STYLE('',(#10486));
#10240=FILL_AREA_STYLE('',(#10487));
#10241=FILL_AREA_STYLE('',(#10488));
#10242=FILL_AREA_STYLE('',(#10489));
#10243=FILL_AREA_STYLE('',(#10490));
#10244=FILL_AREA_STYLE('',(#10491));
#10245=FILL_AREA_STYLE('',(#10492));
#10246=FILL_AREA_STYLE('',(#10493));
#10247=FILL_AREA_STYLE('',(#10494));
#10248=FILL_AREA_STYLE('',(#10495));
#10249=FILL_AREA_STYLE('',(#10496));
#10250=FILL_AREA_STYLE('',(#10497));
#10251=FILL_AREA_STYLE('',(#10498));
#10252=FILL_AREA_STYLE('',(#10499));
#10253=FILL_AREA_STYLE('',(#10500));
#10254=FILL_AREA_STYLE('',(#10501));
#10255=FILL_AREA_STYLE('',(#10502));
#10256=FILL_AREA_STYLE('',(#10503));
#10257=FILL_AREA_STYLE('',(#10504));
#10258=FILL_AREA_STYLE('',(#10505));
#10259=FILL_AREA_STYLE('',(#10506));
#10260=FILL_AREA_STYLE('',(#10507));
#10261=FILL_AREA_STYLE('',(#10508));
#10262=FILL_AREA_STYLE('',(#10509));
#10263=FILL_AREA_STYLE('',(#10510));
#10264=FILL_AREA_STYLE('',(#10511));
#10265=FILL_AREA_STYLE('',(#10512));
#10266=FILL_AREA_STYLE('',(#10513));
#10267=FILL_AREA_STYLE('',(#10514));
#10268=FILL_AREA_STYLE('',(#10515));
#10269=FILL_AREA_STYLE('',(#10516));
#10270=FILL_AREA_STYLE('',(#10517));
#10271=FILL_AREA_STYLE('',(#10518));
#10272=FILL_AREA_STYLE('',(#10519));
#10273=FILL_AREA_STYLE('',(#10520));
#10274=FILL_AREA_STYLE('',(#10521));
#10275=FILL_AREA_STYLE('',(#10522));
#10276=FILL_AREA_STYLE('',(#10523));
#10277=FILL_AREA_STYLE('',(#10524));
#10278=FILL_AREA_STYLE('',(#10525));
#10279=FILL_AREA_STYLE('',(#10526));
#10280=FILL_AREA_STYLE('',(#10527));
#10281=FILL_AREA_STYLE('',(#10528));
#10282=FILL_AREA_STYLE('',(#10529));
#10283=FILL_AREA_STYLE('',(#10530));
#10284=FILL_AREA_STYLE_COLOUR('',#10531);
#10285=FILL_AREA_STYLE_COLOUR('',#10531);
#10286=FILL_AREA_STYLE_COLOUR('',#10531);
#10287=FILL_AREA_STYLE_COLOUR('',#10531);
#10288=FILL_AREA_STYLE_COLOUR('',#214);
#10289=FILL_AREA_STYLE_COLOUR('',#10532);
#10290=FILL_AREA_STYLE_COLOUR('',#10532);
#10291=FILL_AREA_STYLE_COLOUR('',#10532);
#10292=FILL_AREA_STYLE_COLOUR('',#10532);
#10293=FILL_AREA_STYLE_COLOUR('',#10532);
#10294=FILL_AREA_STYLE_COLOUR('',#10532);
#10295=FILL_AREA_STYLE_COLOUR('',#10532);
#10296=FILL_AREA_STYLE_COLOUR('',#10531);
#10297=FILL_AREA_STYLE_COLOUR('',#10531);
#10298=FILL_AREA_STYLE_COLOUR('',#10533);
#10299=FILL_AREA_STYLE_COLOUR('',#10531);
#10300=FILL_AREA_STYLE_COLOUR('',#10531);
#10301=FILL_AREA_STYLE_COLOUR('',#10534);
#10302=FILL_AREA_STYLE_COLOUR('',#10535);
#10303=FILL_AREA_STYLE_COLOUR('',#10535);
#10304=FILL_AREA_STYLE_COLOUR('',#10535);
#10305=FILL_AREA_STYLE_COLOUR('',#10535);
#10306=FILL_AREA_STYLE_COLOUR('',#10535);
#10307=FILL_AREA_STYLE_COLOUR('',#10535);
#10308=FILL_AREA_STYLE_COLOUR('',#10535);
#10309=FILL_AREA_STYLE_COLOUR('',#10535);
#10310=FILL_AREA_STYLE_COLOUR('',#10535);
#10311=FILL_AREA_STYLE_COLOUR('',#10535);
#10312=FILL_AREA_STYLE_COLOUR('',#10535);
#10313=FILL_AREA_STYLE_COLOUR('',#10535);
#10314=FILL_AREA_STYLE_COLOUR('',#10535);
#10315=FILL_AREA_STYLE_COLOUR('',#10535);
#10316=FILL_AREA_STYLE_COLOUR('',#10535);
#10317=FILL_AREA_STYLE_COLOUR('',#10535);
#10318=FILL_AREA_STYLE_COLOUR('',#10535);
#10319=FILL_AREA_STYLE_COLOUR('',#10535);
#10320=FILL_AREA_STYLE_COLOUR('',#10535);
#10321=FILL_AREA_STYLE_COLOUR('',#10535);
#10322=FILL_AREA_STYLE_COLOUR('',#10535);
#10323=FILL_AREA_STYLE_COLOUR('',#10535);
#10324=FILL_AREA_STYLE_COLOUR('',#10535);
#10325=FILL_AREA_STYLE_COLOUR('',#10535);
#10326=FILL_AREA_STYLE_COLOUR('',#10535);
#10327=FILL_AREA_STYLE_COLOUR('',#10535);
#10328=FILL_AREA_STYLE_COLOUR('',#10535);
#10329=FILL_AREA_STYLE_COLOUR('',#10535);
#10330=FILL_AREA_STYLE_COLOUR('',#10535);
#10331=FILL_AREA_STYLE_COLOUR('',#10535);
#10332=FILL_AREA_STYLE_COLOUR('',#10535);
#10333=FILL_AREA_STYLE_COLOUR('',#10535);
#10334=FILL_AREA_STYLE_COLOUR('',#10535);
#10335=FILL_AREA_STYLE_COLOUR('',#10535);
#10336=FILL_AREA_STYLE_COLOUR('',#10535);
#10337=FILL_AREA_STYLE_COLOUR('',#10535);
#10338=FILL_AREA_STYLE_COLOUR('',#10535);
#10339=FILL_AREA_STYLE_COLOUR('',#10535);
#10340=FILL_AREA_STYLE_COLOUR('',#10535);
#10341=FILL_AREA_STYLE_COLOUR('',#10535);
#10342=FILL_AREA_STYLE_COLOUR('',#10535);
#10343=FILL_AREA_STYLE_COLOUR('',#10535);
#10344=FILL_AREA_STYLE_COLOUR('',#10535);
#10345=FILL_AREA_STYLE_COLOUR('',#10535);
#10346=FILL_AREA_STYLE_COLOUR('',#10535);
#10347=FILL_AREA_STYLE_COLOUR('',#10535);
#10348=FILL_AREA_STYLE_COLOUR('',#10535);
#10349=FILL_AREA_STYLE_COLOUR('',#10535);
#10350=FILL_AREA_STYLE_COLOUR('',#10535);
#10351=FILL_AREA_STYLE_COLOUR('',#10535);
#10352=FILL_AREA_STYLE_COLOUR('',#10535);
#10353=FILL_AREA_STYLE_COLOUR('',#10535);
#10354=FILL_AREA_STYLE_COLOUR('',#10535);
#10355=FILL_AREA_STYLE_COLOUR('',#10535);
#10356=FILL_AREA_STYLE_COLOUR('',#10535);
#10357=FILL_AREA_STYLE_COLOUR('',#10535);
#10358=FILL_AREA_STYLE_COLOUR('',#10535);
#10359=FILL_AREA_STYLE_COLOUR('',#10535);
#10360=FILL_AREA_STYLE_COLOUR('',#10535);
#10361=FILL_AREA_STYLE_COLOUR('',#10535);
#10362=FILL_AREA_STYLE_COLOUR('',#10535);
#10363=FILL_AREA_STYLE_COLOUR('',#10535);
#10364=FILL_AREA_STYLE_COLOUR('',#10535);
#10365=FILL_AREA_STYLE_COLOUR('',#10535);
#10366=FILL_AREA_STYLE_COLOUR('',#10535);
#10367=FILL_AREA_STYLE_COLOUR('',#10535);
#10368=FILL_AREA_STYLE_COLOUR('',#10535);
#10369=FILL_AREA_STYLE_COLOUR('',#10535);
#10370=FILL_AREA_STYLE_COLOUR('',#10535);
#10371=FILL_AREA_STYLE_COLOUR('',#10535);
#10372=FILL_AREA_STYLE_COLOUR('',#10535);
#10373=FILL_AREA_STYLE_COLOUR('',#10535);
#10374=FILL_AREA_STYLE_COLOUR('',#10535);
#10375=FILL_AREA_STYLE_COLOUR('',#10535);
#10376=FILL_AREA_STYLE_COLOUR('',#10535);
#10377=FILL_AREA_STYLE_COLOUR('',#10535);
#10378=FILL_AREA_STYLE_COLOUR('',#10535);
#10379=FILL_AREA_STYLE_COLOUR('',#10535);
#10380=FILL_AREA_STYLE_COLOUR('',#10535);
#10381=FILL_AREA_STYLE_COLOUR('',#10535);
#10382=FILL_AREA_STYLE_COLOUR('',#10535);
#10383=FILL_AREA_STYLE_COLOUR('',#10535);
#10384=FILL_AREA_STYLE_COLOUR('',#10535);
#10385=FILL_AREA_STYLE_COLOUR('',#10535);
#10386=FILL_AREA_STYLE_COLOUR('',#10535);
#10387=FILL_AREA_STYLE_COLOUR('',#10535);
#10388=FILL_AREA_STYLE_COLOUR('',#10535);
#10389=FILL_AREA_STYLE_COLOUR('',#10535);
#10390=FILL_AREA_STYLE_COLOUR('',#10535);
#10391=FILL_AREA_STYLE_COLOUR('',#10535);
#10392=FILL_AREA_STYLE_COLOUR('',#10535);
#10393=FILL_AREA_STYLE_COLOUR('',#10535);
#10394=FILL_AREA_STYLE_COLOUR('',#10535);
#10395=FILL_AREA_STYLE_COLOUR('',#10535);
#10396=FILL_AREA_STYLE_COLOUR('',#10535);
#10397=FILL_AREA_STYLE_COLOUR('',#10535);
#10398=FILL_AREA_STYLE_COLOUR('',#10535);
#10399=FILL_AREA_STYLE_COLOUR('',#10535);
#10400=FILL_AREA_STYLE_COLOUR('',#10535);
#10401=FILL_AREA_STYLE_COLOUR('',#10535);
#10402=FILL_AREA_STYLE_COLOUR('',#10535);
#10403=FILL_AREA_STYLE_COLOUR('',#10535);
#10404=FILL_AREA_STYLE_COLOUR('',#10535);
#10405=FILL_AREA_STYLE_COLOUR('',#10535);
#10406=FILL_AREA_STYLE_COLOUR('',#10535);
#10407=FILL_AREA_STYLE_COLOUR('',#10535);
#10408=FILL_AREA_STYLE_COLOUR('',#10535);
#10409=FILL_AREA_STYLE_COLOUR('',#10535);
#10410=FILL_AREA_STYLE_COLOUR('',#10535);
#10411=FILL_AREA_STYLE_COLOUR('',#10535);
#10412=FILL_AREA_STYLE_COLOUR('',#10535);
#10413=FILL_AREA_STYLE_COLOUR('',#10535);
#10414=FILL_AREA_STYLE_COLOUR('',#10535);
#10415=FILL_AREA_STYLE_COLOUR('',#10535);
#10416=FILL_AREA_STYLE_COLOUR('',#10535);
#10417=FILL_AREA_STYLE_COLOUR('',#10535);
#10418=FILL_AREA_STYLE_COLOUR('',#10535);
#10419=FILL_AREA_STYLE_COLOUR('',#10535);
#10420=FILL_AREA_STYLE_COLOUR('',#10535);
#10421=FILL_AREA_STYLE_COLOUR('',#10535);
#10422=FILL_AREA_STYLE_COLOUR('',#10535);
#10423=FILL_AREA_STYLE_COLOUR('',#10535);
#10424=FILL_AREA_STYLE_COLOUR('',#10535);
#10425=FILL_AREA_STYLE_COLOUR('',#10535);
#10426=FILL_AREA_STYLE_COLOUR('',#10535);
#10427=FILL_AREA_STYLE_COLOUR('',#10535);
#10428=FILL_AREA_STYLE_COLOUR('',#10535);
#10429=FILL_AREA_STYLE_COLOUR('',#10535);
#10430=FILL_AREA_STYLE_COLOUR('',#10535);
#10431=FILL_AREA_STYLE_COLOUR('',#10535);
#10432=FILL_AREA_STYLE_COLOUR('',#10535);
#10433=FILL_AREA_STYLE_COLOUR('',#10535);
#10434=FILL_AREA_STYLE_COLOUR('',#10535);
#10435=FILL_AREA_STYLE_COLOUR('',#10535);
#10436=FILL_AREA_STYLE_COLOUR('',#10535);
#10437=FILL_AREA_STYLE_COLOUR('',#10535);
#10438=FILL_AREA_STYLE_COLOUR('',#10535);
#10439=FILL_AREA_STYLE_COLOUR('',#10535);
#10440=FILL_AREA_STYLE_COLOUR('',#10535);
#10441=FILL_AREA_STYLE_COLOUR('',#10535);
#10442=FILL_AREA_STYLE_COLOUR('',#10535);
#10443=FILL_AREA_STYLE_COLOUR('',#10535);
#10444=FILL_AREA_STYLE_COLOUR('',#10535);
#10445=FILL_AREA_STYLE_COLOUR('',#10535);
#10446=FILL_AREA_STYLE_COLOUR('',#10535);
#10447=FILL_AREA_STYLE_COLOUR('',#10535);
#10448=FILL_AREA_STYLE_COLOUR('',#10535);
#10449=FILL_AREA_STYLE_COLOUR('',#10535);
#10450=FILL_AREA_STYLE_COLOUR('',#10535);
#10451=FILL_AREA_STYLE_COLOUR('',#10535);
#10452=FILL_AREA_STYLE_COLOUR('',#10535);
#10453=FILL_AREA_STYLE_COLOUR('',#10535);
#10454=FILL_AREA_STYLE_COLOUR('',#10535);
#10455=FILL_AREA_STYLE_COLOUR('',#10535);
#10456=FILL_AREA_STYLE_COLOUR('',#10535);
#10457=FILL_AREA_STYLE_COLOUR('',#10535);
#10458=FILL_AREA_STYLE_COLOUR('',#10535);
#10459=FILL_AREA_STYLE_COLOUR('',#10535);
#10460=FILL_AREA_STYLE_COLOUR('',#10535);
#10461=FILL_AREA_STYLE_COLOUR('',#10535);
#10462=FILL_AREA_STYLE_COLOUR('',#10535);
#10463=FILL_AREA_STYLE_COLOUR('',#10535);
#10464=FILL_AREA_STYLE_COLOUR('',#10535);
#10465=FILL_AREA_STYLE_COLOUR('',#10535);
#10466=FILL_AREA_STYLE_COLOUR('',#10535);
#10467=FILL_AREA_STYLE_COLOUR('',#10535);
#10468=FILL_AREA_STYLE_COLOUR('',#10535);
#10469=FILL_AREA_STYLE_COLOUR('',#10535);
#10470=FILL_AREA_STYLE_COLOUR('',#10535);
#10471=FILL_AREA_STYLE_COLOUR('',#10535);
#10472=FILL_AREA_STYLE_COLOUR('',#10535);
#10473=FILL_AREA_STYLE_COLOUR('',#10535);
#10474=FILL_AREA_STYLE_COLOUR('',#10535);
#10475=FILL_AREA_STYLE_COLOUR('',#10535);
#10476=FILL_AREA_STYLE_COLOUR('',#10535);
#10477=FILL_AREA_STYLE_COLOUR('',#10535);
#10478=FILL_AREA_STYLE_COLOUR('',#10535);
#10479=FILL_AREA_STYLE_COLOUR('',#10535);
#10480=FILL_AREA_STYLE_COLOUR('',#10535);
#10481=FILL_AREA_STYLE_COLOUR('',#10535);
#10482=FILL_AREA_STYLE_COLOUR('',#10535);
#10483=FILL_AREA_STYLE_COLOUR('',#10535);
#10484=FILL_AREA_STYLE_COLOUR('',#10535);
#10485=FILL_AREA_STYLE_COLOUR('',#10535);
#10486=FILL_AREA_STYLE_COLOUR('',#10535);
#10487=FILL_AREA_STYLE_COLOUR('',#10535);
#10488=FILL_AREA_STYLE_COLOUR('',#10535);
#10489=FILL_AREA_STYLE_COLOUR('',#10535);
#10490=FILL_AREA_STYLE_COLOUR('',#10535);
#10491=FILL_AREA_STYLE_COLOUR('',#10535);
#10492=FILL_AREA_STYLE_COLOUR('',#10535);
#10493=FILL_AREA_STYLE_COLOUR('',#10531);
#10494=FILL_AREA_STYLE_COLOUR('',#10531);
#10495=FILL_AREA_STYLE_COLOUR('',#10531);
#10496=FILL_AREA_STYLE_COLOUR('',#10531);
#10497=FILL_AREA_STYLE_COLOUR('',#10531);
#10498=FILL_AREA_STYLE_COLOUR('',#10531);
#10499=FILL_AREA_STYLE_COLOUR('',#10531);
#10500=FILL_AREA_STYLE_COLOUR('',#10531);
#10501=FILL_AREA_STYLE_COLOUR('',#10531);
#10502=FILL_AREA_STYLE_COLOUR('',#10531);
#10503=FILL_AREA_STYLE_COLOUR('',#10531);
#10504=FILL_AREA_STYLE_COLOUR('',#10531);
#10505=FILL_AREA_STYLE_COLOUR('',#10531);
#10506=FILL_AREA_STYLE_COLOUR('',#10531);
#10507=FILL_AREA_STYLE_COLOUR('',#10531);
#10508=FILL_AREA_STYLE_COLOUR('',#10531);
#10509=FILL_AREA_STYLE_COLOUR('',#10531);
#10510=FILL_AREA_STYLE_COLOUR('',#10531);
#10511=FILL_AREA_STYLE_COLOUR('',#10531);
#10512=FILL_AREA_STYLE_COLOUR('',#10531);
#10513=FILL_AREA_STYLE_COLOUR('',#10531);
#10514=FILL_AREA_STYLE_COLOUR('',#10531);
#10515=FILL_AREA_STYLE_COLOUR('',#10531);
#10516=FILL_AREA_STYLE_COLOUR('',#10531);
#10517=FILL_AREA_STYLE_COLOUR('',#10531);
#10518=FILL_AREA_STYLE_COLOUR('',#10531);
#10519=FILL_AREA_STYLE_COLOUR('',#10531);
#10520=FILL_AREA_STYLE_COLOUR('',#10531);
#10521=FILL_AREA_STYLE_COLOUR('',#10531);
#10522=FILL_AREA_STYLE_COLOUR('',#10531);
#10523=FILL_AREA_STYLE_COLOUR('',#10531);
#10524=FILL_AREA_STYLE_COLOUR('',#10531);
#10525=FILL_AREA_STYLE_COLOUR('',#10531);
#10526=FILL_AREA_STYLE_COLOUR('',#10531);
#10527=FILL_AREA_STYLE_COLOUR('',#10531);
#10528=FILL_AREA_STYLE_COLOUR('',#10531);
#10529=FILL_AREA_STYLE_COLOUR('',#10531);
#10530=FILL_AREA_STYLE_COLOUR('',#10531);
#10531=COLOUR_RGB('',1.,0.811764705882353,0.501960784313726);
#10532=COLOUR_RGB('',0.623529411764706,0.666666666666667,0.690196078431373);
#10533=COLOUR_RGB('',0.250980392156863,0.250980392156863,0.250980392156863);
#10534=COLOUR_RGB('',0.,0.501960784313726,0.);
#10535=COLOUR_RGB('',0.105882352941176,0.333333333333334,0.);
#10536=MANIFOLD_SOLID_BREP('Boss-Extrude4[26]',#8951);
#10537=MANIFOLD_SOLID_BREP('Boss-Extrude4[25]',#8952);
#10538=MANIFOLD_SOLID_BREP('Boss-Extrude4[42]',#8953);
#10539=MANIFOLD_SOLID_BREP('Boss-Extrude4[24]',#8954);
#10540=MANIFOLD_SOLID_BREP('Cut-Extrude1',#8955);
#10541=MANIFOLD_SOLID_BREP('Boss-Extrude4[41]',#8956);
#10542=MANIFOLD_SOLID_BREP('Boss-Extrude4[23]',#8957);
#10543=MANIFOLD_SOLID_BREP('Boss-Extrude3',#8958);
#10544=MANIFOLD_SOLID_BREP('Boss-Extrude4[40]',#8959);
#10545=MANIFOLD_SOLID_BREP('Boss-Extrude4[22]',#8960);
#10546=MANIFOLD_SOLID_BREP('Cut-Extrude2',#8961);
#10547=MANIFOLD_SOLID_BREP('Boss-Extrude4[39]',#8962);
#10548=MANIFOLD_SOLID_BREP('Boss-Extrude4[21]',#8963);
#10549=MANIFOLD_SOLID_BREP('Boss-Extrude4[1]',#8964);
#10550=MANIFOLD_SOLID_BREP('Boss-Extrude4[38]',#8965);
#10551=MANIFOLD_SOLID_BREP('Boss-Extrude4[20]',#8966);
#10552=MANIFOLD_SOLID_BREP('Boss-Extrude4[2]',#8967);
#10553=MANIFOLD_SOLID_BREP('Boss-Extrude4[37]',#8968);
#10554=MANIFOLD_SOLID_BREP('Boss-Extrude4[3]',#8969);
#10555=MANIFOLD_SOLID_BREP('Boss-Extrude4[36]',#8970);
#10556=MANIFOLD_SOLID_BREP('Boss-Extrude4[44]',#8971);
#10557=MANIFOLD_SOLID_BREP('Boss-Extrude4[28]',#8972);
#10558=MANIFOLD_SOLID_BREP('Boss-Extrude4[35]',#8973);
#10559=MANIFOLD_SOLID_BREP('Boss-Extrude4[19]',#8974);
#10560=MANIFOLD_SOLID_BREP('Boss-Extrude4[4]',#8975);
#10561=MANIFOLD_SOLID_BREP('Boss-Extrude4[43]',#8976);
#10562=MANIFOLD_SOLID_BREP('Boss-Extrude4[27]',#8977);
#10563=MANIFOLD_SOLID_BREP('Boss-Extrude4[34]',#8978);
#10564=MANIFOLD_SOLID_BREP('Boss-Extrude4[18]',#8979);
#10565=MANIFOLD_SOLID_BREP('Boss-Extrude4[5]',#8980);
#10566=MANIFOLD_SOLID_BREP('Boss-Extrude4[45]',#8981);
#10567=MANIFOLD_SOLID_BREP('Boss-Extrude4[29]',#8982);
#10568=MANIFOLD_SOLID_BREP('Boss-Extrude4[33]',#8983);
#10569=MANIFOLD_SOLID_BREP('Boss-Extrude4[17]',#8984);
#10570=MANIFOLD_SOLID_BREP('Boss-Extrude4[6]',#8985);
#10571=MANIFOLD_SOLID_BREP('Boss-Extrude4[32]',#8986);
#10572=MANIFOLD_SOLID_BREP('Boss-Extrude4[16]',#8987);
#10573=MANIFOLD_SOLID_BREP('Boss-Extrude4[7]',#8988);
#10574=MANIFOLD_SOLID_BREP('Boss-Extrude4[31]',#8989);
#10575=MANIFOLD_SOLID_BREP('Boss-Extrude4[15]',#8990);
#10576=MANIFOLD_SOLID_BREP('Boss-Extrude4[8]',#8991);
#10577=MANIFOLD_SOLID_BREP('Boss-Extrude4[46]',#8992);
#10578=MANIFOLD_SOLID_BREP('Boss-Extrude4[30]',#8993);
#10579=MANIFOLD_SOLID_BREP('Boss-Extrude4[14]',#8994);
#10580=MANIFOLD_SOLID_BREP('Boss-Extrude4[9]',#8995);
#10581=MANIFOLD_SOLID_BREP('Boss-Extrude4[10]',#8996);
#10582=MANIFOLD_SOLID_BREP('Boss-Extrude4[13]',#8997);
#10583=MANIFOLD_SOLID_BREP('Boss-Extrude4[11]',#8998);
#10584=MANIFOLD_SOLID_BREP('Boss-Extrude4[12]',#8999);
#10585=SHAPE_DEFINITION_REPRESENTATION(#16317,#10634);
#10586=SHAPE_DEFINITION_REPRESENTATION(#16318,#10635);
#10587=SHAPE_DEFINITION_REPRESENTATION(#16319,#10636);
#10588=SHAPE_DEFINITION_REPRESENTATION(#16320,#10637);
#10589=SHAPE_DEFINITION_REPRESENTATION(#16321,#10638);
#10590=SHAPE_DEFINITION_REPRESENTATION(#16322,#10639);
#10591=SHAPE_DEFINITION_REPRESENTATION(#16323,#10640);
#10592=SHAPE_DEFINITION_REPRESENTATION(#16324,#10641);
#10593=SHAPE_DEFINITION_REPRESENTATION(#16325,#10642);
#10594=SHAPE_DEFINITION_REPRESENTATION(#16326,#10643);
#10595=SHAPE_DEFINITION_REPRESENTATION(#16327,#10644);
#10596=SHAPE_DEFINITION_REPRESENTATION(#16328,#10645);
#10597=SHAPE_DEFINITION_REPRESENTATION(#16329,#10646);
#10598=SHAPE_DEFINITION_REPRESENTATION(#16330,#10647);
#10599=SHAPE_DEFINITION_REPRESENTATION(#16331,#10648);
#10600=SHAPE_DEFINITION_REPRESENTATION(#16332,#10649);
#10601=SHAPE_DEFINITION_REPRESENTATION(#16333,#10650);
#10602=SHAPE_DEFINITION_REPRESENTATION(#16334,#10651);
#10603=SHAPE_DEFINITION_REPRESENTATION(#16335,#10652);
#10604=SHAPE_DEFINITION_REPRESENTATION(#16336,#10653);
#10605=SHAPE_DEFINITION_REPRESENTATION(#16337,#10654);
#10606=SHAPE_DEFINITION_REPRESENTATION(#16338,#10655);
#10607=SHAPE_DEFINITION_REPRESENTATION(#16339,#10656);
#10608=SHAPE_DEFINITION_REPRESENTATION(#16340,#10657);
#10609=SHAPE_DEFINITION_REPRESENTATION(#16341,#10658);
#10610=SHAPE_DEFINITION_REPRESENTATION(#16342,#10659);
#10611=SHAPE_DEFINITION_REPRESENTATION(#16343,#10660);
#10612=SHAPE_DEFINITION_REPRESENTATION(#16344,#10661);
#10613=SHAPE_DEFINITION_REPRESENTATION(#16345,#10662);
#10614=SHAPE_DEFINITION_REPRESENTATION(#16346,#10663);
#10615=SHAPE_DEFINITION_REPRESENTATION(#16347,#10664);
#10616=SHAPE_DEFINITION_REPRESENTATION(#16348,#10665);
#10617=SHAPE_DEFINITION_REPRESENTATION(#16349,#10666);
#10618=SHAPE_DEFINITION_REPRESENTATION(#16350,#10667);
#10619=SHAPE_DEFINITION_REPRESENTATION(#16351,#10668);
#10620=SHAPE_DEFINITION_REPRESENTATION(#16352,#10669);
#10621=SHAPE_DEFINITION_REPRESENTATION(#16353,#10670);
#10622=SHAPE_DEFINITION_REPRESENTATION(#16354,#10671);
#10623=SHAPE_DEFINITION_REPRESENTATION(#16355,#10672);
#10624=SHAPE_DEFINITION_REPRESENTATION(#16356,#10673);
#10625=SHAPE_DEFINITION_REPRESENTATION(#16357,#10674);
#10626=SHAPE_DEFINITION_REPRESENTATION(#16358,#10675);
#10627=SHAPE_DEFINITION_REPRESENTATION(#16359,#10676);
#10628=SHAPE_DEFINITION_REPRESENTATION(#16360,#10677);
#10629=SHAPE_DEFINITION_REPRESENTATION(#16361,#10678);
#10630=SHAPE_DEFINITION_REPRESENTATION(#16362,#10679);
#10631=SHAPE_DEFINITION_REPRESENTATION(#16363,#10680);
#10632=SHAPE_DEFINITION_REPRESENTATION(#16364,#10681);
#10633=SHAPE_DEFINITION_REPRESENTATION(#16365,#10682);
#10634=SHAPE_REPRESENTATION('Boss-Extrude4[26]',(#10683),#16072);
#10635=SHAPE_REPRESENTATION('Boss-Extrude4[25]',(#10690),#16073);
#10636=SHAPE_REPRESENTATION('Boss-Extrude4[42]',(#10697),#16074);
#10637=SHAPE_REPRESENTATION('Boss-Extrude4[24]',(#10704),#16075);
#10638=SHAPE_REPRESENTATION('Cut-Extrude1',(#10711),#16076);
#10639=SHAPE_REPRESENTATION('Boss-Extrude4[41]',(#10722),#16077);
#10640=SHAPE_REPRESENTATION('Boss-Extrude4[23]',(#10729),#16078);
#10641=SHAPE_REPRESENTATION('Boss-Extrude3',(#10736),#16079);
#10642=SHAPE_REPRESENTATION('Boss-Extrude4[40]',(#10742),#16080);
#10643=SHAPE_REPRESENTATION('Boss-Extrude4[22]',(#10749),#16081);
#10644=SHAPE_REPRESENTATION('Cut-Extrude2',(#10756),#16082);
#10645=SHAPE_REPRESENTATION('Boss-Extrude4[39]',(#10994),#16083);
#10646=SHAPE_REPRESENTATION('Boss-Extrude4[21]',(#11001),#16084);
#10647=SHAPE_REPRESENTATION('Boss-Extrude4[1]',(#11008),#16085);
#10648=SHAPE_REPRESENTATION('Boss-Extrude4[38]',(#11015),#16086);
#10649=SHAPE_REPRESENTATION('Boss-Extrude4[20]',(#11022),#16087);
#10650=SHAPE_REPRESENTATION('Boss-Extrude4[2]',(#11029),#16088);
#10651=SHAPE_REPRESENTATION('Boss-Extrude4[37]',(#11036),#16089);
#10652=SHAPE_REPRESENTATION('Boss-Extrude4[3]',(#11043),#16090);
#10653=SHAPE_REPRESENTATION('Boss-Extrude4[36]',(#11050),#16091);
#10654=SHAPE_REPRESENTATION('Boss-Extrude4[44]',(#11057),#16092);
#10655=SHAPE_REPRESENTATION('Boss-Extrude4[28]',(#11064),#16093);
#10656=SHAPE_REPRESENTATION('Boss-Extrude4[35]',(#11071),#16094);
#10657=SHAPE_REPRESENTATION('Boss-Extrude4[19]',(#11078),#16095);
#10658=SHAPE_REPRESENTATION('Boss-Extrude4[4]',(#11085),#16096);
#10659=SHAPE_REPRESENTATION('Boss-Extrude4[43]',(#11092),#16097);
#10660=SHAPE_REPRESENTATION('Boss-Extrude4[27]',(#11099),#16098);
#10661=SHAPE_REPRESENTATION('Boss-Extrude4[34]',(#11106),#16099);
#10662=SHAPE_REPRESENTATION('Boss-Extrude4[18]',(#11113),#16100);
#10663=SHAPE_REPRESENTATION('Boss-Extrude4[5]',(#11120),#16101);
#10664=SHAPE_REPRESENTATION('Boss-Extrude4[45]',(#11128),#16102);
#10665=SHAPE_REPRESENTATION('Boss-Extrude4[29]',(#11135),#16103);
#10666=SHAPE_REPRESENTATION('Boss-Extrude4[33]',(#11142),#16104);
#10667=SHAPE_REPRESENTATION('Boss-Extrude4[17]',(#11149),#16105);
#10668=SHAPE_REPRESENTATION('Boss-Extrude4[6]',(#11156),#16106);
#10669=SHAPE_REPRESENTATION('Boss-Extrude4[32]',(#11163),#16107);
#10670=SHAPE_REPRESENTATION('Boss-Extrude4[16]',(#11170),#16108);
#10671=SHAPE_REPRESENTATION('Boss-Extrude4[7]',(#11177),#16109);
#10672=SHAPE_REPRESENTATION('Boss-Extrude4[31]',(#11184),#16110);
#10673=SHAPE_REPRESENTATION('Boss-Extrude4[15]',(#11191),#16111);
#10674=SHAPE_REPRESENTATION('Boss-Extrude4[8]',(#11198),#16112);
#10675=SHAPE_REPRESENTATION('Boss-Extrude4[46]',(#11205),#16113);
#10676=SHAPE_REPRESENTATION('Boss-Extrude4[30]',(#11212),#16114);
#10677=SHAPE_REPRESENTATION('Boss-Extrude4[14]',(#11219),#16115);
#10678=SHAPE_REPRESENTATION('Boss-Extrude4[9]',(#11226),#16116);
#10679=SHAPE_REPRESENTATION('Boss-Extrude4[10]',(#11233),#16117);
#10680=SHAPE_REPRESENTATION('Boss-Extrude4[13]',(#11240),#16118);
#10681=SHAPE_REPRESENTATION('Boss-Extrude4[11]',(#11247),#16119);
#10682=SHAPE_REPRESENTATION('Boss-Extrude4[12]',(#11254),#16120);
#10683=AXIS2_PLACEMENT_3D('',#13551,#11261,#11262);
#10684=AXIS2_PLACEMENT_3D('',#13552,#11263,#11264);
#10685=AXIS2_PLACEMENT_3D('',#13561,#11269,#11270);
#10686=AXIS2_PLACEMENT_3D('',#13567,#11274,#11275);
#10687=AXIS2_PLACEMENT_3D('',#13573,#11279,#11280);
#10688=AXIS2_PLACEMENT_3D('',#13576,#11283,#11284);
#10689=AXIS2_PLACEMENT_3D('',#13577,#11285,#11286);
#10690=AXIS2_PLACEMENT_3D('',#13578,#11287,#11288);
#10691=AXIS2_PLACEMENT_3D('',#13579,#11289,#11290);
#10692=AXIS2_PLACEMENT_3D('',#13588,#11295,#11296);
#10693=AXIS2_PLACEMENT_3D('',#13594,#11300,#11301);
#10694=AXIS2_PLACEMENT_3D('',#13600,#11305,#11306);
#10695=AXIS2_PLACEMENT_3D('',#13603,#11309,#11310);
#10696=AXIS2_PLACEMENT_3D('',#13604,#11311,#11312);
#10697=AXIS2_PLACEMENT_3D('',#13605,#11313,#11314);
#10698=AXIS2_PLACEMENT_3D('',#13606,#11315,#11316);
#10699=AXIS2_PLACEMENT_3D('',#13615,#11321,#11322);
#10700=AXIS2_PLACEMENT_3D('',#13621,#11326,#11327);
#10701=AXIS2_PLACEMENT_3D('',#13627,#11331,#11332);
#10702=AXIS2_PLACEMENT_3D('',#13630,#11335,#11336);
#10703=AXIS2_PLACEMENT_3D('',#13631,#11337,#11338);
#10704=AXIS2_PLACEMENT_3D('',#13632,#11339,#11340);
#10705=AXIS2_PLACEMENT_3D('',#13633,#11341,#11342);
#10706=AXIS2_PLACEMENT_3D('',#13642,#11347,#11348);
#10707=AXIS2_PLACEMENT_3D('',#13648,#11352,#11353);
#10708=AXIS2_PLACEMENT_3D('',#13654,#11357,#11358);
#10709=AXIS2_PLACEMENT_3D('',#13657,#11361,#11362);
#10710=AXIS2_PLACEMENT_3D('',#13658,#11363,#11364);
#10711=AXIS2_PLACEMENT_3D('',#13659,#11365,#11366);
#10712=AXIS2_PLACEMENT_3D('',#13660,#11367,#11368);
#10713=AXIS2_PLACEMENT_3D('',#13661,#11369,#11370);
#10714=AXIS2_PLACEMENT_3D('',#13663,#11371,#11372);
#10715=AXIS2_PLACEMENT_3D('',#13665,#11373,#11374);
#10716=AXIS2_PLACEMENT_3D('',#13674,#11379,#11380);
#10717=AXIS2_PLACEMENT_3D('',#13680,#11384,#11385);
#10718=AXIS2_PLACEMENT_3D('',#13686,#11389,#11390);
#10719=AXIS2_PLACEMENT_3D('',#13689,#11393,#11394);
#10720=AXIS2_PLACEMENT_3D('',#13690,#11395,#11396);
#10721=AXIS2_PLACEMENT_3D('',#13691,#11397,#11398);
#10722=AXIS2_PLACEMENT_3D('',#13692,#11399,#11400);
#10723=AXIS2_PLACEMENT_3D('',#13693,#11401,#11402);
#10724=AXIS2_PLACEMENT_3D('',#13702,#11407,#11408);
#10725=AXIS2_PLACEMENT_3D('',#13708,#11412,#11413);
#10726=AXIS2_PLACEMENT_3D('',#13714,#11417,#11418);
#10727=AXIS2_PLACEMENT_3D('',#13717,#11421,#11422);
#10728=AXIS2_PLACEMENT_3D('',#13718,#11423,#11424);
#10729=AXIS2_PLACEMENT_3D('',#13719,#11425,#11426);
#10730=AXIS2_PLACEMENT_3D('',#13720,#11427,#11428);
#10731=AXIS2_PLACEMENT_3D('',#13729,#11433,#11434);
#10732=AXIS2_PLACEMENT_3D('',#13735,#11438,#11439);
#10733=AXIS2_PLACEMENT_3D('',#13741,#11443,#11444);
#10734=AXIS2_PLACEMENT_3D('',#13744,#11447,#11448);
#10735=AXIS2_PLACEMENT_3D('',#13745,#11449,#11450);
#10736=AXIS2_PLACEMENT_3D('',#13746,#11451,#11452);
#10737=AXIS2_PLACEMENT_3D('',#13747,#11453,#11454);
#10738=AXIS2_PLACEMENT_3D('',#13748,#11455,#11456);
#10739=AXIS2_PLACEMENT_3D('',#13750,#11457,#11458);
#10740=AXIS2_PLACEMENT_3D('',#13752,#11459,#11460);
#10741=AXIS2_PLACEMENT_3D('',#13753,#11461,#11462);
#10742=AXIS2_PLACEMENT_3D('',#13754,#11463,#11464);
#10743=AXIS2_PLACEMENT_3D('',#13755,#11465,#11466);
#10744=AXIS2_PLACEMENT_3D('',#13764,#11471,#11472);
#10745=AXIS2_PLACEMENT_3D('',#13770,#11476,#11477);
#10746=AXIS2_PLACEMENT_3D('',#13776,#11481,#11482);
#10747=AXIS2_PLACEMENT_3D('',#13779,#11485,#11486);
#10748=AXIS2_PLACEMENT_3D('',#13780,#11487,#11488);
#10749=AXIS2_PLACEMENT_3D('',#13781,#11489,#11490);
#10750=AXIS2_PLACEMENT_3D('',#13782,#11491,#11492);
#10751=AXIS2_PLACEMENT_3D('',#13791,#11497,#11498);
#10752=AXIS2_PLACEMENT_3D('',#13797,#11502,#11503);
#10753=AXIS2_PLACEMENT_3D('',#13803,#11507,#11508);
#10754=AXIS2_PLACEMENT_3D('',#13806,#11511,#11512);
#10755=AXIS2_PLACEMENT_3D('',#13807,#11513,#11514);
#10756=AXIS2_PLACEMENT_3D('',#13808,#11515,#11516);
#10757=AXIS2_PLACEMENT_3D('',#13809,#11517,#11518);
#10758=AXIS2_PLACEMENT_3D('',#14188,#11708,#11709);
#10759=AXIS2_PLACEMENT_3D('',#14194,#11713,#11714);
#10760=AXIS2_PLACEMENT_3D('',#14198,#11717,#11718);
#10761=AXIS2_PLACEMENT_3D('',#14202,#11721,#11722);
#10762=AXIS2_PLACEMENT_3D('',#14204,#11724,#11725);
#10763=AXIS2_PLACEMENT_3D('',#14205,#11726,#11727);
#10764=AXIS2_PLACEMENT_3D('',#14211,#11731,#11732);
#10765=AXIS2_PLACEMENT_3D('',#14215,#11735,#11736);
#10766=AXIS2_PLACEMENT_3D('',#14219,#11739,#11740);
#10767=AXIS2_PLACEMENT_3D('',#14221,#11742,#11743);
#10768=AXIS2_PLACEMENT_3D('',#14222,#11744,#11745);
#10769=AXIS2_PLACEMENT_3D('',#14228,#11749,#11750);
#10770=AXIS2_PLACEMENT_3D('',#14232,#11753,#11754);
#10771=AXIS2_PLACEMENT_3D('',#14236,#11757,#11758);
#10772=AXIS2_PLACEMENT_3D('',#14238,#11760,#11761);
#10773=AXIS2_PLACEMENT_3D('',#14239,#11762,#11763);
#10774=AXIS2_PLACEMENT_3D('',#14245,#11767,#11768);
#10775=AXIS2_PLACEMENT_3D('',#14249,#11771,#11772);
#10776=AXIS2_PLACEMENT_3D('',#14253,#11775,#11776);
#10777=AXIS2_PLACEMENT_3D('',#14255,#11778,#11779);
#10778=AXIS2_PLACEMENT_3D('',#14256,#11780,#11781);
#10779=AXIS2_PLACEMENT_3D('',#14262,#11785,#11786);
#10780=AXIS2_PLACEMENT_3D('',#14266,#11789,#11790);
#10781=AXIS2_PLACEMENT_3D('',#14270,#11793,#11794);
#10782=AXIS2_PLACEMENT_3D('',#14272,#11796,#11797);
#10783=AXIS2_PLACEMENT_3D('',#14273,#11798,#11799);
#10784=AXIS2_PLACEMENT_3D('',#14279,#11803,#11804);
#10785=AXIS2_PLACEMENT_3D('',#14283,#11807,#11808);
#10786=AXIS2_PLACEMENT_3D('',#14287,#11811,#11812);
#10787=AXIS2_PLACEMENT_3D('',#14289,#11814,#11815);
#10788=AXIS2_PLACEMENT_3D('',#14290,#11816,#11817);
#10789=AXIS2_PLACEMENT_3D('',#14296,#11821,#11822);
#10790=AXIS2_PLACEMENT_3D('',#14300,#11825,#11826);
#10791=AXIS2_PLACEMENT_3D('',#14304,#11829,#11830);
#10792=AXIS2_PLACEMENT_3D('',#14306,#11832,#11833);
#10793=AXIS2_PLACEMENT_3D('',#14307,#11834,#11835);
#10794=AXIS2_PLACEMENT_3D('',#14313,#11839,#11840);
#10795=AXIS2_PLACEMENT_3D('',#14317,#11843,#11844);
#10796=AXIS2_PLACEMENT_3D('',#14321,#11847,#11848);
#10797=AXIS2_PLACEMENT_3D('',#14323,#11850,#11851);
#10798=AXIS2_PLACEMENT_3D('',#14324,#11852,#11853);
#10799=AXIS2_PLACEMENT_3D('',#14330,#11857,#11858);
#10800=AXIS2_PLACEMENT_3D('',#14334,#11861,#11862);
#10801=AXIS2_PLACEMENT_3D('',#14338,#11865,#11866);
#10802=AXIS2_PLACEMENT_3D('',#14340,#11868,#11869);
#10803=AXIS2_PLACEMENT_3D('',#14341,#11870,#11871);
#10804=AXIS2_PLACEMENT_3D('',#14347,#11875,#11876);
#10805=AXIS2_PLACEMENT_3D('',#14351,#11879,#11880);
#10806=AXIS2_PLACEMENT_3D('',#14355,#11883,#11884);
#10807=AXIS2_PLACEMENT_3D('',#14357,#11886,#11887);
#10808=AXIS2_PLACEMENT_3D('',#14358,#11888,#11889);
#10809=AXIS2_PLACEMENT_3D('',#14364,#11893,#11894);
#10810=AXIS2_PLACEMENT_3D('',#14368,#11897,#11898);
#10811=AXIS2_PLACEMENT_3D('',#14372,#11901,#11902);
#10812=AXIS2_PLACEMENT_3D('',#14374,#11904,#11905);
#10813=AXIS2_PLACEMENT_3D('',#14375,#11906,#11907);
#10814=AXIS2_PLACEMENT_3D('',#14381,#11911,#11912);
#10815=AXIS2_PLACEMENT_3D('',#14385,#11915,#11916);
#10816=AXIS2_PLACEMENT_3D('',#14389,#11919,#11920);
#10817=AXIS2_PLACEMENT_3D('',#14391,#11922,#11923);
#10818=AXIS2_PLACEMENT_3D('',#14392,#11924,#11925);
#10819=AXIS2_PLACEMENT_3D('',#14398,#11929,#11930);
#10820=AXIS2_PLACEMENT_3D('',#14402,#11933,#11934);
#10821=AXIS2_PLACEMENT_3D('',#14406,#11937,#11938);
#10822=AXIS2_PLACEMENT_3D('',#14408,#11940,#11941);
#10823=AXIS2_PLACEMENT_3D('',#14409,#11942,#11943);
#10824=AXIS2_PLACEMENT_3D('',#14415,#11947,#11948);
#10825=AXIS2_PLACEMENT_3D('',#14419,#11951,#11952);
#10826=AXIS2_PLACEMENT_3D('',#14423,#11955,#11956);
#10827=AXIS2_PLACEMENT_3D('',#14425,#11958,#11959);
#10828=AXIS2_PLACEMENT_3D('',#14426,#11960,#11961);
#10829=AXIS2_PLACEMENT_3D('',#14432,#11965,#11966);
#10830=AXIS2_PLACEMENT_3D('',#14436,#11969,#11970);
#10831=AXIS2_PLACEMENT_3D('',#14440,#11973,#11974);
#10832=AXIS2_PLACEMENT_3D('',#14442,#11976,#11977);
#10833=AXIS2_PLACEMENT_3D('',#14443,#11978,#11979);
#10834=AXIS2_PLACEMENT_3D('',#14449,#11983,#11984);
#10835=AXIS2_PLACEMENT_3D('',#14453,#11987,#11988);
#10836=AXIS2_PLACEMENT_3D('',#14457,#11991,#11992);
#10837=AXIS2_PLACEMENT_3D('',#14459,#11994,#11995);
#10838=AXIS2_PLACEMENT_3D('',#14460,#11996,#11997);
#10839=AXIS2_PLACEMENT_3D('',#14466,#12001,#12002);
#10840=AXIS2_PLACEMENT_3D('',#14470,#12005,#12006);
#10841=AXIS2_PLACEMENT_3D('',#14474,#12009,#12010);
#10842=AXIS2_PLACEMENT_3D('',#14476,#12012,#12013);
#10843=AXIS2_PLACEMENT_3D('',#14477,#12014,#12015);
#10844=AXIS2_PLACEMENT_3D('',#14483,#12019,#12020);
#10845=AXIS2_PLACEMENT_3D('',#14487,#12023,#12024);
#10846=AXIS2_PLACEMENT_3D('',#14491,#12027,#12028);
#10847=AXIS2_PLACEMENT_3D('',#14493,#12030,#12031);
#10848=AXIS2_PLACEMENT_3D('',#14494,#12032,#12033);
#10849=AXIS2_PLACEMENT_3D('',#14500,#12037,#12038);
#10850=AXIS2_PLACEMENT_3D('',#14504,#12041,#12042);
#10851=AXIS2_PLACEMENT_3D('',#14508,#12045,#12046);
#10852=AXIS2_PLACEMENT_3D('',#14510,#12048,#12049);
#10853=AXIS2_PLACEMENT_3D('',#14511,#12050,#12051);
#10854=AXIS2_PLACEMENT_3D('',#14517,#12055,#12056);
#10855=AXIS2_PLACEMENT_3D('',#14521,#12059,#12060);
#10856=AXIS2_PLACEMENT_3D('',#14525,#12063,#12064);
#10857=AXIS2_PLACEMENT_3D('',#14527,#12066,#12067);
#10858=AXIS2_PLACEMENT_3D('',#14528,#12068,#12069);
#10859=AXIS2_PLACEMENT_3D('',#14534,#12073,#12074);
#10860=AXIS2_PLACEMENT_3D('',#14538,#12077,#12078);
#10861=AXIS2_PLACEMENT_3D('',#14542,#12081,#12082);
#10862=AXIS2_PLACEMENT_3D('',#14544,#12084,#12085);
#10863=AXIS2_PLACEMENT_3D('',#14545,#12086,#12087);
#10864=AXIS2_PLACEMENT_3D('',#14551,#12091,#12092);
#10865=AXIS2_PLACEMENT_3D('',#14555,#12095,#12096);
#10866=AXIS2_PLACEMENT_3D('',#14559,#12099,#12100);
#10867=AXIS2_PLACEMENT_3D('',#14561,#12102,#12103);
#10868=AXIS2_PLACEMENT_3D('',#14562,#12104,#12105);
#10869=AXIS2_PLACEMENT_3D('',#14568,#12109,#12110);
#10870=AXIS2_PLACEMENT_3D('',#14572,#12113,#12114);
#10871=AXIS2_PLACEMENT_3D('',#14576,#12117,#12118);
#10872=AXIS2_PLACEMENT_3D('',#14580,#12121,#12122);
#10873=AXIS2_PLACEMENT_3D('',#14582,#12124,#12125);
#10874=AXIS2_PLACEMENT_3D('',#14583,#12126,#12127);
#10875=AXIS2_PLACEMENT_3D('',#14589,#12131,#12132);
#10876=AXIS2_PLACEMENT_3D('',#14593,#12135,#12136);
#10877=AXIS2_PLACEMENT_3D('',#14597,#12139,#12140);
#10878=AXIS2_PLACEMENT_3D('',#14599,#12142,#12143);
#10879=AXIS2_PLACEMENT_3D('',#14600,#12144,#12145);
#10880=AXIS2_PLACEMENT_3D('',#14606,#12149,#12150);
#10881=AXIS2_PLACEMENT_3D('',#14610,#12153,#12154);
#10882=AXIS2_PLACEMENT_3D('',#14614,#12157,#12158);
#10883=AXIS2_PLACEMENT_3D('',#14616,#12160,#12161);
#10884=AXIS2_PLACEMENT_3D('',#14617,#12162,#12163);
#10885=AXIS2_PLACEMENT_3D('',#14623,#12167,#12168);
#10886=AXIS2_PLACEMENT_3D('',#14627,#12171,#12172);
#10887=AXIS2_PLACEMENT_3D('',#14631,#12175,#12176);
#10888=AXIS2_PLACEMENT_3D('',#14633,#12178,#12179);
#10889=AXIS2_PLACEMENT_3D('',#14634,#12180,#12181);
#10890=AXIS2_PLACEMENT_3D('',#14640,#12185,#12186);
#10891=AXIS2_PLACEMENT_3D('',#14644,#12189,#12190);
#10892=AXIS2_PLACEMENT_3D('',#14648,#12193,#12194);
#10893=AXIS2_PLACEMENT_3D('',#14650,#12196,#12197);
#10894=AXIS2_PLACEMENT_3D('',#14651,#12198,#12199);
#10895=AXIS2_PLACEMENT_3D('',#14657,#12203,#12204);
#10896=AXIS2_PLACEMENT_3D('',#14661,#12207,#12208);
#10897=AXIS2_PLACEMENT_3D('',#14665,#12211,#12212);
#10898=AXIS2_PLACEMENT_3D('',#14667,#12214,#12215);
#10899=AXIS2_PLACEMENT_3D('',#14668,#12216,#12217);
#10900=AXIS2_PLACEMENT_3D('',#14674,#12221,#12222);
#10901=AXIS2_PLACEMENT_3D('',#14678,#12225,#12226);
#10902=AXIS2_PLACEMENT_3D('',#14682,#12229,#12230);
#10903=AXIS2_PLACEMENT_3D('',#14684,#12232,#12233);
#10904=AXIS2_PLACEMENT_3D('',#14685,#12234,#12235);
#10905=AXIS2_PLACEMENT_3D('',#14691,#12239,#12240);
#10906=AXIS2_PLACEMENT_3D('',#14695,#12243,#12244);
#10907=AXIS2_PLACEMENT_3D('',#14699,#12247,#12248);
#10908=AXIS2_PLACEMENT_3D('',#14701,#12250,#12251);
#10909=AXIS2_PLACEMENT_3D('',#14702,#12252,#12253);
#10910=AXIS2_PLACEMENT_3D('',#14708,#12257,#12258);
#10911=AXIS2_PLACEMENT_3D('',#14712,#12261,#12262);
#10912=AXIS2_PLACEMENT_3D('',#14716,#12265,#12266);
#10913=AXIS2_PLACEMENT_3D('',#14718,#12268,#12269);
#10914=AXIS2_PLACEMENT_3D('',#14719,#12270,#12271);
#10915=AXIS2_PLACEMENT_3D('',#14725,#12275,#12276);
#10916=AXIS2_PLACEMENT_3D('',#14729,#12279,#12280);
#10917=AXIS2_PLACEMENT_3D('',#14733,#12283,#12284);
#10918=AXIS2_PLACEMENT_3D('',#14735,#12286,#12287);
#10919=AXIS2_PLACEMENT_3D('',#14736,#12288,#12289);
#10920=AXIS2_PLACEMENT_3D('',#14742,#12293,#12294);
#10921=AXIS2_PLACEMENT_3D('',#14746,#12297,#12298);
#10922=AXIS2_PLACEMENT_3D('',#14750,#12301,#12302);
#10923=AXIS2_PLACEMENT_3D('',#14752,#12304,#12305);
#10924=AXIS2_PLACEMENT_3D('',#14753,#12306,#12307);
#10925=AXIS2_PLACEMENT_3D('',#14759,#12311,#12312);
#10926=AXIS2_PLACEMENT_3D('',#14763,#12315,#12316);
#10927=AXIS2_PLACEMENT_3D('',#14767,#12319,#12320);
#10928=AXIS2_PLACEMENT_3D('',#14769,#12322,#12323);
#10929=AXIS2_PLACEMENT_3D('',#14770,#12324,#12325);
#10930=AXIS2_PLACEMENT_3D('',#14776,#12329,#12330);
#10931=AXIS2_PLACEMENT_3D('',#14780,#12333,#12334);
#10932=AXIS2_PLACEMENT_3D('',#14784,#12337,#12338);
#10933=AXIS2_PLACEMENT_3D('',#14786,#12340,#12341);
#10934=AXIS2_PLACEMENT_3D('',#14787,#12342,#12343);
#10935=AXIS2_PLACEMENT_3D('',#14793,#12347,#12348);
#10936=AXIS2_PLACEMENT_3D('',#14797,#12351,#12352);
#10937=AXIS2_PLACEMENT_3D('',#14801,#12355,#12356);
#10938=AXIS2_PLACEMENT_3D('',#14803,#12358,#12359);
#10939=AXIS2_PLACEMENT_3D('',#14804,#12360,#12361);
#10940=AXIS2_PLACEMENT_3D('',#14810,#12365,#12366);
#10941=AXIS2_PLACEMENT_3D('',#14814,#12369,#12370);
#10942=AXIS2_PLACEMENT_3D('',#14818,#12373,#12374);
#10943=AXIS2_PLACEMENT_3D('',#14820,#12376,#12377);
#10944=AXIS2_PLACEMENT_3D('',#14821,#12378,#12379);
#10945=AXIS2_PLACEMENT_3D('',#14827,#12383,#12384);
#10946=AXIS2_PLACEMENT_3D('',#14831,#12387,#12388);
#10947=AXIS2_PLACEMENT_3D('',#14835,#12391,#12392);
#10948=AXIS2_PLACEMENT_3D('',#14837,#12394,#12395);
#10949=AXIS2_PLACEMENT_3D('',#14838,#12396,#12397);
#10950=AXIS2_PLACEMENT_3D('',#14844,#12401,#12402);
#10951=AXIS2_PLACEMENT_3D('',#14848,#12405,#12406);
#10952=AXIS2_PLACEMENT_3D('',#14852,#12409,#12410);
#10953=AXIS2_PLACEMENT_3D('',#14854,#12412,#12413);
#10954=AXIS2_PLACEMENT_3D('',#14855,#12414,#12415);
#10955=AXIS2_PLACEMENT_3D('',#14861,#12419,#12420);
#10956=AXIS2_PLACEMENT_3D('',#14865,#12423,#12424);
#10957=AXIS2_PLACEMENT_3D('',#14869,#12427,#12428);
#10958=AXIS2_PLACEMENT_3D('',#14871,#12430,#12431);
#10959=AXIS2_PLACEMENT_3D('',#14872,#12432,#12433);
#10960=AXIS2_PLACEMENT_3D('',#14878,#12437,#12438);
#10961=AXIS2_PLACEMENT_3D('',#14882,#12441,#12442);
#10962=AXIS2_PLACEMENT_3D('',#14886,#12445,#12446);
#10963=AXIS2_PLACEMENT_3D('',#14888,#12448,#12449);
#10964=AXIS2_PLACEMENT_3D('',#14889,#12450,#12451);
#10965=AXIS2_PLACEMENT_3D('',#14895,#12455,#12456);
#10966=AXIS2_PLACEMENT_3D('',#14899,#12459,#12460);
#10967=AXIS2_PLACEMENT_3D('',#14903,#12463,#12464);
#10968=AXIS2_PLACEMENT_3D('',#14905,#12466,#12467);
#10969=AXIS2_PLACEMENT_3D('',#14906,#12468,#12469);
#10970=AXIS2_PLACEMENT_3D('',#14912,#12473,#12474);
#10971=AXIS2_PLACEMENT_3D('',#14916,#12477,#12478);
#10972=AXIS2_PLACEMENT_3D('',#14920,#12481,#12482);
#10973=AXIS2_PLACEMENT_3D('',#14922,#12484,#12485);
#10974=AXIS2_PLACEMENT_3D('',#14923,#12486,#12487);
#10975=AXIS2_PLACEMENT_3D('',#14929,#12491,#12492);
#10976=AXIS2_PLACEMENT_3D('',#14933,#12495,#12496);
#10977=AXIS2_PLACEMENT_3D('',#14937,#12499,#12500);
#10978=AXIS2_PLACEMENT_3D('',#14939,#12502,#12503);
#10979=AXIS2_PLACEMENT_3D('',#14940,#12504,#12505);
#10980=AXIS2_PLACEMENT_3D('',#14946,#12509,#12510);
#10981=AXIS2_PLACEMENT_3D('',#14950,#12513,#12514);
#10982=AXIS2_PLACEMENT_3D('',#14954,#12517,#12518);
#10983=AXIS2_PLACEMENT_3D('',#14956,#12520,#12521);
#10984=AXIS2_PLACEMENT_3D('',#14957,#12522,#12523);
#10985=AXIS2_PLACEMENT_3D('',#14963,#12527,#12528);
#10986=AXIS2_PLACEMENT_3D('',#14967,#12531,#12532);
#10987=AXIS2_PLACEMENT_3D('',#14971,#12535,#12536);
#10988=AXIS2_PLACEMENT_3D('',#14973,#12538,#12539);
#10989=AXIS2_PLACEMENT_3D('',#14974,#12540,#12541);
#10990=AXIS2_PLACEMENT_3D('',#14980,#12545,#12546);
#10991=AXIS2_PLACEMENT_3D('',#14984,#12549,#12550);
#10992=AXIS2_PLACEMENT_3D('',#14988,#12553,#12554);
#10993=AXIS2_PLACEMENT_3D('',#14990,#12556,#12557);
#10994=AXIS2_PLACEMENT_3D('',#14991,#12558,#12559);
#10995=AXIS2_PLACEMENT_3D('',#14992,#12560,#12561);
#10996=AXIS2_PLACEMENT_3D('',#15001,#12566,#12567);
#10997=AXIS2_PLACEMENT_3D('',#15007,#12571,#12572);
#10998=AXIS2_PLACEMENT_3D('',#15013,#12576,#12577);
#10999=AXIS2_PLACEMENT_3D('',#15016,#12580,#12581);
#11000=AXIS2_PLACEMENT_3D('',#15017,#12582,#12583);
#11001=AXIS2_PLACEMENT_3D('',#15018,#12584,#12585);
#11002=AXIS2_PLACEMENT_3D('',#15019,#12586,#12587);
#11003=AXIS2_PLACEMENT_3D('',#15028,#12592,#12593);
#11004=AXIS2_PLACEMENT_3D('',#15034,#12597,#12598);
#11005=AXIS2_PLACEMENT_3D('',#15040,#12602,#12603);
#11006=AXIS2_PLACEMENT_3D('',#15043,#12606,#12607);
#11007=AXIS2_PLACEMENT_3D('',#15044,#12608,#12609);
#11008=AXIS2_PLACEMENT_3D('',#15045,#12610,#12611);
#11009=AXIS2_PLACEMENT_3D('',#15046,#12612,#12613);
#11010=AXIS2_PLACEMENT_3D('',#15055,#12618,#12619);
#11011=AXIS2_PLACEMENT_3D('',#15061,#12623,#12624);
#11012=AXIS2_PLACEMENT_3D('',#15067,#12628,#12629);
#11013=AXIS2_PLACEMENT_3D('',#15070,#12632,#12633);
#11014=AXIS2_PLACEMENT_3D('',#15071,#12634,#12635);
#11015=AXIS2_PLACEMENT_3D('',#15072,#12636,#12637);
#11016=AXIS2_PLACEMENT_3D('',#15073,#12638,#12639);
#11017=AXIS2_PLACEMENT_3D('',#15082,#12644,#12645);
#11018=AXIS2_PLACEMENT_3D('',#15088,#12649,#12650);
#11019=AXIS2_PLACEMENT_3D('',#15094,#12654,#12655);
#11020=AXIS2_PLACEMENT_3D('',#15097,#12658,#12659);
#11021=AXIS2_PLACEMENT_3D('',#15098,#12660,#12661);
#11022=AXIS2_PLACEMENT_3D('',#15099,#12662,#12663);
#11023=AXIS2_PLACEMENT_3D('',#15100,#12664,#12665);
#11024=AXIS2_PLACEMENT_3D('',#15109,#12670,#12671);
#11025=AXIS2_PLACEMENT_3D('',#15115,#12675,#12676);
#11026=AXIS2_PLACEMENT_3D('',#15121,#12680,#12681);
#11027=AXIS2_PLACEMENT_3D('',#15124,#12684,#12685);
#11028=AXIS2_PLACEMENT_3D('',#15125,#12686,#12687);
#11029=AXIS2_PLACEMENT_3D('',#15126,#12688,#12689);
#11030=AXIS2_PLACEMENT_3D('',#15127,#12690,#12691);
#11031=AXIS2_PLACEMENT_3D('',#15136,#12696,#12697);
#11032=AXIS2_PLACEMENT_3D('',#15142,#12701,#12702);
#11033=AXIS2_PLACEMENT_3D('',#15148,#12706,#12707);
#11034=AXIS2_PLACEMENT_3D('',#15151,#12710,#12711);
#11035=AXIS2_PLACEMENT_3D('',#15152,#12712,#12713);
#11036=AXIS2_PLACEMENT_3D('',#15153,#12714,#12715);
#11037=AXIS2_PLACEMENT_3D('',#15154,#12716,#12717);
#11038=AXIS2_PLACEMENT_3D('',#15163,#12722,#12723);
#11039=AXIS2_PLACEMENT_3D('',#15169,#12727,#12728);
#11040=AXIS2_PLACEMENT_3D('',#15175,#12732,#12733);
#11041=AXIS2_PLACEMENT_3D('',#15178,#12736,#12737);
#11042=AXIS2_PLACEMENT_3D('',#15179,#12738,#12739);
#11043=AXIS2_PLACEMENT_3D('',#15180,#12740,#12741);
#11044=AXIS2_PLACEMENT_3D('',#15181,#12742,#12743);
#11045=AXIS2_PLACEMENT_3D('',#15190,#12748,#12749);
#11046=AXIS2_PLACEMENT_3D('',#15196,#12753,#12754);
#11047=AXIS2_PLACEMENT_3D('',#15202,#12758,#12759);
#11048=AXIS2_PLACEMENT_3D('',#15205,#12762,#12763);
#11049=AXIS2_PLACEMENT_3D('',#15206,#12764,#12765);
#11050=AXIS2_PLACEMENT_3D('',#15207,#12766,#12767);
#11051=AXIS2_PLACEMENT_3D('',#15208,#12768,#12769);
#11052=AXIS2_PLACEMENT_3D('',#15217,#12774,#12775);
#11053=AXIS2_PLACEMENT_3D('',#15223,#12779,#12780);
#11054=AXIS2_PLACEMENT_3D('',#15229,#12784,#12785);
#11055=AXIS2_PLACEMENT_3D('',#15232,#12788,#12789);
#11056=AXIS2_PLACEMENT_3D('',#15233,#12790,#12791);
#11057=AXIS2_PLACEMENT_3D('',#15234,#12792,#12793);
#11058=AXIS2_PLACEMENT_3D('',#15235,#12794,#12795);
#11059=AXIS2_PLACEMENT_3D('',#15244,#12800,#12801);
#11060=AXIS2_PLACEMENT_3D('',#15250,#12805,#12806);
#11061=AXIS2_PLACEMENT_3D('',#15256,#12810,#12811);
#11062=AXIS2_PLACEMENT_3D('',#15259,#12814,#12815);
#11063=AXIS2_PLACEMENT_3D('',#15260,#12816,#12817);
#11064=AXIS2_PLACEMENT_3D('',#15261,#12818,#12819);
#11065=AXIS2_PLACEMENT_3D('',#15262,#12820,#12821);
#11066=AXIS2_PLACEMENT_3D('',#15271,#12826,#12827);
#11067=AXIS2_PLACEMENT_3D('',#15277,#12831,#12832);
#11068=AXIS2_PLACEMENT_3D('',#15283,#12836,#12837);
#11069=AXIS2_PLACEMENT_3D('',#15286,#12840,#12841);
#11070=AXIS2_PLACEMENT_3D('',#15287,#12842,#12843);
#11071=AXIS2_PLACEMENT_3D('',#15288,#12844,#12845);
#11072=AXIS2_PLACEMENT_3D('',#15289,#12846,#12847);
#11073=AXIS2_PLACEMENT_3D('',#15298,#12852,#12853);
#11074=AXIS2_PLACEMENT_3D('',#15304,#12857,#12858);
#11075=AXIS2_PLACEMENT_3D('',#15310,#12862,#12863);
#11076=AXIS2_PLACEMENT_3D('',#15313,#12866,#12867);
#11077=AXIS2_PLACEMENT_3D('',#15314,#12868,#12869);
#11078=AXIS2_PLACEMENT_3D('',#15315,#12870,#12871);
#11079=AXIS2_PLACEMENT_3D('',#15316,#12872,#12873);
#11080=AXIS2_PLACEMENT_3D('',#15325,#12878,#12879);
#11081=AXIS2_PLACEMENT_3D('',#15331,#12883,#12884);
#11082=AXIS2_PLACEMENT_3D('',#15337,#12888,#12889);
#11083=AXIS2_PLACEMENT_3D('',#15340,#12892,#12893);
#11084=AXIS2_PLACEMENT_3D('',#15341,#12894,#12895);
#11085=AXIS2_PLACEMENT_3D('',#15342,#12896,#12897);
#11086=AXIS2_PLACEMENT_3D('',#15343,#12898,#12899);
#11087=AXIS2_PLACEMENT_3D('',#15352,#12904,#12905);
#11088=AXIS2_PLACEMENT_3D('',#15358,#12909,#12910);
#11089=AXIS2_PLACEMENT_3D('',#15364,#12914,#12915);
#11090=AXIS2_PLACEMENT_3D('',#15367,#12918,#12919);
#11091=AXIS2_PLACEMENT_3D('',#15368,#12920,#12921);
#11092=AXIS2_PLACEMENT_3D('',#15369,#12922,#12923);
#11093=AXIS2_PLACEMENT_3D('',#15370,#12924,#12925);
#11094=AXIS2_PLACEMENT_3D('',#15379,#12930,#12931);
#11095=AXIS2_PLACEMENT_3D('',#15385,#12935,#12936);
#11096=AXIS2_PLACEMENT_3D('',#15391,#12940,#12941);
#11097=AXIS2_PLACEMENT_3D('',#15394,#12944,#12945);
#11098=AXIS2_PLACEMENT_3D('',#15395,#12946,#12947);
#11099=AXIS2_PLACEMENT_3D('',#15396,#12948,#12949);
#11100=AXIS2_PLACEMENT_3D('',#15397,#12950,#12951);
#11101=AXIS2_PLACEMENT_3D('',#15406,#12956,#12957);
#11102=AXIS2_PLACEMENT_3D('',#15412,#12961,#12962);
#11103=AXIS2_PLACEMENT_3D('',#15418,#12966,#12967);
#11104=AXIS2_PLACEMENT_3D('',#15421,#12970,#12971);
#11105=AXIS2_PLACEMENT_3D('',#15422,#12972,#12973);
#11106=AXIS2_PLACEMENT_3D('',#15423,#12974,#12975);
#11107=AXIS2_PLACEMENT_3D('',#15424,#12976,#12977);
#11108=AXIS2_PLACEMENT_3D('',#15433,#12982,#12983);
#11109=AXIS2_PLACEMENT_3D('',#15439,#12987,#12988);
#11110=AXIS2_PLACEMENT_3D('',#15445,#12992,#12993);
#11111=AXIS2_PLACEMENT_3D('',#15448,#12996,#12997);
#11112=AXIS2_PLACEMENT_3D('',#15449,#12998,#12999);
#11113=AXIS2_PLACEMENT_3D('',#15450,#13000,#13001);
#11114=AXIS2_PLACEMENT_3D('',#15451,#13002,#13003);
#11115=AXIS2_PLACEMENT_3D('',#15460,#13008,#13009);
#11116=AXIS2_PLACEMENT_3D('',#15466,#13013,#13014);
#11117=AXIS2_PLACEMENT_3D('',#15472,#13018,#13019);
#11118=AXIS2_PLACEMENT_3D('',#15475,#13022,#13023);
#11119=AXIS2_PLACEMENT_3D('',#15476,#13024,#13025);
#11120=AXIS2_PLACEMENT_3D('',#15477,#13026,#13027);
#11121=AXIS2_PLACEMENT_3D('',#15478,#13028,#13029);
#11122=AXIS2_PLACEMENT_3D('',#15487,#13034,#13035);
#11123=AXIS2_PLACEMENT_3D('',#15493,#13039,#13040);
#11124=AXIS2_PLACEMENT_3D('',#15499,#13044,#13045);
#11125=AXIS2_PLACEMENT_3D('',#15505,#13049,#13050);
#11126=AXIS2_PLACEMENT_3D('',#15508,#13053,#13054);
#11127=AXIS2_PLACEMENT_3D('',#15509,#13055,#13056);
#11128=AXIS2_PLACEMENT_3D('',#15510,#13057,#13058);
#11129=AXIS2_PLACEMENT_3D('',#15511,#13059,#13060);
#11130=AXIS2_PLACEMENT_3D('',#15520,#13065,#13066);
#11131=AXIS2_PLACEMENT_3D('',#15526,#13070,#13071);
#11132=AXIS2_PLACEMENT_3D('',#15532,#13075,#13076);
#11133=AXIS2_PLACEMENT_3D('',#15535,#13079,#13080);
#11134=AXIS2_PLACEMENT_3D('',#15536,#13081,#13082);
#11135=AXIS2_PLACEMENT_3D('',#15537,#13083,#13084);
#11136=AXIS2_PLACEMENT_3D('',#15538,#13085,#13086);
#11137=AXIS2_PLACEMENT_3D('',#15547,#13091,#13092);
#11138=AXIS2_PLACEMENT_3D('',#15553,#13096,#13097);
#11139=AXIS2_PLACEMENT_3D('',#15559,#13101,#13102);
#11140=AXIS2_PLACEMENT_3D('',#15562,#13105,#13106);
#11141=AXIS2_PLACEMENT_3D('',#15563,#13107,#13108);
#11142=AXIS2_PLACEMENT_3D('',#15564,#13109,#13110);
#11143=AXIS2_PLACEMENT_3D('',#15565,#13111,#13112);
#11144=AXIS2_PLACEMENT_3D('',#15574,#13117,#13118);
#11145=AXIS2_PLACEMENT_3D('',#15580,#13122,#13123);
#11146=AXIS2_PLACEMENT_3D('',#15586,#13127,#13128);
#11147=AXIS2_PLACEMENT_3D('',#15589,#13131,#13132);
#11148=AXIS2_PLACEMENT_3D('',#15590,#13133,#13134);
#11149=AXIS2_PLACEMENT_3D('',#15591,#13135,#13136);
#11150=AXIS2_PLACEMENT_3D('',#15592,#13137,#13138);
#11151=AXIS2_PLACEMENT_3D('',#15601,#13143,#13144);
#11152=AXIS2_PLACEMENT_3D('',#15607,#13148,#13149);
#11153=AXIS2_PLACEMENT_3D('',#15613,#13153,#13154);
#11154=AXIS2_PLACEMENT_3D('',#15616,#13157,#13158);
#11155=AXIS2_PLACEMENT_3D('',#15617,#13159,#13160);
#11156=AXIS2_PLACEMENT_3D('',#15618,#13161,#13162);
#11157=AXIS2_PLACEMENT_3D('',#15619,#13163,#13164);
#11158=AXIS2_PLACEMENT_3D('',#15628,#13169,#13170);
#11159=AXIS2_PLACEMENT_3D('',#15634,#13174,#13175);
#11160=AXIS2_PLACEMENT_3D('',#15640,#13179,#13180);
#11161=AXIS2_PLACEMENT_3D('',#15643,#13183,#13184);
#11162=AXIS2_PLACEMENT_3D('',#15644,#13185,#13186);
#11163=AXIS2_PLACEMENT_3D('',#15645,#13187,#13188);
#11164=AXIS2_PLACEMENT_3D('',#15646,#13189,#13190);
#11165=AXIS2_PLACEMENT_3D('',#15655,#13195,#13196);
#11166=AXIS2_PLACEMENT_3D('',#15661,#13200,#13201);
#11167=AXIS2_PLACEMENT_3D('',#15667,#13205,#13206);
#11168=AXIS2_PLACEMENT_3D('',#15670,#13209,#13210);
#11169=AXIS2_PLACEMENT_3D('',#15671,#13211,#13212);
#11170=AXIS2_PLACEMENT_3D('',#15672,#13213,#13214);
#11171=AXIS2_PLACEMENT_3D('',#15673,#13215,#13216);
#11172=AXIS2_PLACEMENT_3D('',#15682,#13221,#13222);
#11173=AXIS2_PLACEMENT_3D('',#15688,#13226,#13227);
#11174=AXIS2_PLACEMENT_3D('',#15694,#13231,#13232);
#11175=AXIS2_PLACEMENT_3D('',#15697,#13235,#13236);
#11176=AXIS2_PLACEMENT_3D('',#15698,#13237,#13238);
#11177=AXIS2_PLACEMENT_3D('',#15699,#13239,#13240);
#11178=AXIS2_PLACEMENT_3D('',#15700,#13241,#13242);
#11179=AXIS2_PLACEMENT_3D('',#15709,#13247,#13248);
#11180=AXIS2_PLACEMENT_3D('',#15715,#13252,#13253);
#11181=AXIS2_PLACEMENT_3D('',#15721,#13257,#13258);
#11182=AXIS2_PLACEMENT_3D('',#15724,#13261,#13262);
#11183=AXIS2_PLACEMENT_3D('',#15725,#13263,#13264);
#11184=AXIS2_PLACEMENT_3D('',#15726,#13265,#13266);
#11185=AXIS2_PLACEMENT_3D('',#15727,#13267,#13268);
#11186=AXIS2_PLACEMENT_3D('',#15736,#13273,#13274);
#11187=AXIS2_PLACEMENT_3D('',#15742,#13278,#13279);
#11188=AXIS2_PLACEMENT_3D('',#15748,#13283,#13284);
#11189=AXIS2_PLACEMENT_3D('',#15751,#13287,#13288);
#11190=AXIS2_PLACEMENT_3D('',#15752,#13289,#13290);
#11191=AXIS2_PLACEMENT_3D('',#15753,#13291,#13292);
#11192=AXIS2_PLACEMENT_3D('',#15754,#13293,#13294);
#11193=AXIS2_PLACEMENT_3D('',#15763,#13299,#13300);
#11194=AXIS2_PLACEMENT_3D('',#15769,#13304,#13305);
#11195=AXIS2_PLACEMENT_3D('',#15775,#13309,#13310);
#11196=AXIS2_PLACEMENT_3D('',#15778,#13313,#13314);
#11197=AXIS2_PLACEMENT_3D('',#15779,#13315,#13316);
#11198=AXIS2_PLACEMENT_3D('',#15780,#13317,#13318);
#11199=AXIS2_PLACEMENT_3D('',#15781,#13319,#13320);
#11200=AXIS2_PLACEMENT_3D('',#15790,#13325,#13326);
#11201=AXIS2_PLACEMENT_3D('',#15796,#13330,#13331);
#11202=AXIS2_PLACEMENT_3D('',#15802,#13335,#13336);
#11203=AXIS2_PLACEMENT_3D('',#15805,#13339,#13340);
#11204=AXIS2_PLACEMENT_3D('',#15806,#13341,#13342);
#11205=AXIS2_PLACEMENT_3D('',#15807,#13343,#13344);
#11206=AXIS2_PLACEMENT_3D('',#15808,#13345,#13346);
#11207=AXIS2_PLACEMENT_3D('',#15817,#13351,#13352);
#11208=AXIS2_PLACEMENT_3D('',#15823,#13356,#13357);
#11209=AXIS2_PLACEMENT_3D('',#15829,#13361,#13362);
#11210=AXIS2_PLACEMENT_3D('',#15832,#13365,#13366);
#11211=AXIS2_PLACEMENT_3D('',#15833,#13367,#13368);
#11212=AXIS2_PLACEMENT_3D('',#15834,#13369,#13370);
#11213=AXIS2_PLACEMENT_3D('',#15835,#13371,#13372);
#11214=AXIS2_PLACEMENT_3D('',#15844,#13377,#13378);
#11215=AXIS2_PLACEMENT_3D('',#15850,#13382,#13383);
#11216=AXIS2_PLACEMENT_3D('',#15856,#13387,#13388);
#11217=AXIS2_PLACEMENT_3D('',#15859,#13391,#13392);
#11218=AXIS2_PLACEMENT_3D('',#15860,#13393,#13394);
#11219=AXIS2_PLACEMENT_3D('',#15861,#13395,#13396);
#11220=AXIS2_PLACEMENT_3D('',#15862,#13397,#13398);
#11221=AXIS2_PLACEMENT_3D('',#15871,#13403,#13404);
#11222=AXIS2_PLACEMENT_3D('',#15877,#13408,#13409);
#11223=AXIS2_PLACEMENT_3D('',#15883,#13413,#13414);
#11224=AXIS2_PLACEMENT_3D('',#15886,#13417,#13418);
#11225=AXIS2_PLACEMENT_3D('',#15887,#13419,#13420);
#11226=AXIS2_PLACEMENT_3D('',#15888,#13421,#13422);
#11227=AXIS2_PLACEMENT_3D('',#15889,#13423,#13424);
#11228=AXIS2_PLACEMENT_3D('',#15898,#13429,#13430);
#11229=AXIS2_PLACEMENT_3D('',#15904,#13434,#13435);
#11230=AXIS2_PLACEMENT_3D('',#15910,#13439,#13440);
#11231=AXIS2_PLACEMENT_3D('',#15913,#13443,#13444);
#11232=AXIS2_PLACEMENT_3D('',#15914,#13445,#13446);
#11233=AXIS2_PLACEMENT_3D('',#15915,#13447,#13448);
#11234=AXIS2_PLACEMENT_3D('',#15916,#13449,#13450);
#11235=AXIS2_PLACEMENT_3D('',#15925,#13455,#13456);
#11236=AXIS2_PLACEMENT_3D('',#15931,#13460,#13461);
#11237=AXIS2_PLACEMENT_3D('',#15937,#13465,#13466);
#11238=AXIS2_PLACEMENT_3D('',#15940,#13469,#13470);
#11239=AXIS2_PLACEMENT_3D('',#15941,#13471,#13472);
#11240=AXIS2_PLACEMENT_3D('',#15942,#13473,#13474);
#11241=AXIS2_PLACEMENT_3D('',#15943,#13475,#13476);
#11242=AXIS2_PLACEMENT_3D('',#15952,#13481,#13482);
#11243=AXIS2_PLACEMENT_3D('',#15958,#13486,#13487);
#11244=AXIS2_PLACEMENT_3D('',#15964,#13491,#13492);
#11245=AXIS2_PLACEMENT_3D('',#15967,#13495,#13496);
#11246=AXIS2_PLACEMENT_3D('',#15968,#13497,#13498);
#11247=AXIS2_PLACEMENT_3D('',#15969,#13499,#13500);
#11248=AXIS2_PLACEMENT_3D('',#15970,#13501,#13502);
#11249=AXIS2_PLACEMENT_3D('',#15979,#13507,#13508);
#11250=AXIS2_PLACEMENT_3D('',#15985,#13512,#13513);
#11251=AXIS2_PLACEMENT_3D('',#15991,#13517,#13518);
#11252=AXIS2_PLACEMENT_3D('',#15994,#13521,#13522);
#11253=AXIS2_PLACEMENT_3D('',#15995,#13523,#13524);
#11254=AXIS2_PLACEMENT_3D('',#15996,#13525,#13526);
#11255=AXIS2_PLACEMENT_3D('',#15997,#13527,#13528);
#11256=AXIS2_PLACEMENT_3D('',#16006,#13533,#13534);
#11257=AXIS2_PLACEMENT_3D('',#16012,#13538,#13539);
#11258=AXIS2_PLACEMENT_3D('',#16018,#13543,#13544);
#11259=AXIS2_PLACEMENT_3D('',#16021,#13547,#13548);
#11260=AXIS2_PLACEMENT_3D('',#16022,#13549,#13550);
#11261=DIRECTION('',(0.,0.,1.));
#11262=DIRECTION('',(1.,0.,0.));
#11263=DIRECTION('',(0.,0.,-1.));
#11264=DIRECTION('',(-1.,0.,0.));
#11265=DIRECTION('',(-1.,0.,0.));
#11266=DIRECTION('',(0.,1.,0.));
#11267=DIRECTION('',(1.,0.,0.));
#11268=DIRECTION('',(0.,1.,0.));
#11269=DIRECTION('',(-1.,0.,8.67361737988403E-16));
#11270=DIRECTION('',(8.67361737988403E-16,0.,1.));
#11271=DIRECTION('',(8.67361737988403E-16,0.,1.));
#11272=DIRECTION('',(0.,1.,0.));
#11273=DIRECTION('',(0.,0.,1.));
#11274=DIRECTION('',(0.,0.,1.));
#11275=DIRECTION('',(1.,0.,0.));
#11276=DIRECTION('',(1.,0.,0.));
#11277=DIRECTION('',(0.,1.,0.));
#11278=DIRECTION('',(1.,0.,0.));
#11279=DIRECTION('',(1.,0.,-8.67361737988403E-16));
#11280=DIRECTION('',(-8.67361737988403E-16,0.,-1.));
#11281=DIRECTION('',(-8.67361737988403E-16,0.,-1.));
#11282=DIRECTION('',(0.,0.,1.));
#11283=DIRECTION('',(0.,1.,0.));
#11284=DIRECTION('',(0.,0.,1.));
#11285=DIRECTION('',(0.,1.,0.));
#11286=DIRECTION('',(0.,0.,1.));
#11287=DIRECTION('',(0.,0.,1.));
#11288=DIRECTION('',(1.,0.,0.));
#11289=DIRECTION('',(1.,0.,0.));
#11290=DIRECTION('',(0.,0.,-1.));
#11291=DIRECTION('',(0.,0.,-1.));
#11292=DIRECTION('',(0.,1.,0.));
#11293=DIRECTION('',(0.,0.,1.));
#11294=DIRECTION('',(0.,1.,0.));
#11295=DIRECTION('',(0.,0.,-1.));
#11296=DIRECTION('',(-1.,0.,0.));
#11297=DIRECTION('',(-1.,0.,0.));
#11298=DIRECTION('',(0.,1.,0.));
#11299=DIRECTION('',(1.,0.,0.));
#11300=DIRECTION('',(-1.,0.,0.));
#11301=DIRECTION('',(0.,0.,1.));
#11302=DIRECTION('',(0.,0.,1.));
#11303=DIRECTION('',(0.,1.,0.));
#11304=DIRECTION('',(0.,0.,1.));
#11305=DIRECTION('',(0.,0.,1.));
#11306=DIRECTION('',(1.,0.,0.));
#11307=DIRECTION('',(1.,0.,0.));
#11308=DIRECTION('',(1.,0.,0.));
#11309=DIRECTION('',(0.,1.,0.));
#11310=DIRECTION('',(0.,0.,1.));
#11311=DIRECTION('',(0.,1.,0.));
#11312=DIRECTION('',(0.,0.,1.));
#11313=DIRECTION('',(0.,0.,1.));
#11314=DIRECTION('',(1.,0.,0.));
#11315=DIRECTION('',(0.,0.,1.));
#11316=DIRECTION('',(1.,0.,0.));
#11317=DIRECTION('',(1.,0.,0.));
#11318=DIRECTION('',(0.,1.,0.));
#11319=DIRECTION('',(1.,0.,0.));
#11320=DIRECTION('',(0.,1.,0.));
#11321=DIRECTION('',(1.,0.,0.));
#11322=DIRECTION('',(0.,0.,-1.));
#11323=DIRECTION('',(0.,0.,-1.));
#11324=DIRECTION('',(0.,1.,0.));
#11325=DIRECTION('',(0.,0.,1.));
#11326=DIRECTION('',(0.,0.,-1.));
#11327=DIRECTION('',(-1.,0.,0.));
#11328=DIRECTION('',(-1.,0.,0.));
#11329=DIRECTION('',(0.,1.,0.));
#11330=DIRECTION('',(1.,0.,0.));
#11331=DIRECTION('',(-1.,0.,1.73472347597681E-15));
#11332=DIRECTION('',(1.73472347597681E-15,0.,1.));
#11333=DIRECTION('',(1.73472347597681E-15,0.,1.));
#11334=DIRECTION('',(0.,0.,1.));
#11335=DIRECTION('',(0.,1.,0.));
#11336=DIRECTION('',(0.,0.,1.));
#11337=DIRECTION('',(0.,1.,0.));
#11338=DIRECTION('',(0.,0.,1.));
#11339=DIRECTION('',(0.,0.,1.));
#11340=DIRECTION('',(1.,0.,0.));
#11341=DIRECTION('',(1.,0.,0.));
#11342=DIRECTION('',(0.,0.,-1.));
#11343=DIRECTION('',(0.,0.,-1.));
#11344=DIRECTION('',(0.,1.,0.));
#11345=DIRECTION('',(0.,0.,1.));
#11346=DIRECTION('',(0.,1.,0.));
#11347=DIRECTION('',(0.,0.,-1.));
#11348=DIRECTION('',(-1.,0.,0.));
#11349=DIRECTION('',(-1.,0.,0.));
#11350=DIRECTION('',(0.,1.,0.));
#11351=DIRECTION('',(1.,0.,0.));
#11352=DIRECTION('',(-1.,0.,0.));
#11353=DIRECTION('',(0.,0.,1.));
#11354=DIRECTION('',(0.,0.,1.));
#11355=DIRECTION('',(0.,1.,0.));
#11356=DIRECTION('',(0.,0.,1.));
#11357=DIRECTION('',(0.,0.,1.));
#11358=DIRECTION('',(1.,0.,0.));
#11359=DIRECTION('',(1.,0.,0.));
#11360=DIRECTION('',(1.,0.,0.));
#11361=DIRECTION('',(0.,1.,0.));
#11362=DIRECTION('',(0.,0.,1.));
#11363=DIRECTION('',(0.,1.,0.));
#11364=DIRECTION('',(0.,0.,1.));
#11365=DIRECTION('',(0.,0.,1.));
#11366=DIRECTION('',(1.,0.,0.));
#11367=DIRECTION('',(0.,1.,0.));
#11368=DIRECTION('',(0.,0.,1.));
#11369=DIRECTION('',(0.,1.,0.));
#11370=DIRECTION('',(0.,0.,1.));
#11371=DIRECTION('',(0.,1.,0.));
#11372=DIRECTION('',(0.,0.,1.));
#11373=DIRECTION('',(0.,0.,-1.));
#11374=DIRECTION('',(-1.,0.,0.));
#11375=DIRECTION('',(1.,0.,0.));
#11376=DIRECTION('',(0.,1.,0.));
#11377=DIRECTION('',(-1.,0.,0.));
#11378=DIRECTION('',(0.,1.,0.));
#11379=DIRECTION('',(-1.,0.,0.));
#11380=DIRECTION('',(0.,0.,1.));
#11381=DIRECTION('',(0.,0.,1.));
#11382=DIRECTION('',(0.,0.,1.));
#11383=DIRECTION('',(0.,1.,0.));
#11384=DIRECTION('',(0.,0.,1.));
#11385=DIRECTION('',(1.,0.,0.));
#11386=DIRECTION('',(1.,0.,0.));
#11387=DIRECTION('',(1.,0.,0.));
#11388=DIRECTION('',(0.,1.,0.));
#11389=DIRECTION('',(1.,0.,0.));
#11390=DIRECTION('',(0.,0.,-1.));
#11391=DIRECTION('',(0.,0.,1.));
#11392=DIRECTION('',(0.,0.,-1.));
#11393=DIRECTION('',(0.,1.,0.));
#11394=DIRECTION('',(0.,0.,1.));
#11395=DIRECTION('',(0.,1.,0.));
#11396=DIRECTION('',(0.,0.,1.));
#11397=DIRECTION('',(0.,1.,0.));
#11398=DIRECTION('',(0.,0.,1.));
#11399=DIRECTION('',(0.,0.,1.));
#11400=DIRECTION('',(1.,0.,0.));
#11401=DIRECTION('',(0.,0.,1.));
#11402=DIRECTION('',(1.,0.,0.));
#11403=DIRECTION('',(1.,0.,0.));
#11404=DIRECTION('',(0.,1.,0.));
#11405=DIRECTION('',(1.,0.,0.));
#11406=DIRECTION('',(0.,1.,0.));
#11407=DIRECTION('',(1.,0.,0.));
#11408=DIRECTION('',(0.,0.,-1.));
#11409=DIRECTION('',(0.,0.,-1.));
#11410=DIRECTION('',(0.,1.,0.));
#11411=DIRECTION('',(0.,0.,1.));
#11412=DIRECTION('',(0.,0.,-1.));
#11413=DIRECTION('',(-1.,0.,0.));
#11414=DIRECTION('',(-1.,0.,0.));
#11415=DIRECTION('',(0.,1.,0.));
#11416=DIRECTION('',(1.,0.,0.));
#11417=DIRECTION('',(-1.,0.,1.73472347597681E-15));
#11418=DIRECTION('',(1.73472347597681E-15,0.,1.));
#11419=DIRECTION('',(1.73472347597681E-15,0.,1.));
#11420=DIRECTION('',(0.,0.,1.));
#11421=DIRECTION('',(0.,1.,0.));
#11422=DIRECTION('',(0.,0.,1.));
#11423=DIRECTION('',(0.,1.,0.));
#11424=DIRECTION('',(0.,0.,1.));
#11425=DIRECTION('',(0.,0.,1.));
#11426=DIRECTION('',(1.,0.,0.));
#11427=DIRECTION('',(1.,0.,0.));
#11428=DIRECTION('',(0.,0.,-1.));
#11429=DIRECTION('',(0.,0.,-1.));
#11430=DIRECTION('',(0.,1.,0.));
#11431=DIRECTION('',(0.,0.,1.));
#11432=DIRECTION('',(0.,1.,0.));
#11433=DIRECTION('',(0.,0.,-1.));
#11434=DIRECTION('',(-1.,0.,0.));
#11435=DIRECTION('',(-1.,0.,0.));
#11436=DIRECTION('',(0.,1.,0.));
#11437=DIRECTION('',(1.,0.,0.));
#11438=DIRECTION('',(-1.,0.,0.));
#11439=DIRECTION('',(0.,0.,1.));
#11440=DIRECTION('',(0.,0.,1.));
#11441=DIRECTION('',(0.,1.,0.));
#11442=DIRECTION('',(0.,0.,1.));
#11443=DIRECTION('',(0.,0.,1.));
#11444=DIRECTION('',(1.,0.,0.));
#11445=DIRECTION('',(1.,0.,0.));
#11446=DIRECTION('',(1.,0.,0.));
#11447=DIRECTION('',(0.,1.,0.));
#11448=DIRECTION('',(0.,0.,1.));
#11449=DIRECTION('',(0.,1.,0.));
#11450=DIRECTION('',(0.,0.,1.));
#11451=DIRECTION('',(0.,0.,1.));
#11452=DIRECTION('',(1.,0.,0.));
#11453=DIRECTION('',(0.,1.,0.));
#11454=DIRECTION('',(0.,0.,1.));
#11455=DIRECTION('',(0.,1.,0.));
#11456=DIRECTION('',(0.,0.,1.));
#11457=DIRECTION('',(0.,1.,0.));
#11458=DIRECTION('',(0.,0.,1.));
#11459=DIRECTION('',(0.,1.,0.));
#11460=DIRECTION('',(0.,0.,1.));
#11461=DIRECTION('',(0.,1.,0.));
#11462=DIRECTION('',(0.,0.,1.));
#11463=DIRECTION('',(0.,0.,1.));
#11464=DIRECTION('',(1.,0.,0.));
#11465=DIRECTION('',(0.,0.,1.));
#11466=DIRECTION('',(1.,0.,0.));
#11467=DIRECTION('',(1.,0.,0.));
#11468=DIRECTION('',(0.,1.,0.));
#11469=DIRECTION('',(1.,0.,0.));
#11470=DIRECTION('',(0.,1.,0.));
#11471=DIRECTION('',(1.,0.,0.));
#11472=DIRECTION('',(0.,0.,-1.));
#11473=DIRECTION('',(0.,0.,-1.));
#11474=DIRECTION('',(0.,1.,0.));
#11475=DIRECTION('',(0.,0.,1.));
#11476=DIRECTION('',(0.,0.,-1.));
#11477=DIRECTION('',(-1.,0.,0.));
#11478=DIRECTION('',(-1.,0.,0.));
#11479=DIRECTION('',(0.,1.,0.));
#11480=DIRECTION('',(1.,0.,0.));
#11481=DIRECTION('',(-1.,0.,1.73472347597681E-15));
#11482=DIRECTION('',(1.73472347597681E-15,0.,1.));
#11483=DIRECTION('',(1.73472347597681E-15,0.,1.));
#11484=DIRECTION('',(0.,0.,1.));
#11485=DIRECTION('',(0.,1.,0.));
#11486=DIRECTION('',(0.,0.,1.));
#11487=DIRECTION('',(0.,1.,0.));
#11488=DIRECTION('',(0.,0.,1.));
#11489=DIRECTION('',(0.,0.,1.));
#11490=DIRECTION('',(1.,0.,0.));
#11491=DIRECTION('',(1.,0.,0.));
#11492=DIRECTION('',(0.,0.,-1.));
#11493=DIRECTION('',(0.,0.,-1.));
#11494=DIRECTION('',(0.,1.,0.));
#11495=DIRECTION('',(0.,0.,1.));
#11496=DIRECTION('',(0.,1.,0.));
#11497=DIRECTION('',(0.,0.,-1.));
#11498=DIRECTION('',(-1.,0.,0.));
#11499=DIRECTION('',(-1.,0.,0.));
#11500=DIRECTION('',(0.,1.,0.));
#11501=DIRECTION('',(1.,0.,0.));
#11502=DIRECTION('',(-1.,0.,0.));
#11503=DIRECTION('',(0.,0.,1.));
#11504=DIRECTION('',(0.,0.,1.));
#11505=DIRECTION('',(0.,1.,0.));
#11506=DIRECTION('',(0.,0.,1.));
#11507=DIRECTION('',(0.,0.,1.));
#11508=DIRECTION('',(1.,0.,0.));
#11509=DIRECTION('',(1.,0.,0.));
#11510=DIRECTION('',(1.,0.,0.));
#11511=DIRECTION('',(0.,1.,0.));
#11512=DIRECTION('',(0.,0.,1.));
#11513=DIRECTION('',(0.,1.,0.));
#11514=DIRECTION('',(0.,0.,1.));
#11515=DIRECTION('',(0.,0.,1.));
#11516=DIRECTION('',(1.,0.,0.));
#11517=DIRECTION('',(0.,-1.,0.));
#11518=DIRECTION('',(0.,0.,-1.));
#11519=DIRECTION('',(0.,0.,1.));
#11520=DIRECTION('',(-1.,0.,0.));
#11521=DIRECTION('',(0.,0.,-1.));
#11522=DIRECTION('',(1.,0.,0.));
#11523=DIRECTION('',(1.,0.,0.));
#11524=DIRECTION('',(0.,0.,-1.));
#11525=DIRECTION('',(1.,0.,0.));
#11526=DIRECTION('',(0.,0.,-1.));
#11527=DIRECTION('',(1.,0.,0.));
#11528=DIRECTION('',(0.,0.,-1.));
#11529=DIRECTION('',(1.,0.,0.));
#11530=DIRECTION('',(0.,0.,-1.));
#11531=DIRECTION('',(1.,0.,0.));
#11532=DIRECTION('',(0.,0.,-1.));
#11533=DIRECTION('',(1.,0.,0.));
#11534=DIRECTION('',(0.,0.,-1.));
#11535=DIRECTION('',(1.,0.,0.));
#11536=DIRECTION('',(0.,0.,-1.));
#11537=DIRECTION('',(1.,0.,0.));
#11538=DIRECTION('',(0.,0.,-1.));
#11539=DIRECTION('',(1.,0.,0.));
#11540=DIRECTION('',(0.,0.,-1.));
#11541=DIRECTION('',(1.,0.,0.));
#11542=DIRECTION('',(0.,0.,-1.));
#11543=DIRECTION('',(0.,0.,-1.));
#11544=DIRECTION('',(1.,0.,0.));
#11545=DIRECTION('',(0.,0.,-1.));
#11546=DIRECTION('',(1.,0.,0.));
#11547=DIRECTION('',(1.,0.,0.));
#11548=DIRECTION('',(0.,0.,-1.));
#11549=DIRECTION('',(1.,0.,0.));
#11550=DIRECTION('',(0.,0.,-1.));
#11551=DIRECTION('',(1.,0.,0.));
#11552=DIRECTION('',(0.,0.,-1.));
#11553=DIRECTION('',(1.,0.,0.));
#11554=DIRECTION('',(0.,0.,-1.));
#11555=DIRECTION('',(1.,0.,0.));
#11556=DIRECTION('',(0.,0.,-1.));
#11557=DIRECTION('',(1.,0.,0.));
#11558=DIRECTION('',(0.,0.,-1.));
#11559=DIRECTION('',(0.,0.,-1.));
#11560=DIRECTION('',(1.,0.,0.));
#11561=DIRECTION('',(0.,0.,-1.));
#11562=DIRECTION('',(1.,0.,0.));
#11563=DIRECTION('',(0.,0.,-1.));
#11564=DIRECTION('',(1.,0.,0.));
#11565=DIRECTION('',(0.,0.,-1.));
#11566=DIRECTION('',(1.,0.,0.));
#11567=DIRECTION('',(0.,0.,-1.));
#11568=DIRECTION('',(1.,0.,0.));
#11569=DIRECTION('',(0.,0.,-1.));
#11570=DIRECTION('',(1.,0.,0.));
#11571=DIRECTION('',(0.,0.,-1.));
#11572=DIRECTION('',(1.,0.,0.));
#11573=DIRECTION('',(0.,0.,-1.));
#11574=DIRECTION('',(1.,0.,0.));
#11575=DIRECTION('',(0.,0.,-1.));
#11576=DIRECTION('',(1.,0.,0.));
#11577=DIRECTION('',(0.,0.,-1.));
#11578=DIRECTION('',(1.,0.,0.));
#11579=DIRECTION('',(0.,0.,-1.));
#11580=DIRECTION('',(1.,0.,0.));
#11581=DIRECTION('',(0.,0.,-1.));
#11582=DIRECTION('',(1.,0.,0.));
#11583=DIRECTION('',(0.,0.,-1.));
#11584=DIRECTION('',(1.,0.,0.));
#11585=DIRECTION('',(0.,0.,-1.));
#11586=DIRECTION('',(1.,0.,0.));
#11587=DIRECTION('',(0.,0.,-1.));
#11588=DIRECTION('',(1.,0.,0.));
#11589=DIRECTION('',(0.,0.,-1.));
#11590=DIRECTION('',(1.,0.,0.));
#11591=DIRECTION('',(1.,0.,0.));
#11592=DIRECTION('',(0.,0.,-1.));
#11593=DIRECTION('',(1.,0.,0.));
#11594=DIRECTION('',(0.,0.,-1.));
#11595=DIRECTION('',(0.,0.,-1.));
#11596=DIRECTION('',(1.,0.,0.));
#11597=DIRECTION('',(0.,0.,-1.));
#11598=DIRECTION('',(1.,0.,0.));
#11599=DIRECTION('',(1.,0.,0.));
#11600=DIRECTION('',(0.,0.,-1.));
#11601=DIRECTION('',(1.,0.,0.));
#11602=DIRECTION('',(0.,0.,-1.));
#11603=DIRECTION('',(0.,0.,-1.));
#11604=DIRECTION('',(1.,0.,0.));
#11605=DIRECTION('',(0.,0.,-1.));
#11606=DIRECTION('',(1.,0.,0.));
#11607=DIRECTION('',(1.,0.,0.));
#11608=DIRECTION('',(0.,0.,-1.));
#11609=DIRECTION('',(1.,0.,0.));
#11610=DIRECTION('',(-0.707106781186547,0.,0.707106781186548));
#11611=DIRECTION('',(0.,0.,-1.));
#11612=DIRECTION('',(1.,0.,0.));
#11613=DIRECTION('',(0.,0.,-1.));
#11614=DIRECTION('',(1.,0.,0.));
#11615=DIRECTION('',(0.,0.,-1.));
#11616=DIRECTION('',(1.,0.,0.));
#11617=DIRECTION('',(0.,0.,-1.));
#11618=DIRECTION('',(1.,0.,0.));
#11619=DIRECTION('',(0.,0.,-1.));
#11620=DIRECTION('',(1.,0.,0.));
#11621=DIRECTION('',(0.,0.,-1.));
#11622=DIRECTION('',(1.,0.,0.));
#11623=DIRECTION('',(0.,0.,-1.));
#11624=DIRECTION('',(1.,0.,0.));
#11625=DIRECTION('',(0.,0.,-1.));
#11626=DIRECTION('',(1.,0.,0.));
#11627=DIRECTION('',(0.,0.,-1.));
#11628=DIRECTION('',(1.,0.,0.));
#11629=DIRECTION('',(0.,0.,-1.));
#11630=DIRECTION('',(1.,0.,0.));
#11631=DIRECTION('',(0.,0.,-1.));
#11632=DIRECTION('',(1.,0.,0.));
#11633=DIRECTION('',(0.,0.,-1.));
#11634=DIRECTION('',(1.,0.,0.));
#11635=DIRECTION('',(0.,0.,-1.));
#11636=DIRECTION('',(1.,0.,0.));
#11637=DIRECTION('',(0.,0.,-1.));
#11638=DIRECTION('',(1.,0.,0.));
#11639=DIRECTION('',(0.,0.,-1.));
#11640=DIRECTION('',(1.,0.,0.));
#11641=DIRECTION('',(0.,0.,-1.));
#11642=DIRECTION('',(1.,0.,0.));
#11643=DIRECTION('',(0.,0.,-1.));
#11644=DIRECTION('',(1.,0.,0.));
#11645=DIRECTION('',(0.,0.,-1.));
#11646=DIRECTION('',(1.,0.,0.));
#11647=DIRECTION('',(0.,0.,-1.));
#11648=DIRECTION('',(1.,0.,0.));
#11649=DIRECTION('',(0.,0.,-1.));
#11650=DIRECTION('',(1.,0.,0.));
#11651=DIRECTION('',(0.,0.,-1.));
#11652=DIRECTION('',(1.,0.,0.));
#11653=DIRECTION('',(0.,0.,-1.));
#11654=DIRECTION('',(1.,0.,0.));
#11655=DIRECTION('',(0.,0.,-1.));
#11656=DIRECTION('',(1.,0.,0.));
#11657=DIRECTION('',(0.,0.,-1.));
#11658=DIRECTION('',(1.,0.,0.));
#11659=DIRECTION('',(0.,0.,-1.));
#11660=DIRECTION('',(0.,0.,-1.));
#11661=DIRECTION('',(1.,0.,0.));
#11662=DIRECTION('',(0.,0.,-1.));
#11663=DIRECTION('',(1.,0.,0.));
#11664=DIRECTION('',(0.,0.,-1.));
#11665=DIRECTION('',(1.,0.,0.));
#11666=DIRECTION('',(0.,0.,-1.));
#11667=DIRECTION('',(1.,0.,0.));
#11668=DIRECTION('',(0.,0.,-1.));
#11669=DIRECTION('',(1.,0.,0.));
#11670=DIRECTION('',(0.,0.,-1.));
#11671=DIRECTION('',(1.,0.,0.));
#11672=DIRECTION('',(0.,0.,-1.));
#11673=DIRECTION('',(1.,0.,0.));
#11674=DIRECTION('',(0.,0.,-1.));
#11675=DIRECTION('',(1.,0.,0.));
#11676=DIRECTION('',(0.,0.,-1.));
#11677=DIRECTION('',(1.,0.,0.));
#11678=DIRECTION('',(0.,0.,-1.));
#11679=DIRECTION('',(1.,0.,0.));
#11680=DIRECTION('',(0.,0.,-1.));
#11681=DIRECTION('',(1.,0.,0.));
#11682=DIRECTION('',(0.,0.,-1.));
#11683=DIRECTION('',(1.,0.,0.));
#11684=DIRECTION('',(0.,0.,-1.));
#11685=DIRECTION('',(1.,0.,0.));
#11686=DIRECTION('',(0.,0.,-1.));
#11687=DIRECTION('',(1.,0.,0.));
#11688=DIRECTION('',(0.,0.,-1.));
#11689=DIRECTION('',(1.,0.,0.));
#11690=DIRECTION('',(0.,0.,-1.));
#11691=DIRECTION('',(1.,0.,0.));
#11692=DIRECTION('',(0.,0.,-1.));
#11693=DIRECTION('',(1.,0.,0.));
#11694=DIRECTION('',(0.,0.,-1.));
#11695=DIRECTION('',(1.,0.,0.));
#11696=DIRECTION('',(0.,0.,-1.));
#11697=DIRECTION('',(1.,0.,0.));
#11698=DIRECTION('',(0.,0.,-1.));
#11699=DIRECTION('',(1.,0.,0.));
#11700=DIRECTION('',(0.,0.,-1.));
#11701=DIRECTION('',(1.,0.,0.));
#11702=DIRECTION('',(0.,0.,-1.));
#11703=DIRECTION('',(1.,0.,0.));
#11704=DIRECTION('',(0.,0.,-1.));
#11705=DIRECTION('',(1.,0.,0.));
#11706=DIRECTION('',(0.,0.,-1.));
#11707=DIRECTION('',(1.,0.,0.));
#11708=DIRECTION('',(-1.,0.,0.));
#11709=DIRECTION('',(0.,0.,1.));
#11710=DIRECTION('',(0.,1.,0.));
#11711=DIRECTION('',(0.,0.,-1.));
#11712=DIRECTION('',(0.,1.,0.));
#11713=DIRECTION('',(0.,0.,1.));
#11714=DIRECTION('',(1.,0.,0.));
#11715=DIRECTION('',(0.,1.,0.));
#11716=DIRECTION('',(1.,0.,0.));
#11717=DIRECTION('',(1.,0.,0.));
#11718=DIRECTION('',(0.,0.,-1.));
#11719=DIRECTION('',(0.,1.,0.));
#11720=DIRECTION('',(0.,0.,-1.));
#11721=DIRECTION('',(0.,0.,-1.));
#11722=DIRECTION('',(-1.,0.,0.));
#11723=DIRECTION('',(1.,0.,0.));
#11724=DIRECTION('',(0.,-1.,0.));
#11725=DIRECTION('',(0.,0.,-1.));
#11726=DIRECTION('',(1.,0.,0.));
#11727=DIRECTION('',(0.,0.,-1.));
#11728=DIRECTION('',(0.,1.,0.));
#11729=DIRECTION('',(0.,0.,-1.));
#11730=DIRECTION('',(0.,1.,0.));
#11731=DIRECTION('',(0.,0.,-1.));
#11732=DIRECTION('',(-1.,0.,0.));
#11733=DIRECTION('',(-1.,0.,0.));
#11734=DIRECTION('',(0.,1.,0.));
#11735=DIRECTION('',(-1.,0.,0.));
#11736=DIRECTION('',(0.,0.,1.));
#11737=DIRECTION('',(0.,0.,1.));
#11738=DIRECTION('',(0.,1.,0.));
#11739=DIRECTION('',(0.,0.,1.));
#11740=DIRECTION('',(1.,0.,0.));
#11741=DIRECTION('',(1.,0.,0.));
#11742=DIRECTION('',(0.,1.,0.));
#11743=DIRECTION('',(0.,0.,1.));
#11744=DIRECTION('',(1.,0.,0.));
#11745=DIRECTION('',(0.,0.,-1.));
#11746=DIRECTION('',(0.,1.,0.));
#11747=DIRECTION('',(0.,0.,-1.));
#11748=DIRECTION('',(0.,1.,0.));
#11749=DIRECTION('',(0.,0.,-1.));
#11750=DIRECTION('',(-1.,0.,0.));
#11751=DIRECTION('',(-1.,0.,0.));
#11752=DIRECTION('',(0.,1.,0.));
#11753=DIRECTION('',(-1.,0.,0.));
#11754=DIRECTION('',(0.,0.,1.));
#11755=DIRECTION('',(0.,0.,1.));
#11756=DIRECTION('',(0.,1.,0.));
#11757=DIRECTION('',(0.,0.,1.));
#11758=DIRECTION('',(1.,0.,0.));
#11759=DIRECTION('',(1.,0.,0.));
#11760=DIRECTION('',(0.,1.,0.));
#11761=DIRECTION('',(0.,0.,1.));
#11762=DIRECTION('',(1.,0.,0.));
#11763=DIRECTION('',(0.,0.,-1.));
#11764=DIRECTION('',(0.,1.,0.));
#11765=DIRECTION('',(0.,0.,-1.));
#11766=DIRECTION('',(0.,1.,0.));
#11767=DIRECTION('',(0.,0.,-1.));
#11768=DIRECTION('',(-1.,0.,0.));
#11769=DIRECTION('',(-1.,0.,0.));
#11770=DIRECTION('',(0.,1.,0.));
#11771=DIRECTION('',(-1.,0.,0.));
#11772=DIRECTION('',(0.,0.,1.));
#11773=DIRECTION('',(0.,0.,1.));
#11774=DIRECTION('',(0.,1.,0.));
#11775=DIRECTION('',(0.,0.,1.));
#11776=DIRECTION('',(1.,0.,0.));
#11777=DIRECTION('',(1.,0.,0.));
#11778=DIRECTION('',(0.,1.,0.));
#11779=DIRECTION('',(0.,0.,1.));
#11780=DIRECTION('',(1.,0.,0.));
#11781=DIRECTION('',(0.,0.,-1.));
#11782=DIRECTION('',(0.,1.,0.));
#11783=DIRECTION('',(0.,0.,-1.));
#11784=DIRECTION('',(0.,1.,0.));
#11785=DIRECTION('',(0.,0.,-1.));
#11786=DIRECTION('',(-1.,0.,0.));
#11787=DIRECTION('',(-1.,0.,0.));
#11788=DIRECTION('',(0.,1.,0.));
#11789=DIRECTION('',(-1.,0.,0.));
#11790=DIRECTION('',(0.,0.,1.));
#11791=DIRECTION('',(0.,0.,1.));
#11792=DIRECTION('',(0.,1.,0.));
#11793=DIRECTION('',(0.,0.,1.));
#11794=DIRECTION('',(1.,0.,0.));
#11795=DIRECTION('',(1.,0.,0.));
#11796=DIRECTION('',(0.,1.,0.));
#11797=DIRECTION('',(0.,0.,1.));
#11798=DIRECTION('',(1.,0.,0.));
#11799=DIRECTION('',(0.,0.,-1.));
#11800=DIRECTION('',(0.,1.,0.));
#11801=DIRECTION('',(0.,0.,-1.));
#11802=DIRECTION('',(0.,1.,0.));
#11803=DIRECTION('',(0.,0.,-1.));
#11804=DIRECTION('',(-1.,0.,0.));
#11805=DIRECTION('',(-1.,0.,0.));
#11806=DIRECTION('',(0.,1.,0.));
#11807=DIRECTION('',(-1.,0.,0.));
#11808=DIRECTION('',(0.,0.,1.));
#11809=DIRECTION('',(0.,0.,1.));
#11810=DIRECTION('',(0.,1.,0.));
#11811=DIRECTION('',(0.,0.,1.));
#11812=DIRECTION('',(1.,0.,0.));
#11813=DIRECTION('',(1.,0.,0.));
#11814=DIRECTION('',(0.,1.,0.));
#11815=DIRECTION('',(0.,0.,1.));
#11816=DIRECTION('',(0.,0.,-1.));
#11817=DIRECTION('',(-1.,0.,0.));
#11818=DIRECTION('',(0.,1.,0.));
#11819=DIRECTION('',(-1.,0.,0.));
#11820=DIRECTION('',(0.,1.,0.));
#11821=DIRECTION('',(-1.,0.,8.67361737988403E-16));
#11822=DIRECTION('',(8.67361737988403E-16,0.,1.));
#11823=DIRECTION('',(8.67361737988403E-16,0.,1.));
#11824=DIRECTION('',(0.,1.,0.));
#11825=DIRECTION('',(0.,0.,1.));
#11826=DIRECTION('',(1.,0.,0.));
#11827=DIRECTION('',(1.,0.,0.));
#11828=DIRECTION('',(0.,1.,0.));
#11829=DIRECTION('',(1.,0.,-8.67361737988403E-16));
#11830=DIRECTION('',(-8.67361737988403E-16,0.,-1.));
#11831=DIRECTION('',(-8.67361737988403E-16,0.,-1.));
#11832=DIRECTION('',(0.,1.,0.));
#11833=DIRECTION('',(0.,0.,1.));
#11834=DIRECTION('',(1.,0.,0.));
#11835=DIRECTION('',(0.,0.,-1.));
#11836=DIRECTION('',(0.,1.,0.));
#11837=DIRECTION('',(0.,0.,-1.));
#11838=DIRECTION('',(0.,1.,0.));
#11839=DIRECTION('',(0.,0.,-1.));
#11840=DIRECTION('',(-1.,0.,0.));
#11841=DIRECTION('',(-1.,0.,0.));
#11842=DIRECTION('',(0.,1.,0.));
#11843=DIRECTION('',(-1.,0.,0.));
#11844=DIRECTION('',(0.,0.,1.));
#11845=DIRECTION('',(0.,0.,1.));
#11846=DIRECTION('',(0.,1.,0.));
#11847=DIRECTION('',(0.,0.,1.));
#11848=DIRECTION('',(1.,0.,0.));
#11849=DIRECTION('',(1.,0.,0.));
#11850=DIRECTION('',(0.,1.,0.));
#11851=DIRECTION('',(0.,0.,1.));
#11852=DIRECTION('',(1.,0.,0.));
#11853=DIRECTION('',(0.,0.,-1.));
#11854=DIRECTION('',(0.,1.,0.));
#11855=DIRECTION('',(0.,0.,-1.));
#11856=DIRECTION('',(0.,1.,0.));
#11857=DIRECTION('',(0.,0.,-1.));
#11858=DIRECTION('',(-1.,0.,0.));
#11859=DIRECTION('',(-1.,0.,0.));
#11860=DIRECTION('',(0.,1.,0.));
#11861=DIRECTION('',(-1.,0.,0.));
#11862=DIRECTION('',(0.,0.,1.));
#11863=DIRECTION('',(0.,0.,1.));
#11864=DIRECTION('',(0.,1.,0.));
#11865=DIRECTION('',(0.,0.,1.));
#11866=DIRECTION('',(1.,0.,0.));
#11867=DIRECTION('',(1.,0.,0.));
#11868=DIRECTION('',(0.,1.,0.));
#11869=DIRECTION('',(0.,0.,1.));
#11870=DIRECTION('',(1.,0.,0.));
#11871=DIRECTION('',(0.,0.,-1.));
#11872=DIRECTION('',(0.,1.,0.));
#11873=DIRECTION('',(0.,0.,-1.));
#11874=DIRECTION('',(0.,1.,0.));
#11875=DIRECTION('',(0.,0.,-1.));
#11876=DIRECTION('',(-1.,0.,0.));
#11877=DIRECTION('',(-1.,0.,0.));
#11878=DIRECTION('',(0.,1.,0.));
#11879=DIRECTION('',(-1.,0.,0.));
#11880=DIRECTION('',(0.,0.,1.));
#11881=DIRECTION('',(0.,0.,1.));
#11882=DIRECTION('',(0.,1.,0.));
#11883=DIRECTION('',(0.,0.,1.));
#11884=DIRECTION('',(1.,0.,0.));
#11885=DIRECTION('',(1.,0.,0.));
#11886=DIRECTION('',(0.,1.,0.));
#11887=DIRECTION('',(0.,0.,1.));
#11888=DIRECTION('',(0.,0.,-1.));
#11889=DIRECTION('',(-1.,0.,0.));
#11890=DIRECTION('',(0.,1.,0.));
#11891=DIRECTION('',(-1.,0.,0.));
#11892=DIRECTION('',(0.,1.,0.));
#11893=DIRECTION('',(-1.,0.,8.67361737988403E-16));
#11894=DIRECTION('',(8.67361737988403E-16,0.,1.));
#11895=DIRECTION('',(8.67361737988403E-16,0.,1.));
#11896=DIRECTION('',(0.,1.,0.));
#11897=DIRECTION('',(0.,0.,1.));
#11898=DIRECTION('',(1.,0.,0.));
#11899=DIRECTION('',(1.,0.,0.));
#11900=DIRECTION('',(0.,1.,0.));
#11901=DIRECTION('',(1.,0.,-8.67361737988403E-16));
#11902=DIRECTION('',(-8.67361737988403E-16,0.,-1.));
#11903=DIRECTION('',(-8.67361737988403E-16,0.,-1.));
#11904=DIRECTION('',(0.,1.,0.));
#11905=DIRECTION('',(0.,0.,1.));
#11906=DIRECTION('',(-3.46944695195362E-15,0.,-1.));
#11907=DIRECTION('',(-1.,0.,3.46944695195362E-15));
#11908=DIRECTION('',(0.,1.,0.));
#11909=DIRECTION('',(-1.,0.,3.46944695195362E-15));
#11910=DIRECTION('',(0.,1.,0.));
#11911=DIRECTION('',(-1.,0.,8.67361737988403E-16));
#11912=DIRECTION('',(8.67361737988403E-16,0.,1.));
#11913=DIRECTION('',(8.67361737988403E-16,0.,1.));
#11914=DIRECTION('',(0.,1.,0.));
#11915=DIRECTION('',(3.46944695195362E-15,0.,1.));
#11916=DIRECTION('',(1.,0.,-3.46944695195362E-15));
#11917=DIRECTION('',(1.,0.,-3.46944695195362E-15));
#11918=DIRECTION('',(0.,1.,0.));
#11919=DIRECTION('',(1.,0.,-8.67361737988403E-16));
#11920=DIRECTION('',(-8.67361737988403E-16,0.,-1.));
#11921=DIRECTION('',(-8.67361737988403E-16,0.,-1.));
#11922=DIRECTION('',(0.,1.,0.));
#11923=DIRECTION('',(0.,0.,1.));
#11924=DIRECTION('',(0.,0.,-1.));
#11925=DIRECTION('',(-1.,0.,0.));
#11926=DIRECTION('',(0.,1.,0.));
#11927=DIRECTION('',(-1.,0.,0.));
#11928=DIRECTION('',(0.,1.,0.));
#11929=DIRECTION('',(-1.,0.,6.50521303491303E-16));
#11930=DIRECTION('',(6.50521303491303E-16,0.,1.));
#11931=DIRECTION('',(6.50521303491303E-16,0.,1.));
#11932=DIRECTION('',(0.,1.,0.));
#11933=DIRECTION('',(0.,0.,1.));
#11934=DIRECTION('',(1.,0.,0.));
#11935=DIRECTION('',(1.,0.,0.));
#11936=DIRECTION('',(0.,1.,0.));
#11937=DIRECTION('',(1.,0.,-7.04731412115578E-16));
#11938=DIRECTION('',(-7.04731412115578E-16,0.,-1.));
#11939=DIRECTION('',(-7.04731412115578E-16,0.,-1.));
#11940=DIRECTION('',(0.,1.,0.));
#11941=DIRECTION('',(0.,0.,1.));
#11942=DIRECTION('',(0.,0.,-1.));
#11943=DIRECTION('',(-1.,0.,0.));
#11944=DIRECTION('',(0.,1.,0.));
#11945=DIRECTION('',(-1.,0.,0.));
#11946=DIRECTION('',(0.,1.,0.));
#11947=DIRECTION('',(-1.,0.,7.04731412115578E-16));
#11948=DIRECTION('',(7.04731412115578E-16,0.,1.));
#11949=DIRECTION('',(7.04731412115578E-16,0.,1.));
#11950=DIRECTION('',(0.,1.,0.));
#11951=DIRECTION('',(0.,0.,1.));
#11952=DIRECTION('',(1.,0.,0.));
#11953=DIRECTION('',(1.,0.,0.));
#11954=DIRECTION('',(0.,1.,0.));
#11955=DIRECTION('',(1.,0.,-6.50521303491303E-16));
#11956=DIRECTION('',(-6.50521303491303E-16,0.,-1.));
#11957=DIRECTION('',(-6.50521303491303E-16,0.,-1.));
#11958=DIRECTION('',(0.,1.,0.));
#11959=DIRECTION('',(0.,0.,1.));
#11960=DIRECTION('',(-3.46944695195362E-15,0.,-1.));
#11961=DIRECTION('',(-1.,0.,3.46944695195362E-15));
#11962=DIRECTION('',(0.,1.,0.));
#11963=DIRECTION('',(-1.,0.,3.46944695195362E-15));
#11964=DIRECTION('',(0.,1.,0.));
#11965=DIRECTION('',(-1.,0.,8.67361737988403E-16));
#11966=DIRECTION('',(8.67361737988403E-16,0.,1.));
#11967=DIRECTION('',(8.67361737988403E-16,0.,1.));
#11968=DIRECTION('',(0.,1.,0.));
#11969=DIRECTION('',(3.46944695195362E-15,0.,1.));
#11970=DIRECTION('',(1.,0.,-3.46944695195362E-15));
#11971=DIRECTION('',(1.,0.,-3.46944695195362E-15));
#11972=DIRECTION('',(0.,1.,0.));
#11973=DIRECTION('',(1.,0.,-8.67361737988403E-16));
#11974=DIRECTION('',(-8.67361737988403E-16,0.,-1.));
#11975=DIRECTION('',(-8.67361737988403E-16,0.,-1.));
#11976=DIRECTION('',(0.,1.,0.));
#11977=DIRECTION('',(0.,0.,1.));
#11978=DIRECTION('',(0.,0.,-1.));
#11979=DIRECTION('',(-1.,0.,0.));
#11980=DIRECTION('',(0.,1.,0.));
#11981=DIRECTION('',(-1.,0.,0.));
#11982=DIRECTION('',(0.,1.,0.));
#11983=DIRECTION('',(-1.,0.,8.67361737988403E-16));
#11984=DIRECTION('',(8.67361737988403E-16,0.,1.));
#11985=DIRECTION('',(8.67361737988403E-16,0.,1.));
#11986=DIRECTION('',(0.,1.,0.));
#11987=DIRECTION('',(0.,0.,1.));
#11988=DIRECTION('',(1.,0.,0.));
#11989=DIRECTION('',(1.,0.,0.));
#11990=DIRECTION('',(0.,1.,0.));
#11991=DIRECTION('',(1.,0.,-8.67361737988403E-16));
#11992=DIRECTION('',(-8.67361737988403E-16,0.,-1.));
#11993=DIRECTION('',(-8.67361737988403E-16,0.,-1.));
#11994=DIRECTION('',(0.,1.,0.));
#11995=DIRECTION('',(0.,0.,1.));
#11996=DIRECTION('',(0.,0.,-1.));
#11997=DIRECTION('',(-1.,0.,0.));
#11998=DIRECTION('',(0.,1.,0.));
#11999=DIRECTION('',(-1.,0.,0.));
#12000=DIRECTION('',(0.,1.,0.));
#12001=DIRECTION('',(-1.,0.,8.67361737988403E-16));
#12002=DIRECTION('',(8.67361737988403E-16,0.,1.));
#12003=DIRECTION('',(8.67361737988403E-16,0.,1.));
#12004=DIRECTION('',(0.,1.,0.));
#12005=DIRECTION('',(0.,0.,1.));
#12006=DIRECTION('',(1.,0.,0.));
#12007=DIRECTION('',(1.,0.,0.));
#12008=DIRECTION('',(0.,1.,0.));
#12009=DIRECTION('',(1.,0.,-8.67361737988403E-16));
#12010=DIRECTION('',(-8.67361737988403E-16,0.,-1.));
#12011=DIRECTION('',(-8.67361737988403E-16,0.,-1.));
#12012=DIRECTION('',(0.,1.,0.));
#12013=DIRECTION('',(0.,0.,1.));
#12014=DIRECTION('',(-2.31296463463574E-15,0.,-1.));
#12015=DIRECTION('',(-1.,0.,2.31296463463574E-15));
#12016=DIRECTION('',(0.,1.,0.));
#12017=DIRECTION('',(-1.,0.,2.31296463463574E-15));
#12018=DIRECTION('',(0.,1.,0.));
#12019=DIRECTION('',(-1.,0.,8.67361737988403E-16));
#12020=DIRECTION('',(8.67361737988403E-16,0.,1.));
#12021=DIRECTION('',(8.67361737988403E-16,0.,1.));
#12022=DIRECTION('',(0.,1.,0.));
#12023=DIRECTION('',(2.31296463463575E-15,0.,1.));
#12024=DIRECTION('',(1.,0.,-2.31296463463575E-15));
#12025=DIRECTION('',(1.,0.,-2.31296463463575E-15));
#12026=DIRECTION('',(0.,1.,0.));
#12027=DIRECTION('',(1.,0.,0.));
#12028=DIRECTION('',(0.,0.,-1.));
#12029=DIRECTION('',(0.,0.,-1.));
#12030=DIRECTION('',(0.,1.,0.));
#12031=DIRECTION('',(0.,0.,1.));
#12032=DIRECTION('',(1.,0.,1.73472347597681E-15));
#12033=DIRECTION('',(1.73472347597681E-15,0.,-1.));
#12034=DIRECTION('',(0.,1.,0.));
#12035=DIRECTION('',(1.73472347597681E-15,0.,-1.));
#12036=DIRECTION('',(0.,1.,0.));
#12037=DIRECTION('',(0.,0.,-1.));
#12038=DIRECTION('',(-1.,0.,0.));
#12039=DIRECTION('',(-1.,0.,0.));
#12040=DIRECTION('',(0.,1.,0.));
#12041=DIRECTION('',(-1.,0.,0.));
#12042=DIRECTION('',(0.,0.,1.));
#12043=DIRECTION('',(0.,0.,1.));
#12044=DIRECTION('',(0.,1.,0.));
#12045=DIRECTION('',(0.,0.,1.));
#12046=DIRECTION('',(1.,0.,0.));
#12047=DIRECTION('',(1.,0.,0.));
#12048=DIRECTION('',(0.,1.,0.));
#12049=DIRECTION('',(0.,0.,1.));
#12050=DIRECTION('',(0.,0.,-1.));
#12051=DIRECTION('',(-1.,0.,0.));
#12052=DIRECTION('',(0.,1.,0.));
#12053=DIRECTION('',(-1.,0.,0.));
#12054=DIRECTION('',(0.,1.,0.));
#12055=DIRECTION('',(-1.,0.,2.71050543121376E-16));
#12056=DIRECTION('',(2.71050543121376E-16,0.,1.));
#12057=DIRECTION('',(2.71050543121376E-16,0.,1.));
#12058=DIRECTION('',(0.,1.,0.));
#12059=DIRECTION('',(1.0842021724855E-15,0.,1.));
#12060=DIRECTION('',(1.,0.,-1.0842021724855E-15));
#12061=DIRECTION('',(1.,0.,-1.0842021724855E-15));
#12062=DIRECTION('',(0.,1.,0.));
#12063=DIRECTION('',(1.,0.,0.));
#12064=DIRECTION('',(0.,0.,-1.));
#12065=DIRECTION('',(0.,0.,-1.));
#12066=DIRECTION('',(0.,1.,0.));
#12067=DIRECTION('',(0.,0.,1.));
#12068=DIRECTION('',(-1.,0.,8.67361737988404E-16));
#12069=DIRECTION('',(8.67361737988404E-16,0.,1.));
#12070=DIRECTION('',(0.,1.,0.));
#12071=DIRECTION('',(8.67361737988404E-16,0.,1.));
#12072=DIRECTION('',(0.,1.,0.));
#12073=DIRECTION('',(-3.25260651745651E-16,0.,1.));
#12074=DIRECTION('',(1.,0.,3.25260651745651E-16));
#12075=DIRECTION('',(1.,0.,3.25260651745651E-16));
#12076=DIRECTION('',(0.,1.,0.));
#12077=DIRECTION('',(1.,0.,5.42101086242753E-17));
#12078=DIRECTION('',(5.42101086242753E-17,0.,-1.));
#12079=DIRECTION('',(5.42101086242753E-17,0.,-1.));
#12080=DIRECTION('',(0.,1.,0.));
#12081=DIRECTION('',(-2.16840434497101E-16,0.,-1.));
#12082=DIRECTION('',(-1.,0.,2.16840434497101E-16));
#12083=DIRECTION('',(-1.,0.,2.16840434497101E-16));
#12084=DIRECTION('',(0.,1.,0.));
#12085=DIRECTION('',(0.,0.,1.));
#12086=DIRECTION('',(2.16840434497101E-16,0.,1.));
#12087=DIRECTION('',(1.,0.,-2.16840434497101E-16));
#12088=DIRECTION('',(0.,1.,0.));
#12089=DIRECTION('',(1.,0.,-2.16840434497101E-16));
#12090=DIRECTION('',(0.,1.,0.));
#12091=DIRECTION('',(1.,0.,-3.25260651745651E-16));
#12092=DIRECTION('',(-3.25260651745651E-16,0.,-1.));
#12093=DIRECTION('',(-3.25260651745651E-16,0.,-1.));
#12094=DIRECTION('',(0.,1.,0.));
#12095=DIRECTION('',(-5.42101086242753E-16,0.,-1.));
#12096=DIRECTION('',(-1.,0.,5.42101086242753E-16));
#12097=DIRECTION('',(-1.,0.,5.42101086242753E-16));
#12098=DIRECTION('',(0.,1.,0.));
#12099=DIRECTION('',(-1.,0.,-6.50521303491303E-16));
#12100=DIRECTION('',(-6.50521303491303E-16,0.,1.));
#12101=DIRECTION('',(-6.50521303491303E-16,0.,1.));
#12102=DIRECTION('',(0.,1.,0.));
#12103=DIRECTION('',(0.,0.,1.));
#12104=DIRECTION('',(-1.,0.,0.));
#12105=DIRECTION('',(0.,0.,1.));
#12106=DIRECTION('',(0.,1.,0.));
#12107=DIRECTION('',(0.,0.,1.));
#12108=DIRECTION('',(0.,1.,0.));
#12109=DIRECTION('',(0.,0.,1.));
#12110=DIRECTION('',(1.,0.,0.));
#12111=DIRECTION('',(1.,0.,0.));
#12112=DIRECTION('',(0.,1.,0.));
#12113=DIRECTION('',(0.707106781186548,0.,0.707106781186548));
#12114=DIRECTION('',(0.707106781186548,0.,-0.707106781186548));
#12115=DIRECTION('',(0.707106781186548,0.,-0.707106781186548));
#12116=DIRECTION('',(0.,1.,0.));
#12117=DIRECTION('',(1.,0.,-4.33680868994202E-16));
#12118=DIRECTION('',(-4.33680868994202E-16,0.,-1.));
#12119=DIRECTION('',(-4.33680868994202E-16,0.,-1.));
#12120=DIRECTION('',(0.,1.,0.));
#12121=DIRECTION('',(-2.16840434497101E-16,0.,-1.));
#12122=DIRECTION('',(-1.,0.,2.16840434497101E-16));
#12123=DIRECTION('',(-1.,0.,2.16840434497101E-16));
#12124=DIRECTION('',(0.,1.,0.));
#12125=DIRECTION('',(0.,0.,1.));
#12126=DIRECTION('',(1.,0.,0.));
#12127=DIRECTION('',(0.,0.,-1.));
#12128=DIRECTION('',(0.,1.,0.));
#12129=DIRECTION('',(0.,0.,-1.));
#12130=DIRECTION('',(0.,1.,0.));
#12131=DIRECTION('',(0.,0.,-1.));
#12132=DIRECTION('',(-1.,0.,0.));
#12133=DIRECTION('',(-1.,0.,0.));
#12134=DIRECTION('',(0.,1.,0.));
#12135=DIRECTION('',(-1.,0.,0.));
#12136=DIRECTION('',(0.,0.,1.));
#12137=DIRECTION('',(0.,0.,1.));
#12138=DIRECTION('',(0.,1.,0.));
#12139=DIRECTION('',(0.,0.,1.));
#12140=DIRECTION('',(1.,0.,0.));
#12141=DIRECTION('',(1.,0.,0.));
#12142=DIRECTION('',(0.,1.,0.));
#12143=DIRECTION('',(0.,0.,1.));
#12144=DIRECTION('',(1.,0.,0.));
#12145=DIRECTION('',(0.,0.,-1.));
#12146=DIRECTION('',(0.,1.,0.));
#12147=DIRECTION('',(0.,0.,-1.));
#12148=DIRECTION('',(0.,1.,0.));
#12149=DIRECTION('',(0.,0.,-1.));
#12150=DIRECTION('',(-1.,0.,0.));
#12151=DIRECTION('',(-1.,0.,0.));
#12152=DIRECTION('',(0.,1.,0.));
#12153=DIRECTION('',(-1.,0.,0.));
#12154=DIRECTION('',(0.,0.,1.));
#12155=DIRECTION('',(0.,0.,1.));
#12156=DIRECTION('',(0.,1.,0.));
#12157=DIRECTION('',(0.,0.,1.));
#12158=DIRECTION('',(1.,0.,0.));
#12159=DIRECTION('',(1.,0.,0.));
#12160=DIRECTION('',(0.,1.,0.));
#12161=DIRECTION('',(0.,0.,1.));
#12162=DIRECTION('',(1.,0.,0.));
#12163=DIRECTION('',(0.,0.,-1.));
#12164=DIRECTION('',(0.,1.,0.));
#12165=DIRECTION('',(0.,0.,-1.));
#12166=DIRECTION('',(0.,1.,0.));
#12167=DIRECTION('',(0.,0.,-1.));
#12168=DIRECTION('',(-1.,0.,0.));
#12169=DIRECTION('',(-1.,0.,0.));
#12170=DIRECTION('',(0.,1.,0.));
#12171=DIRECTION('',(-1.,0.,0.));
#12172=DIRECTION('',(0.,0.,1.));
#12173=DIRECTION('',(0.,0.,1.));
#12174=DIRECTION('',(0.,1.,0.));
#12175=DIRECTION('',(0.,0.,1.));
#12176=DIRECTION('',(1.,0.,0.));
#12177=DIRECTION('',(1.,0.,0.));
#12178=DIRECTION('',(0.,1.,0.));
#12179=DIRECTION('',(0.,0.,1.));
#12180=DIRECTION('',(1.,0.,1.73472347597681E-15));
#12181=DIRECTION('',(1.73472347597681E-15,0.,-1.));
#12182=DIRECTION('',(0.,1.,0.));
#12183=DIRECTION('',(1.73472347597681E-15,0.,-1.));
#12184=DIRECTION('',(0.,1.,0.));
#12185=DIRECTION('',(0.,0.,-1.));
#12186=DIRECTION('',(-1.,0.,0.));
#12187=DIRECTION('',(-1.,0.,0.));
#12188=DIRECTION('',(0.,1.,0.));
#12189=DIRECTION('',(-1.,0.,0.));
#12190=DIRECTION('',(0.,0.,1.));
#12191=DIRECTION('',(0.,0.,1.));
#12192=DIRECTION('',(0.,1.,0.));
#12193=DIRECTION('',(0.,0.,1.));
#12194=DIRECTION('',(1.,0.,0.));
#12195=DIRECTION('',(1.,0.,0.));
#12196=DIRECTION('',(0.,1.,0.));
#12197=DIRECTION('',(0.,0.,1.));
#12198=DIRECTION('',(1.,0.,1.73472347597681E-15));
#12199=DIRECTION('',(1.73472347597681E-15,0.,-1.));
#12200=DIRECTION('',(0.,1.,0.));
#12201=DIRECTION('',(1.73472347597681E-15,0.,-1.));
#12202=DIRECTION('',(0.,1.,0.));
#12203=DIRECTION('',(0.,0.,-1.));
#12204=DIRECTION('',(-1.,0.,0.));
#12205=DIRECTION('',(-1.,0.,0.));
#12206=DIRECTION('',(0.,1.,0.));
#12207=DIRECTION('',(-1.,0.,0.));
#12208=DIRECTION('',(0.,0.,1.));
#12209=DIRECTION('',(0.,0.,1.));
#12210=DIRECTION('',(0.,1.,0.));
#12211=DIRECTION('',(0.,0.,1.));
#12212=DIRECTION('',(1.,0.,0.));
#12213=DIRECTION('',(1.,0.,0.));
#12214=DIRECTION('',(0.,1.,0.));
#12215=DIRECTION('',(0.,0.,1.));
#12216=DIRECTION('',(1.,0.,1.73472347597681E-15));
#12217=DIRECTION('',(1.73472347597681E-15,0.,-1.));
#12218=DIRECTION('',(0.,1.,0.));
#12219=DIRECTION('',(1.73472347597681E-15,0.,-1.));
#12220=DIRECTION('',(0.,1.,0.));
#12221=DIRECTION('',(0.,0.,-1.));
#12222=DIRECTION('',(-1.,0.,0.));
#12223=DIRECTION('',(-1.,0.,0.));
#12224=DIRECTION('',(0.,1.,0.));
#12225=DIRECTION('',(-1.,0.,0.));
#12226=DIRECTION('',(0.,0.,1.));
#12227=DIRECTION('',(0.,0.,1.));
#12228=DIRECTION('',(0.,1.,0.));
#12229=DIRECTION('',(0.,0.,1.));
#12230=DIRECTION('',(1.,0.,0.));
#12231=DIRECTION('',(1.,0.,0.));
#12232=DIRECTION('',(0.,1.,0.));
#12233=DIRECTION('',(0.,0.,1.));
#12234=DIRECTION('',(1.,0.,1.73472347597681E-15));
#12235=DIRECTION('',(1.73472347597681E-15,0.,-1.));
#12236=DIRECTION('',(0.,1.,0.));
#12237=DIRECTION('',(1.73472347597681E-15,0.,-1.));
#12238=DIRECTION('',(0.,1.,0.));
#12239=DIRECTION('',(0.,0.,-1.));
#12240=DIRECTION('',(-1.,0.,0.));
#12241=DIRECTION('',(-1.,0.,0.));
#12242=DIRECTION('',(0.,1.,0.));
#12243=DIRECTION('',(-1.,0.,0.));
#12244=DIRECTION('',(0.,0.,1.));
#12245=DIRECTION('',(0.,0.,1.));
#12246=DIRECTION('',(0.,1.,0.));
#12247=DIRECTION('',(0.,0.,1.));
#12248=DIRECTION('',(1.,0.,0.));
#12249=DIRECTION('',(1.,0.,0.));
#12250=DIRECTION('',(0.,1.,0.));
#12251=DIRECTION('',(0.,0.,1.));
#12252=DIRECTION('',(1.,0.,1.73472347597681E-15));
#12253=DIRECTION('',(1.73472347597681E-15,0.,-1.));
#12254=DIRECTION('',(0.,1.,0.));
#12255=DIRECTION('',(1.73472347597681E-15,0.,-1.));
#12256=DIRECTION('',(0.,1.,0.));
#12257=DIRECTION('',(0.,0.,-1.));
#12258=DIRECTION('',(-1.,0.,0.));
#12259=DIRECTION('',(-1.,0.,0.));
#12260=DIRECTION('',(0.,1.,0.));
#12261=DIRECTION('',(-1.,0.,0.));
#12262=DIRECTION('',(0.,0.,1.));
#12263=DIRECTION('',(0.,0.,1.));
#12264=DIRECTION('',(0.,1.,0.));
#12265=DIRECTION('',(0.,0.,1.));
#12266=DIRECTION('',(1.,0.,0.));
#12267=DIRECTION('',(1.,0.,0.));
#12268=DIRECTION('',(0.,1.,0.));
#12269=DIRECTION('',(0.,0.,1.));
#12270=DIRECTION('',(1.,0.,1.73472347597681E-15));
#12271=DIRECTION('',(1.73472347597681E-15,0.,-1.));
#12272=DIRECTION('',(0.,1.,0.));
#12273=DIRECTION('',(1.73472347597681E-15,0.,-1.));
#12274=DIRECTION('',(0.,1.,0.));
#12275=DIRECTION('',(0.,0.,-1.));
#12276=DIRECTION('',(-1.,0.,0.));
#12277=DIRECTION('',(-1.,0.,0.));
#12278=DIRECTION('',(0.,1.,0.));
#12279=DIRECTION('',(-1.,0.,0.));
#12280=DIRECTION('',(0.,0.,1.));
#12281=DIRECTION('',(0.,0.,1.));
#12282=DIRECTION('',(0.,1.,0.));
#12283=DIRECTION('',(0.,0.,1.));
#12284=DIRECTION('',(1.,0.,0.));
#12285=DIRECTION('',(1.,0.,0.));
#12286=DIRECTION('',(0.,1.,0.));
#12287=DIRECTION('',(0.,0.,1.));
#12288=DIRECTION('',(1.,0.,1.73472347597681E-15));
#12289=DIRECTION('',(1.73472347597681E-15,0.,-1.));
#12290=DIRECTION('',(0.,1.,0.));
#12291=DIRECTION('',(1.73472347597681E-15,0.,-1.));
#12292=DIRECTION('',(0.,1.,0.));
#12293=DIRECTION('',(0.,0.,-1.));
#12294=DIRECTION('',(-1.,0.,0.));
#12295=DIRECTION('',(-1.,0.,0.));
#12296=DIRECTION('',(0.,1.,0.));
#12297=DIRECTION('',(-1.,0.,0.));
#12298=DIRECTION('',(0.,0.,1.));
#12299=DIRECTION('',(0.,0.,1.));
#12300=DIRECTION('',(0.,1.,0.));
#12301=DIRECTION('',(0.,0.,1.));
#12302=DIRECTION('',(1.,0.,0.));
#12303=DIRECTION('',(1.,0.,0.));
#12304=DIRECTION('',(0.,1.,0.));
#12305=DIRECTION('',(0.,0.,1.));
#12306=DIRECTION('',(1.,0.,0.));
#12307=DIRECTION('',(0.,0.,-1.));
#12308=DIRECTION('',(0.,1.,0.));
#12309=DIRECTION('',(0.,0.,-1.));
#12310=DIRECTION('',(0.,1.,0.));
#12311=DIRECTION('',(0.,0.,-1.));
#12312=DIRECTION('',(-1.,0.,0.));
#12313=DIRECTION('',(-1.,0.,0.));
#12314=DIRECTION('',(0.,1.,0.));
#12315=DIRECTION('',(-1.,0.,0.));
#12316=DIRECTION('',(0.,0.,1.));
#12317=DIRECTION('',(0.,0.,1.));
#12318=DIRECTION('',(0.,1.,0.));
#12319=DIRECTION('',(0.,0.,1.));
#12320=DIRECTION('',(1.,0.,0.));
#12321=DIRECTION('',(1.,0.,0.));
#12322=DIRECTION('',(0.,1.,0.));
#12323=DIRECTION('',(0.,0.,1.));
#12324=DIRECTION('',(-1.,0.,0.));
#12325=DIRECTION('',(0.,0.,1.));
#12326=DIRECTION('',(0.,1.,0.));
#12327=DIRECTION('',(0.,0.,1.));
#12328=DIRECTION('',(0.,1.,0.));
#12329=DIRECTION('',(-2.31296463463575E-15,0.,1.));
#12330=DIRECTION('',(1.,0.,2.31296463463575E-15));
#12331=DIRECTION('',(1.,0.,2.31296463463575E-15));
#12332=DIRECTION('',(0.,1.,0.));
#12333=DIRECTION('',(1.,0.,8.67361737988403E-16));
#12334=DIRECTION('',(8.67361737988403E-16,0.,-1.));
#12335=DIRECTION('',(8.67361737988403E-16,0.,-1.));
#12336=DIRECTION('',(0.,1.,0.));
#12337=DIRECTION('',(2.31296463463574E-15,0.,-1.));
#12338=DIRECTION('',(-1.,0.,-2.31296463463574E-15));
#12339=DIRECTION('',(-1.,0.,-2.31296463463574E-15));
#12340=DIRECTION('',(0.,1.,0.));
#12341=DIRECTION('',(0.,0.,1.));
#12342=DIRECTION('',(0.,0.,1.));
#12343=DIRECTION('',(1.,0.,0.));
#12344=DIRECTION('',(0.,1.,0.));
#12345=DIRECTION('',(1.,0.,0.));
#12346=DIRECTION('',(0.,1.,0.));
#12347=DIRECTION('',(1.,0.,0.));
#12348=DIRECTION('',(0.,0.,-1.));
#12349=DIRECTION('',(0.,0.,-1.));
#12350=DIRECTION('',(0.,1.,0.));
#12351=DIRECTION('',(0.,0.,-1.));
#12352=DIRECTION('',(-1.,0.,0.));
#12353=DIRECTION('',(-1.,0.,0.));
#12354=DIRECTION('',(0.,1.,0.));
#12355=DIRECTION('',(-1.,0.,0.));
#12356=DIRECTION('',(0.,0.,1.));
#12357=DIRECTION('',(0.,0.,1.));
#12358=DIRECTION('',(0.,1.,0.));
#12359=DIRECTION('',(0.,0.,1.));
#12360=DIRECTION('',(0.,0.,1.));
#12361=DIRECTION('',(1.,0.,0.));
#12362=DIRECTION('',(0.,1.,0.));
#12363=DIRECTION('',(1.,0.,0.));
#12364=DIRECTION('',(0.,1.,0.));
#12365=DIRECTION('',(1.,0.,0.));
#12366=DIRECTION('',(0.,0.,-1.));
#12367=DIRECTION('',(0.,0.,-1.));
#12368=DIRECTION('',(0.,1.,0.));
#12369=DIRECTION('',(0.,0.,-1.));
#12370=DIRECTION('',(-1.,0.,0.));
#12371=DIRECTION('',(-1.,0.,0.));
#12372=DIRECTION('',(0.,1.,0.));
#12373=DIRECTION('',(-1.,0.,0.));
#12374=DIRECTION('',(0.,0.,1.));
#12375=DIRECTION('',(0.,0.,1.));
#12376=DIRECTION('',(0.,1.,0.));
#12377=DIRECTION('',(0.,0.,1.));
#12378=DIRECTION('',(0.,0.,1.));
#12379=DIRECTION('',(1.,0.,0.));
#12380=DIRECTION('',(0.,1.,0.));
#12381=DIRECTION('',(1.,0.,0.));
#12382=DIRECTION('',(0.,1.,0.));
#12383=DIRECTION('',(1.,0.,0.));
#12384=DIRECTION('',(0.,0.,-1.));
#12385=DIRECTION('',(0.,0.,-1.));
#12386=DIRECTION('',(0.,1.,0.));
#12387=DIRECTION('',(0.,0.,-1.));
#12388=DIRECTION('',(-1.,0.,0.));
#12389=DIRECTION('',(-1.,0.,0.));
#12390=DIRECTION('',(0.,1.,0.));
#12391=DIRECTION('',(-1.,0.,1.73472347597681E-15));
#12392=DIRECTION('',(1.73472347597681E-15,0.,1.));
#12393=DIRECTION('',(1.73472347597681E-15,0.,1.));
#12394=DIRECTION('',(0.,1.,0.));
#12395=DIRECTION('',(0.,0.,1.));
#12396=DIRECTION('',(0.,0.,1.));
#12397=DIRECTION('',(1.,0.,0.));
#12398=DIRECTION('',(0.,1.,0.));
#12399=DIRECTION('',(1.,0.,0.));
#12400=DIRECTION('',(0.,1.,0.));
#12401=DIRECTION('',(1.,0.,0.));
#12402=DIRECTION('',(0.,0.,-1.));
#12403=DIRECTION('',(0.,0.,-1.));
#12404=DIRECTION('',(0.,1.,0.));
#12405=DIRECTION('',(0.,0.,-1.));
#12406=DIRECTION('',(-1.,0.,0.));
#12407=DIRECTION('',(-1.,0.,0.));
#12408=DIRECTION('',(0.,1.,0.));
#12409=DIRECTION('',(-1.,0.,1.73472347597681E-15));
#12410=DIRECTION('',(1.73472347597681E-15,0.,1.));
#12411=DIRECTION('',(1.73472347597681E-15,0.,1.));
#12412=DIRECTION('',(0.,1.,0.));
#12413=DIRECTION('',(0.,0.,1.));
#12414=DIRECTION('',(0.,0.,1.));
#12415=DIRECTION('',(1.,0.,0.));
#12416=DIRECTION('',(0.,1.,0.));
#12417=DIRECTION('',(1.,0.,0.));
#12418=DIRECTION('',(0.,1.,0.));
#12419=DIRECTION('',(1.,0.,0.));
#12420=DIRECTION('',(0.,0.,-1.));
#12421=DIRECTION('',(0.,0.,-1.));
#12422=DIRECTION('',(0.,1.,0.));
#12423=DIRECTION('',(0.,0.,-1.));
#12424=DIRECTION('',(-1.,0.,0.));
#12425=DIRECTION('',(-1.,0.,0.));
#12426=DIRECTION('',(0.,1.,0.));
#12427=DIRECTION('',(-1.,0.,1.73472347597681E-15));
#12428=DIRECTION('',(1.73472347597681E-15,0.,1.));
#12429=DIRECTION('',(1.73472347597681E-15,0.,1.));
#12430=DIRECTION('',(0.,1.,0.));
#12431=DIRECTION('',(0.,0.,1.));
#12432=DIRECTION('',(0.,0.,1.));
#12433=DIRECTION('',(1.,0.,0.));
#12434=DIRECTION('',(0.,1.,0.));
#12435=DIRECTION('',(1.,0.,0.));
#12436=DIRECTION('',(0.,1.,0.));
#12437=DIRECTION('',(1.,0.,0.));
#12438=DIRECTION('',(0.,0.,-1.));
#12439=DIRECTION('',(0.,0.,-1.));
#12440=DIRECTION('',(0.,1.,0.));
#12441=DIRECTION('',(0.,0.,-1.));
#12442=DIRECTION('',(-1.,0.,0.));
#12443=DIRECTION('',(-1.,0.,0.));
#12444=DIRECTION('',(0.,1.,0.));
#12445=DIRECTION('',(-1.,0.,1.73472347597681E-15));
#12446=DIRECTION('',(1.73472347597681E-15,0.,1.));
#12447=DIRECTION('',(1.73472347597681E-15,0.,1.));
#12448=DIRECTION('',(0.,1.,0.));
#12449=DIRECTION('',(0.,0.,1.));
#12450=DIRECTION('',(0.,0.,1.));
#12451=DIRECTION('',(1.,0.,0.));
#12452=DIRECTION('',(0.,1.,0.));
#12453=DIRECTION('',(1.,0.,0.));
#12454=DIRECTION('',(0.,1.,0.));
#12455=DIRECTION('',(1.,0.,0.));
#12456=DIRECTION('',(0.,0.,-1.));
#12457=DIRECTION('',(0.,0.,-1.));
#12458=DIRECTION('',(0.,1.,0.));
#12459=DIRECTION('',(0.,0.,-1.));
#12460=DIRECTION('',(-1.,0.,0.));
#12461=DIRECTION('',(-1.,0.,0.));
#12462=DIRECTION('',(0.,1.,0.));
#12463=DIRECTION('',(-1.,0.,1.73472347597681E-15));
#12464=DIRECTION('',(1.73472347597681E-15,0.,1.));
#12465=DIRECTION('',(1.73472347597681E-15,0.,1.));
#12466=DIRECTION('',(0.,1.,0.));
#12467=DIRECTION('',(0.,0.,1.));
#12468=DIRECTION('',(0.,0.,1.));
#12469=DIRECTION('',(1.,0.,0.));
#12470=DIRECTION('',(0.,1.,0.));
#12471=DIRECTION('',(1.,0.,0.));
#12472=DIRECTION('',(0.,1.,0.));
#12473=DIRECTION('',(1.,0.,0.));
#12474=DIRECTION('',(0.,0.,-1.));
#12475=DIRECTION('',(0.,0.,-1.));
#12476=DIRECTION('',(0.,1.,0.));
#12477=DIRECTION('',(0.,0.,-1.));
#12478=DIRECTION('',(-1.,0.,0.));
#12479=DIRECTION('',(-1.,0.,0.));
#12480=DIRECTION('',(0.,1.,0.));
#12481=DIRECTION('',(-1.,0.,0.));
#12482=DIRECTION('',(0.,0.,1.));
#12483=DIRECTION('',(0.,0.,1.));
#12484=DIRECTION('',(0.,1.,0.));
#12485=DIRECTION('',(0.,0.,1.));
#12486=DIRECTION('',(0.,0.,1.));
#12487=DIRECTION('',(1.,0.,0.));
#12488=DIRECTION('',(0.,1.,0.));
#12489=DIRECTION('',(1.,0.,0.));
#12490=DIRECTION('',(0.,1.,0.));
#12491=DIRECTION('',(1.,0.,0.));
#12492=DIRECTION('',(0.,0.,-1.));
#12493=DIRECTION('',(0.,0.,-1.));
#12494=DIRECTION('',(0.,1.,0.));
#12495=DIRECTION('',(0.,0.,-1.));
#12496=DIRECTION('',(-1.,0.,0.));
#12497=DIRECTION('',(-1.,0.,0.));
#12498=DIRECTION('',(0.,1.,0.));
#12499=DIRECTION('',(-1.,0.,0.));
#12500=DIRECTION('',(0.,0.,1.));
#12501=DIRECTION('',(0.,0.,1.));
#12502=DIRECTION('',(0.,1.,0.));
#12503=DIRECTION('',(0.,0.,1.));
#12504=DIRECTION('',(0.,0.,1.));
#12505=DIRECTION('',(1.,0.,0.));
#12506=DIRECTION('',(0.,1.,0.));
#12507=DIRECTION('',(1.,0.,0.));
#12508=DIRECTION('',(0.,1.,0.));
#12509=DIRECTION('',(1.,0.,0.));
#12510=DIRECTION('',(0.,0.,-1.));
#12511=DIRECTION('',(0.,0.,-1.));
#12512=DIRECTION('',(0.,1.,0.));
#12513=DIRECTION('',(0.,0.,-1.));
#12514=DIRECTION('',(-1.,0.,0.));
#12515=DIRECTION('',(-1.,0.,0.));
#12516=DIRECTION('',(0.,1.,0.));
#12517=DIRECTION('',(-1.,0.,1.73472347597681E-15));
#12518=DIRECTION('',(1.73472347597681E-15,0.,1.));
#12519=DIRECTION('',(1.73472347597681E-15,0.,1.));
#12520=DIRECTION('',(0.,1.,0.));
#12521=DIRECTION('',(0.,0.,1.));
#12522=DIRECTION('',(0.,0.,1.));
#12523=DIRECTION('',(1.,0.,0.));
#12524=DIRECTION('',(0.,1.,0.));
#12525=DIRECTION('',(1.,0.,0.));
#12526=DIRECTION('',(0.,1.,0.));
#12527=DIRECTION('',(1.,0.,0.));
#12528=DIRECTION('',(0.,0.,-1.));
#12529=DIRECTION('',(0.,0.,-1.));
#12530=DIRECTION('',(0.,1.,0.));
#12531=DIRECTION('',(0.,0.,-1.));
#12532=DIRECTION('',(-1.,0.,0.));
#12533=DIRECTION('',(-1.,0.,0.));
#12534=DIRECTION('',(0.,1.,0.));
#12535=DIRECTION('',(-1.,0.,1.73472347597681E-15));
#12536=DIRECTION('',(1.73472347597681E-15,0.,1.));
#12537=DIRECTION('',(1.73472347597681E-15,0.,1.));
#12538=DIRECTION('',(0.,1.,0.));
#12539=DIRECTION('',(0.,0.,1.));
#12540=DIRECTION('',(0.,0.,1.));
#12541=DIRECTION('',(1.,0.,0.));
#12542=DIRECTION('',(0.,1.,0.));
#12543=DIRECTION('',(1.,0.,0.));
#12544=DIRECTION('',(0.,1.,0.));
#12545=DIRECTION('',(1.,0.,0.));
#12546=DIRECTION('',(0.,0.,-1.));
#12547=DIRECTION('',(0.,0.,-1.));
#12548=DIRECTION('',(0.,1.,0.));
#12549=DIRECTION('',(0.,0.,-1.));
#12550=DIRECTION('',(-1.,0.,0.));
#12551=DIRECTION('',(-1.,0.,0.));
#12552=DIRECTION('',(0.,1.,0.));
#12553=DIRECTION('',(-1.,0.,1.73472347597681E-15));
#12554=DIRECTION('',(1.73472347597681E-15,0.,1.));
#12555=DIRECTION('',(1.73472347597681E-15,0.,1.));
#12556=DIRECTION('',(0.,1.,0.));
#12557=DIRECTION('',(0.,0.,1.));
#12558=DIRECTION('',(0.,0.,1.));
#12559=DIRECTION('',(1.,0.,0.));
#12560=DIRECTION('',(0.,0.,1.));
#12561=DIRECTION('',(1.,0.,0.));
#12562=DIRECTION('',(1.,0.,0.));
#12563=DIRECTION('',(0.,1.,0.));
#12564=DIRECTION('',(1.,0.,0.));
#12565=DIRECTION('',(0.,1.,0.));
#12566=DIRECTION('',(1.,0.,0.));
#12567=DIRECTION('',(0.,0.,-1.));
#12568=DIRECTION('',(0.,0.,-1.));
#12569=DIRECTION('',(0.,1.,0.));
#12570=DIRECTION('',(0.,0.,1.));
#12571=DIRECTION('',(0.,0.,-1.));
#12572=DIRECTION('',(-1.,0.,0.));
#12573=DIRECTION('',(-1.,0.,0.));
#12574=DIRECTION('',(0.,1.,0.));
#12575=DIRECTION('',(1.,0.,0.));
#12576=DIRECTION('',(-1.,0.,1.73472347597681E-15));
#12577=DIRECTION('',(1.73472347597681E-15,0.,1.));
#12578=DIRECTION('',(1.73472347597681E-15,0.,1.));
#12579=DIRECTION('',(0.,0.,1.));
#12580=DIRECTION('',(0.,1.,0.));
#12581=DIRECTION('',(0.,0.,1.));
#12582=DIRECTION('',(0.,1.,0.));
#12583=DIRECTION('',(0.,0.,1.));
#12584=DIRECTION('',(0.,0.,1.));
#12585=DIRECTION('',(1.,0.,0.));
#12586=DIRECTION('',(1.,0.,0.));
#12587=DIRECTION('',(0.,0.,-1.));
#12588=DIRECTION('',(0.,0.,-1.));
#12589=DIRECTION('',(0.,1.,0.));
#12590=DIRECTION('',(0.,0.,1.));
#12591=DIRECTION('',(0.,1.,0.));
#12592=DIRECTION('',(0.,0.,-1.));
#12593=DIRECTION('',(-1.,0.,0.));
#12594=DIRECTION('',(-1.,0.,0.));
#12595=DIRECTION('',(0.,1.,0.));
#12596=DIRECTION('',(1.,0.,0.));
#12597=DIRECTION('',(-1.,0.,0.));
#12598=DIRECTION('',(0.,0.,1.));
#12599=DIRECTION('',(0.,0.,1.));
#12600=DIRECTION('',(0.,1.,0.));
#12601=DIRECTION('',(0.,0.,1.));
#12602=DIRECTION('',(0.,0.,1.));
#12603=DIRECTION('',(1.,0.,0.));
#12604=DIRECTION('',(1.,0.,0.));
#12605=DIRECTION('',(1.,0.,0.));
#12606=DIRECTION('',(0.,1.,0.));
#12607=DIRECTION('',(0.,0.,1.));
#12608=DIRECTION('',(0.,1.,0.));
#12609=DIRECTION('',(0.,0.,1.));
#12610=DIRECTION('',(0.,0.,1.));
#12611=DIRECTION('',(1.,0.,0.));
#12612=DIRECTION('',(1.,0.,0.));
#12613=DIRECTION('',(0.,0.,-1.));
#12614=DIRECTION('',(0.,0.,-1.));
#12615=DIRECTION('',(0.,1.,0.));
#12616=DIRECTION('',(0.,0.,1.));
#12617=DIRECTION('',(0.,1.,0.));
#12618=DIRECTION('',(0.,0.,-1.));
#12619=DIRECTION('',(-1.,0.,0.));
#12620=DIRECTION('',(-1.,0.,0.));
#12621=DIRECTION('',(0.,1.,0.));
#12622=DIRECTION('',(1.,0.,0.));
#12623=DIRECTION('',(-1.,0.,0.));
#12624=DIRECTION('',(0.,0.,1.));
#12625=DIRECTION('',(0.,0.,1.));
#12626=DIRECTION('',(0.,1.,0.));
#12627=DIRECTION('',(0.,0.,1.));
#12628=DIRECTION('',(0.,0.,1.));
#12629=DIRECTION('',(1.,0.,0.));
#12630=DIRECTION('',(1.,0.,0.));
#12631=DIRECTION('',(1.,0.,0.));
#12632=DIRECTION('',(0.,1.,0.));
#12633=DIRECTION('',(0.,0.,1.));
#12634=DIRECTION('',(0.,1.,0.));
#12635=DIRECTION('',(0.,0.,1.));
#12636=DIRECTION('',(0.,0.,1.));
#12637=DIRECTION('',(1.,0.,0.));
#12638=DIRECTION('',(0.,0.,1.));
#12639=DIRECTION('',(1.,0.,0.));
#12640=DIRECTION('',(1.,0.,0.));
#12641=DIRECTION('',(0.,1.,0.));
#12642=DIRECTION('',(1.,0.,0.));
#12643=DIRECTION('',(0.,1.,0.));
#12644=DIRECTION('',(1.,0.,0.));
#12645=DIRECTION('',(0.,0.,-1.));
#12646=DIRECTION('',(0.,0.,-1.));
#12647=DIRECTION('',(0.,1.,0.));
#12648=DIRECTION('',(0.,0.,1.));
#12649=DIRECTION('',(0.,0.,-1.));
#12650=DIRECTION('',(-1.,0.,0.));
#12651=DIRECTION('',(-1.,0.,0.));
#12652=DIRECTION('',(0.,1.,0.));
#12653=DIRECTION('',(1.,0.,0.));
#12654=DIRECTION('',(-1.,0.,1.73472347597681E-15));
#12655=DIRECTION('',(1.73472347597681E-15,0.,1.));
#12656=DIRECTION('',(1.73472347597681E-15,0.,1.));
#12657=DIRECTION('',(0.,0.,1.));
#12658=DIRECTION('',(0.,1.,0.));
#12659=DIRECTION('',(0.,0.,1.));
#12660=DIRECTION('',(0.,1.,0.));
#12661=DIRECTION('',(0.,0.,1.));
#12662=DIRECTION('',(0.,0.,1.));
#12663=DIRECTION('',(1.,0.,0.));
#12664=DIRECTION('',(1.,0.,0.));
#12665=DIRECTION('',(0.,0.,-1.));
#12666=DIRECTION('',(0.,0.,-1.));
#12667=DIRECTION('',(0.,1.,0.));
#12668=DIRECTION('',(0.,0.,1.));
#12669=DIRECTION('',(0.,1.,0.));
#12670=DIRECTION('',(0.,0.,-1.));
#12671=DIRECTION('',(-1.,0.,0.));
#12672=DIRECTION('',(-1.,0.,0.));
#12673=DIRECTION('',(0.,1.,0.));
#12674=DIRECTION('',(1.,0.,0.));
#12675=DIRECTION('',(-1.,0.,0.));
#12676=DIRECTION('',(0.,0.,1.));
#12677=DIRECTION('',(0.,0.,1.));
#12678=DIRECTION('',(0.,1.,0.));
#12679=DIRECTION('',(0.,0.,1.));
#12680=DIRECTION('',(0.,0.,1.));
#12681=DIRECTION('',(1.,0.,0.));
#12682=DIRECTION('',(1.,0.,0.));
#12683=DIRECTION('',(1.,0.,0.));
#12684=DIRECTION('',(0.,1.,0.));
#12685=DIRECTION('',(0.,0.,1.));
#12686=DIRECTION('',(0.,1.,0.));
#12687=DIRECTION('',(0.,0.,1.));
#12688=DIRECTION('',(0.,0.,1.));
#12689=DIRECTION('',(1.,0.,0.));
#12690=DIRECTION('',(1.,0.,0.));
#12691=DIRECTION('',(0.,0.,-1.));
#12692=DIRECTION('',(0.,0.,-1.));
#12693=DIRECTION('',(0.,1.,0.));
#12694=DIRECTION('',(0.,0.,1.));
#12695=DIRECTION('',(0.,1.,0.));
#12696=DIRECTION('',(0.,0.,-1.));
#12697=DIRECTION('',(-1.,0.,0.));
#12698=DIRECTION('',(-1.,0.,0.));
#12699=DIRECTION('',(0.,1.,0.));
#12700=DIRECTION('',(1.,0.,0.));
#12701=DIRECTION('',(-1.,0.,0.));
#12702=DIRECTION('',(0.,0.,1.));
#12703=DIRECTION('',(0.,0.,1.));
#12704=DIRECTION('',(0.,1.,0.));
#12705=DIRECTION('',(0.,0.,1.));
#12706=DIRECTION('',(0.,0.,1.));
#12707=DIRECTION('',(1.,0.,0.));
#12708=DIRECTION('',(1.,0.,0.));
#12709=DIRECTION('',(1.,0.,0.));
#12710=DIRECTION('',(0.,1.,0.));
#12711=DIRECTION('',(0.,0.,1.));
#12712=DIRECTION('',(0.,1.,0.));
#12713=DIRECTION('',(0.,0.,1.));
#12714=DIRECTION('',(0.,0.,1.));
#12715=DIRECTION('',(1.,0.,0.));
#12716=DIRECTION('',(0.,0.,1.));
#12717=DIRECTION('',(1.,0.,0.));
#12718=DIRECTION('',(1.,0.,0.));
#12719=DIRECTION('',(0.,1.,0.));
#12720=DIRECTION('',(1.,0.,0.));
#12721=DIRECTION('',(0.,1.,0.));
#12722=DIRECTION('',(1.,0.,0.));
#12723=DIRECTION('',(0.,0.,-1.));
#12724=DIRECTION('',(0.,0.,-1.));
#12725=DIRECTION('',(0.,1.,0.));
#12726=DIRECTION('',(0.,0.,1.));
#12727=DIRECTION('',(0.,0.,-1.));
#12728=DIRECTION('',(-1.,0.,0.));
#12729=DIRECTION('',(-1.,0.,0.));
#12730=DIRECTION('',(0.,1.,0.));
#12731=DIRECTION('',(1.,0.,0.));
#12732=DIRECTION('',(-1.,0.,1.73472347597681E-15));
#12733=DIRECTION('',(1.73472347597681E-15,0.,1.));
#12734=DIRECTION('',(1.73472347597681E-15,0.,1.));
#12735=DIRECTION('',(0.,0.,1.));
#12736=DIRECTION('',(0.,1.,0.));
#12737=DIRECTION('',(0.,0.,1.));
#12738=DIRECTION('',(0.,1.,0.));
#12739=DIRECTION('',(0.,0.,1.));
#12740=DIRECTION('',(0.,0.,1.));
#12741=DIRECTION('',(1.,0.,0.));
#12742=DIRECTION('',(1.,0.,0.));
#12743=DIRECTION('',(0.,0.,-1.));
#12744=DIRECTION('',(0.,0.,-1.));
#12745=DIRECTION('',(0.,1.,0.));
#12746=DIRECTION('',(0.,0.,1.));
#12747=DIRECTION('',(0.,1.,0.));
#12748=DIRECTION('',(0.,0.,-1.));
#12749=DIRECTION('',(-1.,0.,0.));
#12750=DIRECTION('',(-1.,0.,0.));
#12751=DIRECTION('',(0.,1.,0.));
#12752=DIRECTION('',(1.,0.,0.));
#12753=DIRECTION('',(-1.,0.,0.));
#12754=DIRECTION('',(0.,0.,1.));
#12755=DIRECTION('',(0.,0.,1.));
#12756=DIRECTION('',(0.,1.,0.));
#12757=DIRECTION('',(0.,0.,1.));
#12758=DIRECTION('',(0.,0.,1.));
#12759=DIRECTION('',(1.,0.,0.));
#12760=DIRECTION('',(1.,0.,0.));
#12761=DIRECTION('',(1.,0.,0.));
#12762=DIRECTION('',(0.,1.,0.));
#12763=DIRECTION('',(0.,0.,1.));
#12764=DIRECTION('',(0.,1.,0.));
#12765=DIRECTION('',(0.,0.,1.));
#12766=DIRECTION('',(0.,0.,1.));
#12767=DIRECTION('',(1.,0.,0.));
#12768=DIRECTION('',(0.,0.,1.));
#12769=DIRECTION('',(1.,0.,0.));
#12770=DIRECTION('',(1.,0.,0.));
#12771=DIRECTION('',(0.,1.,0.));
#12772=DIRECTION('',(1.,0.,0.));
#12773=DIRECTION('',(0.,1.,0.));
#12774=DIRECTION('',(1.,0.,0.));
#12775=DIRECTION('',(0.,0.,-1.));
#12776=DIRECTION('',(0.,0.,-1.));
#12777=DIRECTION('',(0.,1.,0.));
#12778=DIRECTION('',(0.,0.,1.));
#12779=DIRECTION('',(0.,0.,-1.));
#12780=DIRECTION('',(-1.,0.,0.));
#12781=DIRECTION('',(-1.,0.,0.));
#12782=DIRECTION('',(0.,1.,0.));
#12783=DIRECTION('',(1.,0.,0.));
#12784=DIRECTION('',(-1.,0.,0.));
#12785=DIRECTION('',(0.,0.,1.));
#12786=DIRECTION('',(0.,0.,1.));
#12787=DIRECTION('',(0.,0.,1.));
#12788=DIRECTION('',(0.,1.,0.));
#12789=DIRECTION('',(0.,0.,1.));
#12790=DIRECTION('',(0.,1.,0.));
#12791=DIRECTION('',(0.,0.,1.));
#12792=DIRECTION('',(0.,0.,1.));
#12793=DIRECTION('',(1.,0.,0.));
#12794=DIRECTION('',(0.,0.,1.));
#12795=DIRECTION('',(1.,0.,0.));
#12796=DIRECTION('',(1.,0.,0.));
#12797=DIRECTION('',(0.,1.,0.));
#12798=DIRECTION('',(1.,0.,0.));
#12799=DIRECTION('',(0.,1.,0.));
#12800=DIRECTION('',(1.,0.,0.));
#12801=DIRECTION('',(0.,0.,-1.));
#12802=DIRECTION('',(0.,0.,-1.));
#12803=DIRECTION('',(0.,1.,0.));
#12804=DIRECTION('',(0.,0.,1.));
#12805=DIRECTION('',(0.,0.,-1.));
#12806=DIRECTION('',(-1.,0.,0.));
#12807=DIRECTION('',(-1.,0.,0.));
#12808=DIRECTION('',(0.,1.,0.));
#12809=DIRECTION('',(1.,0.,0.));
#12810=DIRECTION('',(-1.,0.,1.73472347597681E-15));
#12811=DIRECTION('',(1.73472347597681E-15,0.,1.));
#12812=DIRECTION('',(1.73472347597681E-15,0.,1.));
#12813=DIRECTION('',(0.,0.,1.));
#12814=DIRECTION('',(0.,1.,0.));
#12815=DIRECTION('',(0.,0.,1.));
#12816=DIRECTION('',(0.,1.,0.));
#12817=DIRECTION('',(0.,0.,1.));
#12818=DIRECTION('',(0.,0.,1.));
#12819=DIRECTION('',(1.,0.,0.));
#12820=DIRECTION('',(0.,0.,-1.));
#12821=DIRECTION('',(-1.,0.,0.));
#12822=DIRECTION('',(-1.,0.,0.));
#12823=DIRECTION('',(0.,1.,0.));
#12824=DIRECTION('',(1.,0.,0.));
#12825=DIRECTION('',(0.,1.,0.));
#12826=DIRECTION('',(-1.,0.,6.50521303491303E-16));
#12827=DIRECTION('',(6.50521303491303E-16,0.,1.));
#12828=DIRECTION('',(6.50521303491303E-16,0.,1.));
#12829=DIRECTION('',(0.,1.,0.));
#12830=DIRECTION('',(0.,0.,1.));
#12831=DIRECTION('',(0.,0.,1.));
#12832=DIRECTION('',(1.,0.,0.));
#12833=DIRECTION('',(1.,0.,0.));
#12834=DIRECTION('',(0.,1.,0.));
#12835=DIRECTION('',(1.,0.,0.));
#12836=DIRECTION('',(1.,0.,-7.04731412115578E-16));
#12837=DIRECTION('',(-7.04731412115578E-16,0.,-1.));
#12838=DIRECTION('',(-7.04731412115578E-16,0.,-1.));
#12839=DIRECTION('',(0.,0.,1.));
#12840=DIRECTION('',(0.,1.,0.));
#12841=DIRECTION('',(0.,0.,1.));
#12842=DIRECTION('',(0.,1.,0.));
#12843=DIRECTION('',(0.,0.,1.));
#12844=DIRECTION('',(0.,0.,1.));
#12845=DIRECTION('',(1.,0.,0.));
#12846=DIRECTION('',(0.,0.,1.));
#12847=DIRECTION('',(1.,0.,0.));
#12848=DIRECTION('',(1.,0.,0.));
#12849=DIRECTION('',(0.,1.,0.));
#12850=DIRECTION('',(1.,0.,0.));
#12851=DIRECTION('',(0.,1.,0.));
#12852=DIRECTION('',(1.,0.,0.));
#12853=DIRECTION('',(0.,0.,-1.));
#12854=DIRECTION('',(0.,0.,-1.));
#12855=DIRECTION('',(0.,1.,0.));
#12856=DIRECTION('',(0.,0.,1.));
#12857=DIRECTION('',(0.,0.,-1.));
#12858=DIRECTION('',(-1.,0.,0.));
#12859=DIRECTION('',(-1.,0.,0.));
#12860=DIRECTION('',(0.,1.,0.));
#12861=DIRECTION('',(1.,0.,0.));
#12862=DIRECTION('',(-1.,0.,0.));
#12863=DIRECTION('',(0.,0.,1.));
#12864=DIRECTION('',(0.,0.,1.));
#12865=DIRECTION('',(0.,0.,1.));
#12866=DIRECTION('',(0.,1.,0.));
#12867=DIRECTION('',(0.,0.,1.));
#12868=DIRECTION('',(0.,1.,0.));
#12869=DIRECTION('',(0.,0.,1.));
#12870=DIRECTION('',(0.,0.,1.));
#12871=DIRECTION('',(1.,0.,0.));
#12872=DIRECTION('',(1.,0.,0.));
#12873=DIRECTION('',(0.,0.,-1.));
#12874=DIRECTION('',(0.,0.,-1.));
#12875=DIRECTION('',(0.,1.,0.));
#12876=DIRECTION('',(0.,0.,1.));
#12877=DIRECTION('',(0.,1.,0.));
#12878=DIRECTION('',(0.,0.,-1.));
#12879=DIRECTION('',(-1.,0.,0.));
#12880=DIRECTION('',(-1.,0.,0.));
#12881=DIRECTION('',(0.,1.,0.));
#12882=DIRECTION('',(1.,0.,0.));
#12883=DIRECTION('',(-1.,0.,0.));
#12884=DIRECTION('',(0.,0.,1.));
#12885=DIRECTION('',(0.,0.,1.));
#12886=DIRECTION('',(0.,1.,0.));
#12887=DIRECTION('',(0.,0.,1.));
#12888=DIRECTION('',(0.,0.,1.));
#12889=DIRECTION('',(1.,0.,0.));
#12890=DIRECTION('',(1.,0.,0.));
#12891=DIRECTION('',(1.,0.,0.));
#12892=DIRECTION('',(0.,1.,0.));
#12893=DIRECTION('',(0.,0.,1.));
#12894=DIRECTION('',(0.,1.,0.));
#12895=DIRECTION('',(0.,0.,1.));
#12896=DIRECTION('',(0.,0.,1.));
#12897=DIRECTION('',(1.,0.,0.));
#12898=DIRECTION('',(1.,0.,0.));
#12899=DIRECTION('',(0.,0.,-1.));
#12900=DIRECTION('',(0.,0.,-1.));
#12901=DIRECTION('',(0.,1.,0.));
#12902=DIRECTION('',(0.,0.,1.));
#12903=DIRECTION('',(0.,1.,0.));
#12904=DIRECTION('',(0.,0.,-1.));
#12905=DIRECTION('',(-1.,0.,0.));
#12906=DIRECTION('',(-1.,0.,0.));
#12907=DIRECTION('',(0.,1.,0.));
#12908=DIRECTION('',(1.,0.,0.));
#12909=DIRECTION('',(-1.,0.,0.));
#12910=DIRECTION('',(0.,0.,1.));
#12911=DIRECTION('',(0.,0.,1.));
#12912=DIRECTION('',(0.,1.,0.));
#12913=DIRECTION('',(0.,0.,1.));
#12914=DIRECTION('',(0.,0.,1.));
#12915=DIRECTION('',(1.,0.,0.));
#12916=DIRECTION('',(1.,0.,0.));
#12917=DIRECTION('',(1.,0.,0.));
#12918=DIRECTION('',(0.,1.,0.));
#12919=DIRECTION('',(0.,0.,1.));
#12920=DIRECTION('',(0.,1.,0.));
#12921=DIRECTION('',(0.,0.,1.));
#12922=DIRECTION('',(0.,0.,1.));
#12923=DIRECTION('',(1.,0.,0.));
#12924=DIRECTION('',(0.,0.,1.));
#12925=DIRECTION('',(1.,0.,0.));
#12926=DIRECTION('',(1.,0.,0.));
#12927=DIRECTION('',(0.,1.,0.));
#12928=DIRECTION('',(1.,0.,0.));
#12929=DIRECTION('',(0.,1.,0.));
#12930=DIRECTION('',(1.,0.,0.));
#12931=DIRECTION('',(0.,0.,-1.));
#12932=DIRECTION('',(0.,0.,-1.));
#12933=DIRECTION('',(0.,1.,0.));
#12934=DIRECTION('',(0.,0.,1.));
#12935=DIRECTION('',(0.,0.,-1.));
#12936=DIRECTION('',(-1.,0.,0.));
#12937=DIRECTION('',(-1.,0.,0.));
#12938=DIRECTION('',(0.,1.,0.));
#12939=DIRECTION('',(1.,0.,0.));
#12940=DIRECTION('',(-1.,0.,1.73472347597681E-15));
#12941=DIRECTION('',(1.73472347597681E-15,0.,1.));
#12942=DIRECTION('',(1.73472347597681E-15,0.,1.));
#12943=DIRECTION('',(0.,0.,1.));
#12944=DIRECTION('',(0.,1.,0.));
#12945=DIRECTION('',(0.,0.,1.));
#12946=DIRECTION('',(0.,1.,0.));
#12947=DIRECTION('',(0.,0.,1.));
#12948=DIRECTION('',(0.,0.,1.));
#12949=DIRECTION('',(1.,0.,0.));
#12950=DIRECTION('',(-3.46944695195362E-15,0.,-1.));
#12951=DIRECTION('',(-1.,0.,3.46944695195362E-15));
#12952=DIRECTION('',(-1.,0.,3.46944695195362E-15));
#12953=DIRECTION('',(0.,1.,0.));
#12954=DIRECTION('',(1.,0.,0.));
#12955=DIRECTION('',(0.,1.,0.));
#12956=DIRECTION('',(-1.,0.,8.67361737988403E-16));
#12957=DIRECTION('',(8.67361737988403E-16,0.,1.));
#12958=DIRECTION('',(8.67361737988403E-16,0.,1.));
#12959=DIRECTION('',(0.,1.,0.));
#12960=DIRECTION('',(0.,0.,1.));
#12961=DIRECTION('',(3.46944695195362E-15,0.,1.));
#12962=DIRECTION('',(1.,0.,-3.46944695195362E-15));
#12963=DIRECTION('',(1.,0.,-3.46944695195362E-15));
#12964=DIRECTION('',(0.,1.,0.));
#12965=DIRECTION('',(1.,0.,0.));
#12966=DIRECTION('',(1.,0.,-8.67361737988403E-16));
#12967=DIRECTION('',(-8.67361737988403E-16,0.,-1.));
#12968=DIRECTION('',(-8.67361737988403E-16,0.,-1.));
#12969=DIRECTION('',(0.,0.,1.));
#12970=DIRECTION('',(0.,1.,0.));
#12971=DIRECTION('',(0.,0.,1.));
#12972=DIRECTION('',(0.,1.,0.));
#12973=DIRECTION('',(0.,0.,1.));
#12974=DIRECTION('',(0.,0.,1.));
#12975=DIRECTION('',(1.,0.,0.));
#12976=DIRECTION('',(-1.,0.,0.));
#12977=DIRECTION('',(0.,0.,1.));
#12978=DIRECTION('',(0.,0.,1.));
#12979=DIRECTION('',(0.,1.,0.));
#12980=DIRECTION('',(0.,0.,1.));
#12981=DIRECTION('',(0.,1.,0.));
#12982=DIRECTION('',(-2.31296463463575E-15,0.,1.));
#12983=DIRECTION('',(1.,0.,2.31296463463575E-15));
#12984=DIRECTION('',(1.,0.,2.31296463463575E-15));
#12985=DIRECTION('',(0.,1.,0.));
#12986=DIRECTION('',(1.,0.,0.));
#12987=DIRECTION('',(1.,0.,8.67361737988403E-16));
#12988=DIRECTION('',(8.67361737988403E-16,0.,-1.));
#12989=DIRECTION('',(8.67361737988403E-16,0.,-1.));
#12990=DIRECTION('',(0.,1.,0.));
#12991=DIRECTION('',(0.,0.,1.));
#12992=DIRECTION('',(2.31296463463574E-15,0.,-1.));
#12993=DIRECTION('',(-1.,0.,-2.31296463463574E-15));
#12994=DIRECTION('',(-1.,0.,-2.31296463463574E-15));
#12995=DIRECTION('',(1.,0.,0.));
#12996=DIRECTION('',(0.,1.,0.));
#12997=DIRECTION('',(0.,0.,1.));
#12998=DIRECTION('',(0.,1.,0.));
#12999=DIRECTION('',(0.,0.,1.));
#13000=DIRECTION('',(0.,0.,1.));
#13001=DIRECTION('',(1.,0.,0.));
#13002=DIRECTION('',(0.,0.,-1.));
#13003=DIRECTION('',(-1.,0.,0.));
#13004=DIRECTION('',(-1.,0.,0.));
#13005=DIRECTION('',(0.,1.,0.));
#13006=DIRECTION('',(1.,0.,0.));
#13007=DIRECTION('',(0.,1.,0.));
#13008=DIRECTION('',(-1.,0.,8.67361737988403E-16));
#13009=DIRECTION('',(8.67361737988403E-16,0.,1.));
#13010=DIRECTION('',(8.67361737988403E-16,0.,1.));
#13011=DIRECTION('',(0.,1.,0.));
#13012=DIRECTION('',(0.,0.,1.));
#13013=DIRECTION('',(0.,0.,1.));
#13014=DIRECTION('',(1.,0.,0.));
#13015=DIRECTION('',(1.,0.,0.));
#13016=DIRECTION('',(0.,1.,0.));
#13017=DIRECTION('',(1.,0.,0.));
#13018=DIRECTION('',(1.,0.,-8.67361737988403E-16));
#13019=DIRECTION('',(-8.67361737988403E-16,0.,-1.));
#13020=DIRECTION('',(-8.67361737988403E-16,0.,-1.));
#13021=DIRECTION('',(0.,0.,1.));
#13022=DIRECTION('',(0.,1.,0.));
#13023=DIRECTION('',(0.,0.,1.));
#13024=DIRECTION('',(0.,1.,0.));
#13025=DIRECTION('',(0.,0.,1.));
#13026=DIRECTION('',(0.,0.,1.));
#13027=DIRECTION('',(1.,0.,0.));
#13028=DIRECTION('',(-1.,0.,0.));
#13029=DIRECTION('',(0.,0.,1.));
#13030=DIRECTION('',(0.,0.,1.));
#13031=DIRECTION('',(0.,1.,0.));
#13032=DIRECTION('',(0.,0.,1.));
#13033=DIRECTION('',(0.,1.,0.));
#13034=DIRECTION('',(0.,0.,1.));
#13035=DIRECTION('',(1.,0.,0.));
#13036=DIRECTION('',(1.,0.,0.));
#13037=DIRECTION('',(0.,1.,0.));
#13038=DIRECTION('',(1.,0.,0.));
#13039=DIRECTION('',(0.707106781186548,0.,0.707106781186548));
#13040=DIRECTION('',(0.707106781186548,0.,-0.707106781186548));
#13041=DIRECTION('',(0.707106781186548,0.,-0.707106781186548));
#13042=DIRECTION('',(0.,1.,0.));
#13043=DIRECTION('',(-0.707106781186547,0.,0.707106781186548));
#13044=DIRECTION('',(1.,0.,-4.33680868994202E-16));
#13045=DIRECTION('',(-4.33680868994202E-16,0.,-1.));
#13046=DIRECTION('',(-4.33680868994202E-16,0.,-1.));
#13047=DIRECTION('',(0.,1.,0.));
#13048=DIRECTION('',(0.,0.,1.));
#13049=DIRECTION('',(-2.16840434497101E-16,0.,-1.));
#13050=DIRECTION('',(-1.,0.,2.16840434497101E-16));
#13051=DIRECTION('',(-1.,0.,2.16840434497101E-16));
#13052=DIRECTION('',(1.,0.,0.));
#13053=DIRECTION('',(0.,1.,0.));
#13054=DIRECTION('',(0.,0.,1.));
#13055=DIRECTION('',(0.,1.,0.));
#13056=DIRECTION('',(0.,0.,1.));
#13057=DIRECTION('',(0.,0.,1.));
#13058=DIRECTION('',(1.,0.,0.));
#13059=DIRECTION('',(0.,0.,1.));
#13060=DIRECTION('',(1.,0.,0.));
#13061=DIRECTION('',(1.,0.,0.));
#13062=DIRECTION('',(0.,1.,0.));
#13063=DIRECTION('',(1.,0.,0.));
#13064=DIRECTION('',(0.,1.,0.));
#13065=DIRECTION('',(1.,0.,0.));
#13066=DIRECTION('',(0.,0.,-1.));
#13067=DIRECTION('',(0.,0.,-1.));
#13068=DIRECTION('',(0.,1.,0.));
#13069=DIRECTION('',(0.,0.,1.));
#13070=DIRECTION('',(0.,0.,-1.));
#13071=DIRECTION('',(-1.,0.,0.));
#13072=DIRECTION('',(-1.,0.,0.));
#13073=DIRECTION('',(0.,1.,0.));
#13074=DIRECTION('',(1.,0.,0.));
#13075=DIRECTION('',(-1.,0.,0.));
#13076=DIRECTION('',(0.,0.,1.));
#13077=DIRECTION('',(0.,0.,1.));
#13078=DIRECTION('',(0.,0.,1.));
#13079=DIRECTION('',(0.,1.,0.));
#13080=DIRECTION('',(0.,0.,1.));
#13081=DIRECTION('',(0.,1.,0.));
#13082=DIRECTION('',(0.,0.,1.));
#13083=DIRECTION('',(0.,0.,1.));
#13084=DIRECTION('',(1.,0.,0.));
#13085=DIRECTION('',(0.,0.,-1.));
#13086=DIRECTION('',(-1.,0.,0.));
#13087=DIRECTION('',(-1.,0.,0.));
#13088=DIRECTION('',(0.,1.,0.));
#13089=DIRECTION('',(1.,0.,0.));
#13090=DIRECTION('',(0.,1.,0.));
#13091=DIRECTION('',(-1.,0.,7.04731412115578E-16));
#13092=DIRECTION('',(7.04731412115578E-16,0.,1.));
#13093=DIRECTION('',(7.04731412115578E-16,0.,1.));
#13094=DIRECTION('',(0.,1.,0.));
#13095=DIRECTION('',(0.,0.,1.));
#13096=DIRECTION('',(0.,0.,1.));
#13097=DIRECTION('',(1.,0.,0.));
#13098=DIRECTION('',(1.,0.,0.));
#13099=DIRECTION('',(0.,1.,0.));
#13100=DIRECTION('',(1.,0.,0.));
#13101=DIRECTION('',(1.,0.,-6.50521303491303E-16));
#13102=DIRECTION('',(-6.50521303491303E-16,0.,-1.));
#13103=DIRECTION('',(-6.50521303491303E-16,0.,-1.));
#13104=DIRECTION('',(0.,0.,1.));
#13105=DIRECTION('',(0.,1.,0.));
#13106=DIRECTION('',(0.,0.,1.));
#13107=DIRECTION('',(0.,1.,0.));
#13108=DIRECTION('',(0.,0.,1.));
#13109=DIRECTION('',(0.,0.,1.));
#13110=DIRECTION('',(1.,0.,0.));
#13111=DIRECTION('',(-2.31296463463574E-15,0.,-1.));
#13112=DIRECTION('',(-1.,0.,2.31296463463574E-15));
#13113=DIRECTION('',(-1.,0.,2.31296463463574E-15));
#13114=DIRECTION('',(0.,1.,0.));
#13115=DIRECTION('',(1.,0.,0.));
#13116=DIRECTION('',(0.,1.,0.));
#13117=DIRECTION('',(-1.,0.,8.67361737988403E-16));
#13118=DIRECTION('',(8.67361737988403E-16,0.,1.));
#13119=DIRECTION('',(8.67361737988403E-16,0.,1.));
#13120=DIRECTION('',(0.,1.,0.));
#13121=DIRECTION('',(0.,0.,1.));
#13122=DIRECTION('',(2.31296463463575E-15,0.,1.));
#13123=DIRECTION('',(1.,0.,-2.31296463463575E-15));
#13124=DIRECTION('',(1.,0.,-2.31296463463575E-15));
#13125=DIRECTION('',(0.,1.,0.));
#13126=DIRECTION('',(1.,0.,0.));
#13127=DIRECTION('',(1.,0.,0.));
#13128=DIRECTION('',(0.,0.,-1.));
#13129=DIRECTION('',(0.,0.,-1.));
#13130=DIRECTION('',(0.,0.,1.));
#13131=DIRECTION('',(0.,1.,0.));
#13132=DIRECTION('',(0.,0.,1.));
#13133=DIRECTION('',(0.,1.,0.));
#13134=DIRECTION('',(0.,0.,1.));
#13135=DIRECTION('',(0.,0.,1.));
#13136=DIRECTION('',(1.,0.,0.));
#13137=DIRECTION('',(1.,0.,0.));
#13138=DIRECTION('',(0.,0.,-1.));
#13139=DIRECTION('',(0.,0.,-1.));
#13140=DIRECTION('',(0.,1.,0.));
#13141=DIRECTION('',(0.,0.,1.));
#13142=DIRECTION('',(0.,1.,0.));
#13143=DIRECTION('',(0.,0.,-1.));
#13144=DIRECTION('',(-1.,0.,0.));
#13145=DIRECTION('',(-1.,0.,0.));
#13146=DIRECTION('',(0.,1.,0.));
#13147=DIRECTION('',(1.,0.,0.));
#13148=DIRECTION('',(-1.,0.,0.));
#13149=DIRECTION('',(0.,0.,1.));
#13150=DIRECTION('',(0.,0.,1.));
#13151=DIRECTION('',(0.,1.,0.));
#13152=DIRECTION('',(0.,0.,1.));
#13153=DIRECTION('',(0.,0.,1.));
#13154=DIRECTION('',(1.,0.,0.));
#13155=DIRECTION('',(1.,0.,0.));
#13156=DIRECTION('',(1.,0.,0.));
#13157=DIRECTION('',(0.,1.,0.));
#13158=DIRECTION('',(0.,0.,1.));
#13159=DIRECTION('',(0.,1.,0.));
#13160=DIRECTION('',(0.,0.,1.));
#13161=DIRECTION('',(0.,0.,1.));
#13162=DIRECTION('',(1.,0.,0.));
#13163=DIRECTION('',(2.16840434497101E-16,0.,1.));
#13164=DIRECTION('',(1.,0.,-2.16840434497101E-16));
#13165=DIRECTION('',(1.,0.,-2.16840434497101E-16));
#13166=DIRECTION('',(0.,1.,0.));
#13167=DIRECTION('',(1.,0.,0.));
#13168=DIRECTION('',(0.,1.,0.));
#13169=DIRECTION('',(1.,0.,-3.25260651745651E-16));
#13170=DIRECTION('',(-3.25260651745651E-16,0.,-1.));
#13171=DIRECTION('',(-3.25260651745651E-16,0.,-1.));
#13172=DIRECTION('',(0.,1.,0.));
#13173=DIRECTION('',(0.,0.,1.));
#13174=DIRECTION('',(-5.42101086242753E-16,0.,-1.));
#13175=DIRECTION('',(-1.,0.,5.42101086242753E-16));
#13176=DIRECTION('',(-1.,0.,5.42101086242753E-16));
#13177=DIRECTION('',(0.,1.,0.));
#13178=DIRECTION('',(1.,0.,0.));
#13179=DIRECTION('',(-1.,0.,-6.50521303491303E-16));
#13180=DIRECTION('',(-6.50521303491303E-16,0.,1.));
#13181=DIRECTION('',(-6.50521303491303E-16,0.,1.));
#13182=DIRECTION('',(0.,0.,1.));
#13183=DIRECTION('',(0.,1.,0.));
#13184=DIRECTION('',(0.,0.,1.));
#13185=DIRECTION('',(0.,1.,0.));
#13186=DIRECTION('',(0.,0.,1.));
#13187=DIRECTION('',(0.,0.,1.));
#13188=DIRECTION('',(1.,0.,0.));
#13189=DIRECTION('',(0.,0.,-1.));
#13190=DIRECTION('',(-1.,0.,0.));
#13191=DIRECTION('',(-1.,0.,0.));
#13192=DIRECTION('',(0.,1.,0.));
#13193=DIRECTION('',(1.,0.,0.));
#13194=DIRECTION('',(0.,1.,0.));
#13195=DIRECTION('',(-1.,0.,8.67361737988403E-16));
#13196=DIRECTION('',(8.67361737988403E-16,0.,1.));
#13197=DIRECTION('',(8.67361737988403E-16,0.,1.));
#13198=DIRECTION('',(0.,1.,0.));
#13199=DIRECTION('',(0.,0.,1.));
#13200=DIRECTION('',(0.,0.,1.));
#13201=DIRECTION('',(1.,0.,0.));
#13202=DIRECTION('',(1.,0.,0.));
#13203=DIRECTION('',(0.,1.,0.));
#13204=DIRECTION('',(1.,0.,0.));
#13205=DIRECTION('',(1.,0.,-8.67361737988403E-16));
#13206=DIRECTION('',(-8.67361737988403E-16,0.,-1.));
#13207=DIRECTION('',(-8.67361737988403E-16,0.,-1.));
#13208=DIRECTION('',(0.,0.,1.));
#13209=DIRECTION('',(0.,1.,0.));
#13210=DIRECTION('',(0.,0.,1.));
#13211=DIRECTION('',(0.,1.,0.));
#13212=DIRECTION('',(0.,0.,1.));
#13213=DIRECTION('',(0.,0.,1.));
#13214=DIRECTION('',(1.,0.,0.));
#13215=DIRECTION('',(1.,0.,1.73472347597681E-15));
#13216=DIRECTION('',(1.73472347597681E-15,0.,-1.));
#13217=DIRECTION('',(1.73472347597681E-15,0.,-1.));
#13218=DIRECTION('',(0.,1.,0.));
#13219=DIRECTION('',(0.,0.,1.));
#13220=DIRECTION('',(0.,1.,0.));
#13221=DIRECTION('',(0.,0.,-1.));
#13222=DIRECTION('',(-1.,0.,0.));
#13223=DIRECTION('',(-1.,0.,0.));
#13224=DIRECTION('',(0.,1.,0.));
#13225=DIRECTION('',(1.,0.,0.));
#13226=DIRECTION('',(-1.,0.,0.));
#13227=DIRECTION('',(0.,0.,1.));
#13228=DIRECTION('',(0.,0.,1.));
#13229=DIRECTION('',(0.,1.,0.));
#13230=DIRECTION('',(0.,0.,1.));
#13231=DIRECTION('',(0.,0.,1.));
#13232=DIRECTION('',(1.,0.,0.));
#13233=DIRECTION('',(1.,0.,0.));
#13234=DIRECTION('',(1.,0.,0.));
#13235=DIRECTION('',(0.,1.,0.));
#13236=DIRECTION('',(0.,0.,1.));
#13237=DIRECTION('',(0.,1.,0.));
#13238=DIRECTION('',(0.,0.,1.));
#13239=DIRECTION('',(0.,0.,1.));
#13240=DIRECTION('',(1.,0.,0.));
#13241=DIRECTION('',(-1.,0.,8.67361737988404E-16));
#13242=DIRECTION('',(8.67361737988404E-16,0.,1.));
#13243=DIRECTION('',(8.67361737988404E-16,0.,1.));
#13244=DIRECTION('',(0.,1.,0.));
#13245=DIRECTION('',(0.,0.,1.));
#13246=DIRECTION('',(0.,1.,0.));
#13247=DIRECTION('',(-3.25260651745651E-16,0.,1.));
#13248=DIRECTION('',(1.,0.,3.25260651745651E-16));
#13249=DIRECTION('',(1.,0.,3.25260651745651E-16));
#13250=DIRECTION('',(0.,1.,0.));
#13251=DIRECTION('',(1.,0.,0.));
#13252=DIRECTION('',(1.,0.,5.42101086242753E-17));
#13253=DIRECTION('',(5.42101086242753E-17,0.,-1.));
#13254=DIRECTION('',(5.42101086242753E-17,0.,-1.));
#13255=DIRECTION('',(0.,1.,0.));
#13256=DIRECTION('',(0.,0.,1.));
#13257=DIRECTION('',(-2.16840434497101E-16,0.,-1.));
#13258=DIRECTION('',(-1.,0.,2.16840434497101E-16));
#13259=DIRECTION('',(-1.,0.,2.16840434497101E-16));
#13260=DIRECTION('',(1.,0.,0.));
#13261=DIRECTION('',(0.,1.,0.));
#13262=DIRECTION('',(0.,0.,1.));
#13263=DIRECTION('',(0.,1.,0.));
#13264=DIRECTION('',(0.,0.,1.));
#13265=DIRECTION('',(0.,0.,1.));
#13266=DIRECTION('',(1.,0.,0.));
#13267=DIRECTION('',(0.,0.,-1.));
#13268=DIRECTION('',(-1.,0.,0.));
#13269=DIRECTION('',(-1.,0.,0.));
#13270=DIRECTION('',(0.,1.,0.));
#13271=DIRECTION('',(1.,0.,0.));
#13272=DIRECTION('',(0.,1.,0.));
#13273=DIRECTION('',(-1.,0.,8.67361737988403E-16));
#13274=DIRECTION('',(8.67361737988403E-16,0.,1.));
#13275=DIRECTION('',(8.67361737988403E-16,0.,1.));
#13276=DIRECTION('',(0.,1.,0.));
#13277=DIRECTION('',(0.,0.,1.));
#13278=DIRECTION('',(0.,0.,1.));
#13279=DIRECTION('',(1.,0.,0.));
#13280=DIRECTION('',(1.,0.,0.));
#13281=DIRECTION('',(0.,1.,0.));
#13282=DIRECTION('',(1.,0.,0.));
#13283=DIRECTION('',(1.,0.,-8.67361737988403E-16));
#13284=DIRECTION('',(-8.67361737988403E-16,0.,-1.));
#13285=DIRECTION('',(-8.67361737988403E-16,0.,-1.));
#13286=DIRECTION('',(0.,0.,1.));
#13287=DIRECTION('',(0.,1.,0.));
#13288=DIRECTION('',(0.,0.,1.));
#13289=DIRECTION('',(0.,1.,0.));
#13290=DIRECTION('',(0.,0.,1.));
#13291=DIRECTION('',(0.,0.,1.));
#13292=DIRECTION('',(1.,0.,0.));
#13293=DIRECTION('',(1.,0.,1.73472347597681E-15));
#13294=DIRECTION('',(1.73472347597681E-15,0.,-1.));
#13295=DIRECTION('',(1.73472347597681E-15,0.,-1.));
#13296=DIRECTION('',(0.,1.,0.));
#13297=DIRECTION('',(0.,0.,1.));
#13298=DIRECTION('',(0.,1.,0.));
#13299=DIRECTION('',(0.,0.,-1.));
#13300=DIRECTION('',(-1.,0.,0.));
#13301=DIRECTION('',(-1.,0.,0.));
#13302=DIRECTION('',(0.,1.,0.));
#13303=DIRECTION('',(1.,0.,0.));
#13304=DIRECTION('',(-1.,0.,0.));
#13305=DIRECTION('',(0.,0.,1.));
#13306=DIRECTION('',(0.,0.,1.));
#13307=DIRECTION('',(0.,1.,0.));
#13308=DIRECTION('',(0.,0.,1.));
#13309=DIRECTION('',(0.,0.,1.));
#13310=DIRECTION('',(1.,0.,0.));
#13311=DIRECTION('',(1.,0.,0.));
#13312=DIRECTION('',(1.,0.,0.));
#13313=DIRECTION('',(0.,1.,0.));
#13314=DIRECTION('',(0.,0.,1.));
#13315=DIRECTION('',(0.,1.,0.));
#13316=DIRECTION('',(0.,0.,1.));
#13317=DIRECTION('',(0.,0.,1.));
#13318=DIRECTION('',(1.,0.,0.));
#13319=DIRECTION('',(0.,0.,-1.));
#13320=DIRECTION('',(-1.,0.,0.));
#13321=DIRECTION('',(-1.,0.,0.));
#13322=DIRECTION('',(0.,1.,0.));
#13323=DIRECTION('',(1.,0.,0.));
#13324=DIRECTION('',(0.,1.,0.));
#13325=DIRECTION('',(-1.,0.,2.71050543121376E-16));
#13326=DIRECTION('',(2.71050543121376E-16,0.,1.));
#13327=DIRECTION('',(2.71050543121376E-16,0.,1.));
#13328=DIRECTION('',(0.,1.,0.));
#13329=DIRECTION('',(0.,0.,1.));
#13330=DIRECTION('',(1.0842021724855E-15,0.,1.));
#13331=DIRECTION('',(1.,0.,-1.0842021724855E-15));
#13332=DIRECTION('',(1.,0.,-1.0842021724855E-15));
#13333=DIRECTION('',(0.,1.,0.));
#13334=DIRECTION('',(1.,0.,0.));
#13335=DIRECTION('',(1.,0.,0.));
#13336=DIRECTION('',(0.,0.,-1.));
#13337=DIRECTION('',(0.,0.,-1.));
#13338=DIRECTION('',(0.,0.,1.));
#13339=DIRECTION('',(0.,1.,0.));
#13340=DIRECTION('',(0.,0.,1.));
#13341=DIRECTION('',(0.,1.,0.));
#13342=DIRECTION('',(0.,0.,1.));
#13343=DIRECTION('',(0.,0.,1.));
#13344=DIRECTION('',(1.,0.,0.));
#13345=DIRECTION('',(0.,0.,1.));
#13346=DIRECTION('',(1.,0.,0.));
#13347=DIRECTION('',(1.,0.,0.));
#13348=DIRECTION('',(0.,1.,0.));
#13349=DIRECTION('',(1.,0.,0.));
#13350=DIRECTION('',(0.,1.,0.));
#13351=DIRECTION('',(1.,0.,0.));
#13352=DIRECTION('',(0.,0.,-1.));
#13353=DIRECTION('',(0.,0.,-1.));
#13354=DIRECTION('',(0.,1.,0.));
#13355=DIRECTION('',(0.,0.,1.));
#13356=DIRECTION('',(0.,0.,-1.));
#13357=DIRECTION('',(-1.,0.,0.));
#13358=DIRECTION('',(-1.,0.,0.));
#13359=DIRECTION('',(0.,1.,0.));
#13360=DIRECTION('',(1.,0.,0.));
#13361=DIRECTION('',(-1.,0.,0.));
#13362=DIRECTION('',(0.,0.,1.));
#13363=DIRECTION('',(0.,0.,1.));
#13364=DIRECTION('',(0.,0.,1.));
#13365=DIRECTION('',(0.,1.,0.));
#13366=DIRECTION('',(0.,0.,1.));
#13367=DIRECTION('',(0.,1.,0.));
#13368=DIRECTION('',(0.,0.,1.));
#13369=DIRECTION('',(0.,0.,1.));
#13370=DIRECTION('',(1.,0.,0.));
#13371=DIRECTION('',(-3.46944695195362E-15,0.,-1.));
#13372=DIRECTION('',(-1.,0.,3.46944695195362E-15));
#13373=DIRECTION('',(-1.,0.,3.46944695195362E-15));
#13374=DIRECTION('',(0.,1.,0.));
#13375=DIRECTION('',(1.,0.,0.));
#13376=DIRECTION('',(0.,1.,0.));
#13377=DIRECTION('',(-1.,0.,8.67361737988403E-16));
#13378=DIRECTION('',(8.67361737988403E-16,0.,1.));
#13379=DIRECTION('',(8.67361737988403E-16,0.,1.));
#13380=DIRECTION('',(0.,1.,0.));
#13381=DIRECTION('',(0.,0.,1.));
#13382=DIRECTION('',(3.46944695195362E-15,0.,1.));
#13383=DIRECTION('',(1.,0.,-3.46944695195362E-15));
#13384=DIRECTION('',(1.,0.,-3.46944695195362E-15));
#13385=DIRECTION('',(0.,1.,0.));
#13386=DIRECTION('',(1.,0.,0.));
#13387=DIRECTION('',(1.,0.,-8.67361737988403E-16));
#13388=DIRECTION('',(-8.67361737988403E-16,0.,-1.));
#13389=DIRECTION('',(-8.67361737988403E-16,0.,-1.));
#13390=DIRECTION('',(0.,0.,1.));
#13391=DIRECTION('',(0.,1.,0.));
#13392=DIRECTION('',(0.,0.,1.));
#13393=DIRECTION('',(0.,1.,0.));
#13394=DIRECTION('',(0.,0.,1.));
#13395=DIRECTION('',(0.,0.,1.));
#13396=DIRECTION('',(1.,0.,0.));
#13397=DIRECTION('',(1.,0.,1.73472347597681E-15));
#13398=DIRECTION('',(1.73472347597681E-15,0.,-1.));
#13399=DIRECTION('',(1.73472347597681E-15,0.,-1.));
#13400=DIRECTION('',(0.,1.,0.));
#13401=DIRECTION('',(0.,0.,1.));
#13402=DIRECTION('',(0.,1.,0.));
#13403=DIRECTION('',(0.,0.,-1.));
#13404=DIRECTION('',(-1.,0.,0.));
#13405=DIRECTION('',(-1.,0.,0.));
#13406=DIRECTION('',(0.,1.,0.));
#13407=DIRECTION('',(1.,0.,0.));
#13408=DIRECTION('',(-1.,0.,0.));
#13409=DIRECTION('',(0.,0.,1.));
#13410=DIRECTION('',(0.,0.,1.));
#13411=DIRECTION('',(0.,1.,0.));
#13412=DIRECTION('',(0.,0.,1.));
#13413=DIRECTION('',(0.,0.,1.));
#13414=DIRECTION('',(1.,0.,0.));
#13415=DIRECTION('',(1.,0.,0.));
#13416=DIRECTION('',(1.,0.,0.));
#13417=DIRECTION('',(0.,1.,0.));
#13418=DIRECTION('',(0.,0.,1.));
#13419=DIRECTION('',(0.,1.,0.));
#13420=DIRECTION('',(0.,0.,1.));
#13421=DIRECTION('',(0.,0.,1.));
#13422=DIRECTION('',(1.,0.,0.));
#13423=DIRECTION('',(1.,0.,1.73472347597681E-15));
#13424=DIRECTION('',(1.73472347597681E-15,0.,-1.));
#13425=DIRECTION('',(1.73472347597681E-15,0.,-1.));
#13426=DIRECTION('',(0.,1.,0.));
#13427=DIRECTION('',(0.,0.,1.));
#13428=DIRECTION('',(0.,1.,0.));
#13429=DIRECTION('',(0.,0.,-1.));
#13430=DIRECTION('',(-1.,0.,0.));
#13431=DIRECTION('',(-1.,0.,0.));
#13432=DIRECTION('',(0.,1.,0.));
#13433=DIRECTION('',(1.,0.,0.));
#13434=DIRECTION('',(-1.,0.,0.));
#13435=DIRECTION('',(0.,0.,1.));
#13436=DIRECTION('',(0.,0.,1.));
#13437=DIRECTION('',(0.,1.,0.));
#13438=DIRECTION('',(0.,0.,1.));
#13439=DIRECTION('',(0.,0.,1.));
#13440=DIRECTION('',(1.,0.,0.));
#13441=DIRECTION('',(1.,0.,0.));
#13442=DIRECTION('',(1.,0.,0.));
#13443=DIRECTION('',(0.,1.,0.));
#13444=DIRECTION('',(0.,0.,1.));
#13445=DIRECTION('',(0.,1.,0.));
#13446=DIRECTION('',(0.,0.,1.));
#13447=DIRECTION('',(0.,0.,1.));
#13448=DIRECTION('',(1.,0.,0.));
#13449=DIRECTION('',(1.,0.,1.73472347597681E-15));
#13450=DIRECTION('',(1.73472347597681E-15,0.,-1.));
#13451=DIRECTION('',(1.73472347597681E-15,0.,-1.));
#13452=DIRECTION('',(0.,1.,0.));
#13453=DIRECTION('',(0.,0.,1.));
#13454=DIRECTION('',(0.,1.,0.));
#13455=DIRECTION('',(0.,0.,-1.));
#13456=DIRECTION('',(-1.,0.,0.));
#13457=DIRECTION('',(-1.,0.,0.));
#13458=DIRECTION('',(0.,1.,0.));
#13459=DIRECTION('',(1.,0.,0.));
#13460=DIRECTION('',(-1.,0.,0.));
#13461=DIRECTION('',(0.,0.,1.));
#13462=DIRECTION('',(0.,0.,1.));
#13463=DIRECTION('',(0.,1.,0.));
#13464=DIRECTION('',(0.,0.,1.));
#13465=DIRECTION('',(0.,0.,1.));
#13466=DIRECTION('',(1.,0.,0.));
#13467=DIRECTION('',(1.,0.,0.));
#13468=DIRECTION('',(1.,0.,0.));
#13469=DIRECTION('',(0.,1.,0.));
#13470=DIRECTION('',(0.,0.,1.));
#13471=DIRECTION('',(0.,1.,0.));
#13472=DIRECTION('',(0.,0.,1.));
#13473=DIRECTION('',(0.,0.,1.));
#13474=DIRECTION('',(1.,0.,0.));
#13475=DIRECTION('',(1.,0.,1.73472347597681E-15));
#13476=DIRECTION('',(1.73472347597681E-15,0.,-1.));
#13477=DIRECTION('',(1.73472347597681E-15,0.,-1.));
#13478=DIRECTION('',(0.,1.,0.));
#13479=DIRECTION('',(0.,0.,1.));
#13480=DIRECTION('',(0.,1.,0.));
#13481=DIRECTION('',(0.,0.,-1.));
#13482=DIRECTION('',(-1.,0.,0.));
#13483=DIRECTION('',(-1.,0.,0.));
#13484=DIRECTION('',(0.,1.,0.));
#13485=DIRECTION('',(1.,0.,0.));
#13486=DIRECTION('',(-1.,0.,0.));
#13487=DIRECTION('',(0.,0.,1.));
#13488=DIRECTION('',(0.,0.,1.));
#13489=DIRECTION('',(0.,1.,0.));
#13490=DIRECTION('',(0.,0.,1.));
#13491=DIRECTION('',(0.,0.,1.));
#13492=DIRECTION('',(1.,0.,0.));
#13493=DIRECTION('',(1.,0.,0.));
#13494=DIRECTION('',(1.,0.,0.));
#13495=DIRECTION('',(0.,1.,0.));
#13496=DIRECTION('',(0.,0.,1.));
#13497=DIRECTION('',(0.,1.,0.));
#13498=DIRECTION('',(0.,0.,1.));
#13499=DIRECTION('',(0.,0.,1.));
#13500=DIRECTION('',(1.,0.,0.));
#13501=DIRECTION('',(1.,0.,1.73472347597681E-15));
#13502=DIRECTION('',(1.73472347597681E-15,0.,-1.));
#13503=DIRECTION('',(1.73472347597681E-15,0.,-1.));
#13504=DIRECTION('',(0.,1.,0.));
#13505=DIRECTION('',(0.,0.,1.));
#13506=DIRECTION('',(0.,1.,0.));
#13507=DIRECTION('',(0.,0.,-1.));
#13508=DIRECTION('',(-1.,0.,0.));
#13509=DIRECTION('',(-1.,0.,0.));
#13510=DIRECTION('',(0.,1.,0.));
#13511=DIRECTION('',(1.,0.,0.));
#13512=DIRECTION('',(-1.,0.,0.));
#13513=DIRECTION('',(0.,0.,1.));
#13514=DIRECTION('',(0.,0.,1.));
#13515=DIRECTION('',(0.,1.,0.));
#13516=DIRECTION('',(0.,0.,1.));
#13517=DIRECTION('',(0.,0.,1.));
#13518=DIRECTION('',(1.,0.,0.));
#13519=DIRECTION('',(1.,0.,0.));
#13520=DIRECTION('',(1.,0.,0.));
#13521=DIRECTION('',(0.,1.,0.));
#13522=DIRECTION('',(0.,0.,1.));
#13523=DIRECTION('',(0.,1.,0.));
#13524=DIRECTION('',(0.,0.,1.));
#13525=DIRECTION('',(0.,0.,1.));
#13526=DIRECTION('',(1.,0.,0.));
#13527=DIRECTION('',(1.,0.,1.73472347597681E-15));
#13528=DIRECTION('',(1.73472347597681E-15,0.,-1.));
#13529=DIRECTION('',(1.73472347597681E-15,0.,-1.));
#13530=DIRECTION('',(0.,1.,0.));
#13531=DIRECTION('',(0.,0.,1.));
#13532=DIRECTION('',(0.,1.,0.));
#13533=DIRECTION('',(0.,0.,-1.));
#13534=DIRECTION('',(-1.,0.,0.));
#13535=DIRECTION('',(-1.,0.,0.));
#13536=DIRECTION('',(0.,1.,0.));
#13537=DIRECTION('',(1.,0.,0.));
#13538=DIRECTION('',(-1.,0.,0.));
#13539=DIRECTION('',(0.,0.,1.));
#13540=DIRECTION('',(0.,0.,1.));
#13541=DIRECTION('',(0.,1.,0.));
#13542=DIRECTION('',(0.,0.,1.));
#13543=DIRECTION('',(0.,0.,1.));
#13544=DIRECTION('',(1.,0.,0.));
#13545=DIRECTION('',(1.,0.,0.));
#13546=DIRECTION('',(1.,0.,0.));
#13547=DIRECTION('',(0.,1.,0.));
#13548=DIRECTION('',(0.,0.,1.));
#13549=DIRECTION('',(0.,1.,0.));
#13550=DIRECTION('',(0.,0.,1.));
#13551=CARTESIAN_POINT('',(0.,0.,0.));
#13552=CARTESIAN_POINT('',(0.001,0.0001,0.003175));
#13553=CARTESIAN_POINT('',(0.001,0.,0.003175));
#13554=CARTESIAN_POINT('',(0.001,0.,0.003175));
#13555=CARTESIAN_POINT('',(0.00125,0.,0.003175));
#13556=CARTESIAN_POINT('',(0.00125,0.0001,0.003175));
#13557=CARTESIAN_POINT('',(0.00125,0.0001,0.003175));
#13558=CARTESIAN_POINT('',(0.,0.0001,0.003175));
#13559=CARTESIAN_POINT('',(0.001,0.0001,0.003175));
#13560=CARTESIAN_POINT('',(0.001,0.0001,0.003175));
#13561=CARTESIAN_POINT('',(0.00125,0.0001,0.003175));
#13562=CARTESIAN_POINT('',(0.00125,0.,0.003175));
#13563=CARTESIAN_POINT('',(0.00125,0.,0.002675));
#13564=CARTESIAN_POINT('',(0.00125,0.0001,0.002675));
#13565=CARTESIAN_POINT('',(0.00125,0.0001,0.002675));
#13566=CARTESIAN_POINT('',(0.00125,0.0001,0.));
#13567=CARTESIAN_POINT('',(0.001,0.0001,0.002675));
#13568=CARTESIAN_POINT('',(0.001,0.,0.002675));
#13569=CARTESIAN_POINT('',(0.001,0.,0.002675));
#13570=CARTESIAN_POINT('',(0.001,0.0001,0.002675));
#13571=CARTESIAN_POINT('',(0.001,0.0001,0.002675));
#13572=CARTESIAN_POINT('',(0.,0.0001,0.002675));
#13573=CARTESIAN_POINT('',(0.001,0.0001,0.003175));
#13574=CARTESIAN_POINT('',(0.001,0.,0.003175));
#13575=CARTESIAN_POINT('',(0.001,0.0001,0.));
#13576=CARTESIAN_POINT('',(0.,0.0001,0.));
#13577=CARTESIAN_POINT('',(0.,0.,0.));
#13578=CARTESIAN_POINT('',(0.,0.,0.));
#13579=CARTESIAN_POINT('',(0.00145,0.0001,-0.003175));
#13580=CARTESIAN_POINT('',(0.00145,0.,-0.003175));
#13581=CARTESIAN_POINT('',(0.00145,0.,-0.003175));
#13582=CARTESIAN_POINT('',(0.00145,0.,-0.002675));
#13583=CARTESIAN_POINT('',(0.00145,0.0001,-0.002675));
#13584=CARTESIAN_POINT('',(0.00145,0.0001,-0.002675));
#13585=CARTESIAN_POINT('',(0.00145,0.0001,0.));
#13586=CARTESIAN_POINT('',(0.00145,0.0001,-0.003175));
#13587=CARTESIAN_POINT('',(0.00145,0.0001,-0.003175));
#13588=CARTESIAN_POINT('',(0.00145,0.0001,-0.002675));
#13589=CARTESIAN_POINT('',(0.00145,0.,-0.002675));
#13590=CARTESIAN_POINT('',(0.0017,0.,-0.002675));
#13591=CARTESIAN_POINT('',(0.0017,0.0001,-0.002675));
#13592=CARTESIAN_POINT('',(0.0017,0.0001,-0.002675));
#13593=CARTESIAN_POINT('',(0.,0.0001,-0.002675));
#13594=CARTESIAN_POINT('',(0.0017,0.0001,-0.003175));
#13595=CARTESIAN_POINT('',(0.0017,0.,-0.003175));
#13596=CARTESIAN_POINT('',(0.0017,0.,-0.003175));
#13597=CARTESIAN_POINT('',(0.0017,0.0001,-0.003175));
#13598=CARTESIAN_POINT('',(0.0017,0.0001,-0.003175));
#13599=CARTESIAN_POINT('',(0.0017,0.0001,0.));
#13600=CARTESIAN_POINT('',(0.00145,0.0001,-0.003175));
#13601=CARTESIAN_POINT('',(0.00145,0.,-0.003175));
#13602=CARTESIAN_POINT('',(0.,0.0001,-0.003175));
#13603=CARTESIAN_POINT('',(0.,0.0001,0.));
#13604=CARTESIAN_POINT('',(0.,0.,0.));
#13605=CARTESIAN_POINT('',(0.,0.,0.));
#13606=CARTESIAN_POINT('',(0.002275,0.0001,-0.001025));
#13607=CARTESIAN_POINT('',(0.002275,0.,-0.001025));
#13608=CARTESIAN_POINT('',(0.002275,0.,-0.001025));
#13609=CARTESIAN_POINT('',(0.001775,0.,-0.001025));
#13610=CARTESIAN_POINT('',(0.001775,0.0001,-0.001025));
#13611=CARTESIAN_POINT('',(0.001775,0.0001,-0.001025));
#13612=CARTESIAN_POINT('',(0.,0.0001,-0.001025));
#13613=CARTESIAN_POINT('',(0.002275,0.0001,-0.001025));
#13614=CARTESIAN_POINT('',(0.002275,0.0001,-0.001025));
#13615=CARTESIAN_POINT('',(0.001775,0.0001,-0.001025));
#13616=CARTESIAN_POINT('',(0.001775,0.,-0.001025));
#13617=CARTESIAN_POINT('',(0.001775,0.,-0.000775));
#13618=CARTESIAN_POINT('',(0.001775,0.0001,-0.000775));
#13619=CARTESIAN_POINT('',(0.001775,0.0001,-0.000775));
#13620=CARTESIAN_POINT('',(0.001775,0.0001,0.));
#13621=CARTESIAN_POINT('',(0.002275,0.0001,-0.000775));
#13622=CARTESIAN_POINT('',(0.002275,0.,-0.000775));
#13623=CARTESIAN_POINT('',(0.002275,0.,-0.000775));
#13624=CARTESIAN_POINT('',(0.002275,0.0001,-0.000775));
#13625=CARTESIAN_POINT('',(0.002275,0.0001,-0.000775));
#13626=CARTESIAN_POINT('',(0.,0.0001,-0.000775));
#13627=CARTESIAN_POINT('',(0.002275,0.0001,-0.001025));
#13628=CARTESIAN_POINT('',(0.002275,0.,-0.001025));
#13629=CARTESIAN_POINT('',(0.002275,0.0001,0.));
#13630=CARTESIAN_POINT('',(0.,0.0001,0.));
#13631=CARTESIAN_POINT('',(0.,0.,0.));
#13632=CARTESIAN_POINT('',(0.,0.,0.));
#13633=CARTESIAN_POINT('',(0.001,0.0001,-0.003175));
#13634=CARTESIAN_POINT('',(0.001,0.,-0.003175));
#13635=CARTESIAN_POINT('',(0.001,0.,-0.003175));
#13636=CARTESIAN_POINT('',(0.001,0.,-0.002675));
#13637=CARTESIAN_POINT('',(0.001,0.0001,-0.002675));
#13638=CARTESIAN_POINT('',(0.001,0.0001,-0.002675));
#13639=CARTESIAN_POINT('',(0.001,0.0001,0.));
#13640=CARTESIAN_POINT('',(0.001,0.0001,-0.003175));
#13641=CARTESIAN_POINT('',(0.001,0.0001,-0.003175));
#13642=CARTESIAN_POINT('',(0.001,0.0001,-0.002675));
#13643=CARTESIAN_POINT('',(0.001,0.,-0.002675));
#13644=CARTESIAN_POINT('',(0.00125,0.,-0.002675));
#13645=CARTESIAN_POINT('',(0.00125,0.0001,-0.002675));
#13646=CARTESIAN_POINT('',(0.00125,0.0001,-0.002675));
#13647=CARTESIAN_POINT('',(0.,0.0001,-0.002675));
#13648=CARTESIAN_POINT('',(0.00125,0.0001,-0.003175));
#13649=CARTESIAN_POINT('',(0.00125,0.,-0.003175));
#13650=CARTESIAN_POINT('',(0.00125,0.,-0.003175));
#13651=CARTESIAN_POINT('',(0.00125,0.0001,-0.003175));
#13652=CARTESIAN_POINT('',(0.00125,0.0001,-0.003175));
#13653=CARTESIAN_POINT('',(0.00125,0.0001,0.));
#13654=CARTESIAN_POINT('',(0.001,0.0001,-0.003175));
#13655=CARTESIAN_POINT('',(0.001,0.,-0.003175));
#13656=CARTESIAN_POINT('',(0.,0.0001,-0.003175));
#13657=CARTESIAN_POINT('',(0.,0.0001,0.));
#13658=CARTESIAN_POINT('',(0.,0.,0.));
#13659=CARTESIAN_POINT('',(0.,0.,0.));
#13660=CARTESIAN_POINT('',(-0.002075,0.001,-0.002975));
#13661=CARTESIAN_POINT('',(-0.002075,0.0011,-0.002975));
#13662=CARTESIAN_POINT('',(-0.002075,0.0011,-0.002725));
#13663=CARTESIAN_POINT('',(-0.002075,0.001,-0.002975));
#13664=CARTESIAN_POINT('',(-0.002075,0.001,-0.002725));
#13665=CARTESIAN_POINT('',(-0.002575,0.0108501445074634,0.003475));
#13666=CARTESIAN_POINT('',(0.,0.0011,0.003475));
#13667=CARTESIAN_POINT('',(-0.002575,0.0011,0.003475));
#13668=CARTESIAN_POINT('',(0.002575,0.0011,0.003475));
#13669=CARTESIAN_POINT('',(-0.002575,0.0108501445074634,0.003475));
#13670=CARTESIAN_POINT('',(-0.002575,0.0003,0.003475));
#13671=CARTESIAN_POINT('',(-0.002575,0.0003,0.003475));
#13672=CARTESIAN_POINT('',(0.002575,0.0003,0.003475));
#13673=CARTESIAN_POINT('',(0.002575,0.0108501445074634,0.003475));
#13674=CARTESIAN_POINT('',(0.002575,0.0108501445074634,0.003475));
#13675=CARTESIAN_POINT('',(0.002575,0.0011,0.));
#13676=CARTESIAN_POINT('',(0.002575,0.0011,-0.003475));
#13677=CARTESIAN_POINT('',(0.002575,0.0003,0.003475));
#13678=CARTESIAN_POINT('',(0.002575,0.0003,-0.003475));
#13679=CARTESIAN_POINT('',(0.002575,0.0108501445074634,-0.003475));
#13680=CARTESIAN_POINT('',(0.002575,0.0108501445074634,-0.003475));
#13681=CARTESIAN_POINT('',(0.,0.0011,-0.003475));
#13682=CARTESIAN_POINT('',(-0.002575,0.0011,-0.003475));
#13683=CARTESIAN_POINT('',(0.002575,0.0003,-0.003475));
#13684=CARTESIAN_POINT('',(-0.002575,0.0003,-0.003475));
#13685=CARTESIAN_POINT('',(-0.002575,0.0108501445074634,-0.003475));
#13686=CARTESIAN_POINT('',(-0.002575,0.0108501445074634,-0.003475));
#13687=CARTESIAN_POINT('',(-0.002575,0.0011,0.));
#13688=CARTESIAN_POINT('',(-0.002575,0.0003,-0.003475));
#13689=CARTESIAN_POINT('',(0.,0.0003,0.));
#13690=CARTESIAN_POINT('',(0.,0.0011,0.));
#13691=CARTESIAN_POINT('',(-0.002075,0.001,-0.002975));
#13692=CARTESIAN_POINT('',(0.,0.,0.));
#13693=CARTESIAN_POINT('',(0.002275,0.0001,-0.000575));
#13694=CARTESIAN_POINT('',(0.002275,0.,-0.000575));
#13695=CARTESIAN_POINT('',(0.002275,0.,-0.000575));
#13696=CARTESIAN_POINT('',(0.001775,0.,-0.000575));
#13697=CARTESIAN_POINT('',(0.001775,0.0001,-0.000575));
#13698=CARTESIAN_POINT('',(0.001775,0.0001,-0.000575));
#13699=CARTESIAN_POINT('',(0.,0.0001,-0.000575));
#13700=CARTESIAN_POINT('',(0.002275,0.0001,-0.000575));
#13701=CARTESIAN_POINT('',(0.002275,0.0001,-0.000575));
#13702=CARTESIAN_POINT('',(0.001775,0.0001,-0.000575));
#13703=CARTESIAN_POINT('',(0.001775,0.,-0.000575));
#13704=CARTESIAN_POINT('',(0.001775,0.,-0.000325));
#13705=CARTESIAN_POINT('',(0.001775,0.0001,-0.000325));
#13706=CARTESIAN_POINT('',(0.001775,0.0001,-0.000325));
#13707=CARTESIAN_POINT('',(0.001775,0.0001,0.));
#13708=CARTESIAN_POINT('',(0.002275,0.0001,-0.000325));
#13709=CARTESIAN_POINT('',(0.002275,0.,-0.000325));
#13710=CARTESIAN_POINT('',(0.002275,0.,-0.000325));
#13711=CARTESIAN_POINT('',(0.002275,0.0001,-0.000325));
#13712=CARTESIAN_POINT('',(0.002275,0.0001,-0.000325));
#13713=CARTESIAN_POINT('',(0.,0.0001,-0.000325));
#13714=CARTESIAN_POINT('',(0.002275,0.0001,-0.000575));
#13715=CARTESIAN_POINT('',(0.002275,0.,-0.000575));
#13716=CARTESIAN_POINT('',(0.002275,0.0001,0.));
#13717=CARTESIAN_POINT('',(0.,0.0001,0.));
#13718=CARTESIAN_POINT('',(0.,0.,0.));
#13719=CARTESIAN_POINT('',(0.,0.,0.));
#13720=CARTESIAN_POINT('',(0.00055,0.0001,-0.003175));
#13721=CARTESIAN_POINT('',(0.00055,0.,-0.003175));
#13722=CARTESIAN_POINT('',(0.00055,0.,-0.003175));
#13723=CARTESIAN_POINT('',(0.00055,0.,-0.002675));
#13724=CARTESIAN_POINT('',(0.00055,0.0001,-0.002675));
#13725=CARTESIAN_POINT('',(0.00055,0.0001,-0.002675));
#13726=CARTESIAN_POINT('',(0.00055,0.0001,0.));
#13727=CARTESIAN_POINT('',(0.00055,0.0001,-0.003175));
#13728=CARTESIAN_POINT('',(0.00055,0.0001,-0.003175));
#13729=CARTESIAN_POINT('',(0.00055,0.0001,-0.002675));
#13730=CARTESIAN_POINT('',(0.00055,0.,-0.002675));
#13731=CARTESIAN_POINT('',(0.0008,0.,-0.002675));
#13732=CARTESIAN_POINT('',(0.0008,0.0001,-0.002675));
#13733=CARTESIAN_POINT('',(0.0008,0.0001,-0.002675));
#13734=CARTESIAN_POINT('',(0.,0.0001,-0.002675));
#13735=CARTESIAN_POINT('',(0.0008,0.0001,-0.003175));
#13736=CARTESIAN_POINT('',(0.0008,0.,-0.003175));
#13737=CARTESIAN_POINT('',(0.0008,0.,-0.003175));
#13738=CARTESIAN_POINT('',(0.0008,0.0001,-0.003175));
#13739=CARTESIAN_POINT('',(0.0008,0.0001,-0.003175));
#13740=CARTESIAN_POINT('',(0.0008,0.0001,0.));
#13741=CARTESIAN_POINT('',(0.00055,0.0001,-0.003175));
#13742=CARTESIAN_POINT('',(0.00055,0.,-0.003175));
#13743=CARTESIAN_POINT('',(0.,0.0001,-0.003175));
#13744=CARTESIAN_POINT('',(0.,0.0001,0.));
#13745=CARTESIAN_POINT('',(0.,0.,0.));
#13746=CARTESIAN_POINT('',(0.,0.,0.));
#13747=CARTESIAN_POINT('',(-0.002075,0.001,-0.002975));
#13748=CARTESIAN_POINT('',(-0.002075,0.0011,-0.002975));
#13749=CARTESIAN_POINT('',(-0.002075,0.0011,-0.002725));
#13750=CARTESIAN_POINT('',(-0.002075,0.001,-0.002975));
#13751=CARTESIAN_POINT('',(-0.002075,0.001,-0.002725));
#13752=CARTESIAN_POINT('',(-0.002075,0.001,-0.002975));
#13753=CARTESIAN_POINT('',(-0.002075,0.0011,-0.002975));
#13754=CARTESIAN_POINT('',(0.,0.,0.));
#13755=CARTESIAN_POINT('',(0.00227499999999997,0.0001,-0.000125));
#13756=CARTESIAN_POINT('',(0.00227499999999997,0.,-0.000125));
#13757=CARTESIAN_POINT('',(0.00227499999999997,0.,-0.000125));
#13758=CARTESIAN_POINT('',(0.001775,0.,-0.000125));
#13759=CARTESIAN_POINT('',(0.001775,0.0001,-0.000125));
#13760=CARTESIAN_POINT('',(0.001775,0.0001,-0.000125));
#13761=CARTESIAN_POINT('',(0.,0.0001,-0.000125));
#13762=CARTESIAN_POINT('',(0.002275,0.0001,-0.000125));
#13763=CARTESIAN_POINT('',(0.00227499999999997,0.0001,-0.000125));
#13764=CARTESIAN_POINT('',(0.001775,0.0001,-0.000125));
#13765=CARTESIAN_POINT('',(0.001775,0.,-0.000125));
#13766=CARTESIAN_POINT('',(0.001775,0.,0.000125));
#13767=CARTESIAN_POINT('',(0.001775,0.0001,0.000125));
#13768=CARTESIAN_POINT('',(0.001775,0.0001,0.000125));
#13769=CARTESIAN_POINT('',(0.001775,0.0001,0.));
#13770=CARTESIAN_POINT('',(0.002275,0.0001,0.000125));
#13771=CARTESIAN_POINT('',(0.002275,0.,0.000125));
#13772=CARTESIAN_POINT('',(0.002275,0.,0.000125));
#13773=CARTESIAN_POINT('',(0.002275,0.0001,0.000125));
#13774=CARTESIAN_POINT('',(0.002275,0.0001,0.000125));
#13775=CARTESIAN_POINT('',(0.,0.0001,0.000125));
#13776=CARTESIAN_POINT('',(0.00227499999999997,0.0001,-0.000125));
#13777=CARTESIAN_POINT('',(0.00227499999999997,0.,-0.000125));
#13778=CARTESIAN_POINT('',(0.002275,0.0001,0.));
#13779=CARTESIAN_POINT('',(0.,0.0001,0.));
#13780=CARTESIAN_POINT('',(0.,0.,0.));
#13781=CARTESIAN_POINT('',(0.,0.,0.));
#13782=CARTESIAN_POINT('',(0.000100000000000004,0.0001,-0.003175));
#13783=CARTESIAN_POINT('',(0.000100000000000004,0.,-0.003175));
#13784=CARTESIAN_POINT('',(0.000100000000000004,0.,-0.003175));
#13785=CARTESIAN_POINT('',(0.000100000000000004,0.,-0.002675));
#13786=CARTESIAN_POINT('',(0.000100000000000004,0.0001,-0.002675));
#13787=CARTESIAN_POINT('',(0.000100000000000004,0.0001,-0.002675));
#13788=CARTESIAN_POINT('',(0.000100000000000004,0.0001,0.));
#13789=CARTESIAN_POINT('',(0.000100000000000004,0.0001,-0.003175));
#13790=CARTESIAN_POINT('',(0.000100000000000004,0.0001,-0.003175));
#13791=CARTESIAN_POINT('',(0.000100000000000004,0.0001,-0.002675));
#13792=CARTESIAN_POINT('',(0.000100000000000004,0.,-0.002675));
#13793=CARTESIAN_POINT('',(0.00035,0.,-0.002675));
#13794=CARTESIAN_POINT('',(0.00035,0.0001,-0.002675));
#13795=CARTESIAN_POINT('',(0.00035,0.0001,-0.002675));
#13796=CARTESIAN_POINT('',(0.,0.0001,-0.002675));
#13797=CARTESIAN_POINT('',(0.00035,0.0001,-0.003175));
#13798=CARTESIAN_POINT('',(0.00035,0.,-0.003175));
#13799=CARTESIAN_POINT('',(0.00035,0.,-0.003175));
#13800=CARTESIAN_POINT('',(0.00035,0.0001,-0.003175));
#13801=CARTESIAN_POINT('',(0.00035,0.0001,-0.003175));
#13802=CARTESIAN_POINT('',(0.00035,0.0001,0.));
#13803=CARTESIAN_POINT('',(0.000100000000000004,0.0001,-0.003175));
#13804=CARTESIAN_POINT('',(0.000100000000000004,0.,-0.003175));
#13805=CARTESIAN_POINT('',(0.,0.0001,-0.003175));
#13806=CARTESIAN_POINT('',(0.,0.0001,0.));
#13807=CARTESIAN_POINT('',(0.,0.,0.));
#13808=CARTESIAN_POINT('',(0.,0.,0.));
#13809=CARTESIAN_POINT('',(0.,0.,0.));
#13810=CARTESIAN_POINT('',(0.002575,0.,0.003475));
#13811=CARTESIAN_POINT('',(0.002575,0.,0.003475));
#13812=CARTESIAN_POINT('',(0.002575,0.,-0.003475));
#13813=CARTESIAN_POINT('',(-0.002575,0.,0.003475));
#13814=CARTESIAN_POINT('',(-0.002575,0.,0.003475));
#13815=CARTESIAN_POINT('',(-0.002575,0.,0.003475));
#13816=CARTESIAN_POINT('',(-0.002575,0.,-0.003475));
#13817=CARTESIAN_POINT('',(-0.002575,0.,-0.003475));
#13818=CARTESIAN_POINT('',(0.,0.,-0.002375));
#13819=CARTESIAN_POINT('',(-0.001775,0.,-0.002375));
#13820=CARTESIAN_POINT('',(-0.002275,0.,-0.002375));
#13821=CARTESIAN_POINT('',(-0.002275,0.,0.));
#13822=CARTESIAN_POINT('',(-0.002275,0.,-0.002125));
#13823=CARTESIAN_POINT('',(0.,0.,-0.002125));
#13824=CARTESIAN_POINT('',(-0.001775,0.,-0.002125));
#13825=CARTESIAN_POINT('',(-0.001775,0.,0.));
#13826=CARTESIAN_POINT('',(0.,0.,-0.003175));
#13827=CARTESIAN_POINT('',(0.0017,0.,-0.003175));
#13828=CARTESIAN_POINT('',(0.00145,0.,-0.003175));
#13829=CARTESIAN_POINT('',(0.00145,0.,0.));
#13830=CARTESIAN_POINT('',(0.00145,0.,-0.002675));
#13831=CARTESIAN_POINT('',(0.,0.,-0.002675));
#13832=CARTESIAN_POINT('',(0.0017,0.,-0.002675));
#13833=CARTESIAN_POINT('',(0.0017,0.,0.));
#13834=CARTESIAN_POINT('',(0.,0.,-0.003175));
#13835=CARTESIAN_POINT('',(0.00125,0.,-0.003175));
#13836=CARTESIAN_POINT('',(0.001,0.,-0.003175));
#13837=CARTESIAN_POINT('',(0.001,0.,0.));
#13838=CARTESIAN_POINT('',(0.001,0.,-0.002675));
#13839=CARTESIAN_POINT('',(0.,0.,-0.002675));
#13840=CARTESIAN_POINT('',(0.00125,0.,-0.002675));
#13841=CARTESIAN_POINT('',(0.00125,0.,0.));
#13842=CARTESIAN_POINT('',(0.,0.,-0.003175));
#13843=CARTESIAN_POINT('',(0.0008,0.,-0.003175));
#13844=CARTESIAN_POINT('',(0.00055,0.,-0.003175));
#13845=CARTESIAN_POINT('',(0.00055,0.,0.));
#13846=CARTESIAN_POINT('',(0.00055,0.,-0.002675));
#13847=CARTESIAN_POINT('',(0.,0.,-0.002675));
#13848=CARTESIAN_POINT('',(0.0008,0.,-0.002675));
#13849=CARTESIAN_POINT('',(0.0008,0.,0.));
#13850=CARTESIAN_POINT('',(0.,0.,-0.003175));
#13851=CARTESIAN_POINT('',(0.00035,0.,-0.003175));
#13852=CARTESIAN_POINT('',(0.000100000000000004,0.,-0.003175));
#13853=CARTESIAN_POINT('',(0.000100000000000004,0.,0.));
#13854=CARTESIAN_POINT('',(0.000100000000000004,0.,-0.002675));
#13855=CARTESIAN_POINT('',(0.,0.,-0.002675));
#13856=CARTESIAN_POINT('',(0.00035,0.,-0.002675));
#13857=CARTESIAN_POINT('',(0.00035,0.,0.));
#13858=CARTESIAN_POINT('',(0.00145,0.,0.));
#13859=CARTESIAN_POINT('',(0.00145,0.,0.002675));
#13860=CARTESIAN_POINT('',(0.00145,0.,0.003175));
#13861=CARTESIAN_POINT('',(0.,0.,0.003175));
#13862=CARTESIAN_POINT('',(0.0017,0.,0.003175));
#13863=CARTESIAN_POINT('',(0.0017,0.,0.));
#13864=CARTESIAN_POINT('',(0.0017,0.,0.002675));
#13865=CARTESIAN_POINT('',(0.,0.,0.002675));
#13866=CARTESIAN_POINT('',(0.,0.,-0.003175));
#13867=CARTESIAN_POINT('',(-0.001,0.,-0.003175));
#13868=CARTESIAN_POINT('',(-0.00125,0.,-0.003175));
#13869=CARTESIAN_POINT('',(-0.00125,0.,0.));
#13870=CARTESIAN_POINT('',(-0.00125,0.,-0.002675));
#13871=CARTESIAN_POINT('',(0.,0.,-0.002675));
#13872=CARTESIAN_POINT('',(-0.001,0.,-0.002675));
#13873=CARTESIAN_POINT('',(-0.001,0.,0.));
#13874=CARTESIAN_POINT('',(0.,0.,-0.003175));
#13875=CARTESIAN_POINT('',(-0.00055,0.,-0.003175));
#13876=CARTESIAN_POINT('',(-0.0008,0.,-0.003175));
#13877=CARTESIAN_POINT('',(-0.0008,0.,0.));
#13878=CARTESIAN_POINT('',(-0.0008,0.,-0.002675));
#13879=CARTESIAN_POINT('',(0.,0.,-0.002675));
#13880=CARTESIAN_POINT('',(-0.00055,0.,-0.002675));
#13881=CARTESIAN_POINT('',(-0.00055,0.,0.));
#13882=CARTESIAN_POINT('',(0.,0.,-0.003175));
#13883=CARTESIAN_POINT('',(-9.99999999999977E-5,0.,-0.003175));
#13884=CARTESIAN_POINT('',(-0.00035,0.,-0.003175));
#13885=CARTESIAN_POINT('',(-0.00035,0.,0.));
#13886=CARTESIAN_POINT('',(-0.00035,0.,-0.002675));
#13887=CARTESIAN_POINT('',(0.,0.,-0.002675));
#13888=CARTESIAN_POINT('',(-9.99999999999976E-5,0.,-0.002675));
#13889=CARTESIAN_POINT('',(-9.99999999999977E-5,0.,0.));
#13890=CARTESIAN_POINT('',(0.001,0.,0.));
#13891=CARTESIAN_POINT('',(0.001,0.,0.002675));
#13892=CARTESIAN_POINT('',(0.001,0.,0.003175));
#13893=CARTESIAN_POINT('',(0.,0.,0.003175));
#13894=CARTESIAN_POINT('',(0.00125,0.,0.003175));
#13895=CARTESIAN_POINT('',(0.00125,0.,0.));
#13896=CARTESIAN_POINT('',(0.00125,0.,0.002675));
#13897=CARTESIAN_POINT('',(0.,0.,0.002675));
#13898=CARTESIAN_POINT('',(0.000550000000000007,0.,0.));
#13899=CARTESIAN_POINT('',(0.000550000000000007,0.,0.002675));
#13900=CARTESIAN_POINT('',(0.000550000000000007,0.,0.003175));
#13901=CARTESIAN_POINT('',(0.,0.,0.003175));
#13902=CARTESIAN_POINT('',(0.0008,0.,0.003175));
#13903=CARTESIAN_POINT('',(0.0008,0.,0.));
#13904=CARTESIAN_POINT('',(0.0008,0.,0.002675));
#13905=CARTESIAN_POINT('',(0.,0.,0.002675));
#13906=CARTESIAN_POINT('',(0.000100000000000005,0.,0.));
#13907=CARTESIAN_POINT('',(0.000100000000000005,0.,0.002675));
#13908=CARTESIAN_POINT('',(0.000100000000000006,0.,0.003175));
#13909=CARTESIAN_POINT('',(0.,0.,0.003175));
#13910=CARTESIAN_POINT('',(0.000350000000000005,0.,0.003175));
#13911=CARTESIAN_POINT('',(0.000350000000000005,0.,0.));
#13912=CARTESIAN_POINT('',(0.000350000000000005,0.,0.002675));
#13913=CARTESIAN_POINT('',(0.,0.,0.002675));
#13914=CARTESIAN_POINT('',(-0.000349999999999995,0.,0.));
#13915=CARTESIAN_POINT('',(-0.000349999999999995,0.,0.002675));
#13916=CARTESIAN_POINT('',(-0.000349999999999995,0.,0.003175));
#13917=CARTESIAN_POINT('',(0.,0.,0.003175));
#13918=CARTESIAN_POINT('',(-9.99999999999955E-5,0.,0.003175));
#13919=CARTESIAN_POINT('',(-9.99999999999955E-5,0.,0.));
#13920=CARTESIAN_POINT('',(-9.99999999999957E-5,0.,0.002675));
#13921=CARTESIAN_POINT('',(0.,0.,0.002675));
#13922=CARTESIAN_POINT('',(-0.0008,0.,0.));
#13923=CARTESIAN_POINT('',(-0.0008,0.,0.002675));
#13924=CARTESIAN_POINT('',(-0.0008,0.,0.003175));
#13925=CARTESIAN_POINT('',(0.,0.,0.003175));
#13926=CARTESIAN_POINT('',(-0.00055,0.,0.003175));
#13927=CARTESIAN_POINT('',(-0.00055,0.,0.));
#13928=CARTESIAN_POINT('',(-0.00055,0.,0.002675));
#13929=CARTESIAN_POINT('',(0.,0.,0.002675));
#13930=CARTESIAN_POINT('',(-0.00125,0.,0.));
#13931=CARTESIAN_POINT('',(-0.00125,0.,0.002675));
#13932=CARTESIAN_POINT('',(-0.00125,0.,0.003175));
#13933=CARTESIAN_POINT('',(0.,0.,0.003175));
#13934=CARTESIAN_POINT('',(-0.001,0.,0.003175));
#13935=CARTESIAN_POINT('',(-0.001,0.,0.));
#13936=CARTESIAN_POINT('',(-0.001,0.,0.002675));
#13937=CARTESIAN_POINT('',(0.,0.,0.002675));
#13938=CARTESIAN_POINT('',(-0.0017,0.,0.));
#13939=CARTESIAN_POINT('',(-0.0017,0.,0.002675));
#13940=CARTESIAN_POINT('',(-0.0017,0.,0.003175));
#13941=CARTESIAN_POINT('',(0.,0.,0.003175));
#13942=CARTESIAN_POINT('',(-0.00145,0.,0.003175));
#13943=CARTESIAN_POINT('',(-0.00145,0.,0.));
#13944=CARTESIAN_POINT('',(-0.00145,0.,0.002675));
#13945=CARTESIAN_POINT('',(0.,0.,0.002675));
#13946=CARTESIAN_POINT('',(-0.002275,0.,0.));
#13947=CARTESIAN_POINT('',(-0.002275,0.,0.002675));
#13948=CARTESIAN_POINT('',(-0.002275,0.,0.003175));
#13949=CARTESIAN_POINT('',(0.,0.,0.003175));
#13950=CARTESIAN_POINT('',(-0.0019,0.,0.003175));
#13951=CARTESIAN_POINT('',(-0.0019,0.,0.));
#13952=CARTESIAN_POINT('',(-0.0019,0.,0.002675));
#13953=CARTESIAN_POINT('',(0.,0.,0.002675));
#13954=CARTESIAN_POINT('',(0.,0.,-0.001925));
#13955=CARTESIAN_POINT('',(-0.001775,0.,-0.001925));
#13956=CARTESIAN_POINT('',(-0.002275,0.,-0.001925));
#13957=CARTESIAN_POINT('',(-0.002275,0.,0.));
#13958=CARTESIAN_POINT('',(-0.002275,0.,-0.001675));
#13959=CARTESIAN_POINT('',(0.,0.,-0.001675));
#13960=CARTESIAN_POINT('',(-0.001775,0.,-0.001675));
#13961=CARTESIAN_POINT('',(-0.001775,0.,0.));
#13962=CARTESIAN_POINT('',(-0.00125,0.,0.));
#13963=CARTESIAN_POINT('',(-0.00125,0.,0.0005));
#13964=CARTESIAN_POINT('',(-0.00125,0.,0.0015));
#13965=CARTESIAN_POINT('',(0.,0.,0.0015));
#13966=CARTESIAN_POINT('',(-0.00025,0.,0.0015));
#13967=CARTESIAN_POINT('',(-0.00025,0.,0.));
#13968=CARTESIAN_POINT('',(-0.00025,0.,0.0005));
#13969=CARTESIAN_POINT('',(0.,0.,0.0005));
#13970=CARTESIAN_POINT('',(0.,0.,0.0015));
#13971=CARTESIAN_POINT('',(0.00025,0.,0.0015));
#13972=CARTESIAN_POINT('',(0.00125,0.,0.0015));
#13973=CARTESIAN_POINT('',(0.00125,0.,0.));
#13974=CARTESIAN_POINT('',(0.00125,0.,0.0005));
#13975=CARTESIAN_POINT('',(0.,0.,0.0005));
#13976=CARTESIAN_POINT('',(0.00025,0.,0.0005));
#13977=CARTESIAN_POINT('',(0.00025,0.,0.));
#13978=CARTESIAN_POINT('',(0.00125,0.,0.));
#13979=CARTESIAN_POINT('',(0.00125,0.,-0.0005));
#13980=CARTESIAN_POINT('',(0.00125,0.,-0.0015));
#13981=CARTESIAN_POINT('',(0.,0.,-0.0015));
#13982=CARTESIAN_POINT('',(0.00025,0.,-0.0015));
#13983=CARTESIAN_POINT('',(0.00025,0.,0.));
#13984=CARTESIAN_POINT('',(0.00025,0.,-0.0005));
#13985=CARTESIAN_POINT('',(0.,0.,-0.0005));
#13986=CARTESIAN_POINT('',(0.,0.,-0.0005));
#13987=CARTESIAN_POINT('',(-0.00125,0.,-0.0005));
#13988=CARTESIAN_POINT('',(-0.00025,0.,-0.0005));
#13989=CARTESIAN_POINT('',(-0.00025,0.,0.));
#13990=CARTESIAN_POINT('',(-0.00025,0.,-0.0015));
#13991=CARTESIAN_POINT('',(0.,0.,-0.0015));
#13992=CARTESIAN_POINT('',(-0.00075,0.,-0.0015));
#13993=CARTESIAN_POINT('',(-0.00075,0.,-0.0015));
#13994=CARTESIAN_POINT('',(-0.00125,-1.35525271560688E-20,-0.001));
#13995=CARTESIAN_POINT('',(-0.00125,0.,0.));
#13996=CARTESIAN_POINT('',(0.,0.,-0.003175));
#13997=CARTESIAN_POINT('',(-0.00145,0.,-0.003175));
#13998=CARTESIAN_POINT('',(-0.0017,0.,-0.003175));
#13999=CARTESIAN_POINT('',(-0.0017,0.,0.));
#14000=CARTESIAN_POINT('',(-0.0017,0.,-0.002675));
#14001=CARTESIAN_POINT('',(0.,0.,-0.002675));
#14002=CARTESIAN_POINT('',(-0.00145,0.,-0.002675));
#14003=CARTESIAN_POINT('',(-0.00145,0.,0.));
#14004=CARTESIAN_POINT('',(0.,0.,0.001675));
#14005=CARTESIAN_POINT('',(-0.00177499999999996,0.,0.001675));
#14006=CARTESIAN_POINT('',(-0.00227499999999996,0.,0.001675));
#14007=CARTESIAN_POINT('',(-0.00227499999999996,0.,0.));
#14008=CARTESIAN_POINT('',(-0.00227499999999996,0.,0.001925));
#14009=CARTESIAN_POINT('',(0.,0.,0.001925));
#14010=CARTESIAN_POINT('',(-0.00177499999999996,0.,0.001925));
#14011=CARTESIAN_POINT('',(-0.00177499999999996,0.,0.));
#14012=CARTESIAN_POINT('',(0.,0.,-0.003175));
#14013=CARTESIAN_POINT('',(-0.0019,0.,-0.003175));
#14014=CARTESIAN_POINT('',(-0.002275,0.,-0.003175));
#14015=CARTESIAN_POINT('',(-0.002275,0.,0.));
#14016=CARTESIAN_POINT('',(-0.002275,0.,-0.002675));
#14017=CARTESIAN_POINT('',(0.,0.,-0.002675));
#14018=CARTESIAN_POINT('',(-0.0019,0.,-0.002675));
#14019=CARTESIAN_POINT('',(-0.0019,0.,0.));
#14020=CARTESIAN_POINT('',(0.,0.,-0.001475));
#14021=CARTESIAN_POINT('',(-0.001775,0.,-0.001475));
#14022=CARTESIAN_POINT('',(-0.002275,0.,-0.001475));
#14023=CARTESIAN_POINT('',(-0.002275,0.,0.));
#14024=CARTESIAN_POINT('',(-0.002275,0.,-0.001225));
#14025=CARTESIAN_POINT('',(0.,0.,-0.001225));
#14026=CARTESIAN_POINT('',(-0.001775,0.,-0.001225));
#14027=CARTESIAN_POINT('',(-0.001775,0.,0.));
#14028=CARTESIAN_POINT('',(0.,0.,-0.001025));
#14029=CARTESIAN_POINT('',(-0.001775,0.,-0.001025));
#14030=CARTESIAN_POINT('',(-0.002275,0.,-0.001025));
#14031=CARTESIAN_POINT('',(-0.002275,0.,0.));
#14032=CARTESIAN_POINT('',(-0.002275,0.,-0.000775));
#14033=CARTESIAN_POINT('',(0.,0.,-0.000775));
#14034=CARTESIAN_POINT('',(-0.001775,0.,-0.000775));
#14035=CARTESIAN_POINT('',(-0.001775,0.,0.));
#14036=CARTESIAN_POINT('',(0.,0.,-0.000575));
#14037=CARTESIAN_POINT('',(-0.001775,0.,-0.000575));
#14038=CARTESIAN_POINT('',(-0.002275,0.,-0.000575));
#14039=CARTESIAN_POINT('',(-0.002275,0.,0.));
#14040=CARTESIAN_POINT('',(-0.002275,0.,-0.000325));
#14041=CARTESIAN_POINT('',(0.,0.,-0.000325));
#14042=CARTESIAN_POINT('',(-0.001775,0.,-0.000325));
#14043=CARTESIAN_POINT('',(-0.001775,0.,0.));
#14044=CARTESIAN_POINT('',(0.,0.,-0.000125));
#14045=CARTESIAN_POINT('',(-0.001775,0.,-0.000125));
#14046=CARTESIAN_POINT('',(-0.00227499999999997,0.,-0.000125));
#14047=CARTESIAN_POINT('',(-0.00227499999999997,0.,0.));
#14048=CARTESIAN_POINT('',(-0.002275,0.,0.000125));
#14049=CARTESIAN_POINT('',(0.,0.,0.000125));
#14050=CARTESIAN_POINT('',(-0.001775,0.,0.000125));
#14051=CARTESIAN_POINT('',(-0.001775,0.,0.));
#14052=CARTESIAN_POINT('',(0.,0.,0.000325));
#14053=CARTESIAN_POINT('',(-0.00177499999999998,0.,0.000325));
#14054=CARTESIAN_POINT('',(-0.00227499999999997,0.,0.000325));
#14055=CARTESIAN_POINT('',(-0.00227499999999997,0.,0.));
#14056=CARTESIAN_POINT('',(-0.00227499999999997,0.,0.000575));
#14057=CARTESIAN_POINT('',(0.,0.,0.000575));
#14058=CARTESIAN_POINT('',(-0.00177499999999998,0.,0.000575));
#14059=CARTESIAN_POINT('',(-0.00177499999999998,0.,0.));
#14060=CARTESIAN_POINT('',(0.,0.,0.000775));
#14061=CARTESIAN_POINT('',(-0.00177499999999997,0.,0.000775));
#14062=CARTESIAN_POINT('',(-0.00227499999999997,0.,0.000775));
#14063=CARTESIAN_POINT('',(-0.00227499999999997,0.,0.));
#14064=CARTESIAN_POINT('',(-0.00227499999999997,0.,0.001025));
#14065=CARTESIAN_POINT('',(0.,0.,0.001025));
#14066=CARTESIAN_POINT('',(-0.00177499999999997,0.,0.001025));
#14067=CARTESIAN_POINT('',(-0.00177499999999997,0.,0.));
#14068=CARTESIAN_POINT('',(0.,0.,0.001225));
#14069=CARTESIAN_POINT('',(-0.00177499999999997,0.,0.001225));
#14070=CARTESIAN_POINT('',(-0.00227499999999996,0.,0.001225));
#14071=CARTESIAN_POINT('',(-0.00227499999999996,0.,0.));
#14072=CARTESIAN_POINT('',(-0.00227499999999996,0.,0.001475));
#14073=CARTESIAN_POINT('',(0.,0.,0.001475));
#14074=CARTESIAN_POINT('',(-0.00177499999999997,0.,0.001475));
#14075=CARTESIAN_POINT('',(-0.00177499999999997,0.,0.));
#14076=CARTESIAN_POINT('',(0.,0.,0.002125));
#14077=CARTESIAN_POINT('',(-0.00177499999999995,0.,0.002125));
#14078=CARTESIAN_POINT('',(-0.00227499999999996,0.,0.002125));
#14079=CARTESIAN_POINT('',(-0.00227499999999996,0.,0.));
#14080=CARTESIAN_POINT('',(-0.00227499999999996,0.,0.002375));
#14081=CARTESIAN_POINT('',(0.,0.,0.002375));
#14082=CARTESIAN_POINT('',(-0.00177499999999995,0.,0.002375));
#14083=CARTESIAN_POINT('',(-0.00177499999999995,0.,0.));
#14084=CARTESIAN_POINT('',(0.,0.,0.003175));
#14085=CARTESIAN_POINT('',(0.0019,0.,0.003175));
#14086=CARTESIAN_POINT('',(0.002275,0.,0.003175));
#14087=CARTESIAN_POINT('',(0.002275,0.,0.));
#14088=CARTESIAN_POINT('',(0.002275,0.,0.002675));
#14089=CARTESIAN_POINT('',(0.,0.,0.002675));
#14090=CARTESIAN_POINT('',(0.0019,0.,0.002675));
#14091=CARTESIAN_POINT('',(0.0019,0.,0.));
#14092=CARTESIAN_POINT('',(0.00227499999999996,0.,0.));
#14093=CARTESIAN_POINT('',(0.00227499999999996,0.,0.002375));
#14094=CARTESIAN_POINT('',(0.00227499999999996,0.,0.002125));
#14095=CARTESIAN_POINT('',(0.,0.,0.002125));
#14096=CARTESIAN_POINT('',(0.00177499999999995,0.,0.002125));
#14097=CARTESIAN_POINT('',(0.00177499999999995,0.,0.));
#14098=CARTESIAN_POINT('',(0.00177499999999995,0.,0.002375));
#14099=CARTESIAN_POINT('',(0.,0.,0.002375));
#14100=CARTESIAN_POINT('',(0.00227499999999996,0.,0.));
#14101=CARTESIAN_POINT('',(0.00227499999999996,0.,0.001925));
#14102=CARTESIAN_POINT('',(0.00227499999999996,0.,0.001675));
#14103=CARTESIAN_POINT('',(0.,0.,0.001675));
#14104=CARTESIAN_POINT('',(0.00177499999999996,0.,0.001675));
#14105=CARTESIAN_POINT('',(0.00177499999999996,0.,0.));
#14106=CARTESIAN_POINT('',(0.00177499999999996,0.,0.001925));
#14107=CARTESIAN_POINT('',(0.,0.,0.001925));
#14108=CARTESIAN_POINT('',(0.00227499999999996,0.,0.));
#14109=CARTESIAN_POINT('',(0.00227499999999996,0.,0.001475));
#14110=CARTESIAN_POINT('',(0.00227499999999996,0.,0.001225));
#14111=CARTESIAN_POINT('',(0.,0.,0.001225));
#14112=CARTESIAN_POINT('',(0.00177499999999997,0.,0.001225));
#14113=CARTESIAN_POINT('',(0.00177499999999997,0.,0.));
#14114=CARTESIAN_POINT('',(0.00177499999999997,0.,0.001475));
#14115=CARTESIAN_POINT('',(0.,0.,0.001475));
#14116=CARTESIAN_POINT('',(0.00227499999999997,0.,0.));
#14117=CARTESIAN_POINT('',(0.00227499999999997,0.,0.001025));
#14118=CARTESIAN_POINT('',(0.00227499999999997,0.,0.000775));
#14119=CARTESIAN_POINT('',(0.,0.,0.000775));
#14120=CARTESIAN_POINT('',(0.00177499999999997,0.,0.000775));
#14121=CARTESIAN_POINT('',(0.00177499999999997,0.,0.));
#14122=CARTESIAN_POINT('',(0.00177499999999997,0.,0.001025));
#14123=CARTESIAN_POINT('',(0.,0.,0.001025));
#14124=CARTESIAN_POINT('',(0.00227499999999997,0.,0.));
#14125=CARTESIAN_POINT('',(0.00227499999999997,0.,0.000575));
#14126=CARTESIAN_POINT('',(0.00227499999999997,0.,0.000325));
#14127=CARTESIAN_POINT('',(0.,0.,0.000325));
#14128=CARTESIAN_POINT('',(0.00177499999999998,0.,0.000325));
#14129=CARTESIAN_POINT('',(0.00177499999999998,0.,0.));
#14130=CARTESIAN_POINT('',(0.00177499999999998,0.,0.000575));
#14131=CARTESIAN_POINT('',(0.,0.,0.000575));
#14132=CARTESIAN_POINT('',(0.002275,0.,0.));
#14133=CARTESIAN_POINT('',(0.002275,0.,0.000125));
#14134=CARTESIAN_POINT('',(0.002275,0.,-0.000125));
#14135=CARTESIAN_POINT('',(0.,0.,-0.000125));
#14136=CARTESIAN_POINT('',(0.001775,0.,-0.000125));
#14137=CARTESIAN_POINT('',(0.001775,0.,0.));
#14138=CARTESIAN_POINT('',(0.001775,0.,0.000125));
#14139=CARTESIAN_POINT('',(0.,0.,0.000125));
#14140=CARTESIAN_POINT('',(0.002275,0.,0.));
#14141=CARTESIAN_POINT('',(0.002275,0.,-0.000325));
#14142=CARTESIAN_POINT('',(0.002275,0.,-0.000575));
#14143=CARTESIAN_POINT('',(0.,0.,-0.000575));
#14144=CARTESIAN_POINT('',(0.001775,0.,-0.000575));
#14145=CARTESIAN_POINT('',(0.001775,0.,0.));
#14146=CARTESIAN_POINT('',(0.001775,0.,-0.000325));
#14147=CARTESIAN_POINT('',(0.,0.,-0.000325));
#14148=CARTESIAN_POINT('',(0.002275,0.,0.));
#14149=CARTESIAN_POINT('',(0.002275,0.,-0.002125));
#14150=CARTESIAN_POINT('',(0.002275,0.,-0.002375));
#14151=CARTESIAN_POINT('',(0.,0.,-0.002375));
#14152=CARTESIAN_POINT('',(0.001775,0.,-0.002375));
#14153=CARTESIAN_POINT('',(0.001775,0.,0.));
#14154=CARTESIAN_POINT('',(0.001775,0.,-0.002125));
#14155=CARTESIAN_POINT('',(0.,0.,-0.002125));
#14156=CARTESIAN_POINT('',(0.002275,0.,0.));
#14157=CARTESIAN_POINT('',(0.002275,0.,-0.002675));
#14158=CARTESIAN_POINT('',(0.002275,0.,-0.003175));
#14159=CARTESIAN_POINT('',(0.,0.,-0.003175));
#14160=CARTESIAN_POINT('',(0.0019,0.,-0.003175));
#14161=CARTESIAN_POINT('',(0.0019,0.,0.));
#14162=CARTESIAN_POINT('',(0.0019,0.,-0.002675));
#14163=CARTESIAN_POINT('',(0.,0.,-0.002675));
#14164=CARTESIAN_POINT('',(0.002275,0.,0.));
#14165=CARTESIAN_POINT('',(0.002275,0.,-0.001675));
#14166=CARTESIAN_POINT('',(0.002275,0.,-0.001925));
#14167=CARTESIAN_POINT('',(0.,0.,-0.001925));
#14168=CARTESIAN_POINT('',(0.001775,0.,-0.001925));
#14169=CARTESIAN_POINT('',(0.001775,0.,0.));
#14170=CARTESIAN_POINT('',(0.001775,0.,-0.001675));
#14171=CARTESIAN_POINT('',(0.,0.,-0.001675));
#14172=CARTESIAN_POINT('',(0.002275,0.,0.));
#14173=CARTESIAN_POINT('',(0.002275,0.,-0.001225));
#14174=CARTESIAN_POINT('',(0.002275,0.,-0.001475));
#14175=CARTESIAN_POINT('',(0.,0.,-0.001475));
#14176=CARTESIAN_POINT('',(0.001775,0.,-0.001475));
#14177=CARTESIAN_POINT('',(0.001775,0.,0.));
#14178=CARTESIAN_POINT('',(0.001775,0.,-0.001225));
#14179=CARTESIAN_POINT('',(0.,0.,-0.001225));
#14180=CARTESIAN_POINT('',(0.002275,0.,0.));
#14181=CARTESIAN_POINT('',(0.002275,0.,-0.000775));
#14182=CARTESIAN_POINT('',(0.002275,0.,-0.001025));
#14183=CARTESIAN_POINT('',(0.,0.,-0.001025));
#14184=CARTESIAN_POINT('',(0.001775,0.,-0.001025));
#14185=CARTESIAN_POINT('',(0.001775,0.,0.));
#14186=CARTESIAN_POINT('',(0.001775,0.,-0.000775));
#14187=CARTESIAN_POINT('',(0.,0.,-0.000775));
#14188=CARTESIAN_POINT('',(0.002575,0.0003,0.003475));
#14189=CARTESIAN_POINT('',(0.002575,0.0003,-0.003475));
#14190=CARTESIAN_POINT('',(0.002575,0.0003,-0.003475));
#14191=CARTESIAN_POINT('',(0.002575,0.0003,0.));
#14192=CARTESIAN_POINT('',(0.002575,0.0003,0.003475));
#14193=CARTESIAN_POINT('',(0.002575,0.0003,0.003475));
#14194=CARTESIAN_POINT('',(-0.002575,0.0003,-0.003475));
#14195=CARTESIAN_POINT('',(-0.002575,0.0003,-0.003475));
#14196=CARTESIAN_POINT('',(-0.002575,0.0003,-0.003475));
#14197=CARTESIAN_POINT('',(0.,0.0003,-0.003475));
#14198=CARTESIAN_POINT('',(-0.002575,0.0003,0.003475));
#14199=CARTESIAN_POINT('',(-0.002575,0.0003,0.003475));
#14200=CARTESIAN_POINT('',(-0.002575,0.0003,0.003475));
#14201=CARTESIAN_POINT('',(-0.002575,0.0003,0.));
#14202=CARTESIAN_POINT('',(-0.002575,0.0003,0.003475));
#14203=CARTESIAN_POINT('',(0.,0.0003,0.003475));
#14204=CARTESIAN_POINT('',(0.,0.0003,0.));
#14205=CARTESIAN_POINT('',(-0.002275,0.0001,-0.002375));
#14206=CARTESIAN_POINT('',(-0.002275,0.0001,-0.002375));
#14207=CARTESIAN_POINT('',(-0.002275,0.0001,-0.002375));
#14208=CARTESIAN_POINT('',(-0.002275,0.0001,-0.002375));
#14209=CARTESIAN_POINT('',(-0.002275,0.0001,-0.002125));
#14210=CARTESIAN_POINT('',(-0.002275,0.0001,-0.002125));
#14211=CARTESIAN_POINT('',(-0.002275,0.0001,-0.002125));
#14212=CARTESIAN_POINT('',(-0.002275,0.0001,-0.002125));
#14213=CARTESIAN_POINT('',(-0.001775,0.0001,-0.002125));
#14214=CARTESIAN_POINT('',(-0.001775,0.0001,-0.002125));
#14215=CARTESIAN_POINT('',(-0.001775,0.0001,-0.002375));
#14216=CARTESIAN_POINT('',(-0.001775,0.0001,-0.002375));
#14217=CARTESIAN_POINT('',(-0.001775,0.0001,-0.002375));
#14218=CARTESIAN_POINT('',(-0.001775,0.0001,-0.002375));
#14219=CARTESIAN_POINT('',(-0.002275,0.0001,-0.002375));
#14220=CARTESIAN_POINT('',(-0.002275,0.0001,-0.002375));
#14221=CARTESIAN_POINT('',(0.,0.0001,0.));
#14222=CARTESIAN_POINT('',(0.00145,0.0001,-0.003175));
#14223=CARTESIAN_POINT('',(0.00145,0.0001,-0.003175));
#14224=CARTESIAN_POINT('',(0.00145,0.0001,-0.003175));
#14225=CARTESIAN_POINT('',(0.00145,0.0001,-0.003175));
#14226=CARTESIAN_POINT('',(0.00145,0.0001,-0.002675));
#14227=CARTESIAN_POINT('',(0.00145,0.0001,-0.002675));
#14228=CARTESIAN_POINT('',(0.00145,0.0001,-0.002675));
#14229=CARTESIAN_POINT('',(0.00145,0.0001,-0.002675));
#14230=CARTESIAN_POINT('',(0.0017,0.0001,-0.002675));
#14231=CARTESIAN_POINT('',(0.0017,0.0001,-0.002675));
#14232=CARTESIAN_POINT('',(0.0017,0.0001,-0.003175));
#14233=CARTESIAN_POINT('',(0.0017,0.0001,-0.003175));
#14234=CARTESIAN_POINT('',(0.0017,0.0001,-0.003175));
#14235=CARTESIAN_POINT('',(0.0017,0.0001,-0.003175));
#14236=CARTESIAN_POINT('',(0.00145,0.0001,-0.003175));
#14237=CARTESIAN_POINT('',(0.00145,0.0001,-0.003175));
#14238=CARTESIAN_POINT('',(0.,0.0001,0.));
#14239=CARTESIAN_POINT('',(0.001,0.0001,-0.003175));
#14240=CARTESIAN_POINT('',(0.001,0.0001,-0.003175));
#14241=CARTESIAN_POINT('',(0.001,0.0001,-0.003175));
#14242=CARTESIAN_POINT('',(0.001,0.0001,-0.003175));
#14243=CARTESIAN_POINT('',(0.001,0.0001,-0.002675));
#14244=CARTESIAN_POINT('',(0.001,0.0001,-0.002675));
#14245=CARTESIAN_POINT('',(0.001,0.0001,-0.002675));
#14246=CARTESIAN_POINT('',(0.001,0.0001,-0.002675));
#14247=CARTESIAN_POINT('',(0.00125,0.0001,-0.002675));
#14248=CARTESIAN_POINT('',(0.00125,0.0001,-0.002675));
#14249=CARTESIAN_POINT('',(0.00125,0.0001,-0.003175));
#14250=CARTESIAN_POINT('',(0.00125,0.0001,-0.003175));
#14251=CARTESIAN_POINT('',(0.00125,0.0001,-0.003175));
#14252=CARTESIAN_POINT('',(0.00125,0.0001,-0.003175));
#14253=CARTESIAN_POINT('',(0.001,0.0001,-0.003175));
#14254=CARTESIAN_POINT('',(0.001,0.0001,-0.003175));
#14255=CARTESIAN_POINT('',(0.,0.0001,0.));
#14256=CARTESIAN_POINT('',(0.00055,0.0001,-0.003175));
#14257=CARTESIAN_POINT('',(0.00055,0.0001,-0.003175));
#14258=CARTESIAN_POINT('',(0.00055,0.0001,-0.003175));
#14259=CARTESIAN_POINT('',(0.00055,0.0001,-0.003175));
#14260=CARTESIAN_POINT('',(0.00055,0.0001,-0.002675));
#14261=CARTESIAN_POINT('',(0.00055,0.0001,-0.002675));
#14262=CARTESIAN_POINT('',(0.00055,0.0001,-0.002675));
#14263=CARTESIAN_POINT('',(0.00055,0.0001,-0.002675));
#14264=CARTESIAN_POINT('',(0.0008,0.0001,-0.002675));
#14265=CARTESIAN_POINT('',(0.0008,0.0001,-0.002675));
#14266=CARTESIAN_POINT('',(0.0008,0.0001,-0.003175));
#14267=CARTESIAN_POINT('',(0.0008,0.0001,-0.003175));
#14268=CARTESIAN_POINT('',(0.0008,0.0001,-0.003175));
#14269=CARTESIAN_POINT('',(0.0008,0.0001,-0.003175));
#14270=CARTESIAN_POINT('',(0.00055,0.0001,-0.003175));
#14271=CARTESIAN_POINT('',(0.00055,0.0001,-0.003175));
#14272=CARTESIAN_POINT('',(0.,0.0001,0.));
#14273=CARTESIAN_POINT('',(0.000100000000000004,0.0001,-0.003175));
#14274=CARTESIAN_POINT('',(0.000100000000000004,0.0001,-0.003175));
#14275=CARTESIAN_POINT('',(0.000100000000000004,0.0001,-0.003175));
#14276=CARTESIAN_POINT('',(0.000100000000000004,0.0001,-0.003175));
#14277=CARTESIAN_POINT('',(0.000100000000000004,0.0001,-0.002675));
#14278=CARTESIAN_POINT('',(0.000100000000000004,0.0001,-0.002675));
#14279=CARTESIAN_POINT('',(0.000100000000000004,0.0001,-0.002675));
#14280=CARTESIAN_POINT('',(0.000100000000000004,0.0001,-0.002675));
#14281=CARTESIAN_POINT('',(0.00035,0.0001,-0.002675));
#14282=CARTESIAN_POINT('',(0.00035,0.0001,-0.002675));
#14283=CARTESIAN_POINT('',(0.00035,0.0001,-0.003175));
#14284=CARTESIAN_POINT('',(0.00035,0.0001,-0.003175));
#14285=CARTESIAN_POINT('',(0.00035,0.0001,-0.003175));
#14286=CARTESIAN_POINT('',(0.00035,0.0001,-0.003175));
#14287=CARTESIAN_POINT('',(0.000100000000000004,0.0001,-0.003175));
#14288=CARTESIAN_POINT('',(0.000100000000000004,0.0001,-0.003175));
#14289=CARTESIAN_POINT('',(0.,0.0001,0.));
#14290=CARTESIAN_POINT('',(0.00145,0.0001,0.003175));
#14291=CARTESIAN_POINT('',(0.00145,0.0001,0.003175));
#14292=CARTESIAN_POINT('',(0.00145,0.0001,0.003175));
#14293=CARTESIAN_POINT('',(0.00145,0.0001,0.003175));
#14294=CARTESIAN_POINT('',(0.0017,0.0001,0.003175));
#14295=CARTESIAN_POINT('',(0.0017,0.0001,0.003175));
#14296=CARTESIAN_POINT('',(0.0017,0.0001,0.003175));
#14297=CARTESIAN_POINT('',(0.0017,0.0001,0.003175));
#14298=CARTESIAN_POINT('',(0.0017,0.0001,0.002675));
#14299=CARTESIAN_POINT('',(0.0017,0.0001,0.002675));
#14300=CARTESIAN_POINT('',(0.00145,0.0001,0.002675));
#14301=CARTESIAN_POINT('',(0.00145,0.0001,0.002675));
#14302=CARTESIAN_POINT('',(0.00145,0.0001,0.002675));
#14303=CARTESIAN_POINT('',(0.00145,0.0001,0.002675));
#14304=CARTESIAN_POINT('',(0.00145,0.0001,0.003175));
#14305=CARTESIAN_POINT('',(0.00145,0.0001,0.003175));
#14306=CARTESIAN_POINT('',(0.,0.0001,0.));
#14307=CARTESIAN_POINT('',(-0.00125,0.0001,-0.003175));
#14308=CARTESIAN_POINT('',(-0.00125,0.0001,-0.003175));
#14309=CARTESIAN_POINT('',(-0.00125,0.0001,-0.003175));
#14310=CARTESIAN_POINT('',(-0.00125,0.0001,-0.003175));
#14311=CARTESIAN_POINT('',(-0.00125,0.0001,-0.002675));
#14312=CARTESIAN_POINT('',(-0.00125,0.0001,-0.002675));
#14313=CARTESIAN_POINT('',(-0.00125,0.0001,-0.002675));
#14314=CARTESIAN_POINT('',(-0.00125,0.0001,-0.002675));
#14315=CARTESIAN_POINT('',(-0.001,0.0001,-0.002675));
#14316=CARTESIAN_POINT('',(-0.001,0.0001,-0.002675));
#14317=CARTESIAN_POINT('',(-0.001,0.0001,-0.003175));
#14318=CARTESIAN_POINT('',(-0.001,0.0001,-0.003175));
#14319=CARTESIAN_POINT('',(-0.001,0.0001,-0.003175));
#14320=CARTESIAN_POINT('',(-0.001,0.0001,-0.003175));
#14321=CARTESIAN_POINT('',(-0.00125,0.0001,-0.003175));
#14322=CARTESIAN_POINT('',(-0.00125,0.0001,-0.003175));
#14323=CARTESIAN_POINT('',(0.,0.0001,0.));
#14324=CARTESIAN_POINT('',(-0.0008,0.0001,-0.003175));
#14325=CARTESIAN_POINT('',(-0.0008,0.0001,-0.003175));
#14326=CARTESIAN_POINT('',(-0.0008,0.0001,-0.003175));
#14327=CARTESIAN_POINT('',(-0.0008,0.0001,-0.003175));
#14328=CARTESIAN_POINT('',(-0.0008,0.0001,-0.002675));
#14329=CARTESIAN_POINT('',(-0.0008,0.0001,-0.002675));
#14330=CARTESIAN_POINT('',(-0.0008,0.0001,-0.002675));
#14331=CARTESIAN_POINT('',(-0.0008,0.0001,-0.002675));
#14332=CARTESIAN_POINT('',(-0.00055,0.0001,-0.002675));
#14333=CARTESIAN_POINT('',(-0.00055,0.0001,-0.002675));
#14334=CARTESIAN_POINT('',(-0.00055,0.0001,-0.003175));
#14335=CARTESIAN_POINT('',(-0.00055,0.0001,-0.003175));
#14336=CARTESIAN_POINT('',(-0.00055,0.0001,-0.003175));
#14337=CARTESIAN_POINT('',(-0.00055,0.0001,-0.003175));
#14338=CARTESIAN_POINT('',(-0.0008,0.0001,-0.003175));
#14339=CARTESIAN_POINT('',(-0.0008,0.0001,-0.003175));
#14340=CARTESIAN_POINT('',(0.,0.0001,0.));
#14341=CARTESIAN_POINT('',(-0.00035,0.0001,-0.003175));
#14342=CARTESIAN_POINT('',(-0.00035,0.0001,-0.003175));
#14343=CARTESIAN_POINT('',(-0.00035,0.0001,-0.003175));
#14344=CARTESIAN_POINT('',(-0.00035,0.0001,-0.003175));
#14345=CARTESIAN_POINT('',(-0.00035,0.0001,-0.002675));
#14346=CARTESIAN_POINT('',(-0.00035,0.0001,-0.002675));
#14347=CARTESIAN_POINT('',(-0.00035,0.0001,-0.002675));
#14348=CARTESIAN_POINT('',(-0.00035,0.0001,-0.002675));
#14349=CARTESIAN_POINT('',(-9.99999999999976E-5,0.0001,-0.002675));
#14350=CARTESIAN_POINT('',(-9.99999999999976E-5,0.0001,-0.002675));
#14351=CARTESIAN_POINT('',(-9.99999999999977E-5,0.0001,-0.003175));
#14352=CARTESIAN_POINT('',(-9.99999999999977E-5,0.0001,-0.003175));
#14353=CARTESIAN_POINT('',(-9.99999999999977E-5,0.0001,-0.003175));
#14354=CARTESIAN_POINT('',(-9.99999999999977E-5,0.0001,-0.003175));
#14355=CARTESIAN_POINT('',(-0.00035,0.0001,-0.003175));
#14356=CARTESIAN_POINT('',(-0.00035,0.0001,-0.003175));
#14357=CARTESIAN_POINT('',(0.,0.0001,0.));
#14358=CARTESIAN_POINT('',(0.001,0.0001,0.003175));
#14359=CARTESIAN_POINT('',(0.001,0.0001,0.003175));
#14360=CARTESIAN_POINT('',(0.001,0.0001,0.003175));
#14361=CARTESIAN_POINT('',(0.001,0.0001,0.003175));
#14362=CARTESIAN_POINT('',(0.00125,0.0001,0.003175));
#14363=CARTESIAN_POINT('',(0.00125,0.0001,0.003175));
#14364=CARTESIAN_POINT('',(0.00125,0.0001,0.003175));
#14365=CARTESIAN_POINT('',(0.00125,0.0001,0.003175));
#14366=CARTESIAN_POINT('',(0.00125,0.0001,0.002675));
#14367=CARTESIAN_POINT('',(0.00125,0.0001,0.002675));
#14368=CARTESIAN_POINT('',(0.001,0.0001,0.002675));
#14369=CARTESIAN_POINT('',(0.001,0.0001,0.002675));
#14370=CARTESIAN_POINT('',(0.001,0.0001,0.002675));
#14371=CARTESIAN_POINT('',(0.001,0.0001,0.002675));
#14372=CARTESIAN_POINT('',(0.001,0.0001,0.003175));
#14373=CARTESIAN_POINT('',(0.001,0.0001,0.003175));
#14374=CARTESIAN_POINT('',(0.,0.0001,0.));
#14375=CARTESIAN_POINT('',(0.000550000000000007,0.0001,0.003175));
#14376=CARTESIAN_POINT('',(0.000550000000000007,0.0001,0.003175));
#14377=CARTESIAN_POINT('',(0.000550000000000007,0.0001,0.003175));
#14378=CARTESIAN_POINT('',(0.000550000000000007,0.0001,0.003175));
#14379=CARTESIAN_POINT('',(0.0008,0.0001,0.003175));
#14380=CARTESIAN_POINT('',(0.0008,0.0001,0.003175));
#14381=CARTESIAN_POINT('',(0.0008,0.0001,0.003175));
#14382=CARTESIAN_POINT('',(0.0008,0.0001,0.003175));
#14383=CARTESIAN_POINT('',(0.0008,0.0001,0.002675));
#14384=CARTESIAN_POINT('',(0.0008,0.0001,0.002675));
#14385=CARTESIAN_POINT('',(0.000550000000000007,0.0001,0.002675));
#14386=CARTESIAN_POINT('',(0.000550000000000007,0.0001,0.002675));
#14387=CARTESIAN_POINT('',(0.000550000000000007,0.0001,0.002675));
#14388=CARTESIAN_POINT('',(0.000550000000000007,0.0001,0.002675));
#14389=CARTESIAN_POINT('',(0.000550000000000007,0.0001,0.003175));
#14390=CARTESIAN_POINT('',(0.000550000000000007,0.0001,0.003175));
#14391=CARTESIAN_POINT('',(0.,0.0001,0.));
#14392=CARTESIAN_POINT('',(0.000100000000000006,0.0001,0.003175));
#14393=CARTESIAN_POINT('',(0.000100000000000006,0.0001,0.003175));
#14394=CARTESIAN_POINT('',(0.000100000000000006,0.0001,0.003175));
#14395=CARTESIAN_POINT('',(0.000100000000000006,0.0001,0.003175));
#14396=CARTESIAN_POINT('',(0.000350000000000005,0.0001,0.003175));
#14397=CARTESIAN_POINT('',(0.000350000000000005,0.0001,0.003175));
#14398=CARTESIAN_POINT('',(0.000350000000000005,0.0001,0.003175));
#14399=CARTESIAN_POINT('',(0.000350000000000005,0.0001,0.003175));
#14400=CARTESIAN_POINT('',(0.000350000000000005,0.0001,0.002675));
#14401=CARTESIAN_POINT('',(0.000350000000000005,0.0001,0.002675));
#14402=CARTESIAN_POINT('',(0.000100000000000005,0.0001,0.002675));
#14403=CARTESIAN_POINT('',(0.000100000000000005,0.0001,0.002675));
#14404=CARTESIAN_POINT('',(0.000100000000000005,0.0001,0.002675));
#14405=CARTESIAN_POINT('',(0.000100000000000005,0.0001,0.002675));
#14406=CARTESIAN_POINT('',(0.000100000000000006,0.0001,0.003175));
#14407=CARTESIAN_POINT('',(0.000100000000000006,0.0001,0.003175));
#14408=CARTESIAN_POINT('',(0.,0.0001,0.));
#14409=CARTESIAN_POINT('',(-0.000349999999999995,0.0001,0.003175));
#14410=CARTESIAN_POINT('',(-0.000349999999999995,0.0001,0.003175));
#14411=CARTESIAN_POINT('',(-0.000349999999999995,0.0001,0.003175));
#14412=CARTESIAN_POINT('',(-0.000349999999999995,0.0001,0.003175));
#14413=CARTESIAN_POINT('',(-9.99999999999955E-5,0.0001,0.003175));
#14414=CARTESIAN_POINT('',(-9.99999999999955E-5,0.0001,0.003175));
#14415=CARTESIAN_POINT('',(-9.99999999999955E-5,0.0001,0.003175));
#14416=CARTESIAN_POINT('',(-9.99999999999955E-5,0.0001,0.003175));
#14417=CARTESIAN_POINT('',(-9.99999999999959E-5,0.0001,0.002675));
#14418=CARTESIAN_POINT('',(-9.99999999999959E-5,0.0001,0.002675));
#14419=CARTESIAN_POINT('',(-0.000349999999999995,0.0001,0.002675));
#14420=CARTESIAN_POINT('',(-0.000349999999999995,0.0001,0.002675));
#14421=CARTESIAN_POINT('',(-0.000349999999999995,0.0001,0.002675));
#14422=CARTESIAN_POINT('',(-0.000349999999999995,0.0001,0.002675));
#14423=CARTESIAN_POINT('',(-0.000349999999999995,0.0001,0.003175));
#14424=CARTESIAN_POINT('',(-0.000349999999999995,0.0001,0.003175));
#14425=CARTESIAN_POINT('',(0.,0.0001,0.));
#14426=CARTESIAN_POINT('',(-0.0008,0.0001,0.003175));
#14427=CARTESIAN_POINT('',(-0.0008,0.0001,0.003175));
#14428=CARTESIAN_POINT('',(-0.0008,0.0001,0.003175));
#14429=CARTESIAN_POINT('',(-0.0008,0.0001,0.003175));
#14430=CARTESIAN_POINT('',(-0.00055,0.0001,0.003175));
#14431=CARTESIAN_POINT('',(-0.00055,0.0001,0.003175));
#14432=CARTESIAN_POINT('',(-0.00055,0.0001,0.003175));
#14433=CARTESIAN_POINT('',(-0.00055,0.0001,0.003175));
#14434=CARTESIAN_POINT('',(-0.00055,0.0001,0.002675));
#14435=CARTESIAN_POINT('',(-0.00055,0.0001,0.002675));
#14436=CARTESIAN_POINT('',(-0.0008,0.0001,0.002675));
#14437=CARTESIAN_POINT('',(-0.0008,0.0001,0.002675));
#14438=CARTESIAN_POINT('',(-0.0008,0.0001,0.002675));
#14439=CARTESIAN_POINT('',(-0.0008,0.0001,0.002675));
#14440=CARTESIAN_POINT('',(-0.0008,0.0001,0.003175));
#14441=CARTESIAN_POINT('',(-0.0008,0.0001,0.003175));
#14442=CARTESIAN_POINT('',(0.,0.0001,0.));
#14443=CARTESIAN_POINT('',(-0.00125,0.0001,0.003175));
#14444=CARTESIAN_POINT('',(-0.00125,0.0001,0.003175));
#14445=CARTESIAN_POINT('',(-0.00125,0.0001,0.003175));
#14446=CARTESIAN_POINT('',(-0.00125,0.0001,0.003175));
#14447=CARTESIAN_POINT('',(-0.001,0.0001,0.003175));
#14448=CARTESIAN_POINT('',(-0.001,0.0001,0.003175));
#14449=CARTESIAN_POINT('',(-0.001,0.0001,0.003175));
#14450=CARTESIAN_POINT('',(-0.001,0.0001,0.003175));
#14451=CARTESIAN_POINT('',(-0.001,0.0001,0.002675));
#14452=CARTESIAN_POINT('',(-0.001,0.0001,0.002675));
#14453=CARTESIAN_POINT('',(-0.00125,0.0001,0.002675));
#14454=CARTESIAN_POINT('',(-0.00125,0.0001,0.002675));
#14455=CARTESIAN_POINT('',(-0.00125,0.0001,0.002675));
#14456=CARTESIAN_POINT('',(-0.00125,0.0001,0.002675));
#14457=CARTESIAN_POINT('',(-0.00125,0.0001,0.003175));
#14458=CARTESIAN_POINT('',(-0.00125,0.0001,0.003175));
#14459=CARTESIAN_POINT('',(0.,0.0001,0.));
#14460=CARTESIAN_POINT('',(-0.0017,0.0001,0.003175));
#14461=CARTESIAN_POINT('',(-0.0017,0.0001,0.003175));
#14462=CARTESIAN_POINT('',(-0.0017,0.0001,0.003175));
#14463=CARTESIAN_POINT('',(-0.0017,0.0001,0.003175));
#14464=CARTESIAN_POINT('',(-0.00145,0.0001,0.003175));
#14465=CARTESIAN_POINT('',(-0.00145,0.0001,0.003175));
#14466=CARTESIAN_POINT('',(-0.00145,0.0001,0.003175));
#14467=CARTESIAN_POINT('',(-0.00145,0.0001,0.003175));
#14468=CARTESIAN_POINT('',(-0.00145,0.0001,0.002675));
#14469=CARTESIAN_POINT('',(-0.00145,0.0001,0.002675));
#14470=CARTESIAN_POINT('',(-0.0017,0.0001,0.002675));
#14471=CARTESIAN_POINT('',(-0.0017,0.0001,0.002675));
#14472=CARTESIAN_POINT('',(-0.0017,0.0001,0.002675));
#14473=CARTESIAN_POINT('',(-0.0017,0.0001,0.002675));
#14474=CARTESIAN_POINT('',(-0.0017,0.0001,0.003175));
#14475=CARTESIAN_POINT('',(-0.0017,0.0001,0.003175));
#14476=CARTESIAN_POINT('',(0.,0.0001,0.));
#14477=CARTESIAN_POINT('',(-0.002275,0.0001,0.003175));
#14478=CARTESIAN_POINT('',(-0.002275,0.0001,0.003175));
#14479=CARTESIAN_POINT('',(-0.002275,0.0001,0.003175));
#14480=CARTESIAN_POINT('',(-0.002275,0.0001,0.003175));
#14481=CARTESIAN_POINT('',(-0.0019,0.0001,0.003175));
#14482=CARTESIAN_POINT('',(-0.0019,0.0001,0.003175));
#14483=CARTESIAN_POINT('',(-0.0019,0.0001,0.003175));
#14484=CARTESIAN_POINT('',(-0.0019,0.0001,0.003175));
#14485=CARTESIAN_POINT('',(-0.0019,0.0001,0.002675));
#14486=CARTESIAN_POINT('',(-0.0019,0.0001,0.002675));
#14487=CARTESIAN_POINT('',(-0.002275,0.0001,0.002675));
#14488=CARTESIAN_POINT('',(-0.002275,0.0001,0.002675));
#14489=CARTESIAN_POINT('',(-0.002275,0.0001,0.002675));
#14490=CARTESIAN_POINT('',(-0.002275,0.0001,0.002675));
#14491=CARTESIAN_POINT('',(-0.002275,0.0001,0.003175));
#14492=CARTESIAN_POINT('',(-0.002275,0.0001,0.003175));
#14493=CARTESIAN_POINT('',(0.,0.0001,0.));
#14494=CARTESIAN_POINT('',(-0.002275,0.0001,-0.001925));
#14495=CARTESIAN_POINT('',(-0.002275,0.0001,-0.001925));
#14496=CARTESIAN_POINT('',(-0.002275,0.0001,-0.001925));
#14497=CARTESIAN_POINT('',(-0.002275,0.0001,-0.001925));
#14498=CARTESIAN_POINT('',(-0.002275,0.0001,-0.001675));
#14499=CARTESIAN_POINT('',(-0.002275,0.0001,-0.001675));
#14500=CARTESIAN_POINT('',(-0.002275,0.0001,-0.001675));
#14501=CARTESIAN_POINT('',(-0.002275,0.0001,-0.001675));
#14502=CARTESIAN_POINT('',(-0.001775,0.0001,-0.001675));
#14503=CARTESIAN_POINT('',(-0.001775,0.0001,-0.001675));
#14504=CARTESIAN_POINT('',(-0.001775,0.0001,-0.001925));
#14505=CARTESIAN_POINT('',(-0.001775,0.0001,-0.001925));
#14506=CARTESIAN_POINT('',(-0.001775,0.0001,-0.001925));
#14507=CARTESIAN_POINT('',(-0.001775,0.0001,-0.001925));
#14508=CARTESIAN_POINT('',(-0.002275,0.0001,-0.001925));
#14509=CARTESIAN_POINT('',(-0.002275,0.0001,-0.001925));
#14510=CARTESIAN_POINT('',(0.,0.0001,0.));
#14511=CARTESIAN_POINT('',(-0.00125,0.0001,0.0015));
#14512=CARTESIAN_POINT('',(-0.00125,0.0001,0.0015));
#14513=CARTESIAN_POINT('',(-0.00125,0.0001,0.0015));
#14514=CARTESIAN_POINT('',(-0.00125,0.0001,0.0015));
#14515=CARTESIAN_POINT('',(-0.00025,0.0001,0.0015));
#14516=CARTESIAN_POINT('',(-0.00025,0.0001,0.0015));
#14517=CARTESIAN_POINT('',(-0.00025,0.0001,0.0015));
#14518=CARTESIAN_POINT('',(-0.00025,0.0001,0.0015));
#14519=CARTESIAN_POINT('',(-0.00025,0.0001,0.0005));
#14520=CARTESIAN_POINT('',(-0.00025,0.0001,0.0005));
#14521=CARTESIAN_POINT('',(-0.00125,0.0001,0.0005));
#14522=CARTESIAN_POINT('',(-0.00125,0.0001,0.0005));
#14523=CARTESIAN_POINT('',(-0.00125,0.0001,0.0005));
#14524=CARTESIAN_POINT('',(-0.00125,0.0001,0.0005));
#14525=CARTESIAN_POINT('',(-0.00125,0.0001,0.0015));
#14526=CARTESIAN_POINT('',(-0.00125,0.0001,0.0015));
#14527=CARTESIAN_POINT('',(0.,0.0001,0.));
#14528=CARTESIAN_POINT('',(0.00125,0.0001,0.0015));
#14529=CARTESIAN_POINT('',(0.00125,0.0001,0.0015));
#14530=CARTESIAN_POINT('',(0.00125,0.0001,0.0015));
#14531=CARTESIAN_POINT('',(0.00125,0.0001,0.0015));
#14532=CARTESIAN_POINT('',(0.00125,0.0001,0.0005));
#14533=CARTESIAN_POINT('',(0.00125,0.0001,0.0005));
#14534=CARTESIAN_POINT('',(0.00125,0.0001,0.0005));
#14535=CARTESIAN_POINT('',(0.00125,0.0001,0.0005));
#14536=CARTESIAN_POINT('',(0.00025,0.0001,0.0005));
#14537=CARTESIAN_POINT('',(0.00025,0.0001,0.0005));
#14538=CARTESIAN_POINT('',(0.00025,0.0001,0.0015));
#14539=CARTESIAN_POINT('',(0.00025,0.0001,0.0015));
#14540=CARTESIAN_POINT('',(0.00025,0.0001,0.0015));
#14541=CARTESIAN_POINT('',(0.00025,0.0001,0.0015));
#14542=CARTESIAN_POINT('',(0.00125,0.0001,0.0015));
#14543=CARTESIAN_POINT('',(0.00125,0.0001,0.0015));
#14544=CARTESIAN_POINT('',(0.,0.0001,0.));
#14545=CARTESIAN_POINT('',(0.00125,0.0001,-0.0015));
#14546=CARTESIAN_POINT('',(0.00125,0.0001,-0.0015));
#14547=CARTESIAN_POINT('',(0.00125,0.0001,-0.0015));
#14548=CARTESIAN_POINT('',(0.00125,0.0001,-0.0015));
#14549=CARTESIAN_POINT('',(0.00025,0.0001,-0.0015));
#14550=CARTESIAN_POINT('',(0.00025,0.0001,-0.0015));
#14551=CARTESIAN_POINT('',(0.00025,0.0001,-0.0015));
#14552=CARTESIAN_POINT('',(0.00025,0.0001,-0.0015));
#14553=CARTESIAN_POINT('',(0.00025,0.0001,-0.0005));
#14554=CARTESIAN_POINT('',(0.00025,0.0001,-0.0005));
#14555=CARTESIAN_POINT('',(0.00125,0.0001,-0.0005));
#14556=CARTESIAN_POINT('',(0.00125,0.0001,-0.0005));
#14557=CARTESIAN_POINT('',(0.00125,0.0001,-0.0005));
#14558=CARTESIAN_POINT('',(0.00125,0.0001,-0.0005));
#14559=CARTESIAN_POINT('',(0.00125,0.0001,-0.0015));
#14560=CARTESIAN_POINT('',(0.00125,0.0001,-0.0015));
#14561=CARTESIAN_POINT('',(0.,0.0001,0.));
#14562=CARTESIAN_POINT('',(-0.00025,0.0001,-0.0015));
#14563=CARTESIAN_POINT('',(-0.00025,0.0001,-0.0005));
#14564=CARTESIAN_POINT('',(-0.00025,0.0001,-0.0005));
#14565=CARTESIAN_POINT('',(-0.00025,0.0001,-0.0015));
#14566=CARTESIAN_POINT('',(-0.00025,0.0001,-0.0015));
#14567=CARTESIAN_POINT('',(-0.00025,0.0001,-0.0015));
#14568=CARTESIAN_POINT('',(-0.00075,0.0001,-0.0015));
#14569=CARTESIAN_POINT('',(-0.00075,0.0001,-0.0015));
#14570=CARTESIAN_POINT('',(-0.00075,0.0001,-0.0015));
#14571=CARTESIAN_POINT('',(-0.00075,0.0001,-0.0015));
#14572=CARTESIAN_POINT('',(-0.00125,0.0001,-0.001));
#14573=CARTESIAN_POINT('',(-0.00125,0.0001,-0.001));
#14574=CARTESIAN_POINT('',(-0.00125,0.0001,-0.001));
#14575=CARTESIAN_POINT('',(-0.00125,0.0001,-0.001));
#14576=CARTESIAN_POINT('',(-0.00125,0.0001,-0.001));
#14577=CARTESIAN_POINT('',(-0.00125,0.0001,-0.001));
#14578=CARTESIAN_POINT('',(-0.00125,0.0001,-0.0005));
#14579=CARTESIAN_POINT('',(-0.00125,0.0001,-0.0005));
#14580=CARTESIAN_POINT('',(-0.00125,0.0001,-0.0005));
#14581=CARTESIAN_POINT('',(-0.00125,0.0001,-0.0005));
#14582=CARTESIAN_POINT('',(0.,0.0001,0.));
#14583=CARTESIAN_POINT('',(-0.0017,0.0001,-0.003175));
#14584=CARTESIAN_POINT('',(-0.0017,0.0001,-0.003175));
#14585=CARTESIAN_POINT('',(-0.0017,0.0001,-0.003175));
#14586=CARTESIAN_POINT('',(-0.0017,0.0001,-0.003175));
#14587=CARTESIAN_POINT('',(-0.0017,0.0001,-0.002675));
#14588=CARTESIAN_POINT('',(-0.0017,0.0001,-0.002675));
#14589=CARTESIAN_POINT('',(-0.0017,0.0001,-0.002675));
#14590=CARTESIAN_POINT('',(-0.0017,0.0001,-0.002675));
#14591=CARTESIAN_POINT('',(-0.00145,0.0001,-0.002675));
#14592=CARTESIAN_POINT('',(-0.00145,0.0001,-0.002675));
#14593=CARTESIAN_POINT('',(-0.00145,0.0001,-0.003175));
#14594=CARTESIAN_POINT('',(-0.00145,0.0001,-0.003175));
#14595=CARTESIAN_POINT('',(-0.00145,0.0001,-0.003175));
#14596=CARTESIAN_POINT('',(-0.00145,0.0001,-0.003175));
#14597=CARTESIAN_POINT('',(-0.0017,0.0001,-0.003175));
#14598=CARTESIAN_POINT('',(-0.0017,0.0001,-0.003175));
#14599=CARTESIAN_POINT('',(0.,0.0001,0.));
#14600=CARTESIAN_POINT('',(-0.00227499999999996,0.0001,0.001675));
#14601=CARTESIAN_POINT('',(-0.00227499999999996,0.0001,0.001675));
#14602=CARTESIAN_POINT('',(-0.00227499999999996,0.0001,0.001675));
#14603=CARTESIAN_POINT('',(-0.00227499999999996,0.0001,0.001675));
#14604=CARTESIAN_POINT('',(-0.00227499999999996,0.0001,0.001925));
#14605=CARTESIAN_POINT('',(-0.00227499999999996,0.0001,0.001925));
#14606=CARTESIAN_POINT('',(-0.00227499999999996,0.0001,0.001925));
#14607=CARTESIAN_POINT('',(-0.00227499999999996,0.0001,0.001925));
#14608=CARTESIAN_POINT('',(-0.00177499999999996,0.0001,0.001925));
#14609=CARTESIAN_POINT('',(-0.00177499999999996,0.0001,0.001925));
#14610=CARTESIAN_POINT('',(-0.00177499999999996,0.0001,0.001675));
#14611=CARTESIAN_POINT('',(-0.00177499999999996,0.0001,0.001675));
#14612=CARTESIAN_POINT('',(-0.00177499999999996,0.0001,0.001675));
#14613=CARTESIAN_POINT('',(-0.00177499999999996,0.0001,0.001675));
#14614=CARTESIAN_POINT('',(-0.00227499999999996,0.0001,0.001675));
#14615=CARTESIAN_POINT('',(-0.00227499999999996,0.0001,0.001675));
#14616=CARTESIAN_POINT('',(0.,0.0001,0.));
#14617=CARTESIAN_POINT('',(-0.002275,0.0001,-0.003175));
#14618=CARTESIAN_POINT('',(-0.002275,0.0001,-0.003175));
#14619=CARTESIAN_POINT('',(-0.002275,0.0001,-0.003175));
#14620=CARTESIAN_POINT('',(-0.002275,0.0001,-0.003175));
#14621=CARTESIAN_POINT('',(-0.002275,0.0001,-0.002675));
#14622=CARTESIAN_POINT('',(-0.002275,0.0001,-0.002675));
#14623=CARTESIAN_POINT('',(-0.002275,0.0001,-0.002675));
#14624=CARTESIAN_POINT('',(-0.002275,0.0001,-0.002675));
#14625=CARTESIAN_POINT('',(-0.0019,0.0001,-0.002675));
#14626=CARTESIAN_POINT('',(-0.0019,0.0001,-0.002675));
#14627=CARTESIAN_POINT('',(-0.0019,0.0001,-0.003175));
#14628=CARTESIAN_POINT('',(-0.0019,0.0001,-0.003175));
#14629=CARTESIAN_POINT('',(-0.0019,0.0001,-0.003175));
#14630=CARTESIAN_POINT('',(-0.0019,0.0001,-0.003175));
#14631=CARTESIAN_POINT('',(-0.002275,0.0001,-0.003175));
#14632=CARTESIAN_POINT('',(-0.002275,0.0001,-0.003175));
#14633=CARTESIAN_POINT('',(0.,0.0001,0.));
#14634=CARTESIAN_POINT('',(-0.002275,0.0001,-0.001475));
#14635=CARTESIAN_POINT('',(-0.002275,0.0001,-0.001475));
#14636=CARTESIAN_POINT('',(-0.002275,0.0001,-0.001475));
#14637=CARTESIAN_POINT('',(-0.002275,0.0001,-0.001475));
#14638=CARTESIAN_POINT('',(-0.002275,0.0001,-0.001225));
#14639=CARTESIAN_POINT('',(-0.002275,0.0001,-0.001225));
#14640=CARTESIAN_POINT('',(-0.002275,0.0001,-0.001225));
#14641=CARTESIAN_POINT('',(-0.002275,0.0001,-0.001225));
#14642=CARTESIAN_POINT('',(-0.001775,0.0001,-0.001225));
#14643=CARTESIAN_POINT('',(-0.001775,0.0001,-0.001225));
#14644=CARTESIAN_POINT('',(-0.001775,0.0001,-0.001475));
#14645=CARTESIAN_POINT('',(-0.001775,0.0001,-0.001475));
#14646=CARTESIAN_POINT('',(-0.001775,0.0001,-0.001475));
#14647=CARTESIAN_POINT('',(-0.001775,0.0001,-0.001475));
#14648=CARTESIAN_POINT('',(-0.002275,0.0001,-0.001475));
#14649=CARTESIAN_POINT('',(-0.002275,0.0001,-0.001475));
#14650=CARTESIAN_POINT('',(0.,0.0001,0.));
#14651=CARTESIAN_POINT('',(-0.002275,0.0001,-0.001025));
#14652=CARTESIAN_POINT('',(-0.002275,0.0001,-0.001025));
#14653=CARTESIAN_POINT('',(-0.002275,0.0001,-0.001025));
#14654=CARTESIAN_POINT('',(-0.002275,0.0001,-0.001025));
#14655=CARTESIAN_POINT('',(-0.002275,0.0001,-0.000775));
#14656=CARTESIAN_POINT('',(-0.002275,0.0001,-0.000775));
#14657=CARTESIAN_POINT('',(-0.002275,0.0001,-0.000775));
#14658=CARTESIAN_POINT('',(-0.002275,0.0001,-0.000775));
#14659=CARTESIAN_POINT('',(-0.001775,0.0001,-0.000775));
#14660=CARTESIAN_POINT('',(-0.001775,0.0001,-0.000775));
#14661=CARTESIAN_POINT('',(-0.001775,0.0001,-0.001025));
#14662=CARTESIAN_POINT('',(-0.001775,0.0001,-0.001025));
#14663=CARTESIAN_POINT('',(-0.001775,0.0001,-0.001025));
#14664=CARTESIAN_POINT('',(-0.001775,0.0001,-0.001025));
#14665=CARTESIAN_POINT('',(-0.002275,0.0001,-0.001025));
#14666=CARTESIAN_POINT('',(-0.002275,0.0001,-0.001025));
#14667=CARTESIAN_POINT('',(0.,0.0001,0.));
#14668=CARTESIAN_POINT('',(-0.002275,0.0001,-0.000575));
#14669=CARTESIAN_POINT('',(-0.002275,0.0001,-0.000575));
#14670=CARTESIAN_POINT('',(-0.002275,0.0001,-0.000575));
#14671=CARTESIAN_POINT('',(-0.002275,0.0001,-0.000575));
#14672=CARTESIAN_POINT('',(-0.002275,0.0001,-0.000325));
#14673=CARTESIAN_POINT('',(-0.002275,0.0001,-0.000325));
#14674=CARTESIAN_POINT('',(-0.002275,0.0001,-0.000325));
#14675=CARTESIAN_POINT('',(-0.002275,0.0001,-0.000325));
#14676=CARTESIAN_POINT('',(-0.001775,0.0001,-0.000325));
#14677=CARTESIAN_POINT('',(-0.001775,0.0001,-0.000325));
#14678=CARTESIAN_POINT('',(-0.001775,0.0001,-0.000575));
#14679=CARTESIAN_POINT('',(-0.001775,0.0001,-0.000575));
#14680=CARTESIAN_POINT('',(-0.001775,0.0001,-0.000575));
#14681=CARTESIAN_POINT('',(-0.001775,0.0001,-0.000575));
#14682=CARTESIAN_POINT('',(-0.002275,0.0001,-0.000575));
#14683=CARTESIAN_POINT('',(-0.002275,0.0001,-0.000575));
#14684=CARTESIAN_POINT('',(0.,0.0001,0.));
#14685=CARTESIAN_POINT('',(-0.00227499999999997,0.0001,-0.000125));
#14686=CARTESIAN_POINT('',(-0.00227499999999997,0.0001,-0.000125));
#14687=CARTESIAN_POINT('',(-0.00227499999999997,0.0001,-0.000125));
#14688=CARTESIAN_POINT('',(-0.00227499999999997,0.0001,-0.000125));
#14689=CARTESIAN_POINT('',(-0.002275,0.0001,0.000125));
#14690=CARTESIAN_POINT('',(-0.002275,0.0001,0.000125));
#14691=CARTESIAN_POINT('',(-0.002275,0.0001,0.000125));
#14692=CARTESIAN_POINT('',(-0.002275,0.0001,0.000125));
#14693=CARTESIAN_POINT('',(-0.001775,0.0001,0.000125));
#14694=CARTESIAN_POINT('',(-0.001775,0.0001,0.000125));
#14695=CARTESIAN_POINT('',(-0.001775,0.0001,-0.000125));
#14696=CARTESIAN_POINT('',(-0.001775,0.0001,-0.000125));
#14697=CARTESIAN_POINT('',(-0.001775,0.0001,-0.000125));
#14698=CARTESIAN_POINT('',(-0.001775,0.0001,-0.000125));
#14699=CARTESIAN_POINT('',(-0.00227499999999997,0.0001,-0.000125));
#14700=CARTESIAN_POINT('',(-0.00227499999999997,0.0001,-0.000125));
#14701=CARTESIAN_POINT('',(0.,0.0001,0.));
#14702=CARTESIAN_POINT('',(-0.00227499999999997,0.0001,0.000325));
#14703=CARTESIAN_POINT('',(-0.00227499999999997,0.0001,0.000325));
#14704=CARTESIAN_POINT('',(-0.00227499999999997,0.0001,0.000325));
#14705=CARTESIAN_POINT('',(-0.00227499999999997,0.0001,0.000325));
#14706=CARTESIAN_POINT('',(-0.00227499999999997,0.0001,0.000575));
#14707=CARTESIAN_POINT('',(-0.00227499999999997,0.0001,0.000575));
#14708=CARTESIAN_POINT('',(-0.00227499999999997,0.0001,0.000575));
#14709=CARTESIAN_POINT('',(-0.00227499999999997,0.0001,0.000575));
#14710=CARTESIAN_POINT('',(-0.00177499999999998,0.0001,0.000575));
#14711=CARTESIAN_POINT('',(-0.00177499999999998,0.0001,0.000575));
#14712=CARTESIAN_POINT('',(-0.00177499999999998,0.0001,0.000325));
#14713=CARTESIAN_POINT('',(-0.00177499999999998,0.0001,0.000325));
#14714=CARTESIAN_POINT('',(-0.00177499999999998,0.0001,0.000325));
#14715=CARTESIAN_POINT('',(-0.00177499999999998,0.0001,0.000325));
#14716=CARTESIAN_POINT('',(-0.00227499999999997,0.0001,0.000325));
#14717=CARTESIAN_POINT('',(-0.00227499999999997,0.0001,0.000325));
#14718=CARTESIAN_POINT('',(0.,0.0001,0.));
#14719=CARTESIAN_POINT('',(-0.00227499999999997,0.0001,0.000775));
#14720=CARTESIAN_POINT('',(-0.00227499999999997,0.0001,0.000775));
#14721=CARTESIAN_POINT('',(-0.00227499999999997,0.0001,0.000775));
#14722=CARTESIAN_POINT('',(-0.00227499999999997,0.0001,0.000775));
#14723=CARTESIAN_POINT('',(-0.00227499999999997,0.0001,0.001025));
#14724=CARTESIAN_POINT('',(-0.00227499999999997,0.0001,0.001025));
#14725=CARTESIAN_POINT('',(-0.00227499999999997,0.0001,0.001025));
#14726=CARTESIAN_POINT('',(-0.00227499999999997,0.0001,0.001025));
#14727=CARTESIAN_POINT('',(-0.00177499999999997,0.0001,0.001025));
#14728=CARTESIAN_POINT('',(-0.00177499999999997,0.0001,0.001025));
#14729=CARTESIAN_POINT('',(-0.00177499999999997,0.0001,0.000775));
#14730=CARTESIAN_POINT('',(-0.00177499999999997,0.0001,0.000775));
#14731=CARTESIAN_POINT('',(-0.00177499999999997,0.0001,0.000775));
#14732=CARTESIAN_POINT('',(-0.00177499999999997,0.0001,0.000775));
#14733=CARTESIAN_POINT('',(-0.00227499999999997,0.0001,0.000775));
#14734=CARTESIAN_POINT('',(-0.00227499999999997,0.0001,0.000775));
#14735=CARTESIAN_POINT('',(0.,0.0001,0.));
#14736=CARTESIAN_POINT('',(-0.00227499999999996,0.0001,0.001225));
#14737=CARTESIAN_POINT('',(-0.00227499999999996,0.0001,0.001225));
#14738=CARTESIAN_POINT('',(-0.00227499999999996,0.0001,0.001225));
#14739=CARTESIAN_POINT('',(-0.00227499999999996,0.0001,0.001225));
#14740=CARTESIAN_POINT('',(-0.00227499999999996,0.0001,0.001475));
#14741=CARTESIAN_POINT('',(-0.00227499999999996,0.0001,0.001475));
#14742=CARTESIAN_POINT('',(-0.00227499999999996,0.0001,0.001475));
#14743=CARTESIAN_POINT('',(-0.00227499999999996,0.0001,0.001475));
#14744=CARTESIAN_POINT('',(-0.00177499999999997,0.0001,0.001475));
#14745=CARTESIAN_POINT('',(-0.00177499999999997,0.0001,0.001475));
#14746=CARTESIAN_POINT('',(-0.00177499999999997,0.0001,0.001225));
#14747=CARTESIAN_POINT('',(-0.00177499999999997,0.0001,0.001225));
#14748=CARTESIAN_POINT('',(-0.00177499999999997,0.0001,0.001225));
#14749=CARTESIAN_POINT('',(-0.00177499999999997,0.0001,0.001225));
#14750=CARTESIAN_POINT('',(-0.00227499999999996,0.0001,0.001225));
#14751=CARTESIAN_POINT('',(-0.00227499999999996,0.0001,0.001225));
#14752=CARTESIAN_POINT('',(0.,0.0001,0.));
#14753=CARTESIAN_POINT('',(-0.00227499999999996,0.0001,0.002125));
#14754=CARTESIAN_POINT('',(-0.00227499999999996,0.0001,0.002125));
#14755=CARTESIAN_POINT('',(-0.00227499999999996,0.0001,0.002125));
#14756=CARTESIAN_POINT('',(-0.00227499999999996,0.0001,0.002125));
#14757=CARTESIAN_POINT('',(-0.00227499999999996,0.0001,0.002375));
#14758=CARTESIAN_POINT('',(-0.00227499999999996,0.0001,0.002375));
#14759=CARTESIAN_POINT('',(-0.00227499999999996,0.0001,0.002375));
#14760=CARTESIAN_POINT('',(-0.00227499999999996,0.0001,0.002375));
#14761=CARTESIAN_POINT('',(-0.00177499999999995,0.0001,0.002375));
#14762=CARTESIAN_POINT('',(-0.00177499999999995,0.0001,0.002375));
#14763=CARTESIAN_POINT('',(-0.00177499999999995,0.0001,0.002125));
#14764=CARTESIAN_POINT('',(-0.00177499999999995,0.0001,0.002125));
#14765=CARTESIAN_POINT('',(-0.00177499999999995,0.0001,0.002125));
#14766=CARTESIAN_POINT('',(-0.00177499999999995,0.0001,0.002125));
#14767=CARTESIAN_POINT('',(-0.00227499999999996,0.0001,0.002125));
#14768=CARTESIAN_POINT('',(-0.00227499999999996,0.0001,0.002125));
#14769=CARTESIAN_POINT('',(0.,0.0001,0.));
#14770=CARTESIAN_POINT('',(0.002275,0.0001,0.003175));
#14771=CARTESIAN_POINT('',(0.002275,0.0001,0.003175));
#14772=CARTESIAN_POINT('',(0.002275,0.0001,0.003175));
#14773=CARTESIAN_POINT('',(0.002275,0.0001,0.003175));
#14774=CARTESIAN_POINT('',(0.002275,0.0001,0.002675));
#14775=CARTESIAN_POINT('',(0.002275,0.0001,0.002675));
#14776=CARTESIAN_POINT('',(0.002275,0.0001,0.002675));
#14777=CARTESIAN_POINT('',(0.002275,0.0001,0.002675));
#14778=CARTESIAN_POINT('',(0.0019,0.0001,0.002675));
#14779=CARTESIAN_POINT('',(0.0019,0.0001,0.002675));
#14780=CARTESIAN_POINT('',(0.0019,0.0001,0.003175));
#14781=CARTESIAN_POINT('',(0.0019,0.0001,0.003175));
#14782=CARTESIAN_POINT('',(0.0019,0.0001,0.003175));
#14783=CARTESIAN_POINT('',(0.0019,0.0001,0.003175));
#14784=CARTESIAN_POINT('',(0.002275,0.0001,0.003175));
#14785=CARTESIAN_POINT('',(0.002275,0.0001,0.003175));
#14786=CARTESIAN_POINT('',(0.,0.0001,0.));
#14787=CARTESIAN_POINT('',(0.00227499999999996,0.0001,0.002125));
#14788=CARTESIAN_POINT('',(0.00227499999999996,0.0001,0.002125));
#14789=CARTESIAN_POINT('',(0.00227499999999996,0.0001,0.002125));
#14790=CARTESIAN_POINT('',(0.00227499999999996,0.0001,0.002125));
#14791=CARTESIAN_POINT('',(0.00177499999999995,0.0001,0.002125));
#14792=CARTESIAN_POINT('',(0.00177499999999995,0.0001,0.002125));
#14793=CARTESIAN_POINT('',(0.00177499999999995,0.0001,0.002125));
#14794=CARTESIAN_POINT('',(0.00177499999999995,0.0001,0.002125));
#14795=CARTESIAN_POINT('',(0.00177499999999995,0.0001,0.002375));
#14796=CARTESIAN_POINT('',(0.00177499999999995,0.0001,0.002375));
#14797=CARTESIAN_POINT('',(0.00227499999999996,0.0001,0.002375));
#14798=CARTESIAN_POINT('',(0.00227499999999996,0.0001,0.002375));
#14799=CARTESIAN_POINT('',(0.00227499999999996,0.0001,0.002375));
#14800=CARTESIAN_POINT('',(0.00227499999999996,0.0001,0.002375));
#14801=CARTESIAN_POINT('',(0.00227499999999996,0.0001,0.002125));
#14802=CARTESIAN_POINT('',(0.00227499999999996,0.0001,0.002125));
#14803=CARTESIAN_POINT('',(0.,0.0001,0.));
#14804=CARTESIAN_POINT('',(0.00227499999999996,0.0001,0.001675));
#14805=CARTESIAN_POINT('',(0.00227499999999996,0.0001,0.001675));
#14806=CARTESIAN_POINT('',(0.00227499999999996,0.0001,0.001675));
#14807=CARTESIAN_POINT('',(0.00227499999999996,0.0001,0.001675));
#14808=CARTESIAN_POINT('',(0.00177499999999996,0.0001,0.001675));
#14809=CARTESIAN_POINT('',(0.00177499999999996,0.0001,0.001675));
#14810=CARTESIAN_POINT('',(0.00177499999999996,0.0001,0.001675));
#14811=CARTESIAN_POINT('',(0.00177499999999996,0.0001,0.001675));
#14812=CARTESIAN_POINT('',(0.00177499999999996,0.0001,0.001925));
#14813=CARTESIAN_POINT('',(0.00177499999999996,0.0001,0.001925));
#14814=CARTESIAN_POINT('',(0.00227499999999996,0.0001,0.001925));
#14815=CARTESIAN_POINT('',(0.00227499999999996,0.0001,0.001925));
#14816=CARTESIAN_POINT('',(0.00227499999999996,0.0001,0.001925));
#14817=CARTESIAN_POINT('',(0.00227499999999996,0.0001,0.001925));
#14818=CARTESIAN_POINT('',(0.00227499999999996,0.0001,0.001675));
#14819=CARTESIAN_POINT('',(0.00227499999999996,0.0001,0.001675));
#14820=CARTESIAN_POINT('',(0.,0.0001,0.));
#14821=CARTESIAN_POINT('',(0.00227499999999996,0.0001,0.001225));
#14822=CARTESIAN_POINT('',(0.00227499999999996,0.0001,0.001225));
#14823=CARTESIAN_POINT('',(0.00227499999999996,0.0001,0.001225));
#14824=CARTESIAN_POINT('',(0.00227499999999996,0.0001,0.001225));
#14825=CARTESIAN_POINT('',(0.00177499999999997,0.0001,0.001225));
#14826=CARTESIAN_POINT('',(0.00177499999999997,0.0001,0.001225));
#14827=CARTESIAN_POINT('',(0.00177499999999997,0.0001,0.001225));
#14828=CARTESIAN_POINT('',(0.00177499999999997,0.0001,0.001225));
#14829=CARTESIAN_POINT('',(0.00177499999999997,0.0001,0.001475));
#14830=CARTESIAN_POINT('',(0.00177499999999997,0.0001,0.001475));
#14831=CARTESIAN_POINT('',(0.00227499999999996,0.0001,0.001475));
#14832=CARTESIAN_POINT('',(0.00227499999999996,0.0001,0.001475));
#14833=CARTESIAN_POINT('',(0.00227499999999996,0.0001,0.001475));
#14834=CARTESIAN_POINT('',(0.00227499999999996,0.0001,0.001475));
#14835=CARTESIAN_POINT('',(0.00227499999999996,0.0001,0.001225));
#14836=CARTESIAN_POINT('',(0.00227499999999996,0.0001,0.001225));
#14837=CARTESIAN_POINT('',(0.,0.0001,0.));
#14838=CARTESIAN_POINT('',(0.00227499999999997,0.0001,0.000775));
#14839=CARTESIAN_POINT('',(0.00227499999999997,0.0001,0.000775));
#14840=CARTESIAN_POINT('',(0.00227499999999997,0.0001,0.000775));
#14841=CARTESIAN_POINT('',(0.00227499999999997,0.0001,0.000775));
#14842=CARTESIAN_POINT('',(0.00177499999999997,0.0001,0.000775));
#14843=CARTESIAN_POINT('',(0.00177499999999997,0.0001,0.000775));
#14844=CARTESIAN_POINT('',(0.00177499999999997,0.0001,0.000775));
#14845=CARTESIAN_POINT('',(0.00177499999999997,0.0001,0.000775));
#14846=CARTESIAN_POINT('',(0.00177499999999997,0.0001,0.001025));
#14847=CARTESIAN_POINT('',(0.00177499999999997,0.0001,0.001025));
#14848=CARTESIAN_POINT('',(0.00227499999999997,0.0001,0.001025));
#14849=CARTESIAN_POINT('',(0.00227499999999997,0.0001,0.001025));
#14850=CARTESIAN_POINT('',(0.00227499999999997,0.0001,0.001025));
#14851=CARTESIAN_POINT('',(0.00227499999999997,0.0001,0.001025));
#14852=CARTESIAN_POINT('',(0.00227499999999997,0.0001,0.000775));
#14853=CARTESIAN_POINT('',(0.00227499999999997,0.0001,0.000775));
#14854=CARTESIAN_POINT('',(0.,0.0001,0.));
#14855=CARTESIAN_POINT('',(0.00227499999999997,0.0001,0.000325));
#14856=CARTESIAN_POINT('',(0.00227499999999997,0.0001,0.000325));
#14857=CARTESIAN_POINT('',(0.00227499999999997,0.0001,0.000325));
#14858=CARTESIAN_POINT('',(0.00227499999999997,0.0001,0.000325));
#14859=CARTESIAN_POINT('',(0.00177499999999998,0.0001,0.000325));
#14860=CARTESIAN_POINT('',(0.00177499999999998,0.0001,0.000325));
#14861=CARTESIAN_POINT('',(0.00177499999999998,0.0001,0.000325));
#14862=CARTESIAN_POINT('',(0.00177499999999998,0.0001,0.000325));
#14863=CARTESIAN_POINT('',(0.00177499999999998,0.0001,0.000575));
#14864=CARTESIAN_POINT('',(0.00177499999999998,0.0001,0.000575));
#14865=CARTESIAN_POINT('',(0.00227499999999997,0.0001,0.000575));
#14866=CARTESIAN_POINT('',(0.00227499999999997,0.0001,0.000575));
#14867=CARTESIAN_POINT('',(0.00227499999999997,0.0001,0.000575));
#14868=CARTESIAN_POINT('',(0.00227499999999997,0.0001,0.000575));
#14869=CARTESIAN_POINT('',(0.00227499999999997,0.0001,0.000325));
#14870=CARTESIAN_POINT('',(0.00227499999999997,0.0001,0.000325));
#14871=CARTESIAN_POINT('',(0.,0.0001,0.));
#14872=CARTESIAN_POINT('',(0.00227499999999997,0.0001,-0.000125));
#14873=CARTESIAN_POINT('',(0.00227499999999997,0.0001,-0.000125));
#14874=CARTESIAN_POINT('',(0.00227499999999997,0.0001,-0.000125));
#14875=CARTESIAN_POINT('',(0.00227499999999997,0.0001,-0.000125));
#14876=CARTESIAN_POINT('',(0.001775,0.0001,-0.000125));
#14877=CARTESIAN_POINT('',(0.00177499999999998,0.0001,-0.000125));
#14878=CARTESIAN_POINT('',(0.001775,0.0001,-0.000125));
#14879=CARTESIAN_POINT('',(0.001775,0.0001,-0.000125));
#14880=CARTESIAN_POINT('',(0.001775,0.0001,0.000125));
#14881=CARTESIAN_POINT('',(0.001775,0.0001,0.000125));
#14882=CARTESIAN_POINT('',(0.002275,0.0001,0.000125));
#14883=CARTESIAN_POINT('',(0.002275,0.0001,0.000125));
#14884=CARTESIAN_POINT('',(0.002275,0.0001,0.000125));
#14885=CARTESIAN_POINT('',(0.002275,0.0001,0.000125));
#14886=CARTESIAN_POINT('',(0.00227499999999997,0.0001,-0.000125));
#14887=CARTESIAN_POINT('',(0.00227499999999997,0.0001,-0.000125));
#14888=CARTESIAN_POINT('',(0.,0.0001,0.));
#14889=CARTESIAN_POINT('',(0.002275,0.0001,-0.000575));
#14890=CARTESIAN_POINT('',(0.002275,0.0001,-0.000575));
#14891=CARTESIAN_POINT('',(0.002275,0.0001,-0.000575));
#14892=CARTESIAN_POINT('',(0.002275,0.0001,-0.000575));
#14893=CARTESIAN_POINT('',(0.001775,0.0001,-0.000575));
#14894=CARTESIAN_POINT('',(0.001775,0.0001,-0.000575));
#14895=CARTESIAN_POINT('',(0.001775,0.0001,-0.000575));
#14896=CARTESIAN_POINT('',(0.001775,0.0001,-0.000575));
#14897=CARTESIAN_POINT('',(0.001775,0.0001,-0.000325));
#14898=CARTESIAN_POINT('',(0.001775,0.0001,-0.000325));
#14899=CARTESIAN_POINT('',(0.002275,0.0001,-0.000325));
#14900=CARTESIAN_POINT('',(0.002275,0.0001,-0.000325));
#14901=CARTESIAN_POINT('',(0.002275,0.0001,-0.000325));
#14902=CARTESIAN_POINT('',(0.002275,0.0001,-0.000325));
#14903=CARTESIAN_POINT('',(0.002275,0.0001,-0.000575));
#14904=CARTESIAN_POINT('',(0.002275,0.0001,-0.000575));
#14905=CARTESIAN_POINT('',(0.,0.0001,0.));
#14906=CARTESIAN_POINT('',(0.002275,0.0001,-0.002375));
#14907=CARTESIAN_POINT('',(0.002275,0.0001,-0.002375));
#14908=CARTESIAN_POINT('',(0.002275,0.0001,-0.002375));
#14909=CARTESIAN_POINT('',(0.002275,0.0001,-0.002375));
#14910=CARTESIAN_POINT('',(0.001775,0.0001,-0.002375));
#14911=CARTESIAN_POINT('',(0.001775,0.0001,-0.002375));
#14912=CARTESIAN_POINT('',(0.001775,0.0001,-0.002375));
#14913=CARTESIAN_POINT('',(0.001775,0.0001,-0.002375));
#14914=CARTESIAN_POINT('',(0.001775,0.0001,-0.002125));
#14915=CARTESIAN_POINT('',(0.001775,0.0001,-0.002125));
#14916=CARTESIAN_POINT('',(0.002275,0.0001,-0.002125));
#14917=CARTESIAN_POINT('',(0.002275,0.0001,-0.002125));
#14918=CARTESIAN_POINT('',(0.002275,0.0001,-0.002125));
#14919=CARTESIAN_POINT('',(0.002275,0.0001,-0.002125));
#14920=CARTESIAN_POINT('',(0.002275,0.0001,-0.002375));
#14921=CARTESIAN_POINT('',(0.002275,0.0001,-0.002375));
#14922=CARTESIAN_POINT('',(0.,0.0001,0.));
#14923=CARTESIAN_POINT('',(0.002275,0.0001,-0.003175));
#14924=CARTESIAN_POINT('',(0.002275,0.0001,-0.003175));
#14925=CARTESIAN_POINT('',(0.002275,0.0001,-0.003175));
#14926=CARTESIAN_POINT('',(0.002275,0.0001,-0.003175));
#14927=CARTESIAN_POINT('',(0.0019,0.0001,-0.003175));
#14928=CARTESIAN_POINT('',(0.0019,0.0001,-0.003175));
#14929=CARTESIAN_POINT('',(0.0019,0.0001,-0.003175));
#14930=CARTESIAN_POINT('',(0.0019,0.0001,-0.003175));
#14931=CARTESIAN_POINT('',(0.0019,0.0001,-0.002675));
#14932=CARTESIAN_POINT('',(0.0019,0.0001,-0.002675));
#14933=CARTESIAN_POINT('',(0.002275,0.0001,-0.002675));
#14934=CARTESIAN_POINT('',(0.002275,0.0001,-0.002675));
#14935=CARTESIAN_POINT('',(0.002275,0.0001,-0.002675));
#14936=CARTESIAN_POINT('',(0.002275,0.0001,-0.002675));
#14937=CARTESIAN_POINT('',(0.002275,0.0001,-0.003175));
#14938=CARTESIAN_POINT('',(0.002275,0.0001,-0.003175));
#14939=CARTESIAN_POINT('',(0.,0.0001,0.));
#14940=CARTESIAN_POINT('',(0.002275,0.0001,-0.001925));
#14941=CARTESIAN_POINT('',(0.002275,0.0001,-0.001925));
#14942=CARTESIAN_POINT('',(0.002275,0.0001,-0.001925));
#14943=CARTESIAN_POINT('',(0.002275,0.0001,-0.001925));
#14944=CARTESIAN_POINT('',(0.001775,0.0001,-0.001925));
#14945=CARTESIAN_POINT('',(0.001775,0.0001,-0.001925));
#14946=CARTESIAN_POINT('',(0.001775,0.0001,-0.001925));
#14947=CARTESIAN_POINT('',(0.001775,0.0001,-0.001925));
#14948=CARTESIAN_POINT('',(0.001775,0.0001,-0.001675));
#14949=CARTESIAN_POINT('',(0.001775,0.0001,-0.001675));
#14950=CARTESIAN_POINT('',(0.002275,0.0001,-0.001675));
#14951=CARTESIAN_POINT('',(0.002275,0.0001,-0.001675));
#14952=CARTESIAN_POINT('',(0.002275,0.0001,-0.001675));
#14953=CARTESIAN_POINT('',(0.002275,0.0001,-0.001675));
#14954=CARTESIAN_POINT('',(0.002275,0.0001,-0.001925));
#14955=CARTESIAN_POINT('',(0.002275,0.0001,-0.001925));
#14956=CARTESIAN_POINT('',(0.,0.0001,0.));
#14957=CARTESIAN_POINT('',(0.002275,0.0001,-0.001475));
#14958=CARTESIAN_POINT('',(0.002275,0.0001,-0.001475));
#14959=CARTESIAN_POINT('',(0.002275,0.0001,-0.001475));
#14960=CARTESIAN_POINT('',(0.002275,0.0001,-0.001475));
#14961=CARTESIAN_POINT('',(0.001775,0.0001,-0.001475));
#14962=CARTESIAN_POINT('',(0.001775,0.0001,-0.001475));
#14963=CARTESIAN_POINT('',(0.001775,0.0001,-0.001475));
#14964=CARTESIAN_POINT('',(0.001775,0.0001,-0.001475));
#14965=CARTESIAN_POINT('',(0.001775,0.0001,-0.001225));
#14966=CARTESIAN_POINT('',(0.001775,0.0001,-0.001225));
#14967=CARTESIAN_POINT('',(0.002275,0.0001,-0.001225));
#14968=CARTESIAN_POINT('',(0.002275,0.0001,-0.001225));
#14969=CARTESIAN_POINT('',(0.002275,0.0001,-0.001225));
#14970=CARTESIAN_POINT('',(0.002275,0.0001,-0.001225));
#14971=CARTESIAN_POINT('',(0.002275,0.0001,-0.001475));
#14972=CARTESIAN_POINT('',(0.002275,0.0001,-0.001475));
#14973=CARTESIAN_POINT('',(0.,0.0001,0.));
#14974=CARTESIAN_POINT('',(0.002275,0.0001,-0.001025));
#14975=CARTESIAN_POINT('',(0.002275,0.0001,-0.001025));
#14976=CARTESIAN_POINT('',(0.002275,0.0001,-0.001025));
#14977=CARTESIAN_POINT('',(0.002275,0.0001,-0.001025));
#14978=CARTESIAN_POINT('',(0.001775,0.0001,-0.001025));
#14979=CARTESIAN_POINT('',(0.001775,0.0001,-0.001025));
#14980=CARTESIAN_POINT('',(0.001775,0.0001,-0.001025));
#14981=CARTESIAN_POINT('',(0.001775,0.0001,-0.001025));
#14982=CARTESIAN_POINT('',(0.001775,0.0001,-0.000775));
#14983=CARTESIAN_POINT('',(0.001775,0.0001,-0.000775));
#14984=CARTESIAN_POINT('',(0.002275,0.0001,-0.000775));
#14985=CARTESIAN_POINT('',(0.002275,0.0001,-0.000775));
#14986=CARTESIAN_POINT('',(0.002275,0.0001,-0.000775));
#14987=CARTESIAN_POINT('',(0.002275,0.0001,-0.000775));
#14988=CARTESIAN_POINT('',(0.002275,0.0001,-0.001025));
#14989=CARTESIAN_POINT('',(0.002275,0.0001,-0.001025));
#14990=CARTESIAN_POINT('',(0.,0.0001,0.));
#14991=CARTESIAN_POINT('',(0.,0.,0.));
#14992=CARTESIAN_POINT('',(0.00227499999999997,0.0001,0.000325));
#14993=CARTESIAN_POINT('',(0.00227499999999997,0.,0.000325));
#14994=CARTESIAN_POINT('',(0.00227499999999997,0.,0.000325));
#14995=CARTESIAN_POINT('',(0.00177499999999998,0.,0.000325));
#14996=CARTESIAN_POINT('',(0.00177499999999998,0.0001,0.000325));
#14997=CARTESIAN_POINT('',(0.00177499999999998,0.0001,0.000325));
#14998=CARTESIAN_POINT('',(0.,0.0001,0.000325));
#14999=CARTESIAN_POINT('',(0.00227499999999997,0.0001,0.000325));
#15000=CARTESIAN_POINT('',(0.00227499999999997,0.0001,0.000325));
#15001=CARTESIAN_POINT('',(0.00177499999999998,0.0001,0.000325));
#15002=CARTESIAN_POINT('',(0.00177499999999998,0.,0.000325));
#15003=CARTESIAN_POINT('',(0.00177499999999998,0.,0.000575));
#15004=CARTESIAN_POINT('',(0.00177499999999998,0.0001,0.000575));
#15005=CARTESIAN_POINT('',(0.00177499999999998,0.0001,0.000575));
#15006=CARTESIAN_POINT('',(0.00177499999999998,0.0001,0.));
#15007=CARTESIAN_POINT('',(0.00227499999999997,0.0001,0.000575));
#15008=CARTESIAN_POINT('',(0.00227499999999997,0.,0.000575));
#15009=CARTESIAN_POINT('',(0.00227499999999997,0.,0.000575));
#15010=CARTESIAN_POINT('',(0.00227499999999997,0.0001,0.000575));
#15011=CARTESIAN_POINT('',(0.00227499999999997,0.0001,0.000575));
#15012=CARTESIAN_POINT('',(0.,0.0001,0.000575));
#15013=CARTESIAN_POINT('',(0.00227499999999997,0.0001,0.000325));
#15014=CARTESIAN_POINT('',(0.00227499999999997,0.,0.000325));
#15015=CARTESIAN_POINT('',(0.00227499999999997,0.0001,0.));
#15016=CARTESIAN_POINT('',(0.,0.0001,0.));
#15017=CARTESIAN_POINT('',(0.,0.,0.));
#15018=CARTESIAN_POINT('',(0.,0.,0.));
#15019=CARTESIAN_POINT('',(-0.00035,0.0001,-0.003175));
#15020=CARTESIAN_POINT('',(-0.00035,0.,-0.003175));
#15021=CARTESIAN_POINT('',(-0.00035,0.,-0.003175));
#15022=CARTESIAN_POINT('',(-0.00035,0.,-0.002675));
#15023=CARTESIAN_POINT('',(-0.00035,0.0001,-0.002675));
#15024=CARTESIAN_POINT('',(-0.00035,0.0001,-0.002675));
#15025=CARTESIAN_POINT('',(-0.00035,0.0001,0.));
#15026=CARTESIAN_POINT('',(-0.00035,0.0001,-0.003175));
#15027=CARTESIAN_POINT('',(-0.00035,0.0001,-0.003175));
#15028=CARTESIAN_POINT('',(-0.00035,0.0001,-0.002675));
#15029=CARTESIAN_POINT('',(-0.00035,0.,-0.002675));
#15030=CARTESIAN_POINT('',(-9.99999999999977E-5,0.,-0.002675));
#15031=CARTESIAN_POINT('',(-9.99999999999977E-5,0.0001,-0.002675));
#15032=CARTESIAN_POINT('',(-9.99999999999977E-5,0.0001,-0.002675));
#15033=CARTESIAN_POINT('',(0.,0.0001,-0.002675));
#15034=CARTESIAN_POINT('',(-9.99999999999977E-5,0.0001,-0.003175));
#15035=CARTESIAN_POINT('',(-9.99999999999977E-5,0.,-0.003175));
#15036=CARTESIAN_POINT('',(-9.99999999999976E-5,0.,-0.003175));
#15037=CARTESIAN_POINT('',(-9.99999999999976E-5,0.0001,-0.003175));
#15038=CARTESIAN_POINT('',(-9.99999999999976E-5,0.0001,-0.003175));
#15039=CARTESIAN_POINT('',(-9.99999999999977E-5,0.0001,0.));
#15040=CARTESIAN_POINT('',(-0.00035,0.0001,-0.003175));
#15041=CARTESIAN_POINT('',(-0.00035,0.,-0.003175));
#15042=CARTESIAN_POINT('',(0.,0.0001,-0.003175));
#15043=CARTESIAN_POINT('',(0.,0.0001,0.));
#15044=CARTESIAN_POINT('',(0.,0.,0.));
#15045=CARTESIAN_POINT('',(0.,0.,0.));
#15046=CARTESIAN_POINT('',(-0.002275,0.0001,-0.002375));
#15047=CARTESIAN_POINT('',(-0.002275,0.,-0.002375));
#15048=CARTESIAN_POINT('',(-0.002275,0.,-0.002375));
#15049=CARTESIAN_POINT('',(-0.002275,0.,-0.002125));
#15050=CARTESIAN_POINT('',(-0.002275,0.0001,-0.002125));
#15051=CARTESIAN_POINT('',(-0.002275,0.0001,-0.002125));
#15052=CARTESIAN_POINT('',(-0.002275,0.0001,0.));
#15053=CARTESIAN_POINT('',(-0.002275,0.0001,-0.002375));
#15054=CARTESIAN_POINT('',(-0.002275,0.0001,-0.002375));
#15055=CARTESIAN_POINT('',(-0.002275,0.0001,-0.002125));
#15056=CARTESIAN_POINT('',(-0.002275,0.,-0.002125));
#15057=CARTESIAN_POINT('',(-0.001775,0.,-0.002125));
#15058=CARTESIAN_POINT('',(-0.001775,0.0001,-0.002125));
#15059=CARTESIAN_POINT('',(-0.001775,0.0001,-0.002125));
#15060=CARTESIAN_POINT('',(0.,0.0001,-0.002125));
#15061=CARTESIAN_POINT('',(-0.001775,0.0001,-0.002375));
#15062=CARTESIAN_POINT('',(-0.001775,0.,-0.002375));
#15063=CARTESIAN_POINT('',(-0.001775,0.,-0.002375));
#15064=CARTESIAN_POINT('',(-0.001775,0.0001,-0.002375));
#15065=CARTESIAN_POINT('',(-0.001775,0.0001,-0.002375));
#15066=CARTESIAN_POINT('',(-0.001775,0.0001,0.));
#15067=CARTESIAN_POINT('',(-0.002275,0.0001,-0.002375));
#15068=CARTESIAN_POINT('',(-0.002275,0.,-0.002375));
#15069=CARTESIAN_POINT('',(0.,0.0001,-0.002375));
#15070=CARTESIAN_POINT('',(0.,0.0001,0.));
#15071=CARTESIAN_POINT('',(0.,0.,0.));
#15072=CARTESIAN_POINT('',(0.,0.,0.));
#15073=CARTESIAN_POINT('',(0.00227499999999997,0.0001,0.000775));
#15074=CARTESIAN_POINT('',(0.00227499999999997,0.,0.000775));
#15075=CARTESIAN_POINT('',(0.00227499999999997,0.,0.000775));
#15076=CARTESIAN_POINT('',(0.00177499999999997,0.,0.000775));
#15077=CARTESIAN_POINT('',(0.00177499999999997,0.0001,0.000775));
#15078=CARTESIAN_POINT('',(0.00177499999999997,0.0001,0.000775));
#15079=CARTESIAN_POINT('',(0.,0.0001,0.000775));
#15080=CARTESIAN_POINT('',(0.00227499999999997,0.0001,0.000775));
#15081=CARTESIAN_POINT('',(0.00227499999999997,0.0001,0.000775));
#15082=CARTESIAN_POINT('',(0.00177499999999997,0.0001,0.000775));
#15083=CARTESIAN_POINT('',(0.00177499999999997,0.,0.000775));
#15084=CARTESIAN_POINT('',(0.00177499999999997,0.,0.001025));
#15085=CARTESIAN_POINT('',(0.00177499999999997,0.0001,0.001025));
#15086=CARTESIAN_POINT('',(0.00177499999999997,0.0001,0.001025));
#15087=CARTESIAN_POINT('',(0.00177499999999997,0.0001,0.));
#15088=CARTESIAN_POINT('',(0.00227499999999997,0.0001,0.001025));
#15089=CARTESIAN_POINT('',(0.00227499999999997,0.,0.001025));
#15090=CARTESIAN_POINT('',(0.00227499999999997,0.,0.001025));
#15091=CARTESIAN_POINT('',(0.00227499999999997,0.0001,0.001025));
#15092=CARTESIAN_POINT('',(0.00227499999999997,0.0001,0.001025));
#15093=CARTESIAN_POINT('',(0.,0.0001,0.001025));
#15094=CARTESIAN_POINT('',(0.00227499999999997,0.0001,0.000775));
#15095=CARTESIAN_POINT('',(0.00227499999999997,0.,0.000775));
#15096=CARTESIAN_POINT('',(0.00227499999999997,0.0001,0.));
#15097=CARTESIAN_POINT('',(0.,0.0001,0.));
#15098=CARTESIAN_POINT('',(0.,0.,0.));
#15099=CARTESIAN_POINT('',(0.,0.,0.));
#15100=CARTESIAN_POINT('',(-0.0008,0.0001,-0.003175));
#15101=CARTESIAN_POINT('',(-0.0008,0.,-0.003175));
#15102=CARTESIAN_POINT('',(-0.0008,0.,-0.003175));
#15103=CARTESIAN_POINT('',(-0.0008,0.,-0.002675));
#15104=CARTESIAN_POINT('',(-0.0008,0.0001,-0.002675));
#15105=CARTESIAN_POINT('',(-0.0008,0.0001,-0.002675));
#15106=CARTESIAN_POINT('',(-0.0008,0.0001,0.));
#15107=CARTESIAN_POINT('',(-0.0008,0.0001,-0.003175));
#15108=CARTESIAN_POINT('',(-0.0008,0.0001,-0.003175));
#15109=CARTESIAN_POINT('',(-0.0008,0.0001,-0.002675));
#15110=CARTESIAN_POINT('',(-0.0008,0.,-0.002675));
#15111=CARTESIAN_POINT('',(-0.00055,0.,-0.002675));
#15112=CARTESIAN_POINT('',(-0.00055,0.0001,-0.002675));
#15113=CARTESIAN_POINT('',(-0.00055,0.0001,-0.002675));
#15114=CARTESIAN_POINT('',(0.,0.0001,-0.002675));
#15115=CARTESIAN_POINT('',(-0.00055,0.0001,-0.003175));
#15116=CARTESIAN_POINT('',(-0.00055,0.,-0.003175));
#15117=CARTESIAN_POINT('',(-0.00055,0.,-0.003175));
#15118=CARTESIAN_POINT('',(-0.00055,0.0001,-0.003175));
#15119=CARTESIAN_POINT('',(-0.00055,0.0001,-0.003175));
#15120=CARTESIAN_POINT('',(-0.00055,0.0001,0.));
#15121=CARTESIAN_POINT('',(-0.0008,0.0001,-0.003175));
#15122=CARTESIAN_POINT('',(-0.0008,0.,-0.003175));
#15123=CARTESIAN_POINT('',(0.,0.0001,-0.003175));
#15124=CARTESIAN_POINT('',(0.,0.0001,0.));
#15125=CARTESIAN_POINT('',(0.,0.,0.));
#15126=CARTESIAN_POINT('',(0.,0.,0.));
#15127=CARTESIAN_POINT('',(-0.002275,0.0001,-0.003175));
#15128=CARTESIAN_POINT('',(-0.002275,0.,-0.003175));
#15129=CARTESIAN_POINT('',(-0.002275,0.,-0.003175));
#15130=CARTESIAN_POINT('',(-0.002275,0.,-0.002675));
#15131=CARTESIAN_POINT('',(-0.002275,0.0001,-0.002675));
#15132=CARTESIAN_POINT('',(-0.002275,0.0001,-0.002675));
#15133=CARTESIAN_POINT('',(-0.002275,0.0001,0.));
#15134=CARTESIAN_POINT('',(-0.002275,0.0001,-0.003175));
#15135=CARTESIAN_POINT('',(-0.002275,0.0001,-0.003175));
#15136=CARTESIAN_POINT('',(-0.002275,0.0001,-0.002675));
#15137=CARTESIAN_POINT('',(-0.002275,0.,-0.002675));
#15138=CARTESIAN_POINT('',(-0.0019,0.,-0.002675));
#15139=CARTESIAN_POINT('',(-0.0019,0.0001,-0.002675));
#15140=CARTESIAN_POINT('',(-0.0019,0.0001,-0.002675));
#15141=CARTESIAN_POINT('',(0.,0.0001,-0.002675));
#15142=CARTESIAN_POINT('',(-0.0019,0.0001,-0.003175));
#15143=CARTESIAN_POINT('',(-0.0019,0.,-0.003175));
#15144=CARTESIAN_POINT('',(-0.0019,0.,-0.003175));
#15145=CARTESIAN_POINT('',(-0.0019,0.0001,-0.003175));
#15146=CARTESIAN_POINT('',(-0.0019,0.0001,-0.003175));
#15147=CARTESIAN_POINT('',(-0.0019,0.0001,0.));
#15148=CARTESIAN_POINT('',(-0.002275,0.0001,-0.003175));
#15149=CARTESIAN_POINT('',(-0.002275,0.,-0.003175));
#15150=CARTESIAN_POINT('',(0.,0.0001,-0.003175));
#15151=CARTESIAN_POINT('',(0.,0.0001,0.));
#15152=CARTESIAN_POINT('',(0.,0.,0.));
#15153=CARTESIAN_POINT('',(0.,0.,0.));
#15154=CARTESIAN_POINT('',(0.00227499999999996,0.0001,0.001225));
#15155=CARTESIAN_POINT('',(0.00227499999999996,0.,0.001225));
#15156=CARTESIAN_POINT('',(0.00227499999999996,0.,0.001225));
#15157=CARTESIAN_POINT('',(0.00177499999999997,0.,0.001225));
#15158=CARTESIAN_POINT('',(0.00177499999999997,0.0001,0.001225));
#15159=CARTESIAN_POINT('',(0.00177499999999997,0.0001,0.001225));
#15160=CARTESIAN_POINT('',(0.,0.0001,0.001225));
#15161=CARTESIAN_POINT('',(0.00227499999999996,0.0001,0.001225));
#15162=CARTESIAN_POINT('',(0.00227499999999996,0.0001,0.001225));
#15163=CARTESIAN_POINT('',(0.00177499999999997,0.0001,0.001225));
#15164=CARTESIAN_POINT('',(0.00177499999999997,0.,0.001225));
#15165=CARTESIAN_POINT('',(0.00177499999999997,0.,0.001475));
#15166=CARTESIAN_POINT('',(0.00177499999999997,0.0001,0.001475));
#15167=CARTESIAN_POINT('',(0.00177499999999997,0.0001,0.001475));
#15168=CARTESIAN_POINT('',(0.00177499999999997,0.0001,0.));
#15169=CARTESIAN_POINT('',(0.00227499999999996,0.0001,0.001475));
#15170=CARTESIAN_POINT('',(0.00227499999999996,0.,0.001475));
#15171=CARTESIAN_POINT('',(0.00227499999999996,0.,0.001475));
#15172=CARTESIAN_POINT('',(0.00227499999999996,0.0001,0.001475));
#15173=CARTESIAN_POINT('',(0.00227499999999996,0.0001,0.001475));
#15174=CARTESIAN_POINT('',(0.,0.0001,0.001475));
#15175=CARTESIAN_POINT('',(0.00227499999999996,0.0001,0.001225));
#15176=CARTESIAN_POINT('',(0.00227499999999996,0.,0.001225));
#15177=CARTESIAN_POINT('',(0.00227499999999996,0.0001,0.));
#15178=CARTESIAN_POINT('',(0.,0.0001,0.));
#15179=CARTESIAN_POINT('',(0.,0.,0.));
#15180=CARTESIAN_POINT('',(0.,0.,0.));
#15181=CARTESIAN_POINT('',(-0.00227499999999996,0.0001,0.001675));
#15182=CARTESIAN_POINT('',(-0.00227499999999996,0.,0.001675));
#15183=CARTESIAN_POINT('',(-0.00227499999999996,0.,0.001675));
#15184=CARTESIAN_POINT('',(-0.00227499999999996,0.,0.001925));
#15185=CARTESIAN_POINT('',(-0.00227499999999996,0.0001,0.001925));
#15186=CARTESIAN_POINT('',(-0.00227499999999996,0.0001,0.001925));
#15187=CARTESIAN_POINT('',(-0.00227499999999996,0.0001,0.));
#15188=CARTESIAN_POINT('',(-0.00227499999999996,0.0001,0.001675));
#15189=CARTESIAN_POINT('',(-0.00227499999999996,0.0001,0.001675));
#15190=CARTESIAN_POINT('',(-0.00227499999999996,0.0001,0.001925));
#15191=CARTESIAN_POINT('',(-0.00227499999999996,0.,0.001925));
#15192=CARTESIAN_POINT('',(-0.00177499999999996,0.,0.001925));
#15193=CARTESIAN_POINT('',(-0.00177499999999996,0.0001,0.001925));
#15194=CARTESIAN_POINT('',(-0.00177499999999996,0.0001,0.001925));
#15195=CARTESIAN_POINT('',(0.,0.0001,0.001925));
#15196=CARTESIAN_POINT('',(-0.00177499999999996,0.0001,0.001675));
#15197=CARTESIAN_POINT('',(-0.00177499999999996,0.,0.001675));
#15198=CARTESIAN_POINT('',(-0.00177499999999996,0.,0.001675));
#15199=CARTESIAN_POINT('',(-0.00177499999999996,0.0001,0.001675));
#15200=CARTESIAN_POINT('',(-0.00177499999999996,0.0001,0.001675));
#15201=CARTESIAN_POINT('',(-0.00177499999999996,0.0001,0.));
#15202=CARTESIAN_POINT('',(-0.00227499999999996,0.0001,0.001675));
#15203=CARTESIAN_POINT('',(-0.00227499999999996,0.,0.001675));
#15204=CARTESIAN_POINT('',(0.,0.0001,0.001675));
#15205=CARTESIAN_POINT('',(0.,0.0001,0.));
#15206=CARTESIAN_POINT('',(0.,0.,0.));
#15207=CARTESIAN_POINT('',(0.,0.,0.));
#15208=CARTESIAN_POINT('',(0.00227499999999996,0.0001,0.001675));
#15209=CARTESIAN_POINT('',(0.00227499999999996,0.,0.001675));
#15210=CARTESIAN_POINT('',(0.00227499999999996,0.,0.001675));
#15211=CARTESIAN_POINT('',(0.00177499999999996,0.,0.001675));
#15212=CARTESIAN_POINT('',(0.00177499999999996,0.0001,0.001675));
#15213=CARTESIAN_POINT('',(0.00177499999999996,0.0001,0.001675));
#15214=CARTESIAN_POINT('',(0.,0.0001,0.001675));
#15215=CARTESIAN_POINT('',(0.00227499999999996,0.0001,0.001675));
#15216=CARTESIAN_POINT('',(0.00227499999999996,0.0001,0.001675));
#15217=CARTESIAN_POINT('',(0.00177499999999996,0.0001,0.001675));
#15218=CARTESIAN_POINT('',(0.00177499999999996,0.,0.001675));
#15219=CARTESIAN_POINT('',(0.00177499999999996,0.,0.001925));
#15220=CARTESIAN_POINT('',(0.00177499999999996,0.0001,0.001925));
#15221=CARTESIAN_POINT('',(0.00177499999999996,0.0001,0.001925));
#15222=CARTESIAN_POINT('',(0.00177499999999996,0.0001,0.));
#15223=CARTESIAN_POINT('',(0.00227499999999996,0.0001,0.001925));
#15224=CARTESIAN_POINT('',(0.00227499999999996,0.,0.001925));
#15225=CARTESIAN_POINT('',(0.00227499999999996,0.,0.001925));
#15226=CARTESIAN_POINT('',(0.00227499999999996,0.0001,0.001925));
#15227=CARTESIAN_POINT('',(0.00227499999999996,0.0001,0.001925));
#15228=CARTESIAN_POINT('',(0.,0.0001,0.001925));
#15229=CARTESIAN_POINT('',(0.00227499999999996,0.0001,0.001675));
#15230=CARTESIAN_POINT('',(0.00227499999999996,0.,0.001675));
#15231=CARTESIAN_POINT('',(0.00227499999999996,0.0001,0.));
#15232=CARTESIAN_POINT('',(0.,0.0001,0.));
#15233=CARTESIAN_POINT('',(0.,0.,0.));
#15234=CARTESIAN_POINT('',(0.,0.,0.));
#15235=CARTESIAN_POINT('',(0.002275,0.0001,-0.001925));
#15236=CARTESIAN_POINT('',(0.002275,0.,-0.001925));
#15237=CARTESIAN_POINT('',(0.002275,0.,-0.001925));
#15238=CARTESIAN_POINT('',(0.001775,0.,-0.001925));
#15239=CARTESIAN_POINT('',(0.001775,0.0001,-0.001925));
#15240=CARTESIAN_POINT('',(0.001775,0.0001,-0.001925));
#15241=CARTESIAN_POINT('',(0.,0.0001,-0.001925));
#15242=CARTESIAN_POINT('',(0.002275,0.0001,-0.001925));
#15243=CARTESIAN_POINT('',(0.002275,0.0001,-0.001925));
#15244=CARTESIAN_POINT('',(0.001775,0.0001,-0.001925));
#15245=CARTESIAN_POINT('',(0.001775,0.,-0.001925));
#15246=CARTESIAN_POINT('',(0.001775,0.,-0.001675));
#15247=CARTESIAN_POINT('',(0.001775,0.0001,-0.001675));
#15248=CARTESIAN_POINT('',(0.001775,0.0001,-0.001675));
#15249=CARTESIAN_POINT('',(0.001775,0.0001,0.));
#15250=CARTESIAN_POINT('',(0.002275,0.0001,-0.001675));
#15251=CARTESIAN_POINT('',(0.002275,0.,-0.001675));
#15252=CARTESIAN_POINT('',(0.002275,0.,-0.001675));
#15253=CARTESIAN_POINT('',(0.002275,0.0001,-0.001675));
#15254=CARTESIAN_POINT('',(0.002275,0.0001,-0.001675));
#15255=CARTESIAN_POINT('',(0.,0.0001,-0.001675));
#15256=CARTESIAN_POINT('',(0.002275,0.0001,-0.001925));
#15257=CARTESIAN_POINT('',(0.002275,0.,-0.001925));
#15258=CARTESIAN_POINT('',(0.002275,0.0001,0.));
#15259=CARTESIAN_POINT('',(0.,0.0001,0.));
#15260=CARTESIAN_POINT('',(0.,0.,0.));
#15261=CARTESIAN_POINT('',(0.,0.,0.));
#15262=CARTESIAN_POINT('',(0.000100000000000006,0.0001,0.003175));
#15263=CARTESIAN_POINT('',(0.000100000000000006,0.,0.003175));
#15264=CARTESIAN_POINT('',(0.000100000000000006,0.,0.003175));
#15265=CARTESIAN_POINT('',(0.000350000000000005,0.,0.003175));
#15266=CARTESIAN_POINT('',(0.000350000000000005,0.0001,0.003175));
#15267=CARTESIAN_POINT('',(0.000350000000000005,0.0001,0.003175));
#15268=CARTESIAN_POINT('',(0.,0.0001,0.003175));
#15269=CARTESIAN_POINT('',(0.000100000000000006,0.0001,0.003175));
#15270=CARTESIAN_POINT('',(0.000100000000000006,0.0001,0.003175));
#15271=CARTESIAN_POINT('',(0.000350000000000005,0.0001,0.003175));
#15272=CARTESIAN_POINT('',(0.000350000000000005,0.,0.003175));
#15273=CARTESIAN_POINT('',(0.000350000000000005,0.,0.002675));
#15274=CARTESIAN_POINT('',(0.000350000000000005,0.0001,0.002675));
#15275=CARTESIAN_POINT('',(0.000350000000000005,0.0001,0.002675));
#15276=CARTESIAN_POINT('',(0.000350000000000005,0.0001,0.));
#15277=CARTESIAN_POINT('',(0.000100000000000005,0.0001,0.002675));
#15278=CARTESIAN_POINT('',(0.000100000000000005,0.,0.002675));
#15279=CARTESIAN_POINT('',(0.000100000000000006,0.,0.002675));
#15280=CARTESIAN_POINT('',(0.000100000000000006,0.0001,0.002675));
#15281=CARTESIAN_POINT('',(0.000100000000000005,0.0001,0.002675));
#15282=CARTESIAN_POINT('',(0.,0.0001,0.002675));
#15283=CARTESIAN_POINT('',(0.000100000000000006,0.0001,0.003175));
#15284=CARTESIAN_POINT('',(0.000100000000000006,0.,0.003175));
#15285=CARTESIAN_POINT('',(0.000100000000000005,0.0001,0.));
#15286=CARTESIAN_POINT('',(0.,0.0001,0.));
#15287=CARTESIAN_POINT('',(0.,0.,0.));
#15288=CARTESIAN_POINT('',(0.,0.,0.));
#15289=CARTESIAN_POINT('',(0.00227499999999996,0.0001,0.002125));
#15290=CARTESIAN_POINT('',(0.00227499999999996,0.,0.002125));
#15291=CARTESIAN_POINT('',(0.00227499999999996,0.,0.002125));
#15292=CARTESIAN_POINT('',(0.00177499999999995,0.,0.002125));
#15293=CARTESIAN_POINT('',(0.00177499999999995,0.0001,0.002125));
#15294=CARTESIAN_POINT('',(0.00177499999999995,0.0001,0.002125));
#15295=CARTESIAN_POINT('',(0.,0.0001,0.002125));
#15296=CARTESIAN_POINT('',(0.00227499999999996,0.0001,0.002125));
#15297=CARTESIAN_POINT('',(0.00227499999999996,0.0001,0.002125));
#15298=CARTESIAN_POINT('',(0.00177499999999995,0.0001,0.002125));
#15299=CARTESIAN_POINT('',(0.00177499999999995,0.,0.002125));
#15300=CARTESIAN_POINT('',(0.00177499999999995,0.,0.002375));
#15301=CARTESIAN_POINT('',(0.00177499999999995,0.0001,0.002375));
#15302=CARTESIAN_POINT('',(0.00177499999999995,0.0001,0.002375));
#15303=CARTESIAN_POINT('',(0.00177499999999995,0.0001,0.));
#15304=CARTESIAN_POINT('',(0.00227499999999996,0.0001,0.002375));
#15305=CARTESIAN_POINT('',(0.00227499999999996,0.,0.002375));
#15306=CARTESIAN_POINT('',(0.00227499999999996,0.,0.002375));
#15307=CARTESIAN_POINT('',(0.00227499999999996,0.0001,0.002375));
#15308=CARTESIAN_POINT('',(0.00227499999999996,0.0001,0.002375));
#15309=CARTESIAN_POINT('',(0.,0.0001,0.002375));
#15310=CARTESIAN_POINT('',(0.00227499999999996,0.0001,0.002125));
#15311=CARTESIAN_POINT('',(0.00227499999999996,0.,0.002125));
#15312=CARTESIAN_POINT('',(0.00227499999999996,0.0001,0.));
#15313=CARTESIAN_POINT('',(0.,0.0001,0.));
#15314=CARTESIAN_POINT('',(0.,0.,0.));
#15315=CARTESIAN_POINT('',(0.,0.,0.));
#15316=CARTESIAN_POINT('',(-0.00125,0.0001,-0.003175));
#15317=CARTESIAN_POINT('',(-0.00125,0.,-0.003175));
#15318=CARTESIAN_POINT('',(-0.00125,0.,-0.003175));
#15319=CARTESIAN_POINT('',(-0.00125,0.,-0.002675));
#15320=CARTESIAN_POINT('',(-0.00125,0.0001,-0.002675));
#15321=CARTESIAN_POINT('',(-0.00125,0.0001,-0.002675));
#15322=CARTESIAN_POINT('',(-0.00125,0.0001,0.));
#15323=CARTESIAN_POINT('',(-0.00125,0.0001,-0.003175));
#15324=CARTESIAN_POINT('',(-0.00125,0.0001,-0.003175));
#15325=CARTESIAN_POINT('',(-0.00125,0.0001,-0.002675));
#15326=CARTESIAN_POINT('',(-0.00125,0.,-0.002675));
#15327=CARTESIAN_POINT('',(-0.001,0.,-0.002675));
#15328=CARTESIAN_POINT('',(-0.001,0.0001,-0.002675));
#15329=CARTESIAN_POINT('',(-0.001,0.0001,-0.002675));
#15330=CARTESIAN_POINT('',(0.,0.0001,-0.002675));
#15331=CARTESIAN_POINT('',(-0.001,0.0001,-0.003175));
#15332=CARTESIAN_POINT('',(-0.001,0.,-0.003175));
#15333=CARTESIAN_POINT('',(-0.001,0.,-0.003175));
#15334=CARTESIAN_POINT('',(-0.001,0.0001,-0.003175));
#15335=CARTESIAN_POINT('',(-0.001,0.0001,-0.003175));
#15336=CARTESIAN_POINT('',(-0.001,0.0001,0.));
#15337=CARTESIAN_POINT('',(-0.00125,0.0001,-0.003175));
#15338=CARTESIAN_POINT('',(-0.00125,0.,-0.003175));
#15339=CARTESIAN_POINT('',(0.,0.0001,-0.003175));
#15340=CARTESIAN_POINT('',(0.,0.0001,0.));
#15341=CARTESIAN_POINT('',(0.,0.,0.));
#15342=CARTESIAN_POINT('',(0.,0.,0.));
#15343=CARTESIAN_POINT('',(-0.0017,0.0001,-0.003175));
#15344=CARTESIAN_POINT('',(-0.0017,0.,-0.003175));
#15345=CARTESIAN_POINT('',(-0.0017,0.,-0.003175));
#15346=CARTESIAN_POINT('',(-0.0017,0.,-0.002675));
#15347=CARTESIAN_POINT('',(-0.0017,0.0001,-0.002675));
#15348=CARTESIAN_POINT('',(-0.0017,0.0001,-0.002675));
#15349=CARTESIAN_POINT('',(-0.0017,0.0001,0.));
#15350=CARTESIAN_POINT('',(-0.0017,0.0001,-0.003175));
#15351=CARTESIAN_POINT('',(-0.0017,0.0001,-0.003175));
#15352=CARTESIAN_POINT('',(-0.0017,0.0001,-0.002675));
#15353=CARTESIAN_POINT('',(-0.0017,0.,-0.002675));
#15354=CARTESIAN_POINT('',(-0.00145,0.,-0.002675));
#15355=CARTESIAN_POINT('',(-0.00145,0.0001,-0.002675));
#15356=CARTESIAN_POINT('',(-0.00145,0.0001,-0.002675));
#15357=CARTESIAN_POINT('',(0.,0.0001,-0.002675));
#15358=CARTESIAN_POINT('',(-0.00145,0.0001,-0.003175));
#15359=CARTESIAN_POINT('',(-0.00145,0.,-0.003175));
#15360=CARTESIAN_POINT('',(-0.00145,0.,-0.003175));
#15361=CARTESIAN_POINT('',(-0.00145,0.0001,-0.003175));
#15362=CARTESIAN_POINT('',(-0.00145,0.0001,-0.003175));
#15363=CARTESIAN_POINT('',(-0.00145,0.0001,0.));
#15364=CARTESIAN_POINT('',(-0.0017,0.0001,-0.003175));
#15365=CARTESIAN_POINT('',(-0.0017,0.,-0.003175));
#15366=CARTESIAN_POINT('',(0.,0.0001,-0.003175));
#15367=CARTESIAN_POINT('',(0.,0.0001,0.));
#15368=CARTESIAN_POINT('',(0.,0.,0.));
#15369=CARTESIAN_POINT('',(0.,0.,0.));
#15370=CARTESIAN_POINT('',(0.002275,0.0001,-0.001475));
#15371=CARTESIAN_POINT('',(0.002275,0.,-0.001475));
#15372=CARTESIAN_POINT('',(0.002275,0.,-0.001475));
#15373=CARTESIAN_POINT('',(0.001775,0.,-0.001475));
#15374=CARTESIAN_POINT('',(0.001775,0.0001,-0.001475));
#15375=CARTESIAN_POINT('',(0.001775,0.0001,-0.001475));
#15376=CARTESIAN_POINT('',(0.,0.0001,-0.001475));
#15377=CARTESIAN_POINT('',(0.002275,0.0001,-0.001475));
#15378=CARTESIAN_POINT('',(0.002275,0.0001,-0.001475));
#15379=CARTESIAN_POINT('',(0.001775,0.0001,-0.001475));
#15380=CARTESIAN_POINT('',(0.001775,0.,-0.001475));
#15381=CARTESIAN_POINT('',(0.001775,0.,-0.001225));
#15382=CARTESIAN_POINT('',(0.001775,0.0001,-0.001225));
#15383=CARTESIAN_POINT('',(0.001775,0.0001,-0.001225));
#15384=CARTESIAN_POINT('',(0.001775,0.0001,0.));
#15385=CARTESIAN_POINT('',(0.002275,0.0001,-0.001225));
#15386=CARTESIAN_POINT('',(0.002275,0.,-0.001225));
#15387=CARTESIAN_POINT('',(0.002275,0.,-0.001225));
#15388=CARTESIAN_POINT('',(0.002275,0.0001,-0.001225));
#15389=CARTESIAN_POINT('',(0.002275,0.0001,-0.001225));
#15390=CARTESIAN_POINT('',(0.,0.0001,-0.001225));
#15391=CARTESIAN_POINT('',(0.002275,0.0001,-0.001475));
#15392=CARTESIAN_POINT('',(0.002275,0.,-0.001475));
#15393=CARTESIAN_POINT('',(0.002275,0.0001,0.));
#15394=CARTESIAN_POINT('',(0.,0.0001,0.));
#15395=CARTESIAN_POINT('',(0.,0.,0.));
#15396=CARTESIAN_POINT('',(0.,0.,0.));
#15397=CARTESIAN_POINT('',(0.000550000000000007,0.0001,0.003175));
#15398=CARTESIAN_POINT('',(0.000550000000000007,0.,0.003175));
#15399=CARTESIAN_POINT('',(0.000550000000000007,0.,0.003175));
#15400=CARTESIAN_POINT('',(0.0008,0.,0.003175));
#15401=CARTESIAN_POINT('',(0.0008,0.0001,0.003175));
#15402=CARTESIAN_POINT('',(0.0008,0.0001,0.003175));
#15403=CARTESIAN_POINT('',(0.,0.0001,0.003175));
#15404=CARTESIAN_POINT('',(0.000550000000000007,0.0001,0.003175));
#15405=CARTESIAN_POINT('',(0.000550000000000007,0.0001,0.003175));
#15406=CARTESIAN_POINT('',(0.0008,0.0001,0.003175));
#15407=CARTESIAN_POINT('',(0.0008,0.,0.003175));
#15408=CARTESIAN_POINT('',(0.0008,0.,0.002675));
#15409=CARTESIAN_POINT('',(0.0008,0.0001,0.002675));
#15410=CARTESIAN_POINT('',(0.0008,0.0001,0.002675));
#15411=CARTESIAN_POINT('',(0.0008,0.0001,0.));
#15412=CARTESIAN_POINT('',(0.000550000000000007,0.0001,0.002675));
#15413=CARTESIAN_POINT('',(0.000550000000000007,0.,0.002675));
#15414=CARTESIAN_POINT('',(0.000550000000000007,0.,0.002675));
#15415=CARTESIAN_POINT('',(0.000550000000000007,0.0001,0.002675));
#15416=CARTESIAN_POINT('',(0.000550000000000007,0.0001,0.002675));
#15417=CARTESIAN_POINT('',(0.,0.0001,0.002675));
#15418=CARTESIAN_POINT('',(0.000550000000000007,0.0001,0.003175));
#15419=CARTESIAN_POINT('',(0.000550000000000007,0.,0.003175));
#15420=CARTESIAN_POINT('',(0.000550000000000007,0.0001,0.));
#15421=CARTESIAN_POINT('',(0.,0.0001,0.));
#15422=CARTESIAN_POINT('',(0.,0.,0.));
#15423=CARTESIAN_POINT('',(0.,0.,0.));
#15424=CARTESIAN_POINT('',(0.002275,0.0001,0.003175));
#15425=CARTESIAN_POINT('',(0.002275,0.,0.003175));
#15426=CARTESIAN_POINT('',(0.002275,0.,0.003175));
#15427=CARTESIAN_POINT('',(0.002275,0.,0.002675));
#15428=CARTESIAN_POINT('',(0.002275,0.0001,0.002675));
#15429=CARTESIAN_POINT('',(0.002275,0.0001,0.002675));
#15430=CARTESIAN_POINT('',(0.002275,0.0001,0.));
#15431=CARTESIAN_POINT('',(0.002275,0.0001,0.003175));
#15432=CARTESIAN_POINT('',(0.002275,0.0001,0.003175));
#15433=CARTESIAN_POINT('',(0.002275,0.0001,0.002675));
#15434=CARTESIAN_POINT('',(0.002275,0.,0.002675));
#15435=CARTESIAN_POINT('',(0.0019,0.,0.002675));
#15436=CARTESIAN_POINT('',(0.0019,0.0001,0.002675));
#15437=CARTESIAN_POINT('',(0.0019,0.0001,0.002675));
#15438=CARTESIAN_POINT('',(0.,0.0001,0.002675));
#15439=CARTESIAN_POINT('',(0.0019,0.0001,0.003175));
#15440=CARTESIAN_POINT('',(0.0019,0.,0.003175));
#15441=CARTESIAN_POINT('',(0.0019,0.,0.003175));
#15442=CARTESIAN_POINT('',(0.0019,0.0001,0.003175));
#15443=CARTESIAN_POINT('',(0.0019,0.0001,0.003175));
#15444=CARTESIAN_POINT('',(0.0019,0.0001,0.));
#15445=CARTESIAN_POINT('',(0.002275,0.0001,0.003175));
#15446=CARTESIAN_POINT('',(0.002275,0.,0.003175));
#15447=CARTESIAN_POINT('',(0.,0.0001,0.003175));
#15448=CARTESIAN_POINT('',(0.,0.0001,0.));
#15449=CARTESIAN_POINT('',(0.,0.,0.));
#15450=CARTESIAN_POINT('',(0.,0.,0.));
#15451=CARTESIAN_POINT('',(0.00145,0.0001,0.003175));
#15452=CARTESIAN_POINT('',(0.00145,0.,0.003175));
#15453=CARTESIAN_POINT('',(0.00145,0.,0.003175));
#15454=CARTESIAN_POINT('',(0.0017,0.,0.003175));
#15455=CARTESIAN_POINT('',(0.0017,0.0001,0.003175));
#15456=CARTESIAN_POINT('',(0.0017,0.0001,0.003175));
#15457=CARTESIAN_POINT('',(0.,0.0001,0.003175));
#15458=CARTESIAN_POINT('',(0.00145,0.0001,0.003175));
#15459=CARTESIAN_POINT('',(0.00145,0.0001,0.003175));
#15460=CARTESIAN_POINT('',(0.0017,0.0001,0.003175));
#15461=CARTESIAN_POINT('',(0.0017,0.,0.003175));
#15462=CARTESIAN_POINT('',(0.0017,0.,0.002675));
#15463=CARTESIAN_POINT('',(0.0017,0.0001,0.002675));
#15464=CARTESIAN_POINT('',(0.0017,0.0001,0.002675));
#15465=CARTESIAN_POINT('',(0.0017,0.0001,0.));
#15466=CARTESIAN_POINT('',(0.00145,0.0001,0.002675));
#15467=CARTESIAN_POINT('',(0.00145,0.,0.002675));
#15468=CARTESIAN_POINT('',(0.00145,0.,0.002675));
#15469=CARTESIAN_POINT('',(0.00145,0.0001,0.002675));
#15470=CARTESIAN_POINT('',(0.00145,0.0001,0.002675));
#15471=CARTESIAN_POINT('',(0.,0.0001,0.002675));
#15472=CARTESIAN_POINT('',(0.00145,0.0001,0.003175));
#15473=CARTESIAN_POINT('',(0.00145,0.,0.003175));
#15474=CARTESIAN_POINT('',(0.00145,0.0001,0.));
#15475=CARTESIAN_POINT('',(0.,0.0001,0.));
#15476=CARTESIAN_POINT('',(0.,0.,0.));
#15477=CARTESIAN_POINT('',(0.,0.,0.));
#15478=CARTESIAN_POINT('',(-0.00025,0.0001,-0.0015));
#15479=CARTESIAN_POINT('',(-0.00025,0.,-0.0015));
#15480=CARTESIAN_POINT('',(-0.00025,0.,-0.0005));
#15481=CARTESIAN_POINT('',(-0.00025,0.,-0.0015));
#15482=CARTESIAN_POINT('',(-0.00025,0.0001,-0.0015));
#15483=CARTESIAN_POINT('',(-0.00025,0.0001,-0.0015));
#15484=CARTESIAN_POINT('',(-0.00025,0.0001,0.));
#15485=CARTESIAN_POINT('',(-0.00025,0.0001,-0.0005));
#15486=CARTESIAN_POINT('',(-0.00025,0.0001,-0.0005));
#15487=CARTESIAN_POINT('',(-0.00075,0.0001,-0.0015));
#15488=CARTESIAN_POINT('',(-0.00075,0.,-0.0015));
#15489=CARTESIAN_POINT('',(-0.00075,-3.3881317890172E-20,-0.0015));
#15490=CARTESIAN_POINT('',(-0.00075,0.0001,-0.0015));
#15491=CARTESIAN_POINT('',(-0.00075,0.0001,-0.0015));
#15492=CARTESIAN_POINT('',(0.,0.0001,-0.0015));
#15493=CARTESIAN_POINT('',(-0.00125,0.0001,-0.001));
#15494=CARTESIAN_POINT('',(-0.00125,-2.71050543121376E-20,-0.001));
#15495=CARTESIAN_POINT('',(-0.00125,-6.7762635780344E-21,-0.001));
#15496=CARTESIAN_POINT('',(-0.00125,0.0001,-0.001));
#15497=CARTESIAN_POINT('',(-0.00125,0.0001,-0.001));
#15498=CARTESIAN_POINT('',(-0.00075,0.0001,-0.0015));
#15499=CARTESIAN_POINT('',(-0.00125,0.0001,-0.001));
#15500=CARTESIAN_POINT('',(-0.00125,0.,-0.001));
#15501=CARTESIAN_POINT('',(-0.00125,0.,-0.0005));
#15502=CARTESIAN_POINT('',(-0.00125,0.0001,-0.0005));
#15503=CARTESIAN_POINT('',(-0.00125,0.0001,-0.0005));
#15504=CARTESIAN_POINT('',(-0.00125,0.0001,0.));
#15505=CARTESIAN_POINT('',(-0.00125,0.0001,-0.0005));
#15506=CARTESIAN_POINT('',(-0.00125,0.,-0.0005));
#15507=CARTESIAN_POINT('',(0.,0.0001,-0.0005));
#15508=CARTESIAN_POINT('',(0.,0.0001,0.));
#15509=CARTESIAN_POINT('',(0.,0.,0.));
#15510=CARTESIAN_POINT('',(0.,0.,0.));
#15511=CARTESIAN_POINT('',(0.002275,0.0001,-0.003175));
#15512=CARTESIAN_POINT('',(0.002275,0.,-0.003175));
#15513=CARTESIAN_POINT('',(0.002275,0.,-0.003175));
#15514=CARTESIAN_POINT('',(0.0019,0.,-0.003175));
#15515=CARTESIAN_POINT('',(0.0019,0.0001,-0.003175));
#15516=CARTESIAN_POINT('',(0.0019,0.0001,-0.003175));
#15517=CARTESIAN_POINT('',(0.,0.0001,-0.003175));
#15518=CARTESIAN_POINT('',(0.002275,0.0001,-0.003175));
#15519=CARTESIAN_POINT('',(0.002275,0.0001,-0.003175));
#15520=CARTESIAN_POINT('',(0.0019,0.0001,-0.003175));
#15521=CARTESIAN_POINT('',(0.0019,0.,-0.003175));
#15522=CARTESIAN_POINT('',(0.0019,0.,-0.002675));
#15523=CARTESIAN_POINT('',(0.0019,0.0001,-0.002675));
#15524=CARTESIAN_POINT('',(0.0019,0.0001,-0.002675));
#15525=CARTESIAN_POINT('',(0.0019,0.0001,0.));
#15526=CARTESIAN_POINT('',(0.002275,0.0001,-0.002675));
#15527=CARTESIAN_POINT('',(0.002275,0.,-0.002675));
#15528=CARTESIAN_POINT('',(0.002275,0.,-0.002675));
#15529=CARTESIAN_POINT('',(0.002275,0.0001,-0.002675));
#15530=CARTESIAN_POINT('',(0.002275,0.0001,-0.002675));
#15531=CARTESIAN_POINT('',(0.,0.0001,-0.002675));
#15532=CARTESIAN_POINT('',(0.002275,0.0001,-0.003175));
#15533=CARTESIAN_POINT('',(0.002275,0.,-0.003175));
#15534=CARTESIAN_POINT('',(0.002275,0.0001,0.));
#15535=CARTESIAN_POINT('',(0.,0.0001,0.));
#15536=CARTESIAN_POINT('',(0.,0.,0.));
#15537=CARTESIAN_POINT('',(0.,0.,0.));
#15538=CARTESIAN_POINT('',(-0.000349999999999995,0.0001,0.003175));
#15539=CARTESIAN_POINT('',(-0.000349999999999995,0.,0.003175));
#15540=CARTESIAN_POINT('',(-0.000349999999999995,0.,0.003175));
#15541=CARTESIAN_POINT('',(-9.99999999999955E-5,0.,0.003175));
#15542=CARTESIAN_POINT('',(-9.99999999999955E-5,0.0001,0.003175));
#15543=CARTESIAN_POINT('',(-9.99999999999955E-5,0.0001,0.003175));
#15544=CARTESIAN_POINT('',(0.,0.0001,0.003175));
#15545=CARTESIAN_POINT('',(-0.000349999999999995,0.0001,0.003175));
#15546=CARTESIAN_POINT('',(-0.000349999999999995,0.0001,0.003175));
#15547=CARTESIAN_POINT('',(-9.99999999999955E-5,0.0001,0.003175));
#15548=CARTESIAN_POINT('',(-9.99999999999955E-5,0.,0.003175));
#15549=CARTESIAN_POINT('',(-9.99999999999959E-5,0.,0.002675));
#15550=CARTESIAN_POINT('',(-9.99999999999959E-5,0.0001,0.002675));
#15551=CARTESIAN_POINT('',(-9.99999999999957E-5,0.0001,0.002675));
#15552=CARTESIAN_POINT('',(-9.99999999999955E-5,0.0001,0.));
#15553=CARTESIAN_POINT('',(-0.000349999999999995,0.0001,0.002675));
#15554=CARTESIAN_POINT('',(-0.000349999999999995,0.,0.002675));
#15555=CARTESIAN_POINT('',(-0.000349999999999995,0.,0.002675));
#15556=CARTESIAN_POINT('',(-0.000349999999999995,0.0001,0.002675));
#15557=CARTESIAN_POINT('',(-0.000349999999999995,0.0001,0.002675));
#15558=CARTESIAN_POINT('',(0.,0.0001,0.002675));
#15559=CARTESIAN_POINT('',(-0.000349999999999995,0.0001,0.003175));
#15560=CARTESIAN_POINT('',(-0.000349999999999995,0.,0.003175));
#15561=CARTESIAN_POINT('',(-0.000349999999999995,0.0001,0.));
#15562=CARTESIAN_POINT('',(0.,0.0001,0.));
#15563=CARTESIAN_POINT('',(0.,0.,0.));
#15564=CARTESIAN_POINT('',(0.,0.,0.));
#15565=CARTESIAN_POINT('',(-0.002275,0.0001,0.003175));
#15566=CARTESIAN_POINT('',(-0.002275,0.,0.003175));
#15567=CARTESIAN_POINT('',(-0.002275,0.,0.003175));
#15568=CARTESIAN_POINT('',(-0.0019,0.,0.003175));
#15569=CARTESIAN_POINT('',(-0.0019,0.0001,0.003175));
#15570=CARTESIAN_POINT('',(-0.0019,0.0001,0.003175));
#15571=CARTESIAN_POINT('',(0.,0.0001,0.003175));
#15572=CARTESIAN_POINT('',(-0.002275,0.0001,0.003175));
#15573=CARTESIAN_POINT('',(-0.002275,0.0001,0.003175));
#15574=CARTESIAN_POINT('',(-0.0019,0.0001,0.003175));
#15575=CARTESIAN_POINT('',(-0.0019,0.,0.003175));
#15576=CARTESIAN_POINT('',(-0.0019,0.,0.002675));
#15577=CARTESIAN_POINT('',(-0.0019,0.0001,0.002675));
#15578=CARTESIAN_POINT('',(-0.0019,0.0001,0.002675));
#15579=CARTESIAN_POINT('',(-0.0019,0.0001,0.));
#15580=CARTESIAN_POINT('',(-0.002275,0.0001,0.002675));
#15581=CARTESIAN_POINT('',(-0.002275,0.,0.002675));
#15582=CARTESIAN_POINT('',(-0.002275,0.,0.002675));
#15583=CARTESIAN_POINT('',(-0.002275,0.0001,0.002675));
#15584=CARTESIAN_POINT('',(-0.002275,0.0001,0.002675));
#15585=CARTESIAN_POINT('',(0.,0.0001,0.002675));
#15586=CARTESIAN_POINT('',(-0.002275,0.0001,0.003175));
#15587=CARTESIAN_POINT('',(-0.002275,0.,0.003175));
#15588=CARTESIAN_POINT('',(-0.002275,0.0001,0.));
#15589=CARTESIAN_POINT('',(0.,0.0001,0.));
#15590=CARTESIAN_POINT('',(0.,0.,0.));
#15591=CARTESIAN_POINT('',(0.,0.,0.));
#15592=CARTESIAN_POINT('',(-0.00227499999999996,0.0001,0.002125));
#15593=CARTESIAN_POINT('',(-0.00227499999999996,0.,0.002125));
#15594=CARTESIAN_POINT('',(-0.00227499999999996,0.,0.002125));
#15595=CARTESIAN_POINT('',(-0.00227499999999996,0.,0.002375));
#15596=CARTESIAN_POINT('',(-0.00227499999999996,0.0001,0.002375));
#15597=CARTESIAN_POINT('',(-0.00227499999999996,0.0001,0.002375));
#15598=CARTESIAN_POINT('',(-0.00227499999999996,0.0001,0.));
#15599=CARTESIAN_POINT('',(-0.00227499999999996,0.0001,0.002125));
#15600=CARTESIAN_POINT('',(-0.00227499999999996,0.0001,0.002125));
#15601=CARTESIAN_POINT('',(-0.00227499999999996,0.0001,0.002375));
#15602=CARTESIAN_POINT('',(-0.00227499999999996,0.,0.002375));
#15603=CARTESIAN_POINT('',(-0.00177499999999995,0.,0.002375));
#15604=CARTESIAN_POINT('',(-0.00177499999999995,0.0001,0.002375));
#15605=CARTESIAN_POINT('',(-0.00177499999999995,0.0001,0.002375));
#15606=CARTESIAN_POINT('',(0.,0.0001,0.002375));
#15607=CARTESIAN_POINT('',(-0.00177499999999995,0.0001,0.002125));
#15608=CARTESIAN_POINT('',(-0.00177499999999995,0.,0.002125));
#15609=CARTESIAN_POINT('',(-0.00177499999999995,0.,0.002125));
#15610=CARTESIAN_POINT('',(-0.00177499999999995,0.0001,0.002125));
#15611=CARTESIAN_POINT('',(-0.00177499999999995,0.0001,0.002125));
#15612=CARTESIAN_POINT('',(-0.00177499999999995,0.0001,0.));
#15613=CARTESIAN_POINT('',(-0.00227499999999996,0.0001,0.002125));
#15614=CARTESIAN_POINT('',(-0.00227499999999996,0.,0.002125));
#15615=CARTESIAN_POINT('',(0.,0.0001,0.002125));
#15616=CARTESIAN_POINT('',(0.,0.0001,0.));
#15617=CARTESIAN_POINT('',(0.,0.,0.));
#15618=CARTESIAN_POINT('',(0.,0.,0.));
#15619=CARTESIAN_POINT('',(0.00125,0.0001,-0.0015));
#15620=CARTESIAN_POINT('',(0.00125,0.,-0.0015));
#15621=CARTESIAN_POINT('',(0.00125,0.,-0.0015));
#15622=CARTESIAN_POINT('',(0.00025,0.,-0.0015));
#15623=CARTESIAN_POINT('',(0.00025,0.0001,-0.0015));
#15624=CARTESIAN_POINT('',(0.00025,0.0001,-0.0015));
#15625=CARTESIAN_POINT('',(0.,0.0001,-0.0015));
#15626=CARTESIAN_POINT('',(0.00125,0.0001,-0.0015));
#15627=CARTESIAN_POINT('',(0.00125,0.0001,-0.0015));
#15628=CARTESIAN_POINT('',(0.00025,0.0001,-0.0015));
#15629=CARTESIAN_POINT('',(0.00025,0.,-0.0015));
#15630=CARTESIAN_POINT('',(0.00025,0.,-0.0005));
#15631=CARTESIAN_POINT('',(0.00025,0.0001,-0.0005));
#15632=CARTESIAN_POINT('',(0.00025,0.0001,-0.0005));
#15633=CARTESIAN_POINT('',(0.00025,0.0001,0.));
#15634=CARTESIAN_POINT('',(0.00125,0.0001,-0.0005));
#15635=CARTESIAN_POINT('',(0.00125,0.,-0.0005));
#15636=CARTESIAN_POINT('',(0.00125,0.,-0.0005));
#15637=CARTESIAN_POINT('',(0.00125,0.0001,-0.0005));
#15638=CARTESIAN_POINT('',(0.00125,0.0001,-0.0005));
#15639=CARTESIAN_POINT('',(0.,0.0001,-0.0005));
#15640=CARTESIAN_POINT('',(0.00125,0.0001,-0.0015));
#15641=CARTESIAN_POINT('',(0.00125,0.,-0.0015));
#15642=CARTESIAN_POINT('',(0.00125,0.0001,0.));
#15643=CARTESIAN_POINT('',(0.,0.0001,0.));
#15644=CARTESIAN_POINT('',(0.,0.,0.));
#15645=CARTESIAN_POINT('',(0.,0.,0.));
#15646=CARTESIAN_POINT('',(-0.0017,0.0001,0.003175));
#15647=CARTESIAN_POINT('',(-0.0017,0.,0.003175));
#15648=CARTESIAN_POINT('',(-0.0017,0.,0.003175));
#15649=CARTESIAN_POINT('',(-0.00145,0.,0.003175));
#15650=CARTESIAN_POINT('',(-0.00145,0.0001,0.003175));
#15651=CARTESIAN_POINT('',(-0.00145,0.0001,0.003175));
#15652=CARTESIAN_POINT('',(0.,0.0001,0.003175));
#15653=CARTESIAN_POINT('',(-0.0017,0.0001,0.003175));
#15654=CARTESIAN_POINT('',(-0.0017,0.0001,0.003175));
#15655=CARTESIAN_POINT('',(-0.00145,0.0001,0.003175));
#15656=CARTESIAN_POINT('',(-0.00145,0.,0.003175));
#15657=CARTESIAN_POINT('',(-0.00145,0.,0.002675));
#15658=CARTESIAN_POINT('',(-0.00145,0.0001,0.002675));
#15659=CARTESIAN_POINT('',(-0.00145,0.0001,0.002675));
#15660=CARTESIAN_POINT('',(-0.00145,0.0001,0.));
#15661=CARTESIAN_POINT('',(-0.0017,0.0001,0.002675));
#15662=CARTESIAN_POINT('',(-0.0017,0.,0.002675));
#15663=CARTESIAN_POINT('',(-0.0017,0.,0.002675));
#15664=CARTESIAN_POINT('',(-0.0017,0.0001,0.002675));
#15665=CARTESIAN_POINT('',(-0.0017,0.0001,0.002675));
#15666=CARTESIAN_POINT('',(0.,0.0001,0.002675));
#15667=CARTESIAN_POINT('',(-0.0017,0.0001,0.003175));
#15668=CARTESIAN_POINT('',(-0.0017,0.,0.003175));
#15669=CARTESIAN_POINT('',(-0.0017,0.0001,0.));
#15670=CARTESIAN_POINT('',(0.,0.0001,0.));
#15671=CARTESIAN_POINT('',(0.,0.,0.));
#15672=CARTESIAN_POINT('',(0.,0.,0.));
#15673=CARTESIAN_POINT('',(-0.00227499999999996,0.0001,0.001225));
#15674=CARTESIAN_POINT('',(-0.00227499999999996,0.,0.001225));
#15675=CARTESIAN_POINT('',(-0.00227499999999996,0.,0.001225));
#15676=CARTESIAN_POINT('',(-0.00227499999999996,0.,0.001475));
#15677=CARTESIAN_POINT('',(-0.00227499999999996,0.0001,0.001475));
#15678=CARTESIAN_POINT('',(-0.00227499999999996,0.0001,0.001475));
#15679=CARTESIAN_POINT('',(-0.00227499999999996,0.0001,0.));
#15680=CARTESIAN_POINT('',(-0.00227499999999996,0.0001,0.001225));
#15681=CARTESIAN_POINT('',(-0.00227499999999996,0.0001,0.001225));
#15682=CARTESIAN_POINT('',(-0.00227499999999996,0.0001,0.001475));
#15683=CARTESIAN_POINT('',(-0.00227499999999996,0.,0.001475));
#15684=CARTESIAN_POINT('',(-0.00177499999999997,0.,0.001475));
#15685=CARTESIAN_POINT('',(-0.00177499999999997,0.0001,0.001475));
#15686=CARTESIAN_POINT('',(-0.00177499999999997,0.0001,0.001475));
#15687=CARTESIAN_POINT('',(0.,0.0001,0.001475));
#15688=CARTESIAN_POINT('',(-0.00177499999999997,0.0001,0.001225));
#15689=CARTESIAN_POINT('',(-0.00177499999999997,0.,0.001225));
#15690=CARTESIAN_POINT('',(-0.00177499999999997,0.,0.001225));
#15691=CARTESIAN_POINT('',(-0.00177499999999997,0.0001,0.001225));
#15692=CARTESIAN_POINT('',(-0.00177499999999997,0.0001,0.001225));
#15693=CARTESIAN_POINT('',(-0.00177499999999997,0.0001,0.));
#15694=CARTESIAN_POINT('',(-0.00227499999999996,0.0001,0.001225));
#15695=CARTESIAN_POINT('',(-0.00227499999999996,0.,0.001225));
#15696=CARTESIAN_POINT('',(0.,0.0001,0.001225));
#15697=CARTESIAN_POINT('',(0.,0.0001,0.));
#15698=CARTESIAN_POINT('',(0.,0.,0.));
#15699=CARTESIAN_POINT('',(0.,0.,0.));
#15700=CARTESIAN_POINT('',(0.00125,0.0001,0.0015));
#15701=CARTESIAN_POINT('',(0.00125,0.,0.0015));
#15702=CARTESIAN_POINT('',(0.00125,0.,0.0015));
#15703=CARTESIAN_POINT('',(0.00125,0.,0.0005));
#15704=CARTESIAN_POINT('',(0.00125,0.0001,0.0005));
#15705=CARTESIAN_POINT('',(0.00125,0.0001,0.0005));
#15706=CARTESIAN_POINT('',(0.00125,0.0001,0.));
#15707=CARTESIAN_POINT('',(0.00125,0.0001,0.0015));
#15708=CARTESIAN_POINT('',(0.00125,0.0001,0.0015));
#15709=CARTESIAN_POINT('',(0.00125,0.0001,0.0005));
#15710=CARTESIAN_POINT('',(0.00125,0.,0.0005));
#15711=CARTESIAN_POINT('',(0.00025,0.,0.0005));
#15712=CARTESIAN_POINT('',(0.00025,0.0001,0.0005));
#15713=CARTESIAN_POINT('',(0.00025,0.0001,0.0005));
#15714=CARTESIAN_POINT('',(0.,0.0001,0.0005));
#15715=CARTESIAN_POINT('',(0.00025,0.0001,0.0015));
#15716=CARTESIAN_POINT('',(0.00025,0.,0.0015));
#15717=CARTESIAN_POINT('',(0.00025,0.,0.0015));
#15718=CARTESIAN_POINT('',(0.00025,0.0001,0.0015));
#15719=CARTESIAN_POINT('',(0.00025,0.0001,0.0015));
#15720=CARTESIAN_POINT('',(0.00025,0.0001,0.));
#15721=CARTESIAN_POINT('',(0.00125,0.0001,0.0015));
#15722=CARTESIAN_POINT('',(0.00125,0.,0.0015));
#15723=CARTESIAN_POINT('',(0.,0.0001,0.0015));
#15724=CARTESIAN_POINT('',(0.,0.0001,0.));
#15725=CARTESIAN_POINT('',(0.,0.,0.));
#15726=CARTESIAN_POINT('',(0.,0.,0.));
#15727=CARTESIAN_POINT('',(-0.00125,0.0001,0.003175));
#15728=CARTESIAN_POINT('',(-0.00125,0.,0.003175));
#15729=CARTESIAN_POINT('',(-0.00125,0.,0.003175));
#15730=CARTESIAN_POINT('',(-0.001,0.,0.003175));
#15731=CARTESIAN_POINT('',(-0.001,0.0001,0.003175));
#15732=CARTESIAN_POINT('',(-0.001,0.0001,0.003175));
#15733=CARTESIAN_POINT('',(0.,0.0001,0.003175));
#15734=CARTESIAN_POINT('',(-0.00125,0.0001,0.003175));
#15735=CARTESIAN_POINT('',(-0.00125,0.0001,0.003175));
#15736=CARTESIAN_POINT('',(-0.001,0.0001,0.003175));
#15737=CARTESIAN_POINT('',(-0.001,0.,0.003175));
#15738=CARTESIAN_POINT('',(-0.001,0.,0.002675));
#15739=CARTESIAN_POINT('',(-0.001,0.0001,0.002675));
#15740=CARTESIAN_POINT('',(-0.001,0.0001,0.002675));
#15741=CARTESIAN_POINT('',(-0.001,0.0001,0.));
#15742=CARTESIAN_POINT('',(-0.00125,0.0001,0.002675));
#15743=CARTESIAN_POINT('',(-0.00125,0.,0.002675));
#15744=CARTESIAN_POINT('',(-0.00125,0.,0.002675));
#15745=CARTESIAN_POINT('',(-0.00125,0.0001,0.002675));
#15746=CARTESIAN_POINT('',(-0.00125,0.0001,0.002675));
#15747=CARTESIAN_POINT('',(0.,0.0001,0.002675));
#15748=CARTESIAN_POINT('',(-0.00125,0.0001,0.003175));
#15749=CARTESIAN_POINT('',(-0.00125,0.,0.003175));
#15750=CARTESIAN_POINT('',(-0.00125,0.0001,0.));
#15751=CARTESIAN_POINT('',(0.,0.0001,0.));
#15752=CARTESIAN_POINT('',(0.,0.,0.));
#15753=CARTESIAN_POINT('',(0.,0.,0.));
#15754=CARTESIAN_POINT('',(-0.00227499999999997,0.0001,0.000775));
#15755=CARTESIAN_POINT('',(-0.00227499999999997,0.,0.000775));
#15756=CARTESIAN_POINT('',(-0.00227499999999997,0.,0.000775));
#15757=CARTESIAN_POINT('',(-0.00227499999999997,0.,0.001025));
#15758=CARTESIAN_POINT('',(-0.00227499999999997,0.0001,0.001025));
#15759=CARTESIAN_POINT('',(-0.00227499999999997,0.0001,0.001025));
#15760=CARTESIAN_POINT('',(-0.00227499999999997,0.0001,0.));
#15761=CARTESIAN_POINT('',(-0.00227499999999997,0.0001,0.000775));
#15762=CARTESIAN_POINT('',(-0.00227499999999997,0.0001,0.000775));
#15763=CARTESIAN_POINT('',(-0.00227499999999997,0.0001,0.001025));
#15764=CARTESIAN_POINT('',(-0.00227499999999997,0.,0.001025));
#15765=CARTESIAN_POINT('',(-0.00177499999999997,0.,0.001025));
#15766=CARTESIAN_POINT('',(-0.00177499999999997,0.0001,0.001025));
#15767=CARTESIAN_POINT('',(-0.00177499999999997,0.0001,0.001025));
#15768=CARTESIAN_POINT('',(0.,0.0001,0.001025));
#15769=CARTESIAN_POINT('',(-0.00177499999999997,0.0001,0.000775));
#15770=CARTESIAN_POINT('',(-0.00177499999999997,0.,0.000775));
#15771=CARTESIAN_POINT('',(-0.00177499999999997,0.,0.000775));
#15772=CARTESIAN_POINT('',(-0.00177499999999997,0.0001,0.000775));
#15773=CARTESIAN_POINT('',(-0.00177499999999997,0.0001,0.000775));
#15774=CARTESIAN_POINT('',(-0.00177499999999997,0.0001,0.));
#15775=CARTESIAN_POINT('',(-0.00227499999999997,0.0001,0.000775));
#15776=CARTESIAN_POINT('',(-0.00227499999999997,0.,0.000775));
#15777=CARTESIAN_POINT('',(0.,0.0001,0.000775));
#15778=CARTESIAN_POINT('',(0.,0.0001,0.));
#15779=CARTESIAN_POINT('',(0.,0.,0.));
#15780=CARTESIAN_POINT('',(0.,0.,0.));
#15781=CARTESIAN_POINT('',(-0.00125,0.0001,0.0015));
#15782=CARTESIAN_POINT('',(-0.00125,0.,0.0015));
#15783=CARTESIAN_POINT('',(-0.00125,0.,0.0015));
#15784=CARTESIAN_POINT('',(-0.00025,0.,0.0015));
#15785=CARTESIAN_POINT('',(-0.00025,0.0001,0.0015));
#15786=CARTESIAN_POINT('',(-0.00025,0.0001,0.0015));
#15787=CARTESIAN_POINT('',(0.,0.0001,0.0015));
#15788=CARTESIAN_POINT('',(-0.00125,0.0001,0.0015));
#15789=CARTESIAN_POINT('',(-0.00125,0.0001,0.0015));
#15790=CARTESIAN_POINT('',(-0.00025,0.0001,0.0015));
#15791=CARTESIAN_POINT('',(-0.00025,0.,0.0015));
#15792=CARTESIAN_POINT('',(-0.00025,0.,0.0005));
#15793=CARTESIAN_POINT('',(-0.00025,0.0001,0.0005));
#15794=CARTESIAN_POINT('',(-0.00025,0.0001,0.0005));
#15795=CARTESIAN_POINT('',(-0.00025,0.0001,0.));
#15796=CARTESIAN_POINT('',(-0.00125,0.0001,0.0005));
#15797=CARTESIAN_POINT('',(-0.00125,0.,0.0005));
#15798=CARTESIAN_POINT('',(-0.00125,0.,0.0005));
#15799=CARTESIAN_POINT('',(-0.00125,0.0001,0.0005));
#15800=CARTESIAN_POINT('',(-0.00125,0.0001,0.0005));
#15801=CARTESIAN_POINT('',(0.,0.0001,0.0005));
#15802=CARTESIAN_POINT('',(-0.00125,0.0001,0.0015));
#15803=CARTESIAN_POINT('',(-0.00125,0.,0.0015));
#15804=CARTESIAN_POINT('',(-0.00125,0.0001,0.));
#15805=CARTESIAN_POINT('',(0.,0.0001,0.));
#15806=CARTESIAN_POINT('',(0.,0.,0.));
#15807=CARTESIAN_POINT('',(0.,0.,0.));
#15808=CARTESIAN_POINT('',(0.002275,0.0001,-0.002375));
#15809=CARTESIAN_POINT('',(0.002275,0.,-0.002375));
#15810=CARTESIAN_POINT('',(0.002275,0.,-0.002375));
#15811=CARTESIAN_POINT('',(0.001775,0.,-0.002375));
#15812=CARTESIAN_POINT('',(0.001775,0.0001,-0.002375));
#15813=CARTESIAN_POINT('',(0.001775,0.0001,-0.002375));
#15814=CARTESIAN_POINT('',(0.,0.0001,-0.002375));
#15815=CARTESIAN_POINT('',(0.002275,0.0001,-0.002375));
#15816=CARTESIAN_POINT('',(0.002275,0.0001,-0.002375));
#15817=CARTESIAN_POINT('',(0.001775,0.0001,-0.002375));
#15818=CARTESIAN_POINT('',(0.001775,0.,-0.002375));
#15819=CARTESIAN_POINT('',(0.001775,0.,-0.002125));
#15820=CARTESIAN_POINT('',(0.001775,0.0001,-0.002125));
#15821=CARTESIAN_POINT('',(0.001775,0.0001,-0.002125));
#15822=CARTESIAN_POINT('',(0.001775,0.0001,0.));
#15823=CARTESIAN_POINT('',(0.002275,0.0001,-0.002125));
#15824=CARTESIAN_POINT('',(0.002275,0.,-0.002125));
#15825=CARTESIAN_POINT('',(0.002275,0.,-0.002125));
#15826=CARTESIAN_POINT('',(0.002275,0.0001,-0.002125));
#15827=CARTESIAN_POINT('',(0.002275,0.0001,-0.002125));
#15828=CARTESIAN_POINT('',(0.,0.0001,-0.002125));
#15829=CARTESIAN_POINT('',(0.002275,0.0001,-0.002375));
#15830=CARTESIAN_POINT('',(0.002275,0.,-0.002375));
#15831=CARTESIAN_POINT('',(0.002275,0.0001,0.));
#15832=CARTESIAN_POINT('',(0.,0.0001,0.));
#15833=CARTESIAN_POINT('',(0.,0.,0.));
#15834=CARTESIAN_POINT('',(0.,0.,0.));
#15835=CARTESIAN_POINT('',(-0.0008,0.0001,0.003175));
#15836=CARTESIAN_POINT('',(-0.0008,0.,0.003175));
#15837=CARTESIAN_POINT('',(-0.0008,0.,0.003175));
#15838=CARTESIAN_POINT('',(-0.00055,0.,0.003175));
#15839=CARTESIAN_POINT('',(-0.00055,0.0001,0.003175));
#15840=CARTESIAN_POINT('',(-0.00055,0.0001,0.003175));
#15841=CARTESIAN_POINT('',(0.,0.0001,0.003175));
#15842=CARTESIAN_POINT('',(-0.0008,0.0001,0.003175));
#15843=CARTESIAN_POINT('',(-0.0008,0.0001,0.003175));
#15844=CARTESIAN_POINT('',(-0.00055,0.0001,0.003175));
#15845=CARTESIAN_POINT('',(-0.00055,0.,0.003175));
#15846=CARTESIAN_POINT('',(-0.00055,0.,0.002675));
#15847=CARTESIAN_POINT('',(-0.00055,0.0001,0.002675));
#15848=CARTESIAN_POINT('',(-0.00055,0.0001,0.002675));
#15849=CARTESIAN_POINT('',(-0.00055,0.0001,0.));
#15850=CARTESIAN_POINT('',(-0.0008,0.0001,0.002675));
#15851=CARTESIAN_POINT('',(-0.0008,0.,0.002675));
#15852=CARTESIAN_POINT('',(-0.0008,0.,0.002675));
#15853=CARTESIAN_POINT('',(-0.0008,0.0001,0.002675));
#15854=CARTESIAN_POINT('',(-0.0008,0.0001,0.002675));
#15855=CARTESIAN_POINT('',(0.,0.0001,0.002675));
#15856=CARTESIAN_POINT('',(-0.0008,0.0001,0.003175));
#15857=CARTESIAN_POINT('',(-0.0008,0.,0.003175));
#15858=CARTESIAN_POINT('',(-0.0008,0.0001,0.));
#15859=CARTESIAN_POINT('',(0.,0.0001,0.));
#15860=CARTESIAN_POINT('',(0.,0.,0.));
#15861=CARTESIAN_POINT('',(0.,0.,0.));
#15862=CARTESIAN_POINT('',(-0.00227499999999997,0.0001,0.000325));
#15863=CARTESIAN_POINT('',(-0.00227499999999997,0.,0.000325));
#15864=CARTESIAN_POINT('',(-0.00227499999999997,0.,0.000325));
#15865=CARTESIAN_POINT('',(-0.00227499999999997,0.,0.000575));
#15866=CARTESIAN_POINT('',(-0.00227499999999997,0.0001,0.000575));
#15867=CARTESIAN_POINT('',(-0.00227499999999997,0.0001,0.000575));
#15868=CARTESIAN_POINT('',(-0.00227499999999997,0.0001,0.));
#15869=CARTESIAN_POINT('',(-0.00227499999999997,0.0001,0.000325));
#15870=CARTESIAN_POINT('',(-0.00227499999999997,0.0001,0.000325));
#15871=CARTESIAN_POINT('',(-0.00227499999999997,0.0001,0.000575));
#15872=CARTESIAN_POINT('',(-0.00227499999999997,0.,0.000575));
#15873=CARTESIAN_POINT('',(-0.00177499999999998,0.,0.000575));
#15874=CARTESIAN_POINT('',(-0.00177499999999998,0.0001,0.000575));
#15875=CARTESIAN_POINT('',(-0.00177499999999998,0.0001,0.000575));
#15876=CARTESIAN_POINT('',(0.,0.0001,0.000575));
#15877=CARTESIAN_POINT('',(-0.00177499999999998,0.0001,0.000325));
#15878=CARTESIAN_POINT('',(-0.00177499999999998,0.,0.000325));
#15879=CARTESIAN_POINT('',(-0.00177499999999998,0.,0.000325));
#15880=CARTESIAN_POINT('',(-0.00177499999999998,0.0001,0.000325));
#15881=CARTESIAN_POINT('',(-0.00177499999999998,0.0001,0.000325));
#15882=CARTESIAN_POINT('',(-0.00177499999999998,0.0001,0.));
#15883=CARTESIAN_POINT('',(-0.00227499999999997,0.0001,0.000325));
#15884=CARTESIAN_POINT('',(-0.00227499999999997,0.,0.000325));
#15885=CARTESIAN_POINT('',(0.,0.0001,0.000325));
#15886=CARTESIAN_POINT('',(0.,0.0001,0.));
#15887=CARTESIAN_POINT('',(0.,0.,0.));
#15888=CARTESIAN_POINT('',(0.,0.,0.));
#15889=CARTESIAN_POINT('',(-0.002275,0.0001,-0.001925));
#15890=CARTESIAN_POINT('',(-0.002275,0.,-0.001925));
#15891=CARTESIAN_POINT('',(-0.002275,0.,-0.001925));
#15892=CARTESIAN_POINT('',(-0.002275,0.,-0.001675));
#15893=CARTESIAN_POINT('',(-0.002275,0.0001,-0.001675));
#15894=CARTESIAN_POINT('',(-0.002275,0.0001,-0.001675));
#15895=CARTESIAN_POINT('',(-0.002275,0.0001,0.));
#15896=CARTESIAN_POINT('',(-0.002275,0.0001,-0.001925));
#15897=CARTESIAN_POINT('',(-0.002275,0.0001,-0.001925));
#15898=CARTESIAN_POINT('',(-0.002275,0.0001,-0.001675));
#15899=CARTESIAN_POINT('',(-0.002275,0.,-0.001675));
#15900=CARTESIAN_POINT('',(-0.001775,0.,-0.001675));
#15901=CARTESIAN_POINT('',(-0.001775,0.0001,-0.001675));
#15902=CARTESIAN_POINT('',(-0.001775,0.0001,-0.001675));
#15903=CARTESIAN_POINT('',(0.,0.0001,-0.001675));
#15904=CARTESIAN_POINT('',(-0.001775,0.0001,-0.001925));
#15905=CARTESIAN_POINT('',(-0.001775,0.,-0.001925));
#15906=CARTESIAN_POINT('',(-0.001775,0.,-0.001925));
#15907=CARTESIAN_POINT('',(-0.001775,0.0001,-0.001925));
#15908=CARTESIAN_POINT('',(-0.001775,0.0001,-0.001925));
#15909=CARTESIAN_POINT('',(-0.001775,0.0001,0.));
#15910=CARTESIAN_POINT('',(-0.002275,0.0001,-0.001925));
#15911=CARTESIAN_POINT('',(-0.002275,0.,-0.001925));
#15912=CARTESIAN_POINT('',(0.,0.0001,-0.001925));
#15913=CARTESIAN_POINT('',(0.,0.0001,0.));
#15914=CARTESIAN_POINT('',(0.,0.,0.));
#15915=CARTESIAN_POINT('',(0.,0.,0.));
#15916=CARTESIAN_POINT('',(-0.002275,0.0001,-0.001475));
#15917=CARTESIAN_POINT('',(-0.002275,0.,-0.001475));
#15918=CARTESIAN_POINT('',(-0.002275,0.,-0.001475));
#15919=CARTESIAN_POINT('',(-0.002275,0.,-0.001225));
#15920=CARTESIAN_POINT('',(-0.002275,0.0001,-0.001225));
#15921=CARTESIAN_POINT('',(-0.002275,0.0001,-0.001225));
#15922=CARTESIAN_POINT('',(-0.002275,0.0001,0.));
#15923=CARTESIAN_POINT('',(-0.002275,0.0001,-0.001475));
#15924=CARTESIAN_POINT('',(-0.002275,0.0001,-0.001475));
#15925=CARTESIAN_POINT('',(-0.002275,0.0001,-0.001225));
#15926=CARTESIAN_POINT('',(-0.002275,0.,-0.001225));
#15927=CARTESIAN_POINT('',(-0.001775,0.,-0.001225));
#15928=CARTESIAN_POINT('',(-0.001775,0.0001,-0.001225));
#15929=CARTESIAN_POINT('',(-0.001775,0.0001,-0.001225));
#15930=CARTESIAN_POINT('',(0.,0.0001,-0.001225));
#15931=CARTESIAN_POINT('',(-0.001775,0.0001,-0.001475));
#15932=CARTESIAN_POINT('',(-0.001775,0.,-0.001475));
#15933=CARTESIAN_POINT('',(-0.001775,0.,-0.001475));
#15934=CARTESIAN_POINT('',(-0.001775,0.0001,-0.001475));
#15935=CARTESIAN_POINT('',(-0.001775,0.0001,-0.001475));
#15936=CARTESIAN_POINT('',(-0.001775,0.0001,0.));
#15937=CARTESIAN_POINT('',(-0.002275,0.0001,-0.001475));
#15938=CARTESIAN_POINT('',(-0.002275,0.,-0.001475));
#15939=CARTESIAN_POINT('',(0.,0.0001,-0.001475));
#15940=CARTESIAN_POINT('',(0.,0.0001,0.));
#15941=CARTESIAN_POINT('',(0.,0.,0.));
#15942=CARTESIAN_POINT('',(0.,0.,0.));
#15943=CARTESIAN_POINT('',(-0.00227499999999997,0.0001,-0.000125));
#15944=CARTESIAN_POINT('',(-0.00227499999999997,0.,-0.000125));
#15945=CARTESIAN_POINT('',(-0.00227499999999997,0.,-0.000125));
#15946=CARTESIAN_POINT('',(-0.002275,0.,0.000125));
#15947=CARTESIAN_POINT('',(-0.002275,0.0001,0.000125));
#15948=CARTESIAN_POINT('',(-0.002275,0.0001,0.000125));
#15949=CARTESIAN_POINT('',(-0.00227499999999997,0.0001,0.));
#15950=CARTESIAN_POINT('',(-0.00227499999999997,0.0001,-0.000125));
#15951=CARTESIAN_POINT('',(-0.00227499999999997,0.0001,-0.000125));
#15952=CARTESIAN_POINT('',(-0.002275,0.0001,0.000125));
#15953=CARTESIAN_POINT('',(-0.002275,0.,0.000125));
#15954=CARTESIAN_POINT('',(-0.001775,0.,0.000125));
#15955=CARTESIAN_POINT('',(-0.001775,0.0001,0.000125));
#15956=CARTESIAN_POINT('',(-0.001775,0.0001,0.000125));
#15957=CARTESIAN_POINT('',(0.,0.0001,0.000125));
#15958=CARTESIAN_POINT('',(-0.001775,0.0001,-0.000125));
#15959=CARTESIAN_POINT('',(-0.001775,0.,-0.000125));
#15960=CARTESIAN_POINT('',(-0.001775,0.,-0.000125));
#15961=CARTESIAN_POINT('',(-0.00177499999999998,0.0001,-0.000125));
#15962=CARTESIAN_POINT('',(-0.001775,0.0001,-0.000125));
#15963=CARTESIAN_POINT('',(-0.001775,0.0001,0.));
#15964=CARTESIAN_POINT('',(-0.00227499999999997,0.0001,-0.000125));
#15965=CARTESIAN_POINT('',(-0.00227499999999997,0.,-0.000125));
#15966=CARTESIAN_POINT('',(0.,0.0001,-0.000125));
#15967=CARTESIAN_POINT('',(0.,0.0001,0.));
#15968=CARTESIAN_POINT('',(0.,0.,0.));
#15969=CARTESIAN_POINT('',(0.,0.,0.));
#15970=CARTESIAN_POINT('',(-0.002275,0.0001,-0.001025));
#15971=CARTESIAN_POINT('',(-0.002275,0.,-0.001025));
#15972=CARTESIAN_POINT('',(-0.002275,0.,-0.001025));
#15973=CARTESIAN_POINT('',(-0.002275,0.,-0.000775));
#15974=CARTESIAN_POINT('',(-0.002275,0.0001,-0.000775));
#15975=CARTESIAN_POINT('',(-0.002275,0.0001,-0.000775));
#15976=CARTESIAN_POINT('',(-0.002275,0.0001,0.));
#15977=CARTESIAN_POINT('',(-0.002275,0.0001,-0.001025));
#15978=CARTESIAN_POINT('',(-0.002275,0.0001,-0.001025));
#15979=CARTESIAN_POINT('',(-0.002275,0.0001,-0.000775));
#15980=CARTESIAN_POINT('',(-0.002275,0.,-0.000775));
#15981=CARTESIAN_POINT('',(-0.001775,0.,-0.000775));
#15982=CARTESIAN_POINT('',(-0.001775,0.0001,-0.000775));
#15983=CARTESIAN_POINT('',(-0.001775,0.0001,-0.000775));
#15984=CARTESIAN_POINT('',(0.,0.0001,-0.000775));
#15985=CARTESIAN_POINT('',(-0.001775,0.0001,-0.001025));
#15986=CARTESIAN_POINT('',(-0.001775,0.,-0.001025));
#15987=CARTESIAN_POINT('',(-0.001775,0.,-0.001025));
#15988=CARTESIAN_POINT('',(-0.001775,0.0001,-0.001025));
#15989=CARTESIAN_POINT('',(-0.001775,0.0001,-0.001025));
#15990=CARTESIAN_POINT('',(-0.001775,0.0001,0.));
#15991=CARTESIAN_POINT('',(-0.002275,0.0001,-0.001025));
#15992=CARTESIAN_POINT('',(-0.002275,0.,-0.001025));
#15993=CARTESIAN_POINT('',(0.,0.0001,-0.001025));
#15994=CARTESIAN_POINT('',(0.,0.0001,0.));
#15995=CARTESIAN_POINT('',(0.,0.,0.));
#15996=CARTESIAN_POINT('',(0.,0.,0.));
#15997=CARTESIAN_POINT('',(-0.002275,0.0001,-0.000575));
#15998=CARTESIAN_POINT('',(-0.002275,0.,-0.000575));
#15999=CARTESIAN_POINT('',(-0.002275,0.,-0.000575));
#16000=CARTESIAN_POINT('',(-0.002275,0.,-0.000325));
#16001=CARTESIAN_POINT('',(-0.002275,0.0001,-0.000325));
#16002=CARTESIAN_POINT('',(-0.002275,0.0001,-0.000325));
#16003=CARTESIAN_POINT('',(-0.002275,0.0001,0.));
#16004=CARTESIAN_POINT('',(-0.002275,0.0001,-0.000575));
#16005=CARTESIAN_POINT('',(-0.002275,0.0001,-0.000575));
#16006=CARTESIAN_POINT('',(-0.002275,0.0001,-0.000325));
#16007=CARTESIAN_POINT('',(-0.002275,0.,-0.000325));
#16008=CARTESIAN_POINT('',(-0.001775,0.,-0.000325));
#16009=CARTESIAN_POINT('',(-0.001775,0.0001,-0.000325));
#16010=CARTESIAN_POINT('',(-0.001775,0.0001,-0.000325));
#16011=CARTESIAN_POINT('',(0.,0.0001,-0.000325));
#16012=CARTESIAN_POINT('',(-0.001775,0.0001,-0.000575));
#16013=CARTESIAN_POINT('',(-0.001775,0.,-0.000575));
#16014=CARTESIAN_POINT('',(-0.001775,0.,-0.000575));
#16015=CARTESIAN_POINT('',(-0.001775,0.0001,-0.000575));
#16016=CARTESIAN_POINT('',(-0.001775,0.0001,-0.000575));
#16017=CARTESIAN_POINT('',(-0.001775,0.0001,0.));
#16018=CARTESIAN_POINT('',(-0.002275,0.0001,-0.000575));
#16019=CARTESIAN_POINT('',(-0.002275,0.,-0.000575));
#16020=CARTESIAN_POINT('',(0.,0.0001,-0.000575));
#16021=CARTESIAN_POINT('',(0.,0.0001,0.));
#16022=CARTESIAN_POINT('',(0.,0.,0.));
#16023=MECHANICAL_DESIGN_GEOMETRIC_PRESENTATION_REPRESENTATION('',(#9000),
#16072);
#16024=MECHANICAL_DESIGN_GEOMETRIC_PRESENTATION_REPRESENTATION('',(#9001),
#16073);
#16025=MECHANICAL_DESIGN_GEOMETRIC_PRESENTATION_REPRESENTATION('',(#9002),
#16074);
#16026=MECHANICAL_DESIGN_GEOMETRIC_PRESENTATION_REPRESENTATION('',(#9003),
#16075);
#16027=MECHANICAL_DESIGN_GEOMETRIC_PRESENTATION_REPRESENTATION('',(#9004,
#16,#17,#18,#19,#20,#21,#22),#16076);
#16028=MECHANICAL_DESIGN_GEOMETRIC_PRESENTATION_REPRESENTATION('',(#9005),
#16077);
#16029=MECHANICAL_DESIGN_GEOMETRIC_PRESENTATION_REPRESENTATION('',(#9006),
#16078);
#16030=MECHANICAL_DESIGN_GEOMETRIC_PRESENTATION_REPRESENTATION('',(#9007),
#16079);
#16031=MECHANICAL_DESIGN_GEOMETRIC_PRESENTATION_REPRESENTATION('',(#9008),
#16080);
#16032=MECHANICAL_DESIGN_GEOMETRIC_PRESENTATION_REPRESENTATION('',(#9009),
#16081);
#16033=MECHANICAL_DESIGN_GEOMETRIC_PRESENTATION_REPRESENTATION('',(#9010,
#23,#24,#25,#26,#27,#28,#29,#30,#31,#32,#33,#34,#35,#36,#37,#38,#39,#40,
#41,#42,#43,#44,#45,#46,#47,#48,#49,#50,#51,#52,#53,#54,#55,#56,#57,#58,
#59,#60,#61,#62,#63,#64,#65,#66,#67,#68,#69,#70,#71,#72,#73,#74,#75,#76,
#77,#78,#79,#80,#81,#82,#83,#84,#85,#86,#87,#88,#89,#90,#91,#92,#93,#94,
#95,#96,#97,#98,#99,#100,#101,#102,#103,#104,#105,#106,#107,#108,#109,#110,
#111,#112,#113,#114,#115,#116,#117,#118,#119,#120,#121,#122,#123,#124,#125,
#126,#127,#128,#129,#130,#131,#132,#133,#134,#135,#136,#137,#138,#139,#140,
#141,#142,#143,#144,#145,#146,#147,#148,#149,#150,#151,#152,#153,#154,#155,
#156,#157,#158,#159,#160,#161,#162,#163,#164,#165,#166,#167,#168,#169,#170,
#171,#172,#173,#174,#175,#176,#177,#178,#179,#180,#181,#182,#183,#184,#185,
#186,#187,#188,#189,#190,#191,#192,#193,#194,#195,#196,#197,#198,#199,#200,
#201,#202,#203,#204,#205,#206,#207,#208,#209,#210,#211,#212,#213),#16082);
#16034=MECHANICAL_DESIGN_GEOMETRIC_PRESENTATION_REPRESENTATION('',(#9011),
#16083);
#16035=MECHANICAL_DESIGN_GEOMETRIC_PRESENTATION_REPRESENTATION('',(#9012),
#16084);
#16036=MECHANICAL_DESIGN_GEOMETRIC_PRESENTATION_REPRESENTATION('',(#9013),
#16085);
#16037=MECHANICAL_DESIGN_GEOMETRIC_PRESENTATION_REPRESENTATION('',(#9014),
#16086);
#16038=MECHANICAL_DESIGN_GEOMETRIC_PRESENTATION_REPRESENTATION('',(#9015),
#16087);
#16039=MECHANICAL_DESIGN_GEOMETRIC_PRESENTATION_REPRESENTATION('',(#9016),
#16088);
#16040=MECHANICAL_DESIGN_GEOMETRIC_PRESENTATION_REPRESENTATION('',(#9017),
#16089);
#16041=MECHANICAL_DESIGN_GEOMETRIC_PRESENTATION_REPRESENTATION('',(#9018),
#16090);
#16042=MECHANICAL_DESIGN_GEOMETRIC_PRESENTATION_REPRESENTATION('',(#9019),
#16091);
#16043=MECHANICAL_DESIGN_GEOMETRIC_PRESENTATION_REPRESENTATION('',(#9020),
#16092);
#16044=MECHANICAL_DESIGN_GEOMETRIC_PRESENTATION_REPRESENTATION('',(#9021),
#16093);
#16045=MECHANICAL_DESIGN_GEOMETRIC_PRESENTATION_REPRESENTATION('',(#9022),
#16094);
#16046=MECHANICAL_DESIGN_GEOMETRIC_PRESENTATION_REPRESENTATION('',(#9023),
#16095);
#16047=MECHANICAL_DESIGN_GEOMETRIC_PRESENTATION_REPRESENTATION('',(#9024),
#16096);
#16048=MECHANICAL_DESIGN_GEOMETRIC_PRESENTATION_REPRESENTATION('',(#9025),
#16097);
#16049=MECHANICAL_DESIGN_GEOMETRIC_PRESENTATION_REPRESENTATION('',(#9026),
#16098);
#16050=MECHANICAL_DESIGN_GEOMETRIC_PRESENTATION_REPRESENTATION('',(#9027),
#16099);
#16051=MECHANICAL_DESIGN_GEOMETRIC_PRESENTATION_REPRESENTATION('',(#9028),
#16100);
#16052=MECHANICAL_DESIGN_GEOMETRIC_PRESENTATION_REPRESENTATION('',(#9029),
#16101);
#16053=MECHANICAL_DESIGN_GEOMETRIC_PRESENTATION_REPRESENTATION('',(#9030),
#16102);
#16054=MECHANICAL_DESIGN_GEOMETRIC_PRESENTATION_REPRESENTATION('',(#9031),
#16103);
#16055=MECHANICAL_DESIGN_GEOMETRIC_PRESENTATION_REPRESENTATION('',(#9032),
#16104);
#16056=MECHANICAL_DESIGN_GEOMETRIC_PRESENTATION_REPRESENTATION('',(#9033),
#16105);
#16057=MECHANICAL_DESIGN_GEOMETRIC_PRESENTATION_REPRESENTATION('',(#9034),
#16106);
#16058=MECHANICAL_DESIGN_GEOMETRIC_PRESENTATION_REPRESENTATION('',(#9035),
#16107);
#16059=MECHANICAL_DESIGN_GEOMETRIC_PRESENTATION_REPRESENTATION('',(#9036),
#16108);
#16060=MECHANICAL_DESIGN_GEOMETRIC_PRESENTATION_REPRESENTATION('',(#9037),
#16109);
#16061=MECHANICAL_DESIGN_GEOMETRIC_PRESENTATION_REPRESENTATION('',(#9038),
#16110);
#16062=MECHANICAL_DESIGN_GEOMETRIC_PRESENTATION_REPRESENTATION('',(#9039),
#16111);
#16063=MECHANICAL_DESIGN_GEOMETRIC_PRESENTATION_REPRESENTATION('',(#9040),
#16112);
#16064=MECHANICAL_DESIGN_GEOMETRIC_PRESENTATION_REPRESENTATION('',(#9041),
#16113);
#16065=MECHANICAL_DESIGN_GEOMETRIC_PRESENTATION_REPRESENTATION('',(#9042),
#16114);
#16066=MECHANICAL_DESIGN_GEOMETRIC_PRESENTATION_REPRESENTATION('',(#9043),
#16115);
#16067=MECHANICAL_DESIGN_GEOMETRIC_PRESENTATION_REPRESENTATION('',(#9044),
#16116);
#16068=MECHANICAL_DESIGN_GEOMETRIC_PRESENTATION_REPRESENTATION('',(#9045),
#16117);
#16069=MECHANICAL_DESIGN_GEOMETRIC_PRESENTATION_REPRESENTATION('',(#9046),
#16118);
#16070=MECHANICAL_DESIGN_GEOMETRIC_PRESENTATION_REPRESENTATION('',(#9047),
#16119);
#16071=MECHANICAL_DESIGN_GEOMETRIC_PRESENTATION_REPRESENTATION('',(#9048),
#16120);
#16072=(
GEOMETRIC_REPRESENTATION_CONTEXT(3)
GLOBAL_UNCERTAINTY_ASSIGNED_CONTEXT((#16121))
GLOBAL_UNIT_ASSIGNED_CONTEXT((#16268,#16219,#16170))
REPRESENTATION_CONTEXT('Boss-Extrude4[26]','TOP_LEVEL_ASSEMBLY_PART')
);
#16073=(
GEOMETRIC_REPRESENTATION_CONTEXT(3)
GLOBAL_UNCERTAINTY_ASSIGNED_CONTEXT((#16122))
GLOBAL_UNIT_ASSIGNED_CONTEXT((#16269,#16220,#16171))
REPRESENTATION_CONTEXT('Boss-Extrude4[25]','TOP_LEVEL_ASSEMBLY_PART')
);
#16074=(
GEOMETRIC_REPRESENTATION_CONTEXT(3)
GLOBAL_UNCERTAINTY_ASSIGNED_CONTEXT((#16123))
GLOBAL_UNIT_ASSIGNED_CONTEXT((#16270,#16221,#16172))
REPRESENTATION_CONTEXT('Boss-Extrude4[42]','TOP_LEVEL_ASSEMBLY_PART')
);
#16075=(
GEOMETRIC_REPRESENTATION_CONTEXT(3)
GLOBAL_UNCERTAINTY_ASSIGNED_CONTEXT((#16124))
GLOBAL_UNIT_ASSIGNED_CONTEXT((#16271,#16222,#16173))
REPRESENTATION_CONTEXT('Boss-Extrude4[24]','TOP_LEVEL_ASSEMBLY_PART')
);
#16076=(
GEOMETRIC_REPRESENTATION_CONTEXT(3)
GLOBAL_UNCERTAINTY_ASSIGNED_CONTEXT((#16125))
GLOBAL_UNIT_ASSIGNED_CONTEXT((#16272,#16223,#16174))
REPRESENTATION_CONTEXT('Cut-Extrude1','TOP_LEVEL_ASSEMBLY_PART')
);
#16077=(
GEOMETRIC_REPRESENTATION_CONTEXT(3)
GLOBAL_UNCERTAINTY_ASSIGNED_CONTEXT((#16126))
GLOBAL_UNIT_ASSIGNED_CONTEXT((#16273,#16224,#16175))
REPRESENTATION_CONTEXT('Boss-Extrude4[41]','TOP_LEVEL_ASSEMBLY_PART')
);
#16078=(
GEOMETRIC_REPRESENTATION_CONTEXT(3)
GLOBAL_UNCERTAINTY_ASSIGNED_CONTEXT((#16127))
GLOBAL_UNIT_ASSIGNED_CONTEXT((#16274,#16225,#16176))
REPRESENTATION_CONTEXT('Boss-Extrude4[23]','TOP_LEVEL_ASSEMBLY_PART')
);
#16079=(
GEOMETRIC_REPRESENTATION_CONTEXT(3)
GLOBAL_UNCERTAINTY_ASSIGNED_CONTEXT((#16128))
GLOBAL_UNIT_ASSIGNED_CONTEXT((#16275,#16226,#16177))
REPRESENTATION_CONTEXT('Boss-Extrude3','TOP_LEVEL_ASSEMBLY_PART')
);
#16080=(
GEOMETRIC_REPRESENTATION_CONTEXT(3)
GLOBAL_UNCERTAINTY_ASSIGNED_CONTEXT((#16129))
GLOBAL_UNIT_ASSIGNED_CONTEXT((#16276,#16227,#16178))
REPRESENTATION_CONTEXT('Boss-Extrude4[40]','TOP_LEVEL_ASSEMBLY_PART')
);
#16081=(
GEOMETRIC_REPRESENTATION_CONTEXT(3)
GLOBAL_UNCERTAINTY_ASSIGNED_CONTEXT((#16130))
GLOBAL_UNIT_ASSIGNED_CONTEXT((#16277,#16228,#16179))
REPRESENTATION_CONTEXT('Boss-Extrude4[22]','TOP_LEVEL_ASSEMBLY_PART')
);
#16082=(
GEOMETRIC_REPRESENTATION_CONTEXT(3)
GLOBAL_UNCERTAINTY_ASSIGNED_CONTEXT((#16131))
GLOBAL_UNIT_ASSIGNED_CONTEXT((#16278,#16229,#16180))
REPRESENTATION_CONTEXT('Cut-Extrude2','TOP_LEVEL_ASSEMBLY_PART')
);
#16083=(
GEOMETRIC_REPRESENTATION_CONTEXT(3)
GLOBAL_UNCERTAINTY_ASSIGNED_CONTEXT((#16132))
GLOBAL_UNIT_ASSIGNED_CONTEXT((#16279,#16230,#16181))
REPRESENTATION_CONTEXT('Boss-Extrude4[39]','TOP_LEVEL_ASSEMBLY_PART')
);
#16084=(
GEOMETRIC_REPRESENTATION_CONTEXT(3)
GLOBAL_UNCERTAINTY_ASSIGNED_CONTEXT((#16133))
GLOBAL_UNIT_ASSIGNED_CONTEXT((#16280,#16231,#16182))
REPRESENTATION_CONTEXT('Boss-Extrude4[21]','TOP_LEVEL_ASSEMBLY_PART')
);
#16085=(
GEOMETRIC_REPRESENTATION_CONTEXT(3)
GLOBAL_UNCERTAINTY_ASSIGNED_CONTEXT((#16134))
GLOBAL_UNIT_ASSIGNED_CONTEXT((#16281,#16232,#16183))
REPRESENTATION_CONTEXT('Boss-Extrude4[1]','TOP_LEVEL_ASSEMBLY_PART')
);
#16086=(
GEOMETRIC_REPRESENTATION_CONTEXT(3)
GLOBAL_UNCERTAINTY_ASSIGNED_CONTEXT((#16135))
GLOBAL_UNIT_ASSIGNED_CONTEXT((#16282,#16233,#16184))
REPRESENTATION_CONTEXT('Boss-Extrude4[38]','TOP_LEVEL_ASSEMBLY_PART')
);
#16087=(
GEOMETRIC_REPRESENTATION_CONTEXT(3)
GLOBAL_UNCERTAINTY_ASSIGNED_CONTEXT((#16136))
GLOBAL_UNIT_ASSIGNED_CONTEXT((#16283,#16234,#16185))
REPRESENTATION_CONTEXT('Boss-Extrude4[20]','TOP_LEVEL_ASSEMBLY_PART')
);
#16088=(
GEOMETRIC_REPRESENTATION_CONTEXT(3)
GLOBAL_UNCERTAINTY_ASSIGNED_CONTEXT((#16137))
GLOBAL_UNIT_ASSIGNED_CONTEXT((#16284,#16235,#16186))
REPRESENTATION_CONTEXT('Boss-Extrude4[2]','TOP_LEVEL_ASSEMBLY_PART')
);
#16089=(
GEOMETRIC_REPRESENTATION_CONTEXT(3)
GLOBAL_UNCERTAINTY_ASSIGNED_CONTEXT((#16138))
GLOBAL_UNIT_ASSIGNED_CONTEXT((#16285,#16236,#16187))
REPRESENTATION_CONTEXT('Boss-Extrude4[37]','TOP_LEVEL_ASSEMBLY_PART')
);
#16090=(
GEOMETRIC_REPRESENTATION_CONTEXT(3)
GLOBAL_UNCERTAINTY_ASSIGNED_CONTEXT((#16139))
GLOBAL_UNIT_ASSIGNED_CONTEXT((#16286,#16237,#16188))
REPRESENTATION_CONTEXT('Boss-Extrude4[3]','TOP_LEVEL_ASSEMBLY_PART')
);
#16091=(
GEOMETRIC_REPRESENTATION_CONTEXT(3)
GLOBAL_UNCERTAINTY_ASSIGNED_CONTEXT((#16140))
GLOBAL_UNIT_ASSIGNED_CONTEXT((#16287,#16238,#16189))
REPRESENTATION_CONTEXT('Boss-Extrude4[36]','TOP_LEVEL_ASSEMBLY_PART')
);
#16092=(
GEOMETRIC_REPRESENTATION_CONTEXT(3)
GLOBAL_UNCERTAINTY_ASSIGNED_CONTEXT((#16141))
GLOBAL_UNIT_ASSIGNED_CONTEXT((#16288,#16239,#16190))
REPRESENTATION_CONTEXT('Boss-Extrude4[44]','TOP_LEVEL_ASSEMBLY_PART')
);
#16093=(
GEOMETRIC_REPRESENTATION_CONTEXT(3)
GLOBAL_UNCERTAINTY_ASSIGNED_CONTEXT((#16142))
GLOBAL_UNIT_ASSIGNED_CONTEXT((#16289,#16240,#16191))
REPRESENTATION_CONTEXT('Boss-Extrude4[28]','TOP_LEVEL_ASSEMBLY_PART')
);
#16094=(
GEOMETRIC_REPRESENTATION_CONTEXT(3)
GLOBAL_UNCERTAINTY_ASSIGNED_CONTEXT((#16143))
GLOBAL_UNIT_ASSIGNED_CONTEXT((#16290,#16241,#16192))
REPRESENTATION_CONTEXT('Boss-Extrude4[35]','TOP_LEVEL_ASSEMBLY_PART')
);
#16095=(
GEOMETRIC_REPRESENTATION_CONTEXT(3)
GLOBAL_UNCERTAINTY_ASSIGNED_CONTEXT((#16144))
GLOBAL_UNIT_ASSIGNED_CONTEXT((#16291,#16242,#16193))
REPRESENTATION_CONTEXT('Boss-Extrude4[19]','TOP_LEVEL_ASSEMBLY_PART')
);
#16096=(
GEOMETRIC_REPRESENTATION_CONTEXT(3)
GLOBAL_UNCERTAINTY_ASSIGNED_CONTEXT((#16145))
GLOBAL_UNIT_ASSIGNED_CONTEXT((#16292,#16243,#16194))
REPRESENTATION_CONTEXT('Boss-Extrude4[4]','TOP_LEVEL_ASSEMBLY_PART')
);
#16097=(
GEOMETRIC_REPRESENTATION_CONTEXT(3)
GLOBAL_UNCERTAINTY_ASSIGNED_CONTEXT((#16146))
GLOBAL_UNIT_ASSIGNED_CONTEXT((#16293,#16244,#16195))
REPRESENTATION_CONTEXT('Boss-Extrude4[43]','TOP_LEVEL_ASSEMBLY_PART')
);
#16098=(
GEOMETRIC_REPRESENTATION_CONTEXT(3)
GLOBAL_UNCERTAINTY_ASSIGNED_CONTEXT((#16147))
GLOBAL_UNIT_ASSIGNED_CONTEXT((#16294,#16245,#16196))
REPRESENTATION_CONTEXT('Boss-Extrude4[27]','TOP_LEVEL_ASSEMBLY_PART')
);
#16099=(
GEOMETRIC_REPRESENTATION_CONTEXT(3)
GLOBAL_UNCERTAINTY_ASSIGNED_CONTEXT((#16148))
GLOBAL_UNIT_ASSIGNED_CONTEXT((#16295,#16246,#16197))
REPRESENTATION_CONTEXT('Boss-Extrude4[34]','TOP_LEVEL_ASSEMBLY_PART')
);
#16100=(
GEOMETRIC_REPRESENTATION_CONTEXT(3)
GLOBAL_UNCERTAINTY_ASSIGNED_CONTEXT((#16149))
GLOBAL_UNIT_ASSIGNED_CONTEXT((#16296,#16247,#16198))
REPRESENTATION_CONTEXT('Boss-Extrude4[18]','TOP_LEVEL_ASSEMBLY_PART')
);
#16101=(
GEOMETRIC_REPRESENTATION_CONTEXT(3)
GLOBAL_UNCERTAINTY_ASSIGNED_CONTEXT((#16150))
GLOBAL_UNIT_ASSIGNED_CONTEXT((#16297,#16248,#16199))
REPRESENTATION_CONTEXT('Boss-Extrude4[5]','TOP_LEVEL_ASSEMBLY_PART')
);
#16102=(
GEOMETRIC_REPRESENTATION_CONTEXT(3)
GLOBAL_UNCERTAINTY_ASSIGNED_CONTEXT((#16151))
GLOBAL_UNIT_ASSIGNED_CONTEXT((#16298,#16249,#16200))
REPRESENTATION_CONTEXT('Boss-Extrude4[45]','TOP_LEVEL_ASSEMBLY_PART')
);
#16103=(
GEOMETRIC_REPRESENTATION_CONTEXT(3)
GLOBAL_UNCERTAINTY_ASSIGNED_CONTEXT((#16152))
GLOBAL_UNIT_ASSIGNED_CONTEXT((#16299,#16250,#16201))
REPRESENTATION_CONTEXT('Boss-Extrude4[29]','TOP_LEVEL_ASSEMBLY_PART')
);
#16104=(
GEOMETRIC_REPRESENTATION_CONTEXT(3)
GLOBAL_UNCERTAINTY_ASSIGNED_CONTEXT((#16153))
GLOBAL_UNIT_ASSIGNED_CONTEXT((#16300,#16251,#16202))
REPRESENTATION_CONTEXT('Boss-Extrude4[33]','TOP_LEVEL_ASSEMBLY_PART')
);
#16105=(
GEOMETRIC_REPRESENTATION_CONTEXT(3)
GLOBAL_UNCERTAINTY_ASSIGNED_CONTEXT((#16154))
GLOBAL_UNIT_ASSIGNED_CONTEXT((#16301,#16252,#16203))
REPRESENTATION_CONTEXT('Boss-Extrude4[17]','TOP_LEVEL_ASSEMBLY_PART')
);
#16106=(
GEOMETRIC_REPRESENTATION_CONTEXT(3)
GLOBAL_UNCERTAINTY_ASSIGNED_CONTEXT((#16155))
GLOBAL_UNIT_ASSIGNED_CONTEXT((#16302,#16253,#16204))
REPRESENTATION_CONTEXT('Boss-Extrude4[6]','TOP_LEVEL_ASSEMBLY_PART')
);
#16107=(
GEOMETRIC_REPRESENTATION_CONTEXT(3)
GLOBAL_UNCERTAINTY_ASSIGNED_CONTEXT((#16156))
GLOBAL_UNIT_ASSIGNED_CONTEXT((#16303,#16254,#16205))
REPRESENTATION_CONTEXT('Boss-Extrude4[32]','TOP_LEVEL_ASSEMBLY_PART')
);
#16108=(
GEOMETRIC_REPRESENTATION_CONTEXT(3)
GLOBAL_UNCERTAINTY_ASSIGNED_CONTEXT((#16157))
GLOBAL_UNIT_ASSIGNED_CONTEXT((#16304,#16255,#16206))
REPRESENTATION_CONTEXT('Boss-Extrude4[16]','TOP_LEVEL_ASSEMBLY_PART')
);
#16109=(
GEOMETRIC_REPRESENTATION_CONTEXT(3)
GLOBAL_UNCERTAINTY_ASSIGNED_CONTEXT((#16158))
GLOBAL_UNIT_ASSIGNED_CONTEXT((#16305,#16256,#16207))
REPRESENTATION_CONTEXT('Boss-Extrude4[7]','TOP_LEVEL_ASSEMBLY_PART')
);
#16110=(
GEOMETRIC_REPRESENTATION_CONTEXT(3)
GLOBAL_UNCERTAINTY_ASSIGNED_CONTEXT((#16159))
GLOBAL_UNIT_ASSIGNED_CONTEXT((#16306,#16257,#16208))
REPRESENTATION_CONTEXT('Boss-Extrude4[31]','TOP_LEVEL_ASSEMBLY_PART')
);
#16111=(
GEOMETRIC_REPRESENTATION_CONTEXT(3)
GLOBAL_UNCERTAINTY_ASSIGNED_CONTEXT((#16160))
GLOBAL_UNIT_ASSIGNED_CONTEXT((#16307,#16258,#16209))
REPRESENTATION_CONTEXT('Boss-Extrude4[15]','TOP_LEVEL_ASSEMBLY_PART')
);
#16112=(
GEOMETRIC_REPRESENTATION_CONTEXT(3)
GLOBAL_UNCERTAINTY_ASSIGNED_CONTEXT((#16161))
GLOBAL_UNIT_ASSIGNED_CONTEXT((#16308,#16259,#16210))
REPRESENTATION_CONTEXT('Boss-Extrude4[8]','TOP_LEVEL_ASSEMBLY_PART')
);
#16113=(
GEOMETRIC_REPRESENTATION_CONTEXT(3)
GLOBAL_UNCERTAINTY_ASSIGNED_CONTEXT((#16162))
GLOBAL_UNIT_ASSIGNED_CONTEXT((#16309,#16260,#16211))
REPRESENTATION_CONTEXT('Boss-Extrude4[46]','TOP_LEVEL_ASSEMBLY_PART')
);
#16114=(
GEOMETRIC_REPRESENTATION_CONTEXT(3)
GLOBAL_UNCERTAINTY_ASSIGNED_CONTEXT((#16163))
GLOBAL_UNIT_ASSIGNED_CONTEXT((#16310,#16261,#16212))
REPRESENTATION_CONTEXT('Boss-Extrude4[30]','TOP_LEVEL_ASSEMBLY_PART')
);
#16115=(
GEOMETRIC_REPRESENTATION_CONTEXT(3)
GLOBAL_UNCERTAINTY_ASSIGNED_CONTEXT((#16164))
GLOBAL_UNIT_ASSIGNED_CONTEXT((#16311,#16262,#16213))
REPRESENTATION_CONTEXT('Boss-Extrude4[14]','TOP_LEVEL_ASSEMBLY_PART')
);
#16116=(
GEOMETRIC_REPRESENTATION_CONTEXT(3)
GLOBAL_UNCERTAINTY_ASSIGNED_CONTEXT((#16165))
GLOBAL_UNIT_ASSIGNED_CONTEXT((#16312,#16263,#16214))
REPRESENTATION_CONTEXT('Boss-Extrude4[9]','TOP_LEVEL_ASSEMBLY_PART')
);
#16117=(
GEOMETRIC_REPRESENTATION_CONTEXT(3)
GLOBAL_UNCERTAINTY_ASSIGNED_CONTEXT((#16166))
GLOBAL_UNIT_ASSIGNED_CONTEXT((#16313,#16264,#16215))
REPRESENTATION_CONTEXT('Boss-Extrude4[10]','TOP_LEVEL_ASSEMBLY_PART')
);
#16118=(
GEOMETRIC_REPRESENTATION_CONTEXT(3)
GLOBAL_UNCERTAINTY_ASSIGNED_CONTEXT((#16167))
GLOBAL_UNIT_ASSIGNED_CONTEXT((#16314,#16265,#16216))
REPRESENTATION_CONTEXT('Boss-Extrude4[13]','TOP_LEVEL_ASSEMBLY_PART')
);
#16119=(
GEOMETRIC_REPRESENTATION_CONTEXT(3)
GLOBAL_UNCERTAINTY_ASSIGNED_CONTEXT((#16168))
GLOBAL_UNIT_ASSIGNED_CONTEXT((#16315,#16266,#16217))
REPRESENTATION_CONTEXT('Boss-Extrude4[11]','TOP_LEVEL_ASSEMBLY_PART')
);
#16120=(
GEOMETRIC_REPRESENTATION_CONTEXT(3)
GLOBAL_UNCERTAINTY_ASSIGNED_CONTEXT((#16169))
GLOBAL_UNIT_ASSIGNED_CONTEXT((#16316,#16267,#16218))
REPRESENTATION_CONTEXT('Boss-Extrude4[12]','TOP_LEVEL_ASSEMBLY_PART')
);
#16121=UNCERTAINTY_MEASURE_WITH_UNIT(LENGTH_MEASURE(1.E-8),#16268,
'DISTANCE_ACCURACY_VALUE','Maximum Tolerance applied to model');
#16122=UNCERTAINTY_MEASURE_WITH_UNIT(LENGTH_MEASURE(1.E-8),#16269,
'DISTANCE_ACCURACY_VALUE','Maximum Tolerance applied to model');
#16123=UNCERTAINTY_MEASURE_WITH_UNIT(LENGTH_MEASURE(1.E-8),#16270,
'DISTANCE_ACCURACY_VALUE','Maximum Tolerance applied to model');
#16124=UNCERTAINTY_MEASURE_WITH_UNIT(LENGTH_MEASURE(1.E-8),#16271,
'DISTANCE_ACCURACY_VALUE','Maximum Tolerance applied to model');
#16125=UNCERTAINTY_MEASURE_WITH_UNIT(LENGTH_MEASURE(1.E-8),#16272,
'DISTANCE_ACCURACY_VALUE','Maximum Tolerance applied to model');
#16126=UNCERTAINTY_MEASURE_WITH_UNIT(LENGTH_MEASURE(1.E-8),#16273,
'DISTANCE_ACCURACY_VALUE','Maximum Tolerance applied to model');
#16127=UNCERTAINTY_MEASURE_WITH_UNIT(LENGTH_MEASURE(1.E-8),#16274,
'DISTANCE_ACCURACY_VALUE','Maximum Tolerance applied to model');
#16128=UNCERTAINTY_MEASURE_WITH_UNIT(LENGTH_MEASURE(1.E-8),#16275,
'DISTANCE_ACCURACY_VALUE','Maximum Tolerance applied to model');
#16129=UNCERTAINTY_MEASURE_WITH_UNIT(LENGTH_MEASURE(1.E-8),#16276,
'DISTANCE_ACCURACY_VALUE','Maximum Tolerance applied to model');
#16130=UNCERTAINTY_MEASURE_WITH_UNIT(LENGTH_MEASURE(1.E-8),#16277,
'DISTANCE_ACCURACY_VALUE','Maximum Tolerance applied to model');
#16131=UNCERTAINTY_MEASURE_WITH_UNIT(LENGTH_MEASURE(1.E-8),#16278,
'DISTANCE_ACCURACY_VALUE','Maximum Tolerance applied to model');
#16132=UNCERTAINTY_MEASURE_WITH_UNIT(LENGTH_MEASURE(1.E-8),#16279,
'DISTANCE_ACCURACY_VALUE','Maximum Tolerance applied to model');
#16133=UNCERTAINTY_MEASURE_WITH_UNIT(LENGTH_MEASURE(1.E-8),#16280,
'DISTANCE_ACCURACY_VALUE','Maximum Tolerance applied to model');
#16134=UNCERTAINTY_MEASURE_WITH_UNIT(LENGTH_MEASURE(1.E-8),#16281,
'DISTANCE_ACCURACY_VALUE','Maximum Tolerance applied to model');
#16135=UNCERTAINTY_MEASURE_WITH_UNIT(LENGTH_MEASURE(1.E-8),#16282,
'DISTANCE_ACCURACY_VALUE','Maximum Tolerance applied to model');
#16136=UNCERTAINTY_MEASURE_WITH_UNIT(LENGTH_MEASURE(1.E-8),#16283,
'DISTANCE_ACCURACY_VALUE','Maximum Tolerance applied to model');
#16137=UNCERTAINTY_MEASURE_WITH_UNIT(LENGTH_MEASURE(1.E-8),#16284,
'DISTANCE_ACCURACY_VALUE','Maximum Tolerance applied to model');
#16138=UNCERTAINTY_MEASURE_WITH_UNIT(LENGTH_MEASURE(1.E-8),#16285,
'DISTANCE_ACCURACY_VALUE','Maximum Tolerance applied to model');
#16139=UNCERTAINTY_MEASURE_WITH_UNIT(LENGTH_MEASURE(1.E-8),#16286,
'DISTANCE_ACCURACY_VALUE','Maximum Tolerance applied to model');
#16140=UNCERTAINTY_MEASURE_WITH_UNIT(LENGTH_MEASURE(1.E-8),#16287,
'DISTANCE_ACCURACY_VALUE','Maximum Tolerance applied to model');
#16141=UNCERTAINTY_MEASURE_WITH_UNIT(LENGTH_MEASURE(1.E-8),#16288,
'DISTANCE_ACCURACY_VALUE','Maximum Tolerance applied to model');
#16142=UNCERTAINTY_MEASURE_WITH_UNIT(LENGTH_MEASURE(1.E-8),#16289,
'DISTANCE_ACCURACY_VALUE','Maximum Tolerance applied to model');
#16143=UNCERTAINTY_MEASURE_WITH_UNIT(LENGTH_MEASURE(1.E-8),#16290,
'DISTANCE_ACCURACY_VALUE','Maximum Tolerance applied to model');
#16144=UNCERTAINTY_MEASURE_WITH_UNIT(LENGTH_MEASURE(1.E-8),#16291,
'DISTANCE_ACCURACY_VALUE','Maximum Tolerance applied to model');
#16145=UNCERTAINTY_MEASURE_WITH_UNIT(LENGTH_MEASURE(1.E-8),#16292,
'DISTANCE_ACCURACY_VALUE','Maximum Tolerance applied to model');
#16146=UNCERTAINTY_MEASURE_WITH_UNIT(LENGTH_MEASURE(1.E-8),#16293,
'DISTANCE_ACCURACY_VALUE','Maximum Tolerance applied to model');
#16147=UNCERTAINTY_MEASURE_WITH_UNIT(LENGTH_MEASURE(1.E-8),#16294,
'DISTANCE_ACCURACY_VALUE','Maximum Tolerance applied to model');
#16148=UNCERTAINTY_MEASURE_WITH_UNIT(LENGTH_MEASURE(1.E-8),#16295,
'DISTANCE_ACCURACY_VALUE','Maximum Tolerance applied to model');
#16149=UNCERTAINTY_MEASURE_WITH_UNIT(LENGTH_MEASURE(1.E-8),#16296,
'DISTANCE_ACCURACY_VALUE','Maximum Tolerance applied to model');
#16150=UNCERTAINTY_MEASURE_WITH_UNIT(LENGTH_MEASURE(1.E-8),#16297,
'DISTANCE_ACCURACY_VALUE','Maximum Tolerance applied to model');
#16151=UNCERTAINTY_MEASURE_WITH_UNIT(LENGTH_MEASURE(1.E-8),#16298,
'DISTANCE_ACCURACY_VALUE','Maximum Tolerance applied to model');
#16152=UNCERTAINTY_MEASURE_WITH_UNIT(LENGTH_MEASURE(1.E-8),#16299,
'DISTANCE_ACCURACY_VALUE','Maximum Tolerance applied to model');
#16153=UNCERTAINTY_MEASURE_WITH_UNIT(LENGTH_MEASURE(1.E-8),#16300,
'DISTANCE_ACCURACY_VALUE','Maximum Tolerance applied to model');
#16154=UNCERTAINTY_MEASURE_WITH_UNIT(LENGTH_MEASURE(1.E-8),#16301,
'DISTANCE_ACCURACY_VALUE','Maximum Tolerance applied to model');
#16155=UNCERTAINTY_MEASURE_WITH_UNIT(LENGTH_MEASURE(1.E-8),#16302,
'DISTANCE_ACCURACY_VALUE','Maximum Tolerance applied to model');
#16156=UNCERTAINTY_MEASURE_WITH_UNIT(LENGTH_MEASURE(1.E-8),#16303,
'DISTANCE_ACCURACY_VALUE','Maximum Tolerance applied to model');
#16157=UNCERTAINTY_MEASURE_WITH_UNIT(LENGTH_MEASURE(1.E-8),#16304,
'DISTANCE_ACCURACY_VALUE','Maximum Tolerance applied to model');
#16158=UNCERTAINTY_MEASURE_WITH_UNIT(LENGTH_MEASURE(1.E-8),#16305,
'DISTANCE_ACCURACY_VALUE','Maximum Tolerance applied to model');
#16159=UNCERTAINTY_MEASURE_WITH_UNIT(LENGTH_MEASURE(1.E-8),#16306,
'DISTANCE_ACCURACY_VALUE','Maximum Tolerance applied to model');
#16160=UNCERTAINTY_MEASURE_WITH_UNIT(LENGTH_MEASURE(1.E-8),#16307,
'DISTANCE_ACCURACY_VALUE','Maximum Tolerance applied to model');
#16161=UNCERTAINTY_MEASURE_WITH_UNIT(LENGTH_MEASURE(1.E-8),#16308,
'DISTANCE_ACCURACY_VALUE','Maximum Tolerance applied to model');
#16162=UNCERTAINTY_MEASURE_WITH_UNIT(LENGTH_MEASURE(1.E-8),#16309,
'DISTANCE_ACCURACY_VALUE','Maximum Tolerance applied to model');
#16163=UNCERTAINTY_MEASURE_WITH_UNIT(LENGTH_MEASURE(1.E-8),#16310,
'DISTANCE_ACCURACY_VALUE','Maximum Tolerance applied to model');
#16164=UNCERTAINTY_MEASURE_WITH_UNIT(LENGTH_MEASURE(1.E-8),#16311,
'DISTANCE_ACCURACY_VALUE','Maximum Tolerance applied to model');
#16165=UNCERTAINTY_MEASURE_WITH_UNIT(LENGTH_MEASURE(1.E-8),#16312,
'DISTANCE_ACCURACY_VALUE','Maximum Tolerance applied to model');
#16166=UNCERTAINTY_MEASURE_WITH_UNIT(LENGTH_MEASURE(1.E-8),#16313,
'DISTANCE_ACCURACY_VALUE','Maximum Tolerance applied to model');
#16167=UNCERTAINTY_MEASURE_WITH_UNIT(LENGTH_MEASURE(1.E-8),#16314,
'DISTANCE_ACCURACY_VALUE','Maximum Tolerance applied to model');
#16168=UNCERTAINTY_MEASURE_WITH_UNIT(LENGTH_MEASURE(1.E-8),#16315,
'DISTANCE_ACCURACY_VALUE','Maximum Tolerance applied to model');
#16169=UNCERTAINTY_MEASURE_WITH_UNIT(LENGTH_MEASURE(1.E-8),#16316,
'DISTANCE_ACCURACY_VALUE','Maximum Tolerance applied to model');
#16170=(
NAMED_UNIT(*)
SI_UNIT($,.STERADIAN.)
SOLID_ANGLE_UNIT()
);
#16171=(
NAMED_UNIT(*)
SI_UNIT($,.STERADIAN.)
SOLID_ANGLE_UNIT()
);
#16172=(
NAMED_UNIT(*)
SI_UNIT($,.STERADIAN.)
SOLID_ANGLE_UNIT()
);
#16173=(
NAMED_UNIT(*)
SI_UNIT($,.STERADIAN.)
SOLID_ANGLE_UNIT()
);
#16174=(
NAMED_UNIT(*)
SI_UNIT($,.STERADIAN.)
SOLID_ANGLE_UNIT()
);
#16175=(
NAMED_UNIT(*)
SI_UNIT($,.STERADIAN.)
SOLID_ANGLE_UNIT()
);
#16176=(
NAMED_UNIT(*)
SI_UNIT($,.STERADIAN.)
SOLID_ANGLE_UNIT()
);
#16177=(
NAMED_UNIT(*)
SI_UNIT($,.STERADIAN.)
SOLID_ANGLE_UNIT()
);
#16178=(
NAMED_UNIT(*)
SI_UNIT($,.STERADIAN.)
SOLID_ANGLE_UNIT()
);
#16179=(
NAMED_UNIT(*)
SI_UNIT($,.STERADIAN.)
SOLID_ANGLE_UNIT()
);
#16180=(
NAMED_UNIT(*)
SI_UNIT($,.STERADIAN.)
SOLID_ANGLE_UNIT()
);
#16181=(
NAMED_UNIT(*)
SI_UNIT($,.STERADIAN.)
SOLID_ANGLE_UNIT()
);
#16182=(
NAMED_UNIT(*)
SI_UNIT($,.STERADIAN.)
SOLID_ANGLE_UNIT()
);
#16183=(
NAMED_UNIT(*)
SI_UNIT($,.STERADIAN.)
SOLID_ANGLE_UNIT()
);
#16184=(
NAMED_UNIT(*)
SI_UNIT($,.STERADIAN.)
SOLID_ANGLE_UNIT()
);
#16185=(
NAMED_UNIT(*)
SI_UNIT($,.STERADIAN.)
SOLID_ANGLE_UNIT()
);
#16186=(
NAMED_UNIT(*)
SI_UNIT($,.STERADIAN.)
SOLID_ANGLE_UNIT()
);
#16187=(
NAMED_UNIT(*)
SI_UNIT($,.STERADIAN.)
SOLID_ANGLE_UNIT()
);
#16188=(
NAMED_UNIT(*)
SI_UNIT($,.STERADIAN.)
SOLID_ANGLE_UNIT()
);
#16189=(
NAMED_UNIT(*)
SI_UNIT($,.STERADIAN.)
SOLID_ANGLE_UNIT()
);
#16190=(
NAMED_UNIT(*)
SI_UNIT($,.STERADIAN.)
SOLID_ANGLE_UNIT()
);
#16191=(
NAMED_UNIT(*)
SI_UNIT($,.STERADIAN.)
SOLID_ANGLE_UNIT()
);
#16192=(
NAMED_UNIT(*)
SI_UNIT($,.STERADIAN.)
SOLID_ANGLE_UNIT()
);
#16193=(
NAMED_UNIT(*)
SI_UNIT($,.STERADIAN.)
SOLID_ANGLE_UNIT()
);
#16194=(
NAMED_UNIT(*)
SI_UNIT($,.STERADIAN.)
SOLID_ANGLE_UNIT()
);
#16195=(
NAMED_UNIT(*)
SI_UNIT($,.STERADIAN.)
SOLID_ANGLE_UNIT()
);
#16196=(
NAMED_UNIT(*)
SI_UNIT($,.STERADIAN.)
SOLID_ANGLE_UNIT()
);
#16197=(
NAMED_UNIT(*)
SI_UNIT($,.STERADIAN.)
SOLID_ANGLE_UNIT()
);
#16198=(
NAMED_UNIT(*)
SI_UNIT($,.STERADIAN.)
SOLID_ANGLE_UNIT()
);
#16199=(
NAMED_UNIT(*)
SI_UNIT($,.STERADIAN.)
SOLID_ANGLE_UNIT()
);
#16200=(
NAMED_UNIT(*)
SI_UNIT($,.STERADIAN.)
SOLID_ANGLE_UNIT()
);
#16201=(
NAMED_UNIT(*)
SI_UNIT($,.STERADIAN.)
SOLID_ANGLE_UNIT()
);
#16202=(
NAMED_UNIT(*)
SI_UNIT($,.STERADIAN.)
SOLID_ANGLE_UNIT()
);
#16203=(
NAMED_UNIT(*)
SI_UNIT($,.STERADIAN.)
SOLID_ANGLE_UNIT()
);
#16204=(
NAMED_UNIT(*)
SI_UNIT($,.STERADIAN.)
SOLID_ANGLE_UNIT()
);
#16205=(
NAMED_UNIT(*)
SI_UNIT($,.STERADIAN.)
SOLID_ANGLE_UNIT()
);
#16206=(
NAMED_UNIT(*)
SI_UNIT($,.STERADIAN.)
SOLID_ANGLE_UNIT()
);
#16207=(
NAMED_UNIT(*)
SI_UNIT($,.STERADIAN.)
SOLID_ANGLE_UNIT()
);
#16208=(
NAMED_UNIT(*)
SI_UNIT($,.STERADIAN.)
SOLID_ANGLE_UNIT()
);
#16209=(
NAMED_UNIT(*)
SI_UNIT($,.STERADIAN.)
SOLID_ANGLE_UNIT()
);
#16210=(
NAMED_UNIT(*)
SI_UNIT($,.STERADIAN.)
SOLID_ANGLE_UNIT()
);
#16211=(
NAMED_UNIT(*)
SI_UNIT($,.STERADIAN.)
SOLID_ANGLE_UNIT()
);
#16212=(
NAMED_UNIT(*)
SI_UNIT($,.STERADIAN.)
SOLID_ANGLE_UNIT()
);
#16213=(
NAMED_UNIT(*)
SI_UNIT($,.STERADIAN.)
SOLID_ANGLE_UNIT()
);
#16214=(
NAMED_UNIT(*)
SI_UNIT($,.STERADIAN.)
SOLID_ANGLE_UNIT()
);
#16215=(
NAMED_UNIT(*)
SI_UNIT($,.STERADIAN.)
SOLID_ANGLE_UNIT()
);
#16216=(
NAMED_UNIT(*)
SI_UNIT($,.STERADIAN.)
SOLID_ANGLE_UNIT()
);
#16217=(
NAMED_UNIT(*)
SI_UNIT($,.STERADIAN.)
SOLID_ANGLE_UNIT()
);
#16218=(
NAMED_UNIT(*)
SI_UNIT($,.STERADIAN.)
SOLID_ANGLE_UNIT()
);
#16219=(
NAMED_UNIT(*)
PLANE_ANGLE_UNIT()
SI_UNIT($,.RADIAN.)
);
#16220=(
NAMED_UNIT(*)
PLANE_ANGLE_UNIT()
SI_UNIT($,.RADIAN.)
);
#16221=(
NAMED_UNIT(*)
PLANE_ANGLE_UNIT()
SI_UNIT($,.RADIAN.)
);
#16222=(
NAMED_UNIT(*)
PLANE_ANGLE_UNIT()
SI_UNIT($,.RADIAN.)
);
#16223=(
NAMED_UNIT(*)
PLANE_ANGLE_UNIT()
SI_UNIT($,.RADIAN.)
);
#16224=(
NAMED_UNIT(*)
PLANE_ANGLE_UNIT()
SI_UNIT($,.RADIAN.)
);
#16225=(
NAMED_UNIT(*)
PLANE_ANGLE_UNIT()
SI_UNIT($,.RADIAN.)
);
#16226=(
NAMED_UNIT(*)
PLANE_ANGLE_UNIT()
SI_UNIT($,.RADIAN.)
);
#16227=(
NAMED_UNIT(*)
PLANE_ANGLE_UNIT()
SI_UNIT($,.RADIAN.)
);
#16228=(
NAMED_UNIT(*)
PLANE_ANGLE_UNIT()
SI_UNIT($,.RADIAN.)
);
#16229=(
NAMED_UNIT(*)
PLANE_ANGLE_UNIT()
SI_UNIT($,.RADIAN.)
);
#16230=(
NAMED_UNIT(*)
PLANE_ANGLE_UNIT()
SI_UNIT($,.RADIAN.)
);
#16231=(
NAMED_UNIT(*)
PLANE_ANGLE_UNIT()
SI_UNIT($,.RADIAN.)
);
#16232=(
NAMED_UNIT(*)
PLANE_ANGLE_UNIT()
SI_UNIT($,.RADIAN.)
);
#16233=(
NAMED_UNIT(*)
PLANE_ANGLE_UNIT()
SI_UNIT($,.RADIAN.)
);
#16234=(
NAMED_UNIT(*)
PLANE_ANGLE_UNIT()
SI_UNIT($,.RADIAN.)
);
#16235=(
NAMED_UNIT(*)
PLANE_ANGLE_UNIT()
SI_UNIT($,.RADIAN.)
);
#16236=(
NAMED_UNIT(*)
PLANE_ANGLE_UNIT()
SI_UNIT($,.RADIAN.)
);
#16237=(
NAMED_UNIT(*)
PLANE_ANGLE_UNIT()
SI_UNIT($,.RADIAN.)
);
#16238=(
NAMED_UNIT(*)
PLANE_ANGLE_UNIT()
SI_UNIT($,.RADIAN.)
);
#16239=(
NAMED_UNIT(*)
PLANE_ANGLE_UNIT()
SI_UNIT($,.RADIAN.)
);
#16240=(
NAMED_UNIT(*)
PLANE_ANGLE_UNIT()
SI_UNIT($,.RADIAN.)
);
#16241=(
NAMED_UNIT(*)
PLANE_ANGLE_UNIT()
SI_UNIT($,.RADIAN.)
);
#16242=(
NAMED_UNIT(*)
PLANE_ANGLE_UNIT()
SI_UNIT($,.RADIAN.)
);
#16243=(
NAMED_UNIT(*)
PLANE_ANGLE_UNIT()
SI_UNIT($,.RADIAN.)
);
#16244=(
NAMED_UNIT(*)
PLANE_ANGLE_UNIT()
SI_UNIT($,.RADIAN.)
);
#16245=(
NAMED_UNIT(*)
PLANE_ANGLE_UNIT()
SI_UNIT($,.RADIAN.)
);
#16246=(
NAMED_UNIT(*)
PLANE_ANGLE_UNIT()
SI_UNIT($,.RADIAN.)
);
#16247=(
NAMED_UNIT(*)
PLANE_ANGLE_UNIT()
SI_UNIT($,.RADIAN.)
);
#16248=(
NAMED_UNIT(*)
PLANE_ANGLE_UNIT()
SI_UNIT($,.RADIAN.)
);
#16249=(
NAMED_UNIT(*)
PLANE_ANGLE_UNIT()
SI_UNIT($,.RADIAN.)
);
#16250=(
NAMED_UNIT(*)
PLANE_ANGLE_UNIT()
SI_UNIT($,.RADIAN.)
);
#16251=(
NAMED_UNIT(*)
PLANE_ANGLE_UNIT()
SI_UNIT($,.RADIAN.)
);
#16252=(
NAMED_UNIT(*)
PLANE_ANGLE_UNIT()
SI_UNIT($,.RADIAN.)
);
#16253=(
NAMED_UNIT(*)
PLANE_ANGLE_UNIT()
SI_UNIT($,.RADIAN.)
);
#16254=(
NAMED_UNIT(*)
PLANE_ANGLE_UNIT()
SI_UNIT($,.RADIAN.)
);
#16255=(
NAMED_UNIT(*)
PLANE_ANGLE_UNIT()
SI_UNIT($,.RADIAN.)
);
#16256=(
NAMED_UNIT(*)
PLANE_ANGLE_UNIT()
SI_UNIT($,.RADIAN.)
);
#16257=(
NAMED_UNIT(*)
PLANE_ANGLE_UNIT()
SI_UNIT($,.RADIAN.)
);
#16258=(
NAMED_UNIT(*)
PLANE_ANGLE_UNIT()
SI_UNIT($,.RADIAN.)
);
#16259=(
NAMED_UNIT(*)
PLANE_ANGLE_UNIT()
SI_UNIT($,.RADIAN.)
);
#16260=(
NAMED_UNIT(*)
PLANE_ANGLE_UNIT()
SI_UNIT($,.RADIAN.)
);
#16261=(
NAMED_UNIT(*)
PLANE_ANGLE_UNIT()
SI_UNIT($,.RADIAN.)
);
#16262=(
NAMED_UNIT(*)
PLANE_ANGLE_UNIT()
SI_UNIT($,.RADIAN.)
);
#16263=(
NAMED_UNIT(*)
PLANE_ANGLE_UNIT()
SI_UNIT($,.RADIAN.)
);
#16264=(
NAMED_UNIT(*)
PLANE_ANGLE_UNIT()
SI_UNIT($,.RADIAN.)
);
#16265=(
NAMED_UNIT(*)
PLANE_ANGLE_UNIT()
SI_UNIT($,.RADIAN.)
);
#16266=(
NAMED_UNIT(*)
PLANE_ANGLE_UNIT()
SI_UNIT($,.RADIAN.)
);
#16267=(
NAMED_UNIT(*)
PLANE_ANGLE_UNIT()
SI_UNIT($,.RADIAN.)
);
#16268=(
LENGTH_UNIT()
NAMED_UNIT(*)
SI_UNIT($,.METRE.)
);
#16269=(
LENGTH_UNIT()
NAMED_UNIT(*)
SI_UNIT($,.METRE.)
);
#16270=(
LENGTH_UNIT()
NAMED_UNIT(*)
SI_UNIT($,.METRE.)
);
#16271=(
LENGTH_UNIT()
NAMED_UNIT(*)
SI_UNIT($,.METRE.)
);
#16272=(
LENGTH_UNIT()
NAMED_UNIT(*)
SI_UNIT($,.METRE.)
);
#16273=(
LENGTH_UNIT()
NAMED_UNIT(*)
SI_UNIT($,.METRE.)
);
#16274=(
LENGTH_UNIT()
NAMED_UNIT(*)
SI_UNIT($,.METRE.)
);
#16275=(
LENGTH_UNIT()
NAMED_UNIT(*)
SI_UNIT($,.METRE.)
);
#16276=(
LENGTH_UNIT()
NAMED_UNIT(*)
SI_UNIT($,.METRE.)
);
#16277=(
LENGTH_UNIT()
NAMED_UNIT(*)
SI_UNIT($,.METRE.)
);
#16278=(
LENGTH_UNIT()
NAMED_UNIT(*)
SI_UNIT($,.METRE.)
);
#16279=(
LENGTH_UNIT()
NAMED_UNIT(*)
SI_UNIT($,.METRE.)
);
#16280=(
LENGTH_UNIT()
NAMED_UNIT(*)
SI_UNIT($,.METRE.)
);
#16281=(
LENGTH_UNIT()
NAMED_UNIT(*)
SI_UNIT($,.METRE.)
);
#16282=(
LENGTH_UNIT()
NAMED_UNIT(*)
SI_UNIT($,.METRE.)
);
#16283=(
LENGTH_UNIT()
NAMED_UNIT(*)
SI_UNIT($,.METRE.)
);
#16284=(
LENGTH_UNIT()
NAMED_UNIT(*)
SI_UNIT($,.METRE.)
);
#16285=(
LENGTH_UNIT()
NAMED_UNIT(*)
SI_UNIT($,.METRE.)
);
#16286=(
LENGTH_UNIT()
NAMED_UNIT(*)
SI_UNIT($,.METRE.)
);
#16287=(
LENGTH_UNIT()
NAMED_UNIT(*)
SI_UNIT($,.METRE.)
);
#16288=(
LENGTH_UNIT()
NAMED_UNIT(*)
SI_UNIT($,.METRE.)
);
#16289=(
LENGTH_UNIT()
NAMED_UNIT(*)
SI_UNIT($,.METRE.)
);
#16290=(
LENGTH_UNIT()
NAMED_UNIT(*)
SI_UNIT($,.METRE.)
);
#16291=(
LENGTH_UNIT()
NAMED_UNIT(*)
SI_UNIT($,.METRE.)
);
#16292=(
LENGTH_UNIT()
NAMED_UNIT(*)
SI_UNIT($,.METRE.)
);
#16293=(
LENGTH_UNIT()
NAMED_UNIT(*)
SI_UNIT($,.METRE.)
);
#16294=(
LENGTH_UNIT()
NAMED_UNIT(*)
SI_UNIT($,.METRE.)
);
#16295=(
LENGTH_UNIT()
NAMED_UNIT(*)
SI_UNIT($,.METRE.)
);
#16296=(
LENGTH_UNIT()
NAMED_UNIT(*)
SI_UNIT($,.METRE.)
);
#16297=(
LENGTH_UNIT()
NAMED_UNIT(*)
SI_UNIT($,.METRE.)
);
#16298=(
LENGTH_UNIT()
NAMED_UNIT(*)
SI_UNIT($,.METRE.)
);
#16299=(
LENGTH_UNIT()
NAMED_UNIT(*)
SI_UNIT($,.METRE.)
);
#16300=(
LENGTH_UNIT()
NAMED_UNIT(*)
SI_UNIT($,.METRE.)
);
#16301=(
LENGTH_UNIT()
NAMED_UNIT(*)
SI_UNIT($,.METRE.)
);
#16302=(
LENGTH_UNIT()
NAMED_UNIT(*)
SI_UNIT($,.METRE.)
);
#16303=(
LENGTH_UNIT()
NAMED_UNIT(*)
SI_UNIT($,.METRE.)
);
#16304=(
LENGTH_UNIT()
NAMED_UNIT(*)
SI_UNIT($,.METRE.)
);
#16305=(
LENGTH_UNIT()
NAMED_UNIT(*)
SI_UNIT($,.METRE.)
);
#16306=(
LENGTH_UNIT()
NAMED_UNIT(*)
SI_UNIT($,.METRE.)
);
#16307=(
LENGTH_UNIT()
NAMED_UNIT(*)
SI_UNIT($,.METRE.)
);
#16308=(
LENGTH_UNIT()
NAMED_UNIT(*)
SI_UNIT($,.METRE.)
);
#16309=(
LENGTH_UNIT()
NAMED_UNIT(*)
SI_UNIT($,.METRE.)
);
#16310=(
LENGTH_UNIT()
NAMED_UNIT(*)
SI_UNIT($,.METRE.)
);
#16311=(
LENGTH_UNIT()
NAMED_UNIT(*)
SI_UNIT($,.METRE.)
);
#16312=(
LENGTH_UNIT()
NAMED_UNIT(*)
SI_UNIT($,.METRE.)
);
#16313=(
LENGTH_UNIT()
NAMED_UNIT(*)
SI_UNIT($,.METRE.)
);
#16314=(
LENGTH_UNIT()
NAMED_UNIT(*)
SI_UNIT($,.METRE.)
);
#16315=(
LENGTH_UNIT()
NAMED_UNIT(*)
SI_UNIT($,.METRE.)
);
#16316=(
LENGTH_UNIT()
NAMED_UNIT(*)
SI_UNIT($,.METRE.)
);
#16317=PRODUCT_DEFINITION_SHAPE('','',#16366);
#16318=PRODUCT_DEFINITION_SHAPE('','',#16367);
#16319=PRODUCT_DEFINITION_SHAPE('','',#16368);
#16320=PRODUCT_DEFINITION_SHAPE('','',#16369);
#16321=PRODUCT_DEFINITION_SHAPE('','',#16370);
#16322=PRODUCT_DEFINITION_SHAPE('','',#16371);
#16323=PRODUCT_DEFINITION_SHAPE('','',#16372);
#16324=PRODUCT_DEFINITION_SHAPE('','',#16373);
#16325=PRODUCT_DEFINITION_SHAPE('','',#16374);
#16326=PRODUCT_DEFINITION_SHAPE('','',#16375);
#16327=PRODUCT_DEFINITION_SHAPE('','',#16376);
#16328=PRODUCT_DEFINITION_SHAPE('','',#16377);
#16329=PRODUCT_DEFINITION_SHAPE('','',#16378);
#16330=PRODUCT_DEFINITION_SHAPE('','',#16379);
#16331=PRODUCT_DEFINITION_SHAPE('','',#16380);
#16332=PRODUCT_DEFINITION_SHAPE('','',#16381);
#16333=PRODUCT_DEFINITION_SHAPE('','',#16382);
#16334=PRODUCT_DEFINITION_SHAPE('','',#16383);
#16335=PRODUCT_DEFINITION_SHAPE('','',#16384);
#16336=PRODUCT_DEFINITION_SHAPE('','',#16385);
#16337=PRODUCT_DEFINITION_SHAPE('','',#16386);
#16338=PRODUCT_DEFINITION_SHAPE('','',#16387);
#16339=PRODUCT_DEFINITION_SHAPE('','',#16388);
#16340=PRODUCT_DEFINITION_SHAPE('','',#16389);
#16341=PRODUCT_DEFINITION_SHAPE('','',#16390);
#16342=PRODUCT_DEFINITION_SHAPE('','',#16391);
#16343=PRODUCT_DEFINITION_SHAPE('','',#16392);
#16344=PRODUCT_DEFINITION_SHAPE('','',#16393);
#16345=PRODUCT_DEFINITION_SHAPE('','',#16394);
#16346=PRODUCT_DEFINITION_SHAPE('','',#16395);
#16347=PRODUCT_DEFINITION_SHAPE('','',#16396);
#16348=PRODUCT_DEFINITION_SHAPE('','',#16397);
#16349=PRODUCT_DEFINITION_SHAPE('','',#16398);
#16350=PRODUCT_DEFINITION_SHAPE('','',#16399);
#16351=PRODUCT_DEFINITION_SHAPE('','',#16400);
#16352=PRODUCT_DEFINITION_SHAPE('','',#16401);
#16353=PRODUCT_DEFINITION_SHAPE('','',#16402);
#16354=PRODUCT_DEFINITION_SHAPE('','',#16403);
#16355=PRODUCT_DEFINITION_SHAPE('','',#16404);
#16356=PRODUCT_DEFINITION_SHAPE('','',#16405);
#16357=PRODUCT_DEFINITION_SHAPE('','',#16406);
#16358=PRODUCT_DEFINITION_SHAPE('','',#16407);
#16359=PRODUCT_DEFINITION_SHAPE('','',#16408);
#16360=PRODUCT_DEFINITION_SHAPE('','',#16409);
#16361=PRODUCT_DEFINITION_SHAPE('','',#16410);
#16362=PRODUCT_DEFINITION_SHAPE('','',#16411);
#16363=PRODUCT_DEFINITION_SHAPE('','',#16412);
#16364=PRODUCT_DEFINITION_SHAPE('','',#16413);
#16365=PRODUCT_DEFINITION_SHAPE('','',#16414);
#16366=PRODUCT_DEFINITION('','',#16464,#16415);
#16367=PRODUCT_DEFINITION('','',#16465,#16416);
#16368=PRODUCT_DEFINITION('','',#16466,#16417);
#16369=PRODUCT_DEFINITION('','',#16467,#16418);
#16370=PRODUCT_DEFINITION('','',#16468,#16419);
#16371=PRODUCT_DEFINITION('','',#16469,#16420);
#16372=PRODUCT_DEFINITION('','',#16470,#16421);
#16373=PRODUCT_DEFINITION('','',#16471,#16422);
#16374=PRODUCT_DEFINITION('','',#16472,#16423);
#16375=PRODUCT_DEFINITION('','',#16473,#16424);
#16376=PRODUCT_DEFINITION('','',#16474,#16425);
#16377=PRODUCT_DEFINITION('','',#16475,#16426);
#16378=PRODUCT_DEFINITION('','',#16476,#16427);
#16379=PRODUCT_DEFINITION('','',#16477,#16428);
#16380=PRODUCT_DEFINITION('','',#16478,#16429);
#16381=PRODUCT_DEFINITION('','',#16479,#16430);
#16382=PRODUCT_DEFINITION('','',#16480,#16431);
#16383=PRODUCT_DEFINITION('','',#16481,#16432);
#16384=PRODUCT_DEFINITION('','',#16482,#16433);
#16385=PRODUCT_DEFINITION('','',#16483,#16434);
#16386=PRODUCT_DEFINITION('','',#16484,#16435);
#16387=PRODUCT_DEFINITION('','',#16485,#16436);
#16388=PRODUCT_DEFINITION('','',#16486,#16437);
#16389=PRODUCT_DEFINITION('','',#16487,#16438);
#16390=PRODUCT_DEFINITION('','',#16488,#16439);
#16391=PRODUCT_DEFINITION('','',#16489,#16440);
#16392=PRODUCT_DEFINITION('','',#16490,#16441);
#16393=PRODUCT_DEFINITION('','',#16491,#16442);
#16394=PRODUCT_DEFINITION('','',#16492,#16443);
#16395=PRODUCT_DEFINITION('','',#16493,#16444);
#16396=PRODUCT_DEFINITION('','',#16494,#16445);
#16397=PRODUCT_DEFINITION('','',#16495,#16446);
#16398=PRODUCT_DEFINITION('','',#16496,#16447);
#16399=PRODUCT_DEFINITION('','',#16497,#16448);
#16400=PRODUCT_DEFINITION('','',#16498,#16449);
#16401=PRODUCT_DEFINITION('','',#16499,#16450);
#16402=PRODUCT_DEFINITION('','',#16500,#16451);
#16403=PRODUCT_DEFINITION('','',#16501,#16452);
#16404=PRODUCT_DEFINITION('','',#16502,#16453);
#16405=PRODUCT_DEFINITION('','',#16503,#16454);
#16406=PRODUCT_DEFINITION('','',#16504,#16455);
#16407=PRODUCT_DEFINITION('','',#16505,#16456);
#16408=PRODUCT_DEFINITION('','',#16506,#16457);
#16409=PRODUCT_DEFINITION('','',#16507,#16458);
#16410=PRODUCT_DEFINITION('','',#16508,#16459);
#16411=PRODUCT_DEFINITION('','',#16509,#16460);
#16412=PRODUCT_DEFINITION('','',#16510,#16461);
#16413=PRODUCT_DEFINITION('','',#16511,#16462);
#16414=PRODUCT_DEFINITION('','',#16512,#16463);
#16415=PRODUCT_DEFINITION_CONTEXT('',#16758,'design');
#16416=PRODUCT_DEFINITION_CONTEXT('',#16759,'design');
#16417=PRODUCT_DEFINITION_CONTEXT('',#16760,'design');
#16418=PRODUCT_DEFINITION_CONTEXT('',#16761,'design');
#16419=PRODUCT_DEFINITION_CONTEXT('',#16762,'design');
#16420=PRODUCT_DEFINITION_CONTEXT('',#16763,'design');
#16421=PRODUCT_DEFINITION_CONTEXT('',#16764,'design');
#16422=PRODUCT_DEFINITION_CONTEXT('',#16765,'design');
#16423=PRODUCT_DEFINITION_CONTEXT('',#16766,'design');
#16424=PRODUCT_DEFINITION_CONTEXT('',#16767,'design');
#16425=PRODUCT_DEFINITION_CONTEXT('',#16768,'design');
#16426=PRODUCT_DEFINITION_CONTEXT('',#16769,'design');
#16427=PRODUCT_DEFINITION_CONTEXT('',#16770,'design');
#16428=PRODUCT_DEFINITION_CONTEXT('',#16771,'design');
#16429=PRODUCT_DEFINITION_CONTEXT('',#16772,'design');
#16430=PRODUCT_DEFINITION_CONTEXT('',#16773,'design');
#16431=PRODUCT_DEFINITION_CONTEXT('',#16774,'design');
#16432=PRODUCT_DEFINITION_CONTEXT('',#16775,'design');
#16433=PRODUCT_DEFINITION_CONTEXT('',#16776,'design');
#16434=PRODUCT_DEFINITION_CONTEXT('',#16777,'design');
#16435=PRODUCT_DEFINITION_CONTEXT('',#16778,'design');
#16436=PRODUCT_DEFINITION_CONTEXT('',#16779,'design');
#16437=PRODUCT_DEFINITION_CONTEXT('',#16780,'design');
#16438=PRODUCT_DEFINITION_CONTEXT('',#16781,'design');
#16439=PRODUCT_DEFINITION_CONTEXT('',#16782,'design');
#16440=PRODUCT_DEFINITION_CONTEXT('',#16783,'design');
#16441=PRODUCT_DEFINITION_CONTEXT('',#16784,'design');
#16442=PRODUCT_DEFINITION_CONTEXT('',#16785,'design');
#16443=PRODUCT_DEFINITION_CONTEXT('',#16786,'design');
#16444=PRODUCT_DEFINITION_CONTEXT('',#16787,'design');
#16445=PRODUCT_DEFINITION_CONTEXT('',#16788,'design');
#16446=PRODUCT_DEFINITION_CONTEXT('',#16789,'design');
#16447=PRODUCT_DEFINITION_CONTEXT('',#16790,'design');
#16448=PRODUCT_DEFINITION_CONTEXT('',#16791,'design');
#16449=PRODUCT_DEFINITION_CONTEXT('',#16792,'design');
#16450=PRODUCT_DEFINITION_CONTEXT('',#16793,'design');
#16451=PRODUCT_DEFINITION_CONTEXT('',#16794,'design');
#16452=PRODUCT_DEFINITION_CONTEXT('',#16795,'design');
#16453=PRODUCT_DEFINITION_CONTEXT('',#16796,'design');
#16454=PRODUCT_DEFINITION_CONTEXT('',#16797,'design');
#16455=PRODUCT_DEFINITION_CONTEXT('',#16798,'design');
#16456=PRODUCT_DEFINITION_CONTEXT('',#16799,'design');
#16457=PRODUCT_DEFINITION_CONTEXT('',#16800,'design');
#16458=PRODUCT_DEFINITION_CONTEXT('',#16801,'design');
#16459=PRODUCT_DEFINITION_CONTEXT('',#16802,'design');
#16460=PRODUCT_DEFINITION_CONTEXT('',#16803,'design');
#16461=PRODUCT_DEFINITION_CONTEXT('',#16804,'design');
#16462=PRODUCT_DEFINITION_CONTEXT('',#16805,'design');
#16463=PRODUCT_DEFINITION_CONTEXT('',#16806,'design');
#16464=PRODUCT_DEFINITION_FORMATION_WITH_SPECIFIED_SOURCE('','',#16562,
 .NOT_KNOWN.);
#16465=PRODUCT_DEFINITION_FORMATION_WITH_SPECIFIED_SOURCE('','',#16563,
 .NOT_KNOWN.);
#16466=PRODUCT_DEFINITION_FORMATION_WITH_SPECIFIED_SOURCE('','',#16564,
 .NOT_KNOWN.);
#16467=PRODUCT_DEFINITION_FORMATION_WITH_SPECIFIED_SOURCE('','',#16565,
 .NOT_KNOWN.);
#16468=PRODUCT_DEFINITION_FORMATION_WITH_SPECIFIED_SOURCE('','',#16566,
 .NOT_KNOWN.);
#16469=PRODUCT_DEFINITION_FORMATION_WITH_SPECIFIED_SOURCE('','',#16567,
 .NOT_KNOWN.);
#16470=PRODUCT_DEFINITION_FORMATION_WITH_SPECIFIED_SOURCE('','',#16568,
 .NOT_KNOWN.);
#16471=PRODUCT_DEFINITION_FORMATION_WITH_SPECIFIED_SOURCE('','',#16569,
 .NOT_KNOWN.);
#16472=PRODUCT_DEFINITION_FORMATION_WITH_SPECIFIED_SOURCE('','',#16570,
 .NOT_KNOWN.);
#16473=PRODUCT_DEFINITION_FORMATION_WITH_SPECIFIED_SOURCE('','',#16571,
 .NOT_KNOWN.);
#16474=PRODUCT_DEFINITION_FORMATION_WITH_SPECIFIED_SOURCE('','',#16572,
 .NOT_KNOWN.);
#16475=PRODUCT_DEFINITION_FORMATION_WITH_SPECIFIED_SOURCE('','',#16573,
 .NOT_KNOWN.);
#16476=PRODUCT_DEFINITION_FORMATION_WITH_SPECIFIED_SOURCE('','',#16574,
 .NOT_KNOWN.);
#16477=PRODUCT_DEFINITION_FORMATION_WITH_SPECIFIED_SOURCE('','',#16575,
 .NOT_KNOWN.);
#16478=PRODUCT_DEFINITION_FORMATION_WITH_SPECIFIED_SOURCE('','',#16576,
 .NOT_KNOWN.);
#16479=PRODUCT_DEFINITION_FORMATION_WITH_SPECIFIED_SOURCE('','',#16577,
 .NOT_KNOWN.);
#16480=PRODUCT_DEFINITION_FORMATION_WITH_SPECIFIED_SOURCE('','',#16578,
 .NOT_KNOWN.);
#16481=PRODUCT_DEFINITION_FORMATION_WITH_SPECIFIED_SOURCE('','',#16579,
 .NOT_KNOWN.);
#16482=PRODUCT_DEFINITION_FORMATION_WITH_SPECIFIED_SOURCE('','',#16580,
 .NOT_KNOWN.);
#16483=PRODUCT_DEFINITION_FORMATION_WITH_SPECIFIED_SOURCE('','',#16581,
 .NOT_KNOWN.);
#16484=PRODUCT_DEFINITION_FORMATION_WITH_SPECIFIED_SOURCE('','',#16582,
 .NOT_KNOWN.);
#16485=PRODUCT_DEFINITION_FORMATION_WITH_SPECIFIED_SOURCE('','',#16583,
 .NOT_KNOWN.);
#16486=PRODUCT_DEFINITION_FORMATION_WITH_SPECIFIED_SOURCE('','',#16584,
 .NOT_KNOWN.);
#16487=PRODUCT_DEFINITION_FORMATION_WITH_SPECIFIED_SOURCE('','',#16585,
 .NOT_KNOWN.);
#16488=PRODUCT_DEFINITION_FORMATION_WITH_SPECIFIED_SOURCE('','',#16586,
 .NOT_KNOWN.);
#16489=PRODUCT_DEFINITION_FORMATION_WITH_SPECIFIED_SOURCE('','',#16587,
 .NOT_KNOWN.);
#16490=PRODUCT_DEFINITION_FORMATION_WITH_SPECIFIED_SOURCE('','',#16588,
 .NOT_KNOWN.);
#16491=PRODUCT_DEFINITION_FORMATION_WITH_SPECIFIED_SOURCE('','',#16589,
 .NOT_KNOWN.);
#16492=PRODUCT_DEFINITION_FORMATION_WITH_SPECIFIED_SOURCE('','',#16590,
 .NOT_KNOWN.);
#16493=PRODUCT_DEFINITION_FORMATION_WITH_SPECIFIED_SOURCE('','',#16591,
 .NOT_KNOWN.);
#16494=PRODUCT_DEFINITION_FORMATION_WITH_SPECIFIED_SOURCE('','',#16592,
 .NOT_KNOWN.);
#16495=PRODUCT_DEFINITION_FORMATION_WITH_SPECIFIED_SOURCE('','',#16593,
 .NOT_KNOWN.);
#16496=PRODUCT_DEFINITION_FORMATION_WITH_SPECIFIED_SOURCE('','',#16594,
 .NOT_KNOWN.);
#16497=PRODUCT_DEFINITION_FORMATION_WITH_SPECIFIED_SOURCE('','',#16595,
 .NOT_KNOWN.);
#16498=PRODUCT_DEFINITION_FORMATION_WITH_SPECIFIED_SOURCE('','',#16596,
 .NOT_KNOWN.);
#16499=PRODUCT_DEFINITION_FORMATION_WITH_SPECIFIED_SOURCE('','',#16597,
 .NOT_KNOWN.);
#16500=PRODUCT_DEFINITION_FORMATION_WITH_SPECIFIED_SOURCE('','',#16598,
 .NOT_KNOWN.);
#16501=PRODUCT_DEFINITION_FORMATION_WITH_SPECIFIED_SOURCE('','',#16599,
 .NOT_KNOWN.);
#16502=PRODUCT_DEFINITION_FORMATION_WITH_SPECIFIED_SOURCE('','',#16600,
 .NOT_KNOWN.);
#16503=PRODUCT_DEFINITION_FORMATION_WITH_SPECIFIED_SOURCE('','',#16601,
 .NOT_KNOWN.);
#16504=PRODUCT_DEFINITION_FORMATION_WITH_SPECIFIED_SOURCE('','',#16602,
 .NOT_KNOWN.);
#16505=PRODUCT_DEFINITION_FORMATION_WITH_SPECIFIED_SOURCE('','',#16603,
 .NOT_KNOWN.);
#16506=PRODUCT_DEFINITION_FORMATION_WITH_SPECIFIED_SOURCE('','',#16604,
 .NOT_KNOWN.);
#16507=PRODUCT_DEFINITION_FORMATION_WITH_SPECIFIED_SOURCE('','',#16605,
 .NOT_KNOWN.);
#16508=PRODUCT_DEFINITION_FORMATION_WITH_SPECIFIED_SOURCE('','',#16606,
 .NOT_KNOWN.);
#16509=PRODUCT_DEFINITION_FORMATION_WITH_SPECIFIED_SOURCE('','',#16607,
 .NOT_KNOWN.);
#16510=PRODUCT_DEFINITION_FORMATION_WITH_SPECIFIED_SOURCE('','',#16608,
 .NOT_KNOWN.);
#16511=PRODUCT_DEFINITION_FORMATION_WITH_SPECIFIED_SOURCE('','',#16609,
 .NOT_KNOWN.);
#16512=PRODUCT_DEFINITION_FORMATION_WITH_SPECIFIED_SOURCE('','',#16610,
 .NOT_KNOWN.);
#16513=PRODUCT_RELATED_PRODUCT_CATEGORY('','',(#16562));
#16514=PRODUCT_RELATED_PRODUCT_CATEGORY('','',(#16563));
#16515=PRODUCT_RELATED_PRODUCT_CATEGORY('','',(#16564));
#16516=PRODUCT_RELATED_PRODUCT_CATEGORY('','',(#16565));
#16517=PRODUCT_RELATED_PRODUCT_CATEGORY('','',(#16566));
#16518=PRODUCT_RELATED_PRODUCT_CATEGORY('','',(#16567));
#16519=PRODUCT_RELATED_PRODUCT_CATEGORY('','',(#16568));
#16520=PRODUCT_RELATED_PRODUCT_CATEGORY('','',(#16569));
#16521=PRODUCT_RELATED_PRODUCT_CATEGORY('','',(#16570));
#16522=PRODUCT_RELATED_PRODUCT_CATEGORY('','',(#16571));
#16523=PRODUCT_RELATED_PRODUCT_CATEGORY('','',(#16572));
#16524=PRODUCT_RELATED_PRODUCT_CATEGORY('','',(#16573));
#16525=PRODUCT_RELATED_PRODUCT_CATEGORY('','',(#16574));
#16526=PRODUCT_RELATED_PRODUCT_CATEGORY('','',(#16575));
#16527=PRODUCT_RELATED_PRODUCT_CATEGORY('','',(#16576));
#16528=PRODUCT_RELATED_PRODUCT_CATEGORY('','',(#16577));
#16529=PRODUCT_RELATED_PRODUCT_CATEGORY('','',(#16578));
#16530=PRODUCT_RELATED_PRODUCT_CATEGORY('','',(#16579));
#16531=PRODUCT_RELATED_PRODUCT_CATEGORY('','',(#16580));
#16532=PRODUCT_RELATED_PRODUCT_CATEGORY('','',(#16581));
#16533=PRODUCT_RELATED_PRODUCT_CATEGORY('','',(#16582));
#16534=PRODUCT_RELATED_PRODUCT_CATEGORY('','',(#16583));
#16535=PRODUCT_RELATED_PRODUCT_CATEGORY('','',(#16584));
#16536=PRODUCT_RELATED_PRODUCT_CATEGORY('','',(#16585));
#16537=PRODUCT_RELATED_PRODUCT_CATEGORY('','',(#16586));
#16538=PRODUCT_RELATED_PRODUCT_CATEGORY('','',(#16587));
#16539=PRODUCT_RELATED_PRODUCT_CATEGORY('','',(#16588));
#16540=PRODUCT_RELATED_PRODUCT_CATEGORY('','',(#16589));
#16541=PRODUCT_RELATED_PRODUCT_CATEGORY('','',(#16590));
#16542=PRODUCT_RELATED_PRODUCT_CATEGORY('','',(#16591));
#16543=PRODUCT_RELATED_PRODUCT_CATEGORY('','',(#16592));
#16544=PRODUCT_RELATED_PRODUCT_CATEGORY('','',(#16593));
#16545=PRODUCT_RELATED_PRODUCT_CATEGORY('','',(#16594));
#16546=PRODUCT_RELATED_PRODUCT_CATEGORY('','',(#16595));
#16547=PRODUCT_RELATED_PRODUCT_CATEGORY('','',(#16596));
#16548=PRODUCT_RELATED_PRODUCT_CATEGORY('','',(#16597));
#16549=PRODUCT_RELATED_PRODUCT_CATEGORY('','',(#16598));
#16550=PRODUCT_RELATED_PRODUCT_CATEGORY('','',(#16599));
#16551=PRODUCT_RELATED_PRODUCT_CATEGORY('','',(#16600));
#16552=PRODUCT_RELATED_PRODUCT_CATEGORY('','',(#16601));
#16553=PRODUCT_RELATED_PRODUCT_CATEGORY('','',(#16602));
#16554=PRODUCT_RELATED_PRODUCT_CATEGORY('','',(#16603));
#16555=PRODUCT_RELATED_PRODUCT_CATEGORY('','',(#16604));
#16556=PRODUCT_RELATED_PRODUCT_CATEGORY('','',(#16605));
#16557=PRODUCT_RELATED_PRODUCT_CATEGORY('','',(#16606));
#16558=PRODUCT_RELATED_PRODUCT_CATEGORY('','',(#16607));
#16559=PRODUCT_RELATED_PRODUCT_CATEGORY('','',(#16608));
#16560=PRODUCT_RELATED_PRODUCT_CATEGORY('','',(#16609));
#16561=PRODUCT_RELATED_PRODUCT_CATEGORY('','',(#16610));
#16562=PRODUCT('Boss-Extrude4[26]','Boss-Extrude4[26]',
'Boss-Extrude4[26]',(#16660));
#16563=PRODUCT('Boss-Extrude4[25]','Boss-Extrude4[25]',
'Boss-Extrude4[25]',(#16661));
#16564=PRODUCT('Boss-Extrude4[42]','Boss-Extrude4[42]',
'Boss-Extrude4[42]',(#16662));
#16565=PRODUCT('Boss-Extrude4[24]','Boss-Extrude4[24]',
'Boss-Extrude4[24]',(#16663));
#16566=PRODUCT('Cut-Extrude1','Cut-Extrude1','Cut-Extrude1',(#16664));
#16567=PRODUCT('Boss-Extrude4[41]','Boss-Extrude4[41]',
'Boss-Extrude4[41]',(#16665));
#16568=PRODUCT('Boss-Extrude4[23]','Boss-Extrude4[23]',
'Boss-Extrude4[23]',(#16666));
#16569=PRODUCT('Boss-Extrude3','Boss-Extrude3','Boss-Extrude3',(#16667));
#16570=PRODUCT('Boss-Extrude4[40]','Boss-Extrude4[40]',
'Boss-Extrude4[40]',(#16668));
#16571=PRODUCT('Boss-Extrude4[22]','Boss-Extrude4[22]',
'Boss-Extrude4[22]',(#16669));
#16572=PRODUCT('Cut-Extrude2','Cut-Extrude2','Cut-Extrude2',(#16670));
#16573=PRODUCT('Boss-Extrude4[39]','Boss-Extrude4[39]',
'Boss-Extrude4[39]',(#16671));
#16574=PRODUCT('Boss-Extrude4[21]','Boss-Extrude4[21]',
'Boss-Extrude4[21]',(#16672));
#16575=PRODUCT('Boss-Extrude4[1]','Boss-Extrude4[1]','Boss-Extrude4[1]',
(#16673));
#16576=PRODUCT('Boss-Extrude4[38]','Boss-Extrude4[38]',
'Boss-Extrude4[38]',(#16674));
#16577=PRODUCT('Boss-Extrude4[20]','Boss-Extrude4[20]',
'Boss-Extrude4[20]',(#16675));
#16578=PRODUCT('Boss-Extrude4[2]','Boss-Extrude4[2]','Boss-Extrude4[2]',
(#16676));
#16579=PRODUCT('Boss-Extrude4[37]','Boss-Extrude4[37]',
'Boss-Extrude4[37]',(#16677));
#16580=PRODUCT('Boss-Extrude4[3]','Boss-Extrude4[3]','Boss-Extrude4[3]',
(#16678));
#16581=PRODUCT('Boss-Extrude4[36]','Boss-Extrude4[36]',
'Boss-Extrude4[36]',(#16679));
#16582=PRODUCT('Boss-Extrude4[44]','Boss-Extrude4[44]',
'Boss-Extrude4[44]',(#16680));
#16583=PRODUCT('Boss-Extrude4[28]','Boss-Extrude4[28]',
'Boss-Extrude4[28]',(#16681));
#16584=PRODUCT('Boss-Extrude4[35]','Boss-Extrude4[35]',
'Boss-Extrude4[35]',(#16682));
#16585=PRODUCT('Boss-Extrude4[19]','Boss-Extrude4[19]',
'Boss-Extrude4[19]',(#16683));
#16586=PRODUCT('Boss-Extrude4[4]','Boss-Extrude4[4]','Boss-Extrude4[4]',
(#16684));
#16587=PRODUCT('Boss-Extrude4[43]','Boss-Extrude4[43]',
'Boss-Extrude4[43]',(#16685));
#16588=PRODUCT('Boss-Extrude4[27]','Boss-Extrude4[27]',
'Boss-Extrude4[27]',(#16686));
#16589=PRODUCT('Boss-Extrude4[34]','Boss-Extrude4[34]',
'Boss-Extrude4[34]',(#16687));
#16590=PRODUCT('Boss-Extrude4[18]','Boss-Extrude4[18]',
'Boss-Extrude4[18]',(#16688));
#16591=PRODUCT('Boss-Extrude4[5]','Boss-Extrude4[5]','Boss-Extrude4[5]',
(#16689));
#16592=PRODUCT('Boss-Extrude4[45]','Boss-Extrude4[45]',
'Boss-Extrude4[45]',(#16690));
#16593=PRODUCT('Boss-Extrude4[29]','Boss-Extrude4[29]',
'Boss-Extrude4[29]',(#16691));
#16594=PRODUCT('Boss-Extrude4[33]','Boss-Extrude4[33]',
'Boss-Extrude4[33]',(#16692));
#16595=PRODUCT('Boss-Extrude4[17]','Boss-Extrude4[17]',
'Boss-Extrude4[17]',(#16693));
#16596=PRODUCT('Boss-Extrude4[6]','Boss-Extrude4[6]','Boss-Extrude4[6]',
(#16694));
#16597=PRODUCT('Boss-Extrude4[32]','Boss-Extrude4[32]',
'Boss-Extrude4[32]',(#16695));
#16598=PRODUCT('Boss-Extrude4[16]','Boss-Extrude4[16]',
'Boss-Extrude4[16]',(#16696));
#16599=PRODUCT('Boss-Extrude4[7]','Boss-Extrude4[7]','Boss-Extrude4[7]',
(#16697));
#16600=PRODUCT('Boss-Extrude4[31]','Boss-Extrude4[31]',
'Boss-Extrude4[31]',(#16698));
#16601=PRODUCT('Boss-Extrude4[15]','Boss-Extrude4[15]',
'Boss-Extrude4[15]',(#16699));
#16602=PRODUCT('Boss-Extrude4[8]','Boss-Extrude4[8]','Boss-Extrude4[8]',
(#16700));
#16603=PRODUCT('Boss-Extrude4[46]','Boss-Extrude4[46]',
'Boss-Extrude4[46]',(#16701));
#16604=PRODUCT('Boss-Extrude4[30]','Boss-Extrude4[30]',
'Boss-Extrude4[30]',(#16702));
#16605=PRODUCT('Boss-Extrude4[14]','Boss-Extrude4[14]',
'Boss-Extrude4[14]',(#16703));
#16606=PRODUCT('Boss-Extrude4[9]','Boss-Extrude4[9]','Boss-Extrude4[9]',
(#16704));
#16607=PRODUCT('Boss-Extrude4[10]','Boss-Extrude4[10]',
'Boss-Extrude4[10]',(#16705));
#16608=PRODUCT('Boss-Extrude4[13]','Boss-Extrude4[13]',
'Boss-Extrude4[13]',(#16706));
#16609=PRODUCT('Boss-Extrude4[11]','Boss-Extrude4[11]',
'Boss-Extrude4[11]',(#16707));
#16610=PRODUCT('Boss-Extrude4[12]','Boss-Extrude4[12]',
'Boss-Extrude4[12]',(#16708));
#16611=PRODUCT_CATEGORY('','');
#16612=PRODUCT_CATEGORY('','');
#16613=PRODUCT_CATEGORY('','');
#16614=PRODUCT_CATEGORY('','');
#16615=PRODUCT_CATEGORY('','');
#16616=PRODUCT_CATEGORY('','');
#16617=PRODUCT_CATEGORY('','');
#16618=PRODUCT_CATEGORY('','');
#16619=PRODUCT_CATEGORY('','');
#16620=PRODUCT_CATEGORY('','');
#16621=PRODUCT_CATEGORY('','');
#16622=PRODUCT_CATEGORY('','');
#16623=PRODUCT_CATEGORY('','');
#16624=PRODUCT_CATEGORY('','');
#16625=PRODUCT_CATEGORY('','');
#16626=PRODUCT_CATEGORY('','');
#16627=PRODUCT_CATEGORY('','');
#16628=PRODUCT_CATEGORY('','');
#16629=PRODUCT_CATEGORY('','');
#16630=PRODUCT_CATEGORY('','');
#16631=PRODUCT_CATEGORY('','');
#16632=PRODUCT_CATEGORY('','');
#16633=PRODUCT_CATEGORY('','');
#16634=PRODUCT_CATEGORY('','');
#16635=PRODUCT_CATEGORY('','');
#16636=PRODUCT_CATEGORY('','');
#16637=PRODUCT_CATEGORY('','');
#16638=PRODUCT_CATEGORY('','');
#16639=PRODUCT_CATEGORY('','');
#16640=PRODUCT_CATEGORY('','');
#16641=PRODUCT_CATEGORY('','');
#16642=PRODUCT_CATEGORY('','');
#16643=PRODUCT_CATEGORY('','');
#16644=PRODUCT_CATEGORY('','');
#16645=PRODUCT_CATEGORY('','');
#16646=PRODUCT_CATEGORY('','');
#16647=PRODUCT_CATEGORY('','');
#16648=PRODUCT_CATEGORY('','');
#16649=PRODUCT_CATEGORY('','');
#16650=PRODUCT_CATEGORY('','');
#16651=PRODUCT_CATEGORY('','');
#16652=PRODUCT_CATEGORY('','');
#16653=PRODUCT_CATEGORY('','');
#16654=PRODUCT_CATEGORY('','');
#16655=PRODUCT_CATEGORY('','');
#16656=PRODUCT_CATEGORY('','');
#16657=PRODUCT_CATEGORY('','');
#16658=PRODUCT_CATEGORY('','');
#16659=PRODUCT_CATEGORY('','');
#16660=PRODUCT_CONTEXT('',#16758,'mechanical');
#16661=PRODUCT_CONTEXT('',#16759,'mechanical');
#16662=PRODUCT_CONTEXT('',#16760,'mechanical');
#16663=PRODUCT_CONTEXT('',#16761,'mechanical');
#16664=PRODUCT_CONTEXT('',#16762,'mechanical');
#16665=PRODUCT_CONTEXT('',#16763,'mechanical');
#16666=PRODUCT_CONTEXT('',#16764,'mechanical');
#16667=PRODUCT_CONTEXT('',#16765,'mechanical');
#16668=PRODUCT_CONTEXT('',#16766,'mechanical');
#16669=PRODUCT_CONTEXT('',#16767,'mechanical');
#16670=PRODUCT_CONTEXT('',#16768,'mechanical');
#16671=PRODUCT_CONTEXT('',#16769,'mechanical');
#16672=PRODUCT_CONTEXT('',#16770,'mechanical');
#16673=PRODUCT_CONTEXT('',#16771,'mechanical');
#16674=PRODUCT_CONTEXT('',#16772,'mechanical');
#16675=PRODUCT_CONTEXT('',#16773,'mechanical');
#16676=PRODUCT_CONTEXT('',#16774,'mechanical');
#16677=PRODUCT_CONTEXT('',#16775,'mechanical');
#16678=PRODUCT_CONTEXT('',#16776,'mechanical');
#16679=PRODUCT_CONTEXT('',#16777,'mechanical');
#16680=PRODUCT_CONTEXT('',#16778,'mechanical');
#16681=PRODUCT_CONTEXT('',#16779,'mechanical');
#16682=PRODUCT_CONTEXT('',#16780,'mechanical');
#16683=PRODUCT_CONTEXT('',#16781,'mechanical');
#16684=PRODUCT_CONTEXT('',#16782,'mechanical');
#16685=PRODUCT_CONTEXT('',#16783,'mechanical');
#16686=PRODUCT_CONTEXT('',#16784,'mechanical');
#16687=PRODUCT_CONTEXT('',#16785,'mechanical');
#16688=PRODUCT_CONTEXT('',#16786,'mechanical');
#16689=PRODUCT_CONTEXT('',#16787,'mechanical');
#16690=PRODUCT_CONTEXT('',#16788,'mechanical');
#16691=PRODUCT_CONTEXT('',#16789,'mechanical');
#16692=PRODUCT_CONTEXT('',#16790,'mechanical');
#16693=PRODUCT_CONTEXT('',#16791,'mechanical');
#16694=PRODUCT_CONTEXT('',#16792,'mechanical');
#16695=PRODUCT_CONTEXT('',#16793,'mechanical');
#16696=PRODUCT_CONTEXT('',#16794,'mechanical');
#16697=PRODUCT_CONTEXT('',#16795,'mechanical');
#16698=PRODUCT_CONTEXT('',#16796,'mechanical');
#16699=PRODUCT_CONTEXT('',#16797,'mechanical');
#16700=PRODUCT_CONTEXT('',#16798,'mechanical');
#16701=PRODUCT_CONTEXT('',#16799,'mechanical');
#16702=PRODUCT_CONTEXT('',#16800,'mechanical');
#16703=PRODUCT_CONTEXT('',#16801,'mechanical');
#16704=PRODUCT_CONTEXT('',#16802,'mechanical');
#16705=PRODUCT_CONTEXT('',#16803,'mechanical');
#16706=PRODUCT_CONTEXT('',#16804,'mechanical');
#16707=PRODUCT_CONTEXT('',#16805,'mechanical');
#16708=PRODUCT_CONTEXT('',#16806,'mechanical');
#16709=APPLICATION_PROTOCOL_DEFINITION('international standard',
'ap242_managed_model_based_3d_engineering',2020,#16758);
#16710=APPLICATION_PROTOCOL_DEFINITION('international standard',
'ap242_managed_model_based_3d_engineering',2020,#16759);
#16711=APPLICATION_PROTOCOL_DEFINITION('international standard',
'ap242_managed_model_based_3d_engineering',2020,#16760);
#16712=APPLICATION_PROTOCOL_DEFINITION('international standard',
'ap242_managed_model_based_3d_engineering',2020,#16761);
#16713=APPLICATION_PROTOCOL_DEFINITION('international standard',
'ap242_managed_model_based_3d_engineering',2020,#16762);
#16714=APPLICATION_PROTOCOL_DEFINITION('international standard',
'ap242_managed_model_based_3d_engineering',2020,#16763);
#16715=APPLICATION_PROTOCOL_DEFINITION('international standard',
'ap242_managed_model_based_3d_engineering',2020,#16764);
#16716=APPLICATION_PROTOCOL_DEFINITION('international standard',
'ap242_managed_model_based_3d_engineering',2020,#16765);
#16717=APPLICATION_PROTOCOL_DEFINITION('international standard',
'ap242_managed_model_based_3d_engineering',2020,#16766);
#16718=APPLICATION_PROTOCOL_DEFINITION('international standard',
'ap242_managed_model_based_3d_engineering',2020,#16767);
#16719=APPLICATION_PROTOCOL_DEFINITION('international standard',
'ap242_managed_model_based_3d_engineering',2020,#16768);
#16720=APPLICATION_PROTOCOL_DEFINITION('international standard',
'ap242_managed_model_based_3d_engineering',2020,#16769);
#16721=APPLICATION_PROTOCOL_DEFINITION('international standard',
'ap242_managed_model_based_3d_engineering',2020,#16770);
#16722=APPLICATION_PROTOCOL_DEFINITION('international standard',
'ap242_managed_model_based_3d_engineering',2020,#16771);
#16723=APPLICATION_PROTOCOL_DEFINITION('international standard',
'ap242_managed_model_based_3d_engineering',2020,#16772);
#16724=APPLICATION_PROTOCOL_DEFINITION('international standard',
'ap242_managed_model_based_3d_engineering',2020,#16773);
#16725=APPLICATION_PROTOCOL_DEFINITION('international standard',
'ap242_managed_model_based_3d_engineering',2020,#16774);
#16726=APPLICATION_PROTOCOL_DEFINITION('international standard',
'ap242_managed_model_based_3d_engineering',2020,#16775);
#16727=APPLICATION_PROTOCOL_DEFINITION('international standard',
'ap242_managed_model_based_3d_engineering',2020,#16776);
#16728=APPLICATION_PROTOCOL_DEFINITION('international standard',
'ap242_managed_model_based_3d_engineering',2020,#16777);
#16729=APPLICATION_PROTOCOL_DEFINITION('international standard',
'ap242_managed_model_based_3d_engineering',2020,#16778);
#16730=APPLICATION_PROTOCOL_DEFINITION('international standard',
'ap242_managed_model_based_3d_engineering',2020,#16779);
#16731=APPLICATION_PROTOCOL_DEFINITION('international standard',
'ap242_managed_model_based_3d_engineering',2020,#16780);
#16732=APPLICATION_PROTOCOL_DEFINITION('international standard',
'ap242_managed_model_based_3d_engineering',2020,#16781);
#16733=APPLICATION_PROTOCOL_DEFINITION('international standard',
'ap242_managed_model_based_3d_engineering',2020,#16782);
#16734=APPLICATION_PROTOCOL_DEFINITION('international standard',
'ap242_managed_model_based_3d_engineering',2020,#16783);
#16735=APPLICATION_PROTOCOL_DEFINITION('international standard',
'ap242_managed_model_based_3d_engineering',2020,#16784);
#16736=APPLICATION_PROTOCOL_DEFINITION('international standard',
'ap242_managed_model_based_3d_engineering',2020,#16785);
#16737=APPLICATION_PROTOCOL_DEFINITION('international standard',
'ap242_managed_model_based_3d_engineering',2020,#16786);
#16738=APPLICATION_PROTOCOL_DEFINITION('international standard',
'ap242_managed_model_based_3d_engineering',2020,#16787);
#16739=APPLICATION_PROTOCOL_DEFINITION('international standard',
'ap242_managed_model_based_3d_engineering',2020,#16788);
#16740=APPLICATION_PROTOCOL_DEFINITION('international standard',
'ap242_managed_model_based_3d_engineering',2020,#16789);
#16741=APPLICATION_PROTOCOL_DEFINITION('international standard',
'ap242_managed_model_based_3d_engineering',2020,#16790);
#16742=APPLICATION_PROTOCOL_DEFINITION('international standard',
'ap242_managed_model_based_3d_engineering',2020,#16791);
#16743=APPLICATION_PROTOCOL_DEFINITION('international standard',
'ap242_managed_model_based_3d_engineering',2020,#16792);
#16744=APPLICATION_PROTOCOL_DEFINITION('international standard',
'ap242_managed_model_based_3d_engineering',2020,#16793);
#16745=APPLICATION_PROTOCOL_DEFINITION('international standard',
'ap242_managed_model_based_3d_engineering',2020,#16794);
#16746=APPLICATION_PROTOCOL_DEFINITION('international standard',
'ap242_managed_model_based_3d_engineering',2020,#16795);
#16747=APPLICATION_PROTOCOL_DEFINITION('international standard',
'ap242_managed_model_based_3d_engineering',2020,#16796);
#16748=APPLICATION_PROTOCOL_DEFINITION('international standard',
'ap242_managed_model_based_3d_engineering',2020,#16797);
#16749=APPLICATION_PROTOCOL_DEFINITION('international standard',
'ap242_managed_model_based_3d_engineering',2020,#16798);
#16750=APPLICATION_PROTOCOL_DEFINITION('international standard',
'ap242_managed_model_based_3d_engineering',2020,#16799);
#16751=APPLICATION_PROTOCOL_DEFINITION('international standard',
'ap242_managed_model_based_3d_engineering',2020,#16800);
#16752=APPLICATION_PROTOCOL_DEFINITION('international standard',
'ap242_managed_model_based_3d_engineering',2020,#16801);
#16753=APPLICATION_PROTOCOL_DEFINITION('international standard',
'ap242_managed_model_based_3d_engineering',2020,#16802);
#16754=APPLICATION_PROTOCOL_DEFINITION('international standard',
'ap242_managed_model_based_3d_engineering',2020,#16803);
#16755=APPLICATION_PROTOCOL_DEFINITION('international standard',
'ap242_managed_model_based_3d_engineering',2020,#16804);
#16756=APPLICATION_PROTOCOL_DEFINITION('international standard',
'ap242_managed_model_based_3d_engineering',2020,#16805);
#16757=APPLICATION_PROTOCOL_DEFINITION('international standard',
'ap242_managed_model_based_3d_engineering',2020,#16806);
#16758=APPLICATION_CONTEXT('managed model based 3d engineering');
#16759=APPLICATION_CONTEXT('managed model based 3d engineering');
#16760=APPLICATION_CONTEXT('managed model based 3d engineering');
#16761=APPLICATION_CONTEXT('managed model based 3d engineering');
#16762=APPLICATION_CONTEXT('managed model based 3d engineering');
#16763=APPLICATION_CONTEXT('managed model based 3d engineering');
#16764=APPLICATION_CONTEXT('managed model based 3d engineering');
#16765=APPLICATION_CONTEXT('managed model based 3d engineering');
#16766=APPLICATION_CONTEXT('managed model based 3d engineering');
#16767=APPLICATION_CONTEXT('managed model based 3d engineering');
#16768=APPLICATION_CONTEXT('managed model based 3d engineering');
#16769=APPLICATION_CONTEXT('managed model based 3d engineering');
#16770=APPLICATION_CONTEXT('managed model based 3d engineering');
#16771=APPLICATION_CONTEXT('managed model based 3d engineering');
#16772=APPLICATION_CONTEXT('managed model based 3d engineering');
#16773=APPLICATION_CONTEXT('managed model based 3d engineering');
#16774=APPLICATION_CONTEXT('managed model based 3d engineering');
#16775=APPLICATION_CONTEXT('managed model based 3d engineering');
#16776=APPLICATION_CONTEXT('managed model based 3d engineering');
#16777=APPLICATION_CONTEXT('managed model based 3d engineering');
#16778=APPLICATION_CONTEXT('managed model based 3d engineering');
#16779=APPLICATION_CONTEXT('managed model based 3d engineering');
#16780=APPLICATION_CONTEXT('managed model based 3d engineering');
#16781=APPLICATION_CONTEXT('managed model based 3d engineering');
#16782=APPLICATION_CONTEXT('managed model based 3d engineering');
#16783=APPLICATION_CONTEXT('managed model based 3d engineering');
#16784=APPLICATION_CONTEXT('managed model based 3d engineering');
#16785=APPLICATION_CONTEXT('managed model based 3d engineering');
#16786=APPLICATION_CONTEXT('managed model based 3d engineering');
#16787=APPLICATION_CONTEXT('managed model based 3d engineering');
#16788=APPLICATION_CONTEXT('managed model based 3d engineering');
#16789=APPLICATION_CONTEXT('managed model based 3d engineering');
#16790=APPLICATION_CONTEXT('managed model based 3d engineering');
#16791=APPLICATION_CONTEXT('managed model based 3d engineering');
#16792=APPLICATION_CONTEXT('managed model based 3d engineering');
#16793=APPLICATION_CONTEXT('managed model based 3d engineering');
#16794=APPLICATION_CONTEXT('managed model based 3d engineering');
#16795=APPLICATION_CONTEXT('managed model based 3d engineering');
#16796=APPLICATION_CONTEXT('managed model based 3d engineering');
#16797=APPLICATION_CONTEXT('managed model based 3d engineering');
#16798=APPLICATION_CONTEXT('managed model based 3d engineering');
#16799=APPLICATION_CONTEXT('managed model based 3d engineering');
#16800=APPLICATION_CONTEXT('managed model based 3d engineering');
#16801=APPLICATION_CONTEXT('managed model based 3d engineering');
#16802=APPLICATION_CONTEXT('managed model based 3d engineering');
#16803=APPLICATION_CONTEXT('managed model based 3d engineering');
#16804=APPLICATION_CONTEXT('managed model based 3d engineering');
#16805=APPLICATION_CONTEXT('managed model based 3d engineering');
#16806=APPLICATION_CONTEXT('managed model based 3d engineering');
ENDSEC;
END-ISO-10303-21;
